,n_placement,n_step,placed_dev,reward,HPWL,congestion,action,legalized_action
0,0,0,x1_x2_x1,0.0,0.0,0.0,"(607, 260, 90)","(1367.0, 260.0, 90)"
1,0,1,XRSTR_0_x2_x1,-6162.026363791555,5874.5,82671.40987519387,"(607, 260, 90)","(607.0, 260.0, 90)"
2,1,0,XRSTR_0_x2_x1,0.0,0.0,0.0,"(607, 260, 90)","(1367.0, 260.0, 90)"
3,1,1,x1_x2_x1,-4058.114944613816,3907.5,22684.861541022885,"(607, 260, 90)","(607.0, 260.0, 90)"
4,2,0,x1_x2_x1,0.0,0.0,0.0,"(607, 260, 90)","(1367.0, 260.0, 90)"
5,2,1,XRSTR_0_x2_x1,-6162.026363791555,5874.5,82671.40987519387,"(607, 260, 90)","(607.0, 260.0, 90)"
6,3,0,x1_x2_x1,0.0,0.0,0.0,"(607, 260, 90)","(1367.0, 260.0, 90)"
7,3,1,XRSTR_0_x2_x1,-6162.026363791555,5874.5,82671.40987519387,"(607, 260, 90)","(607.0, 260.0, 90)"
8,4,0,XRSTR_0_x2_x1,0.0,0.0,0.0,"(607, 260, 90)","(1367.0, 260.0, 90)"
9,4,1,x1_x2_x1,-4058.114944613816,3907.5,22684.861541022885,"(607, 260, 90)","(607.0, 260.0, 90)"
10,5,0,x1_x2_x1,0.0,0.0,0.0,"(607, 260, 90)","(1367.0, 260.0, 90)"
11,5,1,XRSTR_0_x2_x1,-6162.026363791555,5874.5,82671.40987519387,"(607, 260, 90)","(607.0, 260.0, 90)"
12,6,0,XRSTR_0_x2_x1,0.0,0.0,0.0,"(607, 260, 90)","(1367.0, 260.0, 90)"
13,6,1,x1_x2_x1,-4058.114944613816,3907.5,22684.861541022885,"(607, 260, 90)","(607.0, 260.0, 90)"
14,7,0,x1_x2_x1,0.0,0.0,0.0,"(607, 260, 90)","(1367.0, 260.0, 90)"
15,7,1,XRSTR_0_x2_x1,-6162.026363791555,5874.5,82671.40987519387,"(607, 260, 90)","(607.0, 260.0, 90)"
16,8,0,x1_x2_x1,0.0,0.0,0.0,"(607, 260, 90)","(1367.0, 260.0, 90)"
17,8,1,XRSTR_0_x2_x1,-6162.026363791555,5874.5,82671.40987519387,"(607, 260, 90)","(607.0, 260.0, 90)"
18,9,0,XRSTR_0_x2_x1,0.0,0.0,0.0,"(607, 260, 90)","(1367.0, 260.0, 90)"
19,9,1,x1_x2_x1,-4058.114944613816,3907.5,22684.861541022885,"(607, 260, 90)","(607.0, 260.0, 90)"
20,10,0,x1_x2_x1,0.0,0.0,0.0,"(607, 260, 90)","(1367.0, 260.0, 90)"
21,10,1,XRSTR_0_x2_x1,-6162.026363791555,5874.5,82671.40987519387,"(607, 260, 90)","(607.0, 260.0, 90)"
22,11,0,x1_x2_x1,0.0,0.0,0.0,"(607, 260, 90)","(1367.0, 260.0, 90)"
23,11,1,XRSTR_0_x2_x1,-6162.026363791555,5874.5,82671.40987519387,"(607, 260, 90)","(607.0, 260.0, 90)"
24,12,0,x1_x2_x1,0.0,0.0,0.0,"(607, 260, 90)","(1367.0, 260.0, 90)"
25,12,1,XRSTR_0_x2_x1,-6162.026363791555,5874.5,82671.40987519387,"(607, 260, 90)","(607.0, 260.0, 90)"
26,13,0,XRSTR_0_x2_x1,0.0,0.0,0.0,"(607, 260, 90)","(1367.0, 260.0, 90)"
27,13,1,x1_x2_x1,-4058.114944613816,3907.5,22684.861541022885,"(607, 260, 90)","(607.0, 260.0, 90)"
28,14,0,XRSTR_0_x2_x1,0.0,0.0,0.0,"(607, 260, 90)","(1367.0, 260.0, 90)"
29,14,1,x1_x2_x1,-4058.114944613816,3907.5,22684.861541022885,"(607, 260, 90)","(607.0, 260.0, 90)"
30,15,0,XRSTR_0_x2_x1,0.0,0.0,0.0,"(607, 260, 90)","(1367.0, 260.0, 90)"
31,15,1,x1_x2_x1,-4058.114944613816,3907.5,22684.861541022885,"(607, 260, 90)","(607.0, 260.0, 90)"
32,16,0,x1_x2_x1,0.0,0.0,0.0,"(607, 260, 90)","(1367.0, 260.0, 90)"
33,16,1,XRSTR_0_x2_x1,-6162.026363791555,5874.5,82671.40987519387,"(607, 260, 90)","(607.0, 260.0, 90)"
34,17,0,XRSTR_0_x2_x1,0.0,0.0,0.0,"(607, 260, 90)","(1367.0, 260.0, 90)"
35,17,1,x1_x2_x1,-4058.114944613816,3907.5,22684.861541022885,"(607, 260, 90)","(607.0, 260.0, 90)"
36,18,0,XRSTR_0_x2_x1,0.0,0.0,0.0,"(607, 260, 90)","(1367.0, 260.0, 90)"
37,18,1,x1_x2_x1,-4058.114944613816,3907.5,22684.861541022885,"(607, 260, 90)","(607.0, 260.0, 90)"
38,19,0,x1_x2_x1,0.0,0.0,0.0,"(607, 260, 90)","(1367.0, 260.0, 90)"
39,19,1,XRSTR_0_x2_x1,-6162.026363791555,5874.5,82671.40987519387,"(607, 260, 90)","(607.0, 260.0, 90)"
40,20,0,x1_x2_x1,0.0,0.0,0.0,"(607, 260, 90)","(1367.0, 260.0, 90)"
41,20,1,XRSTR_0_x2_x1,-6162.026363791555,5874.5,82671.40987519387,"(607, 260, 90)","(607.0, 260.0, 90)"
42,21,0,XRSTR_0_x2_x1,0.0,0.0,0.0,"(607, 260, 90)","(1367.0, 260.0, 90)"
43,21,1,x1_x2_x1,-4058.114944613816,3907.5,22684.861541022885,"(607, 260, 90)","(607.0, 260.0, 90)"
44,22,0,x1_x2_x1,0.0,0.0,0.0,"(607, 260, 90)","(1367.0, 260.0, 90)"
45,22,1,XRSTR_0_x2_x1,-6162.026363791555,5874.5,82671.40987519387,"(607, 260, 90)","(607.0, 260.0, 90)"
46,23,0,x1_x2_x1,0.0,0.0,0.0,"(607, 260, 90)","(1367.0, 260.0, 90)"
47,23,1,XRSTR_0_x2_x1,-6162.026363791555,5874.5,82671.40987519387,"(607, 260, 90)","(607.0, 260.0, 90)"
48,24,0,x1_x2_x1,0.0,0.0,0.0,"(607, 260, 90)","(1367.0, 260.0, 90)"
49,24,1,XRSTR_0_x2_x1,-6162.026363791555,5874.5,82671.40987519387,"(607, 260, 90)","(607.0, 260.0, 90)"
50,25,0,x1_x2_x1,0.0,0.0,0.0,"(607, 260, 90)","(1367.0, 260.0, 90)"
51,25,1,XRSTR_0_x2_x1,-6162.026363791555,5874.5,82671.40987519387,"(607, 260, 90)","(607.0, 260.0, 90)"
52,26,0,XRSTR_0_x2_x1,0.0,0.0,0.0,"(607, 260, 90)","(1367.0, 260.0, 90)"
53,26,1,x1_x2_x1,-4058.114944613816,3907.5,22684.861541022885,"(607, 260, 90)","(607.0, 260.0, 90)"
54,27,0,XRSTR_0_x2_x1,0.0,0.0,0.0,"(607, 260, 90)","(1367.0, 260.0, 90)"
55,27,1,x1_x2_x1,-4058.114944613816,3907.5,22684.861541022885,"(607, 260, 90)","(607.0, 260.0, 90)"
56,28,0,x1_x2_x1,0.0,0.0,0.0,"(607, 260, 90)","(1367.0, 260.0, 90)"
57,28,1,XRSTR_0_x2_x1,-6162.026363791555,5874.5,82671.40987519387,"(607, 260, 90)","(607.0, 260.0, 90)"
58,29,0,x1_x2_x1,0.0,0.0,0.0,"(607, 260, 90)","(1367.0, 260.0, 90)"
59,29,1,XRSTR_0_x2_x1,-6162.026363791555,5874.5,82671.40987519387,"(607, 260, 90)","(607.0, 260.0, 90)"
60,30,0,XRSTR_0_x2_x1,0.0,0.0,0.0,"(607, 260, 90)","(1367.0, 260.0, 90)"
61,30,1,x1_x2_x1,-4058.114944613816,3907.5,22684.861541022885,"(607, 260, 90)","(607.0, 260.0, 90)"
62,31,0,XRSTR_0_x2_x1,0.0,0.0,0.0,"(607, 260, 90)","(1367.0, 260.0, 90)"
63,31,1,x1_x2_x1,-4058.114944613816,3907.5,22684.861541022885,"(607, 260, 90)","(607.0, 260.0, 90)"
64,32,0,x1_x2_x1,0.0,0.0,0.0,"(607, 260, 90)","(1367.0, 260.0, 90)"
65,32,1,XRSTR_0_x2_x1,-6162.026363791555,5874.5,82671.40987519387,"(607, 260, 90)","(607.0, 260.0, 90)"
66,33,0,x1_x2_x1,0.0,0.0,0.0,"(607, 260, 90)","(1367.0, 260.0, 90)"
67,33,1,XRSTR_0_x2_x1,-6162.026363791555,5874.5,82671.40987519387,"(607, 260, 90)","(607.0, 260.0, 90)"
68,34,0,XRSTR_0_x2_x1,0.0,0.0,0.0,"(607, 260, 90)","(1367.0, 260.0, 90)"
69,34,1,x1_x2_x1,-4058.114944613816,3907.5,22684.861541022885,"(607, 260, 90)","(607.0, 260.0, 90)"
70,35,0,x1_x2_x1,0.0,0.0,0.0,"(607, 260, 90)","(1367.0, 260.0, 90)"
71,35,1,XRSTR_0_x2_x1,-6162.026363791555,5874.5,82671.40987519387,"(607, 260, 90)","(607.0, 260.0, 90)"
72,36,0,XRSTR_0_x2_x1,0.0,0.0,0.0,"(607, 260, 90)","(1367.0, 260.0, 90)"
73,36,1,x1_x2_x1,-4058.114944613816,3907.5,22684.861541022885,"(607, 260, 90)","(607.0, 260.0, 90)"
74,37,0,XRSTR_0_x2_x1,0.0,0.0,0.0,"(607, 260, 90)","(1367.0, 260.0, 90)"
75,37,1,x1_x2_x1,-4058.114944613816,3907.5,22684.861541022885,"(607, 260, 90)","(607.0, 260.0, 90)"
76,38,0,XRSTR_0_x2_x1,0.0,0.0,0.0,"(607, 260, 90)","(1367.0, 260.0, 90)"
77,38,1,x1_x2_x1,-4058.114944613816,3907.5,22684.861541022885,"(607, 260, 90)","(607.0, 260.0, 90)"
78,39,0,XRSTR_0_x2_x1,0.0,0.0,0.0,"(607, 260, 90)","(1367.0, 260.0, 90)"
79,39,1,x1_x2_x1,-4058.114944613816,3907.5,22684.861541022885,"(607, 260, 90)","(607.0, 260.0, 90)"
80,40,0,XRSTR_0_x2_x1,0.0,0.0,0.0,"(607, 260, 90)","(1367.0, 260.0, 90)"
81,40,1,x1_x2_x1,-4058.114944613816,3907.5,22684.861541022885,"(607, 260, 90)","(607.0, 260.0, 90)"
82,41,0,x1_x2_x1,0.0,0.0,0.0,"(607, 260, 90)","(1367.0, 260.0, 90)"
83,41,1,XRSTR_0_x2_x1,-6162.026363791555,5874.5,82671.40987519387,"(607, 260, 90)","(607.0, 260.0, 90)"
84,42,0,XRSTR_0_x2_x1,0.0,0.0,0.0,"(607, 260, 90)","(1367.0, 260.0, 90)"
85,42,1,x1_x2_x1,-4058.114944613816,3907.5,22684.861541022885,"(607, 260, 90)","(607.0, 260.0, 90)"
86,43,0,XRSTR_0_x2_x1,0.0,0.0,0.0,"(607, 260, 90)","(1367.0, 260.0, 90)"
87,43,1,x1_x2_x1,-4058.114944613816,3907.5,22684.861541022885,"(607, 260, 90)","(607.0, 260.0, 90)"
88,44,0,x1_x2_x1,0.0,0.0,0.0,"(607, 260, 90)","(1367.0, 260.0, 90)"
89,44,1,XRSTR_0_x2_x1,-6162.026363791555,5874.5,82671.40987519387,"(607, 260, 90)","(607.0, 260.0, 90)"
90,45,0,x1_x2_x1,0.0,0.0,0.0,"(607, 260, 90)","(1367.0, 260.0, 90)"
91,45,1,XRSTR_0_x2_x1,-6162.026363791555,5874.5,82671.40987519387,"(607, 260, 90)","(607.0, 260.0, 90)"
92,46,0,XRSTR_0_x2_x1,0.0,0.0,0.0,"(607, 260, 90)","(1367.0, 260.0, 90)"
93,46,1,x1_x2_x1,-4058.114944613816,3907.5,22684.861541022885,"(607, 260, 90)","(607.0, 260.0, 90)"
94,47,0,x1_x2_x1,0.0,0.0,0.0,"(607, 260, 90)","(1367.0, 260.0, 90)"
95,47,1,XRSTR_0_x2_x1,-6162.026363791555,5874.5,82671.40987519387,"(607, 260, 90)","(607.0, 260.0, 90)"
96,48,0,x1_x2_x1,0.0,0.0,0.0,"(607, 260, 90)","(1367.0, 260.0, 90)"
97,48,1,XRSTR_0_x2_x1,-6162.026363791555,5874.5,82671.40987519387,"(607, 260, 90)","(607.0, 260.0, 90)"
98,49,0,XRSTR_0_x2_x1,0.0,0.0,0.0,"(607, 260, 90)","(1367.0, 260.0, 90)"
99,49,1,x1_x2_x1,-4058.114944613816,3907.5,22684.861541022885,"(607, 260, 90)","(607.0, 260.0, 90)"
100,50,0,x1_x2_x1,0.0,0.0,0.0,"(607, 260, 90)","(1367.0, 260.0, 90)"
101,50,1,XRSTR_0_x2_x1,-6162.026363791555,5874.5,82671.40987519387,"(607, 260, 90)","(607.0, 260.0, 90)"
102,51,0,x1_x2_x1,0.0,0.0,0.0,"(607, 260, 90)","(1367.0, 260.0, 90)"
103,51,1,XRSTR_0_x2_x1,-6162.026363791555,5874.5,82671.40987519387,"(607, 260, 90)","(607.0, 260.0, 90)"
104,52,0,XRSTR_0_x2_x1,0.0,0.0,0.0,"(607, 260, 90)","(1367.0, 260.0, 90)"
105,52,1,x1_x2_x1,-4058.114944613816,3907.5,22684.861541022885,"(607, 260, 90)","(607.0, 260.0, 90)"
106,53,0,x1_x2_x1,0.0,0.0,0.0,"(607, 260, 90)","(1367.0, 260.0, 90)"
107,53,1,XRSTR_0_x2_x1,-6162.026363791555,5874.5,82671.40987519387,"(607, 260, 90)","(607.0, 260.0, 90)"
108,54,0,XRSTR_0_x2_x1,0.0,0.0,0.0,"(607, 260, 90)","(1367.0, 260.0, 90)"
109,54,1,x1_x2_x1,-4058.114944613816,3907.5,22684.861541022885,"(607, 260, 90)","(607.0, 260.0, 90)"
110,55,0,XRSTR_0_x2_x1,0.0,0.0,0.0,"(607, 260, 90)","(1367.0, 260.0, 90)"
111,55,1,x1_x2_x1,-4058.114944613816,3907.5,22684.861541022885,"(607, 260, 90)","(607.0, 260.0, 90)"
112,56,0,x1_x2_x1,0.0,0.0,0.0,"(607, 260, 90)","(1367.0, 260.0, 90)"
113,56,1,XRSTR_0_x2_x1,-6162.026363791555,5874.5,82671.40987519387,"(607, 260, 90)","(607.0, 260.0, 90)"
114,57,0,x1_x2_x1,0.0,0.0,0.0,"(607, 260, 90)","(1367.0, 260.0, 90)"
115,57,1,XRSTR_0_x2_x1,-6162.026363791555,5874.5,82671.40987519387,"(607, 260, 90)","(607.0, 260.0, 90)"
116,58,0,x1_x2_x1,0.0,0.0,0.0,"(607, 260, 90)","(1367.0, 260.0, 90)"
117,58,1,XRSTR_0_x2_x1,-6162.026363791555,5874.5,82671.40987519387,"(607, 260, 90)","(607.0, 260.0, 90)"
118,59,0,x1_x2_x1,0.0,0.0,0.0,"(607, 260, 90)","(1367.0, 260.0, 90)"
119,59,1,XRSTR_0_x2_x1,-6162.026363791555,5874.5,82671.40987519387,"(607, 260, 90)","(607.0, 260.0, 90)"
120,60,0,XRSTR_0_x2_x1,0.0,0.0,0.0,"(607, 260, 90)","(1367.0, 260.0, 90)"
121,60,1,x1_x2_x1,-4058.114944613816,3907.5,22684.861541022885,"(607, 260, 90)","(607.0, 260.0, 90)"
122,61,0,x1_x2_x1,0.0,0.0,0.0,"(607, 260, 90)","(1367.0, 260.0, 90)"
123,61,1,XRSTR_0_x2_x1,-6162.026363791555,5874.5,82671.40987519387,"(607, 260, 90)","(607.0, 260.0, 90)"
124,62,0,x1_x2_x1,0.0,0.0,0.0,"(607, 260, 90)","(1367.0, 260.0, 90)"
125,62,1,XRSTR_0_x2_x1,-6162.026363791555,5874.5,82671.40987519387,"(607, 260, 90)","(607.0, 260.0, 90)"
126,63,0,x1_x2_x1,0.0,0.0,0.0,"(607, 260, 90)","(1367.0, 260.0, 90)"
127,63,1,XRSTR_0_x2_x1,-6162.026363791555,5874.5,82671.40987519387,"(607, 260, 90)","(607.0, 260.0, 90)"
128,64,0,x1_x2_x1,0.0,0.0,0.0,"(607, 260, 90)","(1367.0, 260.0, 90)"
129,64,1,XRSTR_0_x2_x1,-6162.026363791555,5874.5,82671.40987519387,"(607, 260, 90)","(607.0, 260.0, 90)"
130,65,0,x1_x2_x1,0.0,0.0,0.0,"(607, 260, 90)","(1367.0, 260.0, 90)"
131,65,1,XRSTR_0_x2_x1,-6162.026363791555,5874.5,82671.40987519387,"(607, 260, 90)","(607.0, 260.0, 90)"
132,66,0,x1_x2_x1,0.0,0.0,0.0,"(607, 260, 90)","(1367.0, 260.0, 90)"
133,66,1,XRSTR_0_x2_x1,-6162.026363791555,5874.5,82671.40987519387,"(607, 260, 90)","(607.0, 260.0, 90)"
134,67,0,XRSTR_0_x2_x1,0.0,0.0,0.0,"(607, 260, 90)","(1367.0, 260.0, 90)"
135,67,1,x1_x2_x1,-4058.114944613816,3907.5,22684.861541022885,"(607, 260, 90)","(607.0, 260.0, 90)"
136,68,0,XRSTR_0_x2_x1,0.0,0.0,0.0,"(607, 260, 90)","(1367.0, 260.0, 90)"
137,68,1,x1_x2_x1,-4058.114944613816,3907.5,22684.861541022885,"(607, 260, 90)","(607.0, 260.0, 90)"
138,69,0,XRSTR_0_x2_x1,0.0,0.0,0.0,"(607, 260, 90)","(1367.0, 260.0, 90)"
139,69,1,x1_x2_x1,-4058.114944613816,3907.5,22684.861541022885,"(607, 260, 90)","(607.0, 260.0, 90)"
140,70,0,x1_x2_x1,0.0,0.0,0.0,"(607, 260, 90)","(1367.0, 260.0, 90)"
141,70,1,XRSTR_0_x2_x1,-6162.026363791555,5874.5,82671.40987519387,"(607, 260, 90)","(607.0, 260.0, 90)"
142,71,0,x1_x2_x1,0.0,0.0,0.0,"(607, 260, 90)","(1367.0, 260.0, 90)"
143,71,1,XRSTR_0_x2_x1,-6162.026363791555,5874.5,82671.40987519387,"(607, 260, 90)","(607.0, 260.0, 90)"
144,72,0,x1_x2_x1,0.0,0.0,0.0,"(607, 260, 90)","(1367.0, 260.0, 90)"
145,72,1,XRSTR_0_x2_x1,-6162.026363791555,5874.5,82671.40987519387,"(607, 260, 90)","(607.0, 260.0, 90)"
146,73,0,XRSTR_0_x2_x1,0.0,0.0,0.0,"(607, 260, 90)","(1367.0, 260.0, 90)"
147,73,1,x1_x2_x1,-4058.114944613816,3907.5,22684.861541022885,"(607, 260, 90)","(607.0, 260.0, 90)"
148,74,0,x1_x2_x1,0.0,0.0,0.0,"(607, 260, 90)","(1367.0, 260.0, 90)"
149,74,1,XRSTR_0_x2_x1,-6162.026363791555,5874.5,82671.40987519387,"(607, 260, 90)","(607.0, 260.0, 90)"
150,75,0,x1_x2_x1,0.0,0.0,0.0,"(607, 260, 90)","(1367.0, 260.0, 90)"
151,75,1,XRSTR_0_x2_x1,-6162.026363791555,5874.5,82671.40987519387,"(607, 260, 90)","(607.0, 260.0, 90)"
152,76,0,x1_x2_x1,0.0,0.0,0.0,"(607, 260, 90)","(1367.0, 260.0, 90)"
153,76,1,XRSTR_0_x2_x1,-6162.026363791555,5874.5,82671.40987519387,"(607, 260, 90)","(607.0, 260.0, 90)"
154,77,0,XRSTR_0_x2_x1,0.0,0.0,0.0,"(607, 260, 90)","(1367.0, 260.0, 90)"
155,77,1,x1_x2_x1,-4058.114944613816,3907.5,22684.861541022885,"(607, 260, 90)","(607.0, 260.0, 90)"
156,78,0,XRSTR_0_x2_x1,0.0,0.0,0.0,"(607, 260, 90)","(1367.0, 260.0, 90)"
157,78,1,x1_x2_x1,-4058.114944613816,3907.5,22684.861541022885,"(607, 260, 90)","(607.0, 260.0, 90)"
158,79,0,x1_x2_x1,0.0,0.0,0.0,"(607, 260, 90)","(1367.0, 260.0, 90)"
159,79,1,XRSTR_0_x2_x1,-6162.026363791555,5874.5,82671.40987519387,"(607, 260, 90)","(607.0, 260.0, 90)"
160,80,0,XRSTR_0_x2_x1,0.0,0.0,0.0,"(607, 260, 90)","(1367.0, 260.0, 90)"
161,80,1,x1_x2_x1,-4058.114944613816,3907.5,22684.861541022885,"(607, 260, 90)","(607.0, 260.0, 90)"
162,81,0,XRSTR_0_x2_x1,0.0,0.0,0.0,"(607, 260, 90)","(1367.0, 260.0, 90)"
163,81,1,x1_x2_x1,-4058.114944613816,3907.5,22684.861541022885,"(607, 260, 90)","(607.0, 260.0, 90)"
164,82,0,x1_x2_x1,0.0,0.0,0.0,"(607, 260, 90)","(1367.0, 260.0, 90)"
165,82,1,XRSTR_0_x2_x1,-6162.026363791555,5874.5,82671.40987519387,"(607, 260, 90)","(607.0, 260.0, 90)"
166,83,0,x1_x2_x1,0.0,0.0,0.0,"(607, 260, 90)","(1367.0, 260.0, 90)"
167,83,1,XRSTR_0_x2_x1,-6162.026363791555,5874.5,82671.40987519387,"(607, 260, 90)","(607.0, 260.0, 90)"
168,84,0,XRSTR_0_x2_x1,0.0,0.0,0.0,"(607, 260, 90)","(1367.0, 260.0, 90)"
169,84,1,x1_x2_x1,-4058.114944613816,3907.5,22684.861541022885,"(607, 260, 90)","(607.0, 260.0, 90)"
170,85,0,XRSTR_0_x2_x1,0.0,0.0,0.0,"(607, 260, 90)","(1367.0, 260.0, 90)"
171,85,1,x1_x2_x1,-4058.114944613816,3907.5,22684.861541022885,"(607, 260, 90)","(607.0, 260.0, 90)"
172,86,0,x1_x2_x1,0.0,0.0,0.0,"(607, 260, 90)","(1367.0, 260.0, 90)"
173,86,1,XRSTR_0_x2_x1,-6162.026363791555,5874.5,82671.40987519387,"(607, 260, 90)","(607.0, 260.0, 90)"
174,87,0,XRSTR_0_x2_x1,0.0,0.0,0.0,"(607, 260, 90)","(1367.0, 260.0, 90)"
175,87,1,x1_x2_x1,-4058.114944613816,3907.5,22684.861541022885,"(607, 260, 90)","(607.0, 260.0, 90)"
176,88,0,x1_x2_x1,0.0,0.0,0.0,"(607, 260, 90)","(1367.0, 260.0, 90)"
177,88,1,XRSTR_0_x2_x1,-6162.026363791555,5874.5,82671.40987519387,"(607, 260, 90)","(607.0, 260.0, 90)"
178,89,0,XRSTR_0_x2_x1,0.0,0.0,0.0,"(607, 260, 90)","(1367.0, 260.0, 90)"
179,89,1,x1_x2_x1,-4058.114944613816,3907.5,22684.861541022885,"(607, 260, 90)","(607.0, 260.0, 90)"
180,90,0,XRSTR_0_x2_x1,0.0,0.0,0.0,"(607, 260, 90)","(1367.0, 260.0, 90)"
181,90,1,x1_x2_x1,-4058.114944613816,3907.5,22684.861541022885,"(607, 260, 90)","(607.0, 260.0, 90)"
182,91,0,x1_x2_x1,0.0,0.0,0.0,"(607, 260, 90)","(1367.0, 260.0, 90)"
183,91,1,XRSTR_0_x2_x1,-6162.026363791555,5874.5,82671.40987519387,"(607, 260, 90)","(607.0, 260.0, 90)"
184,92,0,XRSTR_0_x2_x1,0.0,0.0,0.0,"(607, 260, 90)","(1367.0, 260.0, 90)"
185,92,1,x1_x2_x1,-4058.114944613816,3907.5,22684.861541022885,"(607, 260, 90)","(607.0, 260.0, 90)"
186,93,0,XRSTR_0_x2_x1,0.0,0.0,0.0,"(607, 260, 90)","(1367.0, 260.0, 90)"
187,93,1,x1_x2_x1,-4058.114944613816,3907.5,22684.861541022885,"(607, 260, 90)","(607.0, 260.0, 90)"
188,94,0,XRSTR_0_x2_x1,0.0,0.0,0.0,"(607, 260, 90)","(1367.0, 260.0, 90)"
189,94,1,x1_x2_x1,-4058.114944613816,3907.5,22684.861541022885,"(607, 260, 90)","(607.0, 260.0, 90)"
190,95,0,x1_x2_x1,0.0,0.0,0.0,"(607, 260, 90)","(1367.0, 260.0, 90)"
191,95,1,XRSTR_0_x2_x1,-6162.026363791555,5874.5,82671.40987519387,"(607, 260, 90)","(607.0, 260.0, 90)"
192,96,0,XRSTR_0_x2_x1,0.0,0.0,0.0,"(607, 260, 90)","(1367.0, 260.0, 90)"
193,96,1,x1_x2_x1,-4058.114944613816,3907.5,22684.861541022885,"(607, 260, 90)","(607.0, 260.0, 90)"
194,97,0,x1_x2_x1,0.0,0.0,0.0,"(607, 260, 90)","(1367.0, 260.0, 90)"
195,97,1,XRSTR_0_x2_x1,-6162.026363791555,5874.5,82671.40987519387,"(607, 260, 90)","(607.0, 260.0, 90)"
196,98,0,XRSTR_0_x2_x1,0.0,0.0,0.0,"(607, 260, 90)","(1367.0, 260.0, 90)"
197,98,1,x1_x2_x1,-4058.114944613816,3907.5,22684.861541022885,"(607, 260, 90)","(607.0, 260.0, 90)"
198,99,0,x1_x2_x1,0.0,0.0,0.0,"(607, 260, 90)","(1367.0, 260.0, 90)"
199,99,1,XRSTR_0_x2_x1,-6162.026363791555,5874.5,82671.40987519387,"(607, 260, 90)","(607.0, 260.0, 90)"
200,100,0,XRSTR_0_x2_x1,0.0,0.0,0.0,"(2062, 219, 270)","(2062.0, 219.0, 270)"
201,100,1,x1_x2_x1,-9510.046009153826,9167.0,117680.56439636649,"(725, 1535, 270)","(725.0, 1535.0, 270)"
202,101,0,XRSTR_0_x2_x1,0.0,0.0,0.0,"(1082, 347, 270)","(1082.0, 347.0, 270)"
203,101,1,x1_x2_x1,-6285.211948191109,6015.0,73014.49694523418,"(1060, 1043, 270)","(1060.0, 1402.0, 270)"
204,102,0,x1_x2_x1,0.0,0.0,0.0,"(1313, 1360, 270)","(1313.0, 1360.0, 270)"
205,102,1,XRSTR_0_x2_x1,-4606.050178934241,4445.5,25776.359955816602,"(532, 1804, 270)","(532.0, 1804.0, 270)"
206,103,0,XRSTR_0_x2_x1,0.0,0.0,0.0,"(277, 627, 270)","(277.0, 627.0, 270)"
207,103,1,x1_x2_x1,-4390.376248625127,4239.5,22763.642399191292,"(453, 265, 270)","(1037.0, 265.0, 270)"
208,104,0,x1_x2_x1,0.0,0.0,0.0,"(1990, 1549, 270)","(1990.0, 1549.0, 270)"
209,104,1,XRSTR_0_x2_x1,-8098.526760896451,7836.0,68920.30018678257,"(211, 989, 90)","(211.0, 989.0, 90)"
210,105,0,XRSTR_0_x2_x1,0.0,0.0,0.0,"(28, 422, 90)","(28.0, 422.0, 90)"
211,105,1,x1_x2_x1,-7204.3520465257825,6904.5,89911.24980570012,"(534, 1133, 90)","(788.0, 1133.0, 90)"
212,106,0,x1_x2_x1,0.0,0.0,0.0,"(1836, 302, 90)","(2187.0, 302.0, 90)"
213,106,1,XRSTR_0_x2_x1,-5103.730190075844,4834.5,72484.89524827522,"(1427, 526, 270)","(1427.0, 526.0, 270)"
214,107,0,x1_x2_x1,0.0,0.0,0.0,"(653, 2059, 90)","(531.0, 2059.0, 90)"
215,107,1,XRSTR_0_x2_x1,-5321.363837178236,5130.5,36429.00434240022,"(1291, 2005, 270)","(1291.0, 2005.0, 270)"
216,108,0,XRSTR_0_x2_x1,0.0,0.0,0.0,"(1458, 1454, 270)","(1458.0, 1454.0, 270)"
217,108,1,x1_x2_x1,-6959.785345651767,6658.5,90772.85950450486,"(1229, 335, 270)","(1229.0, 335.0, 270)"
218,109,0,x1_x2_x1,0.0,0.0,0.0,"(1357, 1605, 0)","(1552.0, 1605.0, 0)"
219,109,1,XRSTR_0_x2_x1,-7338.579278354943,7041.0,88553.42690624871,"(588, 979, 90)","(588.0, 979.0, 90)"
220,110,0,XRSTR_0_x2_x1,0.0,0.0,0.0,"(365, 2102, 270)","(365.0, 2102.0, 270)"
221,110,1,x1_x2_x1,-6388.190832131943,6178.0,44180.185912318935,"(156, 801, 90)","(156.0, 801.0, 90)"
222,111,0,x1_x2_x1,0.0,0.0,0.0,"(712, 211, 270)","(712.0, 211.0, 270)"
223,111,1,XRSTR_0_x2_x1,-5954.27911819185,5769.0,34328.35163794957,"(231, 1586, 270)","(231.0, 1586.0, 270)"
224,112,0,x1_x2_x1,0.0,0.0,0.0,"(1352, 1734, 270)","(1352.0, 1734.0, 270)"
225,112,1,XRSTR_0_x2_x1,-8313.293430206006,8028.0,81392.34131870916,"(628, 23, 90)","(628.0, 23.0, 90)"
226,113,0,XRSTR_0_x2_x1,0.0,0.0,0.0,"(1509, 1941, 270)","(1509.0, 1941.0, 270)"
227,113,1,x1_x2_x1,-5673.530019613388,5443.0,53144.089942949046,"(1877, 944, 90)","(1877.0, 886.0, 90)"
228,114,0,x1_x2_x1,0.0,0.0,0.0,"(1309, 1736, 90)","(1309.0, 1736.0, 90)"
229,114,1,XRSTR_0_x2_x1,-5693.483615929666,5493.5,39993.44664030388,"(1967, 645, 90)","(1967.0, 645.0, 90)"
230,115,0,x1_x2_x1,0.0,0.0,0.0,"(1047, 909, 270)","(1047.0, 909.0, 270)"
231,115,1,XRSTR_0_x2_x1,-4751.797797588587,4565.5,34706.869386358034,"(73, 679, 270)","(73.0, 679.0, 270)"
232,116,0,x1_x2_x1,0.0,0.0,0.0,"(921, 1470, 270)","(1331.0, 1470.0, 270)"
233,116,1,XRSTR_0_x2_x1,-5386.187225533866,5185.5,40275.36249248067,"(571, 1456, 90)","(571.0, 1456.0, 90)"
234,117,0,XRSTR_0_x2_x1,0.0,0.0,0.0,"(1918, 1567, 90)","(1918.0, 1567.0, 90)"
235,117,1,x1_x2_x1,-6925.088583406063,6701.5,49991.85462952994,"(76, 2078, 90)","(76.0, 2078.0, 90)"
236,118,0,XRSTR_0_x2_x1,0.0,0.0,0.0,"(270, 2082, 90)","(270.0, 2082.0, 90)"
237,118,1,x1_x2_x1,-7621.195869046784,7359.5,68484.72787615127,"(1434, 1196, 270)","(1434.0, 1196.0, 270)"
238,119,0,XRSTR_0_x2_x1,0.0,0.0,0.0,"(240, 1234, 270)","(240.0, 1234.0, 270)"
239,119,1,x1_x2_x1,-5193.172926876646,4997.5,38287.894312473,"(1369, 1586, 270)","(1369.0, 1586.0, 270)"
240,120,0,XRSTR_0_x2_x1,0.0,0.0,0.0,"(748, 331, 270)","(748.0, 331.0, 270)"
241,120,1,x1_x2_x1,-5641.140084319733,5416.5,50463.16748317685,"(729, 86, 90)","(-12.0, 86.0, 90)"
242,121,0,XRSTR_0_x2_x1,0.0,0.0,0.0,"(203, 1038, 270)","(203.0, 1038.0, 270)"
243,121,1,x1_x2_x1,-5893.333795376754,5707.5,34534.19950412938,"(1749, 728, 270)","(1749.0, 728.0, 270)"
244,122,0,XRSTR_0_x2_x1,0.0,0.0,0.0,"(549, 2015, 90)","(549.0, 2015.0, 90)"
245,122,1,x1_x2_x1,-5312.796421055647,5130.5,33231.98512969785,"(681, 1906, 270)","(1309.0, 1906.0, 270)"
246,123,0,x1_x2_x1,0.0,0.0,0.0,"(1392, 1493, 90)","(893.0, 1493.0, 90)"
247,123,1,XRSTR_0_x2_x1,-5902.888092383664,5693.5,43843.373232069855,"(1653, 1036, 270)","(1653.0, 1036.0, 270)"
248,124,0,x1_x2_x1,0.0,0.0,0.0,"(289, 459, 270)","(289.0, 459.0, 270)"
249,124,1,XRSTR_0_x2_x1,-6898.377638763414,6600.5,88731.08767526729,"(921, 1778, 90)","(921.0, 1778.0, 90)"
250,125,0,x1_x2_x1,0.0,0.0,0.0,"(1169, 1895, 270)","(1169.0, 1895.0, 270)"
251,125,1,XRSTR_0_x2_x1,-5624.75447907204,5428.0,38712.32503491012,"(2044, 2054, 0)","(2044.0, 2054.0, 0)"
252,126,0,XRSTR_0_x2_x1,0.0,0.0,0.0,"(346, 1791, 90)","(346.0, 1791.0, 90)"
253,126,1,x1_x2_x1,-9165.971728386041,8865.5,90283.25955929466,"(1872, 514, 270)","(1872.0, 514.0, 270)"
254,127,0,XRSTR_0_x2_x1,0.0,0.0,0.0,"(1518, 1801, 90)","(1518.0, 1801.0, 90)"
255,127,1,x1_x2_x1,-5072.808798144866,4892.0,32691.82148659096,"(798, 1062, 90)","(758.0, 1062.0, 90)"
256,128,0,x1_x2_x1,0.0,0.0,0.0,"(1004, 544, 270)","(1157.0, 544.0, 270)"
257,128,1,XRSTR_0_x2_x1,-5921.970834682946,5711.5,44297.97225213583,"(397, 1010, 90)","(397.0, 1010.0, 90)"
258,129,0,x1_x2_x1,0.0,0.0,0.0,"(1092, 233, 270)","(1092.0, 233.0, 270)"
259,129,1,XRSTR_0_x2_x1,-4641.6503687375925,4491.0,22695.53360077261,"(30, 387, 270)","(30.0, 387.0, 270)"
260,130,0,XRSTR_0_x2_x1,0.0,0.0,0.0,"(204, 1987, 0)","(204.0, 1987.0, 0)"
261,130,1,x1_x2_x1,-5192.184704241791,5022.0,28962.83355786593,"(308, 2068, 270)","(1055.0, 2068.0, 270)"
262,131,0,XRSTR_0_x2_x1,0.0,0.0,0.0,"(850, 365, 90)","(850.0, 365.0, 90)"
263,131,1,x1_x2_x1,-5993.90778304659,5808.0,34561.70379729803,"(375, 1759, 90)","(375.0, 1759.0, 90)"
264,132,0,x1_x2_x1,0.0,0.0,0.0,"(1623, 1547, 180)","(1623.0, 1547.0, 180)"
265,132,1,XRSTR_0_x2_x1,-6292.60943458689,6081.5,44567.193371596375,"(835, 292, 270)","(835.0, 292.0, 270)"
266,133,0,x1_x2_x1,0.0,0.0,0.0,"(573, 584, 270)","(470.0, 584.0, 270)"
267,133,1,XRSTR_0_x2_x1,-6577.267214775231,6295.5,79392.76332219125,"(1230, 163, 270)","(1230.0, 163.0, 270)"
268,134,0,x1_x2_x1,0.0,0.0,0.0,"(549, 500, 90)","(549.0, 500.0, 90)"
269,134,1,XRSTR_0_x2_x1,-5766.386259655725,5551.5,46176.10458882758,"(2025, 712, 90)","(2025.0, 712.0, 90)"
270,135,0,XRSTR_0_x2_x1,0.0,0.0,0.0,"(100, 1261, 90)","(100.0, 1261.0, 90)"
271,135,1,x1_x2_x1,-8779.336798153507,8487.5,85168.71675649044,"(1486, 33, 270)","(1486.0, 33.0, 270)"
272,136,0,XRSTR_0_x2_x1,0.0,0.0,0.0,"(839, 464, 90)","(839.0, 464.0, 90)"
273,136,1,x1_x2_x1,-5250.551411429384,5000.0,62776.00976925618,"(435, 649, 0)","(-125.0, 649.0, 0)"
274,137,0,XRSTR_0_x2_x1,0.0,0.0,0.0,"(1085, 1211, 0)","(1085.0, 1211.0, 0)"
275,137,1,x1_x2_x1,-6150.561026867916,5917.5,54317.442244727376,"(868, 1893, 90)","(868.0, 2175.0, 90)"
276,138,0,XRSTR_0_x2_x1,0.0,0.0,0.0,"(1505, 992, 270)","(1505.0, 992.0, 270)"
277,138,1,x1_x2_x1,-6457.177257540336,6153.5,92219.8767472193,"(1124, 1271, 270)","(745.0, 1271.0, 270)"
278,139,0,XRSTR_0_x2_x1,0.0,0.0,0.0,"(575, 2022, 270)","(575.0, 2022.0, 270)"
279,139,1,x1_x2_x1,-5095.744923529036,4826.5,72492.82884615645,"(1334, 1806, 90)","(1335.0, 1806.0, 90)"
280,140,0,XRSTR_0_x2_x1,0.0,0.0,0.0,"(197, 969, 180)","(197.0, 969.0, 180)"
281,140,1,x1_x2_x1,-7258.057552538118,7011.0,61037.43426612525,"(2066, 1658, 270)","(2066.0, 1658.0, 270)"
282,141,0,x1_x2_x1,0.0,0.0,0.0,"(1024, 1509, 90)","(1597.0, 1509.0, 90)"
283,141,1,XRSTR_0_x2_x1,-6499.514143226573,6202.5,88217.40127661485,"(837, 1837, 90)","(837.0, 1837.0, 90)"
284,142,0,x1_x2_x1,0.0,0.0,0.0,"(1351, 663, 90)","(1351.0, 663.0, 90)"
285,142,1,XRSTR_0_x2_x1,-6289.857018915592,6031.5,66748.34922295136,"(115, 1132, 270)","(115.0, 1132.0, 270)"
286,143,0,XRSTR_0_x2_x1,0.0,0.0,0.0,"(801, 616, 0)","(801.0, 616.0, 0)"
287,143,1,x1_x2_x1,-5716.167522004576,5504.0,45015.057393562216,"(1516, 938, 270)","(1652.0, 938.0, 270)"
288,144,0,x1_x2_x1,0.0,0.0,0.0,"(1127, 1734, 270)","(1127.0, 1734.0, 270)"
289,144,1,XRSTR_0_x2_x1,-7748.403997829365,7486.0,68855.85807683317,"(459, 238, 0)","(459.0, 238.0, 0)"
290,145,0,XRSTR_0_x2_x1,0.0,0.0,0.0,"(287, 1160, 90)","(287.0, 1160.0, 90)"
291,145,1,x1_x2_x1,-9732.374711966442,9389.0,117906.19281803744,"(1957, 66, 90)","(1957.0, 66.0, 90)"
292,146,0,x1_x2_x1,0.0,0.0,0.0,"(184, 214, 0)","(184.0, 214.0, 0)"
293,146,1,XRSTR_0_x2_x1,-6121.680911766981,5925.5,38486.95014172392,"(755, 1608, 90)","(755.0, 1608.0, 90)"
294,147,0,XRSTR_0_x2_x1,0.0,0.0,0.0,"(1554, 943, 90)","(1554.0, 943.0, 90)"
295,147,1,x1_x2_x1,-5607.235029486898,5381.0,51182.28856693782,"(1217, 1879, 270)","(1217.0, 1998.0, 270)"
296,148,0,XRSTR_0_x2_x1,0.0,0.0,0.0,"(1849, 1228, 90)","(1849.0, 1228.0, 90)"
297,148,1,x1_x2_x1,-6360.724952470334,6146.5,45892.33026091685,"(199, 769, 90)","(199.0, 769.0, 90)"
298,149,0,x1_x2_x1,0.0,0.0,0.0,"(310, 331, 270)","(-85.0, 331.0, 270)"
299,149,1,XRSTR_0_x2_x1,-6359.695796476592,6092.5,71393.59365476013,"(675, 636, 270)","(675.0, 636.0, 270)"
300,150,0,x1_x2_x1,0.0,0.0,0.0,"(2018, 1756, 270)","(2018.0, 1756.0, 270)"
301,150,1,XRSTR_0_x2_x1,-9739.002272770686,9420.0,101762.45003286327,"(416, 227, 90)","(416.0, 227.0, 90)"
302,151,0,x1_x2_x1,0.0,0.0,0.0,"(36, 1517, 90)","(36.0, 1517.0, 90)"
303,151,1,XRSTR_0_x2_x1,-7131.2092935869305,6895.5,55558.87108324982,"(1807, 838, 90)","(1807.0, 838.0, 90)"
304,152,0,XRSTR_0_x2_x1,0.0,0.0,0.0,"(725, 1784, 90)","(725.0, 1784.0, 90)"
305,152,1,x1_x2_x1,-4993.28326538356,4723.5,72783.01028101654,"(569, 1897, 270)","(-35.0, 1897.0, 270)"
306,153,0,XRSTR_0_x2_x1,0.0,0.0,0.0,"(502, 1558, 90)","(502.0, 1558.0, 90)"
307,153,1,x1_x2_x1,-5980.280885039915,5788.0,36971.93875173314,"(1573, 1389, 270)","(1573.0, 1389.0, 270)"
308,154,0,x1_x2_x1,0.0,0.0,0.0,"(534, 1325, 270)","(534.0, 1028.0, 270)"
309,154,1,XRSTR_0_x2_x1,-5758.9423036667595,5520.5,56854.73217791101,"(890, 2083, 90)","(890.0, 2083.0, 90)"
310,155,0,x1_x2_x1,0.0,0.0,0.0,"(44, 1923, 90)","(44.0, 2030.0, 90)"
311,155,1,XRSTR_0_x2_x1,-5089.408844136549,4915.5,30244.28606891076,"(540, 1066, 180)","(540.0, 1066.0, 180)"
312,156,0,x1_x2_x1,0.0,0.0,0.0,"(1536, 1728, 270)","(1536.0, 1780.0, 270)"
313,156,1,XRSTR_0_x2_x1,-5961.556985237271,5762.0,39822.990356988346,"(1289, 725, 90)","(1289.0, 725.0, 90)"
314,157,0,XRSTR_0_x2_x1,0.0,0.0,0.0,"(126, 1939, 270)","(126.0, 1939.0, 270)"
315,157,1,x1_x2_x1,-7489.093701882169,7213.0,76227.73221899968,"(1927, 1432, 90)","(1927.0, 1432.0, 90)"
316,158,0,XRSTR_0_x2_x1,0.0,0.0,0.0,"(664, 140, 270)","(664.0, 140.0, 270)"
317,158,1,x1_x2_x1,-9402.665259129675,9052.5,122615.70870135313,"(1880, 2101, 90)","(1880.0, 2101.0, 90)"
318,159,0,x1_x2_x1,0.0,0.0,0.0,"(1283, 1218, 90)","(1283.0, 1393.0, 90)"
319,159,1,XRSTR_0_x2_x1,-5397.748855065256,5226.5,29326.1703611611,"(1194, 338, 270)","(1194.0, 338.0, 270)"
320,160,0,XRSTR_0_x2_x1,0.0,0.0,0.0,"(2067, 1931, 270)","(2067.0, 1931.0, 270)"
321,160,1,x1_x2_x1,-6879.118064030479,6588.5,84458.85914082352,"(1322, 1378, 270)","(1307.0, 1378.0, 270)"
322,161,0,x1_x2_x1,0.0,0.0,0.0,"(259, 110, 90)","(259.0, 110.0, 90)"
323,161,1,XRSTR_0_x2_x1,-5617.435343614394,5426.0,36647.490784761154,"(865, 1270, 90)","(865.0, 1270.0, 90)"
324,162,0,x1_x2_x1,0.0,0.0,0.0,"(61, 269, 90)","(61.0, 269.0, 90)"
325,162,1,XRSTR_0_x2_x1,-6551.189898178797,6306.5,59873.146270749945,"(1303, 440, 270)","(1303.0, 440.0, 270)"
326,163,0,x1_x2_x1,0.0,0.0,0.0,"(1781, 737, 0)","(1781.0, 737.0, 0)"
327,163,1,XRSTR_0_x2_x1,-5509.173515790794,5341.5,28114.407897645717,"(460, 1058, 270)","(460.0, 1058.0, 270)"
328,164,0,XRSTR_0_x2_x1,0.0,0.0,0.0,"(2106, 643, 270)","(2106.0, 643.0, 270)"
329,164,1,x1_x2_x1,-6578.536569973275,6297.0,79262.84023231654,"(1943, 1339, 270)","(1943.0, 1698.0, 270)"
330,165,0,x1_x2_x1,0.0,0.0,0.0,"(1894, 874, 270)","(1894.0, 600.0, 270)"
331,165,1,XRSTR_0_x2_x1,-5273.693277211992,5022.5,63098.06251650044,"(2092, 1564, 0)","(2092.0, 1564.0, 0)"
332,166,0,XRSTR_0_x2_x1,0.0,0.0,0.0,"(1005, 1284, 90)","(1005.0, 1284.0, 90)"
333,166,1,x1_x2_x1,-4806.421572186001,4569.5,56131.83136708653,"(726, 1179, 270)","(245.0, 1179.0, 270)"
334,167,0,XRSTR_0_x2_x1,0.0,0.0,0.0,"(1529, 1290, 90)","(1529.0, 1290.0, 90)"
335,167,1,x1_x2_x1,-5444.005686987528,5256.0,35346.1383396525,"(903, 323, 90)","(903.0, 235.0, 90)"
336,168,0,x1_x2_x1,0.0,0.0,0.0,"(954, 782, 90)","(954.0, 1094.0, 90)"
337,168,1,XRSTR_0_x2_x1,-7073.428280774046,6770.5,91765.54329271876,"(605, 39, 90)","(605.0, 39.0, 90)"
338,169,0,XRSTR_0_x2_x1,0.0,0.0,0.0,"(1336, 756, 270)","(1336.0, 756.0, 270)"
339,169,1,x1_x2_x1,-4326.786830276867,4154.5,29682.751886849805,"(1747, 1003, 270)","(2096.0, 1003.0, 270)"
340,170,0,XRSTR_0_x2_x1,0.0,0.0,0.0,"(581, 21, 270)","(581.0, 21.0, 270)"
341,170,1,x1_x2_x1,-5763.709738080903,5554.5,43768.714507880046,"(1979, 392, 270)","(1979.0, 392.0, 270)"
342,171,0,XRSTR_0_x2_x1,0.0,0.0,0.0,"(795, 801, 270)","(795.0, 801.0, 270)"
343,171,1,x1_x2_x1,-5785.160067630157,5579.5,42296.06341764058,"(486, 177, 0)","(486.0, -50.0, 0)"
344,172,0,x1_x2_x1,0.0,0.0,0.0,"(1485, 2094, 270)","(1485.0, 2094.0, 270)"
345,172,1,XRSTR_0_x2_x1,-7463.1412352347315,7161.0,91289.32602916945,"(1871, 830, 270)","(1871.0, 830.0, 270)"
346,173,0,XRSTR_0_x2_x1,0.0,0.0,0.0,"(586, 294, 90)","(586.0, 294.0, 90)"
347,173,1,x1_x2_x1,-8180.784702326699,7852.5,107770.84578172905,"(783, 2042, 90)","(783.0, 2042.0, 90)"
348,174,0,XRSTR_0_x2_x1,0.0,0.0,0.0,"(1947, 1874, 270)","(1947.0, 1874.0, 270)"
349,174,1,x1_x2_x1,-6806.097875775463,6606.0,40039.15988985248,"(1965, 132, 90)","(1965.0, 132.0, 90)"
350,175,0,XRSTR_0_x2_x1,0.0,0.0,0.0,"(652, 1430, 270)","(652.0, 1430.0, 270)"
351,175,1,x1_x2_x1,-6090.487566143823,5833.5,66042.60915252574,"(340, 1297, 270)","(-108.0, 1297.0, 270)"
352,176,0,XRSTR_0_x2_x1,0.0,0.0,0.0,"(336, 1880, 90)","(336.0, 1880.0, 90)"
353,176,1,x1_x2_x1,-8842.965699634262,8549.5,86122.11686182718,"(1730, 629, 270)","(1730.0, 629.0, 270)"
354,177,0,x1_x2_x1,0.0,0.0,0.0,"(73, 144, 270)","(73.0, 144.0, 270)"
355,177,1,XRSTR_0_x2_x1,-5658.276229692095,5384.5,74953.42394441848,"(1210, 124, 90)","(1210.0, 124.0, 90)"
356,178,0,x1_x2_x1,0.0,0.0,0.0,"(509, 1152, 90)","(899.0, 1152.0, 90)"
357,178,1,XRSTR_0_x2_x1,-6932.6687418756555,6640.5,85362.57372920359,"(139, 573, 90)","(139.0, 573.0, 90)"
358,179,0,x1_x2_x1,0.0,0.0,0.0,"(1989, 435, 270)","(1989.0, 435.0, 270)"
359,179,1,XRSTR_0_x2_x1,-8458.46644965213,8171.5,82349.74322594867,"(1029, 1931, 90)","(1029.0, 1931.0, 90)"
360,180,0,x1_x2_x1,0.0,0.0,0.0,"(571, 1946, 270)","(571.0, 1946.0, 270)"
361,180,1,XRSTR_0_x2_x1,-6859.798890376689,6648.0,44858.76996479695,"(508, 264, 90)","(508.0, 264.0, 90)"
362,181,0,x1_x2_x1,0.0,0.0,0.0,"(997, 910, 270)","(776.0, 910.0, 270)"
363,181,1,XRSTR_0_x2_x1,-4928.183621968022,4698.5,52754.566200349145,"(1536, 1150, 90)","(1536.0, 1150.0, 90)"
364,182,0,XRSTR_0_x2_x1,0.0,0.0,0.0,"(952, 708, 270)","(952.0, 708.0, 270)"
365,182,1,x1_x2_x1,-6201.182681037038,5909.5,85078.7864169542,"(530, 743, 270)","(192.0, 743.0, 270)"
366,183,0,x1_x2_x1,0.0,0.0,0.0,"(1378, 2068, 90)","(1378.0, 2068.0, 90)"
367,183,1,XRSTR_0_x2_x1,-7267.179432041736,6960.5,94052.27403744184,"(941, 1006, 90)","(941.0, 1006.0, 90)"
368,184,0,x1_x2_x1,0.0,0.0,0.0,"(338, 197, 270)","(995.0, 197.0, 270)"
369,184,1,XRSTR_0_x2_x1,-4015.430664789128,3882.0,17803.742306068656,"(235, 346, 270)","(235.0, 346.0, 270)"
370,185,0,XRSTR_0_x2_x1,0.0,0.0,0.0,"(2005, 1388, 90)","(2005.0, 1388.0, 90)"
371,185,1,x1_x2_x1,-7243.725273049086,6994.0,62362.71199944085,"(504, 339, 90)","(504.0, 339.0, 90)"
372,186,0,XRSTR_0_x2_x1,0.0,0.0,0.0,"(1018, 1046, 0)","(1018.0, 1046.0, 0)"
373,186,1,x1_x2_x1,-6094.9785194638935,5832.5,68894.97317995767,"(142, 926, 0)","(-37.0, 926.0, 0)"
374,187,0,XRSTR_0_x2_x1,0.0,0.0,0.0,"(1288, 1539, 270)","(1288.0, 1539.0, 270)"
375,187,1,x1_x2_x1,-5871.627036700854,5659.5,44997.87969948532,"(1084, 1051, 90)","(528.0, 1051.0, 90)"
376,188,0,XRSTR_0_x2_x1,0.0,0.0,0.0,"(1148, 680, 90)","(1148.0, 680.0, 90)"
377,188,1,x1_x2_x1,-4604.617142176411,4442.0,26444.33492962317,"(431, 166, 90)","(388.0, 166.0, 90)"
378,189,0,XRSTR_0_x2_x1,0.0,0.0,0.0,"(2040, 1567, 90)","(2040.0, 1567.0, 90)"
379,189,1,x1_x2_x1,-7081.912826694625,6828.0,64471.72356005504,"(179, 1377, 270)","(179.0, 1377.0, 270)"
380,190,0,x1_x2_x1,0.0,0.0,0.0,"(1189, 680, 90)","(1092.0, 680.0, 90)"
381,190,1,XRSTR_0_x2_x1,-4923.529553812039,4762.5,25930.51720090438,"(1943, 838, 0)","(1943.0, 838.0, 0)"
382,191,0,XRSTR_0_x2_x1,0.0,0.0,0.0,"(833, 1420, 90)","(833.0, 1420.0, 90)"
383,191,1,x1_x2_x1,-5658.946605714167,5519.0,19585.05245091655,"(686, 154, 0)","(686.0, 154.0, 0)"
384,192,0,x1_x2_x1,0.0,0.0,0.0,"(1337, 772, 0)","(1337.0, 865.0, 0)"
385,192,1,XRSTR_0_x2_x1,-6487.376048900888,6208.5,77771.85065057069,"(1609, 14, 270)","(1609.0, 14.0, 270)"
386,193,0,x1_x2_x1,0.0,0.0,0.0,"(150, 515, 270)","(-88.0, 515.0, 270)"
387,193,1,XRSTR_0_x2_x1,-6340.12196054671,6035.5,92794.53884732157,"(672, 354, 270)","(672.0, 354.0, 270)"
388,194,0,x1_x2_x1,0.0,0.0,0.0,"(44, 1884, 180)","(44.0, 1884.0, 180)"
389,194,1,XRSTR_0_x2_x1,-5212.3860013730655,5029.0,33630.42549960213,"(703, 991, 90)","(703.0, 991.0, 90)"
390,195,0,x1_x2_x1,0.0,0.0,0.0,"(819, 2008, 270)","(819.0, 2096.0, 270)"
391,195,1,XRSTR_0_x2_x1,-6217.441286792799,6005.5,44919.10904738747,"(384, 1132, 0)","(384.0, 1132.0, 0)"
392,196,0,XRSTR_0_x2_x1,0.0,0.0,0.0,"(1598, 643, 270)","(1598.0, 643.0, 270)"
393,196,1,x1_x2_x1,-7779.496857175159,7475.0,92718.33602954891,"(719, 1571, 270)","(719.0, 1571.0, 270)"
394,197,0,x1_x2_x1,0.0,0.0,0.0,"(108, 143, 90)","(108.0, 122.0, 90)"
395,197,1,XRSTR_0_x2_x1,-5808.472101923274,5616.0,37045.510018763,"(282, 1177, 270)","(282.0, 1177.0, 270)"
396,198,0,XRSTR_0_x2_x1,0.0,0.0,0.0,"(1768, 1425, 270)","(1768.0, 1425.0, 270)"
397,198,1,x1_x2_x1,-8304.292510983232,7998.5,93509.0597734304,"(177, 998, 270)","(177.0, 998.0, 270)"
398,199,0,XRSTR_0_x2_x1,0.0,0.0,0.0,"(1134, 530, 90)","(1134.0, 530.0, 90)"
399,199,1,x1_x2_x1,-5470.743748495085,5301.5,28643.446404667528,"(844, 1141, 0)","(844.0, 1381.0, 0)"
400,200,0,XRSTR_0_x2_x1,0.0,0.0,0.0,"(1230, 131, 90)","(1230.0, 131.0, 90)"
401,200,1,x1_x2_x1,-8538.630753312225,8253.5,81299.5464843975,"(2090, 1768, 180)","(2090.0, 1768.0, 180)"
402,201,0,XRSTR_0_x2_x1,0.0,0.0,0.0,"(495, 1911, 270)","(495.0, 1911.0, 270)"
403,201,1,x1_x2_x1,-6294.208951351535,6020.5,74916.59004995694,"(521, 1069, 270)","(521.0, 856.0, 270)"
404,202,0,x1_x2_x1,0.0,0.0,0.0,"(1558, 436, 90)","(1735.0, 436.0, 90)"
405,202,1,XRSTR_0_x2_x1,-5545.950439660701,5357.0,35702.268647972014,"(884, 254, 180)","(884.0, 254.0, 180)"
406,203,0,XRSTR_0_x2_x1,0.0,0.0,0.0,"(1199, 2083, 180)","(1199.0, 2083.0, 180)"
407,203,1,x1_x2_x1,-7831.172513464477,7523.0,94970.29805501313,"(1813, 866, 90)","(1813.0, 866.0, 90)"
408,204,0,x1_x2_x1,0.0,0.0,0.0,"(151, 1649, 270)","(151.0, 1649.0, 270)"
409,204,1,XRSTR_0_x2_x1,-7488.195360067297,7185.0,91927.4263663377,"(364, 200, 270)","(364.0, 200.0, 270)"
410,205,0,XRSTR_0_x2_x1,0.0,0.0,0.0,"(1163, 755, 270)","(1163.0, 755.0, 270)"
411,205,1,x1_x2_x1,-6245.681387759822,6019.5,51158.02016895931,"(634, 95, 0)","(634.0, -96.0, 0)"
412,206,0,XRSTR_0_x2_x1,0.0,0.0,0.0,"(73, 675, 180)","(73.0, 675.0, 180)"
413,206,1,x1_x2_x1,-7427.7281053791685,7129.0,89238.48094342767,"(1107, 75, 90)","(1107.0, 75.0, 90)"
414,207,0,x1_x2_x1,0.0,0.0,0.0,"(685, 150, 90)","(1054.0, 150.0, 90)"
415,207,1,XRSTR_0_x2_x1,-5890.591195962106,5638.5,63549.97108160507,"(203, 163, 0)","(203.0, 163.0, 0)"
416,208,0,XRSTR_0_x2_x1,0.0,0.0,0.0,"(1554, 272, 90)","(1554.0, 272.0, 90)"
417,208,1,x1_x2_x1,-6788.428082440631,6494.5,86393.7176472266,"(1600, 1492, 90)","(1600.0, 1492.0, 90)"
418,209,0,XRSTR_0_x2_x1,0.0,0.0,0.0,"(1760, 1674, 270)","(1760.0, 1674.0, 270)"
419,209,1,x1_x2_x1,-5834.394218180897,5619.5,46179.525007579046,"(1247, 1226, 90)","(1000.0, 1226.0, 90)"
420,210,0,x1_x2_x1,0.0,0.0,0.0,"(645, 1936, 270)","(645.0, 1936.0, 270)"
421,210,1,XRSTR_0_x2_x1,-7518.785400145429,7217.0,91074.4277409369,"(1351, 332, 90)","(1351.0, 332.0, 90)"
422,211,0,x1_x2_x1,0.0,0.0,0.0,"(966, 1502, 180)","(966.0, 850.0, 180)"
423,211,1,XRSTR_0_x2_x1,-6319.2184308916585,6054.5,70075.84765374198,"(680, 1610, 180)","(680.0, 1610.0, 180)"
424,212,0,XRSTR_0_x2_x1,0.0,0.0,0.0,"(903, 394, 270)","(903.0, 394.0, 270)"
425,212,1,x1_x2_x1,-6744.910199343859,6509.0,55653.62215445939,"(1180, 1995, 270)","(1180.0, 1995.0, 270)"
426,213,0,x1_x2_x1,0.0,0.0,0.0,"(306, 1427, 270)","(306.0, 1427.0, 270)"
427,213,1,XRSTR_0_x2_x1,-7681.308572522178,7384.5,88095.32872265312,"(1582, 1862, 270)","(1582.0, 1862.0, 270)"
428,214,0,XRSTR_0_x2_x1,0.0,0.0,0.0,"(1621, 1159, 0)","(1621.0, 1159.0, 0)"
429,214,1,x1_x2_x1,-5838.369132643469,5628.0,44255.171969165465,"(666, 1040, 270)","(666.0, 1040.0, 270)"
430,215,0,XRSTR_0_x2_x1,0.0,0.0,0.0,"(1280, 1777, 270)","(1280.0, 1777.0, 270)"
431,215,1,x1_x2_x1,-5200.600295055415,4935.5,70278.1664384681,"(1672, 1452, 90)","(2040.0, 1452.0, 90)"
432,216,0,XRSTR_0_x2_x1,0.0,0.0,0.0,"(1289, 1061, 270)","(1289.0, 1061.0, 270)"
433,216,1,x1_x2_x1,-7039.907074296707,6755.0,81172.04098430926,"(613, 1748, 270)","(529.0, 1748.0, 270)"
434,217,0,x1_x2_x1,0.0,0.0,0.0,"(1606, 1176, 90)","(1606.0, 829.0, 90)"
435,217,1,XRSTR_0_x2_x1,-6872.969200168132,6585.0,82926.26024547375,"(1299, 1884, 90)","(1299.0, 1884.0, 90)"
436,218,0,XRSTR_0_x2_x1,0.0,0.0,0.0,"(276, 805, 270)","(276.0, 805.0, 270)"
437,218,1,x1_x2_x1,-5875.247560341203,5679.5,38317.10737953279,"(121, 1635, 90)","(121.0, 1860.0, 90)"
438,219,0,XRSTR_0_x2_x1,0.0,0.0,0.0,"(1815, 1887, 90)","(1815.0, 1887.0, 90)"
439,219,1,x1_x2_x1,-7524.802026927884,7221.0,92295.6715654906,"(1928, 320, 90)","(1928.0, 320.0, 90)"
440,220,0,x1_x2_x1,0.0,0.0,0.0,"(1964, 168, 0)","(2388.0, 168.0, 0)"
441,220,1,XRSTR_0_x2_x1,-6068.09956110844,5875.5,37094.59093916384,"(1424, 473, 90)","(1424.0, 473.0, 90)"
442,221,0,XRSTR_0_x2_x1,0.0,0.0,0.0,"(1544, 471, 90)","(1544.0, 471.0, 90)"
443,221,1,x1_x2_x1,-6289.7478226325775,6080.0,43994.14909910725,"(1814, 1662, 270)","(1814.0, 1662.0, 270)"
444,222,0,XRSTR_0_x2_x1,0.0,0.0,0.0,"(1088, 717, 270)","(1088.0, 717.0, 270)"
445,222,1,x1_x2_x1,-5750.281527387701,5488.5,68529.56808143768,"(1862, 286, 180)","(2052.0, 286.0, 180)"
446,223,0,x1_x2_x1,0.0,0.0,0.0,"(85, 1062, 90)","(-307.0, 1062.0, 90)"
447,223,1,XRSTR_0_x2_x1,-4567.023620319601,4406.0,25928.606300831125,"(453, 1558, 90)","(453.0, 1558.0, 90)"
448,224,0,XRSTR_0_x2_x1,0.0,0.0,0.0,"(1, 39, 270)","(1.0, 39.0, 270)"
449,224,1,x1_x2_x1,-6587.205501918272,6351.0,55793.039136462714,"(261, 1544, 270)","(261.0, 1544.0, 270)"
450,225,0,x1_x2_x1,0.0,0.0,0.0,"(285, 1426, 270)","(-210.0, 1426.0, 270)"
451,225,1,XRSTR_0_x2_x1,-5411.060381537725,5171.0,57628.986784038454,"(550, 899, 90)","(550.0, 899.0, 90)"
452,226,0,x1_x2_x1,0.0,0.0,0.0,"(519, 1678, 270)","(519.0, 2194.0, 270)"
453,226,1,XRSTR_0_x2_x1,-5793.743127257942,5602.0,36765.426850655436,"(352, 1139, 90)","(352.0, 1139.0, 90)"
454,227,0,XRSTR_0_x2_x1,0.0,0.0,0.0,"(833, 1420, 270)","(833.0, 1420.0, 270)"
455,227,1,x1_x2_x1,-5730.419885700937,5503.0,51719.804412227015,"(869, 911, 180)","(869.0, 569.0, 180)"
456,228,0,XRSTR_0_x2_x1,0.0,0.0,0.0,"(613, 52, 270)","(613.0, 52.0, 270)"
457,228,1,x1_x2_x1,-6347.775638162698,6081.0,71169.24111711458,"(1330, 1077, 0)","(1330.0, 1077.0, 0)"
458,229,0,XRSTR_0_x2_x1,0.0,0.0,0.0,"(806, 1732, 180)","(806.0, 1732.0, 180)"
459,229,1,x1_x2_x1,-5286.420141502998,5099.5,34939.139299501,"(1005, 1663, 270)","(1657.0, 1663.0, 270)"
460,230,0,x1_x2_x1,0.0,0.0,0.0,"(433, 2035, 0)","(433.0, 2035.0, 0)"
461,230,1,XRSTR_0_x2_x1,-7741.44761480682,7432.5,95448.62869482282,"(1145, 1012, 0)","(1145.0, 1012.0, 0)"
462,231,0,x1_x2_x1,0.0,0.0,0.0,"(2070, 2102, 90)","(2070.0, 2102.0, 90)"
463,231,1,XRSTR_0_x2_x1,-7318.01293422357,7028.5,83817.73908274069,"(677, 1962, 0)","(677.0, 1962.0, 0)"
464,232,0,XRSTR_0_x2_x1,0.0,0.0,0.0,"(928, 870, 90)","(928.0, 870.0, 90)"
465,232,1,x1_x2_x1,-7493.56198173558,7190.5,91846.56477349719,"(1901, 1511, 90)","(1901.0, 1511.0, 90)"
466,233,0,x1_x2_x1,0.0,0.0,0.0,"(968, 984, 270)","(1322.0, 984.0, 270)"
467,233,1,XRSTR_0_x2_x1,-4451.537408247965,4282.5,28573.64538718901,"(562, 609, 270)","(562.0, 609.0, 270)"
468,234,0,x1_x2_x1,0.0,0.0,0.0,"(1997, 572, 90)","(1997.0, 572.0, 90)"
469,234,1,XRSTR_0_x2_x1,-8882.443369192188,8557.0,105913.38655116317,"(606, 1529, 90)","(606.0, 1529.0, 90)"
470,235,0,x1_x2_x1,0.0,0.0,0.0,"(845, 1628, 0)","(845.0, 1628.0, 0)"
471,235,1,XRSTR_0_x2_x1,-9175.03689560903,8832.5,117331.52485347129,"(1776, 124, 270)","(1776.0, 124.0, 270)"
472,236,0,x1_x2_x1,0.0,0.0,0.0,"(2003, 2081, 270)","(2003.0, 2081.0, 270)"
473,236,1,XRSTR_0_x2_x1,-9985.90509466474,9660.0,106214.13072843349,"(832, 1, 90)","(832.0, 1.0, 90)"
474,237,0,x1_x2_x1,0.0,0.0,0.0,"(275, 1684, 270)","(-93.0, 1684.0, 270)"
475,237,1,XRSTR_0_x2_x1,-6113.034910260974,5833.5,78139.76605461087,"(667, 1726, 270)","(667.0, 1726.0, 270)"
476,238,0,XRSTR_0_x2_x1,0.0,0.0,0.0,"(125, 1363, 270)","(125.0, 1363.0, 270)"
477,238,1,x1_x2_x1,-4871.31106969197,4698.0,30036.72687777489,"(473, 2005, 270)","(885.0, 2005.0, 270)"
478,239,0,XRSTR_0_x2_x1,0.0,0.0,0.0,"(418, 262, 90)","(418.0, 262.0, 90)"
479,239,1,x1_x2_x1,-5452.714126926232,5271.5,32838.55979763667,"(1189, 27, 270)","(1189.0, 27.0, 270)"
480,240,0,XRSTR_0_x2_x1,0.0,0.0,0.0,"(717, 1366, 90)","(717.0, 1366.0, 90)"
481,240,1,x1_x2_x1,-6294.177353338499,6066.0,52064.90457656233,"(1468, 2060, 270)","(1477.0, 2060.0, 270)"
482,241,0,XRSTR_0_x2_x1,0.0,0.0,0.0,"(17, 1634, 270)","(17.0, 1634.0, 270)"
483,241,1,x1_x2_x1,-6371.368146393518,6099.0,74184.40716984095,"(676, 542, 90)","(676.0, 542.0, 90)"
484,242,0,XRSTR_0_x2_x1,0.0,0.0,0.0,"(519, 1301, 270)","(519.0, 1301.0, 270)"
485,242,1,x1_x2_x1,-7546.7960193227855,7249.0,88682.46912449689,"(1647, 103, 90)","(1647.0, 103.0, 90)"
486,243,0,x1_x2_x1,0.0,0.0,0.0,"(1089, 251, 270)","(1089.0, 251.0, 270)"
487,243,1,XRSTR_0_x2_x1,-8111.986311608676,7833.5,77554.62575340488,"(338, 1787, 90)","(338.0, 1787.0, 90)"
488,244,0,x1_x2_x1,0.0,0.0,0.0,"(1418, 561, 270)","(1418.0, 561.0, 270)"
489,244,1,XRSTR_0_x2_x1,-7939.478475638274,7671.5,71812.46340541297,"(73, 1422, 90)","(73.0, 1422.0, 90)"
490,245,0,x1_x2_x1,0.0,0.0,0.0,"(1619, 1078, 90)","(1619.0, 1078.0, 90)"
491,245,1,XRSTR_0_x2_x1,-5420.3570377921715,5169.5,62929.25340986314,"(559, 994, 270)","(559.0, 994.0, 270)"
492,246,0,XRSTR_0_x2_x1,0.0,0.0,0.0,"(1856, 206, 90)","(1856.0, 206.0, 90)"
493,246,1,x1_x2_x1,-4917.487859890862,4741.5,30971.72682896573,"(1035, 758, 90)","(1035.0, 758.0, 90)"
494,247,0,XRSTR_0_x2_x1,0.0,0.0,0.0,"(810, 1270, 180)","(810.0, 1270.0, 180)"
495,247,1,x1_x2_x1,-5685.067223813658,5422.5,68941.54702121162,"(208, 1948, 0)","(208.0, 2030.0, 0)"
496,248,0,XRSTR_0_x2_x1,0.0,0.0,0.0,"(1846, 1425, 270)","(1846.0, 1425.0, 270)"
497,248,1,x1_x2_x1,-5358.276529612254,5180.0,31782.52101058903,"(1175, 1608, 90)","(1086.0, 1608.0, 90)"
498,249,0,XRSTR_0_x2_x1,0.0,0.0,0.0,"(877, 1128, 270)","(877.0, 1128.0, 270)"
499,249,1,x1_x2_x1,-5354.258285830577,5157.5,38713.823042986834,"(333, 1142, 90)","(117.0, 1142.0, 90)"
500,250,0,x1_x2_x1,0.0,0.0,0.0,"(1350, 318, 90)","(1350.0, 318.0, 90)"
501,250,1,XRSTR_0_x2_x1,-5707.236795833236,5536.0,29322.04024723353,"(1306, 1551, 270)","(1306.0, 1551.0, 270)"
502,251,0,x1_x2_x1,0.0,0.0,0.0,"(560, 827, 0)","(560.0, 972.0, 0)"
503,251,1,XRSTR_0_x2_x1,-5707.840008299384,5465.5,58728.67962254536,"(428, 121, 270)","(428.0, 121.0, 270)"
504,252,0,x1_x2_x1,0.0,0.0,0.0,"(649, 666, 270)","(963.0, 666.0, 270)"
505,252,1,XRSTR_0_x2_x1,-4428.919492944516,4275.5,23537.540815352248,"(203, 1046, 270)","(203.0, 1046.0, 270)"
506,253,0,XRSTR_0_x2_x1,0.0,0.0,0.0,"(1512, 1741, 90)","(1512.0, 1741.0, 90)"
507,253,1,x1_x2_x1,-5423.758879198355,5218.5,42131.20748976495,"(1814, 1788, 270)","(2272.0, 1788.0, 270)"
508,254,0,x1_x2_x1,0.0,0.0,0.0,"(1821, 756, 270)","(1821.0, 756.0, 270)"
509,254,1,XRSTR_0_x2_x1,-7774.117009554895,7515.5,66882.75763111674,"(76, 1771, 270)","(76.0, 1771.0, 270)"
510,255,0,x1_x2_x1,0.0,0.0,0.0,"(1599, 330, 270)","(1599.0, 330.0, 270)"
511,255,1,XRSTR_0_x2_x1,-8576.295715405218,8289.5,82251.78237479145,"(505, 1751, 180)","(505.0, 1751.0, 180)"
512,256,0,XRSTR_0_x2_x1,0.0,0.0,0.0,"(730, 1366, 90)","(273.0, 1366.0, 90)"
513,256,1,x1_x2_x1,-6225.4764450178955,5981.0,59768.73216858786,"(1237, 1464, 180)","(1237.0, 1464.0, 180)"
514,257,0,XRSTR_0_x2_x1,0.0,0.0,0.0,"(131, 894, 90)","(131.0, 894.0, 90)"
515,257,1,x1_x2_x1,-6251.099613409286,6022.0,52486.632864284016,"(712, 425, 0)","(712.0, 43.0, 0)"
516,258,0,XRSTR_0_x2_x1,0.0,0.0,0.0,"(1053, 1203, 90)","(1053.0, 1203.0, 90)"
517,258,1,x1_x2_x1,-6472.500911269968,6196.5,76176.50302185302,"(155, 2029, 0)","(155.0, 2054.0, 0)"
518,259,0,XRSTR_0_x2_x1,0.0,0.0,0.0,"(604, 371, 180)","(604.0, 371.0, 180)"
519,259,1,x1_x2_x1,-6116.39269488413,5848.5,71766.49597228148,"(25, 279, 270)","(-247.0, 279.0, 270)"
520,260,0,XRSTR_0_x2_x1,0.0,0.0,0.0,"(1115, 1538, 90)","(1115.0, 1538.0, 90)"
521,260,1,x1_x2_x1,-4049.3439127447637,3916.0,17780.59906608308,"(551, 1721, 90)","(355.0, 1721.0, 90)"
522,261,0,XRSTR_0_x2_x1,0.0,0.0,0.0,"(738, 759, 270)","(738.0, 759.0, 270)"
523,261,1,x1_x2_x1,-7126.683543015401,6826.5,90110.15949727873,"(157, 1388, 0)","(157.0, 1610.0, 0)"
524,262,0,XRSTR_0_x2_x1,0.0,0.0,0.0,"(1348, 967, 270)","(1348.0, 967.0, 270)"
525,262,1,x1_x2_x1,-6634.697543101852,6363.5,73548.10738448099,"(902, 1456, 270)","(588.0, 1456.0, 270)"
526,263,0,XRSTR_0_x2_x1,0.0,0.0,0.0,"(2008, 1683, 90)","(2008.0, 1683.0, 90)"
527,263,1,x1_x2_x1,-5333.370398460793,5155.0,31815.999047061985,"(2086, 1525, 270)","(2768.0, 1525.0, 270)"
528,264,0,XRSTR_0_x2_x1,0.0,0.0,0.0,"(1096, 1671, 90)","(1096.0, 1671.0, 90)"
529,264,1,x1_x2_x1,-5758.1287191171905,5558.5,39851.62549636996,"(2070, 1609, 270)","(2070.0, 1609.0, 270)"
530,265,0,XRSTR_0_x2_x1,0.0,0.0,0.0,"(413, 507, 90)","(413.0, 507.0, 90)"
531,265,1,x1_x2_x1,-9328.445508272247,8988.5,115562.94859447647,"(2002, 1431, 90)","(2002.0, 1431.0, 90)"
532,266,0,x1_x2_x1,0.0,0.0,0.0,"(2015, 1672, 270)","(2015.0, 1672.0, 270)"
533,266,1,XRSTR_0_x2_x1,-7800.076367534671,7528.0,74025.5497708612,"(887, 615, 0)","(887.0, 615.0, 0)"
534,267,0,x1_x2_x1,0.0,0.0,0.0,"(469, 556, 270)","(469.0, 556.0, 270)"
535,267,1,XRSTR_0_x2_x1,-6501.6849491824805,6228.5,74630.01645983447,"(359, 1799, 270)","(359.0, 1799.0, 270)"
536,268,0,XRSTR_0_x2_x1,0.0,0.0,0.0,"(1174, 1924, 90)","(1174.0, 1924.0, 90)"
537,268,1,x1_x2_x1,-6629.668806104992,6347.0,79901.65394482156,"(1362, 953, 90)","(1362.0, 869.0, 90)"
538,269,0,XRSTR_0_x2_x1,0.0,0.0,0.0,"(1396, 991, 270)","(1396.0, 991.0, 270)"
539,269,1,x1_x2_x1,-6745.975280131645,6503.5,58794.26147491969,"(829, 1914, 90)","(829.0, 2046.0, 90)"
540,270,0,XRSTR_0_x2_x1,0.0,0.0,0.0,"(570, 522, 90)","(570.0, 522.0, 90)"
541,270,1,x1_x2_x1,-5930.433170870997,5719.5,44492.80257369325,"(1229, 52, 270)","(1330.0, 52.0, 270)"
542,271,0,x1_x2_x1,0.0,0.0,0.0,"(1294, 1072, 180)","(1294.0, 1149.0, 180)"
543,271,1,XRSTR_0_x2_x1,-4246.752794312177,4076.5,28986.013971104312,"(1463, 389, 180)","(1463.0, 389.0, 180)"
544,272,0,x1_x2_x1,0.0,0.0,0.0,"(591, 1915, 270)","(591.0, 2095.0, 270)"
545,272,1,XRSTR_0_x2_x1,-5999.180079205104,5798.0,40473.42426897225,"(326, 1040, 90)","(326.0, 1040.0, 90)"
546,273,0,XRSTR_0_x2_x1,0.0,0.0,0.0,"(1393, 1342, 0)","(1393.0, 1342.0, 0)"
547,273,1,x1_x2_x1,-6149.298233025943,5907.0,58708.43372749415,"(415, 1387, 270)","(415.0, 1387.0, 270)"
548,274,0,XRSTR_0_x2_x1,0.0,0.0,0.0,"(1997, 1504, 90)","(1997.0, 1504.0, 90)"
549,274,1,x1_x2_x1,-7517.510626954804,7265.5,63509.35609815359,"(632, 234, 0)","(632.0, 234.0, 0)"
550,275,0,XRSTR_0_x2_x1,0.0,0.0,0.0,"(862, 791, 180)","(862.0, 791.0, 180)"
551,275,1,x1_x2_x1,-6677.909032905395,6439.5,56838.86697088593,"(1658, 52, 270)","(1713.0, 52.0, 270)"
552,276,0,x1_x2_x1,0.0,0.0,0.0,"(725, 32, 90)","(725.0, 32.0, 90)"
553,276,1,XRSTR_0_x2_x1,-6300.507105500825,6082.0,47745.35515434863,"(2109, 742, 90)","(2109.0, 742.0, 90)"
554,277,0,x1_x2_x1,0.0,0.0,0.0,"(1994, 509, 0)","(2099.0, 509.0, 0)"
555,277,1,XRSTR_0_x2_x1,-6817.4204764835695,6533.0,80895.00744314093,"(1135, 137, 90)","(1135.0, 137.0, 90)"
556,278,0,XRSTR_0_x2_x1,0.0,0.0,0.0,"(169, 739, 90)","(-586.0, 739.0, 90)"
557,278,1,x1_x2_x1,-6269.6192362675,6019.0,62810.00158730486,"(378, 799, 180)","(378.0, 799.0, 180)"
558,279,0,x1_x2_x1,0.0,0.0,0.0,"(450, 233, 180)","(450.0, 233.0, 180)"
559,279,1,XRSTR_0_x2_x1,-10180.656587086421,9821.0,129352.86063465285,"(2006, 1657, 270)","(2006.0, 1657.0, 270)"
560,280,0,XRSTR_0_x2_x1,0.0,0.0,0.0,"(1887, 377, 0)","(1887.0, 377.0, 0)"
561,280,1,x1_x2_x1,-9449.042782002585,9105.0,118365.43584807875,"(331, 1443, 270)","(331.0, 1443.0, 270)"
562,281,0,XRSTR_0_x2_x1,0.0,0.0,0.0,"(1274, 1507, 90)","(1274.0, 1507.0, 90)"
563,281,1,x1_x2_x1,-5774.837423180947,5579.5,38156.708894972246,"(557, 432, 0)","(557.0, 432.0, 0)"
564,282,0,XRSTR_0_x2_x1,0.0,0.0,0.0,"(350, 225, 90)","(350.0, 225.0, 90)"
565,282,1,x1_x2_x1,-5742.123577007895,5519.5,49561.25703978985,"(1018, 573, 270)","(1110.0, 573.0, 270)"
566,283,0,XRSTR_0_x2_x1,0.0,0.0,0.0,"(1120, 1083, 180)","(1120.0, 1083.0, 180)"
567,283,1,x1_x2_x1,-6113.612649193942,5862.0,63308.92523439368,"(1282, 713, 180)","(1282.0, 323.0, 180)"
568,284,0,x1_x2_x1,0.0,0.0,0.0,"(1945, 1039, 270)","(1945.0, 1039.0, 270)"
569,284,1,XRSTR_0_x2_x1,-8032.35746880684,7771.5,68046.61903231159,"(98, 1448, 180)","(98.0, 1448.0, 180)"
570,285,0,x1_x2_x1,0.0,0.0,0.0,"(889, 787, 270)","(1544.0, 787.0, 270)"
571,285,1,XRSTR_0_x2_x1,-4231.076352133645,4062.5,28417.986498686663,"(784, 632, 270)","(784.0, 632.0, 270)"
572,286,0,x1_x2_x1,0.0,0.0,0.0,"(1326, 1357, 90)","(1502.0, 1357.0, 90)"
573,286,1,XRSTR_0_x2_x1,-6268.94320367464,5970.5,89068.34581958292,"(742, 1453, 90)","(742.0, 1453.0, 90)"
574,287,0,x1_x2_x1,0.0,0.0,0.0,"(1958, 1743, 90)","(2217.0, 1743.0, 90)"
575,287,1,XRSTR_0_x2_x1,-5571.1051222261995,5376.0,38066.00871890027,"(1366, 1580, 180)","(1366.0, 1580.0, 180)"
576,288,0,XRSTR_0_x2_x1,0.0,0.0,0.0,"(1945, 970, 90)","(2219.0, 970.0, 90)"
577,288,1,x1_x2_x1,-4798.79245098826,4628.5,28999.518863588888,"(1255, 1055, 180)","(1255.0, 1055.0, 180)"
578,289,0,x1_x2_x1,0.0,0.0,0.0,"(448, 1346, 270)","(448.0, 1346.0, 270)"
579,289,1,XRSTR_0_x2_x1,-5628.591833329392,5405.0,49993.30793159876,"(745, 239, 90)","(745.0, 239.0, 90)"
580,290,0,x1_x2_x1,0.0,0.0,0.0,"(1297, 1102, 270)","(1297.0, 1102.0, 270)"
581,290,1,XRSTR_0_x2_x1,-4771.730349250138,4584.5,35055.20368032859,"(284, 931, 270)","(284.0, 931.0, 270)"
582,291,0,x1_x2_x1,0.0,0.0,0.0,"(184, 1237, 270)","(184.0, 1237.0, 270)"
583,291,1,XRSTR_0_x2_x1,-6120.783303495781,5905.5,46346.90076405657,"(112, 551, 0)","(112.0, 273.0, 0)"
584,292,0,x1_x2_x1,0.0,0.0,0.0,"(1122, 423, 180)","(1122.0, 423.0, 180)"
585,292,1,XRSTR_0_x2_x1,-8575.164873706724,8244.5,109339.25870348403,"(28, 1470, 180)","(28.0, 1470.0, 180)"
586,293,0,x1_x2_x1,0.0,0.0,0.0,"(308, 421, 270)","(308.0, 421.0, 270)"
587,293,1,XRSTR_0_x2_x1,-7518.015595397563,7214.5,92121.71664953687,"(1543, 31, 270)","(1543.0, 31.0, 270)"
588,294,0,XRSTR_0_x2_x1,0.0,0.0,0.0,"(464, 107, 90)","(464.0, 107.0, 90)"
589,294,1,x1_x2_x1,-4089.0251726939377,3955.5,17828.971742945872,"(357, 327, 90)","(-296.0, 327.0, 90)"
590,295,0,XRSTR_0_x2_x1,0.0,0.0,0.0,"(2043, 2089, 270)","(2043.0, 2089.0, 270)"
591,295,1,x1_x2_x1,-8326.82453058433,8024.5,91400.12179303513,"(381, 1720, 270)","(381.0, 1720.0, 270)"
592,296,0,XRSTR_0_x2_x1,0.0,0.0,0.0,"(1427, 209, 270)","(1427.0, 209.0, 270)"
593,296,1,x1_x2_x1,-10056.532801959982,9699.0,127829.7044773552,"(295, 1996, 270)","(295.0, 1996.0, 270)"
594,297,0,XRSTR_0_x2_x1,0.0,0.0,0.0,"(837, 238, 270)","(837.0, 238.0, 270)"
595,297,1,x1_x2_x1,-6423.028041618569,6205.5,47318.448890409956,"(1735, 1445, 180)","(1735.0, 1445.0, 180)"
596,298,0,x1_x2_x1,0.0,0.0,0.0,"(412, 145, 90)","(412.0, -501.0, 90)"
597,298,1,XRSTR_0_x2_x1,-6382.166658446524,6118.5,69520.10677635609,"(271, 463, 180)","(271.0, 463.0, 180)"
598,299,0,XRSTR_0_x2_x1,0.0,0.0,0.0,"(1203, 19, 270)","(1203.0, 19.0, 270)"
599,299,1,x1_x2_x1,-5700.25665785784,5465.5,55110.68840858291,"(1576, 570, 0)","(1576.0, 870.0, 0)"
600,300,0,x1_x2_x1,0.0,0.0,0.0,"(809, 686, 90)","(809.0, 686.0, 90)"
601,300,1,XRSTR_0_x2_x1,-5885.214733218018,5652.5,54156.14705673346,"(1666, 973, 270)","(1666.0, 973.0, 270)"
602,301,0,XRSTR_0_x2_x1,0.0,0.0,0.0,"(1327, 1793, 270)","(1327.0, 1793.0, 270)"
603,301,1,x1_x2_x1,-6861.689215108973,6638.0,50036.8649560684,"(1094, 286, 90)","(1094.0, 286.0, 90)"
604,302,0,x1_x2_x1,0.0,0.0,0.0,"(1627, 1691, 180)","(1627.0, 2181.0, 180)"
605,302,1,XRSTR_0_x2_x1,-5449.859708477418,5241.5,43413.768116794614,"(1697, 1421, 0)","(1697.0, 1421.0, 0)"
606,303,0,XRSTR_0_x2_x1,0.0,0.0,0.0,"(1541, 559, 270)","(1541.0, 559.0, 270)"
607,303,1,x1_x2_x1,-5013.981172161047,4742.5,73702.02683793606,"(1546, 427, 90)","(2301.0, 427.0, 90)"
608,304,0,x1_x2_x1,0.0,0.0,0.0,"(1210, 318, 90)","(1491.0, 318.0, 90)"
609,304,1,XRSTR_0_x2_x1,-6602.4913893281755,6325.5,76724.22976195275,"(731, 769, 90)","(731.0, 769.0, 90)"
610,305,0,x1_x2_x1,0.0,0.0,0.0,"(1510, 1726, 90)","(1721.0, 1726.0, 90)"
611,305,1,XRSTR_0_x2_x1,-5812.803394436867,5546.5,70917.49788859778,"(961, 1062, 270)","(961.0, 1062.0, 270)"
612,306,0,x1_x2_x1,0.0,0.0,0.0,"(1247, 1188, 90)","(1247.0, 1218.0, 90)"
613,306,1,XRSTR_0_x2_x1,-5591.832304542234,5370.5,48987.98903397617,"(966, 163, 270)","(966.0, 163.0, 270)"
614,307,0,x1_x2_x1,0.0,0.0,0.0,"(84, 574, 90)","(84.0, 574.0, 90)"
615,307,1,XRSTR_0_x2_x1,-7187.139701731338,6932.0,65096.267399556324,"(590, 1955, 270)","(590.0, 1955.0, 270)"
616,308,0,XRSTR_0_x2_x1,0.0,0.0,0.0,"(1055, 1547, 270)","(1055.0, 1547.0, 270)"
617,308,1,x1_x2_x1,-6200.5814670601385,5930.5,72943.9988493569,"(2109, 2109, 90)","(2109.0, 2109.0, 90)"
618,309,0,x1_x2_x1,0.0,0.0,0.0,"(1140, 1309, 180)","(1140.0, 1857.0, 180)"
619,309,1,XRSTR_0_x2_x1,-4015.4596049986267,3870.5,21013.28708135789,"(1103, 1097, 180)","(1103.0, 1097.0, 180)"
620,310,0,x1_x2_x1,0.0,0.0,0.0,"(1730, 1969, 0)","(1730.0, 1969.0, 0)"
621,310,1,XRSTR_0_x2_x1,-8417.226770240819,8103.0,98738.46313597598,"(1354, 224, 90)","(1354.0, 224.0, 90)"
622,311,0,XRSTR_0_x2_x1,0.0,0.0,0.0,"(1401, 1001, 90)","(1401.0, 1001.0, 90)"
623,311,1,x1_x2_x1,-6437.853947268461,6162.5,75819.79627632209,"(1555, 55, 180)","(1555.0, 55.0, 180)"
624,312,0,XRSTR_0_x2_x1,0.0,0.0,0.0,"(1127, 217, 90)","(1127.0, 217.0, 90)"
625,312,1,x1_x2_x1,-6943.069605247068,6700.0,59082.83299496536,"(222, 1715, 180)","(222.0, 1715.0, 180)"
626,313,0,x1_x2_x1,0.0,0.0,0.0,"(169, 2000, 270)","(169.0, 2035.0, 270)"
627,313,1,XRSTR_0_x2_x1,-5875.665679135695,5623.0,63839.945413102214,"(627, 980, 90)","(627.0, 980.0, 90)"
628,314,0,XRSTR_0_x2_x1,0.0,0.0,0.0,"(1303, 798, 270)","(1303.0, 798.0, 270)"
629,314,1,x1_x2_x1,-4815.193472712518,4569.5,60365.28253353708,"(1640, 865, 90)","(2063.0, 865.0, 90)"
630,315,0,x1_x2_x1,0.0,0.0,0.0,"(1714, 1758, 90)","(1714.0, 1758.0, 90)"
631,315,1,XRSTR_0_x2_x1,-10715.513336815626,10340.5,140635.00278959,"(92, 191, 0)","(92.0, 191.0, 0)"
632,316,0,XRSTR_0_x2_x1,0.0,0.0,0.0,"(308, 1609, 90)","(308.0, 1609.0, 90)"
633,316,1,x1_x2_x1,-7825.5131570804915,7575.0,62756.84187043499,"(2046, 1964, 180)","(2046.0, 1964.0, 180)"
634,317,0,x1_x2_x1,0.0,0.0,0.0,"(1277, 1158, 180)","(1277.0, 1002.0, 180)"
635,317,1,XRSTR_0_x2_x1,-7303.823141467051,7007.0,88103.97731036866,"(1999, 1853, 270)","(1999.0, 1853.0, 270)"
636,318,0,XRSTR_0_x2_x1,0.0,0.0,0.0,"(1043, 1402, 90)","(1043.0, 1402.0, 90)"
637,318,1,x1_x2_x1,-6278.270948710136,6037.5,57970.64974277892,"(657, 265, 180)","(657.0, 265.0, 180)"
638,319,0,XRSTR_0_x2_x1,0.0,0.0,0.0,"(1165, 306, 90)","(1165.0, 306.0, 90)"
639,319,1,x1_x2_x1,-5913.81745210708,5648.5,70393.35039259266,"(491, 817, 0)","(201.0, 817.0, 0)"
640,320,0,x1_x2_x1,0.0,0.0,0.0,"(931, 1767, 90)","(931.0, 1767.0, 90)"
641,320,1,XRSTR_0_x2_x1,-6880.461438100275,6650.0,53112.474451246984,"(1249, 473, 0)","(1249.0, 473.0, 0)"
642,321,0,XRSTR_0_x2_x1,0.0,0.0,0.0,"(1235, 1694, 0)","(1235.0, 1694.0, 0)"
643,321,1,x1_x2_x1,-5138.39553531307,4960.5,31646.82148432359,"(285, 1572, 90)","(285.0, 1572.0, 90)"
644,322,0,x1_x2_x1,0.0,0.0,0.0,"(1187, 1268, 270)","(1757.0, 1268.0, 270)"
645,322,1,XRSTR_0_x2_x1,-5730.200027148105,5506.5,50041.702146062795,"(997, 933, 90)","(997.0, 933.0, 90)"
646,323,0,x1_x2_x1,0.0,0.0,0.0,"(1105, 353, 90)","(1157.0, 353.0, 90)"
647,323,1,XRSTR_0_x2_x1,-7051.488801953691,6761.0,84383.74406049064,"(306, 952, 180)","(306.0, 952.0, 180)"
648,324,0,x1_x2_x1,0.0,0.0,0.0,"(941, 1092, 180)","(506.0, 1092.0, 180)"
649,324,1,XRSTR_0_x2_x1,-5092.803374605922,4864.5,52122.430856452054,"(1470, 1243, 90)","(1470.0, 1243.0, 90)"
650,325,0,x1_x2_x1,0.0,0.0,0.0,"(564, 552, 180)","(564.0, 552.0, 180)"
651,325,1,XRSTR_0_x2_x1,-7487.166523974899,7185.0,91304.6082110734,"(1756, 1022, 180)","(1756.0, 1022.0, 180)"
652,326,0,XRSTR_0_x2_x1,0.0,0.0,0.0,"(574, 1860, 180)","(574.0, 1860.0, 180)"
653,326,1,x1_x2_x1,-5554.4582111350455,5375.5,32026.04133265556,"(254, 1857, 0)","(-481.0, 1857.0, 0)"
654,327,0,XRSTR_0_x2_x1,0.0,0.0,0.0,"(140, 309, 90)","(140.0, 309.0, 90)"
655,327,1,x1_x2_x1,-7782.911704356649,7517.5,70443.37280950158,"(1459, 1119, 180)","(1459.0, 1119.0, 180)"
656,328,0,XRSTR_0_x2_x1,0.0,0.0,0.0,"(304, 1156, 0)","(304.0, 1156.0, 0)"
657,328,1,x1_x2_x1,-6879.504230534336,6658.0,49064.12414460801,"(2101, 571, 0)","(2101.0, 571.0, 0)"
658,329,0,XRSTR_0_x2_x1,0.0,0.0,0.0,"(2084, 348, 180)","(2084.0, 348.0, 180)"
659,329,1,x1_x2_x1,-5408.132351774496,5219.5,35582.16413597701,"(1436, 1266, 90)","(1436.0, 1312.0, 90)"
660,330,0,XRSTR_0_x2_x1,0.0,0.0,0.0,"(1981, 1555, 270)","(1981.0, 1555.0, 270)"
661,330,1,x1_x2_x1,-6468.24081585961,6266.0,40901.34759956061,"(673, 1728, 90)","(673.0, 1728.0, 90)"
662,331,0,x1_x2_x1,0.0,0.0,0.0,"(678, 866, 270)","(678.0, 866.0, 270)"
663,331,1,XRSTR_0_x2_x1,-6220.799602377541,5954.5,70915.47822643662,"(1123, 2049, 90)","(1123.0, 2049.0, 90)"
664,332,0,XRSTR_0_x2_x1,0.0,0.0,0.0,"(412, 514, 0)","(412.0, 514.0, 0)"
665,332,1,x1_x2_x1,-6150.561026867916,5917.5,54317.442244727376,"(175, 1246, 90)","(175.0, 1478.0, 90)"
666,333,0,x1_x2_x1,0.0,0.0,0.0,"(345, 1845, 180)","(345.0, 1845.0, 180)"
667,333,1,XRSTR_0_x2_x1,-7732.046341225946,7470.0,68668.28494990483,"(2075, 787, 90)","(2075.0, 787.0, 90)"
668,334,0,x1_x2_x1,0.0,0.0,0.0,"(2091, 587, 0)","(2091.0, 45.0, 0)"
669,334,1,XRSTR_0_x2_x1,-4423.7519540127105,4252.5,29327.23175317165,"(1746, 805, 0)","(1746.0, 805.0, 0)"
670,335,0,x1_x2_x1,0.0,0.0,0.0,"(423, 1151, 90)","(904.0, 1151.0, 90)"
671,335,1,XRSTR_0_x2_x1,-6099.920369802235,5833.5,70979.81344555937,"(144, 1055, 90)","(144.0, 1055.0, 90)"
672,336,0,x1_x2_x1,0.0,0.0,0.0,"(2083, 1366, 270)","(2083.0, 1366.0, 270)"
673,336,1,XRSTR_0_x2_x1,-6587.3743497871,6373.5,45742.23749685502,"(376, 1848, 270)","(376.0, 1848.0, 270)"
674,337,0,x1_x2_x1,0.0,0.0,0.0,"(1582, 777, 90)","(1858.0, 777.0, 90)"
675,337,1,XRSTR_0_x2_x1,-6325.604028737658,6060.5,70280.14605293683,"(1098, 488, 90)","(1098.0, 488.0, 90)"
676,338,0,x1_x2_x1,0.0,0.0,0.0,"(1781, 414, 0)","(2157.0, 414.0, 0)"
677,338,1,XRSTR_0_x2_x1,-6877.057048919025,6589.0,82976.86343193772,"(1102, 105, 0)","(1102.0, 105.0, 0)"
678,339,0,XRSTR_0_x2_x1,0.0,0.0,0.0,"(1554, 1004, 180)","(1554.0, 1004.0, 180)"
679,339,1,x1_x2_x1,-4768.495992988576,4622.5,21314.829968720478,"(1870, 1457, 270)","(1870.0, 1968.0, 270)"
680,340,0,x1_x2_x1,0.0,0.0,0.0,"(741, 88, 0)","(741.0, 88.0, 0)"
681,340,1,XRSTR_0_x2_x1,-6214.992810451799,5972.0,59045.505931264204,"(1440, 195, 270)","(1705.0, 195.0, 270)"
682,341,0,XRSTR_0_x2_x1,0.0,0.0,0.0,"(1724, 34, 90)","(1724.0, 34.0, 90)"
683,341,1,x1_x2_x1,-8530.060135560374,8207.0,104367.85118828749,"(611, 1726, 270)","(611.0, 1726.0, 270)"
684,342,0,XRSTR_0_x2_x1,0.0,0.0,0.0,"(596, 303, 0)","(596.0, 303.0, 0)"
685,342,1,x1_x2_x1,-6395.269394380453,6162.0,54414.61035462352,"(1619, 782, 270)","(1619.0, 782.0, 270)"
686,343,0,x1_x2_x1,0.0,0.0,0.0,"(931, 1893, 0)","(931.0, 1893.0, 0)"
687,343,1,XRSTR_0_x2_x1,-6861.034281208037,6621.0,57616.45615505914,"(441, 471, 270)","(441.0, 471.0, 270)"
688,344,0,XRSTR_0_x2_x1,0.0,0.0,0.0,"(625, 689, 90)","(625.0, 689.0, 90)"
689,344,1,x1_x2_x1,-5350.8326340386375,5154.5,38546.50318854959,"(1151, 672, 270)","(1385.0, 672.0, 270)"
690,345,0,XRSTR_0_x2_x1,0.0,0.0,0.0,"(1168, 769, 180)","(1168.0, 769.0, 180)"
691,345,1,x1_x2_x1,-5898.223016618134,5643.0,65138.78821166049,"(1883, 1577, 0)","(1883.0, 1577.0, 0)"
692,346,0,x1_x2_x1,0.0,0.0,0.0,"(314, 526, 180)","(314.0, 398.0, 180)"
693,346,1,XRSTR_0_x2_x1,-5759.969911803029,5528.0,53810.039981905284,"(853, 1249, 90)","(853.0, 1249.0, 90)"
694,347,0,x1_x2_x1,0.0,0.0,0.0,"(1273, 1065, 270)","(1273.0, 729.0, 270)"
695,347,1,XRSTR_0_x2_x1,-6861.331872262384,6562.5,89300.48787984191,"(1518, 1784, 270)","(1518.0, 1784.0, 270)"
696,348,0,x1_x2_x1,0.0,0.0,0.0,"(962, 1712, 180)","(962.0, 1712.0, 180)"
697,348,1,XRSTR_0_x2_x1,-6208.680161185146,5993.5,46302.50176766555,"(244, 431, 180)","(244.0, 431.0, 180)"
698,349,0,XRSTR_0_x2_x1,0.0,0.0,0.0,"(246, 1636, 270)","(-416.0, 1636.0, 270)"
699,349,1,x1_x2_x1,-4972.761066317586,4757.0,46552.83773850147,"(548, 1694, 180)","(548.0, 1694.0, 180)"
700,350,0,XRSTR_0_x2_x1,0.0,0.0,0.0,"(2007, 2083, 270)","(2007.0, 2083.0, 270)"
701,350,1,x1_x2_x1,-10268.093788487527,9898.5,136599.5684885636,"(1056, 66, 270)","(1056.0, 66.0, 270)"
702,351,0,XRSTR_0_x2_x1,0.0,0.0,0.0,"(2077, 1237, 180)","(2077.0, 1237.0, 180)"
703,351,1,x1_x2_x1,-8883.891990093263,8551.0,110817.07706825352,"(593, 376, 180)","(593.0, 376.0, 180)"
704,352,0,XRSTR_0_x2_x1,0.0,0.0,0.0,"(1262, 2084, 270)","(1262.0, 2084.0, 270)"
705,352,1,x1_x2_x1,-7013.247835978754,6773.5,57479.02485649528,"(2022, 455, 270)","(2022.0, 455.0, 270)"
706,353,0,x1_x2_x1,0.0,0.0,0.0,"(304, 1534, 270)","(304.0, 1534.0, 270)"
707,353,1,XRSTR_0_x2_x1,-7301.002070494096,7009.0,85265.20917283939,"(1306, 330, 180)","(1306.0, 330.0, 180)"
708,354,0,x1_x2_x1,0.0,0.0,0.0,"(370, 1351, 90)","(892.0, 1351.0, 90)"
709,354,1,XRSTR_0_x2_x1,-4874.901757251654,4614.5,67809.07517974917,"(132, 1355, 270)","(132.0, 1355.0, 270)"
710,355,0,XRSTR_0_x2_x1,0.0,0.0,0.0,"(740, 1971, 90)","(740.0, 1971.0, 90)"
711,355,1,x1_x2_x1,-7902.877006795779,7605.0,88730.71117761308,"(701, 60, 90)","(701.0, 60.0, 90)"
712,356,0,x1_x2_x1,0.0,0.0,0.0,"(198, 1501, 270)","(198.0, 1501.0, 270)"
713,356,1,XRSTR_0_x2_x1,-6236.631086346812,5999.5,56231.15211201918,"(1316, 1097, 180)","(1316.0, 1097.0, 180)"
714,357,0,XRSTR_0_x2_x1,0.0,0.0,0.0,"(451, 380, 90)","(451.0, 380.0, 90)"
715,357,1,x1_x2_x1,-6685.433986982356,6394.5,84642.5847814496,"(1463, 176, 180)","(1463.0, 176.0, 180)"
716,358,0,x1_x2_x1,0.0,0.0,0.0,"(289, 1858, 0)","(289.0, 1858.0, 0)"
717,358,1,XRSTR_0_x2_x1,-9719.665829949156,9362.5,127567.43008326893,"(1922, 791, 0)","(1922.0, 791.0, 0)"
718,359,0,XRSTR_0_x2_x1,0.0,0.0,0.0,"(1597, 805, 270)","(1597.0, 805.0, 270)"
719,359,1,x1_x2_x1,-8046.66483721143,7745.0,91001.67400979846,"(305, 1455, 270)","(305.0, 1455.0, 270)"
720,360,0,XRSTR_0_x2_x1,0.0,0.0,0.0,"(371, 664, 270)","(371.0, 664.0, 270)"
721,360,1,x1_x2_x1,-5781.14429084107,5546.0,55292.8375151496,"(928, 1158, 0)","(928.0, 1515.0, 0)"
722,361,0,x1_x2_x1,0.0,0.0,0.0,"(2045, 625, 0)","(2045.0, 625.0, 0)"
723,361,1,XRSTR_0_x2_x1,-7285.574183212055,7028.0,66344.45985735698,"(1078, 1593, 180)","(1078.0, 1593.0, 180)"
724,362,0,x1_x2_x1,0.0,0.0,0.0,"(1001, 1217, 0)","(1001.0, 1217.0, 0)"
725,362,1,XRSTR_0_x2_x1,-6187.670211746474,5960.5,51606.30510493779,"(544, 1234, 90)","(37.0, 1234.0, 90)"
726,363,0,x1_x2_x1,0.0,0.0,0.0,"(1090, 748, 90)","(1699.0, 748.0, 90)"
727,363,1,XRSTR_0_x2_x1,-6112.088776965897,5833.5,77611.70665135425,"(939, 702, 90)","(939.0, 702.0, 90)"
728,364,0,XRSTR_0_x2_x1,0.0,0.0,0.0,"(1980, 1872, 180)","(1980.0, 1872.0, 180)"
729,364,1,x1_x2_x1,-6548.734107441706,6261.0,82790.91658527538,"(1798, 1047, 270)","(1798.0, 908.0, 270)"
730,365,0,x1_x2_x1,0.0,0.0,0.0,"(1123, 1481, 270)","(441.0, 1481.0, 270)"
731,365,1,XRSTR_0_x2_x1,-5707.27607455389,5465.5,58455.67022668815,"(1292, 1270, 180)","(1292.0, 1270.0, 180)"
732,366,0,XRSTR_0_x2_x1,0.0,0.0,0.0,"(1324, 1208, 90)","(1324.0, 1208.0, 90)"
733,366,1,x1_x2_x1,-4763.399827163438,4576.5,34931.54539372323,"(323, 1021, 90)","(323.0, 1021.0, 90)"
734,367,0,x1_x2_x1,0.0,0.0,0.0,"(1038, 1975, 270)","(526.0, 1975.0, 270)"
735,367,1,XRSTR_0_x2_x1,-5171.602010195968,4901.5,72955.09591190323,"(1286, 1684, 90)","(1286.0, 1684.0, 90)"
736,368,0,XRSTR_0_x2_x1,0.0,0.0,0.0,"(396, 1675, 90)","(396.0, 1675.0, 90)"
737,368,1,x1_x2_x1,-4075.2812199611567,3942.0,17763.883594334227,"(56, 1884, 90)","(-364.0, 1884.0, 90)"
738,369,0,XRSTR_0_x2_x1,0.0,0.0,0.0,"(1864, 241, 90)","(1864.0, 241.0, 90)"
739,369,1,x1_x2_x1,-4029.3179765793216,3882.5,21555.51824684618,"(1282, 266, 90)","(1104.0, 266.0, 90)"
740,370,0,XRSTR_0_x2_x1,0.0,0.0,0.0,"(163, 1857, 90)","(163.0, 1857.0, 90)"
741,370,1,x1_x2_x1,-8920.63150355095,8623.5,88287.13040244882,"(1398, 410, 270)","(1398.0, 410.0, 270)"
742,371,0,x1_x2_x1,0.0,0.0,0.0,"(440, 1120, 90)","(440.0, 1024.0, 90)"
743,371,1,XRSTR_0_x2_x1,-6192.18484787351,5983.5,43549.365731990016,"(853, 1988, 180)","(853.0, 1988.0, 180)"
744,372,0,x1_x2_x1,0.0,0.0,0.0,"(1392, 1628, 0)","(1392.0, 1628.0, 0)"
745,372,1,XRSTR_0_x2_x1,-4850.033046591082,4669.5,32592.180911457748,"(462, 1672, 270)","(428.0, 1672.0, 270)"
746,373,0,x1_x2_x1,0.0,0.0,0.0,"(160, 1559, 90)","(160.0, 1559.0, 90)"
747,373,1,XRSTR_0_x2_x1,-8542.035162110657,8255.5,82102.39912577995,"(1619, 520, 0)","(1619.0, 520.0, 0)"
748,374,0,XRSTR_0_x2_x1,0.0,0.0,0.0,"(2109, 1099, 0)","(2109.0, 1099.0, 0)"
749,374,1,x1_x2_x1,-4700.699177347691,4552.0,22111.445343880063,"(1931, 699, 90)","(1931.0, 135.0, 90)"
750,375,0,x1_x2_x1,0.0,0.0,0.0,"(1239, 193, 0)","(1239.0, 193.0, 0)"
751,375,1,XRSTR_0_x2_x1,-5912.9203845753655,5708.0,41992.36401451585,"(970, 1199, 90)","(970.0, 1199.0, 90)"
752,376,0,XRSTR_0_x2_x1,0.0,0.0,0.0,"(925, 1418, 270)","(262.0, 1418.0, 270)"
753,376,1,x1_x2_x1,-5063.370494193559,4836.0,51697.34162982339,"(1226, 1397, 180)","(1226.0, 1397.0, 180)"
754,377,0,XRSTR_0_x2_x1,0.0,0.0,0.0,"(1006, 506, 270)","(1006.0, 506.0, 270)"
755,377,1,x1_x2_x1,-4953.028166681519,4685.5,71571.31996797473,"(1225, 431, 90)","(1766.0, 431.0, 90)"
756,378,0,XRSTR_0_x2_x1,0.0,0.0,0.0,"(1342, 1410, 270)","(1342.0, 1410.0, 270)"
757,378,1,x1_x2_x1,-7990.2988306347415,7674.5,99728.90143027011,"(316, 580, 270)","(316.0, 580.0, 270)"
758,379,0,XRSTR_0_x2_x1,0.0,0.0,0.0,"(598, 1038, 180)","(598.0, 1038.0, 180)"
759,379,1,x1_x2_x1,-4928.109696823707,4762.5,27426.57168204019,"(1127, 1327, 270)","(1449.0, 1327.0, 270)"
760,380,0,XRSTR_0_x2_x1,0.0,0.0,0.0,"(1400, 1014, 180)","(1400.0, 1014.0, 180)"
761,380,1,x1_x2_x1,-5382.903477867484,5186.5,38574.326118443474,"(1377, 235, 0)","(1377.0, 235.0, 0)"
762,381,0,x1_x2_x1,0.0,0.0,0.0,"(2062, 1820, 270)","(2062.0, 1820.0, 270)"
763,381,1,XRSTR_0_x2_x1,-7430.885132637506,7176.0,64966.430839638895,"(1634, 239, 90)","(1634.0, 239.0, 90)"
764,382,0,XRSTR_0_x2_x1,0.0,0.0,0.0,"(587, 43, 270)","(587.0, 43.0, 270)"
765,382,1,x1_x2_x1,-7640.256048200032,7405.5,55110.40216649566,"(1242, 2093, 180)","(1242.0, 2093.0, 180)"
766,383,0,x1_x2_x1,0.0,0.0,0.0,"(1039, 876, 0)","(1039.0, 876.0, 0)"
767,383,1,XRSTR_0_x2_x1,-6212.657456622775,5995.5,47157.36096687219,"(1368, 1915, 270)","(1368.0, 1915.0, 270)"
768,384,0,XRSTR_0_x2_x1,0.0,0.0,0.0,"(986, 1490, 270)","(986.0, 1490.0, 270)"
769,384,1,x1_x2_x1,-5612.938769695355,5352.5,67828.35276043047,"(1338, 2057, 90)","(1746.0, 2057.0, 90)"
770,385,0,x1_x2_x1,0.0,0.0,0.0,"(429, 1397, 270)","(429.0, 1397.0, 270)"
771,385,1,XRSTR_0_x2_x1,-8824.644384105439,8499.0,106044.26489941031,"(1733, 382, 270)","(1733.0, 382.0, 270)"
772,386,0,XRSTR_0_x2_x1,0.0,0.0,0.0,"(1893, 318, 90)","(1893.0, 318.0, 90)"
773,386,1,x1_x2_x1,-5494.272827352736,5224.5,72777.37837788924,"(829, 324, 270)","(829.0, 324.0, 270)"
774,387,0,XRSTR_0_x2_x1,0.0,0.0,0.0,"(1845, 1940, 270)","(1845.0, 1940.0, 270)"
775,387,1,x1_x2_x1,-8712.297916159785,8422.0,84272.88012671375,"(214, 939, 90)","(214.0, 939.0, 90)"
776,388,0,x1_x2_x1,0.0,0.0,0.0,"(1124, 740, 0)","(1124.0, 740.0, 0)"
777,388,1,XRSTR_0_x2_x1,-6294.947184431799,6098.0,38788.19345561296,"(19, 973, 90)","(19.0, 973.0, 90)"
778,389,0,XRSTR_0_x2_x1,0.0,0.0,0.0,"(963, 758, 90)","(963.0, 758.0, 90)"
779,389,1,x1_x2_x1,-6091.581741893022,5835.0,65834.19027285735,"(1244, 893, 90)","(1723.0, 893.0, 90)"
780,390,0,x1_x2_x1,0.0,0.0,0.0,"(1146, 467, 0)","(1404.0, 467.0, 0)"
781,390,1,XRSTR_0_x2_x1,-5711.486782119087,5524.0,35151.29346937027,"(349, 595, 180)","(349.0, 595.0, 180)"
782,391,0,x1_x2_x1,0.0,0.0,0.0,"(1707, 486, 270)","(1906.0, 486.0, 270)"
783,391,1,XRSTR_0_x2_x1,-5408.985262944152,5205.5,41406.25223545088,"(1146, 452, 90)","(1146.0, 452.0, 90)"
784,392,0,XRSTR_0_x2_x1,0.0,0.0,0.0,"(1984, 1486, 90)","(1984.0, 1486.0, 90)"
785,392,1,x1_x2_x1,-6555.7815318716675,6292.5,69317.16502469179,"(510, 1163, 270)","(510.0, 1163.0, 270)"
786,393,0,x1_x2_x1,0.0,0.0,0.0,"(189, 965, 0)","(189.0, 756.0, 0)"
787,393,1,XRSTR_0_x2_x1,-6457.584669303195,6225.5,53863.29372557366,"(912, 1516, 180)","(912.0, 1516.0, 180)"
788,394,0,XRSTR_0_x2_x1,0.0,0.0,0.0,"(2100, 2094, 0)","(2100.0, 2094.0, 0)"
789,394,1,x1_x2_x1,-5347.817438312932,5086.5,68286.80356643276,"(1740, 1276, 180)","(1740.0, 1276.0, 180)"
790,395,0,x1_x2_x1,0.0,0.0,0.0,"(1312, 540, 90)","(1461.0, 540.0, 90)"
791,395,1,XRSTR_0_x2_x1,-5606.183075684522,5403.0,41283.3622446221,"(610, 404, 180)","(610.0, 404.0, 180)"
792,396,0,x1_x2_x1,0.0,0.0,0.0,"(34, 1204, 90)","(34.0, 1204.0, 90)"
793,396,1,XRSTR_0_x2_x1,-7497.999152791203,7237.5,67859.80860493469,"(1086, 267, 0)","(1086.0, 267.0, 0)"
794,397,0,XRSTR_0_x2_x1,0.0,0.0,0.0,"(531, 1385, 180)","(531.0, 1385.0, 180)"
795,397,1,x1_x2_x1,-4746.957266762991,4577.5,28715.765258783314,"(1062, 2067, 180)","(1062.0, 2145.0, 180)"
796,398,0,x1_x2_x1,0.0,0.0,0.0,"(81, 1604, 90)","(-106.0, 1604.0, 90)"
797,398,1,XRSTR_0_x2_x1,-5607.670040296917,5385.5,49359.52680553381,"(654, 1818, 270)","(654.0, 1818.0, 270)"
798,399,0,XRSTR_0_x2_x1,0.0,0.0,0.0,"(1617, 1658, 270)","(1617.0, 1658.0, 270)"
799,399,1,x1_x2_x1,-7084.16083106613,6835.5,61832.208906498505,"(633, 854, 0)","(633.0, 854.0, 0)"
800,400,0,XRSTR_0_x2_x1,0.0,0.0,0.0,"(148, 1931, 180)","(148.0, 1931.0, 180)"
801,400,1,x1_x2_x1,-7498.164424188712,7261.5,56010.04967657444,"(2046, 1828, 270)","(2046.0, 1828.0, 270)"
802,401,0,XRSTR_0_x2_x1,0.0,0.0,0.0,"(1446, 1496, 90)","(1446.0, 1496.0, 90)"
803,401,1,x1_x2_x1,-6650.587310338035,6371.0,78169.06410205699,"(1850, 1817, 0)","(1850.0, 2347.0, 0)"
804,402,0,x1_x2_x1,0.0,0.0,0.0,"(1242, 1601, 90)","(1405.0, 1601.0, 90)"
805,402,1,XRSTR_0_x2_x1,-4847.301775559672,4590.5,65947.15193060022,"(645, 1581, 270)","(645.0, 1581.0, 270)"
806,403,0,XRSTR_0_x2_x1,0.0,0.0,0.0,"(163, 1164, 0)","(163.0, 1164.0, 0)"
807,403,1,x1_x2_x1,-6182.2612434934745,5944.0,56768.42015105661,"(28, 1446, 90)","(28.0, 2128.0, 90)"
808,404,0,x1_x2_x1,0.0,0.0,0.0,"(841, 338, 270)","(841.0, 338.0, 270)"
809,404,1,XRSTR_0_x2_x1,-7726.627540401426,7416.5,96179.09131543821,"(1794, 1112, 270)","(1794.0, 1112.0, 270)"
810,405,0,XRSTR_0_x2_x1,0.0,0.0,0.0,"(970, 751, 270)","(970.0, 751.0, 270)"
811,405,1,x1_x2_x1,-5590.406334201034,5392.0,39365.073451092394,"(1692, 1740, 270)","(1730.0, 1740.0, 270)"
812,406,0,x1_x2_x1,0.0,0.0,0.0,"(1902, 1738, 180)","(1902.0, 1105.0, 180)"
813,406,1,XRSTR_0_x2_x1,-5909.209787417802,5654.5,64877.0758064217,"(1907, 1956, 90)","(1907.0, 1956.0, 90)"
814,407,0,XRSTR_0_x2_x1,0.0,0.0,0.0,"(1876, 615, 0)","(1876.0, 615.0, 0)"
815,407,1,x1_x2_x1,-8067.894240047023,7788.0,78340.78561150089,"(419, 1473, 180)","(419.0, 1473.0, 180)"
816,408,0,x1_x2_x1,0.0,0.0,0.0,"(983, 1062, 180)","(1465.0, 1062.0, 180)"
817,408,1,XRSTR_0_x2_x1,-5470.102391009239,5214.5,65332.58228963973,"(501, 1356, 270)","(501.0, 1356.0, 270)"
818,409,0,x1_x2_x1,0.0,0.0,0.0,"(1219, 306, 270)","(1612.0, 306.0, 270)"
819,409,1,XRSTR_0_x2_x1,-4041.3638230847773,3908.0,17785.909307787726,"(852, 481, 270)","(852.0, 481.0, 270)"
820,410,0,XRSTR_0_x2_x1,0.0,0.0,0.0,"(185, 1158, 90)","(185.0, 1158.0, 90)"
821,410,1,x1_x2_x1,-7604.299646882326,7301.0,91990.67579894328,"(1297, 1766, 0)","(1297.0, 1766.0, 0)"
822,411,0,XRSTR_0_x2_x1,0.0,0.0,0.0,"(500, 2065, 0)","(500.0, 2065.0, 0)"
823,411,1,x1_x2_x1,-7036.0678903480175,6742.5,86182.10624338577,"(1427, 970, 180)","(1427.0, 970.0, 180)"
824,412,0,XRSTR_0_x2_x1,0.0,0.0,0.0,"(1677, 1129, 90)","(1677.0, 1129.0, 90)"
825,412,1,x1_x2_x1,-5067.412869498366,4798.5,72314.13138184488,"(858, 1199, 270)","(858.0, 1199.0, 270)"
826,413,0,x1_x2_x1,0.0,0.0,0.0,"(1266, 391, 270)","(1266.0, 391.0, 270)"
827,413,1,XRSTR_0_x2_x1,-7897.571797357671,7576.5,103087.0990584852,"(1757, 1707, 270)","(1757.0, 1707.0, 270)"
828,414,0,x1_x2_x1,0.0,0.0,0.0,"(2082, 1190, 0)","(2082.0, 1190.0, 0)"
829,414,1,XRSTR_0_x2_x1,-6850.866674154141,6569.0,79448.8219987165,"(1007, 279, 180)","(1007.0, 279.0, 180)"
830,415,0,x1_x2_x1,0.0,0.0,0.0,"(1137, 1969, 270)","(1137.0, 2451.0, 270)"
831,415,1,XRSTR_0_x2_x1,-6091.694174670649,5896.5,38100.7658253558,"(811, 1487, 0)","(811.0, 1487.0, 0)"
832,416,0,XRSTR_0_x2_x1,0.0,0.0,0.0,"(426, 561, 90)","(426.0, 561.0, 90)"
833,416,1,x1_x2_x1,-5701.297180816063,5465.5,55600.31048080282,"(309, 491, 180)","(309.0, -290.0, 180)"
834,417,0,x1_x2_x1,0.0,0.0,0.0,"(2016, 1893, 270)","(2016.0, 1893.0, 270)"
835,417,1,XRSTR_0_x2_x1,-8229.657530972772,7954.0,75987.07438200444,"(188, 691, 270)","(188.0, 691.0, 270)"
836,418,0,x1_x2_x1,0.0,0.0,0.0,"(1930, 655, 0)","(1930.0, 651.0, 0)"
837,418,1,XRSTR_0_x2_x1,-6017.776087887929,5800.0,47426.42445577113,"(1369, 1411, 180)","(1369.0, 1411.0, 180)"
838,419,0,XRSTR_0_x2_x1,0.0,0.0,0.0,"(1855, 1252, 90)","(1855.0, 1252.0, 90)"
839,419,1,x1_x2_x1,-5319.612288178298,5078.5,58135.13551057461,"(1178, 1720, 270)","(1095.0, 1720.0, 270)"
840,420,0,XRSTR_0_x2_x1,0.0,0.0,0.0,"(1440, 1108, 90)","(1440.0, 1108.0, 90)"
841,420,1,x1_x2_x1,-5901.753247633497,5645.0,65922.230170348,"(439, 585, 180)","(439.0, 585.0, 180)"
842,421,0,XRSTR_0_x2_x1,0.0,0.0,0.0,"(1502, 1965, 0)","(1502.0, 1965.0, 0)"
843,421,1,x1_x2_x1,-7648.156086434853,7388.0,67681.18930909866,"(436, 284, 90)","(436.0, 284.0, 90)"
844,422,0,XRSTR_0_x2_x1,0.0,0.0,0.0,"(1359, 627, 270)","(1359.0, 627.0, 270)"
845,422,1,x1_x2_x1,-6490.841635805255,6253.5,56331.052086713884,"(248, 247, 90)","(248.0, 247.0, 90)"
846,423,0,x1_x2_x1,0.0,0.0,0.0,"(2013, 1284, 270)","(2013.0, 1284.0, 270)"
847,423,1,XRSTR_0_x2_x1,-5245.246121354389,5058.0,35061.10996226267,"(1227, 488, 270)","(1227.0, 488.0, 270)"
848,424,0,x1_x2_x1,0.0,0.0,0.0,"(187, 1784, 180)","(187.0, 1784.0, 180)"
849,424,1,XRSTR_0_x2_x1,-6960.274216448301,6697.0,69313.31304646659,"(1912, 2109, 0)","(1912.0, 2109.0, 0)"
850,425,0,x1_x2_x1,0.0,0.0,0.0,"(1180, 553, 90)","(1477.0, 553.0, 90)"
851,425,1,XRSTR_0_x2_x1,-5837.7471359803885,5603.0,55106.21785099485,"(626, 573, 180)","(626.0, 573.0, 180)"
852,426,0,x1_x2_x1,0.0,0.0,0.0,"(1843, 823, 0)","(1843.0, 823.0, 0)"
853,426,1,XRSTR_0_x2_x1,-8902.92869653855,8604.0,89358.36561423678,"(383, 2086, 90)","(383.0, 2086.0, 90)"
854,427,0,XRSTR_0_x2_x1,0.0,0.0,0.0,"(1018, 233, 180)","(1018.0, 233.0, 180)"
855,427,1,x1_x2_x1,-5438.532623839831,5245.5,37261.593866489806,"(1103, 91, 270)","(1869.0, 91.0, 270)"
856,428,0,XRSTR_0_x2_x1,0.0,0.0,0.0,"(658, 1466, 180)","(658.0, 1466.0, 180)"
857,428,1,x1_x2_x1,-5464.769309160275,5301.5,26656.86731367349,"(1147, 1899, 90)","(1509.0, 1899.0, 90)"
858,429,0,x1_x2_x1,0.0,0.0,0.0,"(693, 1762, 270)","(226.0, 1762.0, 270)"
859,429,1,XRSTR_0_x2_x1,-5471.291785736081,5301.5,28829.2505034472,"(1077, 2097, 0)","(1077.0, 2097.0, 0)"
860,430,0,XRSTR_0_x2_x1,0.0,0.0,0.0,"(140, 1433, 90)","(140.0, 1433.0, 90)"
861,430,1,x1_x2_x1,-5456.661037691041,5247.5,43748.33968799322,"(605, 1509, 270)","(900.0, 1509.0, 270)"
862,431,0,x1_x2_x1,0.0,0.0,0.0,"(634, 1433, 270)","(634.0, 1957.0, 270)"
863,431,1,XRSTR_0_x2_x1,-5639.461913718657,5456.0,33658.273785312,"(540, 902, 90)","(540.0, 902.0, 90)"
864,432,0,x1_x2_x1,0.0,0.0,0.0,"(1629, 30, 270)","(1629.0, 30.0, 270)"
865,432,1,XRSTR_0_x2_x1,-5866.3716018180385,5676.0,36241.346778765736,"(604, 179, 90)","(604.0, 179.0, 90)"
866,433,0,x1_x2_x1,0.0,0.0,0.0,"(1930, 1232, 180)","(1930.0, 898.0, 180)"
867,433,1,XRSTR_0_x2_x1,-6684.822572088898,6400.5,80839.32499924624,"(1562, 1749, 90)","(1562.0, 1749.0, 90)"
868,434,0,x1_x2_x1,0.0,0.0,0.0,"(172, 421, 0)","(172.0, 421.0, 0)"
869,434,1,XRSTR_0_x2_x1,-9683.075844346327,9367.5,99588.11353489707,"(1947, 1700, 180)","(1947.0, 1700.0, 180)"
870,435,0,x1_x2_x1,0.0,0.0,0.0,"(849, 1295, 90)","(849.0, 1295.0, 90)"
871,435,1,XRSTR_0_x2_x1,-6540.112189870859,6235.5,92788.58621792046,"(36, 1550, 90)","(36.0, 1550.0, 90)"
872,436,0,x1_x2_x1,0.0,0.0,0.0,"(1984, 114, 0)","(2159.0, 114.0, 0)"
873,436,1,XRSTR_0_x2_x1,-6170.837925137493,5913.0,66480.39563920735,"(1104, 143, 0)","(1104.0, 143.0, 0)"
874,437,0,XRSTR_0_x2_x1,0.0,0.0,0.0,"(1911, 1751, 0)","(1911.0, 1751.0, 0)"
875,437,1,x1_x2_x1,-7508.5368421419735,7208.5,90022.10664252775,"(776, 631, 270)","(776.0, 631.0, 270)"
876,438,0,XRSTR_0_x2_x1,0.0,0.0,0.0,"(2087, 1733, 90)","(2087.0, 1733.0, 90)"
877,438,1,x1_x2_x1,-4871.291687904313,4668.0,41327.51037098462,"(1478, 1586, 0)","(1123.0, 1586.0, 0)"
878,439,0,x1_x2_x1,0.0,0.0,0.0,"(1901, 152, 270)","(1901.0, 152.0, 270)"
879,439,1,XRSTR_0_x2_x1,-7826.482585118721,7557.5,72351.63109714995,"(778, 1178, 180)","(778.0, 1178.0, 180)"
880,440,0,x1_x2_x1,0.0,0.0,0.0,"(1328, 162, 90)","(1328.0, -38.0, 90)"
881,440,1,XRSTR_0_x2_x1,-5109.719385508287,4930.0,32299.057527476114,"(1882, 926, 0)","(1882.0, 926.0, 0)"
882,441,0,x1_x2_x1,0.0,0.0,0.0,"(793, 1548, 90)","(793.0, 1548.0, 90)"
883,441,1,XRSTR_0_x2_x1,-5851.762209604709,5664.0,35254.64735564281,"(1978, 1616, 180)","(1978.0, 1616.0, 180)"
884,442,0,x1_x2_x1,0.0,0.0,0.0,"(230, 379, 270)","(-174.0, 379.0, 270)"
885,442,1,XRSTR_0_x2_x1,-5588.0820390844765,5389.0,39633.65828603293,"(677, 529, 0)","(677.0, 529.0, 0)"
886,443,0,XRSTR_0_x2_x1,0.0,0.0,0.0,"(1450, 2108, 270)","(1450.0, 2108.0, 270)"
887,443,1,x1_x2_x1,-5121.268448125467,4941.5,32316.694941439004,"(1460, 1943, 0)","(1460.0, 1257.0, 0)"
888,444,0,XRSTR_0_x2_x1,0.0,0.0,0.0,"(955, 347, 180)","(955.0, 347.0, 180)"
889,444,1,x1_x2_x1,-6873.437650368548,6638.0,55430.88721106277,"(154, 1918, 180)","(154.0, 1918.0, 180)"
890,445,0,XRSTR_0_x2_x1,0.0,0.0,0.0,"(1873, 1648, 90)","(1873.0, 1648.0, 90)"
891,445,1,x1_x2_x1,-6192.630078992512,5920.5,74054.7798924708,"(903, 1007, 270)","(903.0, 1007.0, 270)"
892,446,0,XRSTR_0_x2_x1,0.0,0.0,0.0,"(351, 359, 270)","(351.0, 359.0, 270)"
893,446,1,x1_x2_x1,-4929.073358916797,4663.5,70529.20896634988,"(779, 306, 90)","(1111.0, 306.0, 90)"
894,447,0,x1_x2_x1,0.0,0.0,0.0,"(999, 1112, 90)","(999.0, 1112.0, 90)"
895,447,1,XRSTR_0_x2_x1,-6154.961310509851,5933.5,49045.11205274063,"(1043, 1634, 180)","(1043.0, 2076.0, 180)"
896,448,0,x1_x2_x1,0.0,0.0,0.0,"(500, 1369, 90)","(500.0, 1369.0, 90)"
897,448,1,XRSTR_0_x2_x1,-8566.56083881765,8281.5,81259.6818274224,"(1940, 298, 270)","(1940.0, 298.0, 270)"
898,449,0,x1_x2_x1,0.0,0.0,0.0,"(690, 334, 180)","(690.0, 334.0, 180)"
899,449,1,XRSTR_0_x2_x1,-8247.867530729316,7940.5,94474.79894663703,"(467, 2100, 90)","(467.0, 2100.0, 90)"
900,450,0,XRSTR_0_x2_x1,0.0,0.0,0.0,"(1105, 959, 270)","(1105.0, 959.0, 270)"
901,450,1,x1_x2_x1,-5850.22656085954,5642.0,43358.30064739156,"(1947, 1991, 270)","(1947.0, 1991.0, 270)"
902,451,0,x1_x2_x1,0.0,0.0,0.0,"(1275, 1792, 270)","(1254.0, 1792.0, 270)"
903,451,1,XRSTR_0_x2_x1,-5203.927283120875,4939.5,69921.78805868726,"(2014, 1463, 90)","(2014.0, 1463.0, 90)"
904,452,0,x1_x2_x1,0.0,0.0,0.0,"(50, 483, 270)","(50.0, 483.0, 270)"
905,452,1,XRSTR_0_x2_x1,-9152.875775044384,8808.5,118594.67443741966,"(848, 2108, 180)","(848.0, 2108.0, 180)"
906,453,0,XRSTR_0_x2_x1,0.0,0.0,0.0,"(930, 1484, 0)","(930.0, 1484.0, 0)"
907,453,1,x1_x2_x1,-5606.183075684522,5403.0,41283.3622446221,"(733, 1348, 270)","(79.0, 1348.0, 270)"
908,454,0,XRSTR_0_x2_x1,0.0,0.0,0.0,"(19, 496, 90)","(19.0, 496.0, 90)"
909,454,1,x1_x2_x1,-6350.109289817899,6119.5,53180.64455031535,"(1212, 578, 270)","(1212.0, 578.0, 270)"
910,455,0,XRSTR_0_x2_x1,0.0,0.0,0.0,"(2061, 154, 180)","(2061.0, 154.0, 180)"
911,455,1,x1_x2_x1,-6097.784873044387,5894.5,41324.739608672324,"(672, 305, 0)","(672.0, 305.0, 0)"
912,456,0,x1_x2_x1,0.0,0.0,0.0,"(154, 1048, 0)","(154.0, 1048.0, 0)"
913,456,1,XRSTR_0_x2_x1,-6615.4105661331405,6336.5,77791.10390070887,"(1057, 132, 90)","(1057.0, 132.0, 90)"
914,457,0,XRSTR_0_x2_x1,0.0,0.0,0.0,"(267, 300, 90)","(267.0, 300.0, 90)"
915,457,1,x1_x2_x1,-8882.375590647769,8542.5,115515.41711816943,"(1174, 1683, 90)","(1174.0, 1683.0, 90)"
916,458,0,x1_x2_x1,0.0,0.0,0.0,"(995, 1167, 180)","(995.0, 1807.0, 180)"
917,458,1,XRSTR_0_x2_x1,-5648.362483592346,5447.5,40345.737314885184,"(752, 956, 90)","(752.0, 956.0, 90)"
918,459,0,XRSTR_0_x2_x1,0.0,0.0,0.0,"(1345, 1441, 180)","(1345.0, 1441.0, 180)"
919,459,1,x1_x2_x1,-6686.07635331897,6451.5,55026.065536426526,"(133, 1057, 0)","(133.0, 1057.0, 0)"
920,460,0,XRSTR_0_x2_x1,0.0,0.0,0.0,"(318, 269, 90)","(318.0, 269.0, 90)"
921,460,1,x1_x2_x1,-5863.057402691046,5648.5,46034.87904952766,"(1087, 728, 270)","(1087.0, 728.0, 270)"
922,461,0,x1_x2_x1,0.0,0.0,0.0,"(1385, 1813, 90)","(1602.0, 1813.0, 90)"
923,461,1,XRSTR_0_x2_x1,-6768.528523234235,6482.5,81812.31610355731,"(842, 1313, 90)","(842.0, 1313.0, 90)"
924,462,0,XRSTR_0_x2_x1,0.0,0.0,0.0,"(935, 1449, 270)","(935.0, 1449.0, 270)"
925,462,1,x1_x2_x1,-4185.632521365134,4022.5,26612.219526946046,"(1097, 1564, 270)","(1695.0, 1564.0, 270)"
926,463,0,XRSTR_0_x2_x1,0.0,0.0,0.0,"(2098, 1863, 270)","(2098.0, 1863.0, 270)"
927,463,1,x1_x2_x1,-6010.057669619152,5817.5,37078.45612915838,"(1446, 2023, 180)","(1134.0, 2023.0, 180)"
928,464,0,x1_x2_x1,0.0,0.0,0.0,"(1986, 805, 0)","(1986.0, 805.0, 0)"
929,464,1,XRSTR_0_x2_x1,-7305.3313319852805,7009.0,87812.25831617034,"(946, 271, 90)","(946.0, 271.0, 90)"
930,465,0,XRSTR_0_x2_x1,0.0,0.0,0.0,"(837, 275, 270)","(837.0, 275.0, 270)"
931,465,1,x1_x2_x1,-7120.811297797567,6901.5,48097.44534165317,"(791, 2050, 90)","(791.0, 2050.0, 90)"
932,466,0,x1_x2_x1,0.0,0.0,0.0,"(1248, 999, 270)","(1248.0, 847.0, 270)"
933,466,1,XRSTR_0_x2_x1,-4854.434261928967,4653.5,40374.577616938914,"(1083, 1811, 0)","(1083.0, 1811.0, 0)"
934,467,0,XRSTR_0_x2_x1,0.0,0.0,0.0,"(1823, 1284, 180)","(1823.0, 1284.0, 180)"
935,467,1,x1_x2_x1,-8222.066295717417,7916.5,93370.76107846423,"(32, 1098, 270)","(32.0, 1098.0, 270)"
936,468,0,x1_x2_x1,0.0,0.0,0.0,"(871, 1912, 180)","(871.0, 2436.0, 180)"
937,468,1,XRSTR_0_x2_x1,-5470.25453175616,5259.5,44417.4726557582,"(959, 1676, 0)","(959.0, 1676.0, 0)"
938,469,0,XRSTR_0_x2_x1,0.0,0.0,0.0,"(1721, 139, 180)","(1721.0, 139.0, 180)"
939,469,1,x1_x2_x1,-6311.037522547232,6061.5,62268.97515901022,"(572, 332, 270)","(572.0, 332.0, 270)"
940,470,0,x1_x2_x1,0.0,0.0,0.0,"(1354, 1031, 180)","(1354.0, 1031.0, 180)"
941,470,1,XRSTR_0_x2_x1,-4907.662067105757,4700.0,43123.53411463603,"(905, 916, 270)","(390.0, 916.0, 270)"
942,471,0,XRSTR_0_x2_x1,0.0,0.0,0.0,"(527, 735, 180)","(527.0, 735.0, 180)"
943,471,1,x1_x2_x1,-5703.181416938715,5465.5,56492.45595799527,"(0, 1092, 270)","(-324.0, 1092.0, 270)"
944,472,0,x1_x2_x1,0.0,0.0,0.0,"(172, 829, 270)","(-275.0, 829.0, 270)"
945,472,1,XRSTR_0_x2_x1,-5170.68418755365,4900.5,72999.49520402604,"(485, 539, 90)","(485.0, 539.0, 90)"
946,473,0,x1_x2_x1,0.0,0.0,0.0,"(1715, 858, 270)","(1823.0, 858.0, 270)"
947,473,1,XRSTR_0_x2_x1,-4777.667592699564,4608.0,28787.092012465113,"(1063, 261, 270)","(1063.0, 261.0, 270)"
948,474,0,x1_x2_x1,0.0,0.0,0.0,"(1827, 69, 90)","(1827.0, 69.0, 90)"
949,474,1,XRSTR_0_x2_x1,-6199.894481170423,5998.0,40761.38152707422,"(1972, 1344, 270)","(1972.0, 1344.0, 270)"
950,475,0,XRSTR_0_x2_x1,0.0,0.0,0.0,"(1054, 1261, 90)","(1054.0, 1261.0, 90)"
951,475,1,x1_x2_x1,-7403.415812042834,7096.5,94197.31568191192,"(1770, 501, 180)","(1770.0, 410.0, 180)"
952,476,0,x1_x2_x1,0.0,0.0,0.0,"(272, 651, 0)","(272.0, 651.0, 0)"
953,476,1,XRSTR_0_x2_x1,-6973.890570676142,6672.5,90836.27609249008,"(1369, 393, 0)","(1369.0, 393.0, 0)"
954,477,0,XRSTR_0_x2_x1,0.0,0.0,0.0,"(711, 1474, 90)","(711.0, 1474.0, 90)"
955,477,1,x1_x2_x1,-6209.892507351335,5982.0,51934.994906878026,"(1272, 979, 0)","(1272.0, 623.0, 0)"
956,478,0,x1_x2_x1,0.0,0.0,0.0,"(270, 811, 270)","(270.0, 811.0, 270)"
957,478,1,XRSTR_0_x2_x1,-6361.350756861292,6096.5,70145.92340999932,"(1581, 1199, 90)","(1581.0, 1199.0, 90)"
958,479,0,XRSTR_0_x2_x1,0.0,0.0,0.0,"(763, 1700, 90)","(763.0, 1700.0, 90)"
959,479,1,x1_x2_x1,-7337.3481479270995,7051.0,81995.26182128006,"(1785, 1127, 90)","(1785.0, 1127.0, 90)"
960,480,0,XRSTR_0_x2_x1,0.0,0.0,0.0,"(1491, 609, 180)","(1491.0, 609.0, 180)"
961,480,1,x1_x2_x1,-5310.99824087317,5147.5,26731.674768621244,"(378, 1072, 90)","(378.0, 1072.0, 90)"
962,481,0,XRSTR_0_x2_x1,0.0,0.0,0.0,"(1612, 1987, 0)","(1612.0, 1987.0, 0)"
963,481,1,x1_x2_x1,-6994.667286009022,6714.5,78493.70814966141,"(287, 1304, 270)","(287.0, 1304.0, 270)"
964,482,0,x1_x2_x1,0.0,0.0,0.0,"(1559, 1751, 90)","(1762.0, 1751.0, 90)"
965,482,1,XRSTR_0_x2_x1,-6121.749318812172,5872.0,62374.7222471439,"(1002, 1579, 90)","(1002.0, 1579.0, 90)"
966,483,0,x1_x2_x1,0.0,0.0,0.0,"(712, 748, 270)","(712.0, 748.0, 270)"
967,483,1,XRSTR_0_x2_x1,-7081.1885650701715,6810.0,73543.23782481859,"(1959, 884, 270)","(1959.0, 884.0, 270)"
968,484,0,XRSTR_0_x2_x1,0.0,0.0,0.0,"(169, 1624, 90)","(169.0, 1624.0, 90)"
969,484,1,x1_x2_x1,-6586.245113700598,6348.0,56760.73420221094,"(613, 473, 0)","(613.0, 473.0, 0)"
970,485,0,x1_x2_x1,0.0,0.0,0.0,"(1030, 1007, 0)","(1030.0, 1007.0, 0)"
971,485,1,XRSTR_0_x2_x1,-6448.901380335303,6177.0,73930.36062824294,"(1701, 909, 270)","(1994.0, 909.0, 270)"
972,486,0,x1_x2_x1,0.0,0.0,0.0,"(1292, 2109, 180)","(1292.0, 2109.0, 180)"
973,486,1,XRSTR_0_x2_x1,-5880.35460831038,5669.5,44459.66584572401,"(1404, 524, 180)","(1404.0, 524.0, 180)"
974,487,0,XRSTR_0_x2_x1,0.0,0.0,0.0,"(47, 35, 180)","(47.0, 35.0, 180)"
975,487,1,x1_x2_x1,-7595.089119963076,7429.5,27419.756650146017,"(1962, 466, 90)","(1962.0, 466.0, 90)"
976,488,0,XRSTR_0_x2_x1,0.0,0.0,0.0,"(1089, 1832, 270)","(1089.0, 1832.0, 270)"
977,488,1,x1_x2_x1,-6387.725786562926,6142.5,60135.68639540596,"(1367, 464, 270)","(1367.0, 464.0, 270)"
978,489,0,XRSTR_0_x2_x1,0.0,0.0,0.0,"(855, 2090, 180)","(855.0, 2090.0, 180)"
979,489,1,x1_x2_x1,-6337.217761120039,6137.0,40087.151867921006,"(707, 834, 0)","(707.0, 834.0, 0)"
980,490,0,x1_x2_x1,0.0,0.0,0.0,"(1170, 949, 270)","(993.0, 949.0, 270)"
981,490,1,XRSTR_0_x2_x1,-5707.495322687279,5465.5,58561.73620252043,"(1844, 737, 180)","(1844.0, 737.0, 180)"
982,491,0,x1_x2_x1,0.0,0.0,0.0,"(562, 2049, 90)","(562.0, 2049.0, 90)"
983,491,1,XRSTR_0_x2_x1,-6286.586880448138,6054.5,53864.320076148426,"(878, 687, 90)","(878.0, 687.0, 90)"
984,492,0,x1_x2_x1,0.0,0.0,0.0,"(1659, 1589, 270)","(1659.0, 1589.0, 270)"
985,492,1,XRSTR_0_x2_x1,-6774.26604557751,6560.5,45695.922241846245,"(184, 1695, 90)","(184.0, 1695.0, 90)"
986,493,0,XRSTR_0_x2_x1,0.0,0.0,0.0,"(1999, 237, 90)","(1999.0, 237.0, 90)"
987,493,1,x1_x2_x1,-5987.212138958661,5802.0,34303.53641764235,"(2009, 1549, 270)","(2009.0, 1549.0, 270)"
988,494,0,XRSTR_0_x2_x1,0.0,0.0,0.0,"(836, 1352, 0)","(836.0, 1352.0, 0)"
989,494,1,x1_x2_x1,-6215.752277972968,5944.5,73577.79830552416,"(1015, 1492, 90)","(1687.0, 1492.0, 90)"
990,495,0,x1_x2_x1,0.0,0.0,0.0,"(1864, 617, 270)","(2486.0, 617.0, 270)"
991,495,1,XRSTR_0_x2_x1,-4693.834923155128,4598.5,9088.747572994136,"(1635, 910, 0)","(1635.0, 910.0, 0)"
992,496,0,x1_x2_x1,0.0,0.0,0.0,"(1928, 711, 180)","(1928.0, 711.0, 180)"
993,496,1,XRSTR_0_x2_x1,-8503.3372859779,8227.5,76086.20833565331,"(54, 101, 90)","(54.0, 101.0, 90)"
994,497,0,XRSTR_0_x2_x1,0.0,0.0,0.0,"(1583, 1529, 180)","(1583.0, 1529.0, 180)"
995,497,1,x1_x2_x1,-7773.434662640338,7458.5,99183.84173238314,"(641, 723, 270)","(641.0, 723.0, 270)"
996,498,0,x1_x2_x1,0.0,0.0,0.0,"(46, 442, 90)","(-378.0, 442.0, 90)"
997,498,1,XRSTR_0_x2_x1,-5999.508274644686,5778.0,49065.91573606577,"(473, 901, 180)","(473.0, 901.0, 180)"
998,499,0,x1_x2_x1,0.0,0.0,0.0,"(210, 1391, 0)","(210.0, 1391.0, 0)"
999,499,1,XRSTR_0_x2_x1,-6471.29972581095,6200.5,73332.49149928577,"(884, 314, 90)","(884.0, 314.0, 90)"
1000,500,0,x1_x2_x1,0.0,0.0,0.0,"(1162, 398, 180)","(1162.0, 398.0, 180)"
1001,500,1,XRSTR_0_x2_x1,-7040.2802964003995,6781.5,66967.2418050786,"(1284, 1907, 90)","(1284.0, 1907.0, 90)"
1002,501,0,XRSTR_0_x2_x1,0.0,0.0,0.0,"(172, 1679, 180)","(172.0, 1679.0, 180)"
1003,501,1,x1_x2_x1,-8137.645065209771,7863.5,75155.51677886979,"(1782, 987, 270)","(1782.0, 987.0, 270)"
1004,502,0,XRSTR_0_x2_x1,0.0,0.0,0.0,"(338, 1492, 90)","(338.0, 1492.0, 90)"
1005,502,1,x1_x2_x1,-5408.985262944152,5205.5,41406.25223545088,"(1010, 1526, 270)","(1098.0, 1526.0, 270)"
1006,503,0,XRSTR_0_x2_x1,0.0,0.0,0.0,"(1900, 569, 90)","(1900.0, 569.0, 90)"
1007,503,1,x1_x2_x1,-7505.53168656395,7211.0,86748.9143902047,"(647, 1623, 270)","(647.0, 1623.0, 270)"
1008,504,0,XRSTR_0_x2_x1,0.0,0.0,0.0,"(1856, 1423, 90)","(1856.0, 1423.0, 90)"
1009,504,1,x1_x2_x1,-7195.162205326768,6952.0,59127.85809937726,"(129, 621, 90)","(129.0, 621.0, 90)"
1010,505,0,x1_x2_x1,0.0,0.0,0.0,"(1475, 655, 180)","(1475.0, 655.0, 180)"
1011,505,1,XRSTR_0_x2_x1,-5443.230033262284,5253.5,35997.48552170764,"(479, 22, 270)","(479.0, 22.0, 270)"
1012,506,0,x1_x2_x1,0.0,0.0,0.0,"(514, 1838, 180)","(514.0, 1838.0, 180)"
1013,506,1,XRSTR_0_x2_x1,-7562.280940882296,7296.0,70905.53947716072,"(1424, 679, 270)","(1424.0, 679.0, 270)"
1014,507,0,x1_x2_x1,0.0,0.0,0.0,"(23, 221, 0)","(23.0, 221.0, 0)"
1015,507,1,XRSTR_0_x2_x1,-7983.742683505289,7672.5,96872.00803557361,"(1871, 214, 0)","(1871.0, 214.0, 0)"
1016,508,0,x1_x2_x1,0.0,0.0,0.0,"(1472, 1480, 270)","(1472.0, 1480.0, 270)"
1017,508,1,XRSTR_0_x2_x1,-6274.413215636813,6058.0,46834.6799022657,"(54, 816, 270)","(54.0, 816.0, 270)"
1018,509,0,XRSTR_0_x2_x1,0.0,0.0,0.0,"(432, 1114, 0)","(432.0, 1114.0, 0)"
1019,509,1,x1_x2_x1,-6006.802038856447,5816.0,36405.41803177729,"(622, 1784, 270)","(622.0, 2078.0, 270)"
1020,510,0,x1_x2_x1,0.0,0.0,0.0,"(89, 1502, 90)","(89.0, 1502.0, 90)"
1021,510,1,XRSTR_0_x2_x1,-5438.534600748807,5200.0,56898.755754392834,"(18, 381, 180)","(18.0, 381.0, 180)"
1022,511,0,x1_x2_x1,0.0,0.0,0.0,"(1062, 308, 90)","(758.0, 308.0, 90)"
1023,511,1,XRSTR_0_x2_x1,-4922.24844536374,4774.0,21977.601552765722,"(1609, 246, 180)","(1609.0, 246.0, 180)"
1024,512,0,x1_x2_x1,0.0,0.0,0.0,"(1004, 978, 0)","(1160.0, 978.0, 0)"
1025,512,1,XRSTR_0_x2_x1,-6076.390067007965,5872.0,41775.29949152038,"(105, 1280, 180)","(105.0, 1280.0, 180)"
1026,513,0,x1_x2_x1,0.0,0.0,0.0,"(830, 1933, 270)","(830.0, 1933.0, 270)"
1027,513,1,XRSTR_0_x2_x1,-5077.338875238671,4902.0,30743.721169962268,"(323, 936, 180)","(323.0, 936.0, 180)"
1028,514,0,x1_x2_x1,0.0,0.0,0.0,"(347, 649, 90)","(347.0, 649.0, 90)"
1029,514,1,XRSTR_0_x2_x1,-5074.934976883366,4851.5,49923.188894870604,"(209, 1519, 0)","(209.0, 1613.0, 0)"
1030,515,0,x1_x2_x1,0.0,0.0,0.0,"(1072, 1735, 0)","(708.0, 1735.0, 0)"
1031,515,1,XRSTR_0_x2_x1,-6150.561026867916,5917.5,54317.442244727376,"(1672, 1976, 270)","(1672.0, 1976.0, 270)"
1032,516,0,XRSTR_0_x2_x1,0.0,0.0,0.0,"(1571, 1571, 270)","(1571.0, 1571.0, 270)"
1033,516,1,x1_x2_x1,-4806.656877381537,4569.5,56243.384489361546,"(1790, 1675, 90)","(2331.0, 1675.0, 90)"
1034,517,0,x1_x2_x1,0.0,0.0,0.0,"(1471, 779, 0)","(1471.0, 699.0, 0)"
1035,517,1,XRSTR_0_x2_x1,-5008.530444755749,4839.5,28571.291254326443,"(2042, 1550, 90)","(2042.0, 1550.0, 90)"
1036,518,0,XRSTR_0_x2_x1,0.0,0.0,0.0,"(769, 517, 180)","(769.0, 517.0, 180)"
1037,518,1,x1_x2_x1,-6150.561026867916,5917.5,54317.442244727376,"(949, 132, 270)","(949.0, -447.0, 270)"
1038,519,0,XRSTR_0_x2_x1,0.0,0.0,0.0,"(138, 1691, 0)","(138.0, 1691.0, 0)"
1039,519,1,x1_x2_x1,-6673.2181568357255,6394.5,77683.81094990412,"(1223, 1822, 90)","(1223.0, 1822.0, 90)"
1040,520,0,x1_x2_x1,0.0,0.0,0.0,"(1572, 529, 270)","(1753.0, 529.0, 270)"
1041,520,1,XRSTR_0_x2_x1,-4004.016167602303,3866.5,18910.6963520247,"(993, 626, 270)","(993.0, 626.0, 270)"
1042,521,0,x1_x2_x1,0.0,0.0,0.0,"(432, 174, 90)","(432.0, 174.0, 90)"
1043,521,1,XRSTR_0_x2_x1,-7940.266618239209,7666.0,75222.17788037189,"(1636, 1224, 270)","(1636.0, 1224.0, 270)"
1044,522,0,x1_x2_x1,0.0,0.0,0.0,"(1333, 1916, 0)","(1333.0, 2448.0, 0)"
1045,522,1,XRSTR_0_x2_x1,-6291.875858857161,6018.5,74734.36020589054,"(1510, 1597, 270)","(1510.0, 1597.0, 270)"
1046,523,0,XRSTR_0_x2_x1,0.0,0.0,0.0,"(828, 251, 90)","(828.0, 251.0, 90)"
1047,523,1,x1_x2_x1,-6150.561026867916,5917.5,54317.442244727376,"(1777, 426, 180)","(1792.0, 426.0, 180)"
1048,524,0,x1_x2_x1,0.0,0.0,0.0,"(1795, 1886, 180)","(1795.0, 2612.0, 180)"
1049,524,1,XRSTR_0_x2_x1,-4934.849016051965,4762.5,29704.183334080535,"(1901, 1761, 90)","(1901.0, 1761.0, 90)"
1050,525,0,x1_x2_x1,0.0,0.0,0.0,"(861, 34, 0)","(1560.0, 34.0, 0)"
1051,525,1,XRSTR_0_x2_x1,-6119.594497044321,5863.0,65840.7359134279,"(505, 88, 0)","(505.0, 88.0, 0)"
1052,526,0,x1_x2_x1,0.0,0.0,0.0,"(536, 880, 180)","(536.0, 880.0, 180)"
1053,526,1,XRSTR_0_x2_x1,-8167.461817609041,7853.0,98886.23473398178,"(1612, 1800, 180)","(1612.0, 1800.0, 180)"
1054,527,0,x1_x2_x1,0.0,0.0,0.0,"(1619, 1649, 90)","(1619.0, 1649.0, 90)"
1055,527,1,XRSTR_0_x2_x1,-7913.572779728269,7606.5,94293.69205004605,"(194, 1252, 0)","(194.0, 1252.0, 0)"
1056,528,0,XRSTR_0_x2_x1,0.0,0.0,0.0,"(389, 1560, 0)","(389.0, 1560.0, 0)"
1057,528,1,x1_x2_x1,-7509.15064179706,7246.0,69248.26027820466,"(1904, 2089, 270)","(1904.0, 2089.0, 270)"
1058,529,0,x1_x2_x1,0.0,0.0,0.0,"(1863, 2046, 90)","(1863.0, 2046.0, 90)"
1059,529,1,XRSTR_0_x2_x1,-9206.136504538172,8868.5,113998.40919675535,"(39, 785, 270)","(39.0, 785.0, 270)"
1060,530,0,x1_x2_x1,0.0,0.0,0.0,"(1368, 907, 270)","(1742.0, 907.0, 270)"
1061,530,1,XRSTR_0_x2_x1,-5599.131810034168,5407.5,36722.750616971476,"(982, 1221, 90)","(982.0, 1221.0, 90)"
1062,531,0,XRSTR_0_x2_x1,0.0,0.0,0.0,"(283, 2069, 270)","(283.0, 2069.0, 270)"
1063,531,1,x1_x2_x1,-8295.317399912316,7975.0,102603.23668658642,"(970, 67, 90)","(970.0, 67.0, 90)"
1064,532,0,x1_x2_x1,0.0,0.0,0.0,"(938, 1954, 180)","(938.0, 2600.0, 180)"
1065,532,1,XRSTR_0_x2_x1,-4957.512761705113,4803.0,23874.19352974107,"(905, 1749, 270)","(905.0, 1749.0, 270)"
1066,533,0,XRSTR_0_x2_x1,0.0,0.0,0.0,"(1495, 1045, 270)","(1495.0, 1045.0, 270)"
1067,533,1,x1_x2_x1,-6192.005219192818,5911.5,78683.17799441093,"(696, 1002, 270)","(696.0, 1002.0, 270)"
1068,534,0,XRSTR_0_x2_x1,0.0,0.0,0.0,"(864, 1340, 90)","(864.0, 1340.0, 90)"
1069,534,1,x1_x2_x1,-6141.870594623205,5916.0,51017.52551543994,"(1392, 808, 0)","(1392.0, 489.0, 0)"
1070,535,0,x1_x2_x1,0.0,0.0,0.0,"(756, 1936, 180)","(1195.0, 1936.0, 180)"
1071,535,1,XRSTR_0_x2_x1,-5931.701530103533,5733.5,39283.84653538156,"(140, 1754, 0)","(140.0, 1754.0, 0)"
1072,536,0,x1_x2_x1,0.0,0.0,0.0,"(419, 431, 90)","(-215.0, 431.0, 90)"
1073,536,1,XRSTR_0_x2_x1,-4142.9899134450025,3983.5,25437.03249069437,"(545, 507, 90)","(545.0, 507.0, 90)"
1074,537,0,x1_x2_x1,0.0,0.0,0.0,"(1763, 1056, 90)","(1763.0, 503.0, 90)"
1075,537,1,XRSTR_0_x2_x1,-6427.98006658837,6154.5,74791.34682117972,"(1586, 1467, 180)","(1586.0, 1467.0, 180)"
1076,538,0,x1_x2_x1,0.0,0.0,0.0,"(542, 1357, 0)","(144.0, 1357.0, 0)"
1077,538,1,XRSTR_0_x2_x1,-6612.409029077359,6318.5,86382.51737319578,"(1199, 1234, 0)","(1199.0, 1234.0, 0)"
1078,539,0,XRSTR_0_x2_x1,0.0,0.0,0.0,"(1923, 640, 90)","(1923.0, 640.0, 90)"
1079,539,1,x1_x2_x1,-8067.49390042736,7796.0,73708.9379692615,"(128, 1796, 180)","(128.0, 1796.0, 180)"
1080,540,0,XRSTR_0_x2_x1,0.0,0.0,0.0,"(283, 1613, 90)","(283.0, 1613.0, 90)"
1081,540,1,x1_x2_x1,-4278.744795639472,4135.5,20519.071477794063,"(148, 1923, 90)","(-477.0, 1923.0, 90)"
1082,541,0,XRSTR_0_x2_x1,0.0,0.0,0.0,"(1246, 1425, 180)","(1246.0, 1425.0, 180)"
1083,541,1,x1_x2_x1,-7095.102813673624,6845.5,62301.56459378971,"(375, 503, 0)","(375.0, 503.0, 0)"
1084,542,0,XRSTR_0_x2_x1,0.0,0.0,0.0,"(1951, 561, 270)","(1951.0, 561.0, 270)"
1085,542,1,x1_x2_x1,-9883.898806350817,9524.5,129167.5020063921,"(389, 1780, 0)","(389.0, 1780.0, 0)"
1086,543,0,XRSTR_0_x2_x1,0.0,0.0,0.0,"(1130, 1438, 270)","(1130.0, 1438.0, 270)"
1087,543,1,x1_x2_x1,-5214.744376515823,4952.5,68772.11301417263,"(1472, 1096, 90)","(1890.0, 1096.0, 90)"
1088,544,0,XRSTR_0_x2_x1,0.0,0.0,0.0,"(750, 1782, 270)","(644.0, 1782.0, 270)"
1089,544,1,x1_x2_x1,-4772.995015136146,4607.5,27388.600034913386,"(1608, 1676, 0)","(1608.0, 1676.0, 0)"
1090,545,0,XRSTR_0_x2_x1,0.0,0.0,0.0,"(872, 841, 270)","(872.0, 841.0, 270)"
1091,545,1,x1_x2_x1,-4736.010101948077,4568.0,28227.394356603163,"(1337, 1418, 270)","(1632.0, 1418.0, 270)"
1092,546,0,XRSTR_0_x2_x1,0.0,0.0,0.0,"(830, 1589, 90)","(830.0, 1589.0, 90)"
1093,546,1,x1_x2_x1,-5933.36090123994,5677.0,65720.91168455448,"(142, 740, 180)","(142.0, 738.0, 180)"
1094,547,0,XRSTR_0_x2_x1,0.0,0.0,0.0,"(154, 1115, 180)","(154.0, 1115.0, 180)"
1095,547,1,x1_x2_x1,-7145.208367740324,6890.0,65131.31096468064,"(1324, 419, 0)","(1324.0, 419.0, 0)"
1096,548,0,x1_x2_x1,0.0,0.0,0.0,"(1122, 1787, 0)","(1122.0, 1787.0, 0)"
1097,548,1,XRSTR_0_x2_x1,-5128.108541808945,4896.0,53874.37518067483,"(1861, 1706, 90)","(2086.0, 1706.0, 90)"
1098,549,0,x1_x2_x1,0.0,0.0,0.0,"(792, 1684, 90)","(792.0, 1684.0, 90)"
1099,549,1,XRSTR_0_x2_x1,-6612.714075757324,6330.5,79644.78455556068,"(15, 2106, 90)","(15.0, 2106.0, 90)"
1100,550,0,x1_x2_x1,0.0,0.0,0.0,"(1690, 1408, 270)","(1690.0, 1408.0, 270)"
1101,550,1,XRSTR_0_x2_x1,-6270.175771945334,6056.0,45871.261288379734,"(484, 1165, 0)","(484.0, 1165.0, 0)"
1102,551,0,XRSTR_0_x2_x1,0.0,0.0,0.0,"(1484, 698, 270)","(1484.0, 698.0, 270)"
1103,551,1,x1_x2_x1,-5575.051952480827,5353.5,49085.26764806666,"(790, 516, 90)","(724.0, 516.0, 90)"
1104,552,0,XRSTR_0_x2_x1,0.0,0.0,0.0,"(1636, 715, 180)","(1636.0, 715.0, 180)"
1105,552,1,x1_x2_x1,-7021.8648186742,6732.5,83731.99828635265,"(564, 402, 270)","(564.0, 402.0, 270)"
1106,553,0,x1_x2_x1,0.0,0.0,0.0,"(1440, 1165, 180)","(1440.0, 1165.0, 180)"
1107,553,1,XRSTR_0_x2_x1,-5147.592791077591,4963.5,33890.1557267376,"(817, 304, 180)","(817.0, 304.0, 180)"
1108,554,0,x1_x2_x1,0.0,0.0,0.0,"(121, 1993, 90)","(121.0, 1993.0, 90)"
1109,554,1,XRSTR_0_x2_x1,-7245.234978795129,6989.5,65400.37937934524,"(877, 884, 270)","(877.0, 884.0, 270)"
1110,555,0,XRSTR_0_x2_x1,0.0,0.0,0.0,"(685, 80, 270)","(685.0, 80.0, 270)"
1111,555,1,x1_x2_x1,-5951.993863282443,5715.0,56166.09123353745,"(813, 897, 270)","(813.0, 1135.0, 270)"
1112,556,0,XRSTR_0_x2_x1,0.0,0.0,0.0,"(1813, 928, 90)","(1813.0, 928.0, 90)"
1113,556,1,x1_x2_x1,-6077.656588168987,5867.5,44165.79155082908,"(688, 117, 0)","(688.0, 117.0, 0)"
1114,557,0,x1_x2_x1,0.0,0.0,0.0,"(245, 1878, 0)","(245.0, 1878.0, 0)"
1115,557,1,XRSTR_0_x2_x1,-8078.940271507184,7756.5,103967.7286896263,"(1383, 1119, 270)","(1383.0, 1119.0, 270)"
1116,558,0,x1_x2_x1,0.0,0.0,0.0,"(70, 1064, 90)","(-44.0, 1064.0, 90)"
1117,558,1,XRSTR_0_x2_x1,-4441.630188283342,4287.5,23756.11494025841,"(716, 678, 90)","(716.0, 678.0, 90)"
1118,559,0,XRSTR_0_x2_x1,0.0,0.0,0.0,"(585, 475, 0)","(585.0, 475.0, 0)"
1119,559,1,x1_x2_x1,-6220.155601493829,5992.0,52054.97849301074,"(1532, 945, 270)","(1532.0, 945.0, 270)"
1120,560,0,x1_x2_x1,0.0,0.0,0.0,"(556, 1340, 180)","(556.0, 1340.0, 180)"
1121,560,1,XRSTR_0_x2_x1,-6160.572294482088,5897.0,69470.3544185525,"(1559, 1987, 90)","(1559.0, 1987.0, 90)"
1122,561,0,XRSTR_0_x2_x1,0.0,0.0,0.0,"(1858, 2065, 90)","(1858.0, 2065.0, 90)"
1123,561,1,x1_x2_x1,-6105.669408269795,5854.5,63086.071650598846,"(1452, 893, 270)","(1452.0, 893.0, 270)"
1124,562,0,XRSTR_0_x2_x1,0.0,0.0,0.0,"(1743, 368, 90)","(1743.0, 368.0, 90)"
1125,562,1,x1_x2_x1,-7329.248470531569,7036.5,85701.66699857329,"(833, 1627, 0)","(833.0, 1627.0, 0)"
1126,563,0,XRSTR_0_x2_x1,0.0,0.0,0.0,"(938, 1418, 270)","(938.0, 1418.0, 270)"
1127,563,1,x1_x2_x1,-6391.244257661579,6129.0,68772.05067647254,"(655, 595, 180)","(655.0, 567.0, 180)"
1128,564,0,XRSTR_0_x2_x1,0.0,0.0,0.0,"(279, 680, 180)","(279.0, 680.0, 180)"
1129,564,1,x1_x2_x1,-5086.953451527668,4912.0,30608.710201444006,"(848, 1306, 270)","(1130.0, 1306.0, 270)"
1130,565,0,x1_x2_x1,0.0,0.0,0.0,"(996, 627, 270)","(582.0, 627.0, 270)"
1131,565,1,XRSTR_0_x2_x1,-5379.462320419009,5128.5,62982.086270093714,"(1342, 1082, 90)","(1342.0, 1082.0, 90)"
1132,566,0,x1_x2_x1,0.0,0.0,0.0,"(1354, 165, 180)","(1354.0, 165.0, 180)"
1133,566,1,XRSTR_0_x2_x1,-7686.504322619867,7382.5,92418.62817156423,"(916, 1437, 90)","(916.0, 1437.0, 90)"
1134,567,0,x1_x2_x1,0.0,0.0,0.0,"(439, 1287, 270)","(-349.0, 1287.0, 270)"
1135,567,1,XRSTR_0_x2_x1,-6118.489751031982,5850.5,71818.50665818402,"(502, 1380, 180)","(502.0, 1380.0, 180)"
1136,568,0,XRSTR_0_x2_x1,0.0,0.0,0.0,"(1819, 266, 270)","(1819.0, 266.0, 270)"
1137,568,1,x1_x2_x1,-9341.11996677276,8999.0,117046.07166459458,"(778, 1794, 270)","(778.0, 1794.0, 270)"
1138,569,0,XRSTR_0_x2_x1,0.0,0.0,0.0,"(77, 2027, 0)","(77.0, 2027.0, 0)"
1139,569,1,x1_x2_x1,-8023.248141186839,7757.5,70622.07454426028,"(1316, 385, 270)","(1316.0, 385.0, 270)"
1140,570,0,x1_x2_x1,0.0,0.0,0.0,"(1945, 1353, 180)","(1945.0, 1353.0, 180)"
1141,570,1,XRSTR_0_x2_x1,-5795.555596908628,5598.0,39028.21386992448,"(2092, 280, 270)","(2092.0, 280.0, 270)"
1142,571,0,x1_x2_x1,0.0,0.0,0.0,"(512, 2013, 0)","(512.0, 2013.0, 0)"
1143,571,1,XRSTR_0_x2_x1,-7754.773320637672,7448.5,93803.3469344268,"(1114, 872, 0)","(1114.0, 872.0, 0)"
1144,572,0,x1_x2_x1,0.0,0.0,0.0,"(1142, 1610, 90)","(1142.0, 1610.0, 90)"
1145,572,1,XRSTR_0_x2_x1,-7121.670882274395,6868.0,64348.9165138701,"(1281, 182, 0)","(1281.0, 182.0, 0)"
1146,573,0,x1_x2_x1,0.0,0.0,0.0,"(2056, 1317, 90)","(2056.0, 1317.0, 90)"
1147,573,1,XRSTR_0_x2_x1,-5284.721338150219,5035.0,62360.746727536,"(1892, 325, 180)","(1892.0, 325.0, 180)"
1148,574,0,XRSTR_0_x2_x1,0.0,0.0,0.0,"(760, 1289, 0)","(760.0, 1289.0, 0)"
1149,574,1,x1_x2_x1,-5633.1558760431035,5449.5,33729.48080515991,"(1400, 1329, 180)","(1815.0, 1329.0, 180)"
1150,575,0,x1_x2_x1,0.0,0.0,0.0,"(1053, 1283, 270)","(1053.0, 1283.0, 270)"
1151,575,1,XRSTR_0_x2_x1,-6619.645031176846,6416.0,41471.298723018685,"(874, 19, 0)","(874.0, 19.0, 0)"
1152,576,0,x1_x2_x1,0.0,0.0,0.0,"(1529, 895, 0)","(1529.0, 895.0, 0)"
1153,576,1,XRSTR_0_x2_x1,-8109.472184544715,7830.0,78104.70193419515,"(375, 2077, 180)","(375.0, 2077.0, 180)"
1154,577,0,x1_x2_x1,0.0,0.0,0.0,"(212, 128, 90)","(212.0, 128.0, 90)"
1155,577,1,XRSTR_0_x2_x1,-8148.842230031256,7872.0,76641.62032867898,"(1732, 1597, 0)","(1732.0, 1597.0, 0)"
1156,578,0,XRSTR_0_x2_x1,0.0,0.0,0.0,"(1875, 1924, 90)","(1875.0, 1924.0, 90)"
1157,578,1,x1_x2_x1,-4926.316088962191,4762.5,26835.711002868542,"(1654, 2037, 180)","(1654.0, 2775.0, 180)"
1158,579,0,XRSTR_0_x2_x1,0.0,0.0,0.0,"(460, 1497, 90)","(460.0, 1497.0, 90)"
1159,579,1,x1_x2_x1,-6675.643750494415,6455.5,48463.27088174737,"(701, 140, 270)","(701.0, 140.0, 270)"
1160,580,0,XRSTR_0_x2_x1,0.0,0.0,0.0,"(1861, 1313, 90)","(1861.0, 1313.0, 90)"
1161,580,1,x1_x2_x1,-4208.376873849904,4042.5,27515.1372782169,"(1705, 1178, 90)","(1101.0, 1178.0, 90)"
1162,581,0,x1_x2_x1,0.0,0.0,0.0,"(167, 950, 90)","(167.0, 950.0, 90)"
1163,581,1,XRSTR_0_x2_x1,-7938.679330426557,7669.5,72457.51192888927,"(1716, 294, 0)","(1716.0, 294.0, 0)"
1164,582,0,XRSTR_0_x2_x1,0.0,0.0,0.0,"(155, 1350, 270)","(155.0, 1350.0, 270)"
1165,582,1,x1_x2_x1,-8330.074669659321,8052.0,77325.5219061407,"(2044, 160, 0)","(2044.0, 160.0, 0)"
1166,583,0,XRSTR_0_x2_x1,0.0,0.0,0.0,"(753, 617, 90)","(753.0, 617.0, 90)"
1167,583,1,x1_x2_x1,-5647.371550039475,5450.0,38955.52876498487,"(1048, 276, 0)","(1048.0, -234.0, 0)"
1168,584,0,XRSTR_0_x2_x1,0.0,0.0,0.0,"(1592, 916, 90)","(1592.0, 916.0, 90)"
1169,584,1,x1_x2_x1,-6243.347649396531,5983.0,67780.89854629901,"(562, 1579, 270)","(562.0, 1579.0, 270)"
1170,585,0,x1_x2_x1,0.0,0.0,0.0,"(242, 787, 270)","(-278.0, 787.0, 270)"
1171,585,1,XRSTR_0_x2_x1,-5812.415138092323,5579.0,54482.62669065808,"(573, 779, 0)","(573.0, 779.0, 0)"
1172,586,0,x1_x2_x1,0.0,0.0,0.0,"(903, 1290, 90)","(903.0, 1290.0, 90)"
1173,586,1,XRSTR_0_x2_x1,-6921.786593260942,6641.0,78841.11095508563,"(136, 1913, 90)","(136.0, 1913.0, 90)"
1174,587,0,XRSTR_0_x2_x1,0.0,0.0,0.0,"(938, 1048, 270)","(938.0, 1048.0, 270)"
1175,587,1,x1_x2_x1,-8147.2937829960665,7824.5,104195.8263409114,"(60, 2101, 0)","(60.0, 2101.0, 0)"
1176,588,0,XRSTR_0_x2_x1,0.0,0.0,0.0,"(783, 567, 0)","(783.0, 321.0, 0)"
1177,588,1,x1_x2_x1,-6128.132600354889,5911.5,46929.683536521334,"(849, 1285, 270)","(849.0, 1285.0, 270)"
1178,589,0,XRSTR_0_x2_x1,0.0,0.0,0.0,"(1268, 1741, 0)","(1268.0, 1741.0, 0)"
1179,589,1,x1_x2_x1,-5711.398539394278,5523.5,35305.86110650282,"(1966, 1818, 180)","(2323.0, 1818.0, 180)"
1180,590,0,XRSTR_0_x2_x1,0.0,0.0,0.0,"(1850, 1821, 0)","(1850.0, 1821.0, 0)"
1181,590,1,x1_x2_x1,-5910.6564002293,5700.0,44376.11895756688,"(680, 1088, 90)","(680.0, 1088.0, 90)"
1182,591,0,XRSTR_0_x2_x1,0.0,0.0,0.0,"(760, 448, 90)","(760.0, 448.0, 90)"
1183,591,1,x1_x2_x1,-7486.3520319658755,7227.5,67004.37445286247,"(1423, 1769, 180)","(1423.0, 1769.0, 180)"
1184,592,0,XRSTR_0_x2_x1,0.0,0.0,0.0,"(1575, 738, 90)","(1575.0, 738.0, 90)"
1185,592,1,x1_x2_x1,-5527.946074892137,5331.5,38591.06034052726,"(1760, 1426, 180)","(1760.0, 1589.0, 180)"
1186,593,0,x1_x2_x1,0.0,0.0,0.0,"(24, 1578, 0)","(24.0, 1578.0, 0)"
1187,593,1,XRSTR_0_x2_x1,-6564.895649565645,6353.5,44688.12065528092,"(1463, 1686, 180)","(1463.0, 1686.0, 180)"
1188,594,0,XRSTR_0_x2_x1,0.0,0.0,0.0,"(519, 1776, 270)","(519.0, 1776.0, 270)"
1189,594,1,x1_x2_x1,-5952.462906381531,5692.5,67580.7126943327,"(1165, 1138, 180)","(1165.0, 925.0, 180)"
1190,595,0,x1_x2_x1,0.0,0.0,0.0,"(498, 336, 270)","(463.0, 336.0, 270)"
1191,595,1,XRSTR_0_x2_x1,-5905.391098240762,5648.5,65993.03635534486,"(1314, 960, 0)","(1314.0, 960.0, 0)"
1192,596,0,x1_x2_x1,0.0,0.0,0.0,"(394, 579, 180)","(394.0, 579.0, 180)"
1193,596,1,XRSTR_0_x2_x1,-8059.495670442102,7751.0,95169.578681522,"(2097, 1453, 90)","(2097.0, 1453.0, 90)"
1194,597,0,x1_x2_x1,0.0,0.0,0.0,"(1300, 2099, 270)","(1300.0, 2099.0, 270)"
1195,597,1,XRSTR_0_x2_x1,-7613.911920363386,7352.0,68597.85402843685,"(234, 436, 270)","(234.0, 436.0, 270)"
1196,598,0,x1_x2_x1,0.0,0.0,0.0,"(1695, 1370, 270)","(1987.0, 1370.0, 270)"
1197,598,1,XRSTR_0_x2_x1,-4284.643965617138,4114.5,28948.969035925707,"(1227, 1163, 270)","(1227.0, 1163.0, 270)"
1198,599,0,XRSTR_0_x2_x1,0.0,0.0,0.0,"(934, 1096, 90)","(934.0, 1096.0, 90)"
1199,599,1,x1_x2_x1,-5507.163463580115,5311.5,38284.19098016693,"(1109, 1482, 180)","(1109.0, 1947.0, 180)"
1200,600,0,x1_x2_x1,0.0,0.0,0.0,"(1043, 88, 90)","(230.0, 88.0, 90)"
1201,600,1,XRSTR_0_x2_x1,-5108.699934305185,4929.5,32112.61645498268,"(1081, 104, 0)","(1081.0, 104.0, 0)"
1202,601,0,x1_x2_x1,0.0,0.0,0.0,"(641, 342, 270)","(641.0, 342.0, 270)"
1203,601,1,XRSTR_0_x2_x1,-9013.917032307038,8672.5,116565.5899493447,"(1386, 1952, 180)","(1386.0, 1952.0, 180)"
1204,602,0,XRSTR_0_x2_x1,0.0,0.0,0.0,"(640, 1528, 0)","(640.0, 1528.0, 0)"
1205,602,1,x1_x2_x1,-6866.7905617783435,6637.5,52574.161720628465,"(2043, 610, 270)","(2043.0, 610.0, 270)"
1206,603,0,x1_x2_x1,0.0,0.0,0.0,"(287, 612, 90)","(287.0, 612.0, 90)"
1207,603,1,XRSTR_0_x2_x1,-6886.107371453056,6660.5,50898.68605395699,"(384, 1966, 180)","(384.0, 1966.0, 180)"
1208,604,0,x1_x2_x1,0.0,0.0,0.0,"(1268, 568, 0)","(1268.0, 568.0, 0)"
1209,604,1,XRSTR_0_x2_x1,-6361.90329474105,6099.0,69118.14238569906,"(2103, 548, 270)","(2232.0, 548.0, 270)"
1210,605,0,x1_x2_x1,0.0,0.0,0.0,"(663, 1309, 270)","(535.0, 1309.0, 270)"
1211,605,1,XRSTR_0_x2_x1,-5253.054857818386,4998.5,64798.17563893893,"(1295, 921, 90)","(1295.0, 921.0, 90)"
1212,606,0,x1_x2_x1,0.0,0.0,0.0,"(1632, 1818, 0)","(1632.0, 1989.0, 0)"
1213,606,1,XRSTR_0_x2_x1,-6158.185257556255,5888.5,72730.13814318358,"(1744, 1138, 270)","(1744.0, 1138.0, 270)"
1214,607,0,XRSTR_0_x2_x1,0.0,0.0,0.0,"(1364, 1082, 90)","(1364.0, 1082.0, 90)"
1215,607,1,x1_x2_x1,-5809.083086623212,5558.5,62791.883301616006,"(785, 1602, 0)","(785.0, 1933.0, 0)"
1216,608,0,XRSTR_0_x2_x1,0.0,0.0,0.0,"(1329, 1447, 0)","(1329.0, 1447.0, 0)"
1217,608,1,x1_x2_x1,-5748.12093750305,5547.5,40248.76056460292,"(1713, 2095, 180)","(1713.0, 2207.0, 180)"
1218,609,0,XRSTR_0_x2_x1,0.0,0.0,0.0,"(1329, 2000, 90)","(1329.0, 2000.0, 90)"
1219,609,1,x1_x2_x1,-6870.753196478724,6631.5,57242.09202528681,"(1701, 686, 270)","(1701.0, 686.0, 270)"
1220,610,0,x1_x2_x1,0.0,0.0,0.0,"(1356, 329, 0)","(1356.0, 329.0, 0)"
1221,610,1,XRSTR_0_x2_x1,-6834.29864179954,6596.0,56786.24268350556,"(579, 1903, 270)","(579.0, 1903.0, 270)"
1222,611,0,x1_x2_x1,0.0,0.0,0.0,"(131, 928, 90)","(131.0, 928.0, 90)"
1223,611,1,XRSTR_0_x2_x1,-7284.779178695277,7025.5,67225.69250489707,"(1647, 1270, 270)","(1647.0, 1270.0, 270)"
1224,612,0,XRSTR_0_x2_x1,0.0,0.0,0.0,"(2049, 741, 90)","(2049.0, 741.0, 90)"
1225,612,1,x1_x2_x1,-8069.608987766339,7763.0,94009.07137909895,"(582, 1857, 270)","(582.0, 1857.0, 270)"
1226,613,0,x1_x2_x1,0.0,0.0,0.0,"(141, 1808, 90)","(-472.0, 1808.0, 90)"
1227,613,1,XRSTR_0_x2_x1,-4966.223903172239,4793.5,29833.546727052973,"(379, 1892, 0)","(379.0, 1892.0, 0)"
1228,614,0,XRSTR_0_x2_x1,0.0,0.0,0.0,"(1745, 1451, 90)","(1745.0, 1451.0, 90)"
1229,614,1,x1_x2_x1,-6104.729944605294,5849.0,65397.80456782686,"(723, 2055, 270)","(723.0, 2055.0, 270)"
1230,615,0,XRSTR_0_x2_x1,0.0,0.0,0.0,"(1184, 567, 180)","(1184.0, 567.0, 180)"
1231,615,1,x1_x2_x1,-7079.397480265719,6839.5,57550.80103784133,"(175, 1980, 90)","(175.0, 1980.0, 90)"
1232,616,0,x1_x2_x1,0.0,0.0,0.0,"(412, 151, 90)","(412.0, 149.0, 90)"
1233,616,1,XRSTR_0_x2_x1,-5402.809896313381,5210.0,37175.65611637652,"(1106, 1113, 0)","(1106.0, 1113.0, 0)"
1234,617,0,XRSTR_0_x2_x1,0.0,0.0,0.0,"(1640, 222, 180)","(1640.0, 222.0, 180)"
1235,617,1,x1_x2_x1,-5347.209724304637,5073.5,74917.01317892066,"(1719, 1174, 0)","(1719.0, 1174.0, 0)"
1236,618,0,XRSTR_0_x2_x1,0.0,0.0,0.0,"(925, 749, 270)","(925.0, 749.0, 270)"
1237,618,1,x1_x2_x1,-6498.3506565233865,6218.0,78596.4906130939,"(551, 888, 0)","(-39.0, 888.0, 0)"
1238,619,0,XRSTR_0_x2_x1,0.0,0.0,0.0,"(1532, 1900, 90)","(1532.0, 1900.0, 90)"
1239,619,1,x1_x2_x1,-7215.777125589009,6919.0,88076.66227287466,"(1616, 455, 90)","(1616.0, 455.0, 90)"
1240,620,0,x1_x2_x1,0.0,0.0,0.0,"(1146, 1076, 180)","(1146.0, 1519.0, 180)"
1241,620,1,XRSTR_0_x2_x1,-5767.230915871441,5565.5,40695.36241833043,"(753, 759, 0)","(753.0, 759.0, 0)"
1242,621,0,XRSTR_0_x2_x1,0.0,0.0,0.0,"(11, 1540, 180)","(11.0, 1540.0, 180)"
1243,621,1,x1_x2_x1,-6006.881857025373,5836.5,29029.977203414845,"(1399, 1996, 270)","(1399.0, 1996.0, 270)"
1244,622,0,x1_x2_x1,0.0,0.0,0.0,"(528, 1267, 0)","(490.0, 1267.0, 0)"
1245,622,1,XRSTR_0_x2_x1,-7236.7770281263065,6932.5,92584.50984537724,"(1454, 746, 270)","(1454.0, 746.0, 270)"
1246,623,0,x1_x2_x1,0.0,0.0,0.0,"(2056, 1539, 90)","(2056.0, 1539.0, 90)"
1247,623,1,XRSTR_0_x2_x1,-5657.486931591664,5380.5,76721.76027256498,"(939, 1595, 270)","(939.0, 1595.0, 270)"
1248,624,0,x1_x2_x1,0.0,0.0,0.0,"(904, 240, 90)","(211.0, 240.0, 90)"
1249,624,1,XRSTR_0_x2_x1,-5571.949344978181,5350.5,49039.812391265536,"(971, 419, 270)","(971.0, 419.0, 270)"
1250,625,0,x1_x2_x1,0.0,0.0,0.0,"(578, 1838, 90)","(578.0, 1838.0, 90)"
1251,625,1,XRSTR_0_x2_x1,-7290.195055098493,7048.0,58658.44471416217,"(994, 394, 0)","(994.0, 394.0, 0)"
1252,626,0,XRSTR_0_x2_x1,0.0,0.0,0.0,"(1583, 722, 0)","(1583.0, 722.0, 0)"
1253,626,1,x1_x2_x1,-6932.373413300886,6645.0,82583.47867220147,"(1074, 1263, 270)","(732.0, 1263.0, 270)"
1254,627,0,x1_x2_x1,0.0,0.0,0.0,"(1101, 1064, 270)","(1101.0, 1064.0, 270)"
1255,627,1,XRSTR_0_x2_x1,-6478.864871300704,6202.0,76654.15696035551,"(1224, 1831, 180)","(1224.0, 2028.0, 180)"
1256,628,0,XRSTR_0_x2_x1,0.0,0.0,0.0,"(991, 241, 0)","(991.0, 241.0, 0)"
1257,628,1,x1_x2_x1,-5322.47611562441,5130.5,36854.82897023685,"(1038, 555, 180)","(1038.0, 1001.0, 180)"
1258,629,0,x1_x2_x1,0.0,0.0,0.0,"(1276, 1968, 270)","(1276.0, 1968.0, 270)"
1259,629,1,XRSTR_0_x2_x1,-5940.7022043080715,5691.0,62351.1908363098,"(1719, 864, 90)","(1719.0, 864.0, 90)"
1260,630,0,XRSTR_0_x2_x1,0.0,0.0,0.0,"(356, 1318, 270)","(356.0, 1318.0, 270)"
1261,630,1,x1_x2_x1,-6592.508162745413,6293.5,89405.88138838732,"(1883, 1169, 90)","(1883.0, 1169.0, 90)"
1262,631,0,x1_x2_x1,0.0,0.0,0.0,"(1979, 1439, 270)","(1979.0, 772.0, 270)"
1263,631,1,XRSTR_0_x2_x1,-4854.10343237267,4653.5,40241.73707969627,"(1797, 1736, 0)","(1797.0, 1736.0, 0)"
1264,632,0,XRSTR_0_x2_x1,0.0,0.0,0.0,"(1870, 1447, 180)","(1870.0, 1447.0, 180)"
1265,632,1,x1_x2_x1,-8066.7746649239725,7758.5,95033.26903398754,"(315, 1104, 270)","(315.0, 1104.0, 270)"
1266,633,0,x1_x2_x1,0.0,0.0,0.0,"(1918, 1168, 90)","(1918.0, 1168.0, 90)"
1267,633,1,XRSTR_0_x2_x1,-9359.575606158522,9012.5,120461.47639030572,"(444, 117, 0)","(444.0, 117.0, 0)"
1268,634,0,XRSTR_0_x2_x1,0.0,0.0,0.0,"(1983, 2072, 0)","(1983.0, 2072.0, 0)"
1269,634,1,x1_x2_x1,-8607.840523951305,8321.5,81990.89565670757,"(129, 763, 0)","(129.0, 763.0, 0)"
1270,635,0,XRSTR_0_x2_x1,0.0,0.0,0.0,"(725, 725, 180)","(725.0, 725.0, 180)"
1271,635,1,x1_x2_x1,-5374.884194628705,5099.5,75836.45465130046,"(932, 1626, 0)","(932.0, 1626.0, 0)"
1272,636,0,XRSTR_0_x2_x1,0.0,0.0,0.0,"(1528, 1188, 0)","(1528.0, 1188.0, 0)"
1273,636,1,x1_x2_x1,-6137.129710621801,5946.0,36530.56628237336,"(164, 1218, 180)","(164.0, 1218.0, 180)"
1274,637,0,x1_x2_x1,0.0,0.0,0.0,"(975, 1719, 90)","(975.0, 2091.0, 90)"
1275,637,1,XRSTR_0_x2_x1,-6606.286229952959,6312.5,86310.34890997283,"(855, 1036, 90)","(855.0, 1036.0, 90)"
1276,638,0,XRSTR_0_x2_x1,0.0,0.0,0.0,"(799, 1649, 0)","(799.0, 1649.0, 0)"
1277,638,1,x1_x2_x1,-6521.075472951205,6274.0,61046.28933406133,"(979, 60, 180)","(979.0, 60.0, 180)"
1278,639,0,x1_x2_x1,0.0,0.0,0.0,"(841, 1682, 270)","(1282.0, 1682.0, 270)"
1279,639,1,XRSTR_0_x2_x1,-4168.956106564345,4031.5,18894.18123182853,"(522, 1940, 270)","(522.0, 1940.0, 270)"
1280,640,0,x1_x2_x1,0.0,0.0,0.0,"(625, 473, 90)","(625.0, 1129.0, 90)"
1281,640,1,XRSTR_0_x2_x1,-6440.4579941931615,6154.5,81771.97444297616,"(584, 74, 90)","(584.0, 74.0, 90)"
1282,641,0,x1_x2_x1,0.0,0.0,0.0,"(588, 242, 270)","(1280.0, 242.0, 270)"
1283,641,1,XRSTR_0_x2_x1,-4692.830838613266,4601.0,8432.90292041569,"(429, 477, 0)","(429.0, 477.0, 0)"
1284,642,0,XRSTR_0_x2_x1,0.0,0.0,0.0,"(1868, 1368, 90)","(1868.0, 1368.0, 90)"
1285,642,1,x1_x2_x1,-6179.940396240677,5925.0,64994.6056353533,"(751, 1915, 270)","(751.0, 1915.0, 270)"
1286,643,0,x1_x2_x1,0.0,0.0,0.0,"(1026, 1931, 90)","(1026.0, 2551.0, 90)"
1287,643,1,XRSTR_0_x2_x1,-5404.6422034222205,5226.5,31734.64464012374,"(905, 1496, 270)","(905.0, 1496.0, 270)"
1288,644,0,XRSTR_0_x2_x1,0.0,0.0,0.0,"(764, 1740, 90)","(764.0, 1740.0, 90)"
1289,644,1,x1_x2_x1,-6629.001737303993,6416.0,45369.740094519104,"(196, 47, 90)","(196.0, 47.0, 90)"
1290,645,0,XRSTR_0_x2_x1,0.0,0.0,0.0,"(392, 1979, 0)","(392.0, 1979.0, 0)"
1291,645,1,x1_x2_x1,-5064.0143149969235,4790.5,74810.08050823644,"(212, 1352, 180)","(212.0, 1219.0, 180)"
1292,646,0,x1_x2_x1,0.0,0.0,0.0,"(45, 258, 90)","(45.0, 258.0, 90)"
1293,646,1,XRSTR_0_x2_x1,-6210.946690834465,5997.5,45559.48982818367,"(1222, 66, 0)","(1222.0, 66.0, 0)"
1294,647,0,x1_x2_x1,0.0,0.0,0.0,"(1710, 1889, 0)","(1710.0, 2433.0, 0)"
1295,647,1,XRSTR_0_x2_x1,-5234.727803409388,4976.5,66681.59845363743,"(1344, 1673, 180)","(1344.0, 1673.0, 180)"
1296,648,0,XRSTR_0_x2_x1,0.0,0.0,0.0,"(360, 1613, 0)","(360.0, 1613.0, 0)"
1297,648,1,x1_x2_x1,-5182.580749459843,5006.0,31180.761079799813,"(844, 592, 270)","(844.0, 592.0, 270)"
1298,649,0,XRSTR_0_x2_x1,0.0,0.0,0.0,"(252, 427, 180)","(252.0, 427.0, 180)"
1299,649,1,x1_x2_x1,-6150.561026867916,5917.5,54317.442244727376,"(425, 66, 270)","(425.0, -537.0, 270)"
1300,650,0,XRSTR_0_x2_x1,0.0,0.0,0.0,"(1856, 1586, 270)","(1856.0, 1586.0, 270)"
1301,650,1,x1_x2_x1,-8079.811174727401,7764.5,99421.13690797336,"(698, 843, 270)","(698.0, 843.0, 270)"
1302,651,0,x1_x2_x1,0.0,0.0,0.0,"(945, 1209, 90)","(945.0, 1209.0, 90)"
1303,651,1,XRSTR_0_x2_x1,-5054.384435453372,4877.0,31465.237941111616,"(1374, 225, 180)","(1374.0, 225.0, 180)"
1304,652,0,x1_x2_x1,0.0,0.0,0.0,"(681, 73, 180)","(681.0, 73.0, 180)"
1305,652,1,XRSTR_0_x2_x1,-6976.255716743831,6807.5,28478.491933724017,"(375, 1677, 270)","(375.0, 1677.0, 270)"
1306,653,0,x1_x2_x1,0.0,0.0,0.0,"(1371, 1084, 270)","(2005.0, 1084.0, 270)"
1307,653,1,XRSTR_0_x2_x1,-5393.019120049466,5191.5,40609.955745511405,"(1245, 1064, 90)","(1245.0, 1064.0, 90)"
1308,654,0,x1_x2_x1,0.0,0.0,0.0,"(1269, 91, 180)","(1269.0, -211.0, 180)"
1309,654,1,XRSTR_0_x2_x1,-5012.8906806643035,4741.5,73652.90155143378,"(1400, 549, 0)","(1400.0, 549.0, 0)"
1310,655,0,XRSTR_0_x2_x1,0.0,0.0,0.0,"(876, 1811, 90)","(876.0, 1811.0, 90)"
1311,655,1,x1_x2_x1,-6287.259528750118,6017.0,73040.2128802358,"(899, 878, 90)","(899.0, 756.0, 90)"
1312,656,0,x1_x2_x1,0.0,0.0,0.0,"(20, 1841, 270)","(20.0, 1841.0, 270)"
1313,656,1,XRSTR_0_x2_x1,-6865.468841139647,6651.0,45996.883819783216,"(166, 23, 90)","(166.0, 23.0, 90)"
1314,657,0,x1_x2_x1,0.0,0.0,0.0,"(282, 747, 180)","(282.0, 747.0, 180)"
1315,657,1,XRSTR_0_x2_x1,-5063.876953461804,4843.5,48566.00161710636,"(1137, 877, 90)","(1246.0, 877.0, 90)"
1316,658,0,XRSTR_0_x2_x1,0.0,0.0,0.0,"(248, 2049, 90)","(248.0, 2049.0, 90)"
1317,658,1,x1_x2_x1,-6098.6889043537685,5902.5,38490.08619153229,"(749, 1717, 0)","(1212.0, 1717.0, 0)"
1318,659,0,x1_x2_x1,0.0,0.0,0.0,"(916, 2073, 270)","(916.0, 2073.0, 270)"
1319,659,1,XRSTR_0_x2_x1,-5804.573467358817,5564.5,57635.26972968464,"(1783, 2007, 180)","(1783.0, 2007.0, 180)"
1320,660,0,XRSTR_0_x2_x1,0.0,0.0,0.0,"(408, 1668, 90)","(408.0, 1668.0, 90)"
1321,660,1,x1_x2_x1,-6298.298272525291,6024.5,74965.49403783395,"(384, 2015, 90)","(384.0, 2723.0, 90)"
1322,661,0,x1_x2_x1,0.0,0.0,0.0,"(1213, 1903, 270)","(1872.0, 1903.0, 270)"
1323,661,1,XRSTR_0_x2_x1,-4433.9363888931675,4263.5,29048.56265894307,"(1112, 1547, 270)","(1112.0, 1547.0, 270)"
1324,662,0,x1_x2_x1,0.0,0.0,0.0,"(671, 1519, 270)","(671.0, 1519.0, 270)"
1325,662,1,XRSTR_0_x2_x1,-5770.78235229082,5587.5,33592.4206612562,"(535, 50, 180)","(535.0, 50.0, 180)"
1326,663,0,XRSTR_0_x2_x1,0.0,0.0,0.0,"(1691, 886, 180)","(1691.0, 886.0, 180)"
1327,663,1,x1_x2_x1,-5149.089641641606,4878.5,73218.75416373304,"(1959, 1540, 0)","(1959.0, 1646.0, 0)"
1328,664,0,x1_x2_x1,0.0,0.0,0.0,"(543, 391, 180)","(409.0, 391.0, 180)"
1329,664,1,XRSTR_0_x2_x1,-6490.573933367025,6211.0,78161.58421831015,"(1464, 511, 180)","(1464.0, 511.0, 180)"
1330,665,0,XRSTR_0_x2_x1,0.0,0.0,0.0,"(1724, 349, 90)","(1724.0, 349.0, 90)"
1331,665,1,x1_x2_x1,-5650.752714571237,5438.0,45263.71755743053,"(1623, 1197, 0)","(1623.0, 1200.0, 0)"
1332,666,0,XRSTR_0_x2_x1,0.0,0.0,0.0,"(316, 350, 90)","(316.0, 350.0, 90)"
1333,666,1,x1_x2_x1,-7987.422165195575,7679.0,95124.23198392653,"(1851, 724, 0)","(1851.0, 724.0, 0)"
1334,667,0,x1_x2_x1,0.0,0.0,0.0,"(1888, 348, 270)","(1888.0, 348.0, 270)"
1335,667,1,XRSTR_0_x2_x1,-6194.91062459574,5948.5,60718.19591366274,"(1623, 1606, 270)","(1623.0, 1606.0, 270)"
1336,668,0,XRSTR_0_x2_x1,0.0,0.0,0.0,"(730, 1361, 270)","(730.0, 1361.0, 270)"
1337,668,1,x1_x2_x1,-6125.374484372714,5900.0,50793.658206266555,"(210, 1867, 180)","(210.0, 2212.0, 180)"
1338,669,0,x1_x2_x1,0.0,0.0,0.0,"(63, 934, 0)","(63.0, 834.0, 0)"
1339,669,1,XRSTR_0_x2_x1,-4866.223414876749,4691.5,30528.271706192572,"(651, 1594, 0)","(651.0, 1594.0, 0)"
1340,670,0,XRSTR_0_x2_x1,0.0,0.0,0.0,"(92, 2104, 180)","(92.0, 2104.0, 180)"
1341,670,1,x1_x2_x1,-7662.472995898374,7363.0,89684.07527234756,"(1479, 1740, 90)","(1479.0, 1740.0, 90)"
1342,671,0,x1_x2_x1,0.0,0.0,0.0,"(471, 1292, 0)","(203.0, 1292.0, 0)"
1343,671,1,XRSTR_0_x2_x1,-5699.065206497286,5466.5,54086.57527312546,"(1258, 963, 180)","(1258.0, 963.0, 180)"
1344,672,0,XRSTR_0_x2_x1,0.0,0.0,0.0,"(1209, 207, 0)","(1209.0, 207.0, 0)"
1345,672,1,x1_x2_x1,-5822.430933319379,5615.5,42820.411164429155,"(430, 534, 90)","(358.0, 534.0, 90)"
1346,673,0,x1_x2_x1,0.0,0.0,0.0,"(186, 1468, 270)","(186.0, 1468.0, 270)"
1347,673,1,XRSTR_0_x2_x1,-8219.949121340127,7901.0,101728.54200363954,"(802, 64, 270)","(802.0, 64.0, 270)"
1348,674,0,XRSTR_0_x2_x1,0.0,0.0,0.0,"(1067, 272, 270)","(1067.0, 272.0, 270)"
1349,674,1,x1_x2_x1,-6058.869635083471,5802.0,65982.0094279155,"(1736, 1195, 0)","(1736.0, 1195.0, 0)"
1350,675,0,XRSTR_0_x2_x1,0.0,0.0,0.0,"(609, 907, 270)","(609.0, 907.0, 270)"
1351,675,1,x1_x2_x1,-5199.720515051667,4954.5,60133.10100220441,"(1002, 1275, 90)","(1369.0, 1275.0, 90)"
1352,676,0,x1_x2_x1,0.0,0.0,0.0,"(66, 420, 90)","(66.0, 420.0, 90)"
1353,676,1,XRSTR_0_x2_x1,-7437.893697277844,7178.0,67544.73388474739,"(915, 1581, 180)","(915.0, 1581.0, 180)"
1354,677,0,x1_x2_x1,0.0,0.0,0.0,"(1852, 1690, 90)","(1852.0, 1690.0, 90)"
1355,677,1,XRSTR_0_x2_x1,-6551.191378611023,6270.5,78787.65002655654,"(1433, 323, 180)","(1433.0, 323.0, 180)"
1356,678,0,XRSTR_0_x2_x1,0.0,0.0,0.0,"(880, 2049, 270)","(880.0, 2049.0, 270)"
1357,678,1,x1_x2_x1,-7669.199613640475,7373.0,87734.21112076692,"(1328, 109, 90)","(1328.0, 109.0, 90)"
1358,679,0,XRSTR_0_x2_x1,0.0,0.0,0.0,"(2063, 1517, 0)","(2063.0, 1517.0, 0)"
1359,679,1,x1_x2_x1,-7965.497330035732,7653.0,97654.58127946121,"(251, 801, 180)","(251.0, 801.0, 180)"
1360,680,0,XRSTR_0_x2_x1,0.0,0.0,0.0,"(1974, 1501, 180)","(1974.0, 1898.0, 180)"
1361,680,1,x1_x2_x1,-6263.827702486046,6014.0,62413.880929456405,"(2039, 934, 270)","(2039.0, 934.0, 270)"
1362,681,0,XRSTR_0_x2_x1,0.0,0.0,0.0,"(622, 523, 0)","(622.0, 523.0, 0)"
1363,681,1,x1_x2_x1,-6794.185529466581,6547.5,60853.75044820744,"(484, 1902, 180)","(484.0, 1902.0, 180)"
1364,682,0,XRSTR_0_x2_x1,0.0,0.0,0.0,"(291, 619, 270)","(291.0, 619.0, 270)"
1365,682,1,x1_x2_x1,-8310.546612140528,7995.0,99569.66443336522,"(1545, 2064, 0)","(1545.0, 2064.0, 0)"
1366,683,0,XRSTR_0_x2_x1,0.0,0.0,0.0,"(2057, 538, 0)","(2057.0, 538.0, 0)"
1367,683,1,x1_x2_x1,-7299.966412753205,7041.0,67063.6029342632,"(474, 545, 270)","(474.0, 545.0, 270)"
1368,684,0,x1_x2_x1,0.0,0.0,0.0,"(1070, 1775, 0)","(1433.0, 1775.0, 0)"
1369,684,1,XRSTR_0_x2_x1,-5655.294800889928,5405.0,62647.48735252898,"(469, 1335, 270)","(469.0, 1335.0, 270)"
1370,685,0,XRSTR_0_x2_x1,0.0,0.0,0.0,"(125, 814, 90)","(125.0, 814.0, 90)"
1371,685,1,x1_x2_x1,-7753.937014049742,7438.5,99500.50983261711,"(1247, 198, 180)","(1247.0, 198.0, 180)"
1372,686,0,x1_x2_x1,0.0,0.0,0.0,"(616, 491, 0)","(616.0, 1098.0, 0)"
1373,686,1,XRSTR_0_x2_x1,-6069.5337446410595,5819.0,62767.157203871684,"(488, 247, 90)","(488.0, 247.0, 90)"
1374,687,0,XRSTR_0_x2_x1,0.0,0.0,0.0,"(1883, 609, 180)","(1883.0, 609.0, 180)"
1375,687,1,x1_x2_x1,-6227.689817178226,5974.5,64105.08352274333,"(626, 990, 0)","(626.0, 990.0, 0)"
1376,688,0,x1_x2_x1,0.0,0.0,0.0,"(1842, 330, 0)","(1842.0, 330.0, 0)"
1377,688,1,XRSTR_0_x2_x1,-5817.5353712338765,5626.5,36494.51306246484,"(1567, 1613, 270)","(1567.0, 1613.0, 270)"
1378,689,0,XRSTR_0_x2_x1,0.0,0.0,0.0,"(912, 1244, 270)","(912.0, 1244.0, 270)"
1379,689,1,x1_x2_x1,-6484.863757817255,6254.0,53298.07467350412,"(39, 1828, 180)","(-52.0, 1828.0, 180)"
1380,690,0,XRSTR_0_x2_x1,0.0,0.0,0.0,"(1769, 585, 180)","(1769.0, 585.0, 180)"
1381,690,1,x1_x2_x1,-4620.399896762237,4446.5,30241.17409391684,"(1382, 1421, 180)","(1382.0, 1421.0, 180)"
1382,691,0,XRSTR_0_x2_x1,0.0,0.0,0.0,"(399, 801, 90)","(399.0, 801.0, 90)"
1383,691,1,x1_x2_x1,-7660.525281455373,7396.5,69709.34924758886,"(2088, 1168, 270)","(2088.0, 1168.0, 270)"
1384,692,0,XRSTR_0_x2_x1,0.0,0.0,0.0,"(1077, 1701, 270)","(1077.0, 1701.0, 270)"
1385,692,1,x1_x2_x1,-6294.129644608974,5993.5,90378.18321771774,"(562, 1820, 270)","(317.0, 1820.0, 270)"
1386,693,0,x1_x2_x1,0.0,0.0,0.0,"(402, 613, 180)","(402.0, 613.0, 180)"
1387,693,1,XRSTR_0_x2_x1,-7269.10249529254,6981.0,83003.04779378796,"(1056, 1519, 180)","(1056.0, 1519.0, 180)"
1388,694,0,x1_x2_x1,0.0,0.0,0.0,"(635, 1523, 180)","(635.0, 1523.0, 180)"
1389,694,1,XRSTR_0_x2_x1,-4793.775702069254,4702.5,8331.25378823522,"(383, 620, 270)","(383.0, 620.0, 270)"
1390,695,0,XRSTR_0_x2_x1,0.0,0.0,0.0,"(565, 421, 180)","(565.0, 421.0, 180)"
1391,695,1,x1_x2_x1,-6994.181821299037,6709.0,81328.67119943626,"(1664, 96, 90)","(1664.0, 96.0, 90)"
1392,696,0,XRSTR_0_x2_x1,0.0,0.0,0.0,"(530, 1921, 270)","(530.0, 1921.0, 270)"
1393,696,1,x1_x2_x1,-5552.599311781809,5367.5,34261.75522209931,"(616, 781, 0)","(616.0, 781.0, 0)"
1394,697,0,XRSTR_0_x2_x1,0.0,0.0,0.0,"(891, 355, 270)","(891.0, 355.0, 270)"
1395,697,1,x1_x2_x1,-4804.76265405711,4569.5,55348.51639399558,"(1170, 467, 90)","(1651.0, 467.0, 90)"
1396,698,0,x1_x2_x1,0.0,0.0,0.0,"(1492, 833, 0)","(1492.0, 1035.0, 0)"
1397,698,1,XRSTR_0_x2_x1,-6660.696898274689,6389.0,73819.20453208673,"(988, 275, 0)","(988.0, 275.0, 0)"
1398,699,0,x1_x2_x1,0.0,0.0,0.0,"(2070, 1001, 0)","(2070.0, 1001.0, 0)"
1399,699,1,XRSTR_0_x2_x1,-6710.5826488753655,6424.5,81843.2819875457,"(1660, 171, 0)","(1660.0, 171.0, 0)"
1400,700,0,XRSTR_0_x2_x1,0.0,0.0,0.0,"(364, 575, 270)","(364.0, 575.0, 270)"
1401,700,1,x1_x2_x1,-5772.055327328475,5582.5,35931.22211860537,"(1816, 468, 0)","(1816.0, 468.0, 0)"
1402,701,0,x1_x2_x1,0.0,0.0,0.0,"(305, 556, 90)","(305.0, 556.0, 90)"
1403,701,1,XRSTR_0_x2_x1,-6941.2539206694055,6702.0,57242.43855568197,"(1180, 2085, 0)","(1180.0, 2085.0, 0)"
1404,702,0,x1_x2_x1,0.0,0.0,0.0,"(817, 1974, 270)","(549.0, 1974.0, 270)"
1405,702,1,XRSTR_0_x2_x1,-5707.7143614993065,5465.5,58667.79691651691,"(1400, 1761, 180)","(1400.0, 1761.0, 180)"
1406,703,0,x1_x2_x1,0.0,0.0,0.0,"(1615, 1683, 180)","(1615.0, 1683.0, 180)"
1407,703,1,XRSTR_0_x2_x1,-5098.463291734686,4909.5,35707.12562320817,"(1705, 467, 180)","(1705.0, 467.0, 180)"
1408,704,0,x1_x2_x1,0.0,0.0,0.0,"(1018, 1381, 180)","(1018.0, 1381.0, 180)"
1409,704,1,XRSTR_0_x2_x1,-5593.300889165344,5405.5,35269.17397129407,"(1073, 253, 90)","(1073.0, 253.0, 90)"
1410,705,0,XRSTR_0_x2_x1,0.0,0.0,0.0,"(865, 267, 270)","(865.0, 267.0, 270)"
1411,705,1,x1_x2_x1,-5709.024586349536,5465.5,59304.224156712335,"(1084, 805, 0)","(1084.0, 1118.0, 0)"
1412,706,0,XRSTR_0_x2_x1,0.0,0.0,0.0,"(1726, 847, 90)","(1726.0, 847.0, 90)"
1413,706,1,x1_x2_x1,-5793.790103507493,5534.5,67231.35777692618,"(795, 360, 270)","(795.0, 360.0, 270)"
1414,707,0,x1_x2_x1,0.0,0.0,0.0,"(222, 1099, 180)","(222.0, 764.0, 180)"
1415,707,1,XRSTR_0_x2_x1,-5031.433617719124,4758.5,74492.75968124911,"(370, 1524, 0)","(370.0, 1524.0, 0)"
1416,708,0,x1_x2_x1,0.0,0.0,0.0,"(1529, 417, 270)","(2300.0, 417.0, 270)"
1417,708,1,XRSTR_0_x2_x1,-5419.801660434323,5227.5,36979.92860579756,"(1449, 550, 180)","(1449.0, 550.0, 180)"
1418,709,0,XRSTR_0_x2_x1,0.0,0.0,0.0,"(1288, 109, 0)","(1288.0, 109.0, 0)"
1419,709,1,x1_x2_x1,-6612.409029077359,6318.5,86382.51737319578,"(315, 232, 0)","(233.0, 232.0, 0)"
1420,710,0,XRSTR_0_x2_x1,0.0,0.0,0.0,"(725, 1472, 270)","(725.0, 1472.0, 270)"
1421,710,1,x1_x2_x1,-6161.640456564421,5939.5,49346.38244264909,"(132, 2052, 90)","(-35.0, 2052.0, 90)"
1422,711,0,XRSTR_0_x2_x1,0.0,0.0,0.0,"(1757, 416, 0)","(1757.0, 416.0, 0)"
1423,711,1,x1_x2_x1,-4700.699177347691,4552.0,22111.445343880063,"(1563, 101, 90)","(1563.0, -548.0, 90)"
1424,712,0,x1_x2_x1,0.0,0.0,0.0,"(1256, 429, 0)","(1256.0, 429.0, 0)"
1425,712,1,XRSTR_0_x2_x1,-6932.809970098395,6709.5,49867.34274534588,"(1324, 2086, 270)","(1324.0, 2086.0, 270)"
1426,713,0,XRSTR_0_x2_x1,0.0,0.0,0.0,"(1119, 1893, 90)","(1119.0, 1893.0, 90)"
1427,713,1,x1_x2_x1,-5526.391826709552,5312.5,45749.71353314907,"(867, 1082, 270)","(867.0, 838.0, 270)"
1428,714,0,x1_x2_x1,0.0,0.0,0.0,"(641, 1, 0)","(641.0, 1.0, 0)"
1429,714,1,XRSTR_0_x2_x1,-6412.952373684905,6202.5,44290.20158961091,"(723, 1297, 180)","(723.0, 1297.0, 180)"
1430,715,0,XRSTR_0_x2_x1,0.0,0.0,0.0,"(2073, 1583, 90)","(2073.0, 1583.0, 90)"
1431,715,1,x1_x2_x1,-4086.9197303180244,3953.5,17800.82443813439,"(1984, 1802, 90)","(1313.0, 1802.0, 90)"
1432,716,0,XRSTR_0_x2_x1,0.0,0.0,0.0,"(1304, 1793, 180)","(1304.0, 1793.0, 180)"
1433,716,1,x1_x2_x1,-7050.754588671914,6759.0,85120.74001111726,"(469, 1399, 180)","(249.0, 1399.0, 180)"
1434,717,0,x1_x2_x1,0.0,0.0,0.0,"(1378, 397, 180)","(1378.0, 397.0, 180)"
1435,717,1,XRSTR_0_x2_x1,-4964.661235400378,4698.5,70841.80322985571,"(1432, 1174, 0)","(1432.0, 1174.0, 0)"
1436,718,0,x1_x2_x1,0.0,0.0,0.0,"(435, 0, 0)","(435.0, 0.0, 0)"
1437,718,1,XRSTR_0_x2_x1,-5845.500698906937,5641.5,41616.285154518846,"(1607, 651, 0)","(1607.0, 651.0, 0)"
1438,719,0,x1_x2_x1,0.0,0.0,0.0,"(374, 347, 270)","(374.0, 347.0, 270)"
1439,719,1,XRSTR_0_x2_x1,-7768.0315611545575,7440.5,107276.9235523417,"(1777, 67, 270)","(1777.0, 67.0, 270)"
1440,720,0,x1_x2_x1,0.0,0.0,0.0,"(412, 751, 90)","(412.0, 1251.0, 90)"
1441,720,1,XRSTR_0_x2_x1,-6563.424158332702,6270.5,85804.5625349217,"(313, 196, 90)","(313.0, 196.0, 90)"
1442,721,0,XRSTR_0_x2_x1,0.0,0.0,0.0,"(625, 1973, 90)","(625.0, 1973.0, 90)"
1443,721,1,x1_x2_x1,-7636.132306054077,7391.5,59844.965165335525,"(886, 168, 270)","(886.0, 168.0, 270)"
1444,722,0,XRSTR_0_x2_x1,0.0,0.0,0.0,"(1527, 904, 270)","(1527.0, 904.0, 270)"
1445,722,1,x1_x2_x1,-4901.68520022956,4638.5,69266.44961987376,"(1897, 876, 90)","(2287.0, 876.0, 90)"
1446,723,0,x1_x2_x1,0.0,0.0,0.0,"(1500, 1646, 90)","(1500.0, 1646.0, 90)"
1447,723,1,XRSTR_0_x2_x1,-9626.97894534569,9274.5,124241.40691201005,"(199, 291, 90)","(199.0, 291.0, 90)"
1448,724,0,XRSTR_0_x2_x1,0.0,0.0,0.0,"(797, 1620, 90)","(797.0, 1620.0, 90)"
1449,724,1,x1_x2_x1,-4362.50933117161,4213.5,22203.780776210628,"(212, 1969, 90)","(37.0, 1969.0, 90)"
1450,725,0,x1_x2_x1,0.0,0.0,0.0,"(920, 896, 0)","(920.0, 896.0, 0)"
1451,725,1,XRSTR_0_x2_x1,-4916.203501068855,4740.5,30871.72028785316,"(457, 1841, 0)","(457.0, 1841.0, 0)"
1452,726,0,XRSTR_0_x2_x1,0.0,0.0,0.0,"(1734, 1805, 0)","(1734.0, 1805.0, 0)"
1453,726,1,x1_x2_x1,-8852.044456604068,8524.5,107285.37105205377,"(59, 567, 270)","(59.0, 567.0, 270)"
1454,727,0,XRSTR_0_x2_x1,0.0,0.0,0.0,"(2075, 905, 270)","(2075.0, 905.0, 270)"
1455,727,1,x1_x2_x1,-7135.497596644895,6898.0,56405.108412101144,"(676, 549, 0)","(676.0, 549.0, 0)"
1456,728,0,XRSTR_0_x2_x1,0.0,0.0,0.0,"(1608, 2079, 0)","(1608.0, 2079.0, 0)"
1457,728,1,x1_x2_x1,-4535.553271385396,4377.5,24980.83659562563,"(1177, 1892, 0)","(1177.0, 1319.0, 0)"
1458,729,0,XRSTR_0_x2_x1,0.0,0.0,0.0,"(1012, 177, 180)","(1012.0, 177.0, 180)"
1459,729,1,x1_x2_x1,-6200.126595059721,6000.5,39850.77745513761,"(1440, 1774, 270)","(1440.0, 1774.0, 270)"
1460,730,0,XRSTR_0_x2_x1,0.0,0.0,0.0,"(966, 838, 90)","(966.0, 838.0, 90)"
1461,730,1,x1_x2_x1,-6060.953659453446,5792.5,72067.36727394647,"(34, 1421, 0)","(2.0, 1421.0, 0)"
1462,731,0,XRSTR_0_x2_x1,0.0,0.0,0.0,"(883, 492, 0)","(883.0, 492.0, 0)"
1463,731,1,x1_x2_x1,-8003.460691254412,7732.0,73690.9068963234,"(45, 1941, 180)","(45.0, 1941.0, 180)"
1464,732,0,x1_x2_x1,0.0,0.0,0.0,"(1577, 2050, 270)","(1577.0, 2050.0, 270)"
1465,732,1,XRSTR_0_x2_x1,-8201.93808817601,7932.0,72866.57144811902,"(964, 276, 0)","(964.0, 276.0, 0)"
1466,733,0,XRSTR_0_x2_x1,0.0,0.0,0.0,"(1641, 419, 270)","(1641.0, 419.0, 270)"
1467,733,1,x1_x2_x1,-8165.328707424187,7842.5,104218.37433717112,"(163, 881, 0)","(163.0, 881.0, 0)"
1468,734,0,x1_x2_x1,0.0,0.0,0.0,"(543, 526, 270)","(226.0, 526.0, 270)"
1469,734,1,XRSTR_0_x2_x1,-7043.851468959578,6748.5,87232.4902165806,"(986, 1159, 270)","(986.0, 1159.0, 270)"
1470,735,0,XRSTR_0_x2_x1,0.0,0.0,0.0,"(439, 833, 270)","(439.0, 833.0, 270)"
1471,735,1,x1_x2_x1,-6759.859676884601,6522.0,56577.225887646746,"(1580, 2006, 270)","(1580.0, 2006.0, 270)"
1472,736,0,XRSTR_0_x2_x1,0.0,0.0,0.0,"(1886, 415, 180)","(1886.0, 415.0, 180)"
1473,736,1,x1_x2_x1,-5458.726654983528,5273.5,34308.91371638687,"(1978, 1705, 270)","(1978.0, 1705.0, 270)"
1474,737,0,XRSTR_0_x2_x1,0.0,0.0,0.0,"(1204, 78, 180)","(1204.0, 78.0, 180)"
1475,737,1,x1_x2_x1,-5658.228705837252,5461.5,38702.183700400186,"(435, 992, 90)","(435.0, 1042.0, 90)"
1476,738,0,x1_x2_x1,0.0,0.0,0.0,"(1234, 1199, 90)","(1101.0, 1199.0, 90)"
1477,738,1,XRSTR_0_x2_x1,-6459.924116053223,6226.0,54720.49207128156,"(1861, 1973, 270)","(1861.0, 1973.0, 270)"
1478,739,0,x1_x2_x1,0.0,0.0,0.0,"(1010, 2007, 90)","(1088.0, 2007.0, 90)"
1479,739,1,XRSTR_0_x2_x1,-6102.195191658321,5833.5,72197.10602030213,"(328, 1920, 90)","(328.0, 1920.0, 90)"
1480,740,0,x1_x2_x1,0.0,0.0,0.0,"(2019, 452, 270)","(2019.0, 452.0, 270)"
1481,740,1,XRSTR_0_x2_x1,-5031.712836628718,4808.0,50047.43327246742,"(2012, 805, 0)","(2012.0, 1416.0, 0)"
1482,741,0,x1_x2_x1,0.0,0.0,0.0,"(1374, 377, 180)","(1374.0, 377.0, 180)"
1483,741,1,XRSTR_0_x2_x1,-5904.703497432866,5649.5,65128.8251019671,"(1631, 1320, 90)","(1631.0, 1320.0, 90)"
1484,742,0,x1_x2_x1,0.0,0.0,0.0,"(584, 983, 0)","(584.0, 983.0, 0)"
1485,742,1,XRSTR_0_x2_x1,-7394.6654479459685,7088.5,93737.28151595533,"(1238, 74, 270)","(1238.0, 74.0, 270)"
1486,743,0,x1_x2_x1,0.0,0.0,0.0,"(289, 969, 0)","(289.0, 1125.0, 0)"
1487,743,1,XRSTR_0_x2_x1,-6721.824644239519,6436.5,81410.1526104083,"(675, 274, 270)","(675.0, 274.0, 270)"
1488,744,0,XRSTR_0_x2_x1,0.0,0.0,0.0,"(265, 381, 270)","(265.0, 381.0, 270)"
1489,744,1,x1_x2_x1,-4265.834630456255,4123.5,20259.147027118448,"(589, 77, 270)","(1025.0, 77.0, 270)"
1490,745,0,x1_x2_x1,0.0,0.0,0.0,"(915, 687, 270)","(915.0, 687.0, 270)"
1491,745,1,XRSTR_0_x2_x1,-6267.5247582470565,6051.5,46666.696175699224,"(50, 1850, 0)","(50.0, 1850.0, 0)"
1492,746,0,XRSTR_0_x2_x1,0.0,0.0,0.0,"(1584, 730, 180)","(1584.0, 730.0, 180)"
1493,746,1,x1_x2_x1,-6555.551141943529,6331.5,50198.91420619924,"(789, 2103, 90)","(789.0, 2103.0, 90)"
1494,747,0,x1_x2_x1,0.0,0.0,0.0,"(551, 339, 90)","(551.0, 339.0, 90)"
1495,747,1,XRSTR_0_x2_x1,-7200.842502785042,6937.0,69612.86627587472,"(718, 2044, 90)","(718.0, 2044.0, 90)"
1496,748,0,x1_x2_x1,0.0,0.0,0.0,"(102, 1891, 180)","(102.0, 1891.0, 180)"
1497,748,1,XRSTR_0_x2_x1,-7115.719863720577,6862.0,64373.769246388205,"(1108, 1045, 0)","(1108.0, 1045.0, 0)"
1498,749,0,XRSTR_0_x2_x1,0.0,0.0,0.0,"(1680, 798, 90)","(1680.0, 798.0, 90)"
1499,749,1,x1_x2_x1,-6044.509431709873,5795.0,62254.95651218392,"(1796, 994, 0)","(1796.0, 1649.0, 0)"
1500,750,0,XRSTR_0_x2_x1,0.0,0.0,0.0,"(1628, 56, 90)","(1628.0, 56.0, 90)"
1501,750,1,x1_x2_x1,-4007.0762436198715,3866.5,19761.680270273464,"(1010, 126, 90)","(868.0, 126.0, 90)"
1502,751,0,x1_x2_x1,0.0,0.0,0.0,"(1629, 1097, 90)","(1629.0, 1097.0, 90)"
1503,751,1,XRSTR_0_x2_x1,-7438.305869098764,7128.5,95979.67652804029,"(1102, 41, 90)","(1102.0, 41.0, 90)"
1504,752,0,XRSTR_0_x2_x1,0.0,0.0,0.0,"(994, 1205, 180)","(994.0, 1205.0, 180)"
1505,752,1,x1_x2_x1,-6051.391521046696,5786.5,70167.51792243228,"(500, 1144, 270)","(143.0, 1144.0, 270)"
1506,753,0,XRSTR_0_x2_x1,0.0,0.0,0.0,"(1279, 1880, 180)","(1279.0, 1880.0, 180)"
1507,753,1,x1_x2_x1,-5925.434395173678,5727.5,39178.02479276968,"(593, 1701, 0)","(224.0, 1701.0, 0)"
1508,754,0,x1_x2_x1,0.0,0.0,0.0,"(1286, 1347, 270)","(755.0, 1347.0, 270)"
1509,754,1,XRSTR_0_x2_x1,-6360.7315071850535,6056.5,92556.80996408909,"(1515, 1165, 270)","(1515.0, 1165.0, 270)"
1510,755,0,x1_x2_x1,0.0,0.0,0.0,"(1783, 311, 180)","(1783.0, 798.0, 180)"
1511,755,1,XRSTR_0_x2_x1,-4646.958413709005,4483.5,26718.65301226417,"(1299, 38, 180)","(1299.0, 38.0, 180)"
1512,756,0,x1_x2_x1,0.0,0.0,0.0,"(1040, 650, 180)","(1040.0, 650.0, 180)"
1513,756,1,XRSTR_0_x2_x1,-8366.790232747193,8046.5,102585.83319325048,"(286, 1938, 180)","(286.0, 1938.0, 180)"
1514,757,0,XRSTR_0_x2_x1,0.0,0.0,0.0,"(1832, 146, 270)","(1832.0, 146.0, 270)"
1515,757,1,x1_x2_x1,-8770.431805858874,8474.0,87871.81552475369,"(494, 1466, 180)","(494.0, 1466.0, 180)"
1516,758,0,x1_x2_x1,0.0,0.0,0.0,"(817, 1904, 270)","(424.0, 1904.0, 270)"
1517,758,1,XRSTR_0_x2_x1,-5877.835681023875,5641.0,56091.1398060426,"(1275, 1865, 0)","(1275.0, 1865.0, 0)"
1518,759,0,x1_x2_x1,0.0,0.0,0.0,"(561, 1478, 270)","(537.0, 1478.0, 270)"
1519,759,1,XRSTR_0_x2_x1,-6191.074625468592,5920.5,73210.62794746885,"(1388, 1606, 180)","(1388.0, 1606.0, 180)"
1520,760,0,XRSTR_0_x2_x1,0.0,0.0,0.0,"(573, 928, 180)","(573.0, 928.0, 180)"
1521,760,1,x1_x2_x1,-4736.250755753977,4589.5,21535.784314363256,"(856, 1345, 270)","(856.0, 1892.0, 270)"
1522,761,0,XRSTR_0_x2_x1,0.0,0.0,0.0,"(1809, 1661, 180)","(1809.0, 1661.0, 180)"
1523,761,1,x1_x2_x1,-9485.92509366804,9134.5,123499.59645959089,"(652, 232, 270)","(652.0, 232.0, 270)"
1524,762,0,x1_x2_x1,0.0,0.0,0.0,"(1574, 2017, 180)","(1574.0, 2017.0, 180)"
1525,762,1,XRSTR_0_x2_x1,-7229.239480404777,6983.5,60387.89222961002,"(581, 516, 180)","(581.0, 516.0, 180)"
1526,763,0,XRSTR_0_x2_x1,0.0,0.0,0.0,"(954, 811, 270)","(954.0, 811.0, 270)"
1527,763,1,x1_x2_x1,-4930.831675968639,4762.5,28335.553134410755,"(1226, 47, 0)","(1226.0, -40.0, 0)"
1528,764,0,XRSTR_0_x2_x1,0.0,0.0,0.0,"(1577, 1312, 0)","(1577.0, 1312.0, 0)"
1529,764,1,x1_x2_x1,-5668.4932302748675,5408.5,67596.47978876022,"(1186, 716, 270)","(1186.0, 348.0, 270)"
1530,765,0,XRSTR_0_x2_x1,0.0,0.0,0.0,"(482, 704, 0)","(482.0, 704.0, 0)"
1531,765,1,x1_x2_x1,-5745.116905984467,5555.5,35954.57103512203,"(1289, 797, 180)","(1537.0, 797.0, 180)"
1532,766,0,x1_x2_x1,0.0,0.0,0.0,"(1042, 1718, 180)","(1042.0, 1718.0, 180)"
1533,766,1,XRSTR_0_x2_x1,-6301.392625935959,6055.5,60463.18348968129,"(1940, 1796, 270)","(2006.0, 1796.0, 270)"
1534,767,0,x1_x2_x1,0.0,0.0,0.0,"(447, 1387, 270)","(447.0, 1387.0, 270)"
1535,767,1,XRSTR_0_x2_x1,-6664.673682257606,6380.5,80754.68168784652,"(1252, 971, 270)","(1252.0, 971.0, 270)"
1536,768,0,x1_x2_x1,0.0,0.0,0.0,"(707, 871, 90)","(707.0, 871.0, 90)"
1537,768,1,XRSTR_0_x2_x1,-7414.195122265031,7154.0,67701.50165051487,"(1772, 1804, 270)","(1772.0, 1804.0, 270)"
1538,769,0,x1_x2_x1,0.0,0.0,0.0,"(12, 540, 180)","(12.0, 540.0, 180)"
1539,769,1,XRSTR_0_x2_x1,-7459.486035043431,7157.0,91497.80139629597,"(1391, 809, 180)","(1391.0, 809.0, 180)"
1540,770,0,XRSTR_0_x2_x1,0.0,0.0,0.0,"(771, 1933, 0)","(771.0, 1933.0, 0)"
1541,770,1,x1_x2_x1,-9001.333152684347,8666.5,112113.2401365391,"(2071, 249, 180)","(2071.0, 249.0, 180)"
1542,771,0,x1_x2_x1,0.0,0.0,0.0,"(488, 1298, 0)","(488.0, 1124.0, 0)"
1543,771,1,XRSTR_0_x2_x1,-5177.781795542001,4995.5,33226.65298601617,"(505, 1975, 270)","(505.0, 1975.0, 270)"
1544,772,0,XRSTR_0_x2_x1,0.0,0.0,0.0,"(970, 912, 270)","(970.0, 912.0, 270)"
1545,772,1,x1_x2_x1,-6626.2833967643255,6348.5,77163.61551792674,"(845, 1980, 0)","(845.0, 1980.0, 0)"
1546,773,0,XRSTR_0_x2_x1,0.0,0.0,0.0,"(608, 102, 0)","(608.0, 102.0, 0)"
1547,773,1,x1_x2_x1,-6901.914266948995,6666.0,55655.54135008173,"(95, 1343, 180)","(95.0, 1343.0, 180)"
1548,774,0,XRSTR_0_x2_x1,0.0,0.0,0.0,"(131, 425, 270)","(131.0, 425.0, 270)"
1549,774,1,x1_x2_x1,-6398.218268837776,6181.5,46966.80804804241,"(1022, 1627, 180)","(1022.0, 1627.0, 180)"
1550,775,0,XRSTR_0_x2_x1,0.0,0.0,0.0,"(2055, 742, 270)","(2055.0, 742.0, 270)"
1551,775,1,x1_x2_x1,-8089.481395277128,7831.0,66812.63170441116,"(231, 303, 0)","(231.0, 303.0, 0)"
1552,776,0,XRSTR_0_x2_x1,0.0,0.0,0.0,"(1287, 1928, 90)","(1287.0, 1928.0, 90)"
1553,776,1,x1_x2_x1,-4854.10343237267,4653.5,40241.73707969627,"(409, 1741, 0)","(323.0, 1741.0, 0)"
1554,777,0,XRSTR_0_x2_x1,0.0,0.0,0.0,"(1218, 941, 270)","(1218.0, 941.0, 270)"
1555,777,1,x1_x2_x1,-6500.119656893741,6225.0,75690.82560932971,"(887, 432, 180)","(887.0, 90.0, 180)"
1556,778,0,XRSTR_0_x2_x1,0.0,0.0,0.0,"(146, 1203, 270)","(146.0, 1203.0, 270)"
1557,778,1,x1_x2_x1,-7585.997969247057,7289.0,88207.79373687596,"(1777, 1918, 0)","(1777.0, 1918.0, 0)"
1558,779,0,XRSTR_0_x2_x1,0.0,0.0,0.0,"(914, 1777, 180)","(914.0, 1777.0, 180)"
1559,779,1,x1_x2_x1,-8009.35045995236,7739.5,72819.27073650027,"(1687, 310, 270)","(1687.0, 310.0, 270)"
1560,780,0,XRSTR_0_x2_x1,0.0,0.0,0.0,"(2051, 1538, 0)","(2051.0, 1538.0, 0)"
1561,780,1,x1_x2_x1,-6045.0341978652505,5833.5,44746.716866495095,"(831, 839, 0)","(831.0, 839.0, 0)"
1562,781,0,x1_x2_x1,0.0,0.0,0.0,"(1854, 1460, 0)","(1854.0, 1460.0, 0)"
1563,781,1,XRSTR_0_x2_x1,-6325.654663200978,6079.0,60838.52287878772,"(443, 1130, 180)","(443.0, 1130.0, 180)"
1564,782,0,XRSTR_0_x2_x1,0.0,0.0,0.0,"(1920, 1040, 180)","(1920.0, 1040.0, 180)"
1565,782,1,x1_x2_x1,-7086.084586617464,6857.5,52250.91323907698,"(242, 1793, 90)","(242.0, 1793.0, 90)"
1566,783,0,XRSTR_0_x2_x1,0.0,0.0,0.0,"(609, 1397, 180)","(609.0, 1397.0, 180)"
1567,783,1,x1_x2_x1,-6349.05057904876,6082.5,71049.21119122903,"(909, 814, 180)","(909.0, 637.0, 180)"
1568,784,0,x1_x2_x1,0.0,0.0,0.0,"(2008, 2103, 270)","(2008.0, 2103.0, 270)"
1569,784,1,XRSTR_0_x2_x1,-7498.59116635614,7258.0,57884.10932860808,"(1750, 311, 90)","(1750.0, 311.0, 90)"
1570,785,0,XRSTR_0_x2_x1,0.0,0.0,0.0,"(1566, 1286, 90)","(1566.0, 1286.0, 90)"
1571,785,1,x1_x2_x1,-5409.513731795371,5226.5,33494.026025668245,"(1425, 333, 270)","(1425.0, 231.0, 270)"
1572,786,0,XRSTR_0_x2_x1,0.0,0.0,0.0,"(1062, 1996, 90)","(1062.0, 1996.0, 90)"
1573,786,1,x1_x2_x1,-5727.820534388553,5507.0,48761.70840764589,"(830, 1078, 90)","(830.0, 941.0, 90)"
1574,787,0,x1_x2_x1,0.0,0.0,0.0,"(2009, 781, 180)","(2072.0, 781.0, 180)"
1575,787,1,XRSTR_0_x2_x1,-7386.061082541883,7078.5,94593.8194943346,"(1108, 1375, 90)","(1108.0, 1375.0, 90)"
1576,788,0,x1_x2_x1,0.0,0.0,0.0,"(21, 1603, 180)","(21.0, 1603.0, 180)"
1577,788,1,XRSTR_0_x2_x1,-7249.312145067528,6996.0,64167.04283871219,"(803, 466, 0)","(803.0, 466.0, 0)"
1578,789,0,XRSTR_0_x2_x1,0.0,0.0,0.0,"(809, 1355, 180)","(809.0, 1355.0, 180)"
1579,789,1,x1_x2_x1,-6593.010227442323,6359.5,54527.02632016575,"(171, 443, 0)","(171.0, 443.0, 0)"
1580,790,0,x1_x2_x1,0.0,0.0,0.0,"(184, 286, 180)","(-308.0, 286.0, 180)"
1581,790,1,XRSTR_0_x2_x1,-5304.902631650799,5125.0,32364.956874883148,"(747, 442, 0)","(747.0, 442.0, 0)"
1582,791,0,x1_x2_x1,0.0,0.0,0.0,"(716, 706, 270)","(716.0, 706.0, 270)"
1583,791,1,XRSTR_0_x2_x1,-6377.978666792251,6113.0,70213.6938549989,"(750, 947, 180)","(750.0, 1670.0, 180)"
1584,792,0,XRSTR_0_x2_x1,0.0,0.0,0.0,"(1996, 605, 270)","(1996.0, 605.0, 270)"
1585,792,1,x1_x2_x1,-6325.58206409572,6104.0,49098.611128919925,"(1000, 237, 0)","(1000.0, 237.0, 0)"
1586,793,0,x1_x2_x1,0.0,0.0,0.0,"(2007, 273, 270)","(2007.0, 273.0, 270)"
1587,793,1,XRSTR_0_x2_x1,-7371.167227686864,7117.5,64347.06240233918,"(877, 1704, 270)","(877.0, 1704.0, 270)"
1588,794,0,x1_x2_x1,0.0,0.0,0.0,"(1907, 2007, 180)","(1907.0, 2007.0, 180)"
1589,794,1,XRSTR_0_x2_x1,-6519.406324493732,6342.0,31473.003970375437,"(1827, 363, 270)","(1827.0, 363.0, 270)"
1590,795,0,XRSTR_0_x2_x1,0.0,0.0,0.0,"(758, 1204, 0)","(758.0, 1204.0, 0)"
1591,795,1,x1_x2_x1,-5673.021163227293,5454.5,47751.49877820937,"(24, 895, 0)","(-297.0, 895.0, 0)"
1592,796,0,x1_x2_x1,0.0,0.0,0.0,"(109, 1373, 270)","(109.0, 1373.0, 270)"
1593,796,1,XRSTR_0_x2_x1,-8357.734455010239,8037.0,102870.59063071458,"(916, 92, 270)","(916.0, 92.0, 270)"
1594,797,0,x1_x2_x1,0.0,0.0,0.0,"(607, 294, 270)","(299.0, 294.0, 270)"
1595,797,1,XRSTR_0_x2_x1,-6255.410586599236,5994.5,68074.33419955758,"(1059, 550, 270)","(1059.0, 550.0, 270)"
1596,798,0,XRSTR_0_x2_x1,0.0,0.0,0.0,"(986, 1825, 0)","(986.0, 1825.0, 0)"
1597,798,1,x1_x2_x1,-6313.978080939702,6042.5,73700.34843070341,"(268, 1004, 270)","(135.0, 1004.0, 270)"
1598,799,0,XRSTR_0_x2_x1,0.0,0.0,0.0,"(1967, 971, 90)","(1967.0, 971.0, 90)"
1599,799,1,x1_x2_x1,-5789.153687027122,5557.0,53895.33440028686,"(1964, 1661, 0)","(1964.0, 1822.0, 0)"
1600,800,0,x1_x2_x1,0.0,0.0,0.0,"(55, 2013, 0)","(55.0, 2013.0, 0)"
1601,800,1,XRSTR_0_x2_x1,-7739.718502686485,7434.5,93158.33438218024,"(629, 851, 0)","(629.0, 851.0, 0)"
1602,801,0,x1_x2_x1,0.0,0.0,0.0,"(1177, 677, 180)","(1177.0, 677.0, 180)"
1603,801,1,XRSTR_0_x2_x1,-6305.209037113176,6045.0,67708.74299536624,"(1801, 1777, 0)","(1801.0, 1777.0, 0)"
1604,802,0,XRSTR_0_x2_x1,0.0,0.0,0.0,"(1943, 1879, 90)","(1943.0, 1879.0, 90)"
1605,802,1,x1_x2_x1,-9841.854750427683,9493.0,121699.63689596098,"(78, 296, 180)","(78.0, 296.0, 180)"
1606,803,0,XRSTR_0_x2_x1,0.0,0.0,0.0,"(1106, 1883, 0)","(1106.0, 1883.0, 0)"
1607,803,1,x1_x2_x1,-5224.102896016711,5061.0,26602.55468903808,"(1910, 1428, 0)","(2161.0, 1428.0, 0)"
1608,804,0,XRSTR_0_x2_x1,0.0,0.0,0.0,"(1863, 1648, 90)","(1863.0, 1648.0, 90)"
1609,804,1,x1_x2_x1,-5716.8262516107925,5467.0,62413.15599389883,"(632, 1766, 0)","(632.0, 1766.0, 0)"
1610,805,0,x1_x2_x1,0.0,0.0,0.0,"(355, 1453, 270)","(355.0, 1453.0, 270)"
1611,805,1,XRSTR_0_x2_x1,-7494.264612674428,7194.5,89858.82301184954,"(1435, 1989, 270)","(1435.0, 1989.0, 270)"
1612,806,0,XRSTR_0_x2_x1,0.0,0.0,0.0,"(1939, 315, 180)","(1939.0, 315.0, 180)"
1613,806,1,x1_x2_x1,-5836.300021329396,5569.5,71182.25138136612,"(1897, 1575, 0)","(1897.0, 1575.0, 0)"
1614,807,0,x1_x2_x1,0.0,0.0,0.0,"(1427, 730, 90)","(1427.0, 730.0, 90)"
1615,807,1,XRSTR_0_x2_x1,-6515.950671635104,6211.5,92690.21145906598,"(631, 995, 90)","(631.0, 995.0, 90)"
1616,808,0,XRSTR_0_x2_x1,0.0,0.0,0.0,"(1421, 566, 180)","(1421.0, 566.0, 180)"
1617,808,1,x1_x2_x1,-5492.634697059377,5318.0,30497.27741702029,"(1882, 787, 90)","(2272.0, 787.0, 90)"
1618,809,0,x1_x2_x1,0.0,0.0,0.0,"(1195, 400, 0)","(1195.0, 1121.0, 0)"
1619,809,1,XRSTR_0_x2_x1,-6187.718869929665,5897.5,84226.99246325155,"(1172, 361, 0)","(1172.0, 361.0, 0)"
1620,810,0,x1_x2_x1,0.0,0.0,0.0,"(41, 1208, 90)","(-25.0, 1208.0, 90)"
1621,810,1,XRSTR_0_x2_x1,-5050.003199868067,4873.5,31153.37956366666,"(826, 1252, 0)","(826.0, 1252.0, 0)"
1622,811,0,x1_x2_x1,0.0,0.0,0.0,"(1327, 1084, 90)","(629.0, 1084.0, 90)"
1623,811,1,XRSTR_0_x2_x1,-4004.1260255213315,3866.5,18940.922900798207,"(1389, 988, 90)","(1389.0, 988.0, 90)"
1624,812,0,x1_x2_x1,0.0,0.0,0.0,"(1410, 942, 0)","(1545.0, 942.0, 0)"
1625,812,1,XRSTR_0_x2_x1,-5299.314933934066,5125.0,30385.696192437736,"(490, 800, 180)","(490.0, 800.0, 180)"
1626,813,0,x1_x2_x1,0.0,0.0,0.0,"(396, 978, 270)","(396.0, 978.0, 270)"
1627,813,1,XRSTR_0_x2_x1,-4815.00756720245,4641.5,30104.875876512928,"(324, 586, 180)","(324.0, 14.0, 180)"
1628,814,0,XRSTR_0_x2_x1,0.0,0.0,0.0,"(910, 72, 270)","(910.0, 72.0, 270)"
1629,814,1,x1_x2_x1,-6453.416147186894,6253.0,40166.632053238805,"(1323, 1681, 270)","(1323.0, 1681.0, 270)"
1630,815,0,XRSTR_0_x2_x1,0.0,0.0,0.0,"(218, 1276, 0)","(218.0, 1276.0, 0)"
1631,815,1,x1_x2_x1,-6344.732102538394,6078.5,70879.53242201426,"(656, 24, 180)","(656.0, 24.0, 180)"
1632,816,0,x1_x2_x1,0.0,0.0,0.0,"(1416, 807, 0)","(1416.0, 671.0, 0)"
1633,816,1,XRSTR_0_x2_x1,-4982.434010025838,4803.5,32017.379943926593,"(2060, 1431, 0)","(2060.0, 1431.0, 0)"
1634,817,0,XRSTR_0_x2_x1,0.0,0.0,0.0,"(1647, 457, 270)","(1647.0, 457.0, 270)"
1635,817,1,x1_x2_x1,-8442.6649781601,8119.0,104759.01808737904,"(946, 1885, 270)","(946.0, 1885.0, 270)"
1636,818,0,XRSTR_0_x2_x1,0.0,0.0,0.0,"(2002, 1219, 270)","(2002.0, 1219.0, 270)"
1637,818,1,x1_x2_x1,-6413.162813791421,6110.5,91604.77885214037,"(1184, 1339, 270)","(1184.0, 1339.0, 270)"
1638,819,0,XRSTR_0_x2_x1,0.0,0.0,0.0,"(126, 1117, 0)","(126.0, 1117.0, 0)"
1639,819,1,x1_x2_x1,-6456.950727175271,6222.0,55201.84420018838,"(791, 1798, 270)","(977.0, 1798.0, 270)"
1640,820,0,XRSTR_0_x2_x1,0.0,0.0,0.0,"(662, 1463, 0)","(662.0, 1463.0, 0)"
1641,820,1,x1_x2_x1,-5613.89274236093,5391.5,49458.53185481499,"(442, 1601, 180)","(442.0, 2223.0, 180)"
1642,821,0,XRSTR_0_x2_x1,0.0,0.0,0.0,"(939, 131, 0)","(939.0, 131.0, 0)"
1643,821,1,x1_x2_x1,-5121.830897107092,4963.0,25227.25387584372,"(1870, 98, 270)","(1870.0, 98.0, 270)"
1644,822,0,XRSTR_0_x2_x1,0.0,0.0,0.0,"(1731, 526, 180)","(1731.0, 526.0, 180)"
1645,822,1,x1_x2_x1,-8366.523542579007,8051.0,99555.10592160666,"(24, 1546, 270)","(24.0, 1546.0, 270)"
1646,823,0,XRSTR_0_x2_x1,0.0,0.0,0.0,"(1866, 400, 180)","(1866.0, 400.0, 180)"
1647,823,1,x1_x2_x1,-5897.4532507608765,5798.5,9791.74583614487,"(415, 728, 90)","(415.0, 728.0, 90)"
1648,824,0,x1_x2_x1,0.0,0.0,0.0,"(707, 2102, 270)","(707.0, 2102.0, 270)"
1649,824,1,XRSTR_0_x2_x1,-7601.81828513859,7307.5,86623.25296692026,"(1959, 1653, 270)","(1959.0, 1653.0, 270)"
1650,825,0,x1_x2_x1,0.0,0.0,0.0,"(2102, 1789, 90)","(2102.0, 1789.0, 90)"
1651,825,1,XRSTR_0_x2_x1,-8573.25993190711,8237.5,112734.73187426786,"(215, 1898, 90)","(215.0, 1898.0, 90)"
1652,826,0,x1_x2_x1,0.0,0.0,0.0,"(745, 1479, 270)","(745.0, 1907.0, 270)"
1653,826,1,XRSTR_0_x2_x1,-6142.834812224691,5924.0,47888.67504141564,"(417, 852, 90)","(417.0, 852.0, 90)"
1654,827,0,x1_x2_x1,0.0,0.0,0.0,"(1000, 857, 90)","(1000.0, 857.0, 90)"
1655,827,1,XRSTR_0_x2_x1,-7560.415816961857,7257.0,92061.15798263112,"(462, 2017, 90)","(462.0, 2017.0, 90)"
1656,828,0,x1_x2_x1,0.0,0.0,0.0,"(1920, 1246, 270)","(1920.0, 1427.0, 270)"
1657,828,1,XRSTR_0_x2_x1,-6377.073797876865,6150.0,51562.50968222315,"(1479, 372, 90)","(1479.0, 372.0, 90)"
1658,829,0,x1_x2_x1,0.0,0.0,0.0,"(988, 2102, 270)","(988.0, 2102.0, 270)"
1659,829,1,XRSTR_0_x2_x1,-7620.552988809288,7392.0,52236.4686936586,"(926, 47, 90)","(926.0, 47.0, 90)"
1660,830,0,XRSTR_0_x2_x1,0.0,0.0,0.0,"(481, 600, 180)","(481.0, 600.0, 180)"
1661,830,1,x1_x2_x1,-5411.060381537725,5171.0,57628.986784038454,"(1008, 1249, 0)","(1008.0, 1360.0, 0)"
1662,831,0,XRSTR_0_x2_x1,0.0,0.0,0.0,"(2033, 1651, 0)","(2033.0, 1651.0, 0)"
1663,831,1,x1_x2_x1,-4727.699319006541,4580.5,21667.639515989416,"(1759, 935, 90)","(1759.0, 687.0, 90)"
1664,832,0,x1_x2_x1,0.0,0.0,0.0,"(1123, 253, 270)","(1123.0, 253.0, 270)"
1665,832,1,XRSTR_0_x2_x1,-7536.978964082494,7222.5,98897.01885039835,"(1336, 1670, 270)","(1336.0, 1670.0, 270)"
1666,833,0,x1_x2_x1,0.0,0.0,0.0,"(1934, 1625, 270)","(1934.0, 1625.0, 270)"
1667,833,1,XRSTR_0_x2_x1,-7435.381244374437,7186.0,62191.00504574275,"(480, 1065, 90)","(480.0, 1065.0, 90)"
1668,834,0,x1_x2_x1,0.0,0.0,0.0,"(2063, 146, 180)","(2063.0, 146.0, 180)"
1669,834,1,XRSTR_0_x2_x1,-7788.493422490607,7476.5,97339.89567740256,"(1522, 1362, 90)","(1522.0, 1362.0, 90)"
1670,835,0,x1_x2_x1,0.0,0.0,0.0,"(1092, 257, 180)","(1092.0, -256.0, 180)"
1671,835,1,XRSTR_0_x2_x1,-6812.247052552555,6524.5,82798.36625268313,"(662, 595, 90)","(662.0, 595.0, 90)"
1672,836,0,XRSTR_0_x2_x1,0.0,0.0,0.0,"(1498, 957, 90)","(1498.0, 957.0, 90)"
1673,836,1,x1_x2_x1,-5409.3929682551,5217.5,36822.911265752795,"(1626, 1387, 180)","(1626.0, 1808.0, 180)"
1674,837,0,x1_x2_x1,0.0,0.0,0.0,"(117, 914, 270)","(117.0, 914.0, 270)"
1675,837,1,XRSTR_0_x2_x1,-6375.917269120805,6107.0,72316.49763139141,"(983, 25, 180)","(983.0, 25.0, 180)"
1676,838,0,XRSTR_0_x2_x1,0.0,0.0,0.0,"(1051, 1431, 180)","(1051.0, 1431.0, 180)"
1677,838,1,x1_x2_x1,-6769.755891654527,6465.5,92571.64760649105,"(982, 410, 180)","(982.0, 410.0, 180)"
1678,839,0,x1_x2_x1,0.0,0.0,0.0,"(510, 719, 0)","(510.0, 860.0, 0)"
1679,839,1,XRSTR_0_x2_x1,-6656.539277125331,6385.0,73733.57902174741,"(8, 100, 0)","(8.0, 100.0, 0)"
1680,840,0,XRSTR_0_x2_x1,0.0,0.0,0.0,"(235, 391, 180)","(235.0, 391.0, 180)"
1681,840,1,x1_x2_x1,-6493.2998675924355,6292.5,40320.58682513944,"(1851, 601, 270)","(1851.0, 601.0, 270)"
1682,841,0,x1_x2_x1,0.0,0.0,0.0,"(809, 883, 90)","(809.0, 883.0, 90)"
1683,841,1,XRSTR_0_x2_x1,-6763.534534344869,6520.0,59309.06941857201,"(1691, 1682, 180)","(1691.0, 1682.0, 180)"
1684,842,0,XRSTR_0_x2_x1,0.0,0.0,0.0,"(1984, 1451, 0)","(1984.0, 1451.0, 0)"
1685,842,1,x1_x2_x1,-7542.700185827049,7373.5,28628.70288390785,"(97, 1062, 270)","(97.0, 1062.0, 270)"
1686,843,0,x1_x2_x1,0.0,0.0,0.0,"(1163, 774, 270)","(1498.0, 774.0, 270)"
1687,843,1,XRSTR_0_x2_x1,-5323.087691242387,5130.5,37090.018818073,"(738, 817, 90)","(738.0, 817.0, 90)"
1688,844,0,x1_x2_x1,0.0,0.0,0.0,"(1137, 1491, 270)","(1137.0, 868.0, 270)"
1689,844,1,XRSTR_0_x2_x1,-6136.280301139448,5870.5,70639.16847377564,"(1036, 1923, 270)","(1036.0, 1923.0, 270)"
1690,845,0,XRSTR_0_x2_x1,0.0,0.0,0.0,"(8, 2040, 90)","(8.0, 2040.0, 90)"
1691,845,1,x1_x2_x1,-11362.539158568106,11008.0,125698.01495818088,"(2055, 162, 0)","(2055.0, 162.0, 0)"
1692,846,0,x1_x2_x1,0.0,0.0,0.0,"(675, 1982, 0)","(248.0, 1982.0, 0)"
1693,846,1,XRSTR_0_x2_x1,-5627.706532064648,5402.5,50717.98208458537,"(1303, 1685, 180)","(1303.0, 1685.0, 180)"
1694,847,0,x1_x2_x1,0.0,0.0,0.0,"(1947, 1731, 90)","(1947.0, 1731.0, 90)"
1695,847,1,XRSTR_0_x2_x1,-6719.335635092822,6448.5,73351.94123613212,"(695, 1108, 180)","(695.0, 1108.0, 180)"
1696,848,0,XRSTR_0_x2_x1,0.0,0.0,0.0,"(120, 1619, 0)","(120.0, 1619.0, 0)"
1697,848,1,x1_x2_x1,-8515.541421379601,8184.5,109588.42266902719,"(1756, 512, 180)","(1756.0, 512.0, 180)"
1698,849,0,XRSTR_0_x2_x1,0.0,0.0,0.0,"(539, 1216, 180)","(539.0, 1216.0, 180)"
1699,849,1,x1_x2_x1,-4140.804649424103,3981.5,25377.971328136508,"(465, 1893, 180)","(465.0, 1976.0, 180)"
1700,850,0,x1_x2_x1,0.0,0.0,0.0,"(837, 1344, 90)","(837.0, 1344.0, 90)"
1701,850,1,XRSTR_0_x2_x1,-4550.681936561542,4370.5,32465.53026306754,"(1735, 1531, 90)","(1735.0, 1531.0, 90)"
1702,851,0,x1_x2_x1,0.0,0.0,0.0,"(1593, 534, 90)","(1593.0, 534.0, 90)"
1703,851,1,XRSTR_0_x2_x1,-6595.934082518277,6326.5,72594.72482246585,"(190, 123, 270)","(190.0, 123.0, 270)"
1704,852,0,x1_x2_x1,0.0,0.0,0.0,"(1809, 534, 180)","(1809.0, 534.0, 180)"
1705,852,1,XRSTR_0_x2_x1,-6416.294070292089,6148.5,71713.66408360394,"(1166, 1616, 270)","(1166.0, 1616.0, 270)"
1706,853,0,XRSTR_0_x2_x1,0.0,0.0,0.0,"(530, 1131, 0)","(530.0, 1131.0, 0)"
1707,853,1,x1_x2_x1,-6202.373957846442,5967.0,55400.90003229869,"(1797, 917, 0)","(1797.0, 917.0, 0)"
1708,854,0,x1_x2_x1,0.0,0.0,0.0,"(631, 1945, 270)","(132.0, 1945.0, 270)"
1709,854,1,XRSTR_0_x2_x1,-6588.783074977404,6311.0,77163.43674390216,"(983, 1571, 0)","(983.0, 1571.0, 0)"
1710,855,0,XRSTR_0_x2_x1,0.0,0.0,0.0,"(418, 988, 270)","(418.0, 988.0, 270)"
1711,855,1,x1_x2_x1,-6688.3811477062845,6417.5,73376.5961826737,"(1862, 549, 90)","(1862.0, 549.0, 90)"
1712,856,0,x1_x2_x1,0.0,0.0,0.0,"(848, 1045, 0)","(848.0, 1313.0, 0)"
1713,856,1,XRSTR_0_x2_x1,-6691.868174722821,6419.0,74457.0407765638,"(329, 553, 0)","(329.0, 553.0, 0)"
1714,857,0,XRSTR_0_x2_x1,0.0,0.0,0.0,"(1596, 1082, 90)","(1596.0, 1082.0, 90)"
1715,857,1,x1_x2_x1,-6691.226594934799,6408.5,79934.32748342592,"(2073, 1545, 90)","(2356.0, 1545.0, 90)"
1716,858,0,x1_x2_x1,0.0,0.0,0.0,"(1241, 1790, 270)","(1241.0, 1927.0, 270)"
1717,858,1,XRSTR_0_x2_x1,-5511.4196055120865,5336.0,30772.037998016025,"(1207, 872, 90)","(1207.0, 872.0, 90)"
1718,859,0,XRSTR_0_x2_x1,0.0,0.0,0.0,"(626, 1021, 90)","(626.0, 1021.0, 90)"
1719,859,1,x1_x2_x1,-6590.843895227103,6313.0,77197.23011496942,"(1001, 1685, 0)","(1001.0, 1872.0, 0)"
1720,860,0,XRSTR_0_x2_x1,0.0,0.0,0.0,"(1206, 1311, 180)","(1206.0, 697.0, 180)"
1721,860,1,x1_x2_x1,-5025.948791630219,4803.0,49706.163689374654,"(1194, 1661, 90)","(1194.0, 1661.0, 90)"
1722,861,0,XRSTR_0_x2_x1,0.0,0.0,0.0,"(694, 1057, 180)","(694.0, 1057.0, 180)"
1723,861,1,x1_x2_x1,-6543.644803920671,6311.5,53891.20998736673,"(66, 159, 0)","(66.0, 159.0, 0)"
1724,862,0,x1_x2_x1,0.0,0.0,0.0,"(1429, 1615, 0)","(1429.0, 1615.0, 0)"
1725,862,1,XRSTR_0_x2_x1,-5468.447052860354,5300.0,28374.409617338817,"(91, 1796, 270)","(91.0, 1796.0, 270)"
1726,863,0,x1_x2_x1,0.0,0.0,0.0,"(1143, 330, 0)","(1143.0, 330.0, 0)"
1727,863,1,XRSTR_0_x2_x1,-6504.027292048352,6281.5,49518.39570637256,"(1404, 1580, 270)","(1404.0, 1580.0, 270)"
1728,864,0,XRSTR_0_x2_x1,0.0,0.0,0.0,"(1652, 1285, 0)","(1652.0, 1285.0, 0)"
1729,864,1,x1_x2_x1,-4917.638592366051,4762.5,24067.982841319612,"(1083, 922, 90)","(801.0, 922.0, 90)"
1730,865,0,x1_x2_x1,0.0,0.0,0.0,"(1096, 1937, 270)","(1096.0, 1937.0, 270)"
1731,865,1,XRSTR_0_x2_x1,-6019.626182372393,5806.0,45636.145795002696,"(250, 827, 270)","(250.0, 827.0, 270)"
1732,866,0,XRSTR_0_x2_x1,0.0,0.0,0.0,"(332, 1709, 90)","(332.0, 1709.0, 90)"
1733,866,1,x1_x2_x1,-5526.679016542079,5349.5,31392.40390281839,"(322, 1141, 270)","(322.0, 654.0, 270)"
1734,867,0,XRSTR_0_x2_x1,0.0,0.0,0.0,"(1543, 1246, 0)","(1543.0, 1246.0, 0)"
1735,867,1,x1_x2_x1,-4879.451426747761,4717.5,26228.264625635304,"(1132, 539, 90)","(1132.0, 282.0, 90)"
1736,868,0,x1_x2_x1,0.0,0.0,0.0,"(1587, 438, 180)","(1587.0, 438.0, 180)"
1737,868,1,XRSTR_0_x2_x1,-8738.555131885014,8402.5,112933.05166625377,"(132, 1203, 90)","(132.0, 1203.0, 90)"
1738,869,0,x1_x2_x1,0.0,0.0,0.0,"(155, 1070, 270)","(155.0, 1070.0, 270)"
1739,869,1,XRSTR_0_x2_x1,-4997.079644416708,4778.0,47995.89059775136,"(118, 2004, 0)","(118.0, 2034.0, 0)"
1740,870,0,XRSTR_0_x2_x1,0.0,0.0,0.0,"(1135, 505, 270)","(1135.0, 505.0, 270)"
1741,870,1,x1_x2_x1,-4379.661267438172,4229.5,22548.406238638352,"(1319, 148, 270)","(1895.0, 148.0, 270)"
1742,871,0,x1_x2_x1,0.0,0.0,0.0,"(479, 1007, 270)","(479.0, 1007.0, 270)"
1743,871,1,XRSTR_0_x2_x1,-7506.77304916574,7206.5,90163.90405529088,"(1687, 1421, 180)","(1687.0, 1421.0, 180)"
1744,872,0,x1_x2_x1,0.0,0.0,0.0,"(443, 1942, 270)","(213.0, 1942.0, 270)"
1745,872,1,XRSTR_0_x2_x1,-5714.925135078417,5465.5,62212.89800888653,"(1064, 1696, 180)","(1064.0, 1696.0, 180)"
1746,873,0,x1_x2_x1,0.0,0.0,0.0,"(2007, 1591, 0)","(2007.0, 1591.0, 0)"
1747,873,1,XRSTR_0_x2_x1,-7800.186098023426,7497.0,91921.81003467034,"(976, 172, 270)","(976.0, 172.0, 270)"
1748,874,0,x1_x2_x1,0.0,0.0,0.0,"(1877, 380, 270)","(2480.0, 380.0, 270)"
1749,874,1,XRSTR_0_x2_x1,-4163.73936559707,4002.5,25998.133018145654,"(1720, 285, 270)","(1720.0, 285.0, 270)"
1750,875,0,x1_x2_x1,0.0,0.0,0.0,"(1422, 409, 270)","(2079.0, 409.0, 270)"
1751,875,1,XRSTR_0_x2_x1,-5476.570374374372,5286.0,36317.06758918811,"(1228, 196, 0)","(1228.0, 196.0, 0)"
1752,876,0,x1_x2_x1,0.0,0.0,0.0,"(325, 193, 180)","(325.0, -455.0, 180)"
1753,876,1,XRSTR_0_x2_x1,-5705.955758228184,5465.5,57818.97166509111,"(530, 396, 90)","(530.0, 396.0, 90)"
1754,877,0,x1_x2_x1,0.0,0.0,0.0,"(168, 1273, 0)","(168.0, 1273.0, 0)"
1755,877,1,XRSTR_0_x2_x1,-6486.179097983816,6208.0,77383.61055508957,"(1129, 1144, 270)","(1132.0, 1144.0, 270)"
1756,878,0,x1_x2_x1,0.0,0.0,0.0,"(1479, 1036, 180)","(1479.0, 1036.0, 180)"
1757,878,1,XRSTR_0_x2_x1,-6383.715437889788,6118.0,70604.6939329614,"(1073, 1075, 90)","(515.0, 1075.0, 90)"
1758,879,0,x1_x2_x1,0.0,0.0,0.0,"(602, 1461, 180)","(602.0, 1461.0, 180)"
1759,879,1,XRSTR_0_x2_x1,-4898.2057399517225,4708.5,35988.267770630424,"(920, 1456, 90)","(1566.0, 1456.0, 90)"
1760,880,0,x1_x2_x1,0.0,0.0,0.0,"(1690, 662, 0)","(1690.0, 662.0, 0)"
1761,880,1,XRSTR_0_x2_x1,-9502.728945976207,9188.0,99054.30943529474,"(12, 1999, 180)","(12.0, 1999.0, 180)"
1762,881,0,XRSTR_0_x2_x1,0.0,0.0,0.0,"(2082, 294, 0)","(2082.0, 294.0, 0)"
1763,881,1,x1_x2_x1,-7113.688963168415,6808.5,93140.3032398121,"(825, 460, 0)","(825.0, 460.0, 0)"
1764,882,0,x1_x2_x1,0.0,0.0,0.0,"(1568, 1508, 180)","(1568.0, 1739.0, 180)"
1765,882,1,XRSTR_0_x2_x1,-5463.498096762972,5269.5,37635.26154765525,"(1414, 888, 90)","(1414.0, 888.0, 90)"
1766,883,0,XRSTR_0_x2_x1,0.0,0.0,0.0,"(1557, 130, 90)","(1557.0, 130.0, 90)"
1767,883,1,x1_x2_x1,-6227.328792143949,6059.5,28166.50347249659,"(1304, 1360, 0)","(1304.0, 1360.0, 0)"
1768,884,0,XRSTR_0_x2_x1,0.0,0.0,0.0,"(350, 770, 270)","(350.0, 770.0, 270)"
1769,884,1,x1_x2_x1,-6632.402839933259,6349.5,80034.01684230323,"(1795, 401, 90)","(1795.0, 401.0, 90)"
1770,885,0,XRSTR_0_x2_x1,0.0,0.0,0.0,"(88, 763, 180)","(88.0, 763.0, 180)"
1771,885,1,x1_x2_x1,-6402.842793165231,6206.0,38747.085221089874,"(1588, 739, 0)","(1588.0, 739.0, 0)"
1772,886,0,x1_x2_x1,0.0,0.0,0.0,"(1712, 1267, 0)","(1712.0, 1482.0, 0)"
1773,886,1,XRSTR_0_x2_x1,-5471.33548448736,5301.5,28844.091791056275,"(2057, 631, 90)","(2057.0, 631.0, 90)"
1774,887,0,x1_x2_x1,0.0,0.0,0.0,"(1378, 1532, 0)","(1378.0, 1532.0, 0)"
1775,887,1,XRSTR_0_x2_x1,-5979.91627116897,5739.0,58040.649713960585,"(193, 1146, 180)","(193.0, 1146.0, 180)"
1776,888,0,XRSTR_0_x2_x1,0.0,0.0,0.0,"(1352, 779, 0)","(1352.0, 779.0, 0)"
1777,888,1,x1_x2_x1,-6173.5885836274565,5919.0,64815.34691343453,"(1205, 957, 270)","(501.0, 957.0, 270)"
1778,889,0,x1_x2_x1,0.0,0.0,0.0,"(1638, 741, 90)","(1704.0, 741.0, 90)"
1779,889,1,XRSTR_0_x2_x1,-5257.866979014269,5010.5,61190.42230664605,"(944, 345, 270)","(944.0, 345.0, 270)"
1780,890,0,XRSTR_0_x2_x1,0.0,0.0,0.0,"(1696, 1199, 0)","(1696.0, 1199.0, 0)"
1781,890,1,x1_x2_x1,-6103.904680764819,5833.5,73118.69137952362,"(1616, 1436, 0)","(1616.0, 1959.0, 0)"
1782,891,0,x1_x2_x1,0.0,0.0,0.0,"(1466, 16, 0)","(1466.0, 16.0, 0)"
1783,891,1,XRSTR_0_x2_x1,-5495.546779103379,5316.5,32057.749107294196,"(1549, 1501, 0)","(1549.0, 1501.0, 0)"
1784,892,0,x1_x2_x1,0.0,0.0,0.0,"(392, 936, 270)","(392.0, 1516.0, 270)"
1785,892,1,XRSTR_0_x2_x1,-4700.699177347691,4552.0,22111.445343880063,"(206, 552, 180)","(206.0, 552.0, 180)"
1786,893,0,XRSTR_0_x2_x1,0.0,0.0,0.0,"(460, 814, 90)","(460.0, 814.0, 90)"
1787,893,1,x1_x2_x1,-4804.0449060324145,4569.5,55011.31294575408,"(6, 699, 270)","(-300.0, 699.0, 270)"
1788,894,0,x1_x2_x1,0.0,0.0,0.0,"(607, 148, 90)","(1396.0, 148.0, 90)"
1789,894,1,XRSTR_0_x2_x1,-5812.837455165997,5570.5,58727.4421763317,"(545, 195, 0)","(545.0, 195.0, 0)"
1790,895,0,XRSTR_0_x2_x1,0.0,0.0,0.0,"(63, 193, 270)","(63.0, 193.0, 270)"
1791,895,1,x1_x2_x1,-5890.487971399653,5635.0,65274.103529910295,"(1207, 568, 0)","(1207.0, 568.0, 0)"
1792,896,0,XRSTR_0_x2_x1,0.0,0.0,0.0,"(1625, 1599, 0)","(1625.0, 1599.0, 0)"
1793,896,1,x1_x2_x1,-5019.434166492618,4747.5,73948.19090603465,"(1488, 1177, 180)","(1488.0, 839.0, 180)"
1794,897,0,XRSTR_0_x2_x1,0.0,0.0,0.0,"(857, 231, 90)","(857.0, 231.0, 90)"
1795,897,1,x1_x2_x1,-5469.221334171866,5301.5,28130.445936390828,"(618, 774, 0)","(618.0, 1082.0, 0)"
1796,898,0,x1_x2_x1,0.0,0.0,0.0,"(511, 2106, 0)","(511.0, 2106.0, 0)"
1797,898,1,XRSTR_0_x2_x1,-5336.337528130041,5078.5,66480.19091220971,"(133, 1301, 180)","(133.0, 1301.0, 180)"
1798,899,0,x1_x2_x1,0.0,0.0,0.0,"(1993, 1121, 0)","(1993.0, 1121.0, 0)"
1799,899,1,XRSTR_0_x2_x1,-7740.623401096726,7433.0,94632.1569023173,"(780, 548, 0)","(780.0, 548.0, 0)"
1800,900,0,x1_x2_x1,0.0,0.0,0.0,"(1673, 1494, 180)","(1673.0, 815.0, 180)"
1801,900,1,XRSTR_0_x2_x1,-4819.548538867905,4569.5,62524.271789974526,"(1625, 1575, 0)","(1625.0, 1575.0, 0)"
1802,901,0,XRSTR_0_x2_x1,0.0,0.0,0.0,"(513, 534, 180)","(513.0, 534.0, 180)"
1803,901,1,x1_x2_x1,-5064.213533013382,4883.5,32657.38101417884,"(1080, 1411, 180)","(1080.0, 1411.0, 180)"
1804,902,0,x1_x2_x1,0.0,0.0,0.0,"(1252, 1691, 0)","(1252.0, 1691.0, 0)"
1805,902,1,XRSTR_0_x2_x1,-7689.791834977636,7397.0,85727.05862957171,"(670, 505, 0)","(670.0, 505.0, 0)"
1806,903,0,x1_x2_x1,0.0,0.0,0.0,"(234, 2080, 270)","(234.0, 2080.0, 270)"
1807,903,1,XRSTR_0_x2_x1,-7778.527438811779,7477.0,90918.796356391,"(991, 397, 180)","(991.0, 397.0, 180)"
1808,904,0,x1_x2_x1,0.0,0.0,0.0,"(724, 1668, 180)","(724.0, 1139.0, 180)"
1809,904,1,XRSTR_0_x2_x1,-6202.669835574057,5947.0,65367.064822465334,"(916, 1990, 270)","(916.0, 1990.0, 270)"
1810,905,0,x1_x2_x1,0.0,0.0,0.0,"(568, 4, 0)","(568.0, -318.0, 0)"
1811,905,1,XRSTR_0_x2_x1,-5332.374247032572,5154.0,31817.372004437257,"(725, 442, 180)","(725.0, 442.0, 180)"
1812,906,0,XRSTR_0_x2_x1,0.0,0.0,0.0,"(1566, 992, 180)","(1566.0, 992.0, 180)"
1813,906,1,x1_x2_x1,-6699.606241036355,6449.0,62803.488046371334,"(89, 1175, 180)","(89.0, 1175.0, 180)"
1814,907,0,XRSTR_0_x2_x1,0.0,0.0,0.0,"(1421, 1242, 180)","(1421.0, 1242.0, 180)"
1815,907,1,x1_x2_x1,-6646.585317152775,6393.5,64052.17775832079,"(1499, 109, 90)","(1499.0, 109.0, 90)"
1816,908,0,XRSTR_0_x2_x1,0.0,0.0,0.0,"(862, 583, 90)","(862.0, 583.0, 90)"
1817,908,1,x1_x2_x1,-8535.296185814079,8211.0,105168.01613356007,"(1733, 1887, 0)","(1733.0, 1887.0, 0)"
1818,909,0,x1_x2_x1,0.0,0.0,0.0,"(406, 1227, 0)","(406.0, 1227.0, 0)"
1819,909,1,XRSTR_0_x2_x1,-6259.722610799146,6020.5,57227.45751755997,"(70, 1184, 90)","(-558.0, 1184.0, 90)"
1820,910,0,XRSTR_0_x2_x1,0.0,0.0,0.0,"(248, 1682, 0)","(248.0, 1682.0, 0)"
1821,910,1,x1_x2_x1,-5417.434066135701,5223.5,37610.42200792658,"(296, 288, 0)","(296.0, 288.0, 0)"
1822,911,0,x1_x2_x1,0.0,0.0,0.0,"(361, 1734, 180)","(361.0, 1917.0, 180)"
1823,911,1,XRSTR_0_x2_x1,-5077.5862075809,4914.0,26760.447310701413,"(388, 1066, 270)","(388.0, 1066.0, 270)"
1824,912,0,x1_x2_x1,0.0,0.0,0.0,"(1406, 442, 180)","(1406.0, 442.0, 180)"
1825,912,1,XRSTR_0_x2_x1,-6874.100159280606,6590.5,80429.05034398485,"(980, 1330, 180)","(980.0, 1330.0, 180)"
1826,913,0,XRSTR_0_x2_x1,0.0,0.0,0.0,"(407, 1062, 180)","(407.0, 707.0, 180)"
1827,913,1,x1_x2_x1,-4917.846394112397,4709.0,43616.816333750605,"(301, 1671, 90)","(301.0, 1671.0, 90)"
1828,914,0,x1_x2_x1,0.0,0.0,0.0,"(1141, 751, 180)","(1141.0, 845.0, 180)"
1829,914,1,XRSTR_0_x2_x1,-4828.843590212104,4655.5,30048.000267621614,"(571, 85, 180)","(571.0, 85.0, 180)"
1830,915,0,x1_x2_x1,0.0,0.0,0.0,"(62, 303, 0)","(62.0, 303.0, 0)"
1831,915,1,XRSTR_0_x2_x1,-8635.43120741308,8347.5,82904.38020235405,"(1225, 1684, 180)","(1225.0, 1684.0, 180)"
1832,916,0,x1_x2_x1,0.0,0.0,0.0,"(1494, 469, 180)","(1494.0, -217.0, 180)"
1833,916,1,XRSTR_0_x2_x1,-5718.148698649617,5465.5,63831.36492934485,"(1755, 634, 90)","(1755.0, 634.0, 90)"
1834,917,0,XRSTR_0_x2_x1,0.0,0.0,0.0,"(1912, 1048, 270)","(1912.0, 1048.0, 270)"
1835,917,1,x1_x2_x1,-7755.11951314772,7449.0,93709.15632979713,"(1173, 2103, 270)","(1173.0, 2103.0, 270)"
1836,918,0,x1_x2_x1,0.0,0.0,0.0,"(2106, 1964, 90)","(2363.0, 1964.0, 90)"
1837,918,1,XRSTR_0_x2_x1,-6262.3839820060975,5964.5,88734.86673580886,"(1603, 2054, 90)","(1603.0, 2054.0, 90)"
1838,919,0,XRSTR_0_x2_x1,0.0,0.0,0.0,"(2098, 227, 0)","(2098.0, 227.0, 0)"
1839,919,1,x1_x2_x1,-7894.718515074421,7572.5,103824.77145676495,"(537, 471, 0)","(537.0, 471.0, 0)"
1840,920,0,XRSTR_0_x2_x1,0.0,0.0,0.0,"(90, 102, 270)","(90.0, 102.0, 270)"
1841,920,1,x1_x2_x1,-7658.38341946455,7359.0,89630.43185028633,"(1038, 1535, 0)","(1038.0, 1535.0, 0)"
1842,921,0,x1_x2_x1,0.0,0.0,0.0,"(229, 1083, 90)","(229.0, 1083.0, 90)"
1843,921,1,XRSTR_0_x2_x1,-5621.877909421624,5447.0,30582.283203677966,"(1770, 931, 90)","(1770.0, 931.0, 90)"
1844,922,0,XRSTR_0_x2_x1,0.0,0.0,0.0,"(744, 149, 270)","(744.0, 149.0, 270)"
1845,922,1,x1_x2_x1,-5470.266719336264,5225.0,60155.763613973664,"(1382, 499, 0)","(1708.0, 499.0, 0)"
1846,923,0,x1_x2_x1,0.0,0.0,0.0,"(1397, 554, 0)","(1397.0, 554.0, 0)"
1847,923,1,XRSTR_0_x2_x1,-8315.924822230369,8036.0,78357.90610070385,"(487, 2083, 180)","(487.0, 2083.0, 180)"
1848,924,0,x1_x2_x1,0.0,0.0,0.0,"(1539, 775, 180)","(1803.0, 775.0, 180)"
1849,924,1,XRSTR_0_x2_x1,-7356.7779543705265,7048.5,95035.29715087621,"(748, 1263, 180)","(748.0, 1263.0, 180)"
1850,925,0,XRSTR_0_x2_x1,0.0,0.0,0.0,"(22, 2040, 0)","(22.0, 2040.0, 0)"
1851,925,1,x1_x2_x1,-9403.084861437432,9054.5,121511.40562335355,"(1825, 665, 180)","(1825.0, 665.0, 180)"
1852,926,0,XRSTR_0_x2_x1,0.0,0.0,0.0,"(406, 1889, 0)","(406.0, 1889.0, 0)"
1853,926,1,x1_x2_x1,-8318.758926503502,8045.5,74670.4409138467,"(1653, 111, 270)","(1653.0, 111.0, 270)"
1854,927,0,x1_x2_x1,0.0,0.0,0.0,"(484, 1452, 90)","(484.0, 1452.0, 90)"
1855,927,1,XRSTR_0_x2_x1,-6128.985127588233,5917.5,44725.95919101104,"(1794, 801, 90)","(1794.0, 801.0, 90)"
1856,928,0,XRSTR_0_x2_x1,0.0,0.0,0.0,"(443, 2048, 0)","(443.0, 2048.0, 0)"
1857,928,1,x1_x2_x1,-7835.149556036015,7531.0,92506.95243690528,"(1405, 543, 90)","(1405.0, 543.0, 90)"
1858,929,0,XRSTR_0_x2_x1,0.0,0.0,0.0,"(28, 1055, 270)","(28.0, 1055.0, 270)"
1859,929,1,x1_x2_x1,-4394.03024001862,4244.5,22359.292680026025,"(977, 964, 270)","(977.0, 964.0, 270)"
1860,930,0,x1_x2_x1,0.0,0.0,0.0,"(1909, 1170, 270)","(1909.0, 1170.0, 270)"
1861,930,1,XRSTR_0_x2_x1,-7362.729938526069,7126.0,56041.06379455674,"(86, 1009, 0)","(86.0, 1009.0, 0)"
1862,931,0,XRSTR_0_x2_x1,0.0,0.0,0.0,"(248, 1072, 90)","(248.0, 1072.0, 90)"
1863,931,1,x1_x2_x1,-7135.653020278054,6834.5,90693.14162259434,"(1360, 748, 180)","(1360.0, 748.0, 180)"
1864,932,0,XRSTR_0_x2_x1,0.0,0.0,0.0,"(1061, 518, 180)","(1061.0, 518.0, 180)"
1865,932,1,x1_x2_x1,-5003.022285349584,4799.5,41421.32063391762,"(857, 1555, 90)","(857.0, 1555.0, 90)"
1866,933,0,x1_x2_x1,0.0,0.0,0.0,"(1222, 1884, 270)","(1222.0, 1884.0, 270)"
1867,933,1,XRSTR_0_x2_x1,-6638.575742569385,6431.5,42880.36316066208,"(899, 651, 0)","(899.0, 651.0, 0)"
1868,934,0,x1_x2_x1,0.0,0.0,0.0,"(1150, 322, 270)","(513.0, 322.0, 270)"
1869,934,1,XRSTR_0_x2_x1,-4826.728144514073,4604.0,49607.82635868196,"(1273, 490, 90)","(1273.0, 490.0, 90)"
1870,935,0,XRSTR_0_x2_x1,0.0,0.0,0.0,"(1985, 1458, 0)","(1985.0, 1458.0, 0)"
1871,935,1,x1_x2_x1,-5432.761324632026,5264.5,28311.873366924046,"(883, 1104, 90)","(883.0, 1104.0, 90)"
1872,936,0,x1_x2_x1,0.0,0.0,0.0,"(1756, 937, 270)","(1756.0, 937.0, 270)"
1873,936,1,XRSTR_0_x2_x1,-4546.805667450407,4395.5,22893.405002613126,"(867, 1248, 270)","(867.0, 1248.0, 270)"
1874,937,0,XRSTR_0_x2_x1,0.0,0.0,0.0,"(678, 847, 270)","(678.0, 847.0, 270)"
1875,937,1,x1_x2_x1,-4517.296435571513,4353.5,26829.2723059329,"(1310, 1293, 270)","(1438.0, 1293.0, 270)"
1876,938,0,XRSTR_0_x2_x1,0.0,0.0,0.0,"(1990, 175, 0)","(1990.0, 175.0, 0)"
1877,938,1,x1_x2_x1,-6160.932796790237,5883.5,76968.95673485323,"(1936, 960, 0)","(1936.0, 960.0, 0)"
1878,939,0,x1_x2_x1,0.0,0.0,0.0,"(1286, 668, 180)","(1286.0, 521.0, 180)"
1879,939,1,XRSTR_0_x2_x1,-7553.766605736675,7244.5,95645.83342388396,"(405, 1281, 180)","(405.0, 1281.0, 180)"
1880,940,0,x1_x2_x1,0.0,0.0,0.0,"(1647, 1299, 270)","(1647.0, 1410.0, 270)"
1881,940,1,XRSTR_0_x2_x1,-5603.611580035194,5399.0,41865.89868449842,"(1361, 355, 270)","(1361.0, 355.0, 270)"
1882,941,0,x1_x2_x1,0.0,0.0,0.0,"(224, 1512, 180)","(224.0, 1512.0, 180)"
1883,941,1,XRSTR_0_x2_x1,-6672.260680051982,6427.5,59907.79049950851,"(2000, 1602, 90)","(2000.0, 1602.0, 90)"
1884,942,0,XRSTR_0_x2_x1,0.0,0.0,0.0,"(1632, 436, 90)","(1632.0, 436.0, 90)"
1885,942,1,x1_x2_x1,-4363.622299486945,4188.5,30667.819777595156,"(1232, 155, 90)","(872.0, 155.0, 90)"
1886,943,0,x1_x2_x1,0.0,0.0,0.0,"(699, 1140, 90)","(699.0, 1140.0, 90)"
1887,943,1,XRSTR_0_x2_x1,-5031.712836628718,4808.0,50047.43327246742,"(706, 984, 180)","(706.0, 176.0, 180)"
1888,944,0,x1_x2_x1,0.0,0.0,0.0,"(593, 2108, 270)","(593.0, 2108.0, 270)"
1889,944,1,XRSTR_0_x2_x1,-9034.179412315883,8703.0,109679.80314189415,"(1841, 303, 180)","(1841.0, 303.0, 180)"
1890,945,0,x1_x2_x1,0.0,0.0,0.0,"(546, 158, 180)","(546.0, 158.0, 180)"
1891,945,1,XRSTR_0_x2_x1,-8102.087692907336,7787.0,99280.25422166755,"(1772, 895, 180)","(1772.0, 895.0, 180)"
1892,946,0,x1_x2_x1,0.0,0.0,0.0,"(1882, 1099, 180)","(1942.0, 1099.0, 180)"
1893,946,1,XRSTR_0_x2_x1,-6547.664366665898,6260.0,82750.78784929238,"(978, 1280, 90)","(978.0, 1280.0, 90)"
1894,947,0,x1_x2_x1,0.0,0.0,0.0,"(1197, 595, 270)","(1197.0, 595.0, 270)"
1895,947,1,XRSTR_0_x2_x1,-6964.526646894952,6717.5,61022.1642761635,"(376, 1503, 90)","(376.0, 1503.0, 90)"
1896,948,0,XRSTR_0_x2_x1,0.0,0.0,0.0,"(264, 49, 270)","(264.0, 49.0, 270)"
1897,948,1,x1_x2_x1,-6544.500610471569,6450.5,8836.114769027809,"(538, 1826, 180)","(538.0, 1826.0, 180)"
1898,949,0,x1_x2_x1,0.0,0.0,0.0,"(873, 1109, 270)","(873.0, 1109.0, 270)"
1899,949,1,XRSTR_0_x2_x1,-6290.0603454730945,6020.5,72662.77985157422,"(1781, 1862, 0)","(1781.0, 1862.0, 0)"
1900,950,0,XRSTR_0_x2_x1,0.0,0.0,0.0,"(2028, 1960, 270)","(2028.0, 1960.0, 270)"
1901,950,1,x1_x2_x1,-5794.639393957126,5576.5,47584.795195982384,"(1641, 1555, 90)","(1268.0, 1555.0, 90)"
1902,951,0,XRSTR_0_x2_x1,0.0,0.0,0.0,"(58, 178, 180)","(58.0, 178.0, 180)"
1903,951,1,x1_x2_x1,-7400.664810295152,7174.0,51376.936226137186,"(2062, 760, 270)","(2062.0, 760.0, 270)"
1904,952,0,x1_x2_x1,0.0,0.0,0.0,"(523, 1348, 180)","(361.0, 1348.0, 180)"
1905,952,1,XRSTR_0_x2_x1,-5056.298975115296,4880.0,31081.328626703867,"(1325, 819, 90)","(1325.0, 819.0, 90)"
1906,953,0,x1_x2_x1,0.0,0.0,0.0,"(1120, 1088, 90)","(1333.0, 1088.0, 90)"
1907,953,1,XRSTR_0_x2_x1,-6107.094251816144,5854.0,64056.70030237336,"(573, 934, 90)","(573.0, 934.0, 90)"
1908,954,0,x1_x2_x1,0.0,0.0,0.0,"(34, 246, 270)","(-66.0, 246.0, 270)"
1909,954,1,XRSTR_0_x2_x1,-6230.150743194792,5958.5,73794.12627828289,"(785, 393, 180)","(785.0, 393.0, 180)"
1910,955,0,x1_x2_x1,0.0,0.0,0.0,"(350, 202, 180)","(350.0, 202.0, 180)"
1911,955,1,XRSTR_0_x2_x1,-6323.955778971487,6074.5,62228.18566227172,"(1013, 299, 270)","(1314.0, 299.0, 270)"
1912,956,0,x1_x2_x1,0.0,0.0,0.0,"(274, 1378, 0)","(274.0, 1875.0, 0)"
1913,956,1,XRSTR_0_x2_x1,-5183.002539394969,4938.5,59781.491770588385,"(634, 1115, 180)","(634.0, 1115.0, 180)"
1914,957,0,x1_x2_x1,0.0,0.0,0.0,"(1033, 83, 90)","(1675.0, 83.0, 90)"
1915,957,1,XRSTR_0_x2_x1,-6533.723603391326,6243.5,84229.7399654456,"(915, 452, 90)","(915.0, 452.0, 90)"
1916,958,0,x1_x2_x1,0.0,0.0,0.0,"(398, 996, 180)","(398.0, 996.0, 180)"
1917,958,1,XRSTR_0_x2_x1,-6161.035254553091,5938.5,49521.93951900905,"(1321, 957, 270)","(1362.0, 957.0, 270)"
1918,959,0,XRSTR_0_x2_x1,0.0,0.0,0.0,"(1721, 2042, 0)","(1721.0, 2042.0, 0)"
1919,959,1,x1_x2_x1,-5552.178239193339,5337.5,46086.746383152546,"(1775, 793, 90)","(1775.0, 793.0, 90)"
1920,960,0,XRSTR_0_x2_x1,0.0,0.0,0.0,"(608, 823, 180)","(608.0, 823.0, 180)"
1921,960,1,x1_x2_x1,-6553.9218891092705,6274.5,78076.59211339332,"(1373, 1846, 90)","(1373.0, 1846.0, 90)"
1922,961,0,x1_x2_x1,0.0,0.0,0.0,"(1980, 875, 0)","(1980.0, 875.0, 0)"
1923,961,1,XRSTR_0_x2_x1,-6338.536081798553,6115.0,49968.379865849216,"(566, 1162, 0)","(566.0, 1162.0, 0)"
1924,962,0,x1_x2_x1,0.0,0.0,0.0,"(1399, 462, 180)","(1399.0, 280.0, 180)"
1925,962,1,XRSTR_0_x2_x1,-6189.018517885266,5918.5,73180.26851884101,"(1272, 1131, 90)","(1272.0, 1131.0, 90)"
1926,963,0,x1_x2_x1,0.0,0.0,0.0,"(2024, 411, 180)","(2024.0, -108.0, 180)"
1927,963,1,XRSTR_0_x2_x1,-4804.0449060324145,4569.5,55011.31294575408,"(1909, 652, 0)","(1909.0, 652.0, 0)"
1928,964,0,XRSTR_0_x2_x1,0.0,0.0,0.0,"(554, 633, 90)","(554.0, 633.0, 90)"
1929,964,1,x1_x2_x1,-6782.3086282286395,6499.0,80263.77882879367,"(1022, 1288, 0)","(1022.0, 1484.0, 0)"
1930,965,0,XRSTR_0_x2_x1,0.0,0.0,0.0,"(1532, 1816, 0)","(1532.0, 1816.0, 0)"
1931,965,1,x1_x2_x1,-5467.152166367723,5301.5,27440.64022231982,"(1069, 1375, 270)","(681.0, 1375.0, 270)"
1932,966,0,XRSTR_0_x2_x1,0.0,0.0,0.0,"(1619, 1156, 270)","(1619.0, 1156.0, 270)"
1933,966,1,x1_x2_x1,-5509.329262515429,5330.0,32158.984394327817,"(1828, 1030, 180)","(1828.0, 305.0, 180)"
1934,967,0,XRSTR_0_x2_x1,0.0,0.0,0.0,"(87, 137, 90)","(87.0, 137.0, 90)"
1935,967,1,x1_x2_x1,-8990.70885791773,8654.5,113036.39614234507,"(1424, 1146, 90)","(1424.0, 1146.0, 90)"
1936,968,0,XRSTR_0_x2_x1,0.0,0.0,0.0,"(1461, 1033, 90)","(1461.0, 1033.0, 90)"
1937,968,1,x1_x2_x1,-6185.172462098852,5917.0,71916.46942815983,"(866, 2098, 270)","(866.0, 2098.0, 270)"
1938,969,0,x1_x2_x1,0.0,0.0,0.0,"(288, 1074, 90)","(288.0, 1074.0, 90)"
1939,969,1,XRSTR_0_x2_x1,-5825.986134925336,5641.5,34035.13397968942,"(1572, 535, 180)","(1572.0, 535.0, 180)"
1940,970,0,x1_x2_x1,0.0,0.0,0.0,"(41, 739, 90)","(41.0, 739.0, 90)"
1941,970,1,XRSTR_0_x2_x1,-9598.901885895106,9282.0,100426.80528387445,"(1735, 2107, 180)","(1735.0, 2107.0, 180)"
1942,971,0,XRSTR_0_x2_x1,0.0,0.0,0.0,"(1132, 436, 270)","(1132.0, 436.0, 270)"
1943,971,1,x1_x2_x1,-4458.024774238474,4289.5,28400.59953212859,"(1600, 818, 270)","(1892.0, 818.0, 270)"
1944,972,0,XRSTR_0_x2_x1,0.0,0.0,0.0,"(276, 700, 0)","(276.0, 700.0, 0)"
1945,972,1,x1_x2_x1,-7696.608599814166,7393.0,92178.18188111848,"(1243, 1499, 0)","(1243.0, 1499.0, 0)"
1946,973,0,XRSTR_0_x2_x1,0.0,0.0,0.0,"(298, 1115, 0)","(298.0, 1115.0, 0)"
1947,973,1,x1_x2_x1,-6416.655424888334,6144.5,74068.57529614965,"(131, 1710, 270)","(131.0, 2079.0, 270)"
1948,974,0,x1_x2_x1,0.0,0.0,0.0,"(1913, 1197, 180)","(1913.0, 1197.0, 180)"
1949,974,1,XRSTR_0_x2_x1,-6212.506647290842,5969.0,59295.48727482659,"(354, 1161, 270)","(354.0, 1161.0, 270)"
1950,975,0,XRSTR_0_x2_x1,0.0,0.0,0.0,"(994, 1331, 90)","(994.0, 1331.0, 90)"
1951,975,1,x1_x2_x1,-6051.001966470193,5808.5,58807.20374191053,"(917, 331, 180)","(917.0, 331.0, 180)"
1952,976,0,XRSTR_0_x2_x1,0.0,0.0,0.0,"(214, 387, 0)","(214.0, 387.0, 0)"
1953,976,1,x1_x2_x1,-5315.278928346838,5130.5,34143.25236100593,"(307, 708, 180)","(307.0, 1147.0, 180)"
1954,977,0,XRSTR_0_x2_x1,0.0,0.0,0.0,"(432, 1742, 90)","(432.0, 1742.0, 90)"
1955,977,1,x1_x2_x1,-7485.0906499328485,7216.5,72140.93723135012,"(2091, 1989, 270)","(2091.0, 1989.0, 270)"
1956,978,0,x1_x2_x1,0.0,0.0,0.0,"(566, 1316, 270)","(566.0, 1723.0, 270)"
1957,978,1,XRSTR_0_x2_x1,-6097.11146485362,5880.0,47137.38817088494,"(260, 668, 90)","(260.0, 668.0, 90)"
1958,979,0,x1_x2_x1,0.0,0.0,0.0,"(124, 1426, 0)","(-121.0, 1426.0, 0)"
1959,979,1,XRSTR_0_x2_x1,-6581.363133976391,6343.5,56578.87050507031,"(934, 1913, 180)","(934.0, 1913.0, 180)"
1960,980,0,x1_x2_x1,0.0,0.0,0.0,"(822, 425, 90)","(863.0, 425.0, 90)"
1961,980,1,XRSTR_0_x2_x1,-7464.782480746551,7167.0,88674.40583957004,"(103, 1318, 90)","(103.0, 1318.0, 90)"
1962,981,0,x1_x2_x1,0.0,0.0,0.0,"(1978, 96, 270)","(1978.0, 96.0, 270)"
1963,981,1,XRSTR_0_x2_x1,-6170.672423635865,5965.0,42301.145844250816,"(1647, 1673, 0)","(1647.0, 1673.0, 0)"
1964,982,0,x1_x2_x1,0.0,0.0,0.0,"(324, 1328, 90)","(-111.0, 1328.0, 90)"
1965,982,1,XRSTR_0_x2_x1,-4577.468792040361,4416.0,26072.170802973425,"(649, 1829, 90)","(649.0, 1829.0, 90)"
1966,983,0,XRSTR_0_x2_x1,0.0,0.0,0.0,"(343, 1790, 180)","(343.0, 1790.0, 180)"
1967,983,1,x1_x2_x1,-8206.024365514997,7895.0,96736.15594400666,"(635, 65, 90)","(635.0, 65.0, 90)"
1968,984,0,x1_x2_x1,0.0,0.0,0.0,"(1174, 138, 90)","(1174.0, 138.0, 90)"
1969,984,1,XRSTR_0_x2_x1,-7323.601037434228,7039.0,80997.75050863881,"(912, 2097, 0)","(912.0, 2097.0, 0)"
1970,985,0,XRSTR_0_x2_x1,0.0,0.0,0.0,"(1263, 1351, 90)","(1263.0, 1351.0, 90)"
1971,985,1,x1_x2_x1,-7344.368629188278,7084.0,67791.8230653827,"(1938, 63, 0)","(1938.0, 63.0, 0)"
1972,986,0,x1_x2_x1,0.0,0.0,0.0,"(190, 1745, 90)","(190.0, 1745.0, 90)"
1973,986,1,XRSTR_0_x2_x1,-5909.120297733376,5668.5,57898.1276812987,"(453, 629, 90)","(453.0, 629.0, 90)"
1974,987,0,XRSTR_0_x2_x1,0.0,0.0,0.0,"(748, 2031, 180)","(748.0, 2031.0, 180)"
1975,987,1,x1_x2_x1,-6069.1306157823865,5876.5,37106.55413670132,"(442, 1215, 90)","(442.0, 1067.0, 90)"
1976,988,0,XRSTR_0_x2_x1,0.0,0.0,0.0,"(2096, 1505, 0)","(2096.0, 1505.0, 0)"
1977,988,1,x1_x2_x1,-5469.860463342278,5302.0,28177.135153484447,"(1658, 1268, 270)","(1245.0, 1268.0, 270)"
1978,989,0,XRSTR_0_x2_x1,0.0,0.0,0.0,"(741, 1880, 0)","(741.0, 2285.0, 0)"
1979,989,1,x1_x2_x1,-4816.26616585141,4642.5,30194.680394699513,"(670, 1321, 90)","(670.0, 1321.0, 90)"
1980,990,0,XRSTR_0_x2_x1,0.0,0.0,0.0,"(814, 526, 270)","(814.0, 526.0, 270)"
1981,990,1,x1_x2_x1,-5441.239152070291,5202.0,57235.37188331212,"(1929, 441, 180)","(1929.0, 441.0, 180)"
1982,991,0,x1_x2_x1,0.0,0.0,0.0,"(1696, 837, 0)","(1696.0, 837.0, 0)"
1983,991,1,XRSTR_0_x2_x1,-6305.837270280445,6069.5,55855.3053236123,"(1346, 1871, 180)","(1346.0, 1871.0, 180)"
1984,992,0,XRSTR_0_x2_x1,0.0,0.0,0.0,"(328, 1121, 0)","(328.0, 1121.0, 0)"
1985,992,1,x1_x2_x1,-6169.835704258044,5881.5,83137.47834998206,"(335, 1231, 0)","(335.0, 1881.0, 0)"
1986,993,0,x1_x2_x1,0.0,0.0,0.0,"(945, 329, 90)","(945.0, 329.0, 90)"
1987,993,1,XRSTR_0_x2_x1,-6373.800622129119,6105.0,72253.77445700158,"(304, 1442, 0)","(304.0, 1442.0, 0)"
1988,994,0,XRSTR_0_x2_x1,0.0,0.0,0.0,"(1029, 469, 270)","(1029.0, 469.0, 270)"
1989,994,1,x1_x2_x1,-7584.789563256872,7318.0,71176.67106279224,"(93, 1613, 180)","(93.0, 1613.0, 180)"
1990,995,0,x1_x2_x1,0.0,0.0,0.0,"(1284, 431, 270)","(1284.0, 431.0, 270)"
1991,995,1,XRSTR_0_x2_x1,-7303.326563793894,6998.5,92919.23399439268,"(1642, 1591, 180)","(1642.0, 1591.0, 180)"
1992,996,0,x1_x2_x1,0.0,0.0,0.0,"(1603, 1636, 0)","(1603.0, 1636.0, 0)"
1993,996,1,XRSTR_0_x2_x1,-5018.868665225518,4810.5,43417.50064786413,"(1158, 1539, 270)","(639.0, 1539.0, 270)"
1994,997,0,x1_x2_x1,0.0,0.0,0.0,"(79, 883, 0)","(79.0, 883.0, 0)"
1995,997,1,XRSTR_0_x2_x1,-5833.99134328937,5584.5,62245.930376334385,"(643, 4, 90)","(643.0, 4.0, 90)"
1996,998,0,x1_x2_x1,0.0,0.0,0.0,"(917, 1737, 90)","(917.0, 1737.0, 90)"
1997,998,1,XRSTR_0_x2_x1,-6083.993150772736,5895.5,35529.667888233314,"(890, 392, 270)","(890.0, 392.0, 270)"
1998,999,0,x1_x2_x1,0.0,0.0,0.0,"(1854, 1297, 180)","(1854.0, 1297.0, 180)"
1999,999,1,XRSTR_0_x2_x1,-5018.53975574483,4843.5,30638.91609120953,"(1913, 1270, 90)","(1913.0, 446.0, 90)"
