,n_placement,n_step,placed_dev,reward,HPWL,congestion,action,legalized_action
0,0,0,XM3_x3_x1_x1,0.0,0.0,0.0,"(869, 3086, 180)","(1957.0, 3086.0, 180)"
1,0,1,XM2_x3_x1_x1,0.0,0.0,0.0,"(869, 3086, 180)","(1611.0, 3086.0, 180)"
2,0,2,XM4_x3_x1_x1,0.0,0.0,0.0,"(869, 3086, 180)","(1215.0, 3086.0, 180)"
3,0,3,XM1_x3_x1_x1,-4345.0,4345.0,0.0,"(869, 3086, 180)","(869.0, 3086.0, 180)"
4,1,0,XM1_x3_x1_x1,0.0,0.0,0.0,"(869, 3086, 180)","(1907.0, 3086.0, 180)"
5,1,1,XM4_x3_x1_x1,0.0,0.0,0.0,"(869, 3086, 180)","(1561.0, 3086.0, 180)"
6,1,2,XM3_x3_x1_x1,0.0,0.0,0.0,"(869, 3086, 180)","(1215.0, 3086.0, 180)"
7,1,3,XM2_x3_x1_x1,-4045.0,4045.0,0.0,"(869, 3086, 180)","(869.0, 3086.0, 180)"
8,2,0,XM1_x3_x1_x1,0.0,0.0,0.0,"(869, 3086, 180)","(1907.0, 3086.0, 180)"
9,2,1,XM3_x3_x1_x1,0.0,0.0,0.0,"(869, 3086, 180)","(1611.0, 3086.0, 180)"
10,2,2,XM4_x3_x1_x1,0.0,0.0,0.0,"(869, 3086, 180)","(1265.0, 3086.0, 180)"
11,2,3,XM2_x3_x1_x1,-2661.0,2661.0,0.0,"(869, 3086, 180)","(869.0, 3086.0, 180)"
12,3,0,XM1_x3_x1_x1,0.0,0.0,0.0,"(869, 3086, 180)","(1907.0, 3086.0, 180)"
13,3,1,XM2_x3_x1_x1,0.0,0.0,0.0,"(869, 3086, 180)","(1561.0, 3086.0, 180)"
14,3,2,XM3_x3_x1_x1,0.0,0.0,0.0,"(869, 3086, 180)","(1215.0, 3086.0, 180)"
15,3,3,XM4_x3_x1_x1,-4045.0,4045.0,0.0,"(869, 3086, 180)","(869.0, 3086.0, 180)"
16,4,0,XM1_x3_x1_x1,0.0,0.0,0.0,"(869, 3086, 180)","(1957.0, 3086.0, 180)"
17,4,1,XM4_x3_x1_x1,0.0,0.0,0.0,"(869, 3086, 180)","(1611.0, 3086.0, 180)"
18,4,2,XM2_x3_x1_x1,0.0,0.0,0.0,"(869, 3086, 180)","(1215.0, 3086.0, 180)"
19,4,3,XM3_x3_x1_x1,-4345.0,4345.0,0.0,"(869, 3086, 180)","(869.0, 3086.0, 180)"
20,5,0,XM3_x3_x1_x1,0.0,0.0,0.0,"(869, 3086, 180)","(1957.0, 3086.0, 180)"
21,5,1,XM2_x3_x1_x1,0.0,0.0,0.0,"(869, 3086, 180)","(1611.0, 3086.0, 180)"
22,5,2,XM4_x3_x1_x1,0.0,0.0,0.0,"(869, 3086, 180)","(1215.0, 3086.0, 180)"
23,5,3,XM1_x3_x1_x1,-4345.0,4345.0,0.0,"(869, 3086, 180)","(869.0, 3086.0, 180)"
24,6,0,XM2_x3_x1_x1,0.0,0.0,0.0,"(869, 3086, 180)","(1907.0, 3086.0, 180)"
25,6,1,XM4_x3_x1_x1,0.0,0.0,0.0,"(869, 3086, 180)","(1511.0, 3086.0, 180)"
26,6,2,XM3_x3_x1_x1,0.0,0.0,0.0,"(869, 3086, 180)","(1165.0, 3086.0, 180)"
27,6,3,XM1_x3_x1_x1,-2761.0,2761.0,0.0,"(869, 3086, 180)","(869.0, 3086.0, 180)"
28,7,0,XM4_x3_x1_x1,0.0,0.0,0.0,"(869, 3086, 180)","(1907.0, 3086.0, 180)"
29,7,1,XM2_x3_x1_x1,0.0,0.0,0.0,"(869, 3086, 180)","(1511.0, 3086.0, 180)"
30,7,2,XM1_x3_x1_x1,0.0,0.0,0.0,"(869, 3086, 180)","(1165.0, 3086.0, 180)"
31,7,3,XM3_x3_x1_x1,-2761.0,2761.0,0.0,"(869, 3086, 180)","(869.0, 3086.0, 180)"
32,8,0,XM1_x3_x1_x1,0.0,0.0,0.0,"(869, 3086, 180)","(1907.0, 3086.0, 180)"
33,8,1,XM4_x3_x1_x1,0.0,0.0,0.0,"(869, 3086, 180)","(1561.0, 3086.0, 180)"
34,8,2,XM3_x3_x1_x1,0.0,0.0,0.0,"(869, 3086, 180)","(1215.0, 3086.0, 180)"
35,8,3,XM2_x3_x1_x1,-4045.0,4045.0,0.0,"(869, 3086, 180)","(869.0, 3086.0, 180)"
36,9,0,XM3_x3_x1_x1,0.0,0.0,0.0,"(869, 3086, 180)","(1957.0, 3086.0, 180)"
37,9,1,XM4_x3_x1_x1,0.0,0.0,0.0,"(869, 3086, 180)","(1611.0, 3086.0, 180)"
38,9,2,XM2_x3_x1_x1,0.0,0.0,0.0,"(869, 3086, 180)","(1215.0, 3086.0, 180)"
39,9,3,XM1_x3_x1_x1,-4345.0,4345.0,0.0,"(869, 3086, 180)","(869.0, 3086.0, 180)"
40,10,0,XM2_x3_x1_x1,0.0,0.0,0.0,"(869, 3086, 180)","(1907.0, 3086.0, 180)"
41,10,1,XM3_x3_x1_x1,0.0,0.0,0.0,"(869, 3086, 180)","(1561.0, 3086.0, 180)"
42,10,2,XM4_x3_x1_x1,0.0,0.0,0.0,"(869, 3086, 180)","(1215.0, 3086.0, 180)"
43,10,3,XM1_x3_x1_x1,-4145.0,4145.0,0.0,"(869, 3086, 180)","(869.0, 3086.0, 180)"
44,11,0,XM1_x3_x1_x1,0.0,0.0,0.0,"(869, 3086, 180)","(1907.0, 3086.0, 180)"
45,11,1,XM3_x3_x1_x1,0.0,0.0,0.0,"(869, 3086, 180)","(1611.0, 3086.0, 180)"
46,11,2,XM2_x3_x1_x1,0.0,0.0,0.0,"(869, 3086, 180)","(1265.0, 3086.0, 180)"
47,11,3,XM4_x3_x1_x1,-2661.0,2661.0,0.0,"(869, 3086, 180)","(869.0, 3086.0, 180)"
48,12,0,XM4_x3_x1_x1,0.0,0.0,0.0,"(869, 3086, 180)","(1907.0, 3086.0, 180)"
49,12,1,XM2_x3_x1_x1,0.0,0.0,0.0,"(869, 3086, 180)","(1511.0, 3086.0, 180)"
50,12,2,XM1_x3_x1_x1,0.0,0.0,0.0,"(869, 3086, 180)","(1165.0, 3086.0, 180)"
51,12,3,XM3_x3_x1_x1,-2761.0,2761.0,0.0,"(869, 3086, 180)","(869.0, 3086.0, 180)"
52,13,0,XM3_x3_x1_x1,0.0,0.0,0.0,"(869, 3086, 180)","(1907.0, 3086.0, 180)"
53,13,1,XM2_x3_x1_x1,0.0,0.0,0.0,"(869, 3086, 180)","(1561.0, 3086.0, 180)"
54,13,2,XM1_x3_x1_x1,0.0,0.0,0.0,"(869, 3086, 180)","(1215.0, 3086.0, 180)"
55,13,3,XM4_x3_x1_x1,-4045.0,4045.0,0.0,"(869, 3086, 180)","(869.0, 3086.0, 180)"
56,14,0,XM3_x3_x1_x1,0.0,0.0,0.0,"(869, 3086, 180)","(1957.0, 3086.0, 180)"
57,14,1,XM4_x3_x1_x1,0.0,0.0,0.0,"(869, 3086, 180)","(1611.0, 3086.0, 180)"
58,14,2,XM2_x3_x1_x1,0.0,0.0,0.0,"(869, 3086, 180)","(1215.0, 3086.0, 180)"
59,14,3,XM1_x3_x1_x1,-4345.0,4345.0,0.0,"(869, 3086, 180)","(869.0, 3086.0, 180)"
60,15,0,XM1_x3_x1_x1,0.0,0.0,0.0,"(869, 3086, 180)","(1907.0, 3086.0, 180)"
61,15,1,XM3_x3_x1_x1,0.0,0.0,0.0,"(869, 3086, 180)","(1611.0, 3086.0, 180)"
62,15,2,XM4_x3_x1_x1,0.0,0.0,0.0,"(869, 3086, 180)","(1265.0, 3086.0, 180)"
63,15,3,XM2_x3_x1_x1,-2661.0,2661.0,0.0,"(869, 3086, 180)","(869.0, 3086.0, 180)"
64,16,0,XM3_x3_x1_x1,0.0,0.0,0.0,"(869, 3086, 180)","(1907.0, 3086.0, 180)"
65,16,1,XM1_x3_x1_x1,0.0,0.0,0.0,"(869, 3086, 180)","(1611.0, 3086.0, 180)"
66,16,2,XM4_x3_x1_x1,0.0,0.0,0.0,"(869, 3086, 180)","(1265.0, 3086.0, 180)"
67,16,3,XM2_x3_x1_x1,-2661.0,2661.0,0.0,"(869, 3086, 180)","(869.0, 3086.0, 180)"
68,17,0,XM2_x3_x1_x1,0.0,0.0,0.0,"(869, 3086, 180)","(1907.0, 3086.0, 180)"
69,17,1,XM1_x3_x1_x1,0.0,0.0,0.0,"(869, 3086, 180)","(1561.0, 3086.0, 180)"
70,17,2,XM4_x3_x1_x1,0.0,0.0,0.0,"(869, 3086, 180)","(1215.0, 3086.0, 180)"
71,17,3,XM3_x3_x1_x1,-4145.0,4145.0,0.0,"(869, 3086, 180)","(869.0, 3086.0, 180)"
72,18,0,XM1_x3_x1_x1,0.0,0.0,0.0,"(869, 3086, 180)","(1907.0, 3086.0, 180)"
73,18,1,XM2_x3_x1_x1,0.0,0.0,0.0,"(869, 3086, 180)","(1561.0, 3086.0, 180)"
74,18,2,XM3_x3_x1_x1,0.0,0.0,0.0,"(869, 3086, 180)","(1215.0, 3086.0, 180)"
75,18,3,XM4_x3_x1_x1,-4045.0,4045.0,0.0,"(869, 3086, 180)","(869.0, 3086.0, 180)"
76,19,0,XM2_x3_x1_x1,0.0,0.0,0.0,"(869, 3086, 180)","(1857.0, 3086.0, 180)"
77,19,1,XM1_x3_x1_x1,0.0,0.0,0.0,"(869, 3086, 180)","(1511.0, 3086.0, 180)"
78,19,2,XM3_x3_x1_x1,0.0,0.0,0.0,"(869, 3086, 180)","(1215.0, 3086.0, 180)"
79,19,3,XM4_x3_x1_x1,-3845.0,3845.0,0.0,"(869, 3086, 180)","(869.0, 3086.0, 180)"
80,20,0,XM3_x3_x1_x1,0.0,0.0,0.0,"(869, 3086, 180)","(1907.0, 3086.0, 180)"
81,20,1,XM1_x3_x1_x1,0.0,0.0,0.0,"(869, 3086, 180)","(1611.0, 3086.0, 180)"
82,20,2,XM2_x3_x1_x1,0.0,0.0,0.0,"(869, 3086, 180)","(1265.0, 3086.0, 180)"
83,20,3,XM4_x3_x1_x1,-2661.0,2661.0,0.0,"(869, 3086, 180)","(869.0, 3086.0, 180)"
84,21,0,XM3_x3_x1_x1,0.0,0.0,0.0,"(869, 3086, 180)","(1907.0, 3086.0, 180)"
85,21,1,XM1_x3_x1_x1,0.0,0.0,0.0,"(869, 3086, 180)","(1611.0, 3086.0, 180)"
86,21,2,XM4_x3_x1_x1,0.0,0.0,0.0,"(869, 3086, 180)","(1265.0, 3086.0, 180)"
87,21,3,XM2_x3_x1_x1,-2661.0,2661.0,0.0,"(869, 3086, 180)","(869.0, 3086.0, 180)"
88,22,0,XM2_x3_x1_x1,0.0,0.0,0.0,"(869, 3086, 180)","(1857.0, 3086.0, 180)"
89,22,1,XM3_x3_x1_x1,0.0,0.0,0.0,"(869, 3086, 180)","(1511.0, 3086.0, 180)"
90,22,2,XM1_x3_x1_x1,0.0,0.0,0.0,"(869, 3086, 180)","(1215.0, 3086.0, 180)"
91,22,3,XM4_x3_x1_x1,-3845.0,3845.0,0.0,"(869, 3086, 180)","(869.0, 3086.0, 180)"
92,23,0,XM1_x3_x1_x1,0.0,0.0,0.0,"(869, 3086, 180)","(1957.0, 3086.0, 180)"
93,23,1,XM4_x3_x1_x1,0.0,0.0,0.0,"(869, 3086, 180)","(1611.0, 3086.0, 180)"
94,23,2,XM2_x3_x1_x1,0.0,0.0,0.0,"(869, 3086, 180)","(1215.0, 3086.0, 180)"
95,23,3,XM3_x3_x1_x1,-4345.0,4345.0,0.0,"(869, 3086, 180)","(869.0, 3086.0, 180)"
96,24,0,XM1_x3_x1_x1,0.0,0.0,0.0,"(869, 3086, 180)","(1907.0, 3086.0, 180)"
97,24,1,XM2_x3_x1_x1,0.0,0.0,0.0,"(869, 3086, 180)","(1561.0, 3086.0, 180)"
98,24,2,XM3_x3_x1_x1,0.0,0.0,0.0,"(869, 3086, 180)","(1215.0, 3086.0, 180)"
99,24,3,XM4_x3_x1_x1,-4045.0,4045.0,0.0,"(869, 3086, 180)","(869.0, 3086.0, 180)"
100,25,0,XM4_x3_x1_x1,0.0,0.0,0.0,"(869, 3086, 180)","(1907.0, 3086.0, 180)"
101,25,1,XM2_x3_x1_x1,0.0,0.0,0.0,"(869, 3086, 180)","(1511.0, 3086.0, 180)"
102,25,2,XM1_x3_x1_x1,0.0,0.0,0.0,"(869, 3086, 180)","(1165.0, 3086.0, 180)"
103,25,3,XM3_x3_x1_x1,-2761.0,2761.0,0.0,"(869, 3086, 180)","(869.0, 3086.0, 180)"
104,26,0,XM1_x3_x1_x1,0.0,0.0,0.0,"(869, 3086, 180)","(1907.0, 3086.0, 180)"
105,26,1,XM4_x3_x1_x1,0.0,0.0,0.0,"(869, 3086, 180)","(1561.0, 3086.0, 180)"
106,26,2,XM3_x3_x1_x1,0.0,0.0,0.0,"(869, 3086, 180)","(1215.0, 3086.0, 180)"
107,26,3,XM2_x3_x1_x1,-4045.0,4045.0,0.0,"(869, 3086, 180)","(869.0, 3086.0, 180)"
108,27,0,XM1_x3_x1_x1,0.0,0.0,0.0,"(869, 3086, 180)","(1907.0, 3086.0, 180)"
109,27,1,XM2_x3_x1_x1,0.0,0.0,0.0,"(869, 3086, 180)","(1561.0, 3086.0, 180)"
110,27,2,XM3_x3_x1_x1,0.0,0.0,0.0,"(869, 3086, 180)","(1215.0, 3086.0, 180)"
111,27,3,XM4_x3_x1_x1,-4045.0,4045.0,0.0,"(869, 3086, 180)","(869.0, 3086.0, 180)"
112,28,0,XM2_x3_x1_x1,0.0,0.0,0.0,"(869, 3086, 180)","(1907.0, 3086.0, 180)"
113,28,1,XM4_x3_x1_x1,0.0,0.0,0.0,"(869, 3086, 180)","(1511.0, 3086.0, 180)"
114,28,2,XM1_x3_x1_x1,0.0,0.0,0.0,"(869, 3086, 180)","(1165.0, 3086.0, 180)"
115,28,3,XM3_x3_x1_x1,-2761.0,2761.0,0.0,"(869, 3086, 180)","(869.0, 3086.0, 180)"
116,29,0,XM2_x3_x1_x1,0.0,0.0,0.0,"(869, 3086, 180)","(1907.0, 3086.0, 180)"
117,29,1,XM1_x3_x1_x1,0.0,0.0,0.0,"(869, 3086, 180)","(1561.0, 3086.0, 180)"
118,29,2,XM4_x3_x1_x1,0.0,0.0,0.0,"(869, 3086, 180)","(1215.0, 3086.0, 180)"
119,29,3,XM3_x3_x1_x1,-4145.0,4145.0,0.0,"(869, 3086, 180)","(869.0, 3086.0, 180)"
120,30,0,XM3_x3_x1_x1,0.0,0.0,0.0,"(869, 3086, 180)","(1907.0, 3086.0, 180)"
121,30,1,XM2_x3_x1_x1,0.0,0.0,0.0,"(869, 3086, 180)","(1561.0, 3086.0, 180)"
122,30,2,XM1_x3_x1_x1,0.0,0.0,0.0,"(869, 3086, 180)","(1215.0, 3086.0, 180)"
123,30,3,XM4_x3_x1_x1,-4045.0,4045.0,0.0,"(869, 3086, 180)","(869.0, 3086.0, 180)"
124,31,0,XM2_x3_x1_x1,0.0,0.0,0.0,"(869, 3086, 180)","(1907.0, 3086.0, 180)"
125,31,1,XM3_x3_x1_x1,0.0,0.0,0.0,"(869, 3086, 180)","(1561.0, 3086.0, 180)"
126,31,2,XM4_x3_x1_x1,0.0,0.0,0.0,"(869, 3086, 180)","(1215.0, 3086.0, 180)"
127,31,3,XM1_x3_x1_x1,-4145.0,4145.0,0.0,"(869, 3086, 180)","(869.0, 3086.0, 180)"
128,32,0,XM4_x3_x1_x1,0.0,0.0,0.0,"(869, 3086, 180)","(1907.0, 3086.0, 180)"
129,32,1,XM2_x3_x1_x1,0.0,0.0,0.0,"(869, 3086, 180)","(1511.0, 3086.0, 180)"
130,32,2,XM1_x3_x1_x1,0.0,0.0,0.0,"(869, 3086, 180)","(1165.0, 3086.0, 180)"
131,32,3,XM3_x3_x1_x1,-2761.0,2761.0,0.0,"(869, 3086, 180)","(869.0, 3086.0, 180)"
132,33,0,XM4_x3_x1_x1,0.0,0.0,0.0,"(869, 3086, 180)","(1857.0, 3086.0, 180)"
133,33,1,XM1_x3_x1_x1,0.0,0.0,0.0,"(869, 3086, 180)","(1511.0, 3086.0, 180)"
134,33,2,XM3_x3_x1_x1,0.0,0.0,0.0,"(869, 3086, 180)","(1215.0, 3086.0, 180)"
135,33,3,XM2_x3_x1_x1,-3845.0,3845.0,0.0,"(869, 3086, 180)","(869.0, 3086.0, 180)"
136,34,0,XM3_x3_x1_x1,0.0,0.0,0.0,"(869, 3086, 180)","(1907.0, 3086.0, 180)"
137,34,1,XM1_x3_x1_x1,0.0,0.0,0.0,"(869, 3086, 180)","(1611.0, 3086.0, 180)"
138,34,2,XM4_x3_x1_x1,0.0,0.0,0.0,"(869, 3086, 180)","(1265.0, 3086.0, 180)"
139,34,3,XM2_x3_x1_x1,-2661.0,2661.0,0.0,"(869, 3086, 180)","(869.0, 3086.0, 180)"
140,35,0,XM2_x3_x1_x1,0.0,0.0,0.0,"(869, 3086, 180)","(1907.0, 3086.0, 180)"
141,35,1,XM4_x3_x1_x1,0.0,0.0,0.0,"(869, 3086, 180)","(1511.0, 3086.0, 180)"
142,35,2,XM3_x3_x1_x1,0.0,0.0,0.0,"(869, 3086, 180)","(1165.0, 3086.0, 180)"
143,35,3,XM1_x3_x1_x1,-2761.0,2761.0,0.0,"(869, 3086, 180)","(869.0, 3086.0, 180)"
144,36,0,XM4_x3_x1_x1,0.0,0.0,0.0,"(869, 3086, 180)","(1907.0, 3086.0, 180)"
145,36,1,XM3_x3_x1_x1,0.0,0.0,0.0,"(869, 3086, 180)","(1561.0, 3086.0, 180)"
146,36,2,XM2_x3_x1_x1,0.0,0.0,0.0,"(869, 3086, 180)","(1215.0, 3086.0, 180)"
147,36,3,XM1_x3_x1_x1,-4145.0,4145.0,0.0,"(869, 3086, 180)","(869.0, 3086.0, 180)"
148,37,0,XM3_x3_x1_x1,0.0,0.0,0.0,"(869, 3086, 180)","(1907.0, 3086.0, 180)"
149,37,1,XM1_x3_x1_x1,0.0,0.0,0.0,"(869, 3086, 180)","(1611.0, 3086.0, 180)"
150,37,2,XM4_x3_x1_x1,0.0,0.0,0.0,"(869, 3086, 180)","(1265.0, 3086.0, 180)"
151,37,3,XM2_x3_x1_x1,-2661.0,2661.0,0.0,"(869, 3086, 180)","(869.0, 3086.0, 180)"
152,38,0,XM1_x3_x1_x1,0.0,0.0,0.0,"(869, 3086, 180)","(1957.0, 3086.0, 180)"
153,38,1,XM4_x3_x1_x1,0.0,0.0,0.0,"(869, 3086, 180)","(1611.0, 3086.0, 180)"
154,38,2,XM2_x3_x1_x1,0.0,0.0,0.0,"(869, 3086, 180)","(1215.0, 3086.0, 180)"
155,38,3,XM3_x3_x1_x1,-4345.0,4345.0,0.0,"(869, 3086, 180)","(869.0, 3086.0, 180)"
156,39,0,XM3_x3_x1_x1,0.0,0.0,0.0,"(869, 3086, 180)","(1907.0, 3086.0, 180)"
157,39,1,XM2_x3_x1_x1,0.0,0.0,0.0,"(869, 3086, 180)","(1561.0, 3086.0, 180)"
158,39,2,XM1_x3_x1_x1,0.0,0.0,0.0,"(869, 3086, 180)","(1215.0, 3086.0, 180)"
159,39,3,XM4_x3_x1_x1,-4045.0,4045.0,0.0,"(869, 3086, 180)","(869.0, 3086.0, 180)"
160,40,0,XM4_x3_x1_x1,0.0,0.0,0.0,"(869, 3086, 180)","(1857.0, 3086.0, 180)"
161,40,1,XM1_x3_x1_x1,0.0,0.0,0.0,"(869, 3086, 180)","(1511.0, 3086.0, 180)"
162,40,2,XM3_x3_x1_x1,0.0,0.0,0.0,"(869, 3086, 180)","(1215.0, 3086.0, 180)"
163,40,3,XM2_x3_x1_x1,-3845.0,3845.0,0.0,"(869, 3086, 180)","(869.0, 3086.0, 180)"
164,41,0,XM3_x3_x1_x1,0.0,0.0,0.0,"(869, 3086, 180)","(1907.0, 3086.0, 180)"
165,41,1,XM4_x3_x1_x1,0.0,0.0,0.0,"(869, 3086, 180)","(1561.0, 3086.0, 180)"
166,41,2,XM1_x3_x1_x1,0.0,0.0,0.0,"(869, 3086, 180)","(1215.0, 3086.0, 180)"
167,41,3,XM2_x3_x1_x1,-4045.0,4045.0,0.0,"(869, 3086, 180)","(869.0, 3086.0, 180)"
168,42,0,XM3_x3_x1_x1,0.0,0.0,0.0,"(869, 3086, 180)","(1907.0, 3086.0, 180)"
169,42,1,XM1_x3_x1_x1,0.0,0.0,0.0,"(869, 3086, 180)","(1611.0, 3086.0, 180)"
170,42,2,XM4_x3_x1_x1,0.0,0.0,0.0,"(869, 3086, 180)","(1265.0, 3086.0, 180)"
171,42,3,XM2_x3_x1_x1,-2661.0,2661.0,0.0,"(869, 3086, 180)","(869.0, 3086.0, 180)"
172,43,0,XM4_x3_x1_x1,0.0,0.0,0.0,"(869, 3086, 180)","(1907.0, 3086.0, 180)"
173,43,1,XM2_x3_x1_x1,0.0,0.0,0.0,"(869, 3086, 180)","(1511.0, 3086.0, 180)"
174,43,2,XM1_x3_x1_x1,0.0,0.0,0.0,"(869, 3086, 180)","(1165.0, 3086.0, 180)"
175,43,3,XM3_x3_x1_x1,-2761.0,2761.0,0.0,"(869, 3086, 180)","(869.0, 3086.0, 180)"
176,44,0,XM3_x3_x1_x1,0.0,0.0,0.0,"(869, 3086, 180)","(1907.0, 3086.0, 180)"
177,44,1,XM1_x3_x1_x1,0.0,0.0,0.0,"(869, 3086, 180)","(1611.0, 3086.0, 180)"
178,44,2,XM2_x3_x1_x1,0.0,0.0,0.0,"(869, 3086, 180)","(1265.0, 3086.0, 180)"
179,44,3,XM4_x3_x1_x1,-2661.0,2661.0,0.0,"(869, 3086, 180)","(869.0, 3086.0, 180)"
180,45,0,XM4_x3_x1_x1,0.0,0.0,0.0,"(869, 3086, 180)","(1857.0, 3086.0, 180)"
181,45,1,XM3_x3_x1_x1,0.0,0.0,0.0,"(869, 3086, 180)","(1511.0, 3086.0, 180)"
182,45,2,XM1_x3_x1_x1,0.0,0.0,0.0,"(869, 3086, 180)","(1215.0, 3086.0, 180)"
183,45,3,XM2_x3_x1_x1,-3845.0,3845.0,0.0,"(869, 3086, 180)","(869.0, 3086.0, 180)"
184,46,0,XM2_x3_x1_x1,0.0,0.0,0.0,"(869, 3086, 180)","(1907.0, 3086.0, 180)"
185,46,1,XM4_x3_x1_x1,0.0,0.0,0.0,"(869, 3086, 180)","(1511.0, 3086.0, 180)"
186,46,2,XM1_x3_x1_x1,0.0,0.0,0.0,"(869, 3086, 180)","(1165.0, 3086.0, 180)"
187,46,3,XM3_x3_x1_x1,-2761.0,2761.0,0.0,"(869, 3086, 180)","(869.0, 3086.0, 180)"
188,47,0,XM2_x3_x1_x1,0.0,0.0,0.0,"(869, 3086, 180)","(1907.0, 3086.0, 180)"
189,47,1,XM1_x3_x1_x1,0.0,0.0,0.0,"(869, 3086, 180)","(1561.0, 3086.0, 180)"
190,47,2,XM4_x3_x1_x1,0.0,0.0,0.0,"(869, 3086, 180)","(1215.0, 3086.0, 180)"
191,47,3,XM3_x3_x1_x1,-4145.0,4145.0,0.0,"(869, 3086, 180)","(869.0, 3086.0, 180)"
192,48,0,XM3_x3_x1_x1,0.0,0.0,0.0,"(869, 3086, 180)","(1957.0, 3086.0, 180)"
193,48,1,XM4_x3_x1_x1,0.0,0.0,0.0,"(869, 3086, 180)","(1611.0, 3086.0, 180)"
194,48,2,XM2_x3_x1_x1,0.0,0.0,0.0,"(869, 3086, 180)","(1215.0, 3086.0, 180)"
195,48,3,XM1_x3_x1_x1,-4345.0,4345.0,0.0,"(869, 3086, 180)","(869.0, 3086.0, 180)"
196,49,0,XM3_x3_x1_x1,0.0,0.0,0.0,"(869, 3086, 180)","(1907.0, 3086.0, 180)"
197,49,1,XM4_x3_x1_x1,0.0,0.0,0.0,"(869, 3086, 180)","(1561.0, 3086.0, 180)"
198,49,2,XM1_x3_x1_x1,0.0,0.0,0.0,"(869, 3086, 180)","(1215.0, 3086.0, 180)"
199,49,3,XM2_x3_x1_x1,-4045.0,4045.0,0.0,"(869, 3086, 180)","(869.0, 3086.0, 180)"
200,50,0,XM4_x3_x1_x1,0.0,0.0,0.0,"(869, 3086, 180)","(1857.0, 3086.0, 180)"
201,50,1,XM1_x3_x1_x1,0.0,0.0,0.0,"(869, 3086, 180)","(1511.0, 3086.0, 180)"
202,50,2,XM3_x3_x1_x1,0.0,0.0,0.0,"(869, 3086, 180)","(1215.0, 3086.0, 180)"
203,50,3,XM2_x3_x1_x1,-3845.0,3845.0,0.0,"(869, 3086, 180)","(869.0, 3086.0, 180)"
204,51,0,XM2_x3_x1_x1,0.0,0.0,0.0,"(869, 3086, 180)","(1857.0, 3086.0, 180)"
205,51,1,XM3_x3_x1_x1,0.0,0.0,0.0,"(869, 3086, 180)","(1511.0, 3086.0, 180)"
206,51,2,XM1_x3_x1_x1,0.0,0.0,0.0,"(869, 3086, 180)","(1215.0, 3086.0, 180)"
207,51,3,XM4_x3_x1_x1,-3845.0,3845.0,0.0,"(869, 3086, 180)","(869.0, 3086.0, 180)"
208,52,0,XM1_x3_x1_x1,0.0,0.0,0.0,"(869, 3086, 180)","(1907.0, 3086.0, 180)"
209,52,1,XM3_x3_x1_x1,0.0,0.0,0.0,"(869, 3086, 180)","(1611.0, 3086.0, 180)"
210,52,2,XM2_x3_x1_x1,0.0,0.0,0.0,"(869, 3086, 180)","(1265.0, 3086.0, 180)"
211,52,3,XM4_x3_x1_x1,-2661.0,2661.0,0.0,"(869, 3086, 180)","(869.0, 3086.0, 180)"
212,53,0,XM2_x3_x1_x1,0.0,0.0,0.0,"(869, 3086, 180)","(1857.0, 3086.0, 180)"
213,53,1,XM3_x3_x1_x1,0.0,0.0,0.0,"(869, 3086, 180)","(1511.0, 3086.0, 180)"
214,53,2,XM1_x3_x1_x1,0.0,0.0,0.0,"(869, 3086, 180)","(1215.0, 3086.0, 180)"
215,53,3,XM4_x3_x1_x1,-3845.0,3845.0,0.0,"(869, 3086, 180)","(869.0, 3086.0, 180)"
216,54,0,XM4_x3_x1_x1,0.0,0.0,0.0,"(869, 3086, 180)","(1907.0, 3086.0, 180)"
217,54,1,XM2_x3_x1_x1,0.0,0.0,0.0,"(869, 3086, 180)","(1511.0, 3086.0, 180)"
218,54,2,XM3_x3_x1_x1,0.0,0.0,0.0,"(869, 3086, 180)","(1165.0, 3086.0, 180)"
219,54,3,XM1_x3_x1_x1,-2761.0,2761.0,0.0,"(869, 3086, 180)","(869.0, 3086.0, 180)"
220,55,0,XM1_x3_x1_x1,0.0,0.0,0.0,"(869, 3086, 180)","(1907.0, 3086.0, 180)"
221,55,1,XM3_x3_x1_x1,0.0,0.0,0.0,"(869, 3086, 180)","(1611.0, 3086.0, 180)"
222,55,2,XM2_x3_x1_x1,0.0,0.0,0.0,"(869, 3086, 180)","(1265.0, 3086.0, 180)"
223,55,3,XM4_x3_x1_x1,-2661.0,2661.0,0.0,"(869, 3086, 180)","(869.0, 3086.0, 180)"
224,56,0,XM4_x3_x1_x1,0.0,0.0,0.0,"(869, 3086, 180)","(1857.0, 3086.0, 180)"
225,56,1,XM1_x3_x1_x1,0.0,0.0,0.0,"(869, 3086, 180)","(1511.0, 3086.0, 180)"
226,56,2,XM3_x3_x1_x1,0.0,0.0,0.0,"(869, 3086, 180)","(1215.0, 3086.0, 180)"
227,56,3,XM2_x3_x1_x1,-3845.0,3845.0,0.0,"(869, 3086, 180)","(869.0, 3086.0, 180)"
228,57,0,XM2_x3_x1_x1,0.0,0.0,0.0,"(869, 3086, 180)","(1907.0, 3086.0, 180)"
229,57,1,XM4_x3_x1_x1,0.0,0.0,0.0,"(869, 3086, 180)","(1511.0, 3086.0, 180)"
230,57,2,XM3_x3_x1_x1,0.0,0.0,0.0,"(869, 3086, 180)","(1165.0, 3086.0, 180)"
231,57,3,XM1_x3_x1_x1,-2761.0,2761.0,0.0,"(869, 3086, 180)","(869.0, 3086.0, 180)"
232,58,0,XM3_x3_x1_x1,0.0,0.0,0.0,"(869, 3086, 180)","(1907.0, 3086.0, 180)"
233,58,1,XM1_x3_x1_x1,0.0,0.0,0.0,"(869, 3086, 180)","(1611.0, 3086.0, 180)"
234,58,2,XM2_x3_x1_x1,0.0,0.0,0.0,"(869, 3086, 180)","(1265.0, 3086.0, 180)"
235,58,3,XM4_x3_x1_x1,-2661.0,2661.0,0.0,"(869, 3086, 180)","(869.0, 3086.0, 180)"
236,59,0,XM2_x3_x1_x1,0.0,0.0,0.0,"(869, 3086, 180)","(1907.0, 3086.0, 180)"
237,59,1,XM3_x3_x1_x1,0.0,0.0,0.0,"(869, 3086, 180)","(1561.0, 3086.0, 180)"
238,59,2,XM4_x3_x1_x1,0.0,0.0,0.0,"(869, 3086, 180)","(1215.0, 3086.0, 180)"
239,59,3,XM1_x3_x1_x1,-4145.0,4145.0,0.0,"(869, 3086, 180)","(869.0, 3086.0, 180)"
240,60,0,XM3_x3_x1_x1,0.0,0.0,0.0,"(869, 3086, 180)","(1907.0, 3086.0, 180)"
241,60,1,XM1_x3_x1_x1,0.0,0.0,0.0,"(869, 3086, 180)","(1611.0, 3086.0, 180)"
242,60,2,XM4_x3_x1_x1,0.0,0.0,0.0,"(869, 3086, 180)","(1265.0, 3086.0, 180)"
243,60,3,XM2_x3_x1_x1,-2661.0,2661.0,0.0,"(869, 3086, 180)","(869.0, 3086.0, 180)"
244,61,0,XM1_x3_x1_x1,0.0,0.0,0.0,"(869, 3086, 180)","(1907.0, 3086.0, 180)"
245,61,1,XM3_x3_x1_x1,0.0,0.0,0.0,"(869, 3086, 180)","(1611.0, 3086.0, 180)"
246,61,2,XM2_x3_x1_x1,0.0,0.0,0.0,"(869, 3086, 180)","(1265.0, 3086.0, 180)"
247,61,3,XM4_x3_x1_x1,-2661.0,2661.0,0.0,"(869, 3086, 180)","(869.0, 3086.0, 180)"
248,62,0,XM1_x3_x1_x1,0.0,0.0,0.0,"(869, 3086, 180)","(1907.0, 3086.0, 180)"
249,62,1,XM3_x3_x1_x1,0.0,0.0,0.0,"(869, 3086, 180)","(1611.0, 3086.0, 180)"
250,62,2,XM4_x3_x1_x1,0.0,0.0,0.0,"(869, 3086, 180)","(1265.0, 3086.0, 180)"
251,62,3,XM2_x3_x1_x1,-2661.0,2661.0,0.0,"(869, 3086, 180)","(869.0, 3086.0, 180)"
252,63,0,XM4_x3_x1_x1,0.0,0.0,0.0,"(869, 3086, 180)","(1907.0, 3086.0, 180)"
253,63,1,XM2_x3_x1_x1,0.0,0.0,0.0,"(869, 3086, 180)","(1511.0, 3086.0, 180)"
254,63,2,XM3_x3_x1_x1,0.0,0.0,0.0,"(869, 3086, 180)","(1165.0, 3086.0, 180)"
255,63,3,XM1_x3_x1_x1,-2761.0,2761.0,0.0,"(869, 3086, 180)","(869.0, 3086.0, 180)"
256,64,0,XM1_x3_x1_x1,0.0,0.0,0.0,"(869, 3086, 180)","(1907.0, 3086.0, 180)"
257,64,1,XM4_x3_x1_x1,0.0,0.0,0.0,"(869, 3086, 180)","(1561.0, 3086.0, 180)"
258,64,2,XM3_x3_x1_x1,0.0,0.0,0.0,"(869, 3086, 180)","(1215.0, 3086.0, 180)"
259,64,3,XM2_x3_x1_x1,-4045.0,4045.0,0.0,"(869, 3086, 180)","(869.0, 3086.0, 180)"
260,65,0,XM3_x3_x1_x1,0.0,0.0,0.0,"(869, 3086, 180)","(1907.0, 3086.0, 180)"
261,65,1,XM2_x3_x1_x1,0.0,0.0,0.0,"(869, 3086, 180)","(1561.0, 3086.0, 180)"
262,65,2,XM1_x3_x1_x1,0.0,0.0,0.0,"(869, 3086, 180)","(1215.0, 3086.0, 180)"
263,65,3,XM4_x3_x1_x1,-4045.0,4045.0,0.0,"(869, 3086, 180)","(869.0, 3086.0, 180)"
264,66,0,XM4_x3_x1_x1,0.0,0.0,0.0,"(869, 3086, 180)","(1907.0, 3086.0, 180)"
265,66,1,XM3_x3_x1_x1,0.0,0.0,0.0,"(869, 3086, 180)","(1561.0, 3086.0, 180)"
266,66,2,XM2_x3_x1_x1,0.0,0.0,0.0,"(869, 3086, 180)","(1215.0, 3086.0, 180)"
267,66,3,XM1_x3_x1_x1,-4145.0,4145.0,0.0,"(869, 3086, 180)","(869.0, 3086.0, 180)"
268,67,0,XM2_x3_x1_x1,0.0,0.0,0.0,"(869, 3086, 180)","(1857.0, 3086.0, 180)"
269,67,1,XM1_x3_x1_x1,0.0,0.0,0.0,"(869, 3086, 180)","(1511.0, 3086.0, 180)"
270,67,2,XM3_x3_x1_x1,0.0,0.0,0.0,"(869, 3086, 180)","(1215.0, 3086.0, 180)"
271,67,3,XM4_x3_x1_x1,-3845.0,3845.0,0.0,"(869, 3086, 180)","(869.0, 3086.0, 180)"
272,68,0,XM1_x3_x1_x1,0.0,0.0,0.0,"(869, 3086, 180)","(1957.0, 3086.0, 180)"
273,68,1,XM2_x3_x1_x1,0.0,0.0,0.0,"(869, 3086, 180)","(1611.0, 3086.0, 180)"
274,68,2,XM4_x3_x1_x1,0.0,0.0,0.0,"(869, 3086, 180)","(1215.0, 3086.0, 180)"
275,68,3,XM3_x3_x1_x1,-4345.0,4345.0,0.0,"(869, 3086, 180)","(869.0, 3086.0, 180)"
276,69,0,XM4_x3_x1_x1,0.0,0.0,0.0,"(869, 3086, 180)","(1907.0, 3086.0, 180)"
277,69,1,XM1_x3_x1_x1,0.0,0.0,0.0,"(869, 3086, 180)","(1561.0, 3086.0, 180)"
278,69,2,XM2_x3_x1_x1,0.0,0.0,0.0,"(869, 3086, 180)","(1215.0, 3086.0, 180)"
279,69,3,XM3_x3_x1_x1,-4145.0,4145.0,0.0,"(869, 3086, 180)","(869.0, 3086.0, 180)"
280,70,0,XM2_x3_x1_x1,0.0,0.0,0.0,"(869, 3086, 180)","(1907.0, 3086.0, 180)"
281,70,1,XM1_x3_x1_x1,0.0,0.0,0.0,"(869, 3086, 180)","(1561.0, 3086.0, 180)"
282,70,2,XM4_x3_x1_x1,0.0,0.0,0.0,"(869, 3086, 180)","(1215.0, 3086.0, 180)"
283,70,3,XM3_x3_x1_x1,-4145.0,4145.0,0.0,"(869, 3086, 180)","(869.0, 3086.0, 180)"
284,71,0,XM2_x3_x1_x1,0.0,0.0,0.0,"(869, 3086, 180)","(1907.0, 3086.0, 180)"
285,71,1,XM4_x3_x1_x1,0.0,0.0,0.0,"(869, 3086, 180)","(1511.0, 3086.0, 180)"
286,71,2,XM1_x3_x1_x1,0.0,0.0,0.0,"(869, 3086, 180)","(1165.0, 3086.0, 180)"
287,71,3,XM3_x3_x1_x1,-2761.0,2761.0,0.0,"(869, 3086, 180)","(869.0, 3086.0, 180)"
288,72,0,XM2_x3_x1_x1,0.0,0.0,0.0,"(869, 3086, 180)","(1907.0, 3086.0, 180)"
289,72,1,XM3_x3_x1_x1,0.0,0.0,0.0,"(869, 3086, 180)","(1561.0, 3086.0, 180)"
290,72,2,XM4_x3_x1_x1,0.0,0.0,0.0,"(869, 3086, 180)","(1215.0, 3086.0, 180)"
291,72,3,XM1_x3_x1_x1,-4145.0,4145.0,0.0,"(869, 3086, 180)","(869.0, 3086.0, 180)"
292,73,0,XM3_x3_x1_x1,0.0,0.0,0.0,"(869, 3086, 180)","(1907.0, 3086.0, 180)"
293,73,1,XM2_x3_x1_x1,0.0,0.0,0.0,"(869, 3086, 180)","(1561.0, 3086.0, 180)"
294,73,2,XM1_x3_x1_x1,0.0,0.0,0.0,"(869, 3086, 180)","(1215.0, 3086.0, 180)"
295,73,3,XM4_x3_x1_x1,-4045.0,4045.0,0.0,"(869, 3086, 180)","(869.0, 3086.0, 180)"
296,74,0,XM4_x3_x1_x1,0.0,0.0,0.0,"(869, 3086, 180)","(1907.0, 3086.0, 180)"
297,74,1,XM3_x3_x1_x1,0.0,0.0,0.0,"(869, 3086, 180)","(1561.0, 3086.0, 180)"
298,74,2,XM2_x3_x1_x1,0.0,0.0,0.0,"(869, 3086, 180)","(1215.0, 3086.0, 180)"
299,74,3,XM1_x3_x1_x1,-4145.0,4145.0,0.0,"(869, 3086, 180)","(869.0, 3086.0, 180)"
300,75,0,XM4_x3_x1_x1,0.0,0.0,0.0,"(869, 3086, 180)","(1857.0, 3086.0, 180)"
301,75,1,XM3_x3_x1_x1,0.0,0.0,0.0,"(869, 3086, 180)","(1511.0, 3086.0, 180)"
302,75,2,XM1_x3_x1_x1,0.0,0.0,0.0,"(869, 3086, 180)","(1215.0, 3086.0, 180)"
303,75,3,XM2_x3_x1_x1,-3845.0,3845.0,0.0,"(869, 3086, 180)","(869.0, 3086.0, 180)"
304,76,0,XM4_x3_x1_x1,0.0,0.0,0.0,"(869, 3086, 180)","(1907.0, 3086.0, 180)"
305,76,1,XM1_x3_x1_x1,0.0,0.0,0.0,"(869, 3086, 180)","(1561.0, 3086.0, 180)"
306,76,2,XM2_x3_x1_x1,0.0,0.0,0.0,"(869, 3086, 180)","(1215.0, 3086.0, 180)"
307,76,3,XM3_x3_x1_x1,-4145.0,4145.0,0.0,"(869, 3086, 180)","(869.0, 3086.0, 180)"
308,77,0,XM4_x3_x1_x1,0.0,0.0,0.0,"(869, 3086, 180)","(1907.0, 3086.0, 180)"
309,77,1,XM2_x3_x1_x1,0.0,0.0,0.0,"(869, 3086, 180)","(1511.0, 3086.0, 180)"
310,77,2,XM1_x3_x1_x1,0.0,0.0,0.0,"(869, 3086, 180)","(1165.0, 3086.0, 180)"
311,77,3,XM3_x3_x1_x1,-2761.0,2761.0,0.0,"(869, 3086, 180)","(869.0, 3086.0, 180)"
312,78,0,XM4_x3_x1_x1,0.0,0.0,0.0,"(869, 3086, 180)","(1907.0, 3086.0, 180)"
313,78,1,XM2_x3_x1_x1,0.0,0.0,0.0,"(869, 3086, 180)","(1511.0, 3086.0, 180)"
314,78,2,XM1_x3_x1_x1,0.0,0.0,0.0,"(869, 3086, 180)","(1165.0, 3086.0, 180)"
315,78,3,XM3_x3_x1_x1,-2761.0,2761.0,0.0,"(869, 3086, 180)","(869.0, 3086.0, 180)"
316,79,0,XM1_x3_x1_x1,0.0,0.0,0.0,"(869, 3086, 180)","(1907.0, 3086.0, 180)"
317,79,1,XM3_x3_x1_x1,0.0,0.0,0.0,"(869, 3086, 180)","(1611.0, 3086.0, 180)"
318,79,2,XM4_x3_x1_x1,0.0,0.0,0.0,"(869, 3086, 180)","(1265.0, 3086.0, 180)"
319,79,3,XM2_x3_x1_x1,-2661.0,2661.0,0.0,"(869, 3086, 180)","(869.0, 3086.0, 180)"
320,80,0,XM4_x3_x1_x1,0.0,0.0,0.0,"(869, 3086, 180)","(1907.0, 3086.0, 180)"
321,80,1,XM2_x3_x1_x1,0.0,0.0,0.0,"(869, 3086, 180)","(1511.0, 3086.0, 180)"
322,80,2,XM3_x3_x1_x1,0.0,0.0,0.0,"(869, 3086, 180)","(1165.0, 3086.0, 180)"
323,80,3,XM1_x3_x1_x1,-2761.0,2761.0,0.0,"(869, 3086, 180)","(869.0, 3086.0, 180)"
324,81,0,XM3_x3_x1_x1,0.0,0.0,0.0,"(869, 3086, 180)","(1957.0, 3086.0, 180)"
325,81,1,XM2_x3_x1_x1,0.0,0.0,0.0,"(869, 3086, 180)","(1611.0, 3086.0, 180)"
326,81,2,XM4_x3_x1_x1,0.0,0.0,0.0,"(869, 3086, 180)","(1215.0, 3086.0, 180)"
327,81,3,XM1_x3_x1_x1,-4345.0,4345.0,0.0,"(869, 3086, 180)","(869.0, 3086.0, 180)"
328,82,0,XM4_x3_x1_x1,0.0,0.0,0.0,"(869, 3086, 180)","(1907.0, 3086.0, 180)"
329,82,1,XM3_x3_x1_x1,0.0,0.0,0.0,"(869, 3086, 180)","(1561.0, 3086.0, 180)"
330,82,2,XM2_x3_x1_x1,0.0,0.0,0.0,"(869, 3086, 180)","(1215.0, 3086.0, 180)"
331,82,3,XM1_x3_x1_x1,-4145.0,4145.0,0.0,"(869, 3086, 180)","(869.0, 3086.0, 180)"
332,83,0,XM1_x3_x1_x1,0.0,0.0,0.0,"(869, 3086, 180)","(1907.0, 3086.0, 180)"
333,83,1,XM4_x3_x1_x1,0.0,0.0,0.0,"(869, 3086, 180)","(1561.0, 3086.0, 180)"
334,83,2,XM3_x3_x1_x1,0.0,0.0,0.0,"(869, 3086, 180)","(1215.0, 3086.0, 180)"
335,83,3,XM2_x3_x1_x1,-4045.0,4045.0,0.0,"(869, 3086, 180)","(869.0, 3086.0, 180)"
336,84,0,XM2_x3_x1_x1,0.0,0.0,0.0,"(869, 3086, 180)","(1907.0, 3086.0, 180)"
337,84,1,XM4_x3_x1_x1,0.0,0.0,0.0,"(869, 3086, 180)","(1511.0, 3086.0, 180)"
338,84,2,XM1_x3_x1_x1,0.0,0.0,0.0,"(869, 3086, 180)","(1165.0, 3086.0, 180)"
339,84,3,XM3_x3_x1_x1,-2761.0,2761.0,0.0,"(869, 3086, 180)","(869.0, 3086.0, 180)"
340,85,0,XM2_x3_x1_x1,0.0,0.0,0.0,"(869, 3086, 180)","(1907.0, 3086.0, 180)"
341,85,1,XM3_x3_x1_x1,0.0,0.0,0.0,"(869, 3086, 180)","(1561.0, 3086.0, 180)"
342,85,2,XM4_x3_x1_x1,0.0,0.0,0.0,"(869, 3086, 180)","(1215.0, 3086.0, 180)"
343,85,3,XM1_x3_x1_x1,-4145.0,4145.0,0.0,"(869, 3086, 180)","(869.0, 3086.0, 180)"
344,86,0,XM2_x3_x1_x1,0.0,0.0,0.0,"(869, 3086, 180)","(1907.0, 3086.0, 180)"
345,86,1,XM4_x3_x1_x1,0.0,0.0,0.0,"(869, 3086, 180)","(1511.0, 3086.0, 180)"
346,86,2,XM1_x3_x1_x1,0.0,0.0,0.0,"(869, 3086, 180)","(1165.0, 3086.0, 180)"
347,86,3,XM3_x3_x1_x1,-2761.0,2761.0,0.0,"(869, 3086, 180)","(869.0, 3086.0, 180)"
348,87,0,XM4_x3_x1_x1,0.0,0.0,0.0,"(869, 3086, 180)","(1907.0, 3086.0, 180)"
349,87,1,XM1_x3_x1_x1,0.0,0.0,0.0,"(869, 3086, 180)","(1561.0, 3086.0, 180)"
350,87,2,XM2_x3_x1_x1,0.0,0.0,0.0,"(869, 3086, 180)","(1215.0, 3086.0, 180)"
351,87,3,XM3_x3_x1_x1,-4145.0,4145.0,0.0,"(869, 3086, 180)","(869.0, 3086.0, 180)"
352,88,0,XM1_x3_x1_x1,0.0,0.0,0.0,"(869, 3086, 180)","(1907.0, 3086.0, 180)"
353,88,1,XM4_x3_x1_x1,0.0,0.0,0.0,"(869, 3086, 180)","(1561.0, 3086.0, 180)"
354,88,2,XM3_x3_x1_x1,0.0,0.0,0.0,"(869, 3086, 180)","(1215.0, 3086.0, 180)"
355,88,3,XM2_x3_x1_x1,-4045.0,4045.0,0.0,"(869, 3086, 180)","(869.0, 3086.0, 180)"
356,89,0,XM4_x3_x1_x1,0.0,0.0,0.0,"(869, 3086, 180)","(1857.0, 3086.0, 180)"
357,89,1,XM3_x3_x1_x1,0.0,0.0,0.0,"(869, 3086, 180)","(1511.0, 3086.0, 180)"
358,89,2,XM1_x3_x1_x1,0.0,0.0,0.0,"(869, 3086, 180)","(1215.0, 3086.0, 180)"
359,89,3,XM2_x3_x1_x1,-3845.0,3845.0,0.0,"(869, 3086, 180)","(869.0, 3086.0, 180)"
360,90,0,XM4_x3_x1_x1,0.0,0.0,0.0,"(869, 3086, 180)","(1857.0, 3086.0, 180)"
361,90,1,XM1_x3_x1_x1,0.0,0.0,0.0,"(869, 3086, 180)","(1511.0, 3086.0, 180)"
362,90,2,XM3_x3_x1_x1,0.0,0.0,0.0,"(869, 3086, 180)","(1215.0, 3086.0, 180)"
363,90,3,XM2_x3_x1_x1,-3845.0,3845.0,0.0,"(869, 3086, 180)","(869.0, 3086.0, 180)"
364,91,0,XM3_x3_x1_x1,0.0,0.0,0.0,"(869, 3086, 180)","(1907.0, 3086.0, 180)"
365,91,1,XM1_x3_x1_x1,0.0,0.0,0.0,"(869, 3086, 180)","(1611.0, 3086.0, 180)"
366,91,2,XM4_x3_x1_x1,0.0,0.0,0.0,"(869, 3086, 180)","(1265.0, 3086.0, 180)"
367,91,3,XM2_x3_x1_x1,-2661.0,2661.0,0.0,"(869, 3086, 180)","(869.0, 3086.0, 180)"
368,92,0,XM3_x3_x1_x1,0.0,0.0,0.0,"(869, 3086, 180)","(1907.0, 3086.0, 180)"
369,92,1,XM4_x3_x1_x1,0.0,0.0,0.0,"(869, 3086, 180)","(1561.0, 3086.0, 180)"
370,92,2,XM1_x3_x1_x1,0.0,0.0,0.0,"(869, 3086, 180)","(1215.0, 3086.0, 180)"
371,92,3,XM2_x3_x1_x1,-4045.0,4045.0,0.0,"(869, 3086, 180)","(869.0, 3086.0, 180)"
372,93,0,XM4_x3_x1_x1,0.0,0.0,0.0,"(869, 3086, 180)","(1857.0, 3086.0, 180)"
373,93,1,XM3_x3_x1_x1,0.0,0.0,0.0,"(869, 3086, 180)","(1511.0, 3086.0, 180)"
374,93,2,XM1_x3_x1_x1,0.0,0.0,0.0,"(869, 3086, 180)","(1215.0, 3086.0, 180)"
375,93,3,XM2_x3_x1_x1,-3845.0,3845.0,0.0,"(869, 3086, 180)","(869.0, 3086.0, 180)"
376,94,0,XM3_x3_x1_x1,0.0,0.0,0.0,"(869, 3086, 180)","(1907.0, 3086.0, 180)"
377,94,1,XM1_x3_x1_x1,0.0,0.0,0.0,"(869, 3086, 180)","(1611.0, 3086.0, 180)"
378,94,2,XM4_x3_x1_x1,0.0,0.0,0.0,"(869, 3086, 180)","(1265.0, 3086.0, 180)"
379,94,3,XM2_x3_x1_x1,-2661.0,2661.0,0.0,"(869, 3086, 180)","(869.0, 3086.0, 180)"
380,95,0,XM1_x3_x1_x1,0.0,0.0,0.0,"(869, 3086, 180)","(1957.0, 3086.0, 180)"
381,95,1,XM4_x3_x1_x1,0.0,0.0,0.0,"(869, 3086, 180)","(1611.0, 3086.0, 180)"
382,95,2,XM2_x3_x1_x1,0.0,0.0,0.0,"(869, 3086, 180)","(1215.0, 3086.0, 180)"
383,95,3,XM3_x3_x1_x1,-4345.0,4345.0,0.0,"(869, 3086, 180)","(869.0, 3086.0, 180)"
384,96,0,XM4_x3_x1_x1,0.0,0.0,0.0,"(869, 3086, 180)","(1907.0, 3086.0, 180)"
385,96,1,XM2_x3_x1_x1,0.0,0.0,0.0,"(869, 3086, 180)","(1511.0, 3086.0, 180)"
386,96,2,XM1_x3_x1_x1,0.0,0.0,0.0,"(869, 3086, 180)","(1165.0, 3086.0, 180)"
387,96,3,XM3_x3_x1_x1,-2761.0,2761.0,0.0,"(869, 3086, 180)","(869.0, 3086.0, 180)"
388,97,0,XM3_x3_x1_x1,0.0,0.0,0.0,"(869, 3086, 180)","(1907.0, 3086.0, 180)"
389,97,1,XM1_x3_x1_x1,0.0,0.0,0.0,"(869, 3086, 180)","(1611.0, 3086.0, 180)"
390,97,2,XM2_x3_x1_x1,0.0,0.0,0.0,"(869, 3086, 180)","(1265.0, 3086.0, 180)"
391,97,3,XM4_x3_x1_x1,-2661.0,2661.0,0.0,"(869, 3086, 180)","(869.0, 3086.0, 180)"
392,98,0,XM3_x3_x1_x1,0.0,0.0,0.0,"(869, 3086, 180)","(1907.0, 3086.0, 180)"
393,98,1,XM4_x3_x1_x1,0.0,0.0,0.0,"(869, 3086, 180)","(1561.0, 3086.0, 180)"
394,98,2,XM1_x3_x1_x1,0.0,0.0,0.0,"(869, 3086, 180)","(1215.0, 3086.0, 180)"
395,98,3,XM2_x3_x1_x1,-4045.0,4045.0,0.0,"(869, 3086, 180)","(869.0, 3086.0, 180)"
396,99,0,XM3_x3_x1_x1,0.0,0.0,0.0,"(869, 3086, 180)","(1907.0, 3086.0, 180)"
397,99,1,XM4_x3_x1_x1,0.0,0.0,0.0,"(869, 3086, 180)","(1561.0, 3086.0, 180)"
398,99,2,XM1_x3_x1_x1,0.0,0.0,0.0,"(869, 3086, 180)","(1215.0, 3086.0, 180)"
399,99,3,XM2_x3_x1_x1,-4045.0,4045.0,0.0,"(869, 3086, 180)","(869.0, 3086.0, 180)"
400,100,0,XM3_x3_x1_x1,0.0,0.0,0.0,"(1585, 4217, 90)","(1585.0, 4217.0, 90)"
401,100,1,XM4_x3_x1_x1,0.0,0.0,0.0,"(3442, 1215, 180)","(3442.0, 1215.0, 180)"
402,100,2,XM2_x3_x1_x1,0.0,0.0,0.0,"(2431, 2440, 90)","(2431.0, 2440.0, 90)"
403,100,3,XM1_x3_x1_x1,-14708.154618511771,14230.0,228631.83920413716,"(1506, 2695, 270)","(1506.0, 2786.0, 270)"
404,101,0,XM1_x3_x1_x1,0.0,0.0,0.0,"(233, 3954, 180)","(233.0, 3954.0, 180)"
405,101,1,XM2_x3_x1_x1,0.0,0.0,0.0,"(1614, 2958, 270)","(1614.0, 2958.0, 270)"
406,101,2,XM4_x3_x1_x1,0.0,0.0,0.0,"(2698, 2185, 180)","(2698.0, 2185.0, 180)"
407,101,3,XM3_x3_x1_x1,-15037.76899908858,14508.0,280655.1923953146,"(1682, 2423, 180)","(1682.0, 2268.0, 180)"
408,102,0,XM2_x3_x1_x1,0.0,0.0,0.0,"(4109, 3735, 180)","(4109.0, 3735.0, 180)"
409,102,1,XM4_x3_x1_x1,0.0,0.0,0.0,"(1514, 3655, 0)","(1514.0, 3655.0, 0)"
410,102,2,XM1_x3_x1_x1,0.0,0.0,0.0,"(1030, 3005, 270)","(1030.0, 2917.5, 270)"
411,102,3,XM3_x3_x1_x1,-18234.45892352517,17731.0,253470.88767712264,"(380, 1501, 270)","(380.0, 1501.0, 270)"
412,103,0,XM1_x3_x1_x1,0.0,0.0,0.0,"(143, 626, 0)","(143.0, 626.0, 0)"
413,103,1,XM2_x3_x1_x1,0.0,0.0,0.0,"(571, 1680, 180)","(571.0, 1680.0, 180)"
414,103,2,XM3_x3_x1_x1,0.0,0.0,0.0,"(4129, 1699, 0)","(4129.0, 1699.0, 0)"
415,103,3,XM4_x3_x1_x1,-21465.57119295827,20778.0,472754.1453860577,"(1875, 420, 180)","(1875.0, 420.0, 180)"
416,104,0,XM1_x3_x1_x1,0.0,0.0,0.0,"(2821, 4146, 270)","(2821.0, 4146.0, 270)"
417,104,1,XM3_x3_x1_x1,0.0,0.0,0.0,"(1183, 816, 270)","(1183.0, 816.0, 270)"
418,104,2,XM4_x3_x1_x1,0.0,0.0,0.0,"(486, 1764, 270)","(486.0, 1764.0, 270)"
419,104,3,XM2_x3_x1_x1,-21912.881439021905,21263.5,421696.253346161,"(1183, 698, 180)","(1183.0, 78.5, 180)"
420,105,0,XM4_x3_x1_x1,0.0,0.0,0.0,"(1834, 2486, 0)","(1834.0, 2486.0, 0)"
421,105,1,XM3_x3_x1_x1,0.0,0.0,0.0,"(346, 382, 180)","(346.0, 382.0, 180)"
422,105,2,XM2_x3_x1_x1,0.0,0.0,0.0,"(2807, 1332, 180)","(2807.0, 1332.0, 180)"
423,105,3,XM1_x3_x1_x1,-18960.69137792508,18301.5,434533.2727307635,"(1800, 2839, 270)","(1800.0, 3223.5, 270)"
424,106,0,XM1_x3_x1_x1,0.0,0.0,0.0,"(4316, 849, 90)","(4316.0, 849.0, 90)"
425,106,1,XM3_x3_x1_x1,0.0,0.0,0.0,"(1372, 904, 0)","(1293.0, 904.0, 0)"
426,106,2,XM4_x3_x1_x1,0.0,0.0,0.0,"(1771, 2604, 270)","(1771.0, 2604.0, 270)"
427,106,3,XM2_x3_x1_x1,-15511.405356968096,15121.0,152416.3427493867,"(1639, 1464, 0)","(1639.0, 1464.0, 0)"
428,107,0,XM4_x3_x1_x1,0.0,0.0,0.0,"(2471, 532, 90)","(2471.0, 532.0, 90)"
429,107,1,XM3_x3_x1_x1,0.0,0.0,0.0,"(3252, 816, 180)","(3504.5, 816.0, 180)"
430,107,2,XM2_x3_x1_x1,0.0,0.0,0.0,"(2815, 1029, 180)","(2815.0, 1319.5, 180)"
431,107,3,XM1_x3_x1_x1,-7642.6872779299665,7361.0,79347.72254759412,"(2881, 271, 0)","(3208.5, 271.0, 0)"
432,108,0,XM1_x3_x1_x1,0.0,0.0,0.0,"(2731, 3352, 180)","(2731.0, 3352.0, 180)"
433,108,1,XM2_x3_x1_x1,0.0,0.0,0.0,"(2023, 4104, 90)","(2023.0, 4104.0, 90)"
434,108,2,XM3_x3_x1_x1,0.0,0.0,0.0,"(802, 2679, 270)","(802.0, 2679.0, 270)"
435,108,3,XM4_x3_x1_x1,-20268.462911571376,19559.0,503337.62289533566,"(3408, 1212, 180)","(3408.0, 1212.0, 180)"
436,109,0,XM1_x3_x1_x1,0.0,0.0,0.0,"(1765, 2778, 180)","(1765.0, 2778.0, 180)"
437,109,1,XM2_x3_x1_x1,0.0,0.0,0.0,"(3461, 821, 180)","(3461.0, 821.0, 180)"
438,109,2,XM3_x3_x1_x1,0.0,0.0,0.0,"(165, 1267, 180)","(165.0, 1267.0, 180)"
439,109,3,XM4_x3_x1_x1,-23291.926183523196,22438.0,729189.926906492,"(549, 3139, 0)","(549.0, 3139.0, 0)"
440,110,0,XM2_x3_x1_x1,0.0,0.0,0.0,"(240, 2560, 90)","(240.0, 2560.0, 90)"
441,110,1,XM1_x3_x1_x1,0.0,0.0,0.0,"(1885, 1139, 180)","(1922.0, 1139.0, 180)"
442,110,2,XM4_x3_x1_x1,0.0,0.0,0.0,"(1576, 1876, 180)","(1576.0, 1876.0, 180)"
443,110,3,XM3_x3_x1_x1,-16069.424862753902,15574.0,245445.79463472174,"(3817, 2338, 180)","(3817.0, 2338.0, 180)"
444,111,0,XM4_x3_x1_x1,0.0,0.0,0.0,"(2416, 4074, 180)","(2416.0, 4074.0, 180)"
445,111,1,XM3_x3_x1_x1,0.0,0.0,0.0,"(3099, 3601, 180)","(3099.0, 3601.0, 180)"
446,111,2,XM2_x3_x1_x1,0.0,0.0,0.0,"(400, 2453, 270)","(400.0, 2453.0, 270)"
447,111,3,XM1_x3_x1_x1,-15868.065654691458,15319.0,301473.0931617599,"(3677, 3737, 0)","(3677.0, 3737.0, 0)"
448,112,0,XM1_x3_x1_x1,0.0,0.0,0.0,"(1574, 1301, 180)","(1574.0, 1301.0, 180)"
449,112,1,XM4_x3_x1_x1,0.0,0.0,0.0,"(335, 4057, 270)","(335.0, 4057.0, 270)"
450,112,2,XM3_x3_x1_x1,0.0,0.0,0.0,"(3270, 2516, 0)","(3270.0, 2516.0, 0)"
451,112,3,XM2_x3_x1_x1,-17293.32356850934,16840.0,205502.25776604097,"(836, 1939, 270)","(836.0, 1939.0, 270)"
452,113,0,XM3_x3_x1_x1,0.0,0.0,0.0,"(552, 367, 90)","(552.0, 367.0, 90)"
453,113,1,XM2_x3_x1_x1,0.0,0.0,0.0,"(1515, 2493, 180)","(1515.0, 2493.0, 180)"
454,113,2,XM1_x3_x1_x1,0.0,0.0,0.0,"(1533, 303, 0)","(1533.0, 303.0, 0)"
455,113,3,XM4_x3_x1_x1,-13377.980927546643,13043.0,112212.22182000983,"(3279, 1814, 270)","(3279.0, 1814.0, 270)"
456,114,0,XM2_x3_x1_x1,0.0,0.0,0.0,"(4262, 4156, 270)","(4262.0, 4156.0, 270)"
457,114,1,XM3_x3_x1_x1,0.0,0.0,0.0,"(2808, 1528, 270)","(2808.0, 1528.0, 270)"
458,114,2,XM4_x3_x1_x1,0.0,0.0,0.0,"(1252, 1458, 0)","(1252.0, 1458.0, 0)"
459,114,3,XM1_x3_x1_x1,-25682.92391790887,24892.0,625560.6439203172,"(721, 556, 180)","(721.0, 556.0, 180)"
460,115,0,XM4_x3_x1_x1,0.0,0.0,0.0,"(567, 4270, 0)","(488.0, 4270.0, 0)"
461,115,1,XM3_x3_x1_x1,0.0,0.0,0.0,"(834, 3354, 0)","(834.0, 3354.0, 0)"
462,115,2,XM2_x3_x1_x1,0.0,0.0,0.0,"(2033, 3181, 0)","(2033.0, 3181.0, 0)"
463,115,3,XM1_x3_x1_x1,-22747.579657045542,22035.0,507769.767635144,"(4086, 1544, 180)","(4086.0, 1544.0, 180)"
464,116,0,XM2_x3_x1_x1,0.0,0.0,0.0,"(2710, 760, 180)","(2710.0, 760.0, 180)"
465,116,1,XM1_x3_x1_x1,0.0,0.0,0.0,"(1147, 3522, 180)","(1147.0, 3522.0, 180)"
466,116,2,XM4_x3_x1_x1,0.0,0.0,0.0,"(91, 58, 0)","(91.0, 58.0, 0)"
467,116,3,XM3_x3_x1_x1,-17535.621165788918,17063.0,223370.76635167524,"(2314, 3317, 270)","(2314.0, 3317.0, 270)"
468,117,0,XM2_x3_x1_x1,0.0,0.0,0.0,"(56, 92, 0)","(56.0, 92.0, 0)"
469,117,1,XM3_x3_x1_x1,0.0,0.0,0.0,"(2998, 2261, 180)","(2998.0, 2261.0, 180)"
470,117,2,XM1_x3_x1_x1,0.0,0.0,0.0,"(3313, 3315, 90)","(3313.0, 3315.0, 90)"
471,117,3,XM4_x3_x1_x1,-17045.043874337127,16571.0,224717.59479655436,"(1383, 2119, 270)","(1383.0, 2119.0, 270)"
472,118,0,XM4_x3_x1_x1,0.0,0.0,0.0,"(658, 310, 180)","(658.0, 310.0, 180)"
473,118,1,XM3_x3_x1_x1,0.0,0.0,0.0,"(1629, 3720, 0)","(1629.0, 3720.0, 0)"
474,118,2,XM1_x3_x1_x1,0.0,0.0,0.0,"(714, 2841, 270)","(714.0, 2841.0, 270)"
475,118,3,XM2_x3_x1_x1,-20003.357139440475,19470.0,284469.8381921275,"(4073, 1240, 0)","(4073.0, 1240.0, 0)"
476,119,0,XM3_x3_x1_x1,0.0,0.0,0.0,"(3188, 1176, 270)","(3188.0, 1176.0, 270)"
477,119,1,XM1_x3_x1_x1,0.0,0.0,0.0,"(1886, 2789, 180)","(1886.0, 2789.0, 180)"
478,119,2,XM4_x3_x1_x1,0.0,0.0,0.0,"(3094, 126, 0)","(3094.0, 126.0, 0)"
479,119,3,XM2_x3_x1_x1,-17014.326375978417,16508.0,256366.39901143662,"(971, 659, 270)","(971.0, 659.0, 270)"
480,120,0,XM1_x3_x1_x1,0.0,0.0,0.0,"(816, 2233, 270)","(816.0, 2233.0, 270)"
481,120,1,XM3_x3_x1_x1,0.0,0.0,0.0,"(428, 595, 180)","(428.0, 595.0, 180)"
482,120,2,XM4_x3_x1_x1,0.0,0.0,0.0,"(2382, 1896, 180)","(2382.0, 1896.0, 180)"
483,120,3,XM2_x3_x1_x1,-14991.793831301638,14578.0,171225.3348232888,"(3739, 2839, 90)","(3739.0, 2839.0, 90)"
484,121,0,XM1_x3_x1_x1,0.0,0.0,0.0,"(722, 2660, 180)","(722.0, 2660.0, 180)"
485,121,1,XM4_x3_x1_x1,0.0,0.0,0.0,"(1252, 2500, 0)","(1252.0, 2500.0, 0)"
486,121,2,XM3_x3_x1_x1,0.0,0.0,0.0,"(3912, 1800, 180)","(3912.0, 1800.0, 180)"
487,121,3,XM2_x3_x1_x1,-17727.97931527787,17109.0,383135.39274186135,"(2403, 3052, 180)","(2403.0, 3052.0, 180)"
488,122,0,XM2_x3_x1_x1,0.0,0.0,0.0,"(2223, 1164, 270)","(2223.0, 1164.0, 270)"
489,122,1,XM3_x3_x1_x1,0.0,0.0,0.0,"(1564, 3955, 0)","(1564.0, 3955.0, 0)"
490,122,2,XM4_x3_x1_x1,0.0,0.0,0.0,"(4180, 2136, 0)","(4180.0, 2136.0, 0)"
491,122,3,XM1_x3_x1_x1,-14331.767210681923,13871.0,212306.42243960017,"(1619, 2802, 180)","(1619.0, 2802.0, 180)"
492,123,0,XM2_x3_x1_x1,0.0,0.0,0.0,"(3102, 2621, 180)","(3102.0, 2621.0, 180)"
493,123,1,XM3_x3_x1_x1,0.0,0.0,0.0,"(3412, 2835, 180)","(3448.0, 2835.0, 180)"
494,123,2,XM4_x3_x1_x1,0.0,0.0,0.0,"(1248, 1910, 270)","(1248.0, 1910.0, 270)"
495,123,3,XM1_x3_x1_x1,-13741.905931302648,13208.0,285055.54348014836,"(1587, 2436, 90)","(1587.0, 2436.0, 90)"
496,124,0,XM3_x3_x1_x1,0.0,0.0,0.0,"(758, 2693, 180)","(758.0, 2693.0, 180)"
497,124,1,XM4_x3_x1_x1,0.0,0.0,0.0,"(690, 508, 0)","(690.0, 508.0, 0)"
498,124,2,XM2_x3_x1_x1,0.0,0.0,0.0,"(1540, 4040, 180)","(1540.0, 4040.0, 180)"
499,124,3,XM1_x3_x1_x1,-19722.16709215581,19042.0,462627.27325169084,"(629, 482, 180)","(344.0, 482.0, 180)"
500,125,0,XM1_x3_x1_x1,0.0,0.0,0.0,"(3407, 4273, 180)","(3407.0, 4273.0, 180)"
501,125,1,XM4_x3_x1_x1,0.0,0.0,0.0,"(2165, 1473, 90)","(2165.0, 1473.0, 90)"
502,125,2,XM3_x3_x1_x1,0.0,0.0,0.0,"(2276, 4040, 0)","(2276.0, 4125.5, 0)"
503,125,3,XM2_x3_x1_x1,-13097.679484054013,12669.0,183766.10004881542,"(2090, 3044, 0)","(2090.0, 3044.0, 0)"
504,126,0,XM3_x3_x1_x1,0.0,0.0,0.0,"(3463, 2950, 180)","(3463.0, 2950.0, 180)"
505,126,1,XM2_x3_x1_x1,0.0,0.0,0.0,"(1743, 3433, 90)","(1743.0, 3433.0, 90)"
506,126,2,XM1_x3_x1_x1,0.0,0.0,0.0,"(2023, 1894, 270)","(2023.0, 1894.0, 270)"
507,126,3,XM4_x3_x1_x1,-15834.110937538131,15238.0,355348.24985258945,"(1355, 1819, 270)","(1355.0, 1548.0, 270)"
508,127,0,XM2_x3_x1_x1,0.0,0.0,0.0,"(2796, 3864, 180)","(2499.0, 3864.0, 180)"
509,127,1,XM1_x3_x1_x1,0.0,0.0,0.0,"(2566, 1319, 180)","(2566.0, 1319.0, 180)"
510,127,2,XM4_x3_x1_x1,0.0,0.0,0.0,"(2711, 1091, 180)","(2220.0, 1091.0, 180)"
511,127,3,XM3_x3_x1_x1,-15254.589354300306,14732.0,273099.6332280103,"(2845, 3537, 180)","(2845.0, 3537.0, 180)"
512,128,0,XM2_x3_x1_x1,0.0,0.0,0.0,"(356, 2214, 0)","(356.0, 2214.0, 0)"
513,128,1,XM4_x3_x1_x1,0.0,0.0,0.0,"(2844, 1072, 270)","(2844.0, 1072.0, 270)"
514,128,2,XM3_x3_x1_x1,0.0,0.0,0.0,"(1197, 95, 0)","(1197.0, 95.0, 0)"
515,128,3,XM1_x3_x1_x1,-16488.25975801253,15913.0,330923.78918863495,"(745, 1457, 180)","(745.0, 1457.0, 180)"
516,129,0,XM3_x3_x1_x1,0.0,0.0,0.0,"(2946, 1024, 90)","(2946.0, 1024.0, 90)"
517,129,1,XM2_x3_x1_x1,0.0,0.0,0.0,"(3235, 3705, 180)","(3235.0, 3705.0, 180)"
518,129,2,XM1_x3_x1_x1,0.0,0.0,0.0,"(2775, 305, 270)","(2775.0, 305.0, 270)"
519,129,3,XM4_x3_x1_x1,-17821.428103598246,17233.0,346247.633104227,"(1063, 1858, 90)","(1063.0, 1858.0, 90)"
520,130,0,XM4_x3_x1_x1,0.0,0.0,0.0,"(2180, 2785, 180)","(2180.0, 2785.0, 180)"
521,130,1,XM1_x3_x1_x1,0.0,0.0,0.0,"(64, 1447, 0)","(64.0, 1447.0, 0)"
522,130,2,XM3_x3_x1_x1,0.0,0.0,0.0,"(1134, 4009, 90)","(1134.0, 4009.0, 90)"
523,130,3,XM2_x3_x1_x1,-20324.04085485239,19713.0,373370.9262987354,"(3311, 1030, 180)","(3311.0, 1030.0, 180)"
524,131,0,XM1_x3_x1_x1,0.0,0.0,0.0,"(1902, 4253, 180)","(1902.0, 4253.0, 180)"
525,131,1,XM2_x3_x1_x1,0.0,0.0,0.0,"(1333, 1879, 90)","(1333.0, 1879.0, 90)"
526,131,2,XM3_x3_x1_x1,0.0,0.0,0.0,"(3170, 2940, 270)","(3170.0, 2940.0, 270)"
527,131,3,XM4_x3_x1_x1,-16096.059279459443,15675.0,177290.91681890603,"(1683, 205, 180)","(1683.0, 205.0, 180)"
528,132,0,XM4_x3_x1_x1,0.0,0.0,0.0,"(532, 1987, 270)","(532.0, 1987.0, 270)"
529,132,1,XM2_x3_x1_x1,0.0,0.0,0.0,"(3170, 3033, 180)","(3170.0, 3033.0, 180)"
530,132,2,XM1_x3_x1_x1,0.0,0.0,0.0,"(1334, 3645, 180)","(1334.0, 3645.0, 180)"
531,132,3,XM3_x3_x1_x1,-14700.230563610814,14179.0,271681.3004420465,"(860, 3197, 270)","(694.0, 3197.0, 270)"
532,133,0,XM4_x3_x1_x1,0.0,0.0,0.0,"(1573, 427, 180)","(1573.0, 427.0, 180)"
533,133,1,XM1_x3_x1_x1,0.0,0.0,0.0,"(4111, 2153, 90)","(4111.0, 2153.0, 90)"
534,133,2,XM3_x3_x1_x1,0.0,0.0,0.0,"(869, 1091, 180)","(869.0, 1091.0, 180)"
535,133,3,XM2_x3_x1_x1,-17633.59862607975,16994.0,409086.4024831035,"(2074, 1132, 0)","(2074.0, 1132.0, 0)"
536,134,0,XM4_x3_x1_x1,0.0,0.0,0.0,"(2090, 2940, 90)","(2090.0, 2940.0, 90)"
537,134,1,XM1_x3_x1_x1,0.0,0.0,0.0,"(459, 741, 180)","(459.0, 741.0, 180)"
538,134,2,XM2_x3_x1_x1,0.0,0.0,0.0,"(1524, 3349, 180)","(1302.5, 3349.0, 180)"
539,134,3,XM3_x3_x1_x1,-16793.887249180098,16467.0,106855.27367653178,"(3961, 919, 180)","(3961.0, 919.0, 180)"
540,135,0,XM1_x3_x1_x1,0.0,0.0,0.0,"(2296, 53, 180)","(2296.0, 53.0, 180)"
541,135,1,XM2_x3_x1_x1,0.0,0.0,0.0,"(3738, 1923, 180)","(3738.0, 1923.0, 180)"
542,135,2,XM4_x3_x1_x1,0.0,0.0,0.0,"(1229, 282, 180)","(1229.0, 282.0, 180)"
543,135,3,XM3_x3_x1_x1,-23685.99879226683,22875.0,657719.0410582565,"(1271, 3322, 270)","(1271.0, 3322.0, 270)"
544,136,0,XM4_x3_x1_x1,0.0,0.0,0.0,"(1631, 475, 0)","(1747.0, 475.0, 0)"
545,136,1,XM2_x3_x1_x1,0.0,0.0,0.0,"(206, 3240, 180)","(206.0, 3240.0, 180)"
546,136,2,XM1_x3_x1_x1,0.0,0.0,0.0,"(1401, 1104, 180)","(1401.0, 1104.0, 180)"
547,136,3,XM3_x3_x1_x1,-19856.738997713495,19010.0,716966.9302488548,"(566, 3190, 180)","(566.0, 3190.0, 180)"
548,137,0,XM3_x3_x1_x1,0.0,0.0,0.0,"(3195, 2801, 180)","(3195.0, 2801.0, 180)"
549,137,1,XM1_x3_x1_x1,0.0,0.0,0.0,"(846, 3763, 180)","(846.0, 3763.0, 180)"
550,137,2,XM4_x3_x1_x1,0.0,0.0,0.0,"(3895, 3645, 270)","(3895.0, 3645.0, 270)"
551,137,3,XM2_x3_x1_x1,-19780.042444197607,19278.0,252046.61577590654,"(3349, 964, 180)","(3349.0, 964.0, 180)"
552,138,0,XM4_x3_x1_x1,0.0,0.0,0.0,"(413, 2732, 270)","(413.0, 2732.0, 270)"
553,138,1,XM1_x3_x1_x1,0.0,0.0,0.0,"(361, 3323, 180)","(361.0, 3422.0, 180)"
554,138,2,XM3_x3_x1_x1,0.0,0.0,0.0,"(1489, 2198, 180)","(1489.0, 2198.0, 180)"
555,138,3,XM2_x3_x1_x1,-11105.751272448028,10675.5,185116.15744314712,"(169, 2546, 180)","(-374.5, 2546.0, 180)"
556,139,0,XM1_x3_x1_x1,0.0,0.0,0.0,"(3697, 32, 0)","(3697.0, 32.0, 0)"
557,139,1,XM3_x3_x1_x1,0.0,0.0,0.0,"(4218, 3364, 270)","(4218.0, 3364.0, 270)"
558,139,2,XM2_x3_x1_x1,0.0,0.0,0.0,"(1999, 3500, 180)","(1999.0, 3500.0, 180)"
559,139,3,XM4_x3_x1_x1,-23410.109682814076,22809.0,361332.8507728376,"(494, 1185, 180)","(494.0, 1185.0, 180)"
560,140,0,XM3_x3_x1_x1,0.0,0.0,0.0,"(3008, 1057, 180)","(3008.0, 1057.0, 180)"
561,140,1,XM4_x3_x1_x1,0.0,0.0,0.0,"(434, 617, 180)","(434.0, 617.0, 180)"
562,140,2,XM1_x3_x1_x1,0.0,0.0,0.0,"(3549, 3301, 270)","(3549.0, 3301.0, 270)"
563,140,3,XM2_x3_x1_x1,-18311.546581828894,17801.0,260657.81221716804,"(1191, 2989, 180)","(1191.0, 2989.0, 180)"
564,141,0,XM3_x3_x1_x1,0.0,0.0,0.0,"(77, 960, 180)","(77.0, 960.0, 180)"
565,141,1,XM4_x3_x1_x1,0.0,0.0,0.0,"(605, 2866, 180)","(605.0, 2866.0, 180)"
566,141,2,XM1_x3_x1_x1,0.0,0.0,0.0,"(3444, 1225, 0)","(3444.0, 703.5, 0)"
567,141,3,XM2_x3_x1_x1,-23595.892708015403,22959.5,404995.67881517723,"(3683, 1785, 180)","(3683.0, 1785.0, 180)"
568,142,0,XM2_x3_x1_x1,0.0,0.0,0.0,"(2858, 2254, 270)","(2858.0, 2254.0, 270)"
569,142,1,XM1_x3_x1_x1,0.0,0.0,0.0,"(3275, 3302, 180)","(3275.0, 3302.0, 180)"
570,142,2,XM3_x3_x1_x1,0.0,0.0,0.0,"(2109, 1477, 180)","(2109.0, 1477.0, 180)"
571,142,3,XM4_x3_x1_x1,-15518.600692245895,14870.0,420682.8579818531,"(2832, 4117, 180)","(2832.0, 4117.0, 180)"
572,143,0,XM4_x3_x1_x1,0.0,0.0,0.0,"(1189, 1482, 180)","(1189.0, 1482.0, 180)"
573,143,1,XM3_x3_x1_x1,0.0,0.0,0.0,"(317, 4234, 180)","(317.0, 4234.0, 180)"
574,143,2,XM1_x3_x1_x1,0.0,0.0,0.0,"(1038, 4125, 0)","(1038.0, 4125.0, 0)"
575,143,3,XM2_x3_x1_x1,-18866.634937274193,18360.0,256678.95966682414,"(4313, 2381, 270)","(4313.0, 2381.0, 270)"
576,144,0,XM2_x3_x1_x1,0.0,0.0,0.0,"(976, 1146, 0)","(976.0, 1146.0, 0)"
577,144,1,XM4_x3_x1_x1,0.0,0.0,0.0,"(2821, 1782, 180)","(2821.0, 1782.0, 180)"
578,144,2,XM1_x3_x1_x1,0.0,0.0,0.0,"(1836, 397, 0)","(1836.0, 397.0, 0)"
579,144,3,XM3_x3_x1_x1,-17455.005211750275,16845.0,372106.35836249875,"(4099, 663, 180)","(4099.0, 663.0, 180)"
580,145,0,XM1_x3_x1_x1,0.0,0.0,0.0,"(2067, 3569, 180)","(2067.0, 3569.0, 180)"
581,145,1,XM3_x3_x1_x1,0.0,0.0,0.0,"(3173, 3620, 180)","(3173.0, 3620.0, 180)"
582,145,2,XM2_x3_x1_x1,0.0,0.0,0.0,"(1658, 1472, 180)","(1658.0, 1472.0, 180)"
583,145,3,XM4_x3_x1_x1,-11986.628385773069,11752.0,55050.479410475935,"(80, 1873, 180)","(80.0, 1873.0, 180)"
584,146,0,XM3_x3_x1_x1,0.0,0.0,0.0,"(39, 536, 180)","(39.0, 536.0, 180)"
585,146,1,XM4_x3_x1_x1,0.0,0.0,0.0,"(4186, 1824, 270)","(4610.5, 1824.0, 270)"
586,146,2,XM1_x3_x1_x1,0.0,0.0,0.0,"(622, 4030, 0)","(622.0, 4030.0, 0)"
587,146,3,XM2_x3_x1_x1,-19584.395670163864,19083.5,250896.47238890626,"(3823, 1704, 0)","(3823.0, 1704.0, 0)"
588,147,0,XM2_x3_x1_x1,0.0,0.0,0.0,"(720, 2728, 180)","(720.0, 2728.0, 180)"
589,147,1,XM1_x3_x1_x1,0.0,0.0,0.0,"(825, 1971, 180)","(825.0, 1646.5, 180)"
590,147,2,XM3_x3_x1_x1,0.0,0.0,0.0,"(487, 4260, 180)","(487.0, 4260.0, 180)"
591,147,3,XM4_x3_x1_x1,-19361.174579981707,18827.5,284808.5573186534,"(3643, 2899, 270)","(3643.0, 2899.0, 270)"
592,148,0,XM4_x3_x1_x1,0.0,0.0,0.0,"(2209, 334, 270)","(2209.0, 334.0, 270)"
593,148,1,XM2_x3_x1_x1,0.0,0.0,0.0,"(1619, 3542, 180)","(1619.0, 3542.0, 180)"
594,148,2,XM3_x3_x1_x1,0.0,0.0,0.0,"(303, 3038, 0)","(303.0, 3038.0, 0)"
595,148,3,XM1_x3_x1_x1,-18584.328757660325,18049.0,286576.87877814623,"(377, 658, 180)","(377.0, 658.0, 180)"
596,149,0,XM1_x3_x1_x1,0.0,0.0,0.0,"(4304, 3152, 180)","(4304.0, 3152.0, 180)"
597,149,1,XM3_x3_x1_x1,0.0,0.0,0.0,"(481, 3928, 270)","(481.0, 3928.0, 270)"
598,149,2,XM4_x3_x1_x1,0.0,0.0,0.0,"(481, 1598, 180)","(352.5, 1598.0, 180)"
599,149,3,XM2_x3_x1_x1,-19095.93548238404,18570.5,276082.44614814804,"(1140, 1392, 270)","(1140.0, 1392.0, 270)"
600,150,0,XM3_x3_x1_x1,0.0,0.0,0.0,"(3353, 1540, 0)","(3353.0, 1540.0, 0)"
601,150,1,XM2_x3_x1_x1,0.0,0.0,0.0,"(2188, 2180, 180)","(2188.0, 2180.0, 180)"
602,150,2,XM1_x3_x1_x1,0.0,0.0,0.0,"(1840, 3674, 0)","(1840.0, 3674.0, 0)"
603,150,3,XM4_x3_x1_x1,-18968.386963895384,18290.0,460208.8727831976,"(4181, 1266, 180)","(4181.0, 1266.0, 180)"
604,151,0,XM3_x3_x1_x1,0.0,0.0,0.0,"(941, 1157, 0)","(941.0, 1157.0, 0)"
605,151,1,XM4_x3_x1_x1,0.0,0.0,0.0,"(3242, 2359, 0)","(3242.0, 2359.0, 0)"
606,151,2,XM1_x3_x1_x1,0.0,0.0,0.0,"(1775, 2622, 90)","(1765.0, 2622.0, 90)"
607,151,3,XM2_x3_x1_x1,-12852.956771686508,12384.0,219920.45371063097,"(2455, 2589, 180)","(2455.0, 2589.0, 180)"
608,152,0,XM4_x3_x1_x1,0.0,0.0,0.0,"(1272, 4202, 180)","(1272.0, 4202.0, 180)"
609,152,1,XM2_x3_x1_x1,0.0,0.0,0.0,"(3777, 2855, 180)","(3777.0, 2855.0, 180)"
610,152,2,XM3_x3_x1_x1,0.0,0.0,0.0,"(1047, 4260, 180)","(926.0, 4260.0, 180)"
611,152,3,XM1_x3_x1_x1,-17616.07412242918,16981.0,403319.14097919466,"(2382, 3572, 0)","(2382.0, 3572.0, 0)"
612,153,0,XM3_x3_x1_x1,0.0,0.0,0.0,"(2282, 1999, 90)","(2282.0, 1999.0, 90)"
613,153,1,XM2_x3_x1_x1,0.0,0.0,0.0,"(3582, 997, 0)","(3582.0, 997.0, 0)"
614,153,2,XM4_x3_x1_x1,0.0,0.0,0.0,"(3948, 4213, 270)","(3948.0, 4213.0, 270)"
615,153,3,XM1_x3_x1_x1,-21704.49304654887,21168.0,287824.7889952881,"(254, 3239, 0)","(254.0, 3239.0, 0)"
616,154,0,XM3_x3_x1_x1,0.0,0.0,0.0,"(576, 3044, 180)","(576.0, 3044.0, 180)"
617,154,1,XM2_x3_x1_x1,0.0,0.0,0.0,"(374, 1820, 270)","(374.0, 1820.0, 270)"
618,154,2,XM1_x3_x1_x1,0.0,0.0,0.0,"(3330, 4304, 270)","(3330.0, 4304.0, 270)"
619,154,3,XM4_x3_x1_x1,-21835.187418881997,21075.0,577884.9118264714,"(1656, 4164, 0)","(1656.0, 4164.0, 0)"
620,155,0,XM4_x3_x1_x1,0.0,0.0,0.0,"(2726, 1208, 180)","(2726.0, 1208.0, 180)"
621,155,1,XM3_x3_x1_x1,0.0,0.0,0.0,"(3568, 1306, 270)","(3568.0, 1306.0, 270)"
622,155,2,XM1_x3_x1_x1,0.0,0.0,0.0,"(12, 2612, 0)","(12.0, 2612.0, 0)"
623,155,3,XM2_x3_x1_x1,-22029.223400396517,21219.0,656461.9585500944,"(1652, 3037, 180)","(1652.0, 3037.0, 180)"
624,156,0,XM4_x3_x1_x1,0.0,0.0,0.0,"(247, 847, 180)","(247.0, 847.0, 180)"
625,156,1,XM3_x3_x1_x1,0.0,0.0,0.0,"(2397, 2109, 90)","(2397.0, 2673.0, 90)"
626,156,2,XM2_x3_x1_x1,0.0,0.0,0.0,"(3425, 3419, 90)","(3425.0, 3419.0, 90)"
627,156,3,XM1_x3_x1_x1,-20220.05667430545,19500.0,518481.6142118295,"(2417, 2033, 180)","(2417.0, 2033.0, 180)"
628,157,0,XM2_x3_x1_x1,0.0,0.0,0.0,"(3245, 9, 0)","(3245.0, 9.0, 0)"
629,157,1,XM3_x3_x1_x1,0.0,0.0,0.0,"(103, 1261, 180)","(103.0, 1261.0, 180)"
630,157,2,XM4_x3_x1_x1,0.0,0.0,0.0,"(2452, 3904, 90)","(2452.0, 3904.0, 90)"
631,157,3,XM1_x3_x1_x1,-19604.10572587557,19122.0,232425.93092201307,"(77, 542, 90)","(77.0, 542.0, 90)"
632,158,0,XM3_x3_x1_x1,0.0,0.0,0.0,"(2409, 251, 180)","(2409.0, 251.0, 180)"
633,158,1,XM1_x3_x1_x1,0.0,0.0,0.0,"(1557, 3180, 0)","(1557.0, 3180.0, 0)"
634,158,2,XM4_x3_x1_x1,0.0,0.0,0.0,"(42, 2278, 90)","(42.0, 2278.0, 90)"
635,158,3,XM2_x3_x1_x1,-19867.807741384182,19241.0,392887.9446591377,"(1278, 373, 180)","(1278.0, 373.0, 180)"
636,159,0,XM2_x3_x1_x1,0.0,0.0,0.0,"(3568, 27, 270)","(3568.0, 27.0, 270)"
637,159,1,XM1_x3_x1_x1,0.0,0.0,0.0,"(2816, 1866, 180)","(2816.0, 1866.0, 180)"
638,159,2,XM3_x3_x1_x1,0.0,0.0,0.0,"(2494, 3034, 180)","(2494.0, 3034.0, 180)"
639,159,3,XM4_x3_x1_x1,-22331.527457804073,21592.0,546900.8608461566,"(206, 2577, 270)","(206.0, 2577.0, 270)"
640,160,0,XM2_x3_x1_x1,0.0,0.0,0.0,"(1003, 2656, 180)","(1003.0, 2656.0, 180)"
641,160,1,XM4_x3_x1_x1,0.0,0.0,0.0,"(3754, 793, 180)","(3754.0, 793.0, 180)"
642,160,2,XM3_x3_x1_x1,0.0,0.0,0.0,"(920, 3884, 180)","(920.0, 3884.0, 180)"
643,160,3,XM1_x3_x1_x1,-21845.274447077478,21280.0,319535.20051874785,"(3349, 4020, 270)","(3349.0, 4020.0, 270)"
644,161,0,XM3_x3_x1_x1,0.0,0.0,0.0,"(537, 2884, 0)","(537.0, 2884.0, 0)"
645,161,1,XM4_x3_x1_x1,0.0,0.0,0.0,"(3920, 253, 180)","(3920.0, 253.0, 180)"
646,161,2,XM1_x3_x1_x1,0.0,0.0,0.0,"(2498, 3223, 270)","(2498.0, 3223.0, 270)"
647,161,3,XM2_x3_x1_x1,-27015.21129907579,26154.0,741684.901655808,"(29, 3385, 180)","(29.0, 3385.0, 180)"
648,162,0,XM4_x3_x1_x1,0.0,0.0,0.0,"(1960, 2555, 180)","(1960.0, 2555.0, 180)"
649,162,1,XM1_x3_x1_x1,0.0,0.0,0.0,"(764, 48, 270)","(764.0, 48.0, 270)"
650,162,2,XM2_x3_x1_x1,0.0,0.0,0.0,"(1794, 1118, 180)","(1794.0, 1118.0, 180)"
651,162,3,XM3_x3_x1_x1,-17184.830615489023,16522.0,439344.4248295579,"(2849, 2151, 180)","(2849.0, 2151.0, 180)"
652,163,0,XM2_x3_x1_x1,0.0,0.0,0.0,"(3641, 2319, 0)","(3641.0, 2319.0, 0)"
653,163,1,XM1_x3_x1_x1,0.0,0.0,0.0,"(1530, 3174, 180)","(1530.0, 3174.0, 180)"
654,163,2,XM4_x3_x1_x1,0.0,0.0,0.0,"(500, 458, 0)","(500.0, 458.0, 0)"
655,163,3,XM3_x3_x1_x1,-19904.27100080884,19262.0,412512.0384799874,"(1362, 1793, 0)","(1362.0, 1793.0, 0)"
656,164,0,XM4_x3_x1_x1,0.0,0.0,0.0,"(2928, 3652, 0)","(2928.0, 3652.0, 0)"
657,164,1,XM2_x3_x1_x1,0.0,0.0,0.0,"(2368, 1089, 180)","(2368.0, 1089.0, 180)"
658,164,2,XM1_x3_x1_x1,0.0,0.0,0.0,"(3969, 526, 270)","(3969.0, 526.0, 270)"
659,164,3,XM3_x3_x1_x1,-22017.106722661156,21193.0,679151.8903353097,"(2790, 3921, 180)","(2582.0, 3921.0, 180)"
660,165,0,XM4_x3_x1_x1,0.0,0.0,0.0,"(2500, 1385, 180)","(2500.0, 1385.0, 180)"
661,165,1,XM3_x3_x1_x1,0.0,0.0,0.0,"(3291, 122, 270)","(3291.0, 122.0, 270)"
662,165,2,XM1_x3_x1_x1,0.0,0.0,0.0,"(1142, 3869, 0)","(1142.0, 3869.0, 0)"
663,165,3,XM2_x3_x1_x1,-21399.24427093196,20629.0,593276.2369035066,"(1584, 1764, 180)","(1584.0, 1764.0, 180)"
664,166,0,XM2_x3_x1_x1,0.0,0.0,0.0,"(3367, 1250, 0)","(3367.0, 1250.0, 0)"
665,166,1,XM4_x3_x1_x1,0.0,0.0,0.0,"(1262, 1075, 0)","(1262.0, 1075.0, 0)"
666,166,2,XM3_x3_x1_x1,0.0,0.0,0.0,"(2605, 2658, 180)","(2605.0, 2658.0, 180)"
667,166,3,XM1_x3_x1_x1,-16737.08690226568,16198.0,290614.6881944089,"(3330, 135, 270)","(3330.0, 135.0, 270)"
668,167,0,XM2_x3_x1_x1,0.0,0.0,0.0,"(1053, 2486, 0)","(1058.0, 2486.0, 0)"
669,167,1,XM1_x3_x1_x1,0.0,0.0,0.0,"(1422, 2554, 180)","(1422.0, 2554.0, 180)"
670,167,2,XM3_x3_x1_x1,0.0,0.0,0.0,"(712, 1630, 180)","(712.0, 1630.0, 180)"
671,167,3,XM4_x3_x1_x1,-13580.115157824372,13035.0,297150.5352898887,"(140, 394, 180)","(140.0, 394.0, 180)"
672,168,0,XM4_x3_x1_x1,0.0,0.0,0.0,"(2637, 622, 0)","(2637.0, 622.0, 0)"
673,168,1,XM3_x3_x1_x1,0.0,0.0,0.0,"(2219, 3010, 0)","(2219.0, 3010.0, 0)"
674,168,2,XM2_x3_x1_x1,0.0,0.0,0.0,"(1558, 3789, 180)","(1558.0, 3789.0, 180)"
675,168,3,XM1_x3_x1_x1,-19629.991031063477,18926.0,495603.3718178158,"(3731, 2974, 180)","(3731.0, 2974.0, 180)"
676,169,0,XM3_x3_x1_x1,0.0,0.0,0.0,"(1761, 1752, 180)","(1761.0, 1752.0, 180)"
677,169,1,XM4_x3_x1_x1,0.0,0.0,0.0,"(2170, 1261, 180)","(2170.0, 1261.0, 180)"
678,169,2,XM1_x3_x1_x1,0.0,0.0,0.0,"(1090, 2543, 180)","(1090.0, 2543.0, 180)"
679,169,3,XM2_x3_x1_x1,-9862.59485992585,9540.0,104067.44365057856,"(2398, 2585, 270)","(2398.0, 2585.0, 270)"
680,170,0,XM3_x3_x1_x1,0.0,0.0,0.0,"(4235, 698, 270)","(4235.0, 698.0, 270)"
681,170,1,XM4_x3_x1_x1,0.0,0.0,0.0,"(768, 1321, 270)","(768.0, 1321.0, 270)"
682,170,2,XM2_x3_x1_x1,0.0,0.0,0.0,"(3864, 115, 90)","(3864.0, -178.0, 90)"
683,170,3,XM1_x3_x1_x1,-17126.987974767762,16504.0,388114.01670524024,"(3562, 512, 0)","(3562.0, 512.0, 0)"
684,171,0,XM4_x3_x1_x1,0.0,0.0,0.0,"(2705, 3831, 180)","(2705.0, 3831.0, 180)"
685,171,1,XM3_x3_x1_x1,0.0,0.0,0.0,"(3599, 403, 180)","(3599.0, 403.0, 180)"
686,171,2,XM1_x3_x1_x1,0.0,0.0,0.0,"(2628, 127, 270)","(2628.0, 127.0, 270)"
687,171,3,XM2_x3_x1_x1,-17682.863713843217,17239.0,197014.99646669463,"(228, 2826, 90)","(228.0, 2826.0, 90)"
688,172,0,XM3_x3_x1_x1,0.0,0.0,0.0,"(1108, 4282, 270)","(1108.0, 4282.0, 270)"
689,172,1,XM4_x3_x1_x1,0.0,0.0,0.0,"(3106, 2447, 180)","(3106.0, 2447.0, 180)"
690,172,2,XM2_x3_x1_x1,0.0,0.0,0.0,"(1925, 683, 180)","(1925.0, 683.0, 180)"
691,172,3,XM1_x3_x1_x1,-23206.16579899097,22335.0,758929.8493315763,"(3007, 884, 180)","(3007.0, 884.0, 180)"
692,173,0,XM2_x3_x1_x1,0.0,0.0,0.0,"(1220, 3670, 0)","(1220.0, 3670.0, 0)"
693,173,1,XM4_x3_x1_x1,0.0,0.0,0.0,"(3516, 1515, 90)","(3516.0, 1515.0, 90)"
694,173,2,XM3_x3_x1_x1,0.0,0.0,0.0,"(1598, 2360, 180)","(1598.0, 2360.0, 180)"
695,173,3,XM1_x3_x1_x1,-19578.907809152708,18825.0,568376.9847014355,"(3673, 2799, 180)","(3673.0, 2799.0, 180)"
696,174,0,XM3_x3_x1_x1,0.0,0.0,0.0,"(3073, 1377, 180)","(3073.0, 1377.0, 180)"
697,174,1,XM1_x3_x1_x1,0.0,0.0,0.0,"(1432, 3540, 270)","(1432.0, 3540.0, 270)"
698,174,2,XM4_x3_x1_x1,0.0,0.0,0.0,"(666, 2383, 180)","(666.0, 2383.0, 180)"
699,174,3,XM2_x3_x1_x1,-23117.602959972886,22251.5,750134.3372737955,"(3021, 532, 180)","(3021.0, 295.5, 180)"
700,175,0,XM4_x3_x1_x1,0.0,0.0,0.0,"(939, 1838, 180)","(939.0, 1838.0, 180)"
701,175,1,XM3_x3_x1_x1,0.0,0.0,0.0,"(3447, 4063, 180)","(3447.0, 4063.0, 180)"
702,175,2,XM1_x3_x1_x1,0.0,0.0,0.0,"(2599, 3316, 0)","(2599.0, 3316.0, 0)"
703,175,3,XM2_x3_x1_x1,-15438.639358643793,14952.0,236817.865381242,"(2998, 1554, 0)","(2998.0, 1554.0, 0)"
704,176,0,XM4_x3_x1_x1,0.0,0.0,0.0,"(77, 3712, 270)","(77.0, 3712.0, 270)"
705,176,1,XM2_x3_x1_x1,0.0,0.0,0.0,"(2132, 560, 90)","(2132.0, 560.0, 90)"
706,176,2,XM3_x3_x1_x1,0.0,0.0,0.0,"(296, 2180, 180)","(296.0, 2180.0, 180)"
707,176,3,XM1_x3_x1_x1,-21956.352569865954,21131.0,681206.8645843327,"(1444, 3687, 180)","(1444.0, 3687.0, 180)"
708,177,0,XM3_x3_x1_x1,0.0,0.0,0.0,"(3577, 3302, 90)","(3577.0, 3675.5, 90)"
709,177,1,XM2_x3_x1_x1,0.0,0.0,0.0,"(3999, 2384, 180)","(3999.0, 2384.0, 180)"
710,177,2,XM1_x3_x1_x1,0.0,0.0,0.0,"(2102, 1038, 0)","(2102.0, 1038.0, 0)"
711,177,3,XM4_x3_x1_x1,-16452.6068872276,15819.5,400824.33065501996,"(3265, 2938, 180)","(3265.0, 2938.0, 180)"
712,178,0,XM1_x3_x1_x1,0.0,0.0,0.0,"(4096, 50, 180)","(4096.0, 50.0, 180)"
713,178,1,XM4_x3_x1_x1,0.0,0.0,0.0,"(729, 448, 180)","(729.0, 448.0, 180)"
714,178,2,XM3_x3_x1_x1,0.0,0.0,0.0,"(2786, 9, 180)","(2786.0, 9.0, 180)"
715,178,3,XM2_x3_x1_x1,-10802.797673820114,10561.0,58466.11506481871,"(712, 1481, 0)","(712.0, 1627.0, 0)"
716,179,0,XM2_x3_x1_x1,0.0,0.0,0.0,"(2114, 3368, 90)","(2114.0, 3368.0, 90)"
717,179,1,XM1_x3_x1_x1,0.0,0.0,0.0,"(368, 43, 180)","(368.0, 43.0, 180)"
718,179,2,XM3_x3_x1_x1,0.0,0.0,0.0,"(114, 3429, 180)","(114.0, 3429.0, 180)"
719,179,3,XM4_x3_x1_x1,-25349.336415522645,24651.0,487673.74924501486,"(4148, 555, 180)","(4148.0, 555.0, 180)"
720,180,0,XM1_x3_x1_x1,0.0,0.0,0.0,"(1321, 1029, 180)","(1321.0, 1029.0, 180)"
721,180,1,XM3_x3_x1_x1,0.0,0.0,0.0,"(2120, 4057, 270)","(2120.0, 4057.0, 270)"
722,180,2,XM4_x3_x1_x1,0.0,0.0,0.0,"(1453, 4091, 270)","(1453.0, 4403.0, 270)"
723,180,3,XM2_x3_x1_x1,-17230.97355370992,16687.0,295907.2271357976,"(2903, 4204, 180)","(2903.0, 4204.0, 180)"
724,181,0,XM2_x3_x1_x1,0.0,0.0,0.0,"(1351, 2385, 90)","(1351.0, 2385.0, 90)"
725,181,1,XM3_x3_x1_x1,0.0,0.0,0.0,"(2854, 1823, 180)","(2854.0, 1823.0, 180)"
726,181,2,XM4_x3_x1_x1,0.0,0.0,0.0,"(3889, 2543, 180)","(3889.0, 2543.0, 180)"
727,181,3,XM1_x3_x1_x1,-15669.679769384367,15091.0,334870.27549474407,"(2263, 3425, 180)","(2263.0, 3425.0, 180)"
728,182,0,XM4_x3_x1_x1,0.0,0.0,0.0,"(171, 977, 90)","(171.0, 452.5, 90)"
729,182,1,XM3_x3_x1_x1,0.0,0.0,0.0,"(1210, 2967, 0)","(1259.0, 2967.0, 0)"
730,182,2,XM2_x3_x1_x1,0.0,0.0,0.0,"(288, 1240, 180)","(288.0, 1240.0, 180)"
731,182,3,XM1_x3_x1_x1,-8971.50980821856,8715.5,65541.02190410339,"(963, 2757, 180)","(963.0, 2757.0, 180)"
732,183,0,XM1_x3_x1_x1,0.0,0.0,0.0,"(397, 1316, 180)","(397.0, 1316.0, 180)"
733,183,1,XM2_x3_x1_x1,0.0,0.0,0.0,"(1740, 1903, 180)","(1740.0, 1903.0, 180)"
734,183,2,XM4_x3_x1_x1,0.0,0.0,0.0,"(1593, 4093, 0)","(1593.0, 4093.0, 0)"
735,183,3,XM3_x3_x1_x1,-16270.457060220466,15703.0,322007.51519405306,"(2406, 2441, 0)","(2406.0, 2441.0, 0)"
736,184,0,XM4_x3_x1_x1,0.0,0.0,0.0,"(1013, 2760, 180)","(1013.0, 2760.0, 180)"
737,184,1,XM2_x3_x1_x1,0.0,0.0,0.0,"(4172, 3593, 0)","(4172.0, 3593.0, 0)"
738,184,2,XM3_x3_x1_x1,0.0,0.0,0.0,"(1441, 278, 0)","(1441.0, 278.0, 0)"
739,184,3,XM1_x3_x1_x1,-22052.500794490243,21385.0,445557.3106451039,"(1998, 2890, 180)","(1998.0, 2890.0, 180)"
740,185,0,XM4_x3_x1_x1,0.0,0.0,0.0,"(2480, 784, 0)","(2480.0, 684.5, 0)"
741,185,1,XM2_x3_x1_x1,0.0,0.0,0.0,"(3536, 166, 0)","(3536.0, 166.0, 0)"
742,185,2,XM3_x3_x1_x1,0.0,0.0,0.0,"(2794, 1422, 90)","(2794.0, 1422.0, 90)"
743,185,3,XM1_x3_x1_x1,-10409.75338705506,10115.0,86879.55918042945,"(2973, 2732, 90)","(2973.0, 2732.0, 90)"
744,186,0,XM4_x3_x1_x1,0.0,0.0,0.0,"(2449, 1982, 0)","(2513.0, 1982.0, 0)"
745,186,1,XM2_x3_x1_x1,0.0,0.0,0.0,"(1615, 524, 180)","(1615.0, 524.0, 180)"
746,186,2,XM1_x3_x1_x1,0.0,0.0,0.0,"(2300, 344, 180)","(2463.0, 344.0, 180)"
747,186,3,XM3_x3_x1_x1,-9909.86441912663,9449.0,212396.01281692652,"(2167, 1039, 180)","(2167.0, 1039.0, 180)"
748,187,0,XM2_x3_x1_x1,0.0,0.0,0.0,"(2419, 2418, 180)","(2419.0, 2418.0, 180)"
749,187,1,XM3_x3_x1_x1,0.0,0.0,0.0,"(4224, 134, 0)","(4224.0, 134.0, 0)"
750,187,2,XM4_x3_x1_x1,0.0,0.0,0.0,"(4152, 2506, 180)","(4596.0, 2506.0, 180)"
751,187,3,XM1_x3_x1_x1,-17152.207483588314,16638.0,264409.3361782265,"(3906, 3029, 90)","(3906.0, 3029.0, 90)"
752,188,0,XM1_x3_x1_x1,0.0,0.0,0.0,"(3279, 3216, 180)","(3279.0, 3216.0, 180)"
753,188,1,XM2_x3_x1_x1,0.0,0.0,0.0,"(3716, 3593, 180)","(3716.0, 3593.0, 180)"
754,188,2,XM4_x3_x1_x1,0.0,0.0,0.0,"(3643, 638, 180)","(3643.0, 638.0, 180)"
755,188,3,XM3_x3_x1_x1,-19417.340693808383,18806.0,373737.4439061145,"(1717, 1039, 270)","(1717.0, 1039.0, 270)"
756,189,0,XM4_x3_x1_x1,0.0,0.0,0.0,"(3171, 3578, 180)","(3171.0, 3578.0, 180)"
757,189,1,XM2_x3_x1_x1,0.0,0.0,0.0,"(1518, 764, 180)","(1518.0, 764.0, 180)"
758,189,2,XM3_x3_x1_x1,0.0,0.0,0.0,"(3730, 4264, 0)","(3730.0, 4264.0, 0)"
759,189,3,XM1_x3_x1_x1,-25819.536562555404,25023.0,634470.4954875772,"(416, 3067, 0)","(416.0, 3067.0, 0)"
760,190,0,XM2_x3_x1_x1,0.0,0.0,0.0,"(1455, 7, 180)","(1455.0, 7.0, 180)"
761,190,1,XM3_x3_x1_x1,0.0,0.0,0.0,"(2669, 2762, 180)","(2669.0, 2156.0, 180)"
762,190,2,XM4_x3_x1_x1,0.0,0.0,0.0,"(2578, 2846, 90)","(2578.0, 2846.0, 90)"
763,190,3,XM1_x3_x1_x1,-22925.59239598367,22171.0,569409.6840763736,"(700, 4168, 270)","(700.0, 4168.0, 270)"
764,191,0,XM1_x3_x1_x1,0.0,0.0,0.0,"(476, 2522, 0)","(476.0, 2522.0, 0)"
765,191,1,XM3_x3_x1_x1,0.0,0.0,0.0,"(3395, 2519, 180)","(3395.0, 2519.0, 180)"
766,191,2,XM2_x3_x1_x1,0.0,0.0,0.0,"(4106, 2344, 180)","(4106.0, 2344.0, 180)"
767,191,3,XM4_x3_x1_x1,-20856.085213739836,20083.0,597660.7477031677,"(1262, 1446, 90)","(1262.0, 1446.0, 90)"
768,192,0,XM4_x3_x1_x1,0.0,0.0,0.0,"(3725, 3229, 180)","(3725.0, 3229.0, 180)"
769,192,1,XM2_x3_x1_x1,0.0,0.0,0.0,"(2432, 1586, 270)","(2432.0, 1586.0, 270)"
770,192,2,XM3_x3_x1_x1,0.0,0.0,0.0,"(1624, 2131, 180)","(1624.0, 2131.0, 180)"
771,192,3,XM1_x3_x1_x1,-16591.053289757914,15955.0,404563.78741186735,"(3505, 1163, 180)","(3505.0, 1163.0, 180)"
772,193,0,XM2_x3_x1_x1,0.0,0.0,0.0,"(1146, 3806, 90)","(1146.0, 3806.0, 90)"
773,193,1,XM1_x3_x1_x1,0.0,0.0,0.0,"(4209, 1327, 0)","(4209.0, 1327.0, 0)"
774,193,2,XM4_x3_x1_x1,0.0,0.0,0.0,"(718, 529, 180)","(718.0, 529.0, 180)"
775,193,3,XM3_x3_x1_x1,-22108.728495090054,21531.0,333770.2140390186,"(1547, 1149, 180)","(1547.0, 1149.0, 180)"
776,194,0,XM2_x3_x1_x1,0.0,0.0,0.0,"(1203, 2845, 0)","(1203.0, 2845.0, 0)"
777,194,1,XM3_x3_x1_x1,0.0,0.0,0.0,"(3567, 772, 0)","(3567.0, 772.0, 0)"
778,194,2,XM1_x3_x1_x1,0.0,0.0,0.0,"(643, 3743, 180)","(643.0, 3743.0, 180)"
779,194,3,XM4_x3_x1_x1,-23023.931847211243,22195.0,687128.0073210424,"(2314, 3644, 180)","(2314.0, 3644.0, 180)"
780,195,0,XM2_x3_x1_x1,0.0,0.0,0.0,"(4298, 1301, 180)","(4298.0, 1301.0, 180)"
781,195,1,XM4_x3_x1_x1,0.0,0.0,0.0,"(3051, 2416, 90)","(3051.0, 2416.0, 90)"
782,195,2,XM3_x3_x1_x1,0.0,0.0,0.0,"(2709, 3714, 180)","(2709.0, 3714.0, 180)"
783,195,3,XM1_x3_x1_x1,-12161.279738858597,11794.0,134894.406576039,"(2031, 3337, 270)","(2031.0, 3337.0, 270)"
784,196,0,XM2_x3_x1_x1,0.0,0.0,0.0,"(1218, 3046, 0)","(1218.0, 3046.0, 0)"
785,196,1,XM4_x3_x1_x1,0.0,0.0,0.0,"(393, 1157, 90)","(393.0, 1157.0, 90)"
786,196,2,XM3_x3_x1_x1,0.0,0.0,0.0,"(3534, 476, 90)","(3534.0, 476.0, 90)"
787,196,3,XM1_x3_x1_x1,-18456.319001119795,18032.0,180046.61471130044,"(721, 794, 180)","(721.0, 467.0, 180)"
788,197,0,XM2_x3_x1_x1,0.0,0.0,0.0,"(1296, 3192, 90)","(1296.0, 3192.0, 90)"
789,197,1,XM1_x3_x1_x1,0.0,0.0,0.0,"(2398, 2652, 0)","(3027.5, 2652.0, 0)"
790,197,2,XM3_x3_x1_x1,0.0,0.0,0.0,"(210, 2392, 180)","(210.0, 2392.0, 180)"
791,197,3,XM4_x3_x1_x1,-15209.865687660662,14553.5,430815.91593825433,"(2290, 2544, 270)","(2290.0, 2544.0, 270)"
792,198,0,XM3_x3_x1_x1,0.0,0.0,0.0,"(672, 595, 180)","(672.0, 595.0, 180)"
793,198,1,XM2_x3_x1_x1,0.0,0.0,0.0,"(1120, 1546, 0)","(1120.0, 1546.0, 0)"
794,198,2,XM1_x3_x1_x1,0.0,0.0,0.0,"(2988, 1318, 90)","(2988.0, 1318.0, 90)"
795,198,3,XM4_x3_x1_x1,-20724.95702667503,20053.0,451526.2456979456,"(2650, 4055, 0)","(2650.0, 4055.0, 0)"
796,199,0,XM1_x3_x1_x1,0.0,0.0,0.0,"(2851, 2509, 180)","(2851.0, 2509.0, 180)"
797,199,1,XM3_x3_x1_x1,0.0,0.0,0.0,"(2894, 531, 180)","(2894.0, 531.0, 180)"
798,199,2,XM2_x3_x1_x1,0.0,0.0,0.0,"(506, 3320, 0)","(506.0, 3320.0, 0)"
799,199,3,XM4_x3_x1_x1,-15494.515085545556,15012.0,232820.80777903457,"(2195, 2640, 180)","(2195.0, 2640.0, 180)"
800,200,0,XM4_x3_x1_x1,0.0,0.0,0.0,"(4061, 4168, 90)","(4061.0, 4168.0, 90)"
801,200,1,XM1_x3_x1_x1,0.0,0.0,0.0,"(925, 1566, 0)","(925.0, 1566.0, 0)"
802,200,2,XM3_x3_x1_x1,0.0,0.0,0.0,"(1262, 1086, 180)","(1262.0, 1086.0, 180)"
803,200,3,XM2_x3_x1_x1,-19327.738013938448,18779.0,301113.407941111,"(4315, 669, 270)","(4315.0, 669.0, 270)"
804,201,0,XM2_x3_x1_x1,0.0,0.0,0.0,"(3823, 1126, 0)","(3823.0, 1126.0, 0)"
805,201,1,XM1_x3_x1_x1,0.0,0.0,0.0,"(1644, 2284, 0)","(1644.0, 2284.0, 0)"
806,201,2,XM4_x3_x1_x1,0.0,0.0,0.0,"(3436, 3349, 270)","(3436.0, 3349.0, 270)"
807,201,3,XM3_x3_x1_x1,-18353.897280308982,17792.0,315728.55361863185,"(2996, 4283, 270)","(2996.0, 4283.0, 270)"
808,202,0,XM2_x3_x1_x1,0.0,0.0,0.0,"(2212, 687, 90)","(2212.0, 687.0, 90)"
809,202,1,XM4_x3_x1_x1,0.0,0.0,0.0,"(3260, 2315, 0)","(3260.0, 2315.0, 0)"
810,202,2,XM3_x3_x1_x1,0.0,0.0,0.0,"(1646, 4029, 180)","(1646.0, 4029.0, 180)"
811,202,3,XM1_x3_x1_x1,-17322.114569667905,16878.0,197237.75099130784,"(3996, 3819, 270)","(3996.0, 3819.0, 270)"
812,203,0,XM3_x3_x1_x1,0.0,0.0,0.0,"(1074, 4239, 180)","(1074.0, 4239.0, 180)"
813,203,1,XM4_x3_x1_x1,0.0,0.0,0.0,"(2715, 3276, 270)","(2715.0, 3276.0, 270)"
814,203,2,XM2_x3_x1_x1,0.0,0.0,0.0,"(3652, 1245, 180)","(3652.0, 1245.0, 180)"
815,203,3,XM1_x3_x1_x1,-14604.866273522088,14164.0,194363.07112925308,"(1372, 3559, 0)","(1372.0, 3559.0, 0)"
816,204,0,XM3_x3_x1_x1,0.0,0.0,0.0,"(237, 3626, 270)","(237.0, 3626.0, 270)"
817,204,1,XM1_x3_x1_x1,0.0,0.0,0.0,"(2552, 2970, 90)","(2552.0, 2970.0, 90)"
818,204,2,XM4_x3_x1_x1,0.0,0.0,0.0,"(3163, 250, 90)","(3195.0, 250.0, 90)"
819,204,3,XM2_x3_x1_x1,-15223.782405660915,14823.0,160626.5366873508,"(2016, 300, 90)","(2016.0, 300.0, 90)"
820,205,0,XM2_x3_x1_x1,0.0,0.0,0.0,"(4307, 1077, 0)","(4307.0, 1077.0, 0)"
821,205,1,XM4_x3_x1_x1,0.0,0.0,0.0,"(2491, 1621, 270)","(2491.0, 1621.0, 270)"
822,205,2,XM1_x3_x1_x1,0.0,0.0,0.0,"(2985, 431, 0)","(2985.0, 431.0, 0)"
823,205,3,XM3_x3_x1_x1,-20471.875073714553,19807.0,442058.8636469318,"(692, 2631, 270)","(692.0, 2631.0, 270)"
824,206,0,XM2_x3_x1_x1,0.0,0.0,0.0,"(2177, 3510, 0)","(2177.0, 3510.0, 0)"
825,206,1,XM1_x3_x1_x1,0.0,0.0,0.0,"(289, 2774, 270)","(289.0, 2774.0, 270)"
826,206,2,XM4_x3_x1_x1,0.0,0.0,0.0,"(4003, 1682, 90)","(4003.0, 1682.0, 90)"
827,206,3,XM3_x3_x1_x1,-21912.41324795355,21148.0,584327.6136468952,"(3571, 3584, 90)","(3571.0, 3584.0, 90)"
828,207,0,XM1_x3_x1_x1,0.0,0.0,0.0,"(429, 2140, 270)","(429.0, 2140.0, 270)"
829,207,1,XM3_x3_x1_x1,0.0,0.0,0.0,"(1039, 1210, 0)","(880.0, 1210.0, 0)"
830,207,2,XM2_x3_x1_x1,0.0,0.0,0.0,"(3122, 968, 90)","(3122.0, 968.0, 90)"
831,207,3,XM4_x3_x1_x1,-12405.86498597001,12069.0,113478.01877257548,"(1226, 695, 180)","(1226.0, 695.0, 180)"
832,208,0,XM3_x3_x1_x1,0.0,0.0,0.0,"(411, 463, 180)","(-78.0, 463.0, 180)"
833,208,1,XM1_x3_x1_x1,0.0,0.0,0.0,"(218, 809, 180)","(218.0, 809.0, 180)"
834,208,2,XM4_x3_x1_x1,0.0,0.0,0.0,"(1904, 2289, 90)","(1904.0, 2289.0, 90)"
835,208,3,XM2_x3_x1_x1,-8841.12421234759,8545.0,87689.54913847982,"(1178, 1705, 270)","(1178.0, 1705.0, 270)"
836,209,0,XM3_x3_x1_x1,0.0,0.0,0.0,"(3852, 416, 90)","(3852.0, 416.0, 90)"
837,209,1,XM1_x3_x1_x1,0.0,0.0,0.0,"(590, 1941, 0)","(590.0, 1941.0, 0)"
838,209,2,XM4_x3_x1_x1,0.0,0.0,0.0,"(496, 3121, 0)","(496.0, 3121.0, 0)"
839,209,3,XM2_x3_x1_x1,-24330.290201934728,23561.0,591807.4147927748,"(3230, 1937, 180)","(3230.0, 1937.0, 180)"
840,210,0,XM3_x3_x1_x1,0.0,0.0,0.0,"(1962, 2891, 180)","(1962.0, 2891.0, 180)"
841,210,1,XM2_x3_x1_x1,0.0,0.0,0.0,"(3827, 2071, 180)","(3827.0, 2071.0, 180)"
842,210,2,XM4_x3_x1_x1,0.0,0.0,0.0,"(1995, 1644, 0)","(1995.0, 1644.0, 0)"
843,210,3,XM1_x3_x1_x1,-18072.083758970657,17240.0,692363.3819427366,"(3504, 887, 0)","(3504.0, 887.0, 0)"
844,211,0,XM4_x3_x1_x1,0.0,0.0,0.0,"(3517, 1478, 0)","(3517.0, 1478.0, 0)"
845,211,1,XM3_x3_x1_x1,0.0,0.0,0.0,"(2224, 1334, 270)","(2224.0, 1334.0, 270)"
846,211,2,XM2_x3_x1_x1,0.0,0.0,0.0,"(939, 105, 270)","(939.0, 105.0, 270)"
847,211,3,XM1_x3_x1_x1,-25304.33186433155,24531.0,598042.1723905103,"(172, 3933, 270)","(172.0, 3933.0, 270)"
848,212,0,XM1_x3_x1_x1,0.0,0.0,0.0,"(3015, 3294, 180)","(3015.0, 3315.0, 180)"
849,212,1,XM2_x3_x1_x1,0.0,0.0,0.0,"(2573, 2625, 270)","(2573.0, 2625.0, 270)"
850,212,2,XM3_x3_x1_x1,0.0,0.0,0.0,"(1598, 1864, 180)","(1598.0, 1864.0, 180)"
851,212,3,XM4_x3_x1_x1,-13252.951661228943,12733.0,270349.7300147363,"(3083, 3518, 180)","(3361.0, 3518.0, 180)"
852,213,0,XM2_x3_x1_x1,0.0,0.0,0.0,"(1604, 1153, 0)","(1604.0, 1153.0, 0)"
853,213,1,XM4_x3_x1_x1,0.0,0.0,0.0,"(842, 1889, 180)","(842.0, 1889.0, 180)"
854,213,2,XM3_x3_x1_x1,0.0,0.0,0.0,"(1129, 3497, 180)","(1129.0, 3497.0, 180)"
855,213,3,XM1_x3_x1_x1,-21757.74819699762,21014.0,553161.3805372122,"(4237, 1020, 180)","(4237.0, 1020.0, 180)"
856,214,0,XM2_x3_x1_x1,0.0,0.0,0.0,"(3603, 1756, 180)","(3603.0, 1998.5, 180)"
857,214,1,XM1_x3_x1_x1,0.0,0.0,0.0,"(177, 1752, 90)","(177.0, 1752.0, 90)"
858,214,2,XM3_x3_x1_x1,0.0,0.0,0.0,"(1790, 520, 0)","(1790.0, 520.0, 0)"
859,214,3,XM4_x3_x1_x1,-14180.811862852901,13743.5,191241.66539187403,"(3447, 1211, 90)","(3447.0, 1211.0, 90)"
860,215,0,XM4_x3_x1_x1,0.0,0.0,0.0,"(4209, 3559, 270)","(4209.0, 3559.0, 270)"
861,215,1,XM1_x3_x1_x1,0.0,0.0,0.0,"(3253, 2375, 90)","(3253.0, 2375.0, 90)"
862,215,2,XM2_x3_x1_x1,0.0,0.0,0.0,"(3142, 22, 180)","(3142.0, 22.0, 180)"
863,215,3,XM3_x3_x1_x1,-19165.88036105672,18572.0,352693.88324885955,"(2050, 1896, 90)","(2050.0, 1896.0, 90)"
864,216,0,XM2_x3_x1_x1,0.0,0.0,0.0,"(3041, 2644, 180)","(3041.0, 2644.0, 180)"
865,216,1,XM1_x3_x1_x1,0.0,0.0,0.0,"(702, 2999, 270)","(702.0, 2999.0, 270)"
866,216,2,XM3_x3_x1_x1,0.0,0.0,0.0,"(1037, 590, 270)","(1037.0, 590.0, 270)"
867,216,3,XM4_x3_x1_x1,-18531.49236237834,18014.0,267798.34511991625,"(1845, 265, 180)","(1845.0, 265.0, 180)"
868,217,0,XM2_x3_x1_x1,0.0,0.0,0.0,"(662, 524, 0)","(662.0, 524.0, 0)"
869,217,1,XM3_x3_x1_x1,0.0,0.0,0.0,"(2257, 1720, 180)","(2257.0, 1720.0, 180)"
870,217,2,XM1_x3_x1_x1,0.0,0.0,0.0,"(3434, 485, 180)","(3434.0, 485.0, 180)"
871,217,3,XM4_x3_x1_x1,-19089.85668827566,18411.0,460846.4032165959,"(3848, 192, 180)","(3848.0, 192.0, 180)"
872,218,0,XM4_x3_x1_x1,0.0,0.0,0.0,"(1976, 816, 180)","(1976.0, 816.0, 180)"
873,218,1,XM1_x3_x1_x1,0.0,0.0,0.0,"(2115, 2711, 180)","(2115.0, 2711.0, 180)"
874,218,2,XM3_x3_x1_x1,0.0,0.0,0.0,"(157, 2745, 0)","(157.0, 2745.0, 0)"
875,218,3,XM2_x3_x1_x1,-13927.09751714225,13488.0,192806.6295604894,"(327, 997, 180)","(327.0, 997.0, 180)"
876,219,0,XM1_x3_x1_x1,0.0,0.0,0.0,"(2454, 2792, 180)","(2454.0, 2792.0, 180)"
877,219,1,XM3_x3_x1_x1,0.0,0.0,0.0,"(3301, 1186, 0)","(3301.0, 1186.0, 0)"
878,219,2,XM4_x3_x1_x1,0.0,0.0,0.0,"(1831, 688, 180)","(1831.0, 688.0, 180)"
879,219,3,XM2_x3_x1_x1,-20792.585242081586,20156.0,405240.7704360707,"(62, 3439, 180)","(62.0, 3439.0, 180)"
880,220,0,XM2_x3_x1_x1,0.0,0.0,0.0,"(1236, 2544, 180)","(1236.0, 2544.0, 180)"
881,220,1,XM4_x3_x1_x1,0.0,0.0,0.0,"(1534, 3197, 180)","(1534.0, 3723.0, 180)"
882,220,2,XM3_x3_x1_x1,0.0,0.0,0.0,"(4002, 809, 0)","(4002.0, 809.0, 0)"
883,220,3,XM1_x3_x1_x1,-13727.795025478776,13459.0,72250.76572213527,"(2042, 1192, 0)","(2042.0, 1192.0, 0)"
884,221,0,XM3_x3_x1_x1,0.0,0.0,0.0,"(290, 4011, 0)","(290.0, 4011.0, 0)"
885,221,1,XM4_x3_x1_x1,0.0,0.0,0.0,"(3031, 2206, 180)","(3031.0, 2206.0, 180)"
886,221,2,XM1_x3_x1_x1,0.0,0.0,0.0,"(3896, 1713, 270)","(3896.0, 1713.0, 270)"
887,221,3,XM2_x3_x1_x1,-28133.793077388982,27285.0,720449.6882234567,"(1381, 29, 0)","(1381.0, 29.0, 0)"
888,222,0,XM2_x3_x1_x1,0.0,0.0,0.0,"(3836, 2016, 180)","(3836.0, 2016.0, 180)"
889,222,1,XM1_x3_x1_x1,0.0,0.0,0.0,"(1017, 2818, 270)","(1017.0, 2818.0, 270)"
890,222,2,XM4_x3_x1_x1,0.0,0.0,0.0,"(952, 659, 0)","(952.0, 659.0, 0)"
891,222,3,XM3_x3_x1_x1,-19046.8474159508,18468.0,335064.3309529177,"(2907, 2622, 180)","(2907.0, 2622.0, 180)"
892,223,0,XM4_x3_x1_x1,0.0,0.0,0.0,"(1638, 2473, 0)","(1638.0, 2473.0, 0)"
893,223,1,XM2_x3_x1_x1,0.0,0.0,0.0,"(3975, 823, 270)","(3975.0, 823.0, 270)"
894,223,2,XM1_x3_x1_x1,0.0,0.0,0.0,"(3706, 166, 0)","(3706.0, 133.0, 0)"
895,223,3,XM3_x3_x1_x1,-18050.624895143043,17494.0,309831.2738930045,"(1883, 282, 270)","(1883.0, 282.0, 270)"
896,224,0,XM2_x3_x1_x1,0.0,0.0,0.0,"(506, 146, 270)","(506.0, 146.0, 270)"
897,224,1,XM4_x3_x1_x1,0.0,0.0,0.0,"(2332, 4237, 270)","(2332.0, 4237.0, 270)"
898,224,2,XM3_x3_x1_x1,0.0,0.0,0.0,"(2647, 1974, 180)","(2647.0, 1974.0, 180)"
899,224,3,XM1_x3_x1_x1,-20610.438307256303,19978.0,399978.21248521877,"(2753, 1630, 180)","(2943.0, 1630.0, 180)"
900,225,0,XM2_x3_x1_x1,0.0,0.0,0.0,"(3020, 3298, 90)","(3020.0, 3298.0, 90)"
901,225,1,XM4_x3_x1_x1,0.0,0.0,0.0,"(2653, 921, 180)","(2653.0, 808.5, 180)"
902,225,2,XM1_x3_x1_x1,0.0,0.0,0.0,"(3579, 886, 180)","(3579.0, 886.0, 180)"
903,225,3,XM3_x3_x1_x1,-12329.634681679301,11900.5,184156.57501999554,"(3084, 1546, 270)","(3084.0, 1546.0, 270)"
904,226,0,XM4_x3_x1_x1,0.0,0.0,0.0,"(3350, 526, 180)","(3350.0, 526.0, 180)"
905,226,1,XM3_x3_x1_x1,0.0,0.0,0.0,"(1156, 2432, 180)","(1156.0, 2432.0, 180)"
906,226,2,XM1_x3_x1_x1,0.0,0.0,0.0,"(2991, 347, 180)","(2991.0, 347.0, 180)"
907,226,3,XM2_x3_x1_x1,-20817.280845331767,20184.0,401044.6290641153,"(216, 277, 180)","(216.0, 277.0, 180)"
908,227,0,XM2_x3_x1_x1,0.0,0.0,0.0,"(3183, 2205, 0)","(3183.0, 2205.0, 0)"
909,227,1,XM4_x3_x1_x1,0.0,0.0,0.0,"(2707, 4088, 270)","(2707.0, 4388.0, 270)"
910,227,2,XM3_x3_x1_x1,0.0,0.0,0.0,"(2562, 3698, 180)","(2562.0, 3698.0, 180)"
911,227,3,XM1_x3_x1_x1,-17271.006086837893,16727.0,295942.6225166759,"(1061, 1902, 90)","(1061.0, 1902.0, 90)"
912,228,0,XM3_x3_x1_x1,0.0,0.0,0.0,"(1748, 3953, 180)","(1748.0, 3953.0, 180)"
913,228,1,XM4_x3_x1_x1,0.0,0.0,0.0,"(2654, 1351, 0)","(2654.0, 1351.0, 0)"
914,228,2,XM2_x3_x1_x1,0.0,0.0,0.0,"(2860, 3405, 0)","(2860.0, 3405.0, 0)"
915,228,3,XM1_x3_x1_x1,-13735.870181935576,13332.0,163111.12385667433,"(969, 2699, 0)","(969.0, 2699.0, 0)"
916,229,0,XM1_x3_x1_x1,0.0,0.0,0.0,"(901, 3779, 0)","(901.0, 3779.0, 0)"
917,229,1,XM2_x3_x1_x1,0.0,0.0,0.0,"(3013, 411, 180)","(3013.0, 411.0, 180)"
918,229,2,XM4_x3_x1_x1,0.0,0.0,0.0,"(2472, 3301, 270)","(2472.0, 3301.0, 270)"
919,229,3,XM3_x3_x1_x1,-18774.57604565702,18253.0,272041.5714032143,"(1263, 1450, 270)","(1263.0, 1450.0, 270)"
920,230,0,XM1_x3_x1_x1,0.0,0.0,0.0,"(3963, 1784, 180)","(4000.0, 1784.0, 180)"
921,230,1,XM4_x3_x1_x1,0.0,0.0,0.0,"(458, 1694, 270)","(458.0, 1694.0, 270)"
922,230,2,XM2_x3_x1_x1,0.0,0.0,0.0,"(3654, 2737, 0)","(3654.0, 2737.0, 0)"
923,230,3,XM3_x3_x1_x1,-20915.444120862696,20251.0,441485.98974899994,"(2859, 204, 90)","(2859.0, 204.0, 90)"
924,231,0,XM2_x3_x1_x1,0.0,0.0,0.0,"(1767, 4097, 90)","(1767.0, 4097.0, 90)"
925,231,1,XM4_x3_x1_x1,0.0,0.0,0.0,"(2253, 1828, 0)","(2253.0, 1828.0, 0)"
926,231,2,XM3_x3_x1_x1,0.0,0.0,0.0,"(2498, 2960, 0)","(2498.0, 2960.0, 0)"
927,231,3,XM1_x3_x1_x1,-14902.087838020394,14404.5,247593.6565458096,"(2553, 1132, 270)","(2553.0, 1090.5, 270)"
928,232,0,XM3_x3_x1_x1,0.0,0.0,0.0,"(1921, 3221, 180)","(1921.0, 3221.0, 180)"
929,232,1,XM1_x3_x1_x1,0.0,0.0,0.0,"(3216, 3129, 180)","(3216.0, 3129.0, 180)"
930,232,2,XM4_x3_x1_x1,0.0,0.0,0.0,"(1019, 875, 90)","(1019.0, 875.0, 90)"
931,232,3,XM2_x3_x1_x1,-15913.413109606901,15474.0,193083.88089440722,"(3918, 1512, 270)","(3918.0, 1512.0, 270)"
932,233,0,XM1_x3_x1_x1,0.0,0.0,0.0,"(4110, 3049, 180)","(4171.5, 3049.0, 180)"
933,233,1,XM2_x3_x1_x1,0.0,0.0,0.0,"(393, 1365, 270)","(393.0, 1365.0, 270)"
934,233,2,XM4_x3_x1_x1,0.0,0.0,0.0,"(3434, 2705, 270)","(3434.0, 2705.0, 270)"
935,233,3,XM3_x3_x1_x1,-21567.60743751084,20882.5,469372.20093266905,"(2115, 3521, 0)","(2115.0, 3521.0, 0)"
936,234,0,XM2_x3_x1_x1,0.0,0.0,0.0,"(3661, 2974, 0)","(3661.0, 2974.0, 0)"
937,234,1,XM1_x3_x1_x1,0.0,0.0,0.0,"(4083, 196, 180)","(4083.0, 196.0, 180)"
938,234,2,XM3_x3_x1_x1,0.0,0.0,0.0,"(326, 0, 0)","(626.0, 0.0, 0)"
939,234,3,XM4_x3_x1_x1,-27673.94900801805,26862.0,659261.1916214955,"(280, 742, 180)","(280.0, 742.0, 180)"
940,235,0,XM3_x3_x1_x1,0.0,0.0,0.0,"(29, 695, 180)","(29.0, 695.0, 180)"
941,235,1,XM2_x3_x1_x1,0.0,0.0,0.0,"(2599, 2254, 180)","(2599.0, 2254.0, 180)"
942,235,2,XM4_x3_x1_x1,0.0,0.0,0.0,"(3492, 4320, 180)","(3492.0, 4320.0, 180)"
943,235,3,XM1_x3_x1_x1,-25109.08042138808,24378.0,534478.5825369742,"(1927, 4284, 270)","(1927.0, 4284.0, 270)"
944,236,0,XM3_x3_x1_x1,0.0,0.0,0.0,"(187, 2874, 180)","(187.0, 2874.0, 180)"
945,236,1,XM4_x3_x1_x1,0.0,0.0,0.0,"(2888, 3846, 0)","(2888.0, 3846.0, 0)"
946,236,2,XM2_x3_x1_x1,0.0,0.0,0.0,"(3617, 2279, 90)","(3617.0, 2279.0, 90)"
947,236,3,XM1_x3_x1_x1,-13296.575705635718,12862.0,188856.04392878184,"(925, 2862, 0)","(925.0, 2862.0, 0)"
948,237,0,XM1_x3_x1_x1,0.0,0.0,0.0,"(3484, 2079, 0)","(3484.0, 2079.0, 0)"
949,237,1,XM4_x3_x1_x1,0.0,0.0,0.0,"(618, 1214, 180)","(618.0, 1214.0, 180)"
950,237,2,XM3_x3_x1_x1,0.0,0.0,0.0,"(2711, 1486, 180)","(2711.0, 1486.0, 180)"
951,237,3,XM2_x3_x1_x1,-14237.233046339084,13870.0,134860.11032348368,"(835, 3405, 90)","(835.0, 3405.0, 90)"
952,238,0,XM1_x3_x1_x1,0.0,0.0,0.0,"(2200, 380, 90)","(2200.0, 380.0, 90)"
953,238,1,XM3_x3_x1_x1,0.0,0.0,0.0,"(1315, 3075, 0)","(1315.0, 3075.0, 0)"
954,238,2,XM4_x3_x1_x1,0.0,0.0,0.0,"(1665, 2883, 180)","(1665.0, 2883.0, 180)"
955,238,3,XM2_x3_x1_x1,-15677.824345473915,15107.5,325269.85904024896,"(1332, 4151, 0)","(1332.0, 4156.5, 0)"
956,239,0,XM4_x3_x1_x1,0.0,0.0,0.0,"(1676, 1180, 180)","(1676.0, 1180.0, 180)"
957,239,1,XM2_x3_x1_x1,0.0,0.0,0.0,"(2186, 3645, 180)","(2186.0, 3645.0, 180)"
958,239,2,XM3_x3_x1_x1,0.0,0.0,0.0,"(1200, 638, 0)","(1200.0, 638.0, 0)"
959,239,3,XM1_x3_x1_x1,-15599.03444845101,15072.0,277765.3098540609,"(780, 2323, 0)","(780.0, 2323.0, 0)"
960,240,0,XM1_x3_x1_x1,0.0,0.0,0.0,"(1104, 587, 270)","(1104.0, 587.0, 270)"
961,240,1,XM2_x3_x1_x1,0.0,0.0,0.0,"(208, 26, 180)","(208.0, 26.0, 180)"
962,240,2,XM3_x3_x1_x1,0.0,0.0,0.0,"(4204, 173, 180)","(4204.0, 173.0, 180)"
963,240,3,XM4_x3_x1_x1,-31883.1344650406,30968.0,837471.0891051448,"(3818, 4210, 270)","(3818.0, 4210.0, 270)"
964,241,0,XM1_x3_x1_x1,0.0,0.0,0.0,"(671, 2275, 0)","(663.0, 2275.0, 0)"
965,241,1,XM3_x3_x1_x1,0.0,0.0,0.0,"(1303, 1906, 90)","(1303.0, 1906.0, 90)"
966,241,2,XM4_x3_x1_x1,0.0,0.0,0.0,"(1938, 3290, 180)","(1938.0, 3290.0, 180)"
967,241,3,XM2_x3_x1_x1,-13850.95787241776,13239.0,374492.4376140722,"(497, 1159, 0)","(497.0, 1159.0, 0)"
968,242,0,XM2_x3_x1_x1,0.0,0.0,0.0,"(1551, 136, 180)","(1551.0, 136.0, 180)"
969,242,1,XM1_x3_x1_x1,0.0,0.0,0.0,"(3542, 238, 180)","(3542.0, 238.0, 180)"
970,242,2,XM4_x3_x1_x1,0.0,0.0,0.0,"(3817, 799, 180)","(3888.0, 799.0, 180)"
971,242,3,XM3_x3_x1_x1,-19774.538744670623,19225.0,301992.8318941643,"(116, 958, 180)","(116.0, 958.0, 180)"
972,243,0,XM2_x3_x1_x1,0.0,0.0,0.0,"(2234, 4303, 180)","(2234.0, 4402.5, 180)"
973,243,1,XM1_x3_x1_x1,0.0,0.0,0.0,"(3687, 2033, 180)","(3687.0, 2033.0, 180)"
974,243,2,XM3_x3_x1_x1,0.0,0.0,0.0,"(2452, 3321, 0)","(2452.0, 3321.0, 0)"
975,243,3,XM4_x3_x1_x1,-16383.886325542027,15809.5,329919.6509696719,"(4315, 3432, 0)","(4315.0, 3432.0, 0)"
976,244,0,XM2_x3_x1_x1,0.0,0.0,0.0,"(2245, 4049, 90)","(2332.5, 4049.0, 90)"
977,244,1,XM4_x3_x1_x1,0.0,0.0,0.0,"(401, 3054, 90)","(401.0, 2933.0, 90)"
978,244,2,XM3_x3_x1_x1,0.0,0.0,0.0,"(409, 3623, 0)","(409.0, 3623.0, 0)"
979,244,3,XM1_x3_x1_x1,-12615.387806572307,12031.5,340924.97066382045,"(1251, 3974, 270)","(1251.0, 3974.0, 270)"
980,245,0,XM4_x3_x1_x1,0.0,0.0,0.0,"(2128, 1903, 0)","(2128.0, 1903.0, 0)"
981,245,1,XM3_x3_x1_x1,0.0,0.0,0.0,"(3072, 1914, 270)","(3072.0, 1914.0, 270)"
982,245,2,XM1_x3_x1_x1,0.0,0.0,0.0,"(3457, 3645, 270)","(3457.0, 3645.0, 270)"
983,245,3,XM2_x3_x1_x1,-18825.454832137617,18294.0,282444.2386024217,"(340, 4245, 270)","(340.0, 4245.0, 270)"
984,246,0,XM2_x3_x1_x1,0.0,0.0,0.0,"(2078, 3775, 180)","(2078.0, 3775.0, 180)"
985,246,1,XM1_x3_x1_x1,0.0,0.0,0.0,"(1644, 1316, 90)","(1644.0, 1316.0, 90)"
986,246,2,XM3_x3_x1_x1,0.0,0.0,0.0,"(1754, 4238, 0)","(1754.0, 4856.5, 0)"
987,246,3,XM4_x3_x1_x1,-23824.444434645986,22986.5,702150.8755541797,"(970, 362, 270)","(970.0, 362.0, 270)"
988,247,0,XM1_x3_x1_x1,0.0,0.0,0.0,"(4070, 4096, 0)","(4070.0, 4096.0, 0)"
989,247,1,XM4_x3_x1_x1,0.0,0.0,0.0,"(3119, 1209, 0)","(3119.0, 1209.0, 0)"
990,247,2,XM2_x3_x1_x1,0.0,0.0,0.0,"(3614, 621, 90)","(3614.0, 421.5, 90)"
991,247,3,XM3_x3_x1_x1,-22095.764610590733,21376.5,517341.58004823746,"(997, 1288, 0)","(997.0, 1288.0, 0)"
992,248,0,XM2_x3_x1_x1,0.0,0.0,0.0,"(2864, 1605, 180)","(2864.0, 1605.0, 180)"
993,248,1,XM3_x3_x1_x1,0.0,0.0,0.0,"(4195, 3074, 180)","(4195.0, 3074.0, 180)"
994,248,2,XM1_x3_x1_x1,0.0,0.0,0.0,"(3909, 952, 90)","(3909.0, 952.0, 90)"
995,248,3,XM4_x3_x1_x1,-12938.730707735447,12541.0,158189.71587573987,"(3296, 3029, 0)","(3296.0, 3029.0, 0)"
996,249,0,XM1_x3_x1_x1,0.0,0.0,0.0,"(3726, 258, 180)","(3726.0, 258.0, 180)"
997,249,1,XM2_x3_x1_x1,0.0,0.0,0.0,"(3229, 3602, 270)","(3229.0, 3602.0, 270)"
998,249,2,XM3_x3_x1_x1,0.0,0.0,0.0,"(2895, 1284, 90)","(2895.0, 1284.0, 90)"
999,249,3,XM4_x3_x1_x1,-17597.71075665339,17021.0,332595.2968397226,"(3708, 167, 0)","(4072.0, 167.0, 0)"
1000,250,0,XM2_x3_x1_x1,0.0,0.0,0.0,"(1928, 1908, 0)","(1928.0, 2018.5, 0)"
1001,250,1,XM3_x3_x1_x1,0.0,0.0,0.0,"(2125, 34, 90)","(2125.0, 34.0, 90)"
1002,250,2,XM4_x3_x1_x1,0.0,0.0,0.0,"(781, 768, 180)","(781.0, 768.0, 180)"
1003,250,3,XM1_x3_x1_x1,-11548.828239184695,11128.5,176675.82865610623,"(1939, 1281, 90)","(1939.0, 1281.0, 90)"
1004,251,0,XM1_x3_x1_x1,0.0,0.0,0.0,"(1162, 4121, 180)","(1162.0, 4121.0, 180)"
1005,251,1,XM3_x3_x1_x1,0.0,0.0,0.0,"(2199, 198, 270)","(2199.0, 198.0, 270)"
1006,251,2,XM2_x3_x1_x1,0.0,0.0,0.0,"(2396, 3758, 0)","(2396.0, 3758.0, 0)"
1007,251,3,XM4_x3_x1_x1,-20132.895904461227,19420.0,508220.5705975893,"(1722, 2437, 90)","(1722.0, 2437.0, 90)"
1008,252,0,XM4_x3_x1_x1,0.0,0.0,0.0,"(4295, 3799, 270)","(4295.0, 3800.0, 270)"
1009,252,1,XM3_x3_x1_x1,0.0,0.0,0.0,"(285, 1767, 270)","(285.0, 1767.0, 270)"
1010,252,2,XM2_x3_x1_x1,0.0,0.0,0.0,"(3800, 2608, 90)","(3800.0, 2420.0, 90)"
1011,252,3,XM1_x3_x1_x1,-21267.337549342312,20579.0,473808.5818345787,"(3640, 3110, 180)","(3640.0, 3110.0, 180)"
1012,253,0,XM1_x3_x1_x1,0.0,0.0,0.0,"(698, 292, 270)","(698.0, 292.0, 270)"
1013,253,1,XM2_x3_x1_x1,0.0,0.0,0.0,"(64, 1761, 0)","(64.0, 1761.0, 0)"
1014,253,2,XM4_x3_x1_x1,0.0,0.0,0.0,"(4282, 515, 0)","(4282.0, 515.0, 0)"
1015,253,3,XM3_x3_x1_x1,-18541.38584398247,18005.0,287709.7736247848,"(615, 235, 270)","(615.0, -4.0, 270)"
1016,254,0,XM2_x3_x1_x1,0.0,0.0,0.0,"(2074, 3032, 0)","(2074.0, 3032.0, 0)"
1017,254,1,XM4_x3_x1_x1,0.0,0.0,0.0,"(3941, 3822, 90)","(3941.0, 3822.0, 90)"
1018,254,2,XM3_x3_x1_x1,0.0,0.0,0.0,"(2275, 2348, 0)","(2420.0, 2348.0, 0)"
1019,254,3,XM1_x3_x1_x1,-17527.158478698897,16963.0,318274.78908785206,"(200, 2564, 180)","(200.0, 2564.0, 180)"
1020,255,0,XM2_x3_x1_x1,0.0,0.0,0.0,"(2823, 3018, 180)","(2823.0, 3018.0, 180)"
1021,255,1,XM4_x3_x1_x1,0.0,0.0,0.0,"(3639, 956, 180)","(3639.0, 956.0, 180)"
1022,255,2,XM3_x3_x1_x1,0.0,0.0,0.0,"(3275, 910, 0)","(3275.0, 910.0, 0)"
1023,255,3,XM1_x3_x1_x1,-19290.9496591076,18524.0,588211.7796052633,"(1814, 3450, 270)","(1814.0, 3450.0, 270)"
1024,256,0,XM1_x3_x1_x1,0.0,0.0,0.0,"(3818, 265, 270)","(3818.0, 265.0, 270)"
1025,256,1,XM2_x3_x1_x1,0.0,0.0,0.0,"(2641, 1863, 270)","(2641.0, 1863.0, 270)"
1026,256,2,XM3_x3_x1_x1,0.0,0.0,0.0,"(4304, 1115, 0)","(4304.0, 1115.0, 0)"
1027,256,3,XM4_x3_x1_x1,-10162.093281504527,9870.5,85026.64181857787,"(2276, 2621, 180)","(2276.0, 2650.5, 180)"
1028,257,0,XM3_x3_x1_x1,0.0,0.0,0.0,"(2606, 3260, 180)","(2606.0, 3260.0, 180)"
1029,257,1,XM4_x3_x1_x1,0.0,0.0,0.0,"(1816, 3471, 180)","(1816.0, 3471.0, 180)"
1030,257,2,XM2_x3_x1_x1,0.0,0.0,0.0,"(1986, 1876, 270)","(1986.0, 1876.0, 270)"
1031,257,3,XM1_x3_x1_x1,-14257.41464891526,13843.0,171739.50123555842,"(4275, 2349, 180)","(4275.0, 2349.0, 180)"
1032,258,0,XM3_x3_x1_x1,0.0,0.0,0.0,"(67, 2287, 270)","(67.0, 2287.0, 270)"
1033,258,1,XM4_x3_x1_x1,0.0,0.0,0.0,"(3087, 657, 180)","(3087.0, 657.0, 180)"
1034,258,2,XM2_x3_x1_x1,0.0,0.0,0.0,"(1560, 3487, 270)","(1560.0, 3487.0, 270)"
1035,258,3,XM1_x3_x1_x1,-21033.02031745829,20347.0,470623.8759655737,"(1498, 904, 180)","(1498.0, 904.0, 180)"
1036,259,0,XM4_x3_x1_x1,0.0,0.0,0.0,"(819, 184, 270)","(819.0, 184.0, 270)"
1037,259,1,XM2_x3_x1_x1,0.0,0.0,0.0,"(1200, 1334, 180)","(1200.0, 1334.0, 180)"
1038,259,2,XM1_x3_x1_x1,0.0,0.0,0.0,"(3523, 1922, 90)","(3523.0, 1922.0, 90)"
1039,259,3,XM3_x3_x1_x1,-11438.635464457146,11076.0,131504.4800820501,"(3302, 1328, 270)","(3302.0, 1328.0, 270)"
1040,260,0,XM4_x3_x1_x1,0.0,0.0,0.0,"(3058, 1068, 180)","(3058.0, 1068.0, 180)"
1041,260,1,XM1_x3_x1_x1,0.0,0.0,0.0,"(2957, 4203, 0)","(2957.0, 4203.0, 0)"
1042,260,2,XM2_x3_x1_x1,0.0,0.0,0.0,"(1242, 405, 270)","(1242.0, 405.0, 270)"
1043,260,3,XM3_x3_x1_x1,-16305.800018864407,15804.0,251803.25893231895,"(2113, 2623, 180)","(2113.0, 2623.0, 180)"
1044,261,0,XM1_x3_x1_x1,0.0,0.0,0.0,"(2894, 4254, 0)","(2894.0, 4254.0, 0)"
1045,261,1,XM3_x3_x1_x1,0.0,0.0,0.0,"(3421, 3471, 0)","(3421.0, 3471.0, 0)"
1046,261,2,XM4_x3_x1_x1,0.0,0.0,0.0,"(1510, 2544, 180)","(1510.0, 2544.0, 180)"
1047,261,3,XM2_x3_x1_x1,-10013.047106419164,9767.0,60539.17857724388,"(1325, 3993, 180)","(1325.0, 3993.0, 180)"
1048,262,0,XM2_x3_x1_x1,0.0,0.0,0.0,"(1786, 1462, 90)","(1951.5, 1462.0, 90)"
1049,262,1,XM4_x3_x1_x1,0.0,0.0,0.0,"(725, 869, 90)","(725.0, 869.0, 90)"
1050,262,2,XM3_x3_x1_x1,0.0,0.0,0.0,"(830, 1465, 270)","(830.0, 1465.0, 270)"
1051,262,3,XM1_x3_x1_x1,-8578.364926291346,8225.5,124513.65620659685,"(870, 1603, 90)","(870.0, 1761.0, 90)"
1052,263,0,XM2_x3_x1_x1,0.0,0.0,0.0,"(3790, 1682, 180)","(3790.0, 1682.0, 180)"
1053,263,1,XM4_x3_x1_x1,0.0,0.0,0.0,"(3408, 1642, 180)","(3074.0, 1642.0, 180)"
1054,263,2,XM1_x3_x1_x1,0.0,0.0,0.0,"(2133, 749, 270)","(2133.0, 749.0, 270)"
1055,263,3,XM3_x3_x1_x1,-8713.641022905618,8374.0,115356.02444037488,"(3420, 1399, 180)","(3420.0, 1399.0, 180)"
1056,264,0,XM2_x3_x1_x1,0.0,0.0,0.0,"(2442, 3809, 270)","(2442.0, 3809.0, 270)"
1057,264,1,XM4_x3_x1_x1,0.0,0.0,0.0,"(2793, 2289, 0)","(2793.0, 2289.0, 0)"
1058,264,2,XM3_x3_x1_x1,0.0,0.0,0.0,"(778, 1694, 0)","(778.0, 1694.0, 0)"
1059,264,3,XM1_x3_x1_x1,-13471.668543416252,13164.0,94659.93260787777,"(201, 627, 180)","(201.0, 627.0, 180)"
1060,265,0,XM2_x3_x1_x1,0.0,0.0,0.0,"(806, 208, 0)","(806.0, 208.0, 0)"
1061,265,1,XM1_x3_x1_x1,0.0,0.0,0.0,"(3943, 2784, 90)","(3943.0, 2784.0, 90)"
1062,265,2,XM3_x3_x1_x1,0.0,0.0,0.0,"(2222, 3141, 270)","(2222.0, 3141.0, 270)"
1063,265,3,XM4_x3_x1_x1,-16229.225335428651,15767.0,213652.26071213,"(2411, 1012, 180)","(2411.0, 1012.0, 180)"
1064,266,0,XM3_x3_x1_x1,0.0,0.0,0.0,"(3244, 4073, 180)","(3244.0, 4073.0, 180)"
1065,266,1,XM4_x3_x1_x1,0.0,0.0,0.0,"(3734, 2020, 90)","(3734.0, 2020.0, 90)"
1066,266,2,XM2_x3_x1_x1,0.0,0.0,0.0,"(2947, 1608, 90)","(2947.0, 1590.0, 90)"
1067,266,3,XM1_x3_x1_x1,-12544.682483196066,12121.0,179506.8465671842,"(2461, 1936, 270)","(2461.0, 1936.0, 270)"
1068,267,0,XM3_x3_x1_x1,0.0,0.0,0.0,"(1940, 2639, 180)","(1940.0, 2639.0, 180)"
1069,267,1,XM4_x3_x1_x1,0.0,0.0,0.0,"(1305, 3698, 180)","(1305.0, 3698.0, 180)"
1070,267,2,XM1_x3_x1_x1,0.0,0.0,0.0,"(4209, 1777, 180)","(4209.0, 1777.0, 180)"
1071,267,3,XM2_x3_x1_x1,-16639.911064154854,16196.0,197057.0328790952,"(417, 2767, 0)","(417.0, 2767.0, 0)"
1072,268,0,XM1_x3_x1_x1,0.0,0.0,0.0,"(4045, 923, 90)","(4045.0, 923.0, 90)"
1073,268,1,XM4_x3_x1_x1,0.0,0.0,0.0,"(3377, 1455, 90)","(3377.0, 1455.0, 90)"
1074,268,2,XM3_x3_x1_x1,0.0,0.0,0.0,"(3914, 482, 180)","(3914.0, 283.0, 180)"
1075,268,3,XM2_x3_x1_x1,-18079.760525513902,17530.0,302236.63541332044,"(498, 3063, 270)","(498.0, 3063.0, 270)"
1076,269,0,XM1_x3_x1_x1,0.0,0.0,0.0,"(2783, 2998, 270)","(2783.0, 2998.0, 270)"
1077,269,1,XM2_x3_x1_x1,0.0,0.0,0.0,"(1308, 2110, 0)","(1308.0, 2110.0, 0)"
1078,269,2,XM3_x3_x1_x1,0.0,0.0,0.0,"(1177, 1887, 270)","(1177.0, 1372.5, 270)"
1079,269,3,XM4_x3_x1_x1,-13687.584186291891,13082.5,366126.87250051973,"(1420, 1475, 180)","(1867.0, 1475.0, 180)"
1080,270,0,XM3_x3_x1_x1,0.0,0.0,0.0,"(547, 863, 0)","(547.0, 863.0, 0)"
1081,270,1,XM4_x3_x1_x1,0.0,0.0,0.0,"(278, 3958, 180)","(278.0, 3958.0, 180)"
1082,270,2,XM2_x3_x1_x1,0.0,0.0,0.0,"(1620, 3365, 180)","(1620.0, 3365.0, 180)"
1083,270,3,XM1_x3_x1_x1,-16467.16890863382,16076.0,153013.11508177198,"(2866, 1736, 0)","(2866.0, 1736.0, 0)"
1084,271,0,XM1_x3_x1_x1,0.0,0.0,0.0,"(1199, 3598, 180)","(1199.0, 3598.0, 180)"
1085,271,1,XM4_x3_x1_x1,0.0,0.0,0.0,"(3382, 2094, 270)","(3382.0, 2094.0, 270)"
1086,271,2,XM2_x3_x1_x1,0.0,0.0,0.0,"(4290, 2487, 270)","(4290.0, 2490.0, 270)"
1087,271,3,XM3_x3_x1_x1,-13306.74554512067,12934.0,138939.24140730512,"(1823, 1687, 90)","(1823.0, 1687.0, 90)"
1088,272,0,XM2_x3_x1_x1,0.0,0.0,0.0,"(1982, 3279, 180)","(1982.0, 3279.0, 180)"
1089,272,1,XM1_x3_x1_x1,0.0,0.0,0.0,"(548, 3123, 0)","(118.0, 3123.0, 0)"
1090,272,2,XM3_x3_x1_x1,0.0,0.0,0.0,"(758, 2969, 90)","(758.0, 2969.0, 90)"
1091,272,3,XM4_x3_x1_x1,-11633.246611410534,11213.5,176187.2177906261,"(418, 2074, 180)","(418.0, 2041.5, 180)"
1092,273,0,XM4_x3_x1_x1,0.0,0.0,0.0,"(3759, 1281, 270)","(3759.0, 1281.0, 270)"
1093,273,1,XM1_x3_x1_x1,0.0,0.0,0.0,"(585, 2342, 90)","(585.0, 2342.0, 90)"
1094,273,2,XM2_x3_x1_x1,0.0,0.0,0.0,"(966, 490, 180)","(966.0, 490.0, 180)"
1095,273,3,XM3_x3_x1_x1,-19007.044439428864,18580.0,182366.95324711138,"(281, 3959, 180)","(281.0, 3959.0, 180)"
1096,274,0,XM2_x3_x1_x1,0.0,0.0,0.0,"(3692, 3144, 0)","(3692.0, 3144.0, 0)"
1097,274,1,XM3_x3_x1_x1,0.0,0.0,0.0,"(3787, 560, 180)","(3787.0, 560.0, 180)"
1098,274,2,XM4_x3_x1_x1,0.0,0.0,0.0,"(3614, 4007, 0)","(3614.0, 4323.0, 0)"
1099,274,3,XM1_x3_x1_x1,-21352.272863213304,20732.0,384738.42483882967,"(243, 2337, 0)","(243.0, 2337.0, 0)"
1100,275,0,XM1_x3_x1_x1,0.0,0.0,0.0,"(2798, 191, 0)","(2798.0, 191.0, 0)"
1101,275,1,XM3_x3_x1_x1,0.0,0.0,0.0,"(979, 590, 270)","(979.0, 590.0, 270)"
1102,275,2,XM2_x3_x1_x1,0.0,0.0,0.0,"(3083, 3297, 90)","(3083.0, 3297.0, 90)"
1103,275,3,XM4_x3_x1_x1,-16573.343353111577,16141.0,186920.774979761,"(1549, 4274, 180)","(1549.0, 4274.0, 180)"
1104,276,0,XM2_x3_x1_x1,0.0,0.0,0.0,"(3474, 1181, 180)","(3474.0, 1181.0, 180)"
1105,276,1,XM4_x3_x1_x1,0.0,0.0,0.0,"(1794, 1258, 180)","(1794.0, 1258.0, 180)"
1106,276,2,XM3_x3_x1_x1,0.0,0.0,0.0,"(391, 4151, 180)","(391.0, 4151.0, 180)"
1107,276,3,XM1_x3_x1_x1,-22408.81058001498,21749.0,435350.00149970164,"(3894, 1823, 270)","(3894.0, 1918.5, 270)"
1108,277,0,XM1_x3_x1_x1,0.0,0.0,0.0,"(1540, 4094, 270)","(1540.0, 4094.0, 270)"
1109,277,1,XM4_x3_x1_x1,0.0,0.0,0.0,"(394, 4207, 90)","(394.0, 4207.0, 90)"
1110,277,2,XM2_x3_x1_x1,0.0,0.0,0.0,"(1338, 1270, 180)","(1338.0, 1270.0, 180)"
1111,277,3,XM3_x3_x1_x1,-23911.37172587621,23018.0,798113.0405950396,"(516, 233, 180)","(516.0, 233.0, 180)"
1112,278,0,XM2_x3_x1_x1,0.0,0.0,0.0,"(3121, 2255, 180)","(3121.0, 2590.5, 180)"
1113,278,1,XM1_x3_x1_x1,0.0,0.0,0.0,"(3082, 1853, 90)","(3082.0, 1853.0, 90)"
1114,278,2,XM3_x3_x1_x1,0.0,0.0,0.0,"(2360, 1581, 180)","(2360.0, 1581.0, 180)"
1115,278,3,XM4_x3_x1_x1,-11893.533801047712,11495.5,158430.9067764888,"(3420, 284, 90)","(3420.0, 284.0, 90)"
1116,279,0,XM4_x3_x1_x1,0.0,0.0,0.0,"(1175, 1856, 0)","(1009.0, 1856.0, 0)"
1117,279,1,XM2_x3_x1_x1,0.0,0.0,0.0,"(2525, 3824, 90)","(2525.0, 3824.0, 90)"
1118,279,2,XM3_x3_x1_x1,0.0,0.0,0.0,"(3772, 117, 180)","(3772.0, 117.0, 180)"
1119,279,3,XM1_x3_x1_x1,-21429.83437368162,20792.0,406832.68824982725,"(1355, 1210, 0)","(1355.0, 1210.0, 0)"
1120,280,0,XM4_x3_x1_x1,0.0,0.0,0.0,"(1429, 1289, 180)","(1429.0, 1289.0, 180)"
1121,280,1,XM1_x3_x1_x1,0.0,0.0,0.0,"(1221, 4154, 0)","(1221.0, 4154.0, 0)"
1122,280,2,XM3_x3_x1_x1,0.0,0.0,0.0,"(1207, 122, 270)","(1207.0, 122.0, 270)"
1123,280,3,XM2_x3_x1_x1,-23508.33530837489,22927.0,337950.7407633301,"(3715, 37, 90)","(3715.0, 37.0, 90)"
1124,281,0,XM2_x3_x1_x1,0.0,0.0,0.0,"(1483, 1003, 180)","(1483.0, 1003.0, 180)"
1125,281,1,XM3_x3_x1_x1,0.0,0.0,0.0,"(2280, 3079, 270)","(2280.0, 3079.0, 270)"
1126,281,2,XM4_x3_x1_x1,0.0,0.0,0.0,"(2872, 3733, 90)","(2872.0, 3733.0, 90)"
1127,281,3,XM1_x3_x1_x1,-24941.976580085255,24065.0,769087.9220180316,"(248, 357, 180)","(248.0, 357.0, 180)"
1128,282,0,XM2_x3_x1_x1,0.0,0.0,0.0,"(4278, 2860, 90)","(4278.0, 2860.0, 90)"
1129,282,1,XM1_x3_x1_x1,0.0,0.0,0.0,"(2343, 3525, 180)","(2343.0, 3525.0, 180)"
1130,282,2,XM3_x3_x1_x1,0.0,0.0,0.0,"(2487, 4160, 180)","(2487.0, 4509.0, 180)"
1131,282,3,XM4_x3_x1_x1,-10285.983413955686,10027.0,67072.40870414198,"(3451, 2069, 180)","(3451.0, 2069.0, 180)"
1132,283,0,XM3_x3_x1_x1,0.0,0.0,0.0,"(306, 3126, 90)","(306.0, 3126.0, 90)"
1133,283,1,XM4_x3_x1_x1,0.0,0.0,0.0,"(3929, 1384, 0)","(3929.0, 1384.0, 0)"
1134,283,2,XM1_x3_x1_x1,0.0,0.0,0.0,"(2438, 3409, 180)","(2438.0, 3409.0, 180)"
1135,283,3,XM2_x3_x1_x1,-18277.51179384307,17779.0,248514.00860063737,"(2453, 3498, 180)","(2784.0, 3498.0, 180)"
1136,284,0,XM3_x3_x1_x1,0.0,0.0,0.0,"(691, 1442, 270)","(691.0, 1442.0, 270)"
1137,284,1,XM1_x3_x1_x1,0.0,0.0,0.0,"(4041, 2739, 90)","(4041.0, 2739.0, 90)"
1138,284,2,XM4_x3_x1_x1,0.0,0.0,0.0,"(2132, 1575, 180)","(2132.0, 1575.0, 180)"
1139,284,3,XM2_x3_x1_x1,-20629.67358230544,19885.0,554538.7441836166,"(3866, 827, 270)","(3866.0, 827.0, 270)"
1140,285,0,XM2_x3_x1_x1,0.0,0.0,0.0,"(2212, 3545, 180)","(2212.0, 4125.5, 180)"
1141,285,1,XM1_x3_x1_x1,0.0,0.0,0.0,"(2126, 2346, 0)","(2126.0, 2346.0, 0)"
1142,285,2,XM3_x3_x1_x1,0.0,0.0,0.0,"(2542, 3388, 270)","(2542.0, 3388.0, 270)"
1143,285,3,XM4_x3_x1_x1,-15472.856456490774,14810.5,438716.07545501454,"(3554, 1691, 0)","(3554.0, 1691.0, 0)"
1144,286,0,XM4_x3_x1_x1,0.0,0.0,0.0,"(2677, 2763, 270)","(2677.0, 2763.0, 270)"
1145,286,1,XM1_x3_x1_x1,0.0,0.0,0.0,"(2880, 1065, 0)","(2880.0, 1065.0, 0)"
1146,286,2,XM3_x3_x1_x1,0.0,0.0,0.0,"(373, 2275, 90)","(373.0, 2275.0, 90)"
1147,286,3,XM2_x3_x1_x1,-18448.936109024467,17732.0,513997.38442314335,"(1597, 982, 270)","(1597.0, 982.0, 270)"
1148,287,0,XM4_x3_x1_x1,0.0,0.0,0.0,"(2553, 2527, 0)","(2553.0, 2527.0, 0)"
1149,287,1,XM1_x3_x1_x1,0.0,0.0,0.0,"(1158, 3218, 270)","(1158.0, 3218.0, 270)"
1150,287,2,XM3_x3_x1_x1,0.0,0.0,0.0,"(2981, 3212, 270)","(2981.0, 3264.5, 270)"
1151,287,3,XM2_x3_x1_x1,-13853.464144592142,13516.5,113544.83474071436,"(3966, 1426, 0)","(3966.0, 1426.0, 0)"
1152,288,0,XM4_x3_x1_x1,0.0,0.0,0.0,"(335, 4122, 180)","(335.0, 4122.0, 180)"
1153,288,1,XM2_x3_x1_x1,0.0,0.0,0.0,"(2994, 3998, 270)","(2994.0, 3998.0, 270)"
1154,288,2,XM3_x3_x1_x1,0.0,0.0,0.0,"(2409, 2776, 0)","(2409.0, 2776.0, 0)"
1155,288,3,XM1_x3_x1_x1,-14516.990570957014,14140.0,142121.89059049523,"(1293, 3390, 270)","(1293.0, 3390.0, 270)"
1156,289,0,XM1_x3_x1_x1,0.0,0.0,0.0,"(2822, 2588, 180)","(2822.0, 2588.0, 180)"
1157,289,1,XM4_x3_x1_x1,0.0,0.0,0.0,"(3460, 694, 180)","(3460.0, 694.0, 180)"
1158,289,2,XM2_x3_x1_x1,0.0,0.0,0.0,"(3034, 1609, 270)","(3034.0, 1609.0, 270)"
1159,289,3,XM3_x3_x1_x1,-12786.84223401891,12210.0,332746.96294792753,"(3436, 587, 180)","(3806.0, 587.0, 180)"
1160,290,0,XM1_x3_x1_x1,0.0,0.0,0.0,"(191, 3892, 180)","(191.0, 3892.0, 180)"
1161,290,1,XM2_x3_x1_x1,0.0,0.0,0.0,"(1110, 1080, 270)","(1110.0, 1080.0, 270)"
1162,290,2,XM3_x3_x1_x1,0.0,0.0,0.0,"(1124, 718, 90)","(1124.0, 718.0, 90)"
1163,290,3,XM4_x3_x1_x1,-19875.636661699606,19288.0,345316.8461734554,"(3016, 1129, 0)","(3016.0, 1129.0, 0)"
1164,291,0,XM3_x3_x1_x1,0.0,0.0,0.0,"(2368, 3805, 270)","(2368.0, 3805.0, 270)"
1165,291,1,XM1_x3_x1_x1,0.0,0.0,0.0,"(4255, 4244, 270)","(4255.0, 4244.0, 270)"
1166,291,2,XM4_x3_x1_x1,0.0,0.0,0.0,"(3737, 3014, 180)","(3737.0, 3014.0, 180)"
1167,291,3,XM2_x3_x1_x1,-12896.477132318856,12411.0,235688.04600454014,"(2540, 2984, 0)","(2540.0, 2984.0, 0)"
1168,292,0,XM4_x3_x1_x1,0.0,0.0,0.0,"(3556, 3519, 0)","(3556.0, 3519.0, 0)"
1169,292,1,XM1_x3_x1_x1,0.0,0.0,0.0,"(2224, 4099, 180)","(2224.0, 4099.0, 180)"
1170,292,2,XM2_x3_x1_x1,0.0,0.0,0.0,"(3363, 2067, 270)","(3363.0, 2067.0, 270)"
1171,292,3,XM3_x3_x1_x1,-14497.37987392995,13898.0,359256.2332722822,"(3608, 2791, 0)","(3902.0, 2791.0, 0)"
1172,293,0,XM3_x3_x1_x1,0.0,0.0,0.0,"(3158, 1105, 180)","(3158.0, 1105.0, 180)"
1173,293,1,XM4_x3_x1_x1,0.0,0.0,0.0,"(4206, 3339, 0)","(4206.0, 3339.0, 0)"
1174,293,2,XM2_x3_x1_x1,0.0,0.0,0.0,"(1948, 2105, 180)","(1948.0, 2105.0, 180)"
1175,293,3,XM1_x3_x1_x1,-15057.078542873247,14545.0,262224.4340711877,"(2486, 1923, 180)","(2486.0, 1923.0, 180)"
1176,294,0,XM1_x3_x1_x1,0.0,0.0,0.0,"(663, 1088, 180)","(663.0, 1088.0, 180)"
1177,294,1,XM3_x3_x1_x1,0.0,0.0,0.0,"(677, 2864, 0)","(677.0, 2864.0, 0)"
1178,294,2,XM2_x3_x1_x1,0.0,0.0,0.0,"(3419, 395, 180)","(3419.0, 395.0, 180)"
1179,294,3,XM4_x3_x1_x1,-19192.964276147453,18616.0,332887.7759503547,"(57, 877, 0)","(57.0, 877.0, 0)"
1180,295,0,XM2_x3_x1_x1,0.0,0.0,0.0,"(933, 800, 180)","(933.0, 800.0, 180)"
1181,295,1,XM4_x3_x1_x1,0.0,0.0,0.0,"(2588, 4282, 180)","(2588.0, 4282.0, 180)"
1182,295,2,XM1_x3_x1_x1,0.0,0.0,0.0,"(1908, 2713, 180)","(1908.0, 2713.0, 180)"
1183,295,3,XM3_x3_x1_x1,-18634.737224739827,17929.0,498065.0303834744,"(1760, 2131, 0)","(1612.0, 2131.0, 0)"
1184,296,0,XM2_x3_x1_x1,0.0,0.0,0.0,"(2947, 3533, 270)","(2947.0, 3533.0, 270)"
1185,296,1,XM3_x3_x1_x1,0.0,0.0,0.0,"(1052, 66, 0)","(1052.0, 66.0, 0)"
1186,296,2,XM1_x3_x1_x1,0.0,0.0,0.0,"(1809, 2533, 90)","(1809.0, 2533.0, 90)"
1187,296,3,XM4_x3_x1_x1,-19046.965203009022,18561.0,236162.1785355995,"(3456, 1016, 0)","(3456.0, 1016.0, 0)"
1188,297,0,XM2_x3_x1_x1,0.0,0.0,0.0,"(1803, 355, 270)","(1803.0, 355.0, 270)"
1189,297,1,XM3_x3_x1_x1,0.0,0.0,0.0,"(1121, 706, 180)","(669.5, 706.0, 180)"
1190,297,2,XM1_x3_x1_x1,0.0,0.0,0.0,"(2563, 2524, 270)","(2563.0, 2524.0, 270)"
1191,297,3,XM4_x3_x1_x1,-15069.187623973627,14487.5,338360.4918840832,"(1182, 374, 180)","(1015.5, 374.0, 180)"
1192,298,0,XM3_x3_x1_x1,0.0,0.0,0.0,"(3498, 48, 180)","(3498.0, 48.0, 180)"
1193,298,1,XM2_x3_x1_x1,0.0,0.0,0.0,"(1101, 510, 180)","(1101.0, 510.0, 180)"
1194,298,2,XM1_x3_x1_x1,0.0,0.0,0.0,"(1532, 413, 180)","(1532.0, 413.0, 180)"
1195,298,3,XM4_x3_x1_x1,-25366.810803152504,24619.0,559220.9973115931,"(4192, 3823, 180)","(4192.0, 3823.0, 180)"
1196,299,0,XM4_x3_x1_x1,0.0,0.0,0.0,"(1756, 3219, 180)","(1756.0, 3219.0, 180)"
1197,299,1,XM2_x3_x1_x1,0.0,0.0,0.0,"(625, 3577, 180)","(625.0, 3577.0, 180)"
1198,299,2,XM1_x3_x1_x1,0.0,0.0,0.0,"(3910, 86, 180)","(3910.0, 86.0, 180)"
1199,299,3,XM3_x3_x1_x1,-15333.85731369146,15062.0,73906.39900753666,"(3883, 2242, 90)","(3883.0, 2242.0, 90)"
1200,300,0,XM3_x3_x1_x1,0.0,0.0,0.0,"(1843, 2787, 180)","(1843.0, 2787.0, 180)"
1201,300,1,XM4_x3_x1_x1,0.0,0.0,0.0,"(3364, 905, 180)","(3364.0, 905.0, 180)"
1202,300,2,XM2_x3_x1_x1,0.0,0.0,0.0,"(1850, 1500, 270)","(1850.0, 1500.0, 270)"
1203,300,3,XM1_x3_x1_x1,-13373.210334533787,12899.0,224875.44137864717,"(2237, 773, 180)","(2237.0, 773.0, 180)"
1204,301,0,XM4_x3_x1_x1,0.0,0.0,0.0,"(1921, 656, 90)","(1921.0, 656.0, 90)"
1205,301,1,XM2_x3_x1_x1,0.0,0.0,0.0,"(3277, 2834, 90)","(3277.0, 2834.0, 90)"
1206,301,2,XM1_x3_x1_x1,0.0,0.0,0.0,"(2627, 3860, 180)","(2627.0, 3860.0, 180)"
1207,301,3,XM3_x3_x1_x1,-21081.959854399607,20319.0,582107.7394254709,"(1195, 1421, 0)","(1195.0, 1421.0, 0)"
1208,302,0,XM2_x3_x1_x1,0.0,0.0,0.0,"(2299, 2044, 180)","(2299.0, 2044.0, 180)"
1209,302,1,XM1_x3_x1_x1,0.0,0.0,0.0,"(3320, 206, 0)","(3320.0, 139.0, 0)"
1210,302,2,XM3_x3_x1_x1,0.0,0.0,0.0,"(3276, 1123, 0)","(3276.0, 1123.0, 0)"
1211,302,3,XM4_x3_x1_x1,-10959.577815759103,10671.0,83277.15574829454,"(4105, 1566, 270)","(4105.0, 1566.0, 270)"
1212,303,0,XM1_x3_x1_x1,0.0,0.0,0.0,"(972, 450, 90)","(972.0, 450.0, 90)"
1213,303,1,XM3_x3_x1_x1,0.0,0.0,0.0,"(216, 2111, 0)","(216.0, 2111.0, 0)"
1214,303,2,XM2_x3_x1_x1,0.0,0.0,0.0,"(1604, 1701, 0)","(1604.0, 1701.0, 0)"
1215,303,3,XM4_x3_x1_x1,-12678.016952726826,12228.0,202515.25774153863,"(1426, 5, 180)","(1662.0, 5.0, 180)"
1216,304,0,XM4_x3_x1_x1,0.0,0.0,0.0,"(837, 2595, 0)","(837.0, 2595.0, 0)"
1217,304,1,XM3_x3_x1_x1,0.0,0.0,0.0,"(3295, 890, 180)","(3295.0, 890.0, 180)"
1218,304,2,XM2_x3_x1_x1,0.0,0.0,0.0,"(2240, 2136, 270)","(2240.0, 2136.0, 270)"
1219,304,3,XM1_x3_x1_x1,-11623.245680968774,11319.0,92565.43438815334,"(3624, 271, 180)","(3624.0, 271.0, 180)"
1220,305,0,XM1_x3_x1_x1,0.0,0.0,0.0,"(2390, 1238, 270)","(2390.0, 1238.0, 270)"
1221,305,1,XM2_x3_x1_x1,0.0,0.0,0.0,"(2120, 1636, 270)","(2120.0, 1636.0, 270)"
1222,305,2,XM4_x3_x1_x1,0.0,0.0,0.0,"(935, 4153, 180)","(935.0, 4153.0, 180)"
1223,305,3,XM3_x3_x1_x1,-22536.176363240706,21607.0,863368.7140052243,"(594, 3972, 180)","(589.0, 3972.0, 180)"
1224,306,0,XM1_x3_x1_x1,0.0,0.0,0.0,"(2031, 943, 180)","(1798.0, 943.0, 180)"
1225,306,1,XM3_x3_x1_x1,0.0,0.0,0.0,"(210, 3532, 270)","(210.0, 3532.0, 270)"
1226,306,2,XM4_x3_x1_x1,0.0,0.0,0.0,"(2144, 1380, 180)","(2144.0, 1380.0, 180)"
1227,306,3,XM2_x3_x1_x1,-17158.584660276585,16594.0,318755.8386196278,"(2231, 167, 180)","(2231.0, 167.0, 180)"
1228,307,0,XM2_x3_x1_x1,0.0,0.0,0.0,"(991, 923, 180)","(991.0, 923.0, 180)"
1229,307,1,XM3_x3_x1_x1,0.0,0.0,0.0,"(736, 3296, 180)","(736.0, 3296.0, 180)"
1230,307,2,XM1_x3_x1_x1,0.0,0.0,0.0,"(537, 3625, 270)","(537.0, 3936.0, 270)"
1231,307,3,XM4_x3_x1_x1,-9434.137217708174,9142.0,85344.1539702729,"(1082, 2386, 180)","(1082.0, 2386.0, 180)"
1232,308,0,XM1_x3_x1_x1,0.0,0.0,0.0,"(2500, 374, 0)","(2500.0, 374.0, 0)"
1233,308,1,XM3_x3_x1_x1,0.0,0.0,0.0,"(1038, 823, 90)","(1038.0, 823.0, 90)"
1234,308,2,XM4_x3_x1_x1,0.0,0.0,0.0,"(514, 3731, 0)","(514.0, 3731.0, 0)"
1235,308,3,XM2_x3_x1_x1,-15224.839218956971,14837.0,150419.25976115323,"(2553, 3284, 270)","(2553.0, 3284.0, 270)"
1236,309,0,XM4_x3_x1_x1,0.0,0.0,0.0,"(708, 4132, 180)","(708.0, 4132.0, 180)"
1237,309,1,XM3_x3_x1_x1,0.0,0.0,0.0,"(25, 2458, 0)","(25.0, 2458.0, 0)"
1238,309,2,XM2_x3_x1_x1,0.0,0.0,0.0,"(605, 304, 0)","(605.0, 304.0, 0)"
1239,309,3,XM1_x3_x1_x1,-20089.665105260927,19452.0,406616.786467428,"(1973, 1645, 270)","(1973.0, 1645.0, 270)"
1240,310,0,XM4_x3_x1_x1,0.0,0.0,0.0,"(2726, 1179, 180)","(2726.0, 1179.0, 180)"
1241,310,1,XM3_x3_x1_x1,0.0,0.0,0.0,"(401, 3864, 90)","(401.0, 3864.0, 90)"
1242,310,2,XM1_x3_x1_x1,0.0,0.0,0.0,"(2643, 258, 180)","(2643.0, 97.5, 180)"
1243,310,3,XM2_x3_x1_x1,-23183.850517723662,22402.5,610508.6315470332,"(2600, 2556, 270)","(2600.0, 2556.0, 270)"
1244,311,0,XM4_x3_x1_x1,0.0,0.0,0.0,"(1201, 2575, 180)","(1201.0, 2575.0, 180)"
1245,311,1,XM2_x3_x1_x1,0.0,0.0,0.0,"(2168, 1210, 270)","(2168.0, 1210.0, 270)"
1246,311,2,XM3_x3_x1_x1,0.0,0.0,0.0,"(268, 2104, 0)","(268.0, 2104.0, 0)"
1247,311,3,XM1_x3_x1_x1,-23698.546962884673,22878.0,673297.3182992616,"(4253, 319, 270)","(4253.0, 319.0, 270)"
1248,312,0,XM3_x3_x1_x1,0.0,0.0,0.0,"(2375, 4059, 0)","(2375.0, 4059.0, 0)"
1249,312,1,XM1_x3_x1_x1,0.0,0.0,0.0,"(406, 3919, 180)","(406.0, 3919.0, 180)"
1250,312,2,XM2_x3_x1_x1,0.0,0.0,0.0,"(2267, 3189, 270)","(2267.0, 3189.0, 270)"
1251,312,3,XM4_x3_x1_x1,-22768.98194803824,22078.0,477456.05251471786,"(301, 87, 180)","(301.0, 87.0, 180)"
1252,313,0,XM1_x3_x1_x1,0.0,0.0,0.0,"(370, 2371, 270)","(370.0, 2371.0, 270)"
1253,313,1,XM3_x3_x1_x1,0.0,0.0,0.0,"(2100, 1021, 0)","(2100.0, 1021.0, 0)"
1254,313,2,XM2_x3_x1_x1,0.0,0.0,0.0,"(2927, 3627, 0)","(3266.0, 3627.0, 0)"
1255,313,3,XM4_x3_x1_x1,-15352.725954781261,14887.0,216900.66495691738,"(2870, 2815, 180)","(2870.0, 2815.0, 180)"
1256,314,0,XM4_x3_x1_x1,0.0,0.0,0.0,"(3158, 437, 180)","(3158.0, 437.0, 180)"
1257,314,1,XM3_x3_x1_x1,0.0,0.0,0.0,"(2657, 2932, 180)","(2657.0, 2932.0, 180)"
1258,314,2,XM1_x3_x1_x1,0.0,0.0,0.0,"(1018, 2849, 270)","(1018.0, 2849.0, 270)"
1259,314,3,XM2_x3_x1_x1,-15987.241135207469,15537.0,202717.0798329093,"(3047, 3354, 180)","(3047.0, 3354.0, 180)"
1260,315,0,XM3_x3_x1_x1,0.0,0.0,0.0,"(1200, 1821, 0)","(1200.0, 1821.0, 0)"
1261,315,1,XM1_x3_x1_x1,0.0,0.0,0.0,"(3943, 2802, 0)","(3943.0, 2802.0, 0)"
1262,315,2,XM4_x3_x1_x1,0.0,0.0,0.0,"(2626, 993, 270)","(2626.0, 993.0, 270)"
1263,315,3,XM2_x3_x1_x1,-18592.531712327756,17950.0,412847.00134683744,"(2481, 3083, 180)","(2481.0, 3083.0, 180)"
1264,316,0,XM1_x3_x1_x1,0.0,0.0,0.0,"(2826, 2013, 270)","(2826.0, 2013.0, 270)"
1265,316,1,XM4_x3_x1_x1,0.0,0.0,0.0,"(1888, 1834, 180)","(1888.0, 1834.0, 180)"
1266,316,2,XM2_x3_x1_x1,0.0,0.0,0.0,"(1274, 2873, 180)","(1274.0, 2873.0, 180)"
1267,316,3,XM3_x3_x1_x1,-14456.65453658819,13873.0,340652.61807997565,"(1147, 3728, 270)","(1147.0, 3728.0, 270)"
1268,317,0,XM2_x3_x1_x1,0.0,0.0,0.0,"(473, 3989, 270)","(473.0, 3989.0, 270)"
1269,317,1,XM3_x3_x1_x1,0.0,0.0,0.0,"(3469, 2416, 180)","(3469.0, 2416.0, 180)"
1270,317,2,XM4_x3_x1_x1,0.0,0.0,0.0,"(357, 3068, 0)","(357.0, 3068.0, 0)"
1271,317,3,XM1_x3_x1_x1,-15999.51615175371,15557.0,195820.54456291287,"(1376, 1270, 180)","(1376.0, 1270.0, 180)"
1272,318,0,XM3_x3_x1_x1,0.0,0.0,0.0,"(2743, 256, 180)","(2743.0, 256.0, 180)"
1273,318,1,XM1_x3_x1_x1,0.0,0.0,0.0,"(3784, 3708, 270)","(3784.0, 3708.0, 270)"
1274,318,2,XM2_x3_x1_x1,0.0,0.0,0.0,"(3560, 822, 90)","(3560.0, 822.0, 90)"
1275,318,3,XM4_x3_x1_x1,-19790.56458197324,18970.0,673326.2331889229,"(3456, 2351, 270)","(3456.0, 2351.0, 270)"
1276,319,0,XM2_x3_x1_x1,0.0,0.0,0.0,"(2148, 3558, 90)","(2148.0, 4007.5, 90)"
1277,319,1,XM3_x3_x1_x1,0.0,0.0,0.0,"(3583, 2271, 180)","(3583.0, 2271.0, 180)"
1278,319,2,XM1_x3_x1_x1,0.0,0.0,0.0,"(2414, 2003, 90)","(2414.0, 2003.0, 90)"
1279,319,3,XM4_x3_x1_x1,-10849.902652378889,10514.5,112494.93922279438,"(1520, 3220, 0)","(1520.0, 3220.0, 0)"
1280,320,0,XM2_x3_x1_x1,0.0,0.0,0.0,"(3541, 3259, 0)","(3541.0, 3259.0, 0)"
1281,320,1,XM3_x3_x1_x1,0.0,0.0,0.0,"(3829, 1583, 90)","(3829.0, 1583.0, 90)"
1282,320,2,XM4_x3_x1_x1,0.0,0.0,0.0,"(3705, 4227, 270)","(3705.0, 4227.0, 270)"
1283,320,3,XM1_x3_x1_x1,-9422.077607348896,9156.0,70797.29313251292,"(4028, 1125, 180)","(4028.0, 943.0, 180)"
1284,321,0,XM1_x3_x1_x1,0.0,0.0,0.0,"(822, 179, 180)","(822.0, 179.0, 180)"
1285,321,1,XM4_x3_x1_x1,0.0,0.0,0.0,"(912, 1680, 270)","(912.0, 1680.0, 270)"
1286,321,2,XM3_x3_x1_x1,0.0,0.0,0.0,"(3443, 3113, 180)","(3443.0, 3113.0, 180)"
1287,321,3,XM2_x3_x1_x1,-24293.432433537502,23392.0,812580.432233344,"(3438, 1043, 0)","(3438.0, 1043.0, 0)"
1288,322,0,XM1_x3_x1_x1,0.0,0.0,0.0,"(2420, 2397, 180)","(2420.0, 2397.0, 180)"
1289,322,1,XM2_x3_x1_x1,0.0,0.0,0.0,"(2268, 3117, 0)","(2074.0, 3117.0, 0)"
1290,322,2,XM4_x3_x1_x1,0.0,0.0,0.0,"(4039, 281, 0)","(4039.0, 281.0, 0)"
1291,322,3,XM3_x3_x1_x1,-19084.65956975666,18385.0,489523.5135520714,"(2785, 3588, 90)","(2785.0, 3588.0, 90)"
1292,323,0,XM1_x3_x1_x1,0.0,0.0,0.0,"(3292, 1412, 0)","(3292.0, 1412.0, 0)"
1293,323,1,XM3_x3_x1_x1,0.0,0.0,0.0,"(4115, 3238, 0)","(4115.0, 3238.0, 0)"
1294,323,2,XM2_x3_x1_x1,0.0,0.0,0.0,"(1584, 120, 0)","(1584.0, 120.0, 0)"
1295,323,3,XM4_x3_x1_x1,-20954.82489995686,20391.0,317898.5178113633,"(654, 3288, 270)","(654.0, 3288.0, 270)"
1296,324,0,XM4_x3_x1_x1,0.0,0.0,0.0,"(1038, 3693, 180)","(1038.0, 3693.0, 180)"
1297,324,1,XM3_x3_x1_x1,0.0,0.0,0.0,"(43, 2038, 0)","(43.0, 2038.0, 0)"
1298,324,2,XM2_x3_x1_x1,0.0,0.0,0.0,"(3904, 2538, 0)","(3904.0, 2538.0, 0)"
1299,324,3,XM1_x3_x1_x1,-17491.087894770193,16963.0,278876.8246028157,"(363, 3204, 0)","(363.0, 3204.0, 0)"
1300,325,0,XM4_x3_x1_x1,0.0,0.0,0.0,"(2682, 1980, 0)","(2682.0, 1980.0, 0)"
1301,325,1,XM3_x3_x1_x1,0.0,0.0,0.0,"(3092, 1044, 90)","(3092.0, 1044.0, 90)"
1302,325,2,XM1_x3_x1_x1,0.0,0.0,0.0,"(2790, 3704, 0)","(2790.0, 3704.0, 0)"
1303,325,3,XM2_x3_x1_x1,-17157.84476836602,16622.0,287129.61578523216,"(1203, 3314, 180)","(1203.0, 3314.0, 180)"
1304,326,0,XM1_x3_x1_x1,0.0,0.0,0.0,"(1426, 3644, 180)","(1426.0, 3644.0, 180)"
1305,326,1,XM4_x3_x1_x1,0.0,0.0,0.0,"(2410, 1434, 270)","(2410.0, 1434.0, 270)"
1306,326,2,XM3_x3_x1_x1,0.0,0.0,0.0,"(2981, 1210, 180)","(3147.5, 1210.0, 180)"
1307,326,3,XM2_x3_x1_x1,-18468.071817847787,17829.0,408412.7883672768,"(3557, 924, 270)","(3885.0, 924.0, 270)"
1308,327,0,XM3_x3_x1_x1,0.0,0.0,0.0,"(4084, 1686, 180)","(4084.0, 1686.0, 180)"
1309,327,1,XM1_x3_x1_x1,0.0,0.0,0.0,"(4152, 389, 270)","(4152.0, 389.0, 270)"
1310,327,2,XM2_x3_x1_x1,0.0,0.0,0.0,"(2590, 1224, 270)","(2590.0, 1224.0, 270)"
1311,327,3,XM4_x3_x1_x1,-10805.87654813638,10496.0,96023.47508491873,"(3307, 2192, 0)","(3307.0, 2192.0, 0)"
1312,328,0,XM3_x3_x1_x1,0.0,0.0,0.0,"(2504, 2156, 0)","(2504.0, 2156.0, 0)"
1313,328,1,XM2_x3_x1_x1,0.0,0.0,0.0,"(1866, 32, 90)","(1866.0, 32.0, 90)"
1314,328,2,XM1_x3_x1_x1,0.0,0.0,0.0,"(450, 1870, 180)","(450.0, 1870.0, 180)"
1315,328,3,XM4_x3_x1_x1,-16976.60262424103,16298.0,460501.52162681444,"(559, 2096, 0)","(796.0, 2096.0, 0)"
1316,329,0,XM4_x3_x1_x1,0.0,0.0,0.0,"(821, 162, 90)","(821.0, 162.0, 90)"
1317,329,1,XM1_x3_x1_x1,0.0,0.0,0.0,"(2817, 2617, 90)","(2817.0, 2617.0, 90)"
1318,329,2,XM2_x3_x1_x1,0.0,0.0,0.0,"(648, 3405, 0)","(648.0, 3405.0, 0)"
1319,329,3,XM3_x3_x1_x1,-17148.14328839582,16686.0,213576.41900930228,"(1192, 2544, 90)","(1192.0, 2544.0, 90)"
1320,330,0,XM2_x3_x1_x1,0.0,0.0,0.0,"(3429, 1068, 270)","(3429.0, 1068.0, 270)"
1321,330,1,XM3_x3_x1_x1,0.0,0.0,0.0,"(812, 3776, 0)","(812.0, 3776.0, 0)"
1322,330,2,XM1_x3_x1_x1,0.0,0.0,0.0,"(2545, 3376, 180)","(2545.0, 3376.0, 180)"
1323,330,3,XM4_x3_x1_x1,-14673.418643086563,14265.5,166397.6193775825,"(4069, 1340, 180)","(4216.5, 1340.0, 180)"
1324,331,0,XM1_x3_x1_x1,0.0,0.0,0.0,"(886, 431, 0)","(886.0, 43.0, 0)"
1325,331,1,XM4_x3_x1_x1,0.0,0.0,0.0,"(928, 4053, 90)","(928.0, 4053.0, 90)"
1326,331,2,XM2_x3_x1_x1,0.0,0.0,0.0,"(1110, 3075, 90)","(1110.0, 3075.0, 90)"
1327,331,3,XM3_x3_x1_x1,-10236.635054307411,9986.0,62817.93044767914,"(319, 683, 270)","(319.0, 683.0, 270)"
1328,332,0,XM4_x3_x1_x1,0.0,0.0,0.0,"(4175, 1297, 0)","(4428.0, 1297.0, 0)"
1329,332,1,XM1_x3_x1_x1,0.0,0.0,0.0,"(472, 84, 180)","(472.0, 84.0, 180)"
1330,332,2,XM3_x3_x1_x1,0.0,0.0,0.0,"(1721, 342, 0)","(1721.0, 342.0, 0)"
1331,332,3,XM2_x3_x1_x1,-12927.779360414459,12514.0,171213.3591049984,"(4032, 945, 180)","(4032.0, 945.0, 180)"
1332,333,0,XM2_x3_x1_x1,0.0,0.0,0.0,"(84, 2350, 270)","(84.0, 2350.0, 270)"
1333,333,1,XM1_x3_x1_x1,0.0,0.0,0.0,"(3154, 1879, 270)","(3154.0, 1879.0, 270)"
1334,333,2,XM3_x3_x1_x1,0.0,0.0,0.0,"(2164, 2677, 180)","(2164.0, 2677.0, 180)"
1335,333,3,XM4_x3_x1_x1,-12391.85703681523,12023.0,136055.51360811188,"(900, 1308, 180)","(900.0, 1308.0, 180)"
1336,334,0,XM2_x3_x1_x1,0.0,0.0,0.0,"(2730, 2280, 90)","(2730.0, 2280.0, 90)"
1337,334,1,XM1_x3_x1_x1,0.0,0.0,0.0,"(1542, 1751, 270)","(1542.0, 1751.0, 270)"
1338,334,2,XM4_x3_x1_x1,0.0,0.0,0.0,"(4139, 3274, 0)","(4139.0, 3274.0, 0)"
1339,334,3,XM3_x3_x1_x1,-13001.285885589436,12620.0,145378.9265497205,"(1582, 3036, 0)","(1582.0, 3036.0, 0)"
1340,335,0,XM2_x3_x1_x1,0.0,0.0,0.0,"(4070, 2273, 0)","(4070.0, 2273.0, 0)"
1341,335,1,XM1_x3_x1_x1,0.0,0.0,0.0,"(160, 4067, 0)","(160.0, 4067.0, 0)"
1342,335,2,XM4_x3_x1_x1,0.0,0.0,0.0,"(2978, 4217, 180)","(2978.0, 4217.0, 180)"
1343,335,3,XM3_x3_x1_x1,-20460.136924541785,19836.0,389546.9005764787,"(1689, 1990, 270)","(1689.0, 1990.0, 270)"
1344,336,0,XM3_x3_x1_x1,0.0,0.0,0.0,"(486, 4116, 180)","(486.0, 4116.0, 180)"
1345,336,1,XM2_x3_x1_x1,0.0,0.0,0.0,"(2413, 3457, 270)","(2413.0, 3457.0, 270)"
1346,336,2,XM1_x3_x1_x1,0.0,0.0,0.0,"(3426, 2027, 0)","(3426.0, 2027.0, 0)"
1347,336,3,XM4_x3_x1_x1,-24714.16852062765,23797.0,841198.0952303109,"(1086, 1091, 180)","(1086.0, 1091.0, 180)"
1348,337,0,XM3_x3_x1_x1,0.0,0.0,0.0,"(412, 1411, 180)","(412.0, 1411.0, 180)"
1349,337,1,XM4_x3_x1_x1,0.0,0.0,0.0,"(3667, 2151, 180)","(3667.0, 2151.0, 180)"
1350,337,2,XM1_x3_x1_x1,0.0,0.0,0.0,"(2015, 1852, 0)","(2015.0, 1852.0, 0)"
1351,337,3,XM2_x3_x1_x1,-17489.100720771356,16786.0,494350.6235491997,"(917, 1470, 0)","(917.0, 1470.0, 0)"
1352,338,0,XM1_x3_x1_x1,0.0,0.0,0.0,"(1874, 1934, 0)","(1874.0, 1934.0, 0)"
1353,338,1,XM3_x3_x1_x1,0.0,0.0,0.0,"(2999, 2132, 180)","(2999.0, 2132.0, 180)"
1354,338,2,XM2_x3_x1_x1,0.0,0.0,0.0,"(2824, 3249, 90)","(2824.0, 3249.0, 90)"
1355,338,3,XM4_x3_x1_x1,-15723.030756785683,15106.0,380726.95481951244,"(2510, 425, 0)","(2510.0, 425.0, 0)"
1356,339,0,XM2_x3_x1_x1,0.0,0.0,0.0,"(1899, 644, 270)","(1899.0, 644.0, 270)"
1357,339,1,XM4_x3_x1_x1,0.0,0.0,0.0,"(2534, 3183, 270)","(2534.0, 3183.0, 270)"
1358,339,2,XM3_x3_x1_x1,0.0,0.0,0.0,"(2887, 3044, 270)","(2887.0, 2837.0, 270)"
1359,339,3,XM1_x3_x1_x1,-17223.624150861822,16753.0,221487.0913744108,"(672, 3155, 180)","(672.0, 3155.0, 180)"
1360,340,0,XM3_x3_x1_x1,0.0,0.0,0.0,"(3287, 1815, 270)","(3287.0, 1815.0, 270)"
1361,340,1,XM2_x3_x1_x1,0.0,0.0,0.0,"(2194, 3116, 270)","(2194.0, 3116.0, 270)"
1362,340,2,XM4_x3_x1_x1,0.0,0.0,0.0,"(2787, 2430, 90)","(2787.0, 2430.0, 90)"
1363,340,3,XM1_x3_x1_x1,-13540.647655639643,12906.0,402777.6468088944,"(1922, 2762, 270)","(1922.0, 3462.0, 270)"
1364,341,0,XM3_x3_x1_x1,0.0,0.0,0.0,"(2992, 2601, 90)","(2992.0, 2601.0, 90)"
1365,341,1,XM1_x3_x1_x1,0.0,0.0,0.0,"(1250, 4260, 180)","(1250.0, 4260.0, 180)"
1366,341,2,XM4_x3_x1_x1,0.0,0.0,0.0,"(1264, 822, 180)","(1264.0, 822.0, 180)"
1367,341,3,XM2_x3_x1_x1,-17287.356413473495,16778.0,259443.95594658254,"(712, 2221, 270)","(712.0, 2221.0, 270)"
1368,342,0,XM2_x3_x1_x1,0.0,0.0,0.0,"(1251, 2361, 0)","(1251.0, 2361.0, 0)"
1369,342,1,XM1_x3_x1_x1,0.0,0.0,0.0,"(3379, 4074, 0)","(3379.0, 4074.0, 0)"
1370,342,2,XM4_x3_x1_x1,0.0,0.0,0.0,"(2237, 195, 180)","(2237.0, 195.0, 180)"
1371,342,3,XM3_x3_x1_x1,-23320.5744115791,22518.0,644125.6861215344,"(1861, 566, 180)","(1861.0, 566.0, 180)"
1372,343,0,XM4_x3_x1_x1,0.0,0.0,0.0,"(951, 151, 270)","(951.0, 151.0, 270)"
1373,343,1,XM1_x3_x1_x1,0.0,0.0,0.0,"(1709, 2571, 180)","(1709.0, 2571.0, 180)"
1374,343,2,XM3_x3_x1_x1,0.0,0.0,0.0,"(2744, 1447, 270)","(2744.0, 1447.0, 270)"
1375,343,3,XM2_x3_x1_x1,-16964.75425145291,16349.0,379153.2981823297,"(1766, 2710, 180)","(2055.0, 2710.0, 180)"
1376,344,0,XM4_x3_x1_x1,0.0,0.0,0.0,"(1732, 2525, 90)","(1732.0, 2525.0, 90)"
1377,344,1,XM3_x3_x1_x1,0.0,0.0,0.0,"(1133, 3515, 270)","(1133.0, 3515.0, 270)"
1378,344,2,XM2_x3_x1_x1,0.0,0.0,0.0,"(1408, 22, 0)","(1408.0, 22.0, 0)"
1379,344,3,XM1_x3_x1_x1,-18846.623213964358,18415.0,186298.59883292063,"(3732, 3429, 0)","(3732.0, 3429.0, 0)"
1380,345,0,XM3_x3_x1_x1,0.0,0.0,0.0,"(2790, 2277, 270)","(2790.0, 2277.0, 270)"
1381,345,1,XM1_x3_x1_x1,0.0,0.0,0.0,"(4217, 3912, 0)","(4217.0, 3912.0, 0)"
1382,345,2,XM2_x3_x1_x1,0.0,0.0,0.0,"(946, 3536, 270)","(946.0, 3536.0, 270)"
1383,345,3,XM4_x3_x1_x1,-22951.208122717697,22220.0,534665.318728341,"(2998, 839, 270)","(2998.0, 839.0, 270)"
1384,346,0,XM1_x3_x1_x1,0.0,0.0,0.0,"(3070, 2987, 180)","(3253.0, 2987.0, 180)"
1385,346,1,XM4_x3_x1_x1,0.0,0.0,0.0,"(2907, 2421, 0)","(2907.0, 2421.0, 0)"
1386,346,2,XM2_x3_x1_x1,0.0,0.0,0.0,"(3856, 2625, 180)","(3856.0, 2625.0, 180)"
1387,346,3,XM3_x3_x1_x1,-14604.76368798042,14001.0,364530.59092371626,"(1074, 2127, 270)","(1074.0, 2127.0, 270)"
1388,347,0,XM1_x3_x1_x1,0.0,0.0,0.0,"(4145, 2960, 180)","(4145.0, 2960.0, 180)"
1389,347,1,XM3_x3_x1_x1,0.0,0.0,0.0,"(2456, 3851, 180)","(2456.0, 3851.0, 180)"
1390,347,2,XM2_x3_x1_x1,0.0,0.0,0.0,"(1853, 1596, 0)","(1853.0, 1596.0, 0)"
1391,347,3,XM4_x3_x1_x1,-14035.243167716217,13651.0,147642.81193659236,"(2924, 1110, 90)","(2924.0, 1110.0, 90)"
1392,348,0,XM2_x3_x1_x1,0.0,0.0,0.0,"(1468, 3523, 180)","(1468.0, 3523.0, 180)"
1393,348,1,XM1_x3_x1_x1,0.0,0.0,0.0,"(1772, 3653, 270)","(2158.0, 3653.0, 270)"
1394,348,2,XM4_x3_x1_x1,0.0,0.0,0.0,"(3185, 616, 0)","(3185.0, 616.0, 0)"
1395,348,3,XM3_x3_x1_x1,-21930.587484298623,21170.0,578493.3212717081,"(573, 2310, 90)","(573.0, 2310.0, 90)"
1396,349,0,XM1_x3_x1_x1,0.0,0.0,0.0,"(3461, 3561, 180)","(3461.0, 3561.0, 180)"
1397,349,1,XM3_x3_x1_x1,0.0,0.0,0.0,"(939, 3860, 90)","(939.0, 3860.0, 90)"
1398,349,2,XM2_x3_x1_x1,0.0,0.0,0.0,"(4130, 4071, 180)","(4130.0, 4071.0, 180)"
1399,349,3,XM4_x3_x1_x1,-15447.362523926282,14891.0,309539.25802962226,"(2240, 3656, 90)","(2240.0, 3656.0, 90)"
1400,350,0,XM1_x3_x1_x1,0.0,0.0,0.0,"(2812, 3997, 270)","(2812.0, 3997.0, 270)"
1401,350,1,XM4_x3_x1_x1,0.0,0.0,0.0,"(99, 1064, 180)","(99.0, 1064.0, 180)"
1402,350,2,XM2_x3_x1_x1,0.0,0.0,0.0,"(1690, 3390, 0)","(1690.0, 3390.0, 0)"
1403,350,3,XM3_x3_x1_x1,-24158.619108187864,23567.0,350013.1691730049,"(3355, 285, 270)","(3355.0, 285.0, 270)"
1404,351,0,XM2_x3_x1_x1,0.0,0.0,0.0,"(2945, 358, 270)","(2945.0, 358.0, 270)"
1405,351,1,XM3_x3_x1_x1,0.0,0.0,0.0,"(673, 1373, 0)","(673.0, 1373.0, 0)"
1406,351,2,XM4_x3_x1_x1,0.0,0.0,0.0,"(4040, 1308, 270)","(4040.0, 1308.0, 270)"
1407,351,3,XM1_x3_x1_x1,-12969.608459473204,12554.0,172730.39158568953,"(1635, 501, 90)","(1635.0, 501.0, 90)"
1408,352,0,XM1_x3_x1_x1,0.0,0.0,0.0,"(416, 3444, 180)","(416.0, 3444.0, 180)"
1409,352,1,XM3_x3_x1_x1,0.0,0.0,0.0,"(4045, 2521, 270)","(4045.0, 2521.0, 270)"
1410,352,2,XM4_x3_x1_x1,0.0,0.0,0.0,"(1613, 2516, 180)","(1613.0, 2516.0, 180)"
1411,352,3,XM2_x3_x1_x1,-17375.764359652254,16741.0,402925.792284735,"(1471, 2880, 270)","(1471.0, 3303.5, 270)"
1412,353,0,XM2_x3_x1_x1,0.0,0.0,0.0,"(2864, 1986, 0)","(2864.0, 1986.0, 0)"
1413,353,1,XM4_x3_x1_x1,0.0,0.0,0.0,"(1311, 1960, 270)","(1311.0, 1960.0, 270)"
1414,353,2,XM3_x3_x1_x1,0.0,0.0,0.0,"(2008, 4163, 90)","(2008.0, 4163.0, 90)"
1415,353,3,XM1_x3_x1_x1,-14173.477508680311,13738.0,189640.66056641017,"(3138, 2778, 90)","(3138.0, 2778.0, 90)"
1416,354,0,XM4_x3_x1_x1,0.0,0.0,0.0,"(2666, 3205, 270)","(2666.0, 3205.0, 270)"
1417,354,1,XM3_x3_x1_x1,0.0,0.0,0.0,"(3476, 2625, 0)","(3476.0, 2625.0, 0)"
1418,354,2,XM2_x3_x1_x1,0.0,0.0,0.0,"(1725, 3528, 0)","(1725.0, 3528.0, 0)"
1419,354,3,XM1_x3_x1_x1,-10295.613931814218,9997.0,89170.28027354603,"(3656, 1633, 270)","(3656.0, 1633.0, 270)"
1420,355,0,XM2_x3_x1_x1,0.0,0.0,0.0,"(3872, 1529, 180)","(3872.0, 1469.5, 180)"
1421,355,1,XM3_x3_x1_x1,0.0,0.0,0.0,"(4075, 2551, 0)","(4075.0, 2551.0, 0)"
1422,355,2,XM1_x3_x1_x1,0.0,0.0,0.0,"(3265, 2592, 180)","(3265.0, 2592.0, 180)"
1423,355,3,XM4_x3_x1_x1,-15922.019625717054,15387.0,286245.99990241526,"(1410, 449, 270)","(1410.0, 449.0, 270)"
1424,356,0,XM1_x3_x1_x1,0.0,0.0,0.0,"(3267, 1679, 270)","(3267.0, 1679.0, 270)"
1425,356,1,XM2_x3_x1_x1,0.0,0.0,0.0,"(1706, 1747, 180)","(1706.0, 1747.0, 180)"
1426,356,2,XM4_x3_x1_x1,0.0,0.0,0.0,"(754, 2187, 270)","(754.0, 2187.0, 270)"
1427,356,3,XM3_x3_x1_x1,-8893.233885421872,8641.0,63621.93295501395,"(2528, 1419, 0)","(2528.0, 1419.0, 0)"
1428,357,0,XM1_x3_x1_x1,0.0,0.0,0.0,"(1279, 3128, 270)","(1279.0, 3128.0, 270)"
1429,357,1,XM4_x3_x1_x1,0.0,0.0,0.0,"(1647, 258, 270)","(1647.0, 258.0, 270)"
1430,357,2,XM3_x3_x1_x1,0.0,0.0,0.0,"(2556, 3642, 180)","(2556.0, 3642.0, 180)"
1431,357,3,XM2_x3_x1_x1,-15273.441064900104,14795.0,228905.852582746,"(3072, 1683, 180)","(3072.0, 1683.0, 180)"
1432,358,0,XM2_x3_x1_x1,0.0,0.0,0.0,"(1695, 3951, 90)","(1695.0, 3951.0, 90)"
1433,358,1,XM1_x3_x1_x1,0.0,0.0,0.0,"(610, 3021, 180)","(610.0, 3021.0, 180)"
1434,358,2,XM4_x3_x1_x1,0.0,0.0,0.0,"(1300, 2403, 0)","(1300.0, 2403.0, 0)"
1435,358,3,XM3_x3_x1_x1,-9977.68639720771,9676.0,91014.6822601678,"(600, 3815, 270)","(600.0, 3815.0, 270)"
1436,359,0,XM1_x3_x1_x1,0.0,0.0,0.0,"(2855, 4136, 0)","(2855.0, 4136.0, 0)"
1437,359,1,XM2_x3_x1_x1,0.0,0.0,0.0,"(2461, 1854, 180)","(2461.0, 1430.5, 180)"
1438,359,2,XM3_x3_x1_x1,0.0,0.0,0.0,"(3550, 1098, 180)","(3550.0, 1098.0, 180)"
1439,359,3,XM4_x3_x1_x1,-15036.386784289425,14505.0,282371.9145174558,"(2449, 2218, 270)","(2449.0, 2218.0, 270)"
1440,360,0,XM1_x3_x1_x1,0.0,0.0,0.0,"(3693, 252, 0)","(3693.0, 252.0, 0)"
1441,360,1,XM3_x3_x1_x1,0.0,0.0,0.0,"(1497, 359, 90)","(1497.0, 359.0, 90)"
1442,360,2,XM4_x3_x1_x1,0.0,0.0,0.0,"(2479, 3764, 270)","(2479.0, 3764.0, 270)"
1443,360,3,XM2_x3_x1_x1,-14511.048463270436,14235.0,76202.7540739692,"(1730, 4102, 180)","(1691.5, 4102.0, 180)"
1444,361,0,XM4_x3_x1_x1,0.0,0.0,0.0,"(1267, 2577, 180)","(1267.0, 3217.5, 180)"
1445,361,1,XM1_x3_x1_x1,0.0,0.0,0.0,"(2772, 500, 180)","(2772.0, 500.0, 180)"
1446,361,2,XM2_x3_x1_x1,0.0,0.0,0.0,"(1393, 2088, 90)","(1393.0, 2088.0, 90)"
1447,361,3,XM3_x3_x1_x1,-15503.711402924771,14963.5,291828.3598499493,"(1221, 2480, 90)","(1221.0, 2480.0, 90)"
1448,362,0,XM2_x3_x1_x1,0.0,0.0,0.0,"(1515, 111, 270)","(1515.0, 111.0, 270)"
1449,362,1,XM1_x3_x1_x1,0.0,0.0,0.0,"(263, 3417, 180)","(263.0, 3417.0, 180)"
1450,362,2,XM3_x3_x1_x1,0.0,0.0,0.0,"(2680, 2802, 270)","(2680.0, 2802.0, 270)"
1451,362,3,XM4_x3_x1_x1,-22584.09772096054,21900.0,467989.6918234047,"(2860, 2766, 180)","(3370.0, 2766.0, 180)"
1452,363,0,XM1_x3_x1_x1,0.0,0.0,0.0,"(1729, 557, 270)","(1729.0, 557.0, 270)"
1453,363,1,XM4_x3_x1_x1,0.0,0.0,0.0,"(200, 1059, 270)","(200.0, 1059.0, 270)"
1454,363,2,XM2_x3_x1_x1,0.0,0.0,0.0,"(4268, 3194, 180)","(4268.0, 3194.0, 180)"
1455,363,3,XM3_x3_x1_x1,-22856.983580730648,22192.0,442203.162641355,"(1913, 316, 180)","(1913.0, -83.0, 180)"
1456,364,0,XM2_x3_x1_x1,0.0,0.0,0.0,"(356, 2572, 180)","(356.0, 2572.0, 180)"
1457,364,1,XM3_x3_x1_x1,0.0,0.0,0.0,"(4216, 3009, 90)","(4216.0, 3009.0, 90)"
1458,364,2,XM4_x3_x1_x1,0.0,0.0,0.0,"(3869, 1623, 270)","(3869.0, 1623.0, 270)"
1459,364,3,XM1_x3_x1_x1,-25704.079810432486,24863.0,707415.2475171492,"(50, 2815, 90)","(-334.0, 2815.0, 90)"
1460,365,0,XM1_x3_x1_x1,0.0,0.0,0.0,"(2461, 221, 270)","(2461.0, 221.0, 270)"
1461,365,1,XM2_x3_x1_x1,0.0,0.0,0.0,"(2056, 1264, 0)","(2056.0, 1264.0, 0)"
1462,365,2,XM3_x3_x1_x1,0.0,0.0,0.0,"(1714, 3239, 270)","(1714.0, 3239.0, 270)"
1463,365,3,XM4_x3_x1_x1,-14877.398594782158,14414.5,214275.10905129614,"(2281, 1049, 90)","(2843.5, 1049.0, 90)"
1464,366,0,XM4_x3_x1_x1,0.0,0.0,0.0,"(3641, 761, 270)","(3641.0, 761.0, 270)"
1465,366,1,XM1_x3_x1_x1,0.0,0.0,0.0,"(3186, 3783, 180)","(3186.0, 3783.0, 180)"
1466,366,2,XM2_x3_x1_x1,0.0,0.0,0.0,"(3566, 2136, 270)","(3566.0, 2136.0, 270)"
1467,366,3,XM3_x3_x1_x1,-16225.068151253432,15686.0,290594.4716957933,"(2432, 527, 270)","(2432.0, 527.0, 270)"
1468,367,0,XM3_x3_x1_x1,0.0,0.0,0.0,"(1653, 2978, 180)","(1653.0, 2978.0, 180)"
1469,367,1,XM4_x3_x1_x1,0.0,0.0,0.0,"(668, 128, 180)","(668.0, 128.0, 180)"
1470,367,2,XM2_x3_x1_x1,0.0,0.0,0.0,"(880, 1631, 180)","(880.0, 1631.0, 180)"
1471,367,3,XM1_x3_x1_x1,-10500.346640278613,10261.0,57286.814212659374,"(2178, 2958, 90)","(2293.0, 2958.0, 90)"
1472,368,0,XM2_x3_x1_x1,0.0,0.0,0.0,"(1421, 1373, 90)","(1421.0, 1373.0, 90)"
1473,368,1,XM1_x3_x1_x1,0.0,0.0,0.0,"(4158, 1794, 180)","(4158.0, 1794.0, 180)"
1474,368,2,XM3_x3_x1_x1,0.0,0.0,0.0,"(3075, 790, 270)","(3075.0, 790.0, 270)"
1475,368,3,XM4_x3_x1_x1,-13246.707020105056,12830.0,173644.7406048345,"(507, 496, 180)","(507.0, 496.0, 180)"
1476,369,0,XM2_x3_x1_x1,0.0,0.0,0.0,"(3051, 851, 180)","(3051.0, 851.0, 180)"
1477,369,1,XM4_x3_x1_x1,0.0,0.0,0.0,"(3001, 1050, 0)","(3447.0, 1050.0, 0)"
1478,369,2,XM3_x3_x1_x1,0.0,0.0,0.0,"(2030, 692, 270)","(2030.0, 692.0, 270)"
1479,369,3,XM1_x3_x1_x1,-14346.100425474933,13850.0,246115.6321564096,"(578, 2332, 270)","(578.0, 2332.0, 270)"
1480,370,0,XM4_x3_x1_x1,0.0,0.0,0.0,"(1437, 4097, 90)","(1437.0, 4097.0, 90)"
1481,370,1,XM3_x3_x1_x1,0.0,0.0,0.0,"(4322, 893, 180)","(4322.0, 893.0, 180)"
1482,370,2,XM1_x3_x1_x1,0.0,0.0,0.0,"(2268, 1639, 90)","(2268.0, 1639.0, 90)"
1483,370,3,XM2_x3_x1_x1,-17786.89774197914,17278.0,258976.911791469,"(3298, 3305, 180)","(3298.0, 3305.0, 180)"
1484,371,0,XM2_x3_x1_x1,0.0,0.0,0.0,"(539, 2783, 0)","(539.0, 2783.0, 0)"
1485,371,1,XM3_x3_x1_x1,0.0,0.0,0.0,"(2821, 3716, 90)","(2821.0, 3716.0, 90)"
1486,371,2,XM1_x3_x1_x1,0.0,0.0,0.0,"(1989, 2784, 180)","(1989.0, 2784.0, 180)"
1487,371,3,XM4_x3_x1_x1,-20888.289783878492,20210.0,460077.0309139289,"(3955, 1067, 180)","(3955.0, 1067.0, 180)"
1488,372,0,XM4_x3_x1_x1,0.0,0.0,0.0,"(304, 3250, 270)","(304.0, 3250.0, 270)"
1489,372,1,XM1_x3_x1_x1,0.0,0.0,0.0,"(166, 2830, 0)","(166.0, 2560.0, 0)"
1490,372,2,XM3_x3_x1_x1,0.0,0.0,0.0,"(2680, 3158, 180)","(2680.0, 3158.0, 180)"
1491,372,3,XM2_x3_x1_x1,-28295.61032064661,27360.0,875366.6721004521,"(4241, 433, 0)","(4241.0, 433.0, 0)"
1492,373,0,XM1_x3_x1_x1,0.0,0.0,0.0,"(513, 3205, 90)","(513.0, 3205.0, 90)"
1493,373,1,XM3_x3_x1_x1,0.0,0.0,0.0,"(3980, 2724, 180)","(3980.0, 2724.0, 180)"
1494,373,2,XM4_x3_x1_x1,0.0,0.0,0.0,"(487, 3095, 270)","(487.0, 2859.0, 270)"
1495,373,3,XM2_x3_x1_x1,-16317.083991561207,15816.0,251085.16659891137,"(1149, 3800, 270)","(1149.0, 3800.0, 270)"
1496,374,0,XM1_x3_x1_x1,0.0,0.0,0.0,"(4083, 4071, 180)","(4083.0, 4071.0, 180)"
1497,374,1,XM3_x3_x1_x1,0.0,0.0,0.0,"(1372, 997, 90)","(1372.0, 997.0, 90)"
1498,374,2,XM4_x3_x1_x1,0.0,0.0,0.0,"(3686, 2140, 270)","(3686.0, 2140.0, 270)"
1499,374,3,XM2_x3_x1_x1,-21395.563241607262,20627.0,590689.4563498609,"(3028, 2990, 0)","(3028.0, 2990.0, 0)"
1500,375,0,XM4_x3_x1_x1,0.0,0.0,0.0,"(3312, 2376, 0)","(3312.0, 2376.0, 0)"
1501,375,1,XM2_x3_x1_x1,0.0,0.0,0.0,"(1296, 376, 270)","(1296.0, 376.0, 270)"
1502,375,2,XM1_x3_x1_x1,0.0,0.0,0.0,"(2121, 2459, 0)","(2121.0, 2459.0, 0)"
1503,375,3,XM3_x3_x1_x1,-16872.78166964895,16312.0,314476.08101426286,"(3758, 2528, 0)","(3758.0, 2528.0, 0)"
1504,376,0,XM4_x3_x1_x1,0.0,0.0,0.0,"(2541, 188, 180)","(2541.0, 188.0, 180)"
1505,376,1,XM1_x3_x1_x1,0.0,0.0,0.0,"(3468, 1661, 270)","(3468.0, 1661.0, 270)"
1506,376,2,XM3_x3_x1_x1,0.0,0.0,0.0,"(2172, 1658, 270)","(2172.0, 1658.0, 270)"
1507,376,3,XM2_x3_x1_x1,-18067.486717339267,17436.0,398775.4741759237,"(3340, 4074, 180)","(3340.0, 4074.0, 180)"
1508,377,0,XM1_x3_x1_x1,0.0,0.0,0.0,"(2262, 852, 0)","(2262.0, 852.0, 0)"
1509,377,1,XM3_x3_x1_x1,0.0,0.0,0.0,"(2897, 439, 0)","(2897.0, 439.0, 0)"
1510,377,2,XM4_x3_x1_x1,0.0,0.0,0.0,"(2208, 3405, 270)","(2208.0, 3405.0, 270)"
1511,377,3,XM2_x3_x1_x1,-14262.01865829047,13802.0,211617.16597536454,"(1143, 1039, 180)","(1143.0, 1039.0, 180)"
1512,378,0,XM2_x3_x1_x1,0.0,0.0,0.0,"(4028, 1356, 90)","(4028.0, 1356.0, 90)"
1513,378,1,XM3_x3_x1_x1,0.0,0.0,0.0,"(967, 622, 270)","(967.0, 622.0, 270)"
1514,378,2,XM4_x3_x1_x1,0.0,0.0,0.0,"(4232, 3501, 270)","(4232.0, 3501.0, 270)"
1515,378,3,XM1_x3_x1_x1,-22812.214619265545,22076.0,542011.9656203117,"(4174, 1743, 180)","(4174.0, 2046.0, 180)"
1516,379,0,XM3_x3_x1_x1,0.0,0.0,0.0,"(815, 1016, 270)","(815.0, 755.5, 270)"
1517,379,1,XM4_x3_x1_x1,0.0,0.0,0.0,"(2326, 1483, 270)","(2326.0, 1483.0, 270)"
1518,379,2,XM1_x3_x1_x1,0.0,0.0,0.0,"(2364, 2811, 180)","(2364.0, 2811.0, 180)"
1519,379,3,XM2_x3_x1_x1,-15975.261838214547,15290.5,468898.7750749642,"(849, 1493, 0)","(849.0, 1493.0, 0)"
1520,380,0,XM2_x3_x1_x1,0.0,0.0,0.0,"(529, 2866, 180)","(529.0, 2866.0, 180)"
1521,380,1,XM1_x3_x1_x1,0.0,0.0,0.0,"(3755, 1658, 0)","(3755.0, 1658.0, 0)"
1522,380,2,XM4_x3_x1_x1,0.0,0.0,0.0,"(836, 1780, 90)","(836.0, 1780.0, 90)"
1523,380,3,XM3_x3_x1_x1,-17267.699303790036,16725.0,294522.5343341901,"(940, 565, 270)","(940.0, 565.0, 270)"
1524,381,0,XM4_x3_x1_x1,0.0,0.0,0.0,"(988, 1458, 180)","(988.0, 1458.0, 180)"
1525,381,1,XM2_x3_x1_x1,0.0,0.0,0.0,"(1815, 2486, 180)","(1815.0, 2573.5, 180)"
1526,381,2,XM1_x3_x1_x1,0.0,0.0,0.0,"(2907, 1001, 180)","(2907.0, 1001.0, 180)"
1527,381,3,XM3_x3_x1_x1,-11122.295187343534,10748.5,139722.84208118805,"(2140, 1836, 90)","(2140.0, 1836.0, 90)"
1528,382,0,XM3_x3_x1_x1,0.0,0.0,0.0,"(2707, 868, 270)","(2707.0, 868.0, 270)"
1529,382,1,XM1_x3_x1_x1,0.0,0.0,0.0,"(483, 96, 0)","(483.0, 96.0, 0)"
1530,382,2,XM4_x3_x1_x1,0.0,0.0,0.0,"(1132, 3438, 0)","(1132.0, 3438.0, 0)"
1531,382,3,XM2_x3_x1_x1,-20486.297064392085,19817.0,447958.56040386524,"(1819, 206, 0)","(1819.0, 206.0, 0)"
1532,383,0,XM2_x3_x1_x1,0.0,0.0,0.0,"(3266, 1820, 90)","(3266.0, 1820.0, 90)"
1533,383,1,XM1_x3_x1_x1,0.0,0.0,0.0,"(1741, 2213, 180)","(1741.0, 2213.0, 180)"
1534,383,2,XM4_x3_x1_x1,0.0,0.0,0.0,"(3655, 2622, 180)","(3655.0, 2622.0, 180)"
1535,383,3,XM3_x3_x1_x1,-12721.917417404173,12317.0,163958.11491726522,"(1235, 441, 0)","(1235.0, 441.0, 0)"
1536,384,0,XM2_x3_x1_x1,0.0,0.0,0.0,"(1730, 2353, 90)","(1730.0, 2353.0, 90)"
1537,384,1,XM4_x3_x1_x1,0.0,0.0,0.0,"(2837, 1082, 270)","(2837.0, 1082.0, 270)"
1538,384,2,XM1_x3_x1_x1,0.0,0.0,0.0,"(4236, 1254, 180)","(4236.0, 1254.0, 180)"
1539,384,3,XM3_x3_x1_x1,-22262.07469626778,21454.0,652984.7147482629,"(1560, 3969, 180)","(1560.0, 3969.0, 180)"
1540,385,0,XM4_x3_x1_x1,0.0,0.0,0.0,"(3996, 2743, 270)","(3996.0, 2743.0, 270)"
1541,385,1,XM3_x3_x1_x1,0.0,0.0,0.0,"(3393, 3462, 0)","(3393.0, 3462.0, 0)"
1542,385,2,XM2_x3_x1_x1,0.0,0.0,0.0,"(2355, 3452, 270)","(2355.0, 3452.0, 270)"
1543,385,3,XM1_x3_x1_x1,-16457.924636828164,15793.0,442124.77266106685,"(1089, 2363, 270)","(1089.0, 2363.0, 270)"
1544,386,0,XM1_x3_x1_x1,0.0,0.0,0.0,"(4000, 3308, 180)","(4000.0, 3308.0, 180)"
1545,386,1,XM3_x3_x1_x1,0.0,0.0,0.0,"(3959, 410, 90)","(3959.0, 410.0, 90)"
1546,386,2,XM4_x3_x1_x1,0.0,0.0,0.0,"(2017, 4116, 180)","(2017.0, 4116.0, 180)"
1547,386,3,XM2_x3_x1_x1,-16847.936788029532,16498.0,122455.75561642605,"(1351, 3140, 180)","(1351.0, 3140.0, 180)"
1548,387,0,XM3_x3_x1_x1,0.0,0.0,0.0,"(3759, 2342, 180)","(3759.0, 2342.0, 180)"
1549,387,1,XM2_x3_x1_x1,0.0,0.0,0.0,"(2406, 105, 270)","(2406.0, 105.0, 270)"
1550,387,2,XM1_x3_x1_x1,0.0,0.0,0.0,"(3466, 661, 180)","(3466.0, 661.0, 180)"
1551,387,3,XM4_x3_x1_x1,-11707.956149304719,11342.5,133558.19706463304,"(1853, 107, 180)","(1618.5, 107.0, 180)"
1552,388,0,XM4_x3_x1_x1,0.0,0.0,0.0,"(1212, 474, 0)","(1212.0, 474.0, 0)"
1553,388,1,XM2_x3_x1_x1,0.0,0.0,0.0,"(3625, 3143, 270)","(3625.0, 3143.0, 270)"
1554,388,2,XM3_x3_x1_x1,0.0,0.0,0.0,"(2956, 1769, 270)","(2956.0, 1769.0, 270)"
1555,388,3,XM1_x3_x1_x1,-20501.714774001033,19793.0,502276.63088733336,"(4302, 1577, 0)","(4302.0, 1577.0, 0)"
1556,389,0,XM4_x3_x1_x1,0.0,0.0,0.0,"(227, 1390, 90)","(227.0, 1390.0, 90)"
1557,389,1,XM2_x3_x1_x1,0.0,0.0,0.0,"(2123, 2833, 180)","(2123.0, 2833.0, 180)"
1558,389,2,XM1_x3_x1_x1,0.0,0.0,0.0,"(1951, 437, 90)","(1951.0, 437.0, 90)"
1559,389,3,XM3_x3_x1_x1,-14862.412994086908,14393.0,220348.55901763475,"(976, 225, 0)","(976.0, 225.0, 0)"
1560,390,0,XM3_x3_x1_x1,0.0,0.0,0.0,"(3911, 3078, 270)","(3911.0, 3078.0, 270)"
1561,390,1,XM1_x3_x1_x1,0.0,0.0,0.0,"(500, 1610, 0)","(500.0, 1610.0, 0)"
1562,390,2,XM2_x3_x1_x1,0.0,0.0,0.0,"(2486, 1025, 180)","(2486.0, 1025.0, 180)"
1563,390,3,XM4_x3_x1_x1,-25403.269360556867,24508.0,801507.2279519032,"(1304, 3937, 270)","(1304.0, 3937.0, 270)"
1564,391,0,XM1_x3_x1_x1,0.0,0.0,0.0,"(1689, 1502, 180)","(1689.0, 1502.0, 180)"
1565,391,1,XM3_x3_x1_x1,0.0,0.0,0.0,"(1980, 3263, 180)","(1980.0, 3263.0, 180)"
1566,391,2,XM4_x3_x1_x1,0.0,0.0,0.0,"(2866, 1642, 180)","(2866.0, 1642.0, 180)"
1567,391,3,XM2_x3_x1_x1,-15115.321122938512,14653.0,213740.8207151274,"(433, 1504, 90)","(433.0, 1504.0, 90)"
1568,392,0,XM1_x3_x1_x1,0.0,0.0,0.0,"(1167, 2546, 270)","(1167.0, 2908.5, 270)"
1569,392,1,XM3_x3_x1_x1,0.0,0.0,0.0,"(595, 1504, 180)","(595.0, 1504.0, 180)"
1570,392,2,XM2_x3_x1_x1,0.0,0.0,0.0,"(169, 1615, 0)","(169.0, 1615.0, 0)"
1571,392,3,XM4_x3_x1_x1,-10153.530106968892,9734.5,175586.23054636177,"(1102, 2171, 0)","(1102.0, 2171.0, 0)"
1572,393,0,XM2_x3_x1_x1,0.0,0.0,0.0,"(2001, 3254, 180)","(2001.0, 3254.0, 180)"
1573,393,1,XM1_x3_x1_x1,0.0,0.0,0.0,"(126, 3550, 0)","(126.0, 3550.0, 0)"
1574,393,2,XM3_x3_x1_x1,0.0,0.0,0.0,"(3079, 846, 180)","(3079.0, 846.0, 180)"
1575,393,3,XM4_x3_x1_x1,-27952.715458655744,26977.0,952020.6562597883,"(3023, 275, 0)","(3425.0, 275.0, 0)"
1576,394,0,XM3_x3_x1_x1,0.0,0.0,0.0,"(2439, 3432, 90)","(2439.0, 3432.0, 90)"
1577,394,1,XM2_x3_x1_x1,0.0,0.0,0.0,"(3093, 490, 180)","(3215.0, 490.0, 180)"
1578,394,2,XM4_x3_x1_x1,0.0,0.0,0.0,"(1389, 4046, 90)","(1389.0, 4046.0, 90)"
1579,394,3,XM1_x3_x1_x1,-22652.249518320554,21812.0,706019.2530379224,"(2869, 1197, 180)","(2869.0, 1197.0, 180)"
1580,395,0,XM1_x3_x1_x1,0.0,0.0,0.0,"(234, 2873, 180)","(234.0, 2873.0, 180)"
1581,395,1,XM3_x3_x1_x1,0.0,0.0,0.0,"(344, 1926, 180)","(344.0, 1889.0, 180)"
1582,395,2,XM4_x3_x1_x1,0.0,0.0,0.0,"(3075, 1968, 180)","(3075.0, 1968.0, 180)"
1583,395,3,XM2_x3_x1_x1,-9524.229988926332,9309.0,46323.94813322883,"(2896, 2921, 90)","(2896.0, 2921.0, 90)"
1584,396,0,XM4_x3_x1_x1,0.0,0.0,0.0,"(680, 54, 90)","(680.0, 54.0, 90)"
1585,396,1,XM2_x3_x1_x1,0.0,0.0,0.0,"(2354, 134, 90)","(2354.0, 134.0, 90)"
1586,396,2,XM3_x3_x1_x1,0.0,0.0,0.0,"(2858, 826, 180)","(2858.0, 826.0, 180)"
1587,396,3,XM1_x3_x1_x1,-12664.618869546153,12339.0,106027.64820451476,"(2764, 2684, 0)","(2764.0, 2684.0, 0)"
1588,397,0,XM2_x3_x1_x1,0.0,0.0,0.0,"(1641, 3463, 270)","(1641.0, 3463.0, 270)"
1589,397,1,XM4_x3_x1_x1,0.0,0.0,0.0,"(588, 606, 0)","(588.0, 503.5, 0)"
1590,397,2,XM1_x3_x1_x1,0.0,0.0,0.0,"(2126, 4195, 0)","(2126.0, 4195.0, 0)"
1591,397,3,XM3_x3_x1_x1,-24897.762369433403,23947.5,902998.570761188,"(135, 1241, 90)","(135.0, 1241.0, 90)"
1592,398,0,XM4_x3_x1_x1,0.0,0.0,0.0,"(3841, 3680, 180)","(3841.0, 3680.0, 180)"
1593,398,1,XM3_x3_x1_x1,0.0,0.0,0.0,"(146, 3640, 270)","(146.0, 3640.0, 270)"
1594,398,2,XM2_x3_x1_x1,0.0,0.0,0.0,"(1632, 1051, 0)","(1632.0, 1051.0, 0)"
1595,398,3,XM1_x3_x1_x1,-19752.10114115646,19157.0,354145.36820572475,"(642, 3891, 180)","(642.0, 4280.0, 180)"
1596,399,0,XM1_x3_x1_x1,0.0,0.0,0.0,"(3370, 1107, 270)","(3370.0, 1107.0, 270)"
1597,399,1,XM2_x3_x1_x1,0.0,0.0,0.0,"(2871, 2692, 90)","(2871.0, 2692.0, 90)"
1598,399,2,XM3_x3_x1_x1,0.0,0.0,0.0,"(1759, 255, 270)","(1759.0, 255.0, 270)"
1599,399,3,XM4_x3_x1_x1,-17801.72950601866,17216.0,343079.05422086315,"(573, 1622, 180)","(573.0, 1622.0, 180)"
1600,400,0,XM3_x3_x1_x1,0.0,0.0,0.0,"(4177, 3238, 90)","(4177.0, 3238.0, 90)"
1601,400,1,XM1_x3_x1_x1,0.0,0.0,0.0,"(637, 1087, 0)","(637.0, 1087.0, 0)"
1602,400,2,XM4_x3_x1_x1,0.0,0.0,0.0,"(1335, 600, 180)","(1335.0, 600.0, 180)"
1603,400,3,XM2_x3_x1_x1,-23218.83131476556,22509.5,503150.91410704,"(362, 894, 90)","(-100.5, 894.0, 90)"
1604,401,0,XM1_x3_x1_x1,0.0,0.0,0.0,"(1071, 689, 90)","(1071.0, 689.0, 90)"
1605,401,1,XM3_x3_x1_x1,0.0,0.0,0.0,"(1874, 2067, 270)","(1874.0, 2067.0, 270)"
1606,401,2,XM2_x3_x1_x1,0.0,0.0,0.0,"(2727, 2714, 90)","(2727.0, 2714.0, 90)"
1607,401,3,XM4_x3_x1_x1,-17475.243963020064,16825.0,422817.21144403674,"(1722, 0, 270)","(1722.0, 0.0, 270)"
1608,402,0,XM2_x3_x1_x1,0.0,0.0,0.0,"(2844, 3888, 0)","(2844.0, 3888.0, 0)"
1609,402,1,XM4_x3_x1_x1,0.0,0.0,0.0,"(294, 2774, 180)","(294.0, 2774.0, 180)"
1610,402,2,XM3_x3_x1_x1,0.0,0.0,0.0,"(894, 286, 180)","(894.0, 286.0, 180)"
1611,402,3,XM1_x3_x1_x1,-19757.88451230971,19167.0,349144.5068874824,"(1318, 2661, 180)","(1318.0, 2661.0, 180)"
1612,403,0,XM3_x3_x1_x1,0.0,0.0,0.0,"(2343, 962, 180)","(2343.0, 886.0, 180)"
1613,403,1,XM4_x3_x1_x1,0.0,0.0,0.0,"(2081, 2770, 270)","(2081.0, 2770.0, 270)"
1614,403,2,XM2_x3_x1_x1,0.0,0.0,0.0,"(1200, 2752, 90)","(902.0, 2752.0, 90)"
1615,403,3,XM1_x3_x1_x1,-9127.991340182622,8845.0,80084.09861835647,"(2526, 1870, 180)","(2526.0, 1870.0, 180)"
1616,404,0,XM4_x3_x1_x1,0.0,0.0,0.0,"(3948, 1585, 0)","(3948.0, 1585.0, 0)"
1617,404,1,XM1_x3_x1_x1,0.0,0.0,0.0,"(1759, 2596, 180)","(1759.0, 2596.0, 180)"
1618,404,2,XM3_x3_x1_x1,0.0,0.0,0.0,"(4300, 4098, 0)","(4300.0, 4098.0, 0)"
1619,404,3,XM2_x3_x1_x1,-25113.731508949237,24409.0,496646.4997058659,"(239, 1611, 180)","(239.0, 1611.0, 180)"
1620,405,0,XM1_x3_x1_x1,0.0,0.0,0.0,"(2557, 284, 90)","(2557.0, 284.0, 90)"
1621,405,1,XM3_x3_x1_x1,0.0,0.0,0.0,"(3422, 2177, 90)","(3422.0, 2177.0, 90)"
1622,405,2,XM4_x3_x1_x1,0.0,0.0,0.0,"(4244, 2010, 0)","(4244.0, 2010.0, 0)"
1623,405,3,XM2_x3_x1_x1,-17496.041058307943,16861.0,403277.14573687327,"(1629, 1260, 270)","(1629.0, 1260.0, 270)"
1624,406,0,XM3_x3_x1_x1,0.0,0.0,0.0,"(994, 2496, 90)","(994.0, 2496.0, 90)"
1625,406,1,XM1_x3_x1_x1,0.0,0.0,0.0,"(1856, 2989, 270)","(1856.0, 2989.0, 270)"
1626,406,2,XM4_x3_x1_x1,0.0,0.0,0.0,"(3586, 3888, 90)","(3586.0, 3888.0, 90)"
1627,406,3,XM2_x3_x1_x1,-10915.770537527384,10581.0,112071.31279637305,"(2190, 4102, 90)","(2190.0, 4102.0, 90)"
1628,407,0,XM3_x3_x1_x1,0.0,0.0,0.0,"(27, 3610, 270)","(27.0, 3610.0, 270)"
1629,407,1,XM2_x3_x1_x1,0.0,0.0,0.0,"(3921, 2403, 270)","(3921.0, 2403.0, 270)"
1630,407,2,XM4_x3_x1_x1,0.0,0.0,0.0,"(2530, 3793, 270)","(2530.0, 3793.0, 270)"
1631,407,3,XM1_x3_x1_x1,-24977.32332884241,24116.0,741877.87680817,"(3774, 1316, 180)","(3774.0, 1316.0, 180)"
1632,408,0,XM4_x3_x1_x1,0.0,0.0,0.0,"(3730, 1005, 0)","(3730.0, 1005.0, 0)"
1633,408,1,XM1_x3_x1_x1,0.0,0.0,0.0,"(19, 2587, 270)","(19.0, 2587.0, 270)"
1634,408,2,XM2_x3_x1_x1,0.0,0.0,0.0,"(2075, 166, 180)","(2075.0, 153.5, 180)"
1635,408,3,XM3_x3_x1_x1,-21042.497762750107,20375.5,444886.01551364525,"(2641, 891, 270)","(2641.0, 891.0, 270)"
1636,409,0,XM2_x3_x1_x1,0.0,0.0,0.0,"(3209, 2937, 270)","(3209.0, 2937.0, 270)"
1637,409,1,XM4_x3_x1_x1,0.0,0.0,0.0,"(1242, 4109, 180)","(1242.0, 4109.0, 180)"
1638,409,2,XM1_x3_x1_x1,0.0,0.0,0.0,"(3583, 3693, 270)","(3583.0, 3693.0, 270)"
1639,409,3,XM3_x3_x1_x1,-23161.65448524724,22317.0,713441.19944828,"(25, 2210, 0)","(25.0, 2210.0, 0)"
1640,410,0,XM1_x3_x1_x1,0.0,0.0,0.0,"(4262, 2409, 180)","(4262.0, 2409.0, 180)"
1641,410,1,XM3_x3_x1_x1,0.0,0.0,0.0,"(1597, 1721, 90)","(1597.0, 1721.0, 90)"
1642,410,2,XM2_x3_x1_x1,0.0,0.0,0.0,"(1604, 683, 90)","(1604.0, 683.0, 90)"
1643,410,3,XM4_x3_x1_x1,-21560.238182144236,20907.0,426720.12261110486,"(362, 3215, 270)","(362.0, 3215.0, 270)"
1644,411,0,XM2_x3_x1_x1,0.0,0.0,0.0,"(649, 3625, 90)","(649.0, 3924.0, 90)"
1645,411,1,XM4_x3_x1_x1,0.0,0.0,0.0,"(3729, 1715, 0)","(3729.0, 1715.0, 0)"
1646,411,2,XM3_x3_x1_x1,0.0,0.0,0.0,"(309, 4311, 270)","(309.0, 4311.0, 270)"
1647,411,3,XM1_x3_x1_x1,-20601.29561055256,19929.0,451981.38796823996,"(848, 3234, 180)","(848.0, 3234.0, 180)"
1648,412,0,XM1_x3_x1_x1,0.0,0.0,0.0,"(1670, 555, 180)","(1670.0, 555.0, 180)"
1649,412,1,XM2_x3_x1_x1,0.0,0.0,0.0,"(4041, 1707, 270)","(4041.0, 1707.0, 270)"
1650,412,2,XM4_x3_x1_x1,0.0,0.0,0.0,"(1180, 331, 180)","(1180.0, 331.0, 180)"
1651,412,3,XM3_x3_x1_x1,-26772.096393614735,25832.0,883781.2292874309,"(4016, 3639, 180)","(4016.0, 3639.0, 180)"
1652,413,0,XM3_x3_x1_x1,0.0,0.0,0.0,"(1407, 843, 270)","(1407.0, 843.0, 270)"
1653,413,1,XM4_x3_x1_x1,0.0,0.0,0.0,"(645, 2474, 270)","(645.0, 2474.0, 270)"
1654,413,2,XM2_x3_x1_x1,0.0,0.0,0.0,"(1927, 965, 0)","(2097.0, 965.0, 0)"
1655,413,3,XM1_x3_x1_x1,-18913.492157663324,18328.0,342801.0666852533,"(1548, 4310, 270)","(1548.0, 4310.0, 270)"
1656,414,0,XM1_x3_x1_x1,0.0,0.0,0.0,"(319, 2956, 180)","(319.0, 2956.0, 180)"
1657,414,1,XM4_x3_x1_x1,0.0,0.0,0.0,"(555, 2143, 270)","(452.5, 2143.0, 270)"
1658,414,2,XM3_x3_x1_x1,0.0,0.0,0.0,"(4060, 2463, 180)","(4060.0, 2463.0, 180)"
1659,414,3,XM2_x3_x1_x1,-16622.232984888975,16155.0,218306.66216825944,"(1240, 2593, 0)","(1240.0, 2593.0, 0)"
1660,415,0,XM1_x3_x1_x1,0.0,0.0,0.0,"(4114, 3952, 270)","(4114.0, 3952.0, 270)"
1661,415,1,XM3_x3_x1_x1,0.0,0.0,0.0,"(1823, 3723, 270)","(1823.0, 3900.5, 270)"
1662,415,2,XM4_x3_x1_x1,0.0,0.0,0.0,"(2030, 3163, 180)","(2030.0, 3163.0, 180)"
1663,415,3,XM2_x3_x1_x1,-17697.349876661126,17161.0,287671.1901944039,"(3735, 1296, 270)","(3735.0, 1296.0, 270)"
1664,416,0,XM1_x3_x1_x1,0.0,0.0,0.0,"(500, 3518, 270)","(500.0, 3518.0, 270)"
1665,416,1,XM2_x3_x1_x1,0.0,0.0,0.0,"(4176, 203, 180)","(4176.0, 203.0, 180)"
1666,416,2,XM3_x3_x1_x1,0.0,0.0,0.0,"(1140, 61, 0)","(1140.0, 61.0, 0)"
1667,416,3,XM4_x3_x1_x1,-24390.2894252234,23752.0,407413.39035201917,"(3196, 3235, 180)","(3196.0, 3235.0, 180)"
1668,417,0,XM4_x3_x1_x1,0.0,0.0,0.0,"(3438, 2805, 180)","(3438.0, 2805.0, 180)"
1669,417,1,XM1_x3_x1_x1,0.0,0.0,0.0,"(4298, 3269, 90)","(4298.0, 3269.0, 90)"
1670,417,2,XM3_x3_x1_x1,0.0,0.0,0.0,"(139, 1806, 180)","(139.0, 1806.0, 180)"
1671,417,3,XM2_x3_x1_x1,-22622.138969704345,21835.0,619587.7576272169,"(4258, 1495, 0)","(4258.0, 1495.0, 0)"
1672,418,0,XM1_x3_x1_x1,0.0,0.0,0.0,"(458, 3144, 0)","(458.0, 3144.0, 0)"
1673,418,1,XM2_x3_x1_x1,0.0,0.0,0.0,"(737, 335, 180)","(737.0, 335.0, 180)"
1674,418,2,XM3_x3_x1_x1,0.0,0.0,0.0,"(2263, 3445, 0)","(2263.0, 3445.0, 0)"
1675,418,3,XM4_x3_x1_x1,-14446.890234996827,14155.0,85199.90928650298,"(2435, 217, 90)","(2435.0, 217.0, 90)"
1676,419,0,XM1_x3_x1_x1,0.0,0.0,0.0,"(1894, 229, 270)","(1894.0, 229.0, 270)"
1677,419,1,XM4_x3_x1_x1,0.0,0.0,0.0,"(253, 217, 180)","(253.0, 217.0, 180)"
1678,419,2,XM3_x3_x1_x1,0.0,0.0,0.0,"(2966, 3080, 0)","(2966.0, 3375.0, 0)"
1679,419,3,XM2_x3_x1_x1,-25919.551946415646,24999.0,847415.8860496318,"(3045, 2685, 90)","(3045.0, 2685.0, 90)"
1680,420,0,XM4_x3_x1_x1,0.0,0.0,0.0,"(3884, 3806, 270)","(3884.0, 3806.0, 270)"
1681,420,1,XM2_x3_x1_x1,0.0,0.0,0.0,"(2421, 1627, 180)","(2421.0, 1627.0, 180)"
1682,420,2,XM3_x3_x1_x1,0.0,0.0,0.0,"(2095, 3020, 0)","(2095.0, 3020.0, 0)"
1683,420,3,XM1_x3_x1_x1,-22887.45604612271,21995.0,796477.7942609779,"(4308, 686, 180)","(4308.0, 686.0, 180)"
1684,421,0,XM3_x3_x1_x1,0.0,0.0,0.0,"(2687, 15, 180)","(2687.0, 15.0, 180)"
1685,421,1,XM1_x3_x1_x1,0.0,0.0,0.0,"(458, 4193, 0)","(458.0, 4193.0, 0)"
1686,421,2,XM4_x3_x1_x1,0.0,0.0,0.0,"(1640, 3401, 90)","(1640.0, 3401.0, 90)"
1687,421,3,XM2_x3_x1_x1,-22831.308354648078,22016.0,664727.7131589536,"(1464, 2591, 180)","(1464.0, 2591.0, 180)"
1688,422,0,XM4_x3_x1_x1,0.0,0.0,0.0,"(570, 643, 0)","(570.0, 643.0, 0)"
1689,422,1,XM2_x3_x1_x1,0.0,0.0,0.0,"(1288, 3992, 0)","(1288.0, 3992.0, 0)"
1690,422,2,XM3_x3_x1_x1,0.0,0.0,0.0,"(3935, 483, 0)","(3935.0, 483.0, 0)"
1691,422,3,XM1_x3_x1_x1,-25111.53500254496,24359.0,566308.9300553405,"(1102, 2099, 180)","(1102.0, 2099.0, 180)"
1692,423,0,XM3_x3_x1_x1,0.0,0.0,0.0,"(3255, 887, 180)","(3255.0, 887.0, 180)"
1693,423,1,XM4_x3_x1_x1,0.0,0.0,0.0,"(1889, 2195, 180)","(1889.0, 2195.0, 180)"
1694,423,2,XM2_x3_x1_x1,0.0,0.0,0.0,"(208, 964, 180)","(208.0, 964.0, 180)"
1695,423,3,XM1_x3_x1_x1,-17166.176545921055,16652.0,264377.5203753075,"(2790, 3142, 0)","(2790.0, 3142.0, 0)"
1696,424,0,XM1_x3_x1_x1,0.0,0.0,0.0,"(3377, 1669, 270)","(3377.0, 1669.0, 270)"
1697,424,1,XM2_x3_x1_x1,0.0,0.0,0.0,"(43, 2718, 180)","(43.0, 2718.0, 180)"
1698,424,2,XM4_x3_x1_x1,0.0,0.0,0.0,"(1659, 112, 0)","(1659.0, 112.0, 0)"
1699,424,3,XM3_x3_x1_x1,-22330.63910299055,21608.0,522207.2731709861,"(395, 1694, 0)","(395.0, 1694.0, 0)"
1700,425,0,XM1_x3_x1_x1,0.0,0.0,0.0,"(939, 3612, 90)","(939.0, 3612.0, 90)"
1701,425,1,XM3_x3_x1_x1,0.0,0.0,0.0,"(1215, 3893, 270)","(1215.0, 3908.0, 270)"
1702,425,2,XM2_x3_x1_x1,0.0,0.0,0.0,"(2765, 4017, 180)","(2765.0, 4017.0, 180)"
1703,425,3,XM4_x3_x1_x1,-16467.706208220872,16021.0,199546.4364630693,"(3209, 728, 270)","(3209.0, 728.0, 270)"
1704,426,0,XM3_x3_x1_x1,0.0,0.0,0.0,"(3246, 2876, 180)","(3246.0, 2876.0, 180)"
1705,426,1,XM2_x3_x1_x1,0.0,0.0,0.0,"(242, 2060, 180)","(242.0, 2060.0, 180)"
1706,426,2,XM1_x3_x1_x1,0.0,0.0,0.0,"(3756, 2604, 90)","(3886.0, 2604.0, 90)"
1707,426,3,XM4_x3_x1_x1,-13658.96421655296,13229.0,184869.22751600115,"(2264, 1321, 270)","(2264.0, 1321.0, 270)"
1708,427,0,XM4_x3_x1_x1,0.0,0.0,0.0,"(3624, 2601, 180)","(3624.0, 2186.0, 180)"
1709,427,1,XM3_x3_x1_x1,0.0,0.0,0.0,"(189, 3729, 270)","(189.0, 3729.0, 270)"
1710,427,2,XM1_x3_x1_x1,0.0,0.0,0.0,"(3794, 3023, 180)","(4075.0, 3023.0, 180)"
1711,427,3,XM2_x3_x1_x1,-17948.9397496728,17385.0,318028.0412610203,"(3729, 3365, 180)","(3729.0, 3365.0, 180)"
1712,428,0,XM4_x3_x1_x1,0.0,0.0,0.0,"(1414, 2149, 180)","(1414.0, 2149.0, 180)"
1713,428,1,XM2_x3_x1_x1,0.0,0.0,0.0,"(3285, 526, 270)","(3285.0, 526.0, 270)"
1714,428,2,XM1_x3_x1_x1,0.0,0.0,0.0,"(3044, 283, 180)","(3044.0, -164.0, 180)"
1715,428,3,XM3_x3_x1_x1,-17130.653114799905,16448.0,466015.27514601016,"(2258, 1572, 180)","(2258.0, 1572.0, 180)"
1716,429,0,XM1_x3_x1_x1,0.0,0.0,0.0,"(2839, 3380, 0)","(2839.0, 3380.0, 0)"
1717,429,1,XM4_x3_x1_x1,0.0,0.0,0.0,"(172, 627, 0)","(172.0, 627.0, 0)"
1718,429,2,XM3_x3_x1_x1,0.0,0.0,0.0,"(1603, 2387, 270)","(1603.0, 2387.0, 270)"
1719,429,3,XM2_x3_x1_x1,-15737.66420582575,15263.0,225306.10829218983,"(1484, 102, 180)","(1484.0, 102.0, 180)"
1720,430,0,XM2_x3_x1_x1,0.0,0.0,0.0,"(585, 296, 0)","(615.0, 296.0, 0)"
1721,430,1,XM1_x3_x1_x1,0.0,0.0,0.0,"(4087, 3412, 180)","(4087.0, 3412.0, 180)"
1722,430,2,XM3_x3_x1_x1,0.0,0.0,0.0,"(1584, 3948, 90)","(1584.0, 3948.0, 90)"
1723,430,3,XM4_x3_x1_x1,-17291.87172457647,16853.0,192608.3906327247,"(219, 1170, 180)","(219.0, 1170.0, 180)"
1724,431,0,XM4_x3_x1_x1,0.0,0.0,0.0,"(148, 4255, 90)","(148.0, 4255.0, 90)"
1725,431,1,XM1_x3_x1_x1,0.0,0.0,0.0,"(943, 1592, 90)","(943.0, 1592.0, 90)"
1726,431,2,XM3_x3_x1_x1,0.0,0.0,0.0,"(3142, 486, 90)","(3142.0, 486.0, 90)"
1727,431,3,XM2_x3_x1_x1,-19689.53595884167,19125.0,318700.84882528055,"(1266, 2606, 180)","(1266.0, 2606.0, 180)"
1728,432,0,XM4_x3_x1_x1,0.0,0.0,0.0,"(2215, 1087, 0)","(2215.0, 1087.0, 0)"
1729,432,1,XM1_x3_x1_x1,0.0,0.0,0.0,"(4098, 645, 270)","(4098.0, 645.0, 270)"
1730,432,2,XM2_x3_x1_x1,0.0,0.0,0.0,"(904, 3299, 270)","(904.0, 3299.0, 270)"
1731,432,3,XM3_x3_x1_x1,-18817.51236822034,18271.0,298675.76861780713,"(2045, 334, 90)","(2045.0, 334.0, 90)"
1732,433,0,XM4_x3_x1_x1,0.0,0.0,0.0,"(3576, 2323, 270)","(3576.0, 2323.0, 270)"
1733,433,1,XM1_x3_x1_x1,0.0,0.0,0.0,"(3637, 1715, 180)","(3637.0, 1633.0, 180)"
1734,433,2,XM3_x3_x1_x1,0.0,0.0,0.0,"(576, 1651, 180)","(576.0, 1651.0, 180)"
1735,433,3,XM2_x3_x1_x1,-16535.374819645967,16133.0,161905.4954851246,"(2076, 3287, 180)","(2076.0, 3287.0, 180)"
1736,434,0,XM2_x3_x1_x1,0.0,0.0,0.0,"(1733, 1244, 0)","(1733.0, 1244.0, 0)"
1737,434,1,XM3_x3_x1_x1,0.0,0.0,0.0,"(3051, 200, 180)","(3051.0, 200.0, 180)"
1738,434,2,XM4_x3_x1_x1,0.0,0.0,0.0,"(3956, 3052, 180)","(3956.0, 3052.0, 180)"
1739,434,3,XM1_x3_x1_x1,-17392.337412551355,16808.0,341450.2117072128,"(2194, 955, 180)","(2194.0, 955.0, 180)"
1740,435,0,XM4_x3_x1_x1,0.0,0.0,0.0,"(307, 609, 180)","(307.0, 609.0, 180)"
1741,435,1,XM1_x3_x1_x1,0.0,0.0,0.0,"(374, 3950, 270)","(374.0, 3950.0, 270)"
1742,435,2,XM3_x3_x1_x1,0.0,0.0,0.0,"(2326, 1122, 180)","(2326.0, 1122.0, 180)"
1743,435,3,XM2_x3_x1_x1,-22214.518529052573,21383.0,691423.0641577546,"(1216, 2863, 180)","(1216.0, 2863.0, 180)"
1744,436,0,XM2_x3_x1_x1,0.0,0.0,0.0,"(1430, 557, 90)","(1430.0, 557.0, 90)"
1745,436,1,XM1_x3_x1_x1,0.0,0.0,0.0,"(2172, 1038, 180)","(2172.0, 1038.0, 180)"
1746,436,2,XM3_x3_x1_x1,0.0,0.0,0.0,"(140, 3727, 0)","(140.0, 3727.0, 0)"
1747,436,3,XM4_x3_x1_x1,-19015.270231317274,18399.0,379788.99800784444,"(2214, 516, 0)","(2518.0, 516.0, 0)"
1748,437,0,XM4_x3_x1_x1,0.0,0.0,0.0,"(1498, 777, 0)","(1498.0, 777.0, 0)"
1749,437,1,XM2_x3_x1_x1,0.0,0.0,0.0,"(3250, 1360, 180)","(3250.0, 1360.0, 180)"
1750,437,2,XM1_x3_x1_x1,0.0,0.0,0.0,"(2308, 918, 180)","(2308.0, 918.0, 180)"
1751,437,3,XM3_x3_x1_x1,-19141.184775602058,18479.0,438488.6770391468,"(1411, 3881, 270)","(1411.0, 3881.0, 270)"
1752,438,0,XM4_x3_x1_x1,0.0,0.0,0.0,"(4126, 4074, 270)","(4126.0, 4074.0, 270)"
1753,438,1,XM2_x3_x1_x1,0.0,0.0,0.0,"(1017, 893, 270)","(744.5, 893.0, 270)"
1754,438,2,XM3_x3_x1_x1,0.0,0.0,0.0,"(550, 2880, 180)","(550.0, 2880.0, 180)"
1755,438,3,XM1_x3_x1_x1,-26788.64714205052,25908.0,775539.3888017446,"(1482, 974, 0)","(1482.0, 974.0, 0)"
1756,439,0,XM2_x3_x1_x1,0.0,0.0,0.0,"(3696, 2966, 0)","(3696.0, 2966.0, 0)"
1757,439,1,XM4_x3_x1_x1,0.0,0.0,0.0,"(1501, 3023, 180)","(1501.0, 3023.0, 180)"
1758,439,2,XM1_x3_x1_x1,0.0,0.0,0.0,"(3572, 682, 90)","(3572.0, 682.0, 90)"
1759,439,3,XM3_x3_x1_x1,-22063.69135553482,21407.0,431243.53643415903,"(99, 1573, 90)","(99.0, 1573.0, 90)"
1760,440,0,XM1_x3_x1_x1,0.0,0.0,0.0,"(4247, 1526, 0)","(4247.0, 1526.0, 0)"
1761,440,1,XM2_x3_x1_x1,0.0,0.0,0.0,"(3173, 122, 180)","(3173.0, 122.0, 180)"
1762,440,2,XM3_x3_x1_x1,0.0,0.0,0.0,"(1716, 4101, 270)","(1716.0, 4101.0, 270)"
1763,440,3,XM4_x3_x1_x1,-18730.641534067458,18118.0,375329.6492645282,"(2911, 330, 180)","(2777.0, 330.0, 180)"
1764,441,0,XM2_x3_x1_x1,0.0,0.0,0.0,"(2312, 528, 270)","(2312.0, 528.0, 270)"
1765,441,1,XM1_x3_x1_x1,0.0,0.0,0.0,"(3601, 1436, 180)","(3601.0, 1436.0, 180)"
1766,441,2,XM4_x3_x1_x1,0.0,0.0,0.0,"(437, 3250, 270)","(437.0, 3250.0, 270)"
1767,441,3,XM3_x3_x1_x1,-20050.627171671356,19479.0,326757.6233929926,"(3644, 3021, 270)","(3644.0, 3021.0, 270)"
1768,442,0,XM1_x3_x1_x1,0.0,0.0,0.0,"(2560, 2671, 270)","(2560.0, 2671.0, 270)"
1769,442,1,XM3_x3_x1_x1,0.0,0.0,0.0,"(259, 1883, 270)","(259.0, 1883.0, 270)"
1770,442,2,XM4_x3_x1_x1,0.0,0.0,0.0,"(1584, 3722, 90)","(1584.0, 3722.0, 90)"
1771,442,3,XM2_x3_x1_x1,-20297.40986444915,19540.0,573669.7027648796,"(407, 932, 180)","(407.0, 932.0, 180)"
1772,443,0,XM2_x3_x1_x1,0.0,0.0,0.0,"(761, 983, 180)","(761.0, 983.0, 180)"
1773,443,1,XM4_x3_x1_x1,0.0,0.0,0.0,"(283, 3438, 180)","(283.0, 3438.0, 180)"
1774,443,2,XM3_x3_x1_x1,0.0,0.0,0.0,"(2046, 3970, 180)","(2046.0, 3970.0, 180)"
1775,443,3,XM1_x3_x1_x1,-17116.96065129353,16719.0,158372.67997797154,"(3724, 3836, 270)","(3724.0, 3836.0, 270)"
1776,444,0,XM2_x3_x1_x1,0.0,0.0,0.0,"(3197, 2159, 270)","(3197.0, 2271.0, 270)"
1777,444,1,XM1_x3_x1_x1,0.0,0.0,0.0,"(2425, 1925, 90)","(2425.0, 1925.0, 90)"
1778,444,2,XM3_x3_x1_x1,0.0,0.0,0.0,"(554, 1978, 0)","(554.0, 1978.0, 0)"
1779,444,3,XM4_x3_x1_x1,-16337.402178770859,15932.0,164350.92655215925,"(4010, 4225, 0)","(4010.0, 4225.0, 0)"
1780,445,0,XM4_x3_x1_x1,0.0,0.0,0.0,"(444, 2369, 0)","(444.0, 2369.0, 0)"
1781,445,1,XM3_x3_x1_x1,0.0,0.0,0.0,"(607, 1302, 90)","(607.0, 1302.0, 90)"
1782,445,2,XM2_x3_x1_x1,0.0,0.0,0.0,"(1949, 2037, 180)","(1949.0, 2037.0, 180)"
1783,445,3,XM1_x3_x1_x1,-14870.841156422035,14268.5,362814.868719835,"(451, 3442, 0)","(451.0, 3450.5, 0)"
1784,446,0,XM4_x3_x1_x1,0.0,0.0,0.0,"(2481, 457, 0)","(2481.0, 457.0, 0)"
1785,446,1,XM1_x3_x1_x1,0.0,0.0,0.0,"(4278, 3443, 180)","(4278.0, 3443.0, 180)"
1786,446,2,XM2_x3_x1_x1,0.0,0.0,0.0,"(404, 3038, 0)","(404.0, 3038.0, 0)"
1787,446,3,XM3_x3_x1_x1,-27868.832559491973,26949.0,846091.9375015561,"(1176, 1408, 180)","(1176.0, 1408.0, 180)"
1788,447,0,XM1_x3_x1_x1,0.0,0.0,0.0,"(3632, 1502, 180)","(3632.0, 1502.0, 180)"
1789,447,1,XM4_x3_x1_x1,0.0,0.0,0.0,"(3685, 1080, 180)","(3978.0, 1080.0, 180)"
1790,447,2,XM3_x3_x1_x1,0.0,0.0,0.0,"(3374, 626, 180)","(3336.0, 626.0, 180)"
1791,447,3,XM2_x3_x1_x1,-9471.419072863844,9157.0,98859.35338055974,"(3956, 2860, 180)","(3956.0, 2860.0, 180)"
1792,448,0,XM2_x3_x1_x1,0.0,0.0,0.0,"(2573, 44, 180)","(2573.0, 44.0, 180)"
1793,448,1,XM3_x3_x1_x1,0.0,0.0,0.0,"(3767, 3281, 270)","(3767.0, 3281.0, 270)"
1794,448,2,XM1_x3_x1_x1,0.0,0.0,0.0,"(2358, 1657, 90)","(2358.0, 1657.0, 90)"
1795,448,3,XM4_x3_x1_x1,-14307.670449539746,13850.0,209462.24038191367,"(3302, 40, 270)","(3360.5, 40.0, 270)"
1796,449,0,XM2_x3_x1_x1,0.0,0.0,0.0,"(17, 178, 270)","(17.0, 178.0, 270)"
1797,449,1,XM1_x3_x1_x1,0.0,0.0,0.0,"(2564, 2094, 0)","(2564.0, 2094.0, 0)"
1798,449,2,XM4_x3_x1_x1,0.0,0.0,0.0,"(222, 3236, 90)","(222.0, 3236.0, 90)"
1799,449,3,XM3_x3_x1_x1,-20826.93852671942,20255.0,327113.6783459786,"(4098, 2860, 90)","(4098.0, 2860.0, 90)"
1800,450,0,XM1_x3_x1_x1,0.0,0.0,0.0,"(817, 3879, 180)","(817.0, 3879.0, 180)"
1801,450,1,XM3_x3_x1_x1,0.0,0.0,0.0,"(1420, 3112, 180)","(1420.0, 3112.0, 180)"
1802,450,2,XM4_x3_x1_x1,0.0,0.0,0.0,"(707, 298, 270)","(707.0, 298.0, 270)"
1803,450,3,XM2_x3_x1_x1,-12667.92211071251,12298.0,136842.367993999,"(759, 2159, 180)","(759.0, 2159.0, 180)"
1804,451,0,XM3_x3_x1_x1,0.0,0.0,0.0,"(1666, 288, 270)","(1666.0, -29.0, 270)"
1805,451,1,XM1_x3_x1_x1,0.0,0.0,0.0,"(1413, 611, 0)","(1413.0, 611.0, 0)"
1806,451,2,XM4_x3_x1_x1,0.0,0.0,0.0,"(374, 2290, 180)","(374.0, 2290.0, 180)"
1807,451,3,XM2_x3_x1_x1,-12747.735890011447,12441.0,94086.90622111432,"(2384, 2851, 180)","(2384.0, 2851.0, 180)"
1808,452,0,XM3_x3_x1_x1,0.0,0.0,0.0,"(3470, 1016, 180)","(3470.0, 1016.0, 180)"
1809,452,1,XM1_x3_x1_x1,0.0,0.0,0.0,"(410, 1920, 180)","(410.0, 1920.0, 180)"
1810,452,2,XM2_x3_x1_x1,0.0,0.0,0.0,"(2276, 3516, 270)","(2276.0, 3516.0, 270)"
1811,452,3,XM4_x3_x1_x1,-18664.09337366444,18157.0,257143.68961438234,"(2027, 4284, 90)","(2027.0, 4284.0, 90)"
1812,453,0,XM4_x3_x1_x1,0.0,0.0,0.0,"(3425, 3935, 180)","(3425.0, 3935.0, 180)"
1813,453,1,XM1_x3_x1_x1,0.0,0.0,0.0,"(2020, 1911, 180)","(2020.0, 1911.0, 180)"
1814,453,2,XM2_x3_x1_x1,0.0,0.0,0.0,"(310, 1452, 0)","(310.0, 1452.0, 0)"
1815,453,3,XM3_x3_x1_x1,-22916.0887532643,22194.0,521412.1675907882,"(4113, 1863, 180)","(4113.0, 1863.0, 180)"
1816,454,0,XM2_x3_x1_x1,0.0,0.0,0.0,"(416, 3815, 180)","(416.0, 3815.0, 180)"
1817,454,1,XM1_x3_x1_x1,0.0,0.0,0.0,"(3380, 535, 90)","(3380.0, 535.0, 90)"
1818,454,2,XM4_x3_x1_x1,0.0,0.0,0.0,"(3920, 2174, 270)","(3920.0, 2174.0, 270)"
1819,454,3,XM3_x3_x1_x1,-24044.818242169385,23318.0,528264.7571501943,"(3994, 2633, 180)","(3994.0, 2864.0, 180)"
1820,455,0,XM1_x3_x1_x1,0.0,0.0,0.0,"(832, 2730, 90)","(832.0, 2730.0, 90)"
1821,455,1,XM2_x3_x1_x1,0.0,0.0,0.0,"(4100, 312, 270)","(4100.0, 312.0, 270)"
1822,455,2,XM4_x3_x1_x1,0.0,0.0,0.0,"(2821, 568, 180)","(2821.0, 538.5, 180)"
1823,455,3,XM3_x3_x1_x1,-15878.406694198684,15424.0,206485.44373257644,"(2190, 1276, 270)","(2190.0, 1276.0, 270)"
1824,456,0,XM4_x3_x1_x1,0.0,0.0,0.0,"(3800, 1512, 270)","(3800.0, 1058.5, 270)"
1825,456,1,XM3_x3_x1_x1,0.0,0.0,0.0,"(3325, 3168, 90)","(3325.0, 3168.0, 90)"
1826,456,2,XM2_x3_x1_x1,0.0,0.0,0.0,"(3913, 1846, 0)","(3913.0, 1846.0, 0)"
1827,456,3,XM1_x3_x1_x1,-9742.890057936937,9440.5,91439.7471391039,"(3430, 4189, 0)","(3430.0, 4189.0, 0)"
1828,457,0,XM4_x3_x1_x1,0.0,0.0,0.0,"(3669, 188, 90)","(3669.0, 188.0, 90)"
1829,457,1,XM1_x3_x1_x1,0.0,0.0,0.0,"(408, 3206, 180)","(408.0, 3206.0, 180)"
1830,457,2,XM2_x3_x1_x1,0.0,0.0,0.0,"(4135, 2517, 270)","(4135.0, 2517.0, 270)"
1831,457,3,XM3_x3_x1_x1,-24651.023105067925,23922.0,531474.6877228812,"(3241, 955, 180)","(3241.0, 955.0, 180)"
1832,458,0,XM4_x3_x1_x1,0.0,0.0,0.0,"(3461, 3173, 90)","(3461.0, 3173.0, 90)"
1833,458,1,XM2_x3_x1_x1,0.0,0.0,0.0,"(3978, 3870, 0)","(3978.0, 3960.5, 0)"
1834,458,2,XM1_x3_x1_x1,0.0,0.0,0.0,"(3623, 405, 270)","(3623.0, 405.0, 270)"
1835,458,3,XM3_x3_x1_x1,-22599.76675005461,21928.5,450599.0497288746,"(40, 2567, 0)","(40.0, 2567.0, 0)"
1836,459,0,XM2_x3_x1_x1,0.0,0.0,0.0,"(2861, 4088, 270)","(2861.0, 4088.0, 270)"
1837,459,1,XM4_x3_x1_x1,0.0,0.0,0.0,"(325, 2141, 270)","(325.0, 2141.0, 270)"
1838,459,2,XM1_x3_x1_x1,0.0,0.0,0.0,"(3229, 1921, 0)","(3229.0, 1921.0, 0)"
1839,459,3,XM3_x3_x1_x1,-20055.70835706691,19325.0,533934.7030874226,"(1419, 2668, 270)","(1419.0, 2668.0, 270)"
1840,460,0,XM3_x3_x1_x1,0.0,0.0,0.0,"(2880, 1127, 180)","(2880.0, 1127.0, 180)"
1841,460,1,XM4_x3_x1_x1,0.0,0.0,0.0,"(1335, 3716, 180)","(1335.0, 3716.0, 180)"
1842,460,2,XM1_x3_x1_x1,0.0,0.0,0.0,"(192, 1364, 90)","(192.0, 1364.0, 90)"
1843,460,3,XM2_x3_x1_x1,-18654.03688705023,18112.0,293803.98692310456,"(1772, 1183, 270)","(1772.0, 1183.0, 270)"
1844,461,0,XM3_x3_x1_x1,0.0,0.0,0.0,"(4175, 563, 270)","(4175.0, 563.0, 270)"
1845,461,1,XM1_x3_x1_x1,0.0,0.0,0.0,"(833, 3381, 90)","(833.0, 3381.0, 90)"
1846,461,2,XM2_x3_x1_x1,0.0,0.0,0.0,"(451, 2216, 0)","(451.0, 2216.0, 0)"
1847,461,3,XM4_x3_x1_x1,-27608.015290102932,26639.0,938990.6324532692,"(2663, 806, 0)","(2663.0, 806.0, 0)"
1848,462,0,XM2_x3_x1_x1,0.0,0.0,0.0,"(1972, 2024, 270)","(1972.0, 2024.0, 270)"
1849,462,1,XM4_x3_x1_x1,0.0,0.0,0.0,"(1245, 111, 0)","(1245.0, 111.0, 0)"
1850,462,2,XM3_x3_x1_x1,0.0,0.0,0.0,"(1054, 3022, 0)","(1054.0, 3022.0, 0)"
1851,462,3,XM1_x3_x1_x1,-18734.222521497097,18039.0,483334.35439678363,"(3098, 1338, 180)","(3098.0, 1338.0, 180)"
1852,463,0,XM2_x3_x1_x1,0.0,0.0,0.0,"(423, 2511, 90)","(423.0, 2511.0, 90)"
1853,463,1,XM3_x3_x1_x1,0.0,0.0,0.0,"(567, 3607, 270)","(567.0, 3607.0, 270)"
1854,463,2,XM1_x3_x1_x1,0.0,0.0,0.0,"(3837, 479, 0)","(3837.0, 479.0, 0)"
1855,463,3,XM4_x3_x1_x1,-29594.59930046045,28537.0,1118516.2803344314,"(2674, 363, 270)","(2674.0, 363.0, 270)"
1856,464,0,XM2_x3_x1_x1,0.0,0.0,0.0,"(1036, 532, 90)","(1036.0, 532.0, 90)"
1857,464,1,XM4_x3_x1_x1,0.0,0.0,0.0,"(2878, 2486, 0)","(2878.0, 2486.0, 0)"
1858,464,2,XM3_x3_x1_x1,0.0,0.0,0.0,"(100, 1030, 180)","(100.0, 1030.0, 180)"
1859,464,3,XM1_x3_x1_x1,-15238.113794345609,14701.0,288491.2280763364,"(801, 1472, 180)","(801.0, 1472.0, 180)"
1860,465,0,XM3_x3_x1_x1,0.0,0.0,0.0,"(1405, 1421, 0)","(1405.0, 1421.0, 0)"
1861,465,1,XM2_x3_x1_x1,0.0,0.0,0.0,"(683, 3464, 90)","(683.0, 3464.0, 90)"
1862,465,2,XM1_x3_x1_x1,0.0,0.0,0.0,"(4319, 1651, 270)","(4319.0, 1651.0, 270)"
1863,465,3,XM4_x3_x1_x1,-20128.253950798942,19574.0,307197.44197623676,"(2878, 2257, 270)","(2878.0, 2257.0, 270)"
1864,466,0,XM4_x3_x1_x1,0.0,0.0,0.0,"(2608, 661, 90)","(2608.0, 661.0, 90)"
1865,466,1,XM1_x3_x1_x1,0.0,0.0,0.0,"(178, 107, 270)","(178.0, 107.0, 270)"
1866,466,2,XM2_x3_x1_x1,0.0,0.0,0.0,"(2482, 4006, 180)","(2482.0, 4006.0, 180)"
1867,466,3,XM3_x3_x1_x1,-25650.43182326026,24970.0,462987.46610528324,"(1973, 3607, 0)","(1973.0, 3607.0, 0)"
1868,467,0,XM3_x3_x1_x1,0.0,0.0,0.0,"(2805, 1756, 270)","(2805.0, 1756.0, 270)"
1869,467,1,XM4_x3_x1_x1,0.0,0.0,0.0,"(2516, 2696, 180)","(2516.0, 2696.0, 180)"
1870,467,2,XM2_x3_x1_x1,0.0,0.0,0.0,"(986, 312, 270)","(986.0, 312.0, 270)"
1871,467,3,XM1_x3_x1_x1,-21371.40058817525,20590.0,610586.879200626,"(1289, 3793, 180)","(1289.0, 3793.0, 180)"
1872,468,0,XM3_x3_x1_x1,0.0,0.0,0.0,"(2696, 3300, 270)","(2696.0, 3300.0, 270)"
1873,468,1,XM4_x3_x1_x1,0.0,0.0,0.0,"(1460, 2405, 0)","(1460.0, 2405.0, 0)"
1874,468,2,XM1_x3_x1_x1,0.0,0.0,0.0,"(4192, 3080, 180)","(4192.0, 3080.0, 180)"
1875,468,3,XM2_x3_x1_x1,-13312.819946958907,12986.0,106811.27773022346,"(55, 2860, 90)","(55.0, 2860.0, 90)"
1876,469,0,XM3_x3_x1_x1,0.0,0.0,0.0,"(2041, 2891, 0)","(2041.0, 2891.0, 0)"
1877,469,1,XM4_x3_x1_x1,0.0,0.0,0.0,"(3832, 4283, 270)","(3832.0, 4283.0, 270)"
1878,469,2,XM2_x3_x1_x1,0.0,0.0,0.0,"(2418, 1623, 180)","(2418.0, 1623.0, 180)"
1879,469,3,XM1_x3_x1_x1,-18702.587017407714,18123.0,335921.1107475706,"(1181, 1565, 180)","(1181.0, 1565.0, 180)"
1880,470,0,XM1_x3_x1_x1,0.0,0.0,0.0,"(1664, 2494, 180)","(1664.0, 2494.0, 180)"
1881,470,1,XM2_x3_x1_x1,0.0,0.0,0.0,"(659, 4279, 0)","(659.0, 4279.0, 0)"
1882,470,2,XM4_x3_x1_x1,0.0,0.0,0.0,"(3908, 364, 270)","(3908.0, 364.0, 270)"
1883,470,3,XM3_x3_x1_x1,-29828.784230994577,28802.0,1054285.8570191287,"(3615, 1015, 270)","(3615.0, 1015.0, 270)"
1884,471,0,XM4_x3_x1_x1,0.0,0.0,0.0,"(2766, 1365, 270)","(2766.0, 1365.0, 270)"
1885,471,1,XM3_x3_x1_x1,0.0,0.0,0.0,"(179, 1988, 270)","(179.0, 1988.0, 270)"
1886,471,2,XM2_x3_x1_x1,0.0,0.0,0.0,"(4097, 2363, 270)","(4097.0, 2363.0, 270)"
1887,471,3,XM1_x3_x1_x1,-20433.610879164484,19782.0,424596.737845513,"(2730, 118, 90)","(2730.0, 118.0, 90)"
1888,472,0,XM2_x3_x1_x1,0.0,0.0,0.0,"(1168, 2419, 270)","(1168.0, 2419.0, 270)"
1889,472,1,XM4_x3_x1_x1,0.0,0.0,0.0,"(4054, 1707, 270)","(4054.0, 1707.0, 270)"
1890,472,2,XM1_x3_x1_x1,0.0,0.0,0.0,"(4142, 264, 90)","(4142.0, 264.0, 90)"
1891,472,3,XM3_x3_x1_x1,-20256.259834217715,19539.0,514461.66978202306,"(2620, 2288, 90)","(2620.0, 2288.0, 90)"
1892,473,0,XM1_x3_x1_x1,0.0,0.0,0.0,"(4255, 1024, 180)","(4255.0, 1024.0, 180)"
1893,473,1,XM4_x3_x1_x1,0.0,0.0,0.0,"(1519, 1702, 270)","(1519.0, 1702.0, 270)"
1894,473,2,XM2_x3_x1_x1,0.0,0.0,0.0,"(2897, 3289, 90)","(2897.0, 3289.0, 90)"
1895,473,3,XM3_x3_x1_x1,-19986.921033070565,19392.0,353931.0355897488,"(3868, 4284, 180)","(3868.0, 4284.0, 180)"
1896,474,0,XM3_x3_x1_x1,0.0,0.0,0.0,"(2, 2914, 180)","(2.0, 2914.0, 180)"
1897,474,1,XM4_x3_x1_x1,0.0,0.0,0.0,"(2654, 470, 270)","(2654.0, 76.0, 270)"
1898,474,2,XM1_x3_x1_x1,0.0,0.0,0.0,"(2344, 766, 180)","(2344.0, 766.0, 180)"
1899,474,3,XM2_x3_x1_x1,-21343.71631335905,20712.0,399065.50056395016,"(4218, 756, 0)","(4218.0, 756.0, 0)"
1900,475,0,XM1_x3_x1_x1,0.0,0.0,0.0,"(37, 2055, 270)","(37.0, 2055.0, 270)"
1901,475,1,XM2_x3_x1_x1,0.0,0.0,0.0,"(750, 1087, 180)","(750.0, 1087.0, 180)"
1902,475,2,XM3_x3_x1_x1,0.0,0.0,0.0,"(1383, 2150, 180)","(1383.0, 2150.0, 180)"
1903,475,3,XM4_x3_x1_x1,-12922.95001634166,12446.0,227481.31808830966,"(556, 3395, 180)","(556.0, 3395.0, 180)"
1904,476,0,XM2_x3_x1_x1,0.0,0.0,0.0,"(1565, 2209, 0)","(1565.0, 2209.0, 0)"
1905,476,1,XM3_x3_x1_x1,0.0,0.0,0.0,"(1122, 2635, 180)","(1122.0, 2635.0, 180)"
1906,476,2,XM1_x3_x1_x1,0.0,0.0,0.0,"(2506, 1085, 90)","(2506.0, 1085.0, 90)"
1907,476,3,XM4_x3_x1_x1,-17321.659345324984,16703.0,382739.3855579394,"(0, 3483, 270)","(0.0, 3483.0, 270)"
1908,477,0,XM4_x3_x1_x1,0.0,0.0,0.0,"(1565, 2608, 180)","(1565.0, 2608.0, 180)"
1909,477,1,XM3_x3_x1_x1,0.0,0.0,0.0,"(1845, 3814, 270)","(1845.0, 3814.0, 270)"
1910,477,2,XM1_x3_x1_x1,0.0,0.0,0.0,"(955, 376, 270)","(955.0, 376.0, 270)"
1911,477,3,XM2_x3_x1_x1,-16932.8697568576,16398.0,286085.6568009075,"(784, 3354, 180)","(784.0, 3354.0, 180)"
1912,478,0,XM3_x3_x1_x1,0.0,0.0,0.0,"(3496, 3446, 180)","(3496.0, 3446.0, 180)"
1913,478,1,XM4_x3_x1_x1,0.0,0.0,0.0,"(1305, 1390, 90)","(1305.0, 1390.0, 90)"
1914,478,2,XM1_x3_x1_x1,0.0,0.0,0.0,"(275, 555, 90)","(275.0, 555.0, 90)"
1915,478,3,XM2_x3_x1_x1,-22151.367491638906,21387.5,583493.5447827163,"(1390, 1159, 0)","(1390.0, 602.5, 0)"
1916,479,0,XM2_x3_x1_x1,0.0,0.0,0.0,"(3821, 3684, 0)","(3821.0, 3684.0, 0)"
1917,479,1,XM4_x3_x1_x1,0.0,0.0,0.0,"(1709, 1718, 180)","(1709.0, 1718.0, 180)"
1918,479,2,XM1_x3_x1_x1,0.0,0.0,0.0,"(153, 1540, 0)","(153.0, 1540.0, 0)"
1919,479,3,XM3_x3_x1_x1,-23931.403637205043,23074.0,735140.9970924375,"(2738, 3331, 270)","(2738.0, 3331.0, 270)"
1920,480,0,XM4_x3_x1_x1,0.0,0.0,0.0,"(1824, 412, 0)","(1824.0, 412.0, 0)"
1921,480,1,XM2_x3_x1_x1,0.0,0.0,0.0,"(3323, 2535, 90)","(3323.0, 2535.0, 90)"
1922,480,2,XM3_x3_x1_x1,0.0,0.0,0.0,"(2101, 1980, 0)","(2101.0, 1980.0, 0)"
1923,480,3,XM1_x3_x1_x1,-15582.973488782538,15008.0,330594.5128027631,"(1706, 3143, 180)","(1706.0, 3143.0, 180)"
1924,481,0,XM3_x3_x1_x1,0.0,0.0,0.0,"(3705, 1474, 270)","(3705.0, 1474.0, 270)"
1925,481,1,XM2_x3_x1_x1,0.0,0.0,0.0,"(2562, 1526, 270)","(2562.0, 1526.0, 270)"
1926,481,2,XM1_x3_x1_x1,0.0,0.0,0.0,"(151, 2304, 270)","(151.0, 2304.0, 270)"
1927,481,3,XM4_x3_x1_x1,-21362.84305826518,20610.0,566772.670378074,"(3694, 3416, 90)","(3694.0, 3416.0, 90)"
1928,482,0,XM1_x3_x1_x1,0.0,0.0,0.0,"(101, 4273, 270)","(101.0, 4273.0, 270)"
1929,482,1,XM3_x3_x1_x1,0.0,0.0,0.0,"(941, 3374, 270)","(941.0, 3374.0, 270)"
1930,482,2,XM4_x3_x1_x1,0.0,0.0,0.0,"(2099, 3113, 90)","(2099.0, 3113.0, 90)"
1931,482,3,XM2_x3_x1_x1,-18286.295062629844,17772.0,264499.41144543525,"(595, 428, 90)","(595.0, 428.0, 90)"
1932,483,0,XM3_x3_x1_x1,0.0,0.0,0.0,"(3527, 242, 180)","(3527.0, 242.0, 180)"
1933,483,1,XM4_x3_x1_x1,0.0,0.0,0.0,"(2372, 3677, 180)","(2372.0, 3677.0, 180)"
1934,483,2,XM2_x3_x1_x1,0.0,0.0,0.0,"(690, 1863, 0)","(690.0, 1863.0, 0)"
1935,483,3,XM1_x3_x1_x1,-19533.81851210347,18939.0,353809.0623409835,"(2698, 2109, 0)","(2698.0, 2109.0, 0)"
1936,484,0,XM4_x3_x1_x1,0.0,0.0,0.0,"(3783, 4215, 180)","(3783.0, 4215.0, 180)"
1937,484,1,XM1_x3_x1_x1,0.0,0.0,0.0,"(2656, 1440, 0)","(2656.0, 1440.0, 0)"
1938,484,2,XM3_x3_x1_x1,0.0,0.0,0.0,"(253, 2079, 0)","(253.0, 2079.0, 0)"
1939,484,3,XM2_x3_x1_x1,-20033.059561623526,19533.0,250059.5651711134,"(3648, 1154, 180)","(3648.0, 1154.0, 180)"
1940,485,0,XM1_x3_x1_x1,0.0,0.0,0.0,"(3018, 3001, 0)","(3018.0, 3001.0, 0)"
1941,485,1,XM4_x3_x1_x1,0.0,0.0,0.0,"(925, 3244, 90)","(925.0, 3244.0, 90)"
1942,485,2,XM3_x3_x1_x1,0.0,0.0,0.0,"(1317, 308, 0)","(1317.0, 308.0, 0)"
1943,485,3,XM2_x3_x1_x1,-19403.58540821083,18770.0,401430.4694976844,"(2483, 3739, 180)","(2483.0, 3739.0, 180)"
1944,486,0,XM3_x3_x1_x1,0.0,0.0,0.0,"(1993, 3423, 0)","(1993.0, 3423.0, 0)"
1945,486,1,XM1_x3_x1_x1,0.0,0.0,0.0,"(1598, 2410, 90)","(1598.0, 2387.0, 90)"
1946,486,2,XM2_x3_x1_x1,0.0,0.0,0.0,"(2390, 3040, 270)","(2390.0, 2733.0, 270)"
1947,486,3,XM4_x3_x1_x1,-13660.843936589665,13138.0,273365.7820285776,"(248, 3793, 0)","(248.0, 3793.0, 0)"
1948,487,0,XM3_x3_x1_x1,0.0,0.0,0.0,"(660, 1624, 0)","(660.0, 1624.0, 0)"
1949,487,1,XM1_x3_x1_x1,0.0,0.0,0.0,"(3800, 2974, 270)","(3800.0, 2974.0, 270)"
1950,487,2,XM4_x3_x1_x1,0.0,0.0,0.0,"(3814, 3912, 270)","(3814.0, 3912.0, 270)"
1951,487,3,XM2_x3_x1_x1,-18662.194857176884,18075.0,344797.8002949825,"(2934, 3182, 180)","(2934.0, 3182.0, 180)"
1952,488,0,XM3_x3_x1_x1,0.0,0.0,0.0,"(3885, 3682, 0)","(3885.0, 3682.0, 0)"
1953,488,1,XM2_x3_x1_x1,0.0,0.0,0.0,"(306, 79, 0)","(306.0, 79.0, 0)"
1954,488,2,XM1_x3_x1_x1,0.0,0.0,0.0,"(2822, 4086, 180)","(2822.0, 4086.0, 180)"
1955,488,3,XM4_x3_x1_x1,-20137.115594612365,19576.0,314850.71051718935,"(2525, 1780, 90)","(2525.0, 1780.0, 90)"
1956,489,0,XM4_x3_x1_x1,0.0,0.0,0.0,"(2634, 2652, 270)","(2634.0, 2652.0, 270)"
1957,489,1,XM2_x3_x1_x1,0.0,0.0,0.0,"(710, 824, 180)","(710.0, 824.0, 180)"
1958,489,2,XM1_x3_x1_x1,0.0,0.0,0.0,"(4046, 3557, 180)","(4046.0, 3557.0, 180)"
1959,489,3,XM3_x3_x1_x1,-24687.085503093083,23884.0,644946.3252782718,"(2366, 452, 270)","(2366.0, 452.0, 270)"
1960,490,0,XM2_x3_x1_x1,0.0,0.0,0.0,"(2597, 3206, 0)","(2597.0, 3206.0, 0)"
1961,490,1,XM1_x3_x1_x1,0.0,0.0,0.0,"(3493, 4245, 0)","(3493.0, 4245.0, 0)"
1962,490,2,XM4_x3_x1_x1,0.0,0.0,0.0,"(2282, 2398, 180)","(2201.0, 2398.0, 180)"
1963,490,3,XM3_x3_x1_x1,-13029.061276140463,12661.0,135469.10299414536,"(3205, 1762, 270)","(3205.0, 1762.0, 270)"
1964,491,0,XM1_x3_x1_x1,0.0,0.0,0.0,"(1048, 2366, 270)","(1048.0, 2366.0, 270)"
1965,491,1,XM3_x3_x1_x1,0.0,0.0,0.0,"(2425, 3094, 270)","(2425.0, 3505.0, 270)"
1966,491,2,XM2_x3_x1_x1,0.0,0.0,0.0,"(2115, 3159, 270)","(2115.0, 3159.0, 270)"
1967,491,3,XM4_x3_x1_x1,-14108.789321148797,13491.0,381663.64532549155,"(766, 2154, 270)","(766.0, 2020.0, 270)"
1968,492,0,XM1_x3_x1_x1,0.0,0.0,0.0,"(1090, 636, 0)","(1090.0, 636.0, 0)"
1969,492,1,XM3_x3_x1_x1,0.0,0.0,0.0,"(340, 2010, 0)","(340.0, 2010.0, 0)"
1970,492,2,XM2_x3_x1_x1,0.0,0.0,0.0,"(317, 3426, 270)","(317.0, 3426.0, 270)"
1971,492,3,XM4_x3_x1_x1,-13853.115898378972,13392.0,212627.87173784638,"(141, 954, 270)","(141.0, 954.0, 270)"
1972,493,0,XM1_x3_x1_x1,0.0,0.0,0.0,"(3653, 1948, 0)","(3653.0, 1948.0, 0)"
1973,493,1,XM2_x3_x1_x1,0.0,0.0,0.0,"(1275, 3502, 180)","(1275.0, 3502.0, 180)"
1974,493,2,XM3_x3_x1_x1,0.0,0.0,0.0,"(4049, 3179, 180)","(4049.0, 3179.0, 180)"
1975,493,3,XM4_x3_x1_x1,-13499.72051013095,13086.0,171164.66050301364,"(3254, 3556, 90)","(3254.0, 3556.0, 90)"
1976,494,0,XM2_x3_x1_x1,0.0,0.0,0.0,"(2752, 101, 90)","(2752.0, 101.0, 90)"
1977,494,1,XM4_x3_x1_x1,0.0,0.0,0.0,"(325, 4258, 90)","(325.0, 4258.0, 90)"
1978,494,2,XM1_x3_x1_x1,0.0,0.0,0.0,"(2233, 2661, 180)","(2233.0, 2661.0, 180)"
1979,494,3,XM3_x3_x1_x1,-25832.586197014065,24976.0,733739.9129150165,"(1970, 447, 0)","(1970.0, 447.0, 0)"
1980,495,0,XM1_x3_x1_x1,0.0,0.0,0.0,"(2397, 1560, 270)","(2397.0, 1560.0, 270)"
1981,495,1,XM4_x3_x1_x1,0.0,0.0,0.0,"(3530, 1462, 270)","(3530.0, 1462.0, 270)"
1982,495,2,XM3_x3_x1_x1,0.0,0.0,0.0,"(1240, 4174, 270)","(1240.0, 4174.0, 270)"
1983,495,3,XM2_x3_x1_x1,-20730.614429233196,20212.0,268960.9262088732,"(4243, 4060, 270)","(4243.0, 4060.0, 270)"
1984,496,0,XM3_x3_x1_x1,0.0,0.0,0.0,"(2949, 577, 180)","(2949.0, 577.0, 180)"
1985,496,1,XM1_x3_x1_x1,0.0,0.0,0.0,"(3469, 3682, 0)","(3469.0, 4076.0, 0)"
1986,496,2,XM4_x3_x1_x1,0.0,0.0,0.0,"(3843, 3386, 90)","(3843.0, 3386.0, 90)"
1987,496,3,XM2_x3_x1_x1,-29092.60881565725,28148.0,892285.8146173984,"(204, 672, 90)","(204.0, 672.0, 90)"
1988,497,0,XM4_x3_x1_x1,0.0,0.0,0.0,"(1646, 1907, 0)","(1646.0, 1907.0, 0)"
1989,497,1,XM1_x3_x1_x1,0.0,0.0,0.0,"(689, 2894, 180)","(689.0, 2894.0, 180)"
1990,497,2,XM3_x3_x1_x1,0.0,0.0,0.0,"(1239, 2139, 90)","(956.0, 2139.0, 90)"
1991,497,3,XM2_x3_x1_x1,-17242.562139530135,16700.0,294373.67525151843,"(3632, 4273, 180)","(3632.0, 4273.0, 180)"
1992,498,0,XM1_x3_x1_x1,0.0,0.0,0.0,"(3427, 3603, 0)","(3427.0, 3603.0, 0)"
1993,498,1,XM2_x3_x1_x1,0.0,0.0,0.0,"(1749, 2222, 0)","(1749.0, 2222.0, 0)"
1994,498,2,XM4_x3_x1_x1,0.0,0.0,0.0,"(2844, 3532, 180)","(2844.0, 3532.0, 180)"
1995,498,3,XM3_x3_x1_x1,-19453.0868317251,18812.0,410992.3258113279,"(2695, 73, 0)","(2695.0, 73.0, 0)"
1996,499,0,XM1_x3_x1_x1,0.0,0.0,0.0,"(4280, 900, 90)","(4280.0, 900.0, 90)"
1997,499,1,XM2_x3_x1_x1,0.0,0.0,0.0,"(3074, 1723, 0)","(3074.0, 1723.0, 0)"
1998,499,2,XM4_x3_x1_x1,0.0,0.0,0.0,"(2114, 1414, 180)","(2114.0, 1414.0, 180)"
1999,499,3,XM3_x3_x1_x1,-20215.315122938788,19489.0,527533.6578095859,"(20, 1675, 0)","(20.0, 1675.0, 0)"
2000,500,0,XM1_x3_x1_x1,0.0,0.0,0.0,"(1559, 2627, 270)","(1559.0, 2627.0, 270)"
2001,500,1,XM3_x3_x1_x1,0.0,0.0,0.0,"(3065, 653, 0)","(3065.0, 653.0, 0)"
2002,500,2,XM4_x3_x1_x1,0.0,0.0,0.0,"(2641, 2860, 0)","(2641.0, 2860.0, 0)"
2003,500,3,XM2_x3_x1_x1,-19645.883836515863,19063.0,339753.5668714491,"(51, 3055, 90)","(51.0, 3055.0, 90)"
2004,501,0,XM3_x3_x1_x1,0.0,0.0,0.0,"(3547, 1904, 0)","(3547.0, 1904.0, 0)"
2005,501,1,XM4_x3_x1_x1,0.0,0.0,0.0,"(2529, 4219, 0)","(2335.0, 4219.0, 0)"
2006,501,2,XM2_x3_x1_x1,0.0,0.0,0.0,"(2731, 3791, 180)","(2731.0, 3791.0, 180)"
2007,501,3,XM1_x3_x1_x1,-20299.758409552775,19745.0,307756.89296952327,"(76, 586, 0)","(76.0, 586.0, 0)"
2008,502,0,XM4_x3_x1_x1,0.0,0.0,0.0,"(129, 2946, 270)","(129.0, 2946.0, 270)"
2009,502,1,XM1_x3_x1_x1,0.0,0.0,0.0,"(433, 3604, 180)","(433.0, 3636.0, 180)"
2010,502,2,XM3_x3_x1_x1,0.0,0.0,0.0,"(1629, 1260, 270)","(1629.0, 1260.0, 270)"
2011,502,3,XM2_x3_x1_x1,-23806.680123493417,22948.0,737331.5544826674,"(3544, 1589, 180)","(3544.0, 1589.0, 180)"
2012,503,0,XM4_x3_x1_x1,0.0,0.0,0.0,"(2724, 932, 270)","(2724.0, 932.0, 270)"
2013,503,1,XM2_x3_x1_x1,0.0,0.0,0.0,"(857, 2398, 180)","(216.0, 2398.0, 180)"
2014,503,2,XM1_x3_x1_x1,0.0,0.0,0.0,"(906, 2432, 90)","(906.0, 2432.0, 90)"
2015,503,3,XM3_x3_x1_x1,-17584.844898970172,16934.0,423599.08251549257,"(2724, 2161, 180)","(2724.0, 2161.0, 180)"
2016,504,0,XM1_x3_x1_x1,0.0,0.0,0.0,"(2712, 2757, 270)","(2712.0, 2757.0, 270)"
2017,504,1,XM2_x3_x1_x1,0.0,0.0,0.0,"(253, 2820, 270)","(253.0, 2820.0, 270)"
2018,504,2,XM3_x3_x1_x1,0.0,0.0,0.0,"(2407, 3410, 180)","(2407.0, 3410.0, 180)"
2019,504,3,XM4_x3_x1_x1,-15224.393986626364,14770.0,206473.89508220146,"(318, 442, 90)","(318.0, 442.0, 90)"
2020,505,0,XM2_x3_x1_x1,0.0,0.0,0.0,"(1728, 3790, 90)","(1694.5, 3790.0, 90)"
2021,505,1,XM4_x3_x1_x1,0.0,0.0,0.0,"(3283, 1279, 180)","(3283.0, 1279.0, 180)"
2022,505,2,XM1_x3_x1_x1,0.0,0.0,0.0,"(2579, 1097, 270)","(2579.0, 1097.0, 270)"
2023,505,3,XM3_x3_x1_x1,-18930.5338551927,18203.5,528578.2265963638,"(2776, 3521, 270)","(2776.0, 3521.0, 270)"
2024,506,0,XM2_x3_x1_x1,0.0,0.0,0.0,"(1270, 3554, 270)","(1270.0, 3554.0, 270)"
2025,506,1,XM4_x3_x1_x1,0.0,0.0,0.0,"(3896, 2749, 90)","(3896.0, 2749.0, 90)"
2026,506,2,XM3_x3_x1_x1,0.0,0.0,0.0,"(1073, 740, 180)","(1073.0, 740.0, 180)"
2027,506,3,XM1_x3_x1_x1,-15479.107962010568,15047.0,186717.29083292716,"(1478, 207, 180)","(1478.0, 207.0, 180)"
2028,507,0,XM1_x3_x1_x1,0.0,0.0,0.0,"(1512, 3810, 180)","(1512.0, 3810.0, 180)"
2029,507,1,XM2_x3_x1_x1,0.0,0.0,0.0,"(4034, 1062, 90)","(4034.0, 1062.0, 90)"
2030,507,2,XM3_x3_x1_x1,0.0,0.0,0.0,"(3872, 2364, 270)","(3872.0, 2364.0, 270)"
2031,507,3,XM4_x3_x1_x1,-18176.19380803619,17643.0,284295.63692813506,"(2769, 388, 180)","(2769.0, 388.0, 180)"
2032,508,0,XM1_x3_x1_x1,0.0,0.0,0.0,"(1503, 2107, 90)","(1503.0, 2107.0, 90)"
2033,508,1,XM2_x3_x1_x1,0.0,0.0,0.0,"(740, 318, 270)","(740.0, 318.0, 270)"
2034,508,2,XM4_x3_x1_x1,0.0,0.0,0.0,"(3193, 60, 90)","(3193.0, 60.0, 90)"
2035,508,3,XM3_x3_x1_x1,-20488.207912604452,19932.0,309367.2420438013,"(4112, 3280, 180)","(4112.0, 3280.0, 180)"
2036,509,0,XM1_x3_x1_x1,0.0,0.0,0.0,"(1302, 2328, 90)","(1302.0, 1986.0, 90)"
2037,509,1,XM2_x3_x1_x1,0.0,0.0,0.0,"(4228, 1730, 270)","(4228.0, 1730.0, 270)"
2038,509,2,XM4_x3_x1_x1,0.0,0.0,0.0,"(1943, 2332, 270)","(1943.0, 2332.0, 270)"
2039,509,3,XM3_x3_x1_x1,-13237.209841967158,12735.5,251712.765526711,"(1061, 2398, 270)","(861.5, 2398.0, 270)"
2040,510,0,XM3_x3_x1_x1,0.0,0.0,0.0,"(984, 4317, 270)","(984.0, 4317.0, 270)"
2041,510,1,XM1_x3_x1_x1,0.0,0.0,0.0,"(2494, 3550, 0)","(2494.0, 3550.0, 0)"
2042,510,2,XM4_x3_x1_x1,0.0,0.0,0.0,"(4291, 1441, 270)","(4291.0, 1441.0, 270)"
2043,510,3,XM2_x3_x1_x1,-22441.116405069883,21838.0,363749.3980644181,"(621, 430, 90)","(621.0, 430.0, 90)"
2044,511,0,XM2_x3_x1_x1,0.0,0.0,0.0,"(4261, 2528, 270)","(4261.0, 2528.0, 270)"
2045,511,1,XM1_x3_x1_x1,0.0,0.0,0.0,"(2693, 1775, 270)","(2693.0, 1775.0, 270)"
2046,511,2,XM3_x3_x1_x1,0.0,0.0,0.0,"(2391, 3117, 270)","(2391.0, 3117.0, 270)"
2047,511,3,XM4_x3_x1_x1,-21344.087785539155,20682.0,438360.23576014466,"(97, 3806, 180)","(97.0, 3806.0, 180)"
2048,512,0,XM3_x3_x1_x1,0.0,0.0,0.0,"(4073, 1124, 90)","(4073.0, 1124.0, 90)"
2049,512,1,XM1_x3_x1_x1,0.0,0.0,0.0,"(2075, 1522, 180)","(1322.0, 1522.0, 180)"
2050,512,2,XM2_x3_x1_x1,0.0,0.0,0.0,"(2224, 1737, 90)","(2059.5, 1737.0, 90)"
2051,512,3,XM4_x3_x1_x1,-13129.524873484857,12660.0,220453.6068209721,"(2847, 1374, 180)","(2847.0, 1374.0, 180)"
2052,513,0,XM3_x3_x1_x1,0.0,0.0,0.0,"(2950, 2952, 180)","(2950.0, 2952.0, 180)"
2053,513,1,XM4_x3_x1_x1,0.0,0.0,0.0,"(4325, 2262, 0)","(4325.0, 2262.0, 0)"
2054,513,2,XM1_x3_x1_x1,0.0,0.0,0.0,"(724, 2632, 270)","(724.0, 2632.0, 270)"
2055,513,3,XM2_x3_x1_x1,-21836.24825226659,21079.0,573424.9155608009,"(117, 2673, 180)","(34.0, 2673.0, 180)"
2056,514,0,XM2_x3_x1_x1,0.0,0.0,0.0,"(2759, 2189, 0)","(2759.0, 2189.0, 0)"
2057,514,1,XM4_x3_x1_x1,0.0,0.0,0.0,"(621, 2817, 180)","(621.0, 2817.0, 180)"
2058,514,2,XM1_x3_x1_x1,0.0,0.0,0.0,"(4322, 605, 270)","(4322.0, 605.0, 270)"
2059,514,3,XM3_x3_x1_x1,-26294.181358239483,25440.0,729625.7927638473,"(1879, 4003, 0)","(1879.0, 4003.0, 0)"
2060,515,0,XM4_x3_x1_x1,0.0,0.0,0.0,"(1916, 2357, 180)","(1916.0, 2357.0, 180)"
2061,515,1,XM3_x3_x1_x1,0.0,0.0,0.0,"(3144, 2221, 180)","(3144.0, 2221.0, 180)"
2062,515,2,XM1_x3_x1_x1,0.0,0.0,0.0,"(1790, 2400, 270)","(1226.0, 2400.0, 270)"
2063,515,3,XM2_x3_x1_x1,-10559.963467822174,10185.5,140222.88873340853,"(1747, 1661, 90)","(1747.0, 1569.5, 90)"
2064,516,0,XM1_x3_x1_x1,0.0,0.0,0.0,"(1905, 2542, 0)","(1905.0, 2542.0, 0)"
2065,516,1,XM2_x3_x1_x1,0.0,0.0,0.0,"(1534, 3773, 180)","(1534.0, 3773.0, 180)"
2066,516,2,XM3_x3_x1_x1,0.0,0.0,0.0,"(3163, 3104, 90)","(3163.0, 3104.0, 90)"
2067,516,3,XM4_x3_x1_x1,-14637.326181343185,14180.0,209147.23614193956,"(904, 1462, 180)","(904.0, 1462.0, 180)"
2068,517,0,XM3_x3_x1_x1,0.0,0.0,0.0,"(4191, 3492, 0)","(4191.0, 3492.0, 0)"
2069,517,1,XM1_x3_x1_x1,0.0,0.0,0.0,"(993, 936, 180)","(993.0, 936.0, 180)"
2070,517,2,XM4_x3_x1_x1,0.0,0.0,0.0,"(181, 2205, 270)","(181.0, 2205.0, 270)"
2071,517,3,XM2_x3_x1_x1,-22841.096062683573,22168.0,453058.3096001285,"(315, 860, 180)","(315.0, 860.0, 180)"
2072,518,0,XM1_x3_x1_x1,0.0,0.0,0.0,"(1151, 4015, 270)","(1151.0, 4015.0, 270)"
2073,518,1,XM2_x3_x1_x1,0.0,0.0,0.0,"(391, 2738, 90)","(391.0, 2738.0, 90)"
2074,518,2,XM4_x3_x1_x1,0.0,0.0,0.0,"(3013, 2561, 90)","(3013.0, 2561.0, 90)"
2075,518,3,XM3_x3_x1_x1,-18132.76077884931,17625.0,257821.00853766108,"(946, 1112, 270)","(946.0, 1112.0, 270)"
2076,519,0,XM2_x3_x1_x1,0.0,0.0,0.0,"(322, 1268, 180)","(322.0, 1122.5, 180)"
2077,519,1,XM3_x3_x1_x1,0.0,0.0,0.0,"(87, 2204, 0)","(87.0, 2204.0, 0)"
2078,519,2,XM1_x3_x1_x1,0.0,0.0,0.0,"(1069, 2099, 0)","(1069.0, 2099.0, 0)"
2079,519,3,XM4_x3_x1_x1,-14103.059520327824,13670.5,187107.73862623694,"(2832, 2211, 180)","(2832.0, 2211.0, 180)"
2080,520,0,XM4_x3_x1_x1,0.0,0.0,0.0,"(4020, 1921, 180)","(4020.0, 1921.0, 180)"
2081,520,1,XM3_x3_x1_x1,0.0,0.0,0.0,"(1682, 2803, 270)","(1682.0, 2803.0, 270)"
2082,520,2,XM2_x3_x1_x1,0.0,0.0,0.0,"(1296, 1385, 270)","(1296.0, 1385.0, 270)"
2083,520,3,XM1_x3_x1_x1,-17294.478572600307,16808.0,236661.40159923228,"(96, 3260, 180)","(96.0, 3260.0, 180)"
2084,521,0,XM3_x3_x1_x1,0.0,0.0,0.0,"(12, 2614, 180)","(-63.5, 2614.0, 180)"
2085,521,1,XM2_x3_x1_x1,0.0,0.0,0.0,"(3847, 4036, 0)","(3847.0, 4036.0, 0)"
2086,521,2,XM1_x3_x1_x1,0.0,0.0,0.0,"(1392, 3659, 270)","(1392.0, 3659.0, 270)"
2087,521,3,XM4_x3_x1_x1,-20180.619188181023,19457.5,522901.36031558266,"(674, 2710, 270)","(674.0, 2710.0, 270)"
2088,522,0,XM4_x3_x1_x1,0.0,0.0,0.0,"(892, 886, 0)","(892.0, 615.5, 0)"
2089,522,1,XM1_x3_x1_x1,0.0,0.0,0.0,"(3833, 1009, 0)","(3833.0, 1009.0, 0)"
2090,522,2,XM3_x3_x1_x1,0.0,0.0,0.0,"(1061, 1353, 270)","(980.0, 1353.0, 270)"
2091,522,3,XM2_x3_x1_x1,-14601.32391246363,14112.5,238948.81739624988,"(1670, 1284, 180)","(1670.0, 1284.0, 180)"
2092,523,0,XM1_x3_x1_x1,0.0,0.0,0.0,"(1396, 757, 90)","(1396.0, 757.0, 90)"
2093,523,1,XM4_x3_x1_x1,0.0,0.0,0.0,"(1677, 3882, 180)","(1488.0, 3882.0, 180)"
2094,523,2,XM2_x3_x1_x1,0.0,0.0,0.0,"(4040, 1930, 0)","(4040.0, 1930.0, 0)"
2095,523,3,XM3_x3_x1_x1,-23028.881796486658,22240.0,622334.4888280184,"(2178, 3452, 270)","(2178.0, 3452.0, 270)"
2096,524,0,XM1_x3_x1_x1,0.0,0.0,0.0,"(3830, 3500, 180)","(3830.0, 3500.0, 180)"
2097,524,1,XM4_x3_x1_x1,0.0,0.0,0.0,"(291, 2209, 180)","(-61.0, 2209.0, 180)"
2098,524,2,XM3_x3_x1_x1,0.0,0.0,0.0,"(629, 2032, 270)","(629.0, 2032.0, 270)"
2099,524,3,XM2_x3_x1_x1,-26673.954744133745,25684.0,980010.3954329089,"(3299, 3966, 0)","(3299.0, 3966.0, 0)"
2100,525,0,XM1_x3_x1_x1,0.0,0.0,0.0,"(1690, 2894, 0)","(1690.0, 2894.0, 0)"
2101,525,1,XM3_x3_x1_x1,0.0,0.0,0.0,"(2286, 3603, 0)","(2286.0, 3603.0, 0)"
2102,525,2,XM4_x3_x1_x1,0.0,0.0,0.0,"(286, 1505, 0)","(286.0, 1505.0, 0)"
2103,525,3,XM2_x3_x1_x1,-16634.262600290975,16129.0,255290.29525279743,"(3165, 1186, 180)","(3165.0, 1186.0, 180)"
2104,526,0,XM3_x3_x1_x1,0.0,0.0,0.0,"(4199, 683, 180)","(4199.0, 683.0, 180)"
2105,526,1,XM2_x3_x1_x1,0.0,0.0,0.0,"(1431, 2887, 0)","(983.0, 2887.0, 0)"
2106,526,2,XM1_x3_x1_x1,0.0,0.0,0.0,"(1673, 2858, 270)","(1673.0, 2858.0, 270)"
2107,526,3,XM4_x3_x1_x1,-19594.233551842237,18950.0,415036.8693192623,"(2414, 3181, 0)","(2414.0, 3181.0, 0)"
2108,527,0,XM3_x3_x1_x1,0.0,0.0,0.0,"(961, 3228, 180)","(961.0, 3228.0, 180)"
2109,527,1,XM1_x3_x1_x1,0.0,0.0,0.0,"(772, 3971, 270)","(772.0, 3971.0, 270)"
2110,527,2,XM4_x3_x1_x1,0.0,0.0,0.0,"(2104, 1473, 270)","(2424.5, 1473.0, 270)"
2111,527,3,XM2_x3_x1_x1,-9757.610441091256,9510.5,61063.57009631524,"(1637, 1829, 0)","(1637.0, 1829.0, 0)"
2112,528,0,XM3_x3_x1_x1,0.0,0.0,0.0,"(1802, 3596, 0)","(1802.0, 3596.0, 0)"
2113,528,1,XM1_x3_x1_x1,0.0,0.0,0.0,"(2580, 3700, 0)","(2580.0, 3700.0, 0)"
2114,528,2,XM2_x3_x1_x1,0.0,0.0,0.0,"(2504, 256, 180)","(2205.0, 256.0, 180)"
2115,528,3,XM4_x3_x1_x1,-9525.385819729634,9243.0,79741.75118437741,"(2601, 740, 0)","(2601.0, 740.0, 0)"
2116,529,0,XM3_x3_x1_x1,0.0,0.0,0.0,"(3531, 1318, 0)","(3602.0, 1318.0, 0)"
2117,529,1,XM4_x3_x1_x1,0.0,0.0,0.0,"(283, 711, 90)","(283.0, 711.0, 90)"
2118,529,2,XM1_x3_x1_x1,0.0,0.0,0.0,"(2566, 1389, 90)","(2566.0, 1389.0, 90)"
2119,529,3,XM2_x3_x1_x1,-15820.876552207636,15258.0,316830.01302515465,"(2786, 1652, 0)","(3256.0, 1652.0, 0)"
2120,530,0,XM4_x3_x1_x1,0.0,0.0,0.0,"(3436, 3625, 180)","(3436.0, 3955.5, 180)"
2121,530,1,XM3_x3_x1_x1,0.0,0.0,0.0,"(3612, 3218, 270)","(3612.0, 3218.0, 270)"
2122,530,2,XM1_x3_x1_x1,0.0,0.0,0.0,"(1323, 1411, 270)","(1323.0, 1411.0, 270)"
2123,530,3,XM2_x3_x1_x1,-20175.550931130005,19503.5,451652.45403270854,"(4259, 2087, 90)","(4259.0, 2087.0, 90)"
2124,531,0,XM4_x3_x1_x1,0.0,0.0,0.0,"(3143, 3146, 270)","(3143.0, 3146.0, 270)"
2125,531,1,XM2_x3_x1_x1,0.0,0.0,0.0,"(3, 2093, 90)","(3.0, 2093.0, 90)"
2126,531,2,XM1_x3_x1_x1,0.0,0.0,0.0,"(3323, 2293, 0)","(3323.0, 2293.0, 0)"
2127,531,3,XM3_x3_x1_x1,-19139.123751598538,18536.0,363758.2597422963,"(3064, 4094, 90)","(3064.0, 4094.0, 90)"
2128,532,0,XM4_x3_x1_x1,0.0,0.0,0.0,"(3845, 1756, 270)","(3845.0, 1756.0, 270)"
2129,532,1,XM3_x3_x1_x1,0.0,0.0,0.0,"(1035, 1327, 0)","(1035.0, 1327.0, 0)"
2130,532,2,XM2_x3_x1_x1,0.0,0.0,0.0,"(809, 102, 90)","(809.0, 102.0, 90)"
2131,532,3,XM1_x3_x1_x1,-19181.41631437528,18439.0,551181.9838505774,"(2656, 920, 270)","(2656.0, 920.0, 270)"
2132,533,0,XM4_x3_x1_x1,0.0,0.0,0.0,"(2200, 3938, 270)","(2200.0, 3938.0, 270)"
2133,533,1,XM2_x3_x1_x1,0.0,0.0,0.0,"(1245, 1048, 270)","(1245.0, 1048.0, 270)"
2134,533,2,XM3_x3_x1_x1,0.0,0.0,0.0,"(2784, 1653, 180)","(2784.0, 1653.0, 180)"
2135,533,3,XM1_x3_x1_x1,-17401.224603257746,16867.0,285395.92672589724,"(2061, 425, 0)","(2061.0, 425.0, 0)"
2136,534,0,XM1_x3_x1_x1,0.0,0.0,0.0,"(2805, 430, 270)","(2805.0, 430.0, 270)"
2137,534,1,XM4_x3_x1_x1,0.0,0.0,0.0,"(1632, 1963, 270)","(1632.0, 1963.0, 270)"
2138,534,2,XM3_x3_x1_x1,0.0,0.0,0.0,"(1152, 33, 180)","(1152.0, 33.0, 180)"
2139,534,3,XM2_x3_x1_x1,-16432.605104676004,15849.0,340594.9182038893,"(3748, 586, 180)","(3748.0, 586.0, 180)"
2140,535,0,XM1_x3_x1_x1,0.0,0.0,0.0,"(1762, 3936, 0)","(1762.0, 3936.0, 0)"
2141,535,1,XM3_x3_x1_x1,0.0,0.0,0.0,"(2472, 3099, 270)","(2472.0, 3099.0, 270)"
2142,535,2,XM4_x3_x1_x1,0.0,0.0,0.0,"(154, 4325, 180)","(154.0, 4325.0, 180)"
2143,535,3,XM2_x3_x1_x1,-18054.822318260398,17623.0,186470.51454778513,"(494, 697, 270)","(494.0, 697.0, 270)"
2144,536,0,XM1_x3_x1_x1,0.0,0.0,0.0,"(2537, 3733, 0)","(2537.0, 3733.0, 0)"
2145,536,1,XM4_x3_x1_x1,0.0,0.0,0.0,"(595, 3484, 90)","(595.0, 3484.0, 90)"
2146,536,2,XM3_x3_x1_x1,0.0,0.0,0.0,"(3087, 1429, 90)","(3087.0, 1429.0, 90)"
2147,536,3,XM2_x3_x1_x1,-17571.696591360123,16979.0,351289.24940990936,"(2707, 2401, 270)","(2707.0, 2401.0, 270)"
2148,537,0,XM4_x3_x1_x1,0.0,0.0,0.0,"(3811, 3249, 90)","(3811.0, 3249.0, 90)"
2149,537,1,XM2_x3_x1_x1,0.0,0.0,0.0,"(141, 2553, 180)","(141.0, 2553.0, 180)"
2150,537,2,XM1_x3_x1_x1,0.0,0.0,0.0,"(2111, 3604, 0)","(2111.0, 3604.0, 0)"
2151,537,3,XM3_x3_x1_x1,-19030.50711028881,18386.0,415389.4152128324,"(2534, 1927, 0)","(2534.0, 1927.0, 0)"
2152,538,0,XM1_x3_x1_x1,0.0,0.0,0.0,"(1214, 3045, 180)","(1214.0, 2511.0, 180)"
2153,538,1,XM3_x3_x1_x1,0.0,0.0,0.0,"(1813, 3891, 0)","(1813.0, 3891.0, 0)"
2154,538,2,XM2_x3_x1_x1,0.0,0.0,0.0,"(1278, 3395, 270)","(1278.0, 3201.0, 270)"
2155,538,3,XM4_x3_x1_x1,-13340.381443676795,12870.0,221258.70255546673,"(3608, 3088, 90)","(3608.0, 3088.0, 90)"
2156,539,0,XM2_x3_x1_x1,0.0,0.0,0.0,"(876, 1085, 0)","(876.0, 1085.0, 0)"
2157,539,1,XM1_x3_x1_x1,0.0,0.0,0.0,"(2932, 1921, 180)","(2932.0, 2177.0, 180)"
2158,539,2,XM3_x3_x1_x1,0.0,0.0,0.0,"(2924, 1193, 0)","(2924.0, 1193.0, 0)"
2159,539,3,XM4_x3_x1_x1,-13070.21455534091,12630.5,193348.89017865385,"(2864, 414, 180)","(2864.0, 111.5, 180)"
2160,540,0,XM1_x3_x1_x1,0.0,0.0,0.0,"(3354, 1154, 180)","(3354.0, 1154.0, 180)"
2161,540,1,XM4_x3_x1_x1,0.0,0.0,0.0,"(4290, 452, 0)","(4290.0, 452.0, 0)"
2162,540,2,XM2_x3_x1_x1,0.0,0.0,0.0,"(307, 970, 90)","(307.0, 970.0, 90)"
2163,540,3,XM3_x3_x1_x1,-19163.48350616862,18662.0,251485.70695917276,"(3987, 2307, 270)","(3987.0, 2307.0, 270)"
2164,541,0,XM1_x3_x1_x1,0.0,0.0,0.0,"(2810, 2742, 270)","(2810.0, 2742.0, 270)"
2165,541,1,XM4_x3_x1_x1,0.0,0.0,0.0,"(2200, 3703, 0)","(2200.0, 3703.0, 0)"
2166,541,2,XM3_x3_x1_x1,0.0,0.0,0.0,"(3465, 427, 180)","(3465.0, 427.0, 180)"
2167,541,3,XM2_x3_x1_x1,-23419.55357639534,22726.0,481016.5633307704,"(213, 671, 180)","(213.0, 671.0, 180)"
2168,542,0,XM3_x3_x1_x1,0.0,0.0,0.0,"(3456, 3701, 0)","(3456.0, 3701.0, 0)"
2169,542,1,XM2_x3_x1_x1,0.0,0.0,0.0,"(644, 1059, 0)","(644.0, 1059.0, 0)"
2170,542,2,XM1_x3_x1_x1,0.0,0.0,0.0,"(1370, 372, 180)","(1370.0, 372.0, 180)"
2171,542,3,XM4_x3_x1_x1,-20109.440241294604,19477.0,399980.65880877775,"(569, 558, 0)","(248.0, 558.0, 0)"
2172,543,0,XM3_x3_x1_x1,0.0,0.0,0.0,"(1281, 1156, 0)","(1281.0, 1156.0, 0)"
2173,543,1,XM4_x3_x1_x1,0.0,0.0,0.0,"(946, 540, 180)","(935.0, 540.0, 180)"
2174,543,2,XM2_x3_x1_x1,0.0,0.0,0.0,"(1286, 1973, 270)","(1286.0, 1973.0, 270)"
2175,543,3,XM1_x3_x1_x1,-17285.526191785462,16654.0,398825.3309110472,"(130, 3925, 270)","(130.0, 3925.0, 270)"
2176,544,0,XM3_x3_x1_x1,0.0,0.0,0.0,"(3081, 1658, 180)","(3081.0, 1658.0, 180)"
2177,544,1,XM2_x3_x1_x1,0.0,0.0,0.0,"(365, 897, 270)","(365.0, 897.0, 270)"
2178,544,2,XM4_x3_x1_x1,0.0,0.0,0.0,"(262, 3501, 0)","(262.0, 3501.0, 0)"
2179,544,3,XM1_x3_x1_x1,-16135.264525812907,15729.0,165050.86493398625,"(1916, 979, 270)","(1916.0, 979.0, 270)"
2180,545,0,XM4_x3_x1_x1,0.0,0.0,0.0,"(4162, 2389, 180)","(4162.0, 2389.0, 180)"
2181,545,1,XM3_x3_x1_x1,0.0,0.0,0.0,"(946, 3809, 270)","(946.0, 3809.0, 270)"
2182,545,2,XM2_x3_x1_x1,0.0,0.0,0.0,"(1202, 2923, 270)","(1202.0, 2923.0, 270)"
2183,545,3,XM1_x3_x1_x1,-17855.09174990209,17346.0,259174.40981837452,"(3138, 3275, 90)","(3138.0, 3275.0, 90)"
2184,546,0,XM1_x3_x1_x1,0.0,0.0,0.0,"(2875, 3593, 180)","(2875.0, 3593.0, 180)"
2185,546,1,XM2_x3_x1_x1,0.0,0.0,0.0,"(505, 3788, 270)","(505.0, 3788.0, 270)"
2186,546,2,XM3_x3_x1_x1,0.0,0.0,0.0,"(524, 3258, 270)","(524.0, 3258.0, 270)"
2187,546,3,XM4_x3_x1_x1,-12534.795043666825,12182.0,124464.34283587732,"(206, 2750, 270)","(206.0, 2750.0, 270)"
2188,547,0,XM3_x3_x1_x1,0.0,0.0,0.0,"(2267, 2942, 270)","(2267.0, 2942.0, 270)"
2189,547,1,XM2_x3_x1_x1,0.0,0.0,0.0,"(2975, 3452, 0)","(2975.0, 3452.0, 0)"
2190,547,2,XM4_x3_x1_x1,0.0,0.0,0.0,"(1686, 2960, 270)","(1686.0, 3288.0, 270)"
2191,547,3,XM1_x3_x1_x1,-9007.847698443971,8684.0,104877.33178745725,"(3150, 2726, 270)","(3150.0, 2646.0, 270)"
2192,548,0,XM3_x3_x1_x1,0.0,0.0,0.0,"(4202, 2253, 0)","(4202.0, 2253.0, 0)"
2193,548,1,XM4_x3_x1_x1,0.0,0.0,0.0,"(255, 2753, 270)","(255.0, 2753.0, 270)"
2194,548,2,XM1_x3_x1_x1,0.0,0.0,0.0,"(1690, 3045, 90)","(1690.0, 3045.0, 90)"
2195,548,3,XM2_x3_x1_x1,-23879.236539258567,22979.0,810425.8266162438,"(4253, 1789, 270)","(4253.0, 1563.0, 270)"
2196,549,0,XM3_x3_x1_x1,0.0,0.0,0.0,"(1886, 3871, 180)","(1886.0, 3871.0, 180)"
2197,549,1,XM2_x3_x1_x1,0.0,0.0,0.0,"(3741, 2228, 270)","(3741.0, 2026.0, 270)"
2198,549,2,XM4_x3_x1_x1,0.0,0.0,0.0,"(2526, 4161, 180)","(2526.0, 4161.0, 180)"
2199,549,3,XM1_x3_x1_x1,-18800.309936224734,18010.0,624589.7952955425,"(3796, 2372, 90)","(3796.0, 2372.0, 90)"
2200,550,0,XM1_x3_x1_x1,0.0,0.0,0.0,"(1061, 318, 180)","(1061.0, 318.0, 180)"
2201,550,1,XM3_x3_x1_x1,0.0,0.0,0.0,"(2826, 3460, 270)","(2826.0, 3501.0, 270)"
2202,550,2,XM4_x3_x1_x1,0.0,0.0,0.0,"(2486, 3155, 270)","(2486.0, 3155.0, 270)"
2203,550,3,XM2_x3_x1_x1,-24063.056894211884,23226.0,700664.2441476441,"(3981, 1171, 180)","(3981.0, 1171.0, 180)"
2204,551,0,XM4_x3_x1_x1,0.0,0.0,0.0,"(4139, 3905, 0)","(4139.0, 3905.0, 0)"
2205,551,1,XM1_x3_x1_x1,0.0,0.0,0.0,"(2514, 1298, 180)","(2514.0, 1298.0, 180)"
2206,551,2,XM2_x3_x1_x1,0.0,0.0,0.0,"(804, 2980, 270)","(804.0, 2980.0, 270)"
2207,551,3,XM3_x3_x1_x1,-24710.726970047792,23890.0,673592.7593638265,"(686, 4061, 270)","(686.0, 4061.0, 270)"
2208,552,0,XM1_x3_x1_x1,0.0,0.0,0.0,"(2049, 1566, 0)","(2049.0, 1566.0, 0)"
2209,552,1,XM3_x3_x1_x1,0.0,0.0,0.0,"(349, 3688, 0)","(349.0, 3688.0, 0)"
2210,552,2,XM2_x3_x1_x1,0.0,0.0,0.0,"(1781, 2365, 90)","(1781.0, 2365.0, 90)"
2211,552,3,XM4_x3_x1_x1,-17768.96593274007,17151.0,381881.8940273062,"(3200, 1667, 270)","(3200.0, 1667.0, 270)"
2212,553,0,XM4_x3_x1_x1,0.0,0.0,0.0,"(1880, 1584, 180)","(2134.0, 1584.0, 180)"
2213,553,1,XM2_x3_x1_x1,0.0,0.0,0.0,"(1738, 1806, 180)","(1738.0, 1806.0, 180)"
2214,553,2,XM3_x3_x1_x1,0.0,0.0,0.0,"(1113, 3906, 270)","(1113.0, 3906.0, 270)"
2215,553,3,XM1_x3_x1_x1,-18162.484578081563,17506.0,430972.00125892845,"(3285, 750, 270)","(3285.0, 750.0, 270)"
2216,554,0,XM4_x3_x1_x1,0.0,0.0,0.0,"(3678, 361, 180)","(3678.0, 361.0, 180)"
2217,554,1,XM3_x3_x1_x1,0.0,0.0,0.0,"(4146, 102, 270)","(4146.0, -376.5, 270)"
2218,554,2,XM1_x3_x1_x1,0.0,0.0,0.0,"(2449, 3484, 0)","(2449.0, 3484.0, 0)"
2219,554,3,XM2_x3_x1_x1,-22898.517804202424,22080.5,669153.1279921539,"(4196, 2298, 180)","(4196.0, 2298.0, 180)"
2220,555,0,XM3_x3_x1_x1,0.0,0.0,0.0,"(1212, 3441, 270)","(1212.0, 3441.0, 270)"
2221,555,1,XM1_x3_x1_x1,0.0,0.0,0.0,"(2310, 4227, 0)","(2310.0, 4227.0, 0)"
2222,555,2,XM2_x3_x1_x1,0.0,0.0,0.0,"(815, 3330, 270)","(815.0, 3095.0, 270)"
2223,555,3,XM4_x3_x1_x1,-11946.283870506486,11602.0,118531.3834909263,"(374, 1885, 270)","(374.0, 1885.0, 270)"
2224,556,0,XM2_x3_x1_x1,0.0,0.0,0.0,"(229, 4113, 270)","(229.0, 4113.0, 270)"
2225,556,1,XM1_x3_x1_x1,0.0,0.0,0.0,"(3366, 2937, 90)","(3366.0, 2937.0, 90)"
2226,556,2,XM4_x3_x1_x1,0.0,0.0,0.0,"(3406, 1711, 270)","(3406.0, 1711.0, 270)"
2227,556,3,XM3_x3_x1_x1,-22836.601590273654,21989.0,718428.4558344305,"(1618, 2145, 270)","(1618.0, 2145.0, 270)"
2228,557,0,XM1_x3_x1_x1,0.0,0.0,0.0,"(3885, 36, 180)","(3885.0, 36.0, 180)"
2229,557,1,XM4_x3_x1_x1,0.0,0.0,0.0,"(174, 2844, 270)","(174.0, 2844.0, 270)"
2230,557,2,XM3_x3_x1_x1,0.0,0.0,0.0,"(2832, 2505, 90)","(2832.0, 2505.0, 90)"
2231,557,3,XM2_x3_x1_x1,-20619.96148908872,20052.0,322580.2530878751,"(845, 397, 0)","(845.0, 397.0, 0)"
2232,558,0,XM3_x3_x1_x1,0.0,0.0,0.0,"(1310, 2609, 180)","(1310.0, 2609.0, 180)"
2233,558,1,XM1_x3_x1_x1,0.0,0.0,0.0,"(495, 2303, 270)","(495.0, 2303.0, 270)"
2234,558,2,XM2_x3_x1_x1,0.0,0.0,0.0,"(2044, 2854, 180)","(2044.0, 2854.0, 180)"
2235,558,3,XM4_x3_x1_x1,-12616.140798376546,12215.0,160913.94012217264,"(3501, 3843, 90)","(3501.0, 3843.0, 90)"
2236,559,0,XM1_x3_x1_x1,0.0,0.0,0.0,"(4276, 3202, 180)","(4276.0, 3202.0, 180)"
2237,559,1,XM3_x3_x1_x1,0.0,0.0,0.0,"(1702, 1747, 270)","(1702.0, 1747.0, 270)"
2238,559,2,XM4_x3_x1_x1,0.0,0.0,0.0,"(790, 2563, 0)","(790.0, 2563.0, 0)"
2239,559,3,XM2_x3_x1_x1,-19475.406617831803,18922.0,306258.88466003496,"(307, 927, 270)","(307.0, 927.0, 270)"
2240,560,0,XM1_x3_x1_x1,0.0,0.0,0.0,"(2886, 1232, 270)","(2886.0, 1232.0, 270)"
2241,560,1,XM2_x3_x1_x1,0.0,0.0,0.0,"(3142, 3364, 90)","(3142.0, 3364.0, 90)"
2242,560,2,XM3_x3_x1_x1,0.0,0.0,0.0,"(4005, 1966, 270)","(4005.0, 1966.0, 270)"
2243,560,3,XM4_x3_x1_x1,-17401.559270707774,16837.0,318727.17014209466,"(1939, 584, 90)","(1939.0, 584.0, 90)"
2244,561,0,XM3_x3_x1_x1,0.0,0.0,0.0,"(2583, 1544, 180)","(2583.0, 1544.0, 180)"
2245,561,1,XM4_x3_x1_x1,0.0,0.0,0.0,"(1039, 4148, 90)","(1039.0, 4148.0, 90)"
2246,561,2,XM2_x3_x1_x1,0.0,0.0,0.0,"(1925, 411, 90)","(1925.0, 59.0, 90)"
2247,561,3,XM1_x3_x1_x1,-20079.5556385684,19493.0,344047.5171363822,"(1631, 749, 0)","(1631.0, 749.0, 0)"
2248,562,0,XM3_x3_x1_x1,0.0,0.0,0.0,"(3931, 4178, 270)","(3931.0, 4178.0, 270)"
2249,562,1,XM1_x3_x1_x1,0.0,0.0,0.0,"(3982, 3297, 90)","(3982.0, 3297.0, 90)"
2250,562,2,XM2_x3_x1_x1,0.0,0.0,0.0,"(743, 3087, 180)","(743.0, 3087.0, 180)"
2251,562,3,XM4_x3_x1_x1,-9607.7086515272,9293.0,99041.53534606885,"(706, 3172, 180)","(347.0, 3172.0, 180)"
2252,563,0,XM4_x3_x1_x1,0.0,0.0,0.0,"(154, 1704, 270)","(-111.5, 1704.0, 270)"
2253,563,1,XM3_x3_x1_x1,0.0,0.0,0.0,"(1270, 466, 0)","(1270.0, 466.0, 0)"
2254,563,2,XM1_x3_x1_x1,0.0,0.0,0.0,"(626, 1883, 0)","(626.0, 1883.0, 0)"
2255,563,3,XM2_x3_x1_x1,-16708.372815150335,16209.5,248874.08569601926,"(2958, 2047, 0)","(2958.0, 2047.0, 0)"
2256,564,0,XM2_x3_x1_x1,0.0,0.0,0.0,"(1384, 241, 180)","(1384.0, 241.0, 180)"
2257,564,1,XM4_x3_x1_x1,0.0,0.0,0.0,"(4258, 4216, 180)","(4258.0, 4216.0, 180)"
2258,564,2,XM3_x3_x1_x1,0.0,0.0,0.0,"(1190, 3005, 180)","(1190.0, 3005.0, 180)"
2259,564,3,XM1_x3_x1_x1,-25662.54496892731,24926.0,542498.4912521311,"(835, 1738, 90)","(835.0, 1738.0, 90)"
2260,565,0,XM4_x3_x1_x1,0.0,0.0,0.0,"(4291, 1619, 180)","(4291.0, 1619.0, 180)"
2261,565,1,XM2_x3_x1_x1,0.0,0.0,0.0,"(3950, 3239, 270)","(3950.0, 3239.0, 270)"
2262,565,2,XM1_x3_x1_x1,0.0,0.0,0.0,"(404, 2488, 90)","(404.0, 2488.0, 90)"
2263,565,3,XM3_x3_x1_x1,-14514.356157969689,14119.0,156306.49164455343,"(1169, 1371, 180)","(1169.0, 1371.0, 180)"
2264,566,0,XM3_x3_x1_x1,0.0,0.0,0.0,"(3170, 1230, 180)","(3170.0, 1230.0, 180)"
2265,566,1,XM1_x3_x1_x1,0.0,0.0,0.0,"(3727, 381, 270)","(3727.0, 381.0, 270)"
2266,566,2,XM4_x3_x1_x1,0.0,0.0,0.0,"(98, 2269, 90)","(98.0, 2269.0, 90)"
2267,566,3,XM2_x3_x1_x1,-16494.892925101067,16080.0,172136.1392989192,"(1223, 3942, 270)","(1223.0, 3942.0, 270)"
2268,567,0,XM1_x3_x1_x1,0.0,0.0,0.0,"(3799, 363, 90)","(3799.0, 363.0, 90)"
2269,567,1,XM4_x3_x1_x1,0.0,0.0,0.0,"(4192, 4005, 90)","(4192.0, 4005.0, 90)"
2270,567,2,XM2_x3_x1_x1,0.0,0.0,0.0,"(3672, 1638, 90)","(3672.0, 1638.0, 90)"
2271,567,3,XM3_x3_x1_x1,-23751.44410360552,23141.0,372642.0036267464,"(336, 1666, 0)","(336.0, 1666.0, 0)"
2272,568,0,XM3_x3_x1_x1,0.0,0.0,0.0,"(795, 1591, 0)","(795.0, 1591.0, 0)"
2273,568,1,XM4_x3_x1_x1,0.0,0.0,0.0,"(84, 933, 270)","(57.5, 933.0, 270)"
2274,568,2,XM2_x3_x1_x1,0.0,0.0,0.0,"(3133, 2290, 90)","(3133.0, 2290.0, 90)"
2275,568,3,XM1_x3_x1_x1,-21996.861455241327,21336.5,436077.25156844576,"(439, 4164, 270)","(439.0, 4164.0, 270)"
2276,569,0,XM3_x3_x1_x1,0.0,0.0,0.0,"(2748, 219, 180)","(2748.0, 219.0, 180)"
2277,569,1,XM1_x3_x1_x1,0.0,0.0,0.0,"(2765, 3402, 0)","(2765.0, 3402.0, 0)"
2278,569,2,XM4_x3_x1_x1,0.0,0.0,0.0,"(3461, 3343, 180)","(3461.0, 3343.0, 180)"
2279,569,3,XM2_x3_x1_x1,-17275.242916707546,16702.0,328607.4415553746,"(2289, 1667, 270)","(2289.0, 1667.0, 270)"
2280,570,0,XM3_x3_x1_x1,0.0,0.0,0.0,"(1647, 1929, 180)","(1647.0, 1929.0, 180)"
2281,570,1,XM4_x3_x1_x1,0.0,0.0,0.0,"(2530, 1209, 270)","(2530.0, 728.0, 270)"
2282,570,2,XM2_x3_x1_x1,0.0,0.0,0.0,"(2257, 1124, 90)","(2257.0, 1124.0, 90)"
2283,570,3,XM1_x3_x1_x1,-13843.297007216283,13458.0,148453.78376982396,"(1380, 4286, 90)","(1380.0, 4286.0, 90)"
2284,571,0,XM2_x3_x1_x1,0.0,0.0,0.0,"(1657, 3906, 180)","(1657.0, 3906.0, 180)"
2285,571,1,XM4_x3_x1_x1,0.0,0.0,0.0,"(3368, 1356, 0)","(3368.0, 1356.0, 0)"
2286,571,2,XM1_x3_x1_x1,0.0,0.0,0.0,"(2717, 2503, 180)","(2717.0, 2503.0, 180)"
2287,571,3,XM3_x3_x1_x1,-19140.65088240522,18426.0,510725.8837225628,"(926, 1979, 270)","(926.0, 1979.0, 270)"
2288,572,0,XM4_x3_x1_x1,0.0,0.0,0.0,"(2878, 3413, 0)","(2878.0, 3413.0, 0)"
2289,572,1,XM2_x3_x1_x1,0.0,0.0,0.0,"(925, 2091, 90)","(925.0, 2091.0, 90)"
2290,572,2,XM3_x3_x1_x1,0.0,0.0,0.0,"(522, 2416, 0)","(187.5, 2416.0, 0)"
2291,572,3,XM1_x3_x1_x1,-19743.317649313954,19043.5,489744.7422913094,"(2985, 1516, 0)","(2985.0, 1516.0, 0)"
2292,573,0,XM2_x3_x1_x1,0.0,0.0,0.0,"(1818, 3222, 270)","(1818.0, 3222.0, 270)"
2293,573,1,XM3_x3_x1_x1,0.0,0.0,0.0,"(2811, 2628, 180)","(2811.0, 2628.0, 180)"
2294,573,2,XM4_x3_x1_x1,0.0,0.0,0.0,"(3390, 2760, 0)","(3390.0, 2760.0, 0)"
2295,573,3,XM1_x3_x1_x1,-13584.731522278482,13175.0,167879.9203486418,"(503, 3040, 270)","(503.0, 3040.0, 270)"
2296,574,0,XM2_x3_x1_x1,0.0,0.0,0.0,"(3801, 1684, 0)","(3801.0, 1684.0, 0)"
2297,574,1,XM1_x3_x1_x1,0.0,0.0,0.0,"(557, 727, 180)","(557.0, 727.0, 180)"
2298,574,2,XM4_x3_x1_x1,0.0,0.0,0.0,"(2492, 961, 270)","(2492.0, 961.0, 270)"
2299,574,3,XM3_x3_x1_x1,-15680.388761939501,15191.0,239501.36031267804,"(1194, 2911, 180)","(1194.0, 2911.0, 180)"
2300,575,0,XM3_x3_x1_x1,0.0,0.0,0.0,"(2928, 763, 180)","(2928.0, 763.0, 180)"
2301,575,1,XM2_x3_x1_x1,0.0,0.0,0.0,"(2733, 318, 180)","(2582.0, 318.0, 180)"
2302,575,2,XM4_x3_x1_x1,0.0,0.0,0.0,"(105, 1905, 270)","(105.0, 1905.0, 270)"
2303,575,3,XM1_x3_x1_x1,-25210.826748844556,24527.0,467619.02243531554,"(4213, 3780, 270)","(4213.0, 3780.0, 270)"
2304,576,0,XM1_x3_x1_x1,0.0,0.0,0.0,"(3221, 1663, 0)","(3221.0, 1663.0, 0)"
2305,576,1,XM3_x3_x1_x1,0.0,0.0,0.0,"(3532, 1975, 270)","(3532.0, 2303.0, 270)"
2306,576,2,XM4_x3_x1_x1,0.0,0.0,0.0,"(673, 2893, 180)","(673.0, 2893.0, 180)"
2307,576,3,XM2_x3_x1_x1,-15446.115255955177,15066.0,144487.60780987042,"(92, 240, 270)","(92.0, 240.0, 270)"
2308,577,0,XM4_x3_x1_x1,0.0,0.0,0.0,"(3333, 3704, 0)","(3333.0, 3704.0, 0)"
2309,577,1,XM2_x3_x1_x1,0.0,0.0,0.0,"(2569, 3358, 0)","(2569.0, 3358.0, 0)"
2310,577,2,XM1_x3_x1_x1,0.0,0.0,0.0,"(3987, 2687, 180)","(3987.0, 2687.0, 180)"
2311,577,3,XM3_x3_x1_x1,-13246.263097299734,12909.0,113746.39680021028,"(3784, 400, 270)","(3784.0, 400.0, 270)"
2312,578,0,XM3_x3_x1_x1,0.0,0.0,0.0,"(2459, 1762, 90)","(2459.0, 1762.0, 90)"
2313,578,1,XM4_x3_x1_x1,0.0,0.0,0.0,"(1561, 2773, 0)","(1561.0, 2773.0, 0)"
2314,578,2,XM2_x3_x1_x1,0.0,0.0,0.0,"(970, 812, 270)","(970.0, 812.0, 270)"
2315,578,3,XM1_x3_x1_x1,-14414.614653586894,13875.0,291183.97436570306,"(446, 1470, 270)","(446.0, 1470.0, 270)"
2316,579,0,XM3_x3_x1_x1,0.0,0.0,0.0,"(3022, 980, 0)","(3207.5, 980.0, 0)"
2317,579,1,XM1_x3_x1_x1,0.0,0.0,0.0,"(3851, 1081, 270)","(3851.0, 1081.0, 270)"
2318,579,2,XM4_x3_x1_x1,0.0,0.0,0.0,"(2470, 1261, 270)","(2470.0, 1261.0, 270)"
2319,579,3,XM2_x3_x1_x1,-14319.618392172768,13870.0,202156.6985800247,"(1775, 3566, 90)","(1775.0, 3566.0, 90)"
2320,580,0,XM1_x3_x1_x1,0.0,0.0,0.0,"(1061, 1209, 0)","(1061.0, 1209.0, 0)"
2321,580,1,XM2_x3_x1_x1,0.0,0.0,0.0,"(2746, 4034, 90)","(2746.0, 4034.0, 90)"
2322,580,2,XM4_x3_x1_x1,0.0,0.0,0.0,"(1733, 100, 270)","(1733.0, 100.0, 270)"
2323,580,3,XM3_x3_x1_x1,-22464.70870868634,21671.0,629973.5142445348,"(2387, 2701, 0)","(2387.0, 2701.0, 0)"
2324,581,0,XM2_x3_x1_x1,0.0,0.0,0.0,"(1344, 2903, 180)","(1344.0, 2903.0, 180)"
2325,581,1,XM1_x3_x1_x1,0.0,0.0,0.0,"(3013, 3006, 90)","(3013.0, 3006.0, 90)"
2326,581,2,XM4_x3_x1_x1,0.0,0.0,0.0,"(648, 14, 0)","(648.0, 14.0, 0)"
2327,581,3,XM3_x3_x1_x1,-20569.49564412816,20014.0,308575.4106453624,"(135, 3197, 0)","(135.0, 3197.0, 0)"
2328,582,0,XM4_x3_x1_x1,0.0,0.0,0.0,"(1981, 3184, 0)","(1981.0, 3184.0, 0)"
2329,582,1,XM1_x3_x1_x1,0.0,0.0,0.0,"(1932, 1650, 270)","(1932.0, 1650.0, 270)"
2330,582,2,XM3_x3_x1_x1,0.0,0.0,0.0,"(1949, 1420, 180)","(1949.0, 1010.0, 180)"
2331,582,3,XM2_x3_x1_x1,-16529.354273173292,15902.0,393573.38406879146,"(35, 672, 270)","(35.0, 672.0, 270)"
2332,583,0,XM1_x3_x1_x1,0.0,0.0,0.0,"(2508, 1339, 90)","(2508.0, 1339.0, 90)"
2333,583,1,XM2_x3_x1_x1,0.0,0.0,0.0,"(1154, 3326, 270)","(1154.0, 3326.0, 270)"
2334,583,2,XM3_x3_x1_x1,0.0,0.0,0.0,"(1297, 2167, 90)","(1297.0, 2167.0, 90)"
2335,583,3,XM4_x3_x1_x1,-15299.553545548475,14860.0,193207.3194042356,"(3440, 3898, 180)","(3440.0, 3898.0, 180)"
2336,584,0,XM4_x3_x1_x1,0.0,0.0,0.0,"(1660, 1281, 180)","(1660.0, 1281.0, 180)"
2337,584,1,XM2_x3_x1_x1,0.0,0.0,0.0,"(81, 1967, 270)","(81.0, 1967.0, 270)"
2338,584,2,XM3_x3_x1_x1,0.0,0.0,0.0,"(288, 1041, 0)","(288.0, 1041.0, 0)"
2339,584,3,XM1_x3_x1_x1,-16736.686771155422,16106.0,397765.8033104513,"(3159, 1099, 180)","(3159.0, 1099.0, 180)"
2340,585,0,XM1_x3_x1_x1,0.0,0.0,0.0,"(3776, 543, 270)","(3776.0, 543.0, 270)"
2341,585,1,XM4_x3_x1_x1,0.0,0.0,0.0,"(2901, 1643, 270)","(2901.0, 1643.0, 270)"
2342,585,2,XM3_x3_x1_x1,0.0,0.0,0.0,"(1260, 3951, 0)","(1260.0, 3951.0, 0)"
2343,585,3,XM2_x3_x1_x1,-28200.655684318324,27177.0,1047870.9600372184,"(853, 3950, 0)","(853.0, 3950.0, 0)"
2344,586,0,XM1_x3_x1_x1,0.0,0.0,0.0,"(1520, 2890, 180)","(1520.0, 2890.0, 180)"
2345,586,1,XM3_x3_x1_x1,0.0,0.0,0.0,"(3304, 3197, 90)","(3304.0, 3197.0, 90)"
2346,586,2,XM2_x3_x1_x1,0.0,0.0,0.0,"(1253, 1175, 270)","(1253.0, 1175.0, 270)"
2347,586,3,XM4_x3_x1_x1,-13906.001770989998,13509.0,157610.4061691955,"(866, 2733, 0)","(866.0, 2733.0, 0)"
2348,587,0,XM2_x3_x1_x1,0.0,0.0,0.0,"(3888, 2998, 180)","(3888.0, 2998.0, 180)"
2349,587,1,XM1_x3_x1_x1,0.0,0.0,0.0,"(2919, 3682, 270)","(2783.0, 3682.0, 270)"
2350,587,2,XM3_x3_x1_x1,0.0,0.0,0.0,"(3928, 526, 270)","(3928.0, 526.0, 270)"
2351,587,3,XM4_x3_x1_x1,-15077.245968235533,14578.0,249246.5367994343,"(3473, 3249, 180)","(3473.0, 3249.0, 180)"
2352,588,0,XM4_x3_x1_x1,0.0,0.0,0.0,"(3796, 2417, 90)","(4497.5, 2417.0, 90)"
2353,588,1,XM1_x3_x1_x1,0.0,0.0,0.0,"(270, 4288, 270)","(270.0, 4288.0, 270)"
2354,588,2,XM2_x3_x1_x1,0.0,0.0,0.0,"(3710, 2352, 180)","(3710.0, 2352.0, 180)"
2355,588,3,XM3_x3_x1_x1,-17332.134065931554,16825.5,256678.07676233983,"(3037, 3200, 0)","(3037.0, 3200.0, 0)"
2356,589,0,XM2_x3_x1_x1,0.0,0.0,0.0,"(810, 1315, 90)","(810.0, 1315.0, 90)"
2357,589,1,XM1_x3_x1_x1,0.0,0.0,0.0,"(988, 2392, 180)","(988.0, 2392.0, 180)"
2358,589,2,XM3_x3_x1_x1,0.0,0.0,0.0,"(4103, 3802, 90)","(4103.0, 3802.0, 90)"
2359,589,3,XM4_x3_x1_x1,-20794.880545634816,20188.0,368303.99667001126,"(177, 2960, 180)","(177.0, 2960.0, 180)"
2360,590,0,XM4_x3_x1_x1,0.0,0.0,0.0,"(54, 3904, 270)","(54.0, 3904.0, 270)"
2361,590,1,XM3_x3_x1_x1,0.0,0.0,0.0,"(2688, 3046, 180)","(2688.0, 3046.0, 180)"
2362,590,2,XM1_x3_x1_x1,0.0,0.0,0.0,"(3074, 4064, 270)","(3074.0, 4064.0, 270)"
2363,590,3,XM2_x3_x1_x1,-16703.230376362444,16160.0,295099.24180288287,"(2066, 2008, 270)","(2066.0, 2008.0, 270)"
2364,591,0,XM3_x3_x1_x1,0.0,0.0,0.0,"(788, 3774, 180)","(788.0, 3774.0, 180)"
2365,591,1,XM4_x3_x1_x1,0.0,0.0,0.0,"(149, 354, 180)","(149.0, 354.0, 180)"
2366,591,2,XM2_x3_x1_x1,0.0,0.0,0.0,"(2703, 925, 90)","(2703.0, 925.0, 90)"
2367,591,3,XM1_x3_x1_x1,-19806.51627963576,19262.0,296497.97878836945,"(2827, 2479, 270)","(2827.0, 2479.0, 270)"
2368,592,0,XM1_x3_x1_x1,0.0,0.0,0.0,"(653, 1506, 270)","(653.0, 1506.0, 270)"
2369,592,1,XM2_x3_x1_x1,0.0,0.0,0.0,"(87, 4186, 90)","(87.0, 4186.0, 90)"
2370,592,2,XM4_x3_x1_x1,0.0,0.0,0.0,"(2703, 1249, 0)","(2703.0, 1249.0, 0)"
2371,592,3,XM3_x3_x1_x1,-26880.7479145517,26120.0,578737.3894947578,"(4054, 1375, 180)","(4054.0, 1375.0, 180)"
2372,593,0,XM1_x3_x1_x1,0.0,0.0,0.0,"(1403, 4023, 90)","(1403.0, 4023.0, 90)"
2373,593,1,XM4_x3_x1_x1,0.0,0.0,0.0,"(1521, 3402, 270)","(1521.0, 3402.0, 270)"
2374,593,2,XM3_x3_x1_x1,0.0,0.0,0.0,"(126, 2901, 0)","(126.0, 2901.0, 0)"
2375,593,3,XM2_x3_x1_x1,-20708.53625710329,20132.0,332394.05575466965,"(2816, 418, 270)","(2816.0, 418.0, 270)"
2376,594,0,XM4_x3_x1_x1,0.0,0.0,0.0,"(685, 2119, 0)","(685.0, 2119.0, 0)"
2377,594,1,XM1_x3_x1_x1,0.0,0.0,0.0,"(2904, 1, 0)","(2904.0, 1.0, 0)"
2378,594,2,XM2_x3_x1_x1,0.0,0.0,0.0,"(205, 2433, 180)","(205.0, 2433.0, 180)"
2379,594,3,XM3_x3_x1_x1,-14216.194418355599,13764.0,204479.7919919577,"(1783, 1484, 180)","(1783.0, 1484.0, 180)"
2380,595,0,XM4_x3_x1_x1,0.0,0.0,0.0,"(3700, 670, 90)","(3700.0, 670.0, 90)"
2381,595,1,XM3_x3_x1_x1,0.0,0.0,0.0,"(3691, 2069, 270)","(3691.0, 2069.0, 270)"
2382,595,2,XM1_x3_x1_x1,0.0,0.0,0.0,"(3120, 2505, 180)","(3051.0, 2505.0, 180)"
2383,595,3,XM2_x3_x1_x1,-12940.02206145275,12590.0,122515.44350363305,"(1507, 62, 180)","(1507.0, 62.0, 180)"
2384,596,0,XM1_x3_x1_x1,0.0,0.0,0.0,"(2897, 1795, 180)","(2897.0, 1795.0, 180)"
2385,596,1,XM4_x3_x1_x1,0.0,0.0,0.0,"(367, 4027, 270)","(-143.5, 4027.0, 270)"
2386,596,2,XM3_x3_x1_x1,0.0,0.0,0.0,"(938, 4207, 270)","(938.0, 4207.0, 270)"
2387,596,3,XM2_x3_x1_x1,-27864.104307446512,26824.5,1080777.1160613417,"(2595, 1011, 270)","(2595.0, 1011.0, 270)"
2388,597,0,XM2_x3_x1_x1,0.0,0.0,0.0,"(1276, 1133, 0)","(1276.0, 1133.0, 0)"
2389,597,1,XM4_x3_x1_x1,0.0,0.0,0.0,"(2721, 2514, 0)","(2721.0, 2514.0, 0)"
2390,597,2,XM3_x3_x1_x1,0.0,0.0,0.0,"(2529, 3940, 0)","(2529.0, 3940.0, 0)"
2391,597,3,XM1_x3_x1_x1,-16299.321069562346,15684.0,378620.01864734816,"(1537, 2159, 270)","(1537.0, 2159.0, 270)"
2392,598,0,XM3_x3_x1_x1,0.0,0.0,0.0,"(2238, 626, 0)","(2238.0, 626.0, 0)"
2393,598,1,XM4_x3_x1_x1,0.0,0.0,0.0,"(2802, 557, 270)","(2975.5, 557.0, 270)"
2394,598,2,XM2_x3_x1_x1,0.0,0.0,0.0,"(145, 1105, 0)","(145.0, 1105.0, 0)"
2395,598,3,XM1_x3_x1_x1,-15045.306024453484,14451.5,352605.5946772514,"(1273, 1195, 180)","(1273.0, 1195.0, 180)"
2396,599,0,XM1_x3_x1_x1,0.0,0.0,0.0,"(3092, 4191, 270)","(3092.0, 4193.0, 270)"
2397,599,1,XM3_x3_x1_x1,0.0,0.0,0.0,"(2531, 3897, 270)","(2531.0, 3897.0, 270)"
2398,599,2,XM4_x3_x1_x1,0.0,0.0,0.0,"(1134, 3960, 0)","(1134.0, 3960.0, 0)"
2399,599,3,XM2_x3_x1_x1,-13913.098956981257,13413.0,250098.96677374115,"(4199, 3320, 270)","(4199.0, 3320.0, 270)"
2400,600,0,XM2_x3_x1_x1,0.0,0.0,0.0,"(4183, 2165, 0)","(4183.0, 2165.0, 0)"
2401,600,1,XM3_x3_x1_x1,0.0,0.0,0.0,"(185, 2509, 90)","(185.0, 2509.0, 90)"
2402,600,2,XM1_x3_x1_x1,0.0,0.0,0.0,"(3273, 1269, 180)","(3273.0, 1269.0, 180)"
2403,600,3,XM4_x3_x1_x1,-17169.626902349824,16625.0,296618.4627631666,"(3597, 2769, 0)","(3597.0, 2769.0, 0)"
2404,601,0,XM2_x3_x1_x1,0.0,0.0,0.0,"(1869, 3772, 90)","(1869.0, 3772.0, 90)"
2405,601,1,XM1_x3_x1_x1,0.0,0.0,0.0,"(2055, 1670, 180)","(2055.0, 1670.0, 180)"
2406,601,2,XM3_x3_x1_x1,0.0,0.0,0.0,"(2768, 2595, 270)","(2768.0, 2595.0, 270)"
2407,601,3,XM4_x3_x1_x1,-11948.710753090454,11592.0,127242.56137035924,"(594, 3383, 0)","(594.0, 3383.0, 0)"
2408,602,0,XM2_x3_x1_x1,0.0,0.0,0.0,"(3971, 4292, 270)","(3971.0, 4292.0, 270)"
2409,602,1,XM4_x3_x1_x1,0.0,0.0,0.0,"(3078, 2264, 270)","(3078.0, 2264.0, 270)"
2410,602,2,XM1_x3_x1_x1,0.0,0.0,0.0,"(720, 283, 180)","(720.0, 283.0, 180)"
2411,602,3,XM3_x3_x1_x1,-21619.26867783088,21075.0,296228.39366777684,"(1321, 3609, 0)","(1321.0, 3609.0, 0)"
2412,603,0,XM2_x3_x1_x1,0.0,0.0,0.0,"(2424, 2224, 0)","(2424.0, 2224.0, 0)"
2413,603,1,XM4_x3_x1_x1,0.0,0.0,0.0,"(1464, 3602, 180)","(1464.0, 3602.0, 180)"
2414,603,2,XM3_x3_x1_x1,0.0,0.0,0.0,"(2304, 3231, 90)","(2304.0, 3231.0, 90)"
2415,603,3,XM1_x3_x1_x1,-16682.322252327438,16042.0,410012.58682568255,"(1695, 348, 180)","(1695.0, 348.0, 180)"
2416,604,0,XM2_x3_x1_x1,0.0,0.0,0.0,"(293, 606, 0)","(293.0, 606.0, 0)"
2417,604,1,XM4_x3_x1_x1,0.0,0.0,0.0,"(1764, 2676, 180)","(1764.0, 2676.0, 180)"
2418,604,2,XM3_x3_x1_x1,0.0,0.0,0.0,"(1840, 4242, 270)","(1840.0, 4242.0, 270)"
2419,604,3,XM1_x3_x1_x1,-22710.234455227503,21995.0,511560.325944584,"(2472, 508, 180)","(2472.0, 508.0, 180)"
2420,605,0,XM3_x3_x1_x1,0.0,0.0,0.0,"(3438, 1755, 180)","(3438.0, 1755.0, 180)"
2421,605,1,XM2_x3_x1_x1,0.0,0.0,0.0,"(3922, 1352, 0)","(3922.0, 1076.5, 0)"
2422,605,2,XM4_x3_x1_x1,0.0,0.0,0.0,"(527, 506, 270)","(527.0, 506.0, 270)"
2423,605,3,XM1_x3_x1_x1,-15811.30364971456,15315.5,245821.25907027864,"(3552, 1814, 270)","(4078.0, 1814.0, 270)"
2424,606,0,XM4_x3_x1_x1,0.0,0.0,0.0,"(3968, 600, 0)","(3968.0, 600.0, 0)"
2425,606,1,XM3_x3_x1_x1,0.0,0.0,0.0,"(3433, 4075, 0)","(3433.0, 4075.0, 0)"
2426,606,2,XM1_x3_x1_x1,0.0,0.0,0.0,"(313, 3648, 180)","(313.0, 3648.0, 180)"
2427,606,3,XM2_x3_x1_x1,-23625.412192069965,22989.0,405020.47821529635,"(1509, 1932, 180)","(1509.0, 1932.0, 180)"
2428,607,0,XM2_x3_x1_x1,0.0,0.0,0.0,"(4144, 3029, 180)","(4144.0, 3029.0, 180)"
2429,607,1,XM3_x3_x1_x1,0.0,0.0,0.0,"(3211, 3601, 270)","(3211.0, 3601.0, 270)"
2430,607,2,XM4_x3_x1_x1,0.0,0.0,0.0,"(2356, 1687, 180)","(2356.0, 1687.0, 180)"
2431,607,3,XM1_x3_x1_x1,-27085.178290939348,26201.0,781771.2501684242,"(7, 625, 0)","(7.0, 625.0, 0)"
2432,608,0,XM4_x3_x1_x1,0.0,0.0,0.0,"(552, 972, 270)","(552.0, 972.0, 270)"
2433,608,1,XM1_x3_x1_x1,0.0,0.0,0.0,"(1700, 1404, 180)","(1700.0, 1404.0, 180)"
2434,608,2,XM2_x3_x1_x1,0.0,0.0,0.0,"(2815, 3597, 90)","(2815.0, 3597.0, 90)"
2435,608,3,XM3_x3_x1_x1,-24805.588928679037,23916.0,791368.4620283197,"(4031, 2947, 0)","(4031.0, 2947.0, 0)"
2436,609,0,XM1_x3_x1_x1,0.0,0.0,0.0,"(3952, 47, 270)","(4559.0, 47.0, 270)"
2437,609,1,XM2_x3_x1_x1,0.0,0.0,0.0,"(3869, 20, 0)","(3869.0, 20.0, 0)"
2438,609,2,XM4_x3_x1_x1,0.0,0.0,0.0,"(467, 2359, 270)","(467.0, 2359.0, 270)"
2439,609,3,XM3_x3_x1_x1,-23003.985701296737,22269.0,540203.9811106563,"(2983, 467, 0)","(2983.0, 467.0, 0)"
2440,610,0,XM2_x3_x1_x1,0.0,0.0,0.0,"(3675, 2637, 90)","(4052.5, 2637.0, 90)"
2441,610,1,XM4_x3_x1_x1,0.0,0.0,0.0,"(3265, 2922, 180)","(3265.0, 2922.0, 180)"
2442,610,2,XM1_x3_x1_x1,0.0,0.0,0.0,"(1855, 626, 270)","(1855.0, 626.0, 270)"
2443,610,3,XM3_x3_x1_x1,-11934.479227336898,11597.5,113554.99965657367,"(1288, 1803, 180)","(1288.0, 1803.0, 180)"
2444,611,0,XM2_x3_x1_x1,0.0,0.0,0.0,"(3954, 212, 180)","(3954.0, 212.0, 180)"
2445,611,1,XM1_x3_x1_x1,0.0,0.0,0.0,"(2916, 2737, 270)","(2916.0, 2737.0, 270)"
2446,611,2,XM3_x3_x1_x1,0.0,0.0,0.0,"(1711, 3970, 270)","(1711.0, 3970.0, 270)"
2447,611,3,XM4_x3_x1_x1,-18532.12108151425,18061.0,221955.07344715888,"(3829, 2932, 270)","(3829.0, 3083.0, 270)"
2448,612,0,XM4_x3_x1_x1,0.0,0.0,0.0,"(3607, 4254, 180)","(3607.0, 4254.0, 180)"
2449,612,1,XM2_x3_x1_x1,0.0,0.0,0.0,"(4040, 3641, 0)","(4040.0, 3641.0, 0)"
2450,612,2,XM3_x3_x1_x1,0.0,0.0,0.0,"(66, 3279, 0)","(66.0, 3279.0, 0)"
2451,612,3,XM1_x3_x1_x1,-17773.618624767383,17277.5,246133.68984107897,"(3907, 3560, 270)","(3907.0, 2903.5, 270)"
2452,613,0,XM2_x3_x1_x1,0.0,0.0,0.0,"(2874, 2448, 180)","(2874.0, 2448.0, 180)"
2453,613,1,XM3_x3_x1_x1,0.0,0.0,0.0,"(460, 3697, 270)","(460.0, 3697.0, 270)"
2454,613,2,XM1_x3_x1_x1,0.0,0.0,0.0,"(2967, 2767, 270)","(2967.0, 3185.5, 270)"
2455,613,3,XM4_x3_x1_x1,-18099.60320772011,17610.0,239711.30100981914,"(3493, 493, 90)","(3493.0, 493.0, 90)"
2456,614,0,XM3_x3_x1_x1,0.0,0.0,0.0,"(785, 47, 180)","(785.0, 47.0, 180)"
2457,614,1,XM1_x3_x1_x1,0.0,0.0,0.0,"(3261, 48, 180)","(3261.0, 48.0, 180)"
2458,614,2,XM2_x3_x1_x1,0.0,0.0,0.0,"(558, 1724, 270)","(558.0, 1724.0, 270)"
2459,614,3,XM4_x3_x1_x1,-12646.251515704831,12386.0,67730.85142666186,"(1476, 1698, 180)","(1476.0, 1698.0, 180)"
2460,615,0,XM2_x3_x1_x1,0.0,0.0,0.0,"(2575, 703, 180)","(2575.0, 703.0, 180)"
2461,615,1,XM3_x3_x1_x1,0.0,0.0,0.0,"(3469, 3488, 180)","(3469.0, 3488.0, 180)"
2462,615,2,XM1_x3_x1_x1,0.0,0.0,0.0,"(3271, 2311, 270)","(3271.0, 2311.0, 270)"
2463,615,3,XM4_x3_x1_x1,-18466.4138314749,17767.5,488480.5438269257,"(4002, 3860, 270)","(4206.5, 3860.0, 270)"
2464,616,0,XM1_x3_x1_x1,0.0,0.0,0.0,"(56, 2276, 90)","(56.0, 2276.0, 90)"
2465,616,1,XM4_x3_x1_x1,0.0,0.0,0.0,"(3817, 1497, 270)","(3817.0, 1497.0, 270)"
2466,616,2,XM3_x3_x1_x1,0.0,0.0,0.0,"(861, 4199, 270)","(861.0, 4199.0, 270)"
2467,616,3,XM2_x3_x1_x1,-21320.719699139518,20791.0,280602.95965646167,"(862, 681, 180)","(862.0, 681.0, 180)"
2468,617,0,XM1_x3_x1_x1,0.0,0.0,0.0,"(4109, 2754, 90)","(4109.0, 2754.0, 90)"
2469,617,1,XM2_x3_x1_x1,0.0,0.0,0.0,"(1314, 491, 270)","(1314.0, 491.0, 270)"
2470,617,2,XM3_x3_x1_x1,0.0,0.0,0.0,"(2981, 3456, 90)","(2981.0, 3456.0, 90)"
2471,617,3,XM4_x3_x1_x1,-20292.4285193813,19759.0,284545.98528932873,"(360, 3776, 90)","(360.0, 3776.0, 90)"
2472,618,0,XM4_x3_x1_x1,0.0,0.0,0.0,"(3493, 2872, 270)","(3493.0, 2872.0, 270)"
2473,618,1,XM1_x3_x1_x1,0.0,0.0,0.0,"(599, 1500, 180)","(599.0, 1500.0, 180)"
2474,618,2,XM2_x3_x1_x1,0.0,0.0,0.0,"(1530, 368, 270)","(1530.0, 368.0, 270)"
2475,618,3,XM3_x3_x1_x1,-19560.12558278913,18909.0,423964.5245624836,"(1272, 2912, 90)","(1272.0, 2912.0, 90)"
2476,619,0,XM1_x3_x1_x1,0.0,0.0,0.0,"(180, 1038, 180)","(180.0, 1038.0, 180)"
2477,619,1,XM3_x3_x1_x1,0.0,0.0,0.0,"(2502, 3516, 270)","(2502.0, 3516.0, 270)"
2478,619,2,XM4_x3_x1_x1,0.0,0.0,0.0,"(811, 3442, 270)","(811.0, 3442.0, 270)"
2479,619,3,XM2_x3_x1_x1,-24635.67497073599,23694.0,886751.7505106241,"(3439, 1993, 0)","(3439.0, 1993.0, 0)"
2480,620,0,XM2_x3_x1_x1,0.0,0.0,0.0,"(1101, 1220, 0)","(1063.0, 1220.0, 0)"
2481,620,1,XM4_x3_x1_x1,0.0,0.0,0.0,"(292, 769, 180)","(292.0, 769.0, 180)"
2482,620,2,XM1_x3_x1_x1,0.0,0.0,0.0,"(1409, 1740, 180)","(1409.0, 1740.0, 180)"
2483,620,3,XM3_x3_x1_x1,-13569.945602424948,13179.0,152838.4640554059,"(1804, 3732, 90)","(1804.0, 3732.0, 90)"
2484,621,0,XM3_x3_x1_x1,0.0,0.0,0.0,"(2832, 2299, 180)","(3050.0, 2299.0, 180)"
2485,621,1,XM2_x3_x1_x1,0.0,0.0,0.0,"(1809, 3759, 0)","(1809.0, 3759.0, 0)"
2486,621,2,XM1_x3_x1_x1,0.0,0.0,0.0,"(2754, 2476, 0)","(2754.0, 2476.0, 0)"
2487,621,3,XM4_x3_x1_x1,-12726.152725098233,12289.0,191102.50506081048,"(2043, 1312, 90)","(2043.0, 1312.0, 90)"
2488,622,0,XM2_x3_x1_x1,0.0,0.0,0.0,"(3987, 2948, 90)","(3987.0, 2948.0, 90)"
2489,622,1,XM3_x3_x1_x1,0.0,0.0,0.0,"(1307, 2002, 0)","(1307.0, 2002.0, 0)"
2490,622,2,XM4_x3_x1_x1,0.0,0.0,0.0,"(1875, 163, 180)","(1875.0, 163.0, 180)"
2491,622,3,XM1_x3_x1_x1,-18507.66681522134,17918.0,347706.95297327713,"(775, 1664, 0)","(775.0, 1664.0, 0)"
2492,623,0,XM4_x3_x1_x1,0.0,0.0,0.0,"(1811, 142, 90)","(1811.0, 142.0, 90)"
2493,623,1,XM3_x3_x1_x1,0.0,0.0,0.0,"(4086, 746, 0)","(4086.0, 746.0, 0)"
2494,623,2,XM2_x3_x1_x1,0.0,0.0,0.0,"(839, 3875, 270)","(839.0, 3875.0, 270)"
2495,623,3,XM1_x3_x1_x1,-20848.378084723616,20288.0,314023.5978385059,"(3422, 1909, 0)","(3422.0, 1909.0, 0)"
2496,624,0,XM1_x3_x1_x1,0.0,0.0,0.0,"(91, 742, 270)","(91.0, 742.0, 270)"
2497,624,1,XM3_x3_x1_x1,0.0,0.0,0.0,"(2980, 2543, 90)","(2980.0, 2543.0, 90)"
2498,624,2,XM4_x3_x1_x1,0.0,0.0,0.0,"(2599, 439, 90)","(2599.0, 439.0, 90)"
2499,624,3,XM2_x3_x1_x1,-25491.923392900237,24617.0,765490.9434440646,"(2735, 3849, 270)","(2735.0, 3849.0, 270)"
2500,625,0,XM1_x3_x1_x1,0.0,0.0,0.0,"(2201, 2573, 270)","(2201.0, 2573.0, 270)"
2501,625,1,XM3_x3_x1_x1,0.0,0.0,0.0,"(3917, 2914, 270)","(3917.0, 2914.0, 270)"
2502,625,2,XM2_x3_x1_x1,0.0,0.0,0.0,"(483, 2342, 180)","(483.0, 2342.0, 180)"
2503,625,3,XM4_x3_x1_x1,-19726.23669430096,19048.0,460005.01349629305,"(3184, 596, 270)","(3184.0, 596.0, 270)"
2504,626,0,XM4_x3_x1_x1,0.0,0.0,0.0,"(2290, 704, 270)","(2290.0, 704.0, 270)"
2505,626,1,XM3_x3_x1_x1,0.0,0.0,0.0,"(1179, 507, 270)","(1179.0, 507.0, 270)"
2506,626,2,XM2_x3_x1_x1,0.0,0.0,0.0,"(2691, 3567, 270)","(2691.0, 3567.0, 270)"
2507,626,3,XM1_x3_x1_x1,-23515.17547908203,22656.0,738182.5038558361,"(3673, 3191, 180)","(3673.0, 3191.0, 180)"
2508,627,0,XM1_x3_x1_x1,0.0,0.0,0.0,"(1771, 4017, 270)","(1771.0, 4017.0, 270)"
2509,627,1,XM3_x3_x1_x1,0.0,0.0,0.0,"(649, 3556, 0)","(649.0, 3556.0, 0)"
2510,627,2,XM4_x3_x1_x1,0.0,0.0,0.0,"(3949, 824, 270)","(3949.0, 824.0, 270)"
2511,627,3,XM2_x3_x1_x1,-22645.72451071651,21911.0,539820.1066476181,"(1336, 3825, 180)","(1081.0, 3825.0, 180)"
2512,628,0,XM2_x3_x1_x1,0.0,0.0,0.0,"(2958, 3666, 270)","(2958.0, 3666.0, 270)"
2513,628,1,XM4_x3_x1_x1,0.0,0.0,0.0,"(2033, 4041, 270)","(2033.0, 4062.0, 270)"
2514,628,2,XM3_x3_x1_x1,0.0,0.0,0.0,"(241, 770, 270)","(241.0, 770.0, 270)"
2515,628,3,XM1_x3_x1_x1,-20258.070280195217,19625.0,400777.979666451,"(3132, 3161, 270)","(3132.0, 3161.0, 270)"
2516,629,0,XM3_x3_x1_x1,0.0,0.0,0.0,"(779, 2848, 0)","(779.0, 2848.0, 0)"
2517,629,1,XM1_x3_x1_x1,0.0,0.0,0.0,"(2349, 702, 270)","(2349.0, 702.0, 270)"
2518,629,2,XM4_x3_x1_x1,0.0,0.0,0.0,"(613, 3611, 90)","(337.5, 3611.0, 90)"
2519,629,3,XM2_x3_x1_x1,-15981.022758246327,15434.5,298687.1252811738,"(927, 3208, 0)","(1125.0, 3208.0, 0)"
2520,630,0,XM3_x3_x1_x1,0.0,0.0,0.0,"(1436, 1744, 270)","(1436.0, 1744.0, 270)"
2521,630,1,XM1_x3_x1_x1,0.0,0.0,0.0,"(4163, 1528, 270)","(4163.0, 1528.0, 270)"
2522,630,2,XM2_x3_x1_x1,0.0,0.0,0.0,"(1474, 2620, 180)","(1474.0, 2620.0, 180)"
2523,630,3,XM4_x3_x1_x1,-12661.13923238674,12243.0,174840.4176609729,"(2391, 2451, 180)","(2391.0, 2451.0, 180)"
2524,631,0,XM2_x3_x1_x1,0.0,0.0,0.0,"(1599, 2906, 0)","(1599.0, 2906.0, 0)"
2525,631,1,XM3_x3_x1_x1,0.0,0.0,0.0,"(1051, 112, 90)","(1051.0, 112.0, 90)"
2526,631,2,XM1_x3_x1_x1,0.0,0.0,0.0,"(3992, 4202, 180)","(3992.0, 4202.0, 180)"
2527,631,3,XM4_x3_x1_x1,-27885.151262756706,26965.0,846678.3463527582,"(3895, 2473, 90)","(3895.0, 2473.0, 90)"
2528,632,0,XM3_x3_x1_x1,0.0,0.0,0.0,"(1190, 2141, 0)","(1190.0, 2141.0, 0)"
2529,632,1,XM2_x3_x1_x1,0.0,0.0,0.0,"(1211, 387, 270)","(1211.0, 387.0, 270)"
2530,632,2,XM4_x3_x1_x1,0.0,0.0,0.0,"(960, 3604, 270)","(960.0, 3604.0, 270)"
2531,632,3,XM1_x3_x1_x1,-20483.73092360676,19910.0,329167.1727026664,"(3707, 2384, 180)","(3707.0, 2384.0, 180)"
2532,633,0,XM3_x3_x1_x1,0.0,0.0,0.0,"(4204, 2870, 90)","(4204.0, 3182.5, 90)"
2533,633,1,XM2_x3_x1_x1,0.0,0.0,0.0,"(2225, 1563, 90)","(2225.0, 1563.0, 90)"
2534,633,2,XM4_x3_x1_x1,0.0,0.0,0.0,"(3891, 2445, 180)","(3891.0, 2445.0, 180)"
2535,633,3,XM1_x3_x1_x1,-18592.598240334075,17929.5,439699.2763341455,"(3372, 265, 270)","(3372.0, 265.0, 270)"
2536,634,0,XM2_x3_x1_x1,0.0,0.0,0.0,"(1132, 1824, 90)","(1132.0, 1824.0, 90)"
2537,634,1,XM4_x3_x1_x1,0.0,0.0,0.0,"(1729, 712, 0)","(1729.0, 712.0, 0)"
2538,634,2,XM3_x3_x1_x1,0.0,0.0,0.0,"(998, 356, 180)","(998.0, 356.0, 180)"
2539,634,3,XM1_x3_x1_x1,-15788.511340360208,15297.0,241583.3977026877,"(3853, 1063, 180)","(3853.0, 1063.0, 180)"
2540,635,0,XM1_x3_x1_x1,0.0,0.0,0.0,"(2090, 2768, 180)","(2090.0, 2768.0, 180)"
2541,635,1,XM2_x3_x1_x1,0.0,0.0,0.0,"(1816, 2085, 270)","(1352.5, 2085.0, 270)"
2542,635,2,XM3_x3_x1_x1,0.0,0.0,0.0,"(3525, 598, 270)","(3525.0, 598.0, 270)"
2543,635,3,XM4_x3_x1_x1,-17258.12393580683,16585.5,452422.95902026957,"(3089, 1993, 0)","(3089.0, 1993.0, 0)"
2544,636,0,XM1_x3_x1_x1,0.0,0.0,0.0,"(1449, 993, 270)","(1449.0, 993.0, 270)"
2545,636,1,XM4_x3_x1_x1,0.0,0.0,0.0,"(1772, 3621, 270)","(1772.0, 3657.5, 270)"
2546,636,2,XM3_x3_x1_x1,0.0,0.0,0.0,"(2986, 208, 270)","(2986.0, 208.0, 270)"
2547,636,3,XM2_x3_x1_x1,-12904.17637344507,12514.5,151847.67602130203,"(1810, 2870, 0)","(1810.0, 2870.0, 0)"
2548,637,0,XM1_x3_x1_x1,0.0,0.0,0.0,"(1489, 794, 0)","(1489.0, 794.0, 0)"
2549,637,1,XM4_x3_x1_x1,0.0,0.0,0.0,"(3316, 719, 270)","(3316.0, 719.0, 270)"
2550,637,2,XM3_x3_x1_x1,0.0,0.0,0.0,"(2278, 3558, 180)","(2278.0, 3558.0, 180)"
2551,637,3,XM2_x3_x1_x1,-16749.259308278553,16171.0,334383.82761079154,"(2791, 1686, 90)","(2791.0, 1686.0, 90)"
2552,638,0,XM1_x3_x1_x1,0.0,0.0,0.0,"(1863, 2488, 0)","(1863.0, 2488.0, 0)"
2553,638,1,XM4_x3_x1_x1,0.0,0.0,0.0,"(2728, 106, 270)","(2728.0, 106.0, 270)"
2554,638,2,XM2_x3_x1_x1,0.0,0.0,0.0,"(856, 322, 270)","(856.0, 322.0, 270)"
2555,638,3,XM3_x3_x1_x1,-16163.278649659733,15688.0,225889.79482237948,"(3066, 3870, 90)","(3066.0, 3870.0, 90)"
2556,639,0,XM2_x3_x1_x1,0.0,0.0,0.0,"(2389, 2714, 180)","(2389.0, 2714.0, 180)"
2557,639,1,XM3_x3_x1_x1,0.0,0.0,0.0,"(1464, 1739, 90)","(1464.0, 1739.0, 90)"
2558,639,2,XM4_x3_x1_x1,0.0,0.0,0.0,"(2637, 214, 0)","(2637.0, 214.0, 0)"
2559,639,3,XM1_x3_x1_x1,-14377.17953142197,14008.0,136293.5264209465,"(1501, 3256, 180)","(1501.0, 3256.0, 180)"
2560,640,0,XM1_x3_x1_x1,0.0,0.0,0.0,"(598, 2392, 270)","(598.0, 2392.0, 270)"
2561,640,1,XM3_x3_x1_x1,0.0,0.0,0.0,"(2380, 4031, 180)","(2380.0, 4031.0, 180)"
2562,640,2,XM2_x3_x1_x1,0.0,0.0,0.0,"(3199, 868, 90)","(3199.0, 868.0, 90)"
2563,640,3,XM4_x3_x1_x1,-22086.029482871712,21358.0,530026.9279304511,"(1895, 3919, 0)","(1895.0, 3919.0, 0)"
2564,641,0,XM4_x3_x1_x1,0.0,0.0,0.0,"(1374, 3247, 90)","(896.5, 3247.0, 90)"
2565,641,1,XM1_x3_x1_x1,0.0,0.0,0.0,"(3701, 340, 90)","(3701.0, 340.0, 90)"
2566,641,2,XM2_x3_x1_x1,0.0,0.0,0.0,"(3243, 3230, 90)","(3243.0, 3230.0, 90)"
2567,641,3,XM3_x3_x1_x1,-22912.870576556004,22157.5,570584.707926551,"(1634, 3787, 0)","(1634.0, 3787.0, 0)"
2568,642,0,XM4_x3_x1_x1,0.0,0.0,0.0,"(2320, 242, 270)","(2320.0, 242.0, 270)"
2569,642,1,XM1_x3_x1_x1,0.0,0.0,0.0,"(3274, 2408, 90)","(3274.0, 2408.0, 90)"
2570,642,2,XM3_x3_x1_x1,0.0,0.0,0.0,"(169, 1643, 180)","(169.0, 1643.0, 180)"
2571,642,3,XM2_x3_x1_x1,-15236.77592221438,14749.0,237925.35029208928,"(2212, 71, 270)","(2212.0, -154.0, 270)"
2572,643,0,XM2_x3_x1_x1,0.0,0.0,0.0,"(4267, 1937, 270)","(4267.0, 1937.0, 270)"
2573,643,1,XM1_x3_x1_x1,0.0,0.0,0.0,"(824, 2609, 180)","(824.0, 2609.0, 180)"
2574,643,2,XM4_x3_x1_x1,0.0,0.0,0.0,"(3431, 700, 0)","(3431.0, 700.0, 0)"
2575,643,3,XM3_x3_x1_x1,-13923.400168833128,13602.0,103298.06852596292,"(546, 3591, 180)","(546.0, 3593.0, 180)"
2576,644,0,XM4_x3_x1_x1,0.0,0.0,0.0,"(2463, 2493, 0)","(2463.0, 2493.0, 0)"
2577,644,1,XM3_x3_x1_x1,0.0,0.0,0.0,"(2777, 2317, 90)","(3153.0, 2317.0, 90)"
2578,644,2,XM2_x3_x1_x1,0.0,0.0,0.0,"(151, 3813, 0)","(151.0, 3813.0, 0)"
2579,644,3,XM1_x3_x1_x1,-18323.587848396484,17708.0,378948.39909341343,"(1178, 1758, 270)","(1178.0, 1758.0, 270)"
2580,645,0,XM2_x3_x1_x1,0.0,0.0,0.0,"(2245, 2428, 180)","(2245.0, 2428.0, 180)"
2581,645,1,XM1_x3_x1_x1,0.0,0.0,0.0,"(3846, 4077, 180)","(3846.0, 4077.0, 180)"
2582,645,2,XM3_x3_x1_x1,0.0,0.0,0.0,"(69, 2250, 270)","(69.0, 2250.0, 270)"
2583,645,3,XM4_x3_x1_x1,-20545.613558421253,19811.0,539657.0802163375,"(2711, 2700, 270)","(3032.5, 2700.0, 270)"
2584,646,0,XM1_x3_x1_x1,0.0,0.0,0.0,"(3876, 4144, 90)","(3876.0, 4144.0, 90)"
2585,646,1,XM4_x3_x1_x1,0.0,0.0,0.0,"(996, 3870, 270)","(996.0, 3870.0, 270)"
2586,646,2,XM2_x3_x1_x1,0.0,0.0,0.0,"(1052, 976, 180)","(1052.0, 976.0, 180)"
2587,646,3,XM3_x3_x1_x1,-21234.893895824927,20664.0,325919.8402901629,"(1893, 2377, 270)","(1893.0, 2377.0, 270)"
2588,647,0,XM2_x3_x1_x1,0.0,0.0,0.0,"(195, 38, 180)","(195.0, 38.0, 180)"
2589,647,1,XM4_x3_x1_x1,0.0,0.0,0.0,"(3825, 928, 0)","(3825.0, 928.0, 0)"
2590,647,2,XM1_x3_x1_x1,0.0,0.0,0.0,"(2578, 622, 180)","(2578.0, 622.0, 180)"
2591,647,3,XM3_x3_x1_x1,-21196.350523656634,20573.0,388565.8753429985,"(2722, 2628, 90)","(2722.0, 2628.0, 90)"
2592,648,0,XM4_x3_x1_x1,0.0,0.0,0.0,"(3678, 2902, 270)","(3678.0, 2902.0, 270)"
2593,648,1,XM3_x3_x1_x1,0.0,0.0,0.0,"(554, 3435, 0)","(554.0, 3435.0, 0)"
2594,648,2,XM1_x3_x1_x1,0.0,0.0,0.0,"(9, 3917, 270)","(-86.0, 3917.0, 270)"
2595,648,3,XM2_x3_x1_x1,-9820.032377053143,9599.0,48855.3117057625,"(3374, 3687, 270)","(3374.0, 3687.0, 270)"
2596,649,0,XM1_x3_x1_x1,0.0,0.0,0.0,"(4241, 746, 270)","(4241.0, 746.0, 270)"
2597,649,1,XM2_x3_x1_x1,0.0,0.0,0.0,"(2342, 1383, 270)","(2342.0, 1383.0, 270)"
2598,649,2,XM3_x3_x1_x1,0.0,0.0,0.0,"(2554, 3520, 270)","(2554.0, 3520.0, 270)"
2599,649,3,XM4_x3_x1_x1,-22940.165309681197,22267.0,453151.53415818,"(1745, 4283, 180)","(1745.0, 4283.0, 180)"
2600,650,0,XM3_x3_x1_x1,0.0,0.0,0.0,"(4156, 2098, 270)","(4156.0, 2098.0, 270)"
2601,650,1,XM4_x3_x1_x1,0.0,0.0,0.0,"(3129, 4156, 270)","(3129.0, 4156.0, 270)"
2602,650,2,XM1_x3_x1_x1,0.0,0.0,0.0,"(716, 3956, 270)","(716.0, 3956.0, 270)"
2603,650,3,XM2_x3_x1_x1,-27793.53937684893,26935.0,737089.8616001521,"(3358, 288, 180)","(3358.0, 288.0, 180)"
2604,651,0,XM3_x3_x1_x1,0.0,0.0,0.0,"(582, 689, 180)","(582.0, 689.0, 180)"
2605,651,1,XM4_x3_x1_x1,0.0,0.0,0.0,"(4152, 2142, 270)","(4152.0, 2142.0, 270)"
2606,651,2,XM2_x3_x1_x1,0.0,0.0,0.0,"(3985, 2696, 180)","(3985.0, 2929.5, 180)"
2607,651,3,XM1_x3_x1_x1,-19698.702853629766,19091.5,368695.30545612867,"(4103, 2767, 180)","(3639.0, 2832.0, 180)"
2608,652,0,XM1_x3_x1_x1,0.0,0.0,0.0,"(66, 2204, 180)","(66.0, 2204.0, 180)"
2609,652,1,XM3_x3_x1_x1,0.0,0.0,0.0,"(2558, 3576, 270)","(2558.0, 3576.0, 270)"
2610,652,2,XM4_x3_x1_x1,0.0,0.0,0.0,"(2775, 4018, 180)","(2775.0, 4313.5, 180)"
2611,652,3,XM2_x3_x1_x1,-18861.96278492719,18217.5,415332.2811561063,"(969, 3483, 180)","(969.0, 3483.0, 180)"
2612,653,0,XM3_x3_x1_x1,0.0,0.0,0.0,"(4051, 566, 0)","(4051.0, 566.0, 0)"
2613,653,1,XM2_x3_x1_x1,0.0,0.0,0.0,"(3498, 1, 270)","(3498.0, -124.0, 270)"
2614,653,2,XM4_x3_x1_x1,0.0,0.0,0.0,"(1694, 4284, 90)","(1694.0, 4284.0, 90)"
2615,653,3,XM1_x3_x1_x1,-32020.12560636973,30888.0,1281708.388598026,"(1287, 3231, 180)","(1287.0, 3231.0, 180)"
2616,654,0,XM2_x3_x1_x1,0.0,0.0,0.0,"(814, 986, 0)","(814.0, 986.0, 0)"
2617,654,1,XM1_x3_x1_x1,0.0,0.0,0.0,"(20, 3640, 270)","(20.0, 3640.0, 270)"
2618,654,2,XM3_x3_x1_x1,0.0,0.0,0.0,"(1739, 181, 180)","(1739.0, 181.0, 180)"
2619,654,3,XM4_x3_x1_x1,-30089.70463546072,29107.0,965708.4005559883,"(3479, 3950, 180)","(3479.0, 3950.0, 180)"
2620,655,0,XM3_x3_x1_x1,0.0,0.0,0.0,"(2379, 1505, 90)","(2379.0, 1505.0, 90)"
2621,655,1,XM4_x3_x1_x1,0.0,0.0,0.0,"(4254, 2827, 0)","(4254.0, 2827.0, 0)"
2622,655,2,XM2_x3_x1_x1,0.0,0.0,0.0,"(39, 3156, 90)","(39.0, 3156.0, 90)"
2623,655,3,XM1_x3_x1_x1,-21061.15054903091,20578.0,233434.45302887075,"(3118, 334, 180)","(3118.0, 334.0, 180)"
2624,656,0,XM4_x3_x1_x1,0.0,0.0,0.0,"(2257, 3967, 270)","(2257.0, 3967.0, 270)"
2625,656,1,XM2_x3_x1_x1,0.0,0.0,0.0,"(433, 4015, 0)","(433.0, 4015.0, 0)"
2626,656,2,XM1_x3_x1_x1,0.0,0.0,0.0,"(3244, 2063, 180)","(3244.0, 2063.0, 180)"
2627,656,3,XM3_x3_x1_x1,-14846.744665500762,14470.0,141936.54298328096,"(1388, 2508, 270)","(1388.0, 2508.0, 270)"
2628,657,0,XM4_x3_x1_x1,0.0,0.0,0.0,"(4185, 1017, 270)","(4185.0, 1017.0, 270)"
2629,657,1,XM3_x3_x1_x1,0.0,0.0,0.0,"(3752, 1766, 180)","(3752.0, 1766.0, 180)"
2630,657,2,XM2_x3_x1_x1,0.0,0.0,0.0,"(2565, 3006, 0)","(2565.0, 3006.0, 0)"
2631,657,3,XM1_x3_x1_x1,-19782.479029967366,18998.0,615407.3484585368,"(1953, 3415, 180)","(1953.0, 3415.0, 180)"
2632,658,0,XM2_x3_x1_x1,0.0,0.0,0.0,"(596, 205, 270)","(596.0, 205.0, 270)"
2633,658,1,XM4_x3_x1_x1,0.0,0.0,0.0,"(586, 2258, 90)","(586.0, 2258.0, 90)"
2634,658,2,XM1_x3_x1_x1,0.0,0.0,0.0,"(2716, 3494, 270)","(2716.0, 3494.0, 270)"
2635,658,3,XM3_x3_x1_x1,-19450.064390360832,18921.0,279909.1291478792,"(3731, 1494, 270)","(3731.0, 1494.0, 270)"
2636,659,0,XM2_x3_x1_x1,0.0,0.0,0.0,"(190, 3601, 0)","(190.0, 3601.0, 0)"
2637,659,1,XM3_x3_x1_x1,0.0,0.0,0.0,"(3080, 1041, 270)","(3080.0, 1041.0, 270)"
2638,659,2,XM4_x3_x1_x1,0.0,0.0,0.0,"(2932, 2752, 270)","(2932.0, 2752.0, 270)"
2639,659,3,XM1_x3_x1_x1,-22977.01680630723,22180.0,635235.7895361768,"(1102, 3613, 180)","(1102.0, 3613.0, 180)"
2640,660,0,XM2_x3_x1_x1,0.0,0.0,0.0,"(2787, 692, 0)","(2787.0, 692.0, 0)"
2641,660,1,XM4_x3_x1_x1,0.0,0.0,0.0,"(2158, 3948, 180)","(2158.0, 3948.0, 180)"
2642,660,2,XM3_x3_x1_x1,0.0,0.0,0.0,"(1536, 4233, 180)","(1536.0, 4233.0, 180)"
2643,660,3,XM1_x3_x1_x1,-20707.16068659196,20120.0,344757.6718791421,"(1710, 1044, 270)","(1710.0, 1044.0, 270)"
2644,661,0,XM1_x3_x1_x1,0.0,0.0,0.0,"(608, 2012, 90)","(608.0, 2012.0, 90)"
2645,661,1,XM2_x3_x1_x1,0.0,0.0,0.0,"(1682, 1502, 90)","(1682.0, 1502.0, 90)"
2646,661,2,XM3_x3_x1_x1,0.0,0.0,0.0,"(1480, 717, 90)","(1480.0, 717.0, 90)"
2647,661,3,XM4_x3_x1_x1,-17121.501795800377,16527.0,353432.3852098726,"(304, 3853, 180)","(304.0, 3853.0, 180)"
2648,662,0,XM3_x3_x1_x1,0.0,0.0,0.0,"(2726, 557, 180)","(2726.0, 557.0, 180)"
2649,662,1,XM2_x3_x1_x1,0.0,0.0,0.0,"(593, 823, 0)","(593.0, 823.0, 0)"
2650,662,2,XM1_x3_x1_x1,0.0,0.0,0.0,"(1518, 2094, 0)","(1518.0, 2472.0, 0)"
2651,662,3,XM4_x3_x1_x1,-14379.967788810636,13835.0,296989.89084115386,"(1222, 1782, 270)","(1222.0, 1782.0, 270)"
2652,663,0,XM2_x3_x1_x1,0.0,0.0,0.0,"(786, 1666, 90)","(786.0, 1666.0, 90)"
2653,663,1,XM3_x3_x1_x1,0.0,0.0,0.0,"(2550, 2596, 180)","(2550.0, 2596.0, 180)"
2654,663,2,XM4_x3_x1_x1,0.0,0.0,0.0,"(3469, 2817, 0)","(3469.0, 2817.0, 0)"
2655,663,3,XM1_x3_x1_x1,-17652.190677762883,16968.0,468116.88353763067,"(3982, 1718, 90)","(3982.0, 1718.0, 90)"
2656,664,0,XM2_x3_x1_x1,0.0,0.0,0.0,"(883, 2926, 180)","(883.0, 2926.0, 180)"
2657,664,1,XM4_x3_x1_x1,0.0,0.0,0.0,"(1980, 3804, 90)","(1980.0, 3804.0, 90)"
2658,664,2,XM3_x3_x1_x1,0.0,0.0,0.0,"(2398, 1745, 90)","(2398.0, 1745.0, 90)"
2659,664,3,XM1_x3_x1_x1,-13179.820222898863,12743.0,190811.90713341278,"(3549, 2476, 270)","(3549.0, 2476.0, 270)"
2660,665,0,XM1_x3_x1_x1,0.0,0.0,0.0,"(2243, 2730, 180)","(2243.0, 2730.0, 180)"
2661,665,1,XM4_x3_x1_x1,0.0,0.0,0.0,"(1131, 2969, 0)","(511.5, 2969.0, 0)"
2662,665,2,XM2_x3_x1_x1,0.0,0.0,0.0,"(1299, 3224, 90)","(1299.0, 3224.0, 90)"
2663,665,3,XM3_x3_x1_x1,-11207.79795774625,10838.5,136380.9815955505,"(3220, 3827, 270)","(3220.0, 3827.0, 270)"
2664,666,0,XM1_x3_x1_x1,0.0,0.0,0.0,"(1835, 4207, 180)","(1835.0, 4207.0, 180)"
2665,666,1,XM4_x3_x1_x1,0.0,0.0,0.0,"(2903, 2866, 90)","(2903.0, 2866.0, 90)"
2666,666,2,XM3_x3_x1_x1,0.0,0.0,0.0,"(3167, 3331, 270)","(3167.0, 3331.0, 270)"
2667,666,3,XM2_x3_x1_x1,-13219.735935609991,12783.0,190738.27745313483,"(1510, 2069, 180)","(1510.0, 2069.0, 180)"
2668,667,0,XM2_x3_x1_x1,0.0,0.0,0.0,"(2100, 736, 180)","(2100.0, 736.0, 180)"
2669,667,1,XM3_x3_x1_x1,0.0,0.0,0.0,"(1153, 1402, 180)","(1153.0, 1137.5, 180)"
2670,667,2,XM1_x3_x1_x1,0.0,0.0,0.0,"(2573, 3708, 0)","(2573.0, 3708.0, 0)"
2671,667,3,XM4_x3_x1_x1,-18009.941426775953,17260.0,562412.1435947495,"(1209, 2219, 180)","(1209.0, 2219.0, 180)"
2672,668,0,XM1_x3_x1_x1,0.0,0.0,0.0,"(2372, 12, 270)","(2372.0, 12.0, 270)"
2673,668,1,XM3_x3_x1_x1,0.0,0.0,0.0,"(934, 1730, 180)","(934.0, 1730.0, 180)"
2674,668,2,XM4_x3_x1_x1,0.0,0.0,0.0,"(3424, 2118, 0)","(3440.0, 2118.0, 0)"
2675,668,3,XM2_x3_x1_x1,-14000.071739435283,13526.0,224744.01413119535,"(3044, 2653, 0)","(3044.0, 2653.0, 0)"
2676,669,0,XM4_x3_x1_x1,0.0,0.0,0.0,"(979, 3580, 180)","(979.0, 3580.0, 180)"
2677,669,1,XM3_x3_x1_x1,0.0,0.0,0.0,"(2829, 49, 180)","(2829.0, 49.0, 180)"
2678,669,2,XM1_x3_x1_x1,0.0,0.0,0.0,"(1439, 3537, 180)","(1439.0, 3537.0, 180)"
2679,669,3,XM2_x3_x1_x1,-23954.17934951795,23113.0,707582.6980554448,"(1733, 487, 270)","(1733.0, 487.0, 270)"
2680,670,0,XM1_x3_x1_x1,0.0,0.0,0.0,"(4111, 2820, 90)","(4111.0, 2820.0, 90)"
2681,670,1,XM4_x3_x1_x1,0.0,0.0,0.0,"(1095, 2052, 270)","(1095.0, 2052.0, 270)"
2682,670,2,XM2_x3_x1_x1,0.0,0.0,0.0,"(1922, 1351, 0)","(1922.0, 1351.0, 0)"
2683,670,3,XM3_x3_x1_x1,-10581.771644626295,10281.0,90463.58221120587,"(3098, 2630, 270)","(3098.0, 2630.0, 270)"
2684,671,0,XM1_x3_x1_x1,0.0,0.0,0.0,"(3409, 3559, 90)","(3409.0, 3559.0, 90)"
2685,671,1,XM4_x3_x1_x1,0.0,0.0,0.0,"(3912, 1409, 180)","(3912.0, 1409.0, 180)"
2686,671,2,XM3_x3_x1_x1,0.0,0.0,0.0,"(3475, 2183, 0)","(3475.0, 2183.0, 0)"
2687,671,3,XM2_x3_x1_x1,-22465.37857843029,21708.0,573622.3110650879,"(285, 3713, 180)","(285.0, 3713.0, 180)"
2688,672,0,XM4_x3_x1_x1,0.0,0.0,0.0,"(4044, 2038, 270)","(4044.0, 2038.0, 270)"
2689,672,1,XM2_x3_x1_x1,0.0,0.0,0.0,"(3743, 2986, 180)","(3743.0, 2986.0, 180)"
2690,672,2,XM3_x3_x1_x1,0.0,0.0,0.0,"(2696, 3071, 180)","(2696.0, 3071.0, 180)"
2691,672,3,XM1_x3_x1_x1,-15713.01918691036,15268.0,198042.07671835838,"(2045, 172, 270)","(2045.0, 172.0, 270)"
2692,673,0,XM2_x3_x1_x1,0.0,0.0,0.0,"(2602, 1978, 90)","(2602.0, 1978.0, 90)"
2693,673,1,XM3_x3_x1_x1,0.0,0.0,0.0,"(1113, 1320, 180)","(1113.0, 1320.0, 180)"
2694,673,2,XM4_x3_x1_x1,0.0,0.0,0.0,"(1466, 2823, 0)","(1466.0, 2823.0, 0)"
2695,673,3,XM1_x3_x1_x1,-9794.946224672582,9479.0,99822.01688485745,"(1867, 1456, 90)","(1867.0, 1456.0, 90)"
2696,674,0,XM4_x3_x1_x1,0.0,0.0,0.0,"(1775, 3194, 90)","(1775.0, 3194.0, 90)"
2697,674,1,XM2_x3_x1_x1,0.0,0.0,0.0,"(1611, 305, 90)","(1611.0, 305.0, 90)"
2698,674,2,XM3_x3_x1_x1,0.0,0.0,0.0,"(3459, 1826, 270)","(3459.0, 1826.0, 270)"
2699,674,3,XM1_x3_x1_x1,-13950.648973719277,13659.0,85059.12387150755,"(3318, 2693, 0)","(3318.0, 2693.0, 0)"
2700,675,0,XM1_x3_x1_x1,0.0,0.0,0.0,"(1511, 1259, 270)","(1511.0, 1259.0, 270)"
2701,675,1,XM4_x3_x1_x1,0.0,0.0,0.0,"(1129, 2626, 0)","(847.0, 2626.0, 0)"
2702,675,2,XM2_x3_x1_x1,0.0,0.0,0.0,"(2985, 4094, 180)","(2985.0, 4094.0, 180)"
2703,675,3,XM3_x3_x1_x1,-18013.106419707692,17410.0,363737.35349263164,"(1193, 3225, 0)","(1193.0, 3225.0, 0)"
2704,676,0,XM4_x3_x1_x1,0.0,0.0,0.0,"(2076, 1793, 180)","(2076.0, 1793.0, 180)"
2705,676,1,XM2_x3_x1_x1,0.0,0.0,0.0,"(1294, 2448, 180)","(1222.0, 2448.0, 180)"
2706,676,2,XM3_x3_x1_x1,0.0,0.0,0.0,"(3167, 195, 180)","(3167.0, 195.0, 180)"
2707,676,3,XM1_x3_x1_x1,-15453.264125809548,14865.0,346054.6817144729,"(1568, 2361, 0)","(1568.0, 2361.0, 0)"
2708,677,0,XM2_x3_x1_x1,0.0,0.0,0.0,"(3456, 3106, 0)","(3456.0, 3106.0, 0)"
2709,677,1,XM4_x3_x1_x1,0.0,0.0,0.0,"(2394, 1615, 180)","(2394.0, 1615.0, 180)"
2710,677,2,XM3_x3_x1_x1,0.0,0.0,0.0,"(1381, 568, 270)","(1381.0, 568.0, 270)"
2711,677,3,XM1_x3_x1_x1,-17465.398879856344,16921.0,296370.1403888438,"(160, 2202, 180)","(160.0, 2202.0, 180)"
2712,678,0,XM3_x3_x1_x1,0.0,0.0,0.0,"(1820, 3794, 90)","(1820.0, 3794.0, 90)"
2713,678,1,XM1_x3_x1_x1,0.0,0.0,0.0,"(1726, 488, 0)","(1726.0, 488.0, 0)"
2714,678,2,XM2_x3_x1_x1,0.0,0.0,0.0,"(832, 1451, 0)","(832.0, 1451.0, 0)"
2715,678,3,XM4_x3_x1_x1,-20946.380264550495,20232.0,510339.1623792351,"(1947, 3783, 270)","(1947.0, 4140.0, 270)"
2716,679,0,XM1_x3_x1_x1,0.0,0.0,0.0,"(3970, 3364, 180)","(3970.0, 3364.0, 180)"
2717,679,1,XM4_x3_x1_x1,0.0,0.0,0.0,"(1030, 1266, 0)","(1030.0, 1266.0, 0)"
2718,679,2,XM2_x3_x1_x1,0.0,0.0,0.0,"(4283, 1320, 270)","(4283.0, 1320.0, 270)"
2719,679,3,XM3_x3_x1_x1,-16845.32149430772,16430.0,172491.9436339964,"(3394, 2462, 90)","(3394.0, 2462.0, 90)"
2720,680,0,XM1_x3_x1_x1,0.0,0.0,0.0,"(2558, 121, 270)","(2558.0, 121.0, 270)"
2721,680,1,XM4_x3_x1_x1,0.0,0.0,0.0,"(253, 2264, 270)","(253.0, 2264.0, 270)"
2722,680,2,XM2_x3_x1_x1,0.0,0.0,0.0,"(865, 3293, 0)","(865.0, 3293.0, 0)"
2723,680,3,XM3_x3_x1_x1,-15251.820180682203,14794.0,209599.31783988568,"(962, 1430, 0)","(962.0, 1430.0, 0)"
2724,681,0,XM4_x3_x1_x1,0.0,0.0,0.0,"(448, 1060, 90)","(448.0, 1060.0, 90)"
2725,681,1,XM2_x3_x1_x1,0.0,0.0,0.0,"(669, 4043, 0)","(669.0, 4043.0, 0)"
2726,681,2,XM3_x3_x1_x1,0.0,0.0,0.0,"(2136, 3174, 180)","(2136.0, 3174.0, 180)"
2727,681,3,XM1_x3_x1_x1,-16416.68180653785,15996.0,176973.18235194805,"(2938, 2376, 90)","(2938.0, 2376.0, 90)"
2728,682,0,XM3_x3_x1_x1,0.0,0.0,0.0,"(1944, 1105, 180)","(1944.0, 1105.0, 180)"
2729,682,1,XM1_x3_x1_x1,0.0,0.0,0.0,"(1651, 3190, 270)","(1651.0, 3190.0, 270)"
2730,682,2,XM4_x3_x1_x1,0.0,0.0,0.0,"(1862, 2388, 270)","(1862.0, 2388.0, 270)"
2731,682,3,XM2_x3_x1_x1,-11322.063426466095,10930.5,153321.91694586878,"(2186, 2478, 180)","(2649.5, 2478.0, 180)"
2732,683,0,XM3_x3_x1_x1,0.0,0.0,0.0,"(49, 76, 270)","(49.0, 76.0, 270)"
2733,683,1,XM1_x3_x1_x1,0.0,0.0,0.0,"(1380, 903, 270)","(1380.0, 1185.5, 270)"
2734,683,2,XM4_x3_x1_x1,0.0,0.0,0.0,"(2198, 1097, 270)","(2461.5, 1097.0, 270)"
2735,683,3,XM2_x3_x1_x1,-13500.315953257017,12964.0,287634.8017179835,"(1029, 448, 180)","(1029.0, 448.0, 180)"
2736,684,0,XM2_x3_x1_x1,0.0,0.0,0.0,"(529, 555, 180)","(529.0, 555.0, 180)"
2737,684,1,XM4_x3_x1_x1,0.0,0.0,0.0,"(3360, 3810, 90)","(3360.0, 3810.0, 90)"
2738,684,2,XM1_x3_x1_x1,0.0,0.0,0.0,"(2343, 2579, 0)","(2343.0, 2579.0, 0)"
2739,684,3,XM3_x3_x1_x1,-23582.512684940408,22721.0,742204.1063132307,"(1100, 2143, 180)","(1100.0, 2143.0, 180)"
2740,685,0,XM2_x3_x1_x1,0.0,0.0,0.0,"(436, 4264, 90)","(436.0, 4264.0, 90)"
2741,685,1,XM3_x3_x1_x1,0.0,0.0,0.0,"(3093, 3731, 180)","(3093.0, 3731.0, 180)"
2742,685,2,XM1_x3_x1_x1,0.0,0.0,0.0,"(2867, 1509, 90)","(2867.0, 1509.0, 90)"
2743,685,3,XM4_x3_x1_x1,-23821.88200783661,23034.0,620758.0582726476,"(4097, 2419, 0)","(4097.0, 2419.0, 0)"
2744,686,0,XM2_x3_x1_x1,0.0,0.0,0.0,"(2456, 1386, 180)","(2530.0, 1386.0, 180)"
2745,686,1,XM4_x3_x1_x1,0.0,0.0,0.0,"(3504, 3927, 0)","(3504.0, 3927.0, 0)"
2746,686,2,XM1_x3_x1_x1,0.0,0.0,0.0,"(1840, 2034, 270)","(1840.0, 2034.0, 270)"
2747,686,3,XM3_x3_x1_x1,-19680.523339828756,19095.0,342837.58148422185,"(752, 404, 0)","(752.0, 404.0, 0)"
2748,687,0,XM1_x3_x1_x1,0.0,0.0,0.0,"(2138, 1764, 180)","(2138.0, 1764.0, 180)"
2749,687,1,XM4_x3_x1_x1,0.0,0.0,0.0,"(1129, 151, 270)","(1129.0, 151.0, 270)"
2750,687,2,XM2_x3_x1_x1,0.0,0.0,0.0,"(797, 3901, 180)","(797.0, 3901.0, 180)"
2751,687,3,XM3_x3_x1_x1,-19011.12688137401,18547.0,215413.76201396537,"(2142, 3576, 270)","(2142.0, 3576.0, 270)"
2752,688,0,XM1_x3_x1_x1,0.0,0.0,0.0,"(1908, 3502, 180)","(1908.0, 3502.0, 180)"
2753,688,1,XM3_x3_x1_x1,0.0,0.0,0.0,"(1001, 591, 270)","(1001.0, 591.0, 270)"
2754,688,2,XM2_x3_x1_x1,0.0,0.0,0.0,"(184, 607, 0)","(184.0, 607.0, 0)"
2755,688,3,XM4_x3_x1_x1,-19850.375128995627,19126.0,524719.3275074309,"(2205, 1545, 180)","(2205.0, 1545.0, 180)"
2756,689,0,XM4_x3_x1_x1,0.0,0.0,0.0,"(2233, 4219, 180)","(2233.0, 4219.0, 180)"
2757,689,1,XM3_x3_x1_x1,0.0,0.0,0.0,"(542, 2454, 270)","(542.0, 2454.0, 270)"
2758,689,2,XM2_x3_x1_x1,0.0,0.0,0.0,"(1785, 3123, 180)","(1785.0, 3123.0, 180)"
2759,689,3,XM1_x3_x1_x1,-11375.014535008375,11060.0,99234.1572665429,"(437, 4005, 0)","(437.0, 4005.0, 0)"
2760,690,0,XM1_x3_x1_x1,0.0,0.0,0.0,"(1395, 912, 180)","(1395.0, 912.0, 180)"
2761,690,1,XM4_x3_x1_x1,0.0,0.0,0.0,"(368, 159, 0)","(368.0, 159.0, 0)"
2762,690,2,XM3_x3_x1_x1,0.0,0.0,0.0,"(3943, 2001, 90)","(3943.0, 2001.0, 90)"
2763,690,3,XM2_x3_x1_x1,-26316.601818753596,25393.0,853040.3196049465,"(3120, 3056, 90)","(3120.0, 3056.0, 90)"
2764,691,0,XM3_x3_x1_x1,0.0,0.0,0.0,"(105, 4310, 180)","(105.0, 4310.0, 180)"
2765,691,1,XM1_x3_x1_x1,0.0,0.0,0.0,"(4316, 925, 270)","(4316.0, 925.0, 270)"
2766,691,2,XM2_x3_x1_x1,0.0,0.0,0.0,"(617, 2288, 180)","(617.0, 2288.0, 180)"
2767,691,3,XM4_x3_x1_x1,-29325.345614741967,28352.0,947401.685737421,"(1862, 3582, 270)","(1862.0, 3582.0, 270)"
2768,692,0,XM2_x3_x1_x1,0.0,0.0,0.0,"(1325, 1975, 0)","(1325.0, 1975.0, 0)"
2769,692,1,XM3_x3_x1_x1,0.0,0.0,0.0,"(1494, 3203, 270)","(1494.0, 3203.0, 270)"
2770,692,2,XM4_x3_x1_x1,0.0,0.0,0.0,"(3368, 3647, 90)","(3368.0, 3647.0, 90)"
2771,692,3,XM1_x3_x1_x1,-17125.275355242415,16487.0,407395.42910983076,"(1122, 1606, 0)","(979.0, 1606.0, 0)"
2772,693,0,XM3_x3_x1_x1,0.0,0.0,0.0,"(4153, 418, 180)","(4153.0, 418.0, 180)"
2773,693,1,XM4_x3_x1_x1,0.0,0.0,0.0,"(1783, 1456, 0)","(1783.0, 1456.0, 0)"
2774,693,2,XM1_x3_x1_x1,0.0,0.0,0.0,"(2161, 3746, 270)","(2161.0, 3746.0, 270)"
2775,693,3,XM2_x3_x1_x1,-25584.941979221163,24685.0,809895.5659645033,"(4239, 328, 180)","(4499.0, 328.0, 180)"
2776,694,0,XM1_x3_x1_x1,0.0,0.0,0.0,"(3628, 3925, 0)","(3691.0, 3925.0, 0)"
2777,694,1,XM2_x3_x1_x1,0.0,0.0,0.0,"(3136, 3628, 0)","(3345.0, 3628.0, 0)"
2778,694,2,XM3_x3_x1_x1,0.0,0.0,0.0,"(2655, 3233, 270)","(2655.0, 3233.0, 270)"
2779,694,3,XM4_x3_x1_x1,-17769.12862718598,17138.0,398323.3440536568,"(1276, 1419, 270)","(1276.0, 1419.0, 270)"
2780,695,0,XM2_x3_x1_x1,0.0,0.0,0.0,"(1421, 4076, 180)","(1421.0, 4076.0, 180)"
2781,695,1,XM3_x3_x1_x1,0.0,0.0,0.0,"(357, 3082, 270)","(357.0, 3082.0, 270)"
2782,695,2,XM1_x3_x1_x1,0.0,0.0,0.0,"(1377, 812, 270)","(1377.0, 812.0, 270)"
2783,695,3,XM4_x3_x1_x1,-17810.235870427066,17208.0,362688.0436290469,"(1153, 1694, 270)","(1153.0, 1694.0, 270)"
2784,696,0,XM2_x3_x1_x1,0.0,0.0,0.0,"(127, 605, 270)","(127.0, 605.0, 270)"
2785,696,1,XM4_x3_x1_x1,0.0,0.0,0.0,"(1494, 3012, 0)","(1494.0, 3012.0, 0)"
2786,696,2,XM3_x3_x1_x1,0.0,0.0,0.0,"(3916, 2687, 90)","(3916.0, 2687.0, 90)"
2787,696,3,XM1_x3_x1_x1,-24582.100610581765,23759.0,677494.6151400715,"(933, 782, 0)","(933.0, 782.0, 0)"
2788,697,0,XM1_x3_x1_x1,0.0,0.0,0.0,"(2746, 2096, 0)","(2746.0, 2096.0, 0)"
2789,697,1,XM3_x3_x1_x1,0.0,0.0,0.0,"(2200, 1273, 270)","(2200.0, 1273.0, 270)"
2790,697,2,XM4_x3_x1_x1,0.0,0.0,0.0,"(2888, 316, 270)","(2888.0, 316.0, 270)"
2791,697,3,XM2_x3_x1_x1,-21514.737212587235,20782.0,536903.8227101134,"(921, 4220, 90)","(921.0, 4220.0, 90)"
2792,698,0,XM3_x3_x1_x1,0.0,0.0,0.0,"(4196, 3060, 180)","(4196.0, 3060.0, 180)"
2793,698,1,XM1_x3_x1_x1,0.0,0.0,0.0,"(3371, 1197, 180)","(3371.0, 1197.0, 180)"
2794,698,2,XM4_x3_x1_x1,0.0,0.0,0.0,"(4301, 3687, 270)","(4301.0, 3750.0, 270)"
2795,698,3,XM2_x3_x1_x1,-15239.756331023402,14701.0,290258.3842177966,"(2556, 3058, 270)","(2556.0, 3058.0, 270)"
2796,699,0,XM2_x3_x1_x1,0.0,0.0,0.0,"(2335, 3380, 180)","(2335.0, 3380.0, 180)"
2797,699,1,XM3_x3_x1_x1,0.0,0.0,0.0,"(3910, 3334, 180)","(3910.0, 3334.0, 180)"
2798,699,2,XM1_x3_x1_x1,0.0,0.0,0.0,"(3793, 233, 270)","(3793.0, 233.0, 270)"
2799,699,3,XM4_x3_x1_x1,-19157.927464287888,18734.0,179714.49497755882,"(939, 4216, 270)","(939.0, 4216.0, 270)"
2800,700,0,XM2_x3_x1_x1,0.0,0.0,0.0,"(3013, 3740, 90)","(3013.0, 3740.0, 90)"
2801,700,1,XM1_x3_x1_x1,0.0,0.0,0.0,"(3148, 2561, 270)","(3148.0, 2203.0, 270)"
2802,700,2,XM3_x3_x1_x1,0.0,0.0,0.0,"(2980, 2843, 180)","(2980.0, 2843.0, 180)"
2803,700,3,XM4_x3_x1_x1,-8063.265971672557,7792.5,73314.21141578357,"(3371, 3907, 180)","(3800.5, 3907.0, 180)"
2804,701,0,XM4_x3_x1_x1,0.0,0.0,0.0,"(3277, 3994, 0)","(3277.0, 3994.0, 0)"
2805,701,1,XM1_x3_x1_x1,0.0,0.0,0.0,"(168, 1595, 270)","(168.0, 1595.0, 270)"
2806,701,2,XM2_x3_x1_x1,0.0,0.0,0.0,"(2172, 1287, 180)","(2172.0, 1287.0, 180)"
2807,701,3,XM3_x3_x1_x1,-21044.176716115624,20386.0,433196.58963674656,"(2182, 2992, 180)","(2182.0, 2992.0, 180)"
2808,702,0,XM1_x3_x1_x1,0.0,0.0,0.0,"(66, 1676, 270)","(66.0, 1676.0, 270)"
2809,702,1,XM2_x3_x1_x1,0.0,0.0,0.0,"(3588, 3211, 270)","(3588.0, 3211.0, 270)"
2810,702,2,XM3_x3_x1_x1,0.0,0.0,0.0,"(4093, 1233, 270)","(4093.0, 1233.0, 270)"
2811,702,3,XM4_x3_x1_x1,-21289.805676523618,20695.0,353793.7928247203,"(1806, 3866, 0)","(1806.0, 3866.0, 0)"
2812,703,0,XM3_x3_x1_x1,0.0,0.0,0.0,"(652, 3514, 0)","(652.0, 3514.0, 0)"
2813,703,1,XM1_x3_x1_x1,0.0,0.0,0.0,"(2462, 661, 270)","(2462.0, 661.0, 270)"
2814,703,2,XM4_x3_x1_x1,0.0,0.0,0.0,"(2926, 3160, 0)","(2926.0, 3160.0, 0)"
2815,703,3,XM2_x3_x1_x1,-23171.452442320195,22475.0,485046.00441376516,"(3779, 563, 90)","(3779.0, 563.0, 90)"
2816,704,0,XM1_x3_x1_x1,0.0,0.0,0.0,"(1099, 1341, 180)","(1099.0, 1341.0, 180)"
2817,704,1,XM2_x3_x1_x1,0.0,0.0,0.0,"(102, 1988, 90)","(102.0, 1988.0, 90)"
2818,704,2,XM3_x3_x1_x1,0.0,0.0,0.0,"(4256, 4211, 180)","(4256.0, 4211.0, 180)"
2819,704,3,XM4_x3_x1_x1,-26580.970394162017,25829.0,565459.4736961791,"(114, 349, 270)","(114.0, 349.0, 270)"
2820,705,0,XM1_x3_x1_x1,0.0,0.0,0.0,"(2242, 2284, 0)","(2242.0, 2284.0, 0)"
2821,705,1,XM3_x3_x1_x1,0.0,0.0,0.0,"(2985, 2569, 270)","(2985.0, 2569.0, 270)"
2822,705,2,XM2_x3_x1_x1,0.0,0.0,0.0,"(2845, 1821, 0)","(2845.0, 1821.0, 0)"
2823,705,3,XM4_x3_x1_x1,-12658.590148249821,12287.0,138079.2382763247,"(632, 1145, 0)","(632.0, 1145.0, 0)"
2824,706,0,XM1_x3_x1_x1,0.0,0.0,0.0,"(2335, 83, 270)","(2335.0, 83.0, 270)"
2825,706,1,XM3_x3_x1_x1,0.0,0.0,0.0,"(2794, 2803, 0)","(2794.0, 2803.0, 0)"
2826,706,2,XM2_x3_x1_x1,0.0,0.0,0.0,"(1299, 4322, 270)","(1299.0, 4322.0, 270)"
2827,706,3,XM4_x3_x1_x1,-16678.56717101394,16240.0,192341.1634911716,"(1082, 3531, 90)","(1082.0, 3531.0, 90)"
2828,707,0,XM2_x3_x1_x1,0.0,0.0,0.0,"(344, 1240, 270)","(344.0, 1178.0, 270)"
2829,707,1,XM1_x3_x1_x1,0.0,0.0,0.0,"(228, 1868, 0)","(228.0, 1868.0, 0)"
2830,707,2,XM4_x3_x1_x1,0.0,0.0,0.0,"(2589, 2306, 90)","(2589.0, 2306.0, 90)"
2831,707,3,XM3_x3_x1_x1,-20214.75862598294,19291.5,852406.4904519094,"(3200, 1907, 180)","(3326.5, 1907.0, 180)"
2832,708,0,XM4_x3_x1_x1,0.0,0.0,0.0,"(3661, 664, 270)","(3661.0, 664.0, 270)"
2833,708,1,XM3_x3_x1_x1,0.0,0.0,0.0,"(350, 3328, 0)","(350.0, 3328.0, 0)"
2834,708,2,XM1_x3_x1_x1,0.0,0.0,0.0,"(719, 1992, 180)","(719.0, 1992.0, 180)"
2835,708,3,XM2_x3_x1_x1,-16438.261327211767,15999.0,192950.51358384278,"(1031, 1087, 180)","(1065.0, 1087.0, 180)"
2836,709,0,XM2_x3_x1_x1,0.0,0.0,0.0,"(1328, 907, 180)","(1328.0, 907.0, 180)"
2837,709,1,XM4_x3_x1_x1,0.0,0.0,0.0,"(3828, 1149, 90)","(3828.0, 1149.0, 90)"
2838,709,2,XM3_x3_x1_x1,0.0,0.0,0.0,"(820, 3435, 0)","(820.0, 3435.0, 0)"
2839,709,3,XM1_x3_x1_x1,-20416.39725113739,19881.0,286650.2165254749,"(3895, 2576, 270)","(3895.0, 2576.0, 270)"
2840,710,0,XM3_x3_x1_x1,0.0,0.0,0.0,"(1041, 3108, 90)","(1041.0, 3108.0, 90)"
2841,710,1,XM1_x3_x1_x1,0.0,0.0,0.0,"(43, 3422, 90)","(43.0, 3422.0, 90)"
2842,710,2,XM4_x3_x1_x1,0.0,0.0,0.0,"(3572, 273, 270)","(3572.0, 273.0, 270)"
2843,710,3,XM2_x3_x1_x1,-14509.778447385295,14192.0,100983.14162260854,"(1913, 445, 180)","(1913.0, 445.0, 180)"
2844,711,0,XM4_x3_x1_x1,0.0,0.0,0.0,"(754, 3873, 180)","(754.0, 3873.0, 180)"
2845,711,1,XM1_x3_x1_x1,0.0,0.0,0.0,"(3383, 1707, 90)","(3383.0, 1707.0, 90)"
2846,711,2,XM2_x3_x1_x1,0.0,0.0,0.0,"(3015, 392, 180)","(3015.0, 392.0, 180)"
2847,711,3,XM3_x3_x1_x1,-26684.80905705665,25733.0,905940.4810950666,"(1141, 90, 270)","(1141.0, 90.0, 270)"
2848,712,0,XM2_x3_x1_x1,0.0,0.0,0.0,"(1042, 3584, 90)","(1042.0, 3584.0, 90)"
2849,712,1,XM3_x3_x1_x1,0.0,0.0,0.0,"(597, 1642, 0)","(597.0, 1642.0, 0)"
2850,712,2,XM1_x3_x1_x1,0.0,0.0,0.0,"(3119, 2544, 0)","(3119.0, 2544.0, 0)"
2851,712,3,XM4_x3_x1_x1,-23287.20853853134,22530.0,573364.7708247681,"(695, 30, 270)","(695.0, 30.0, 270)"
2852,713,0,XM4_x3_x1_x1,0.0,0.0,0.0,"(3701, 2223, 0)","(3701.0, 2223.0, 0)"
2853,713,1,XM3_x3_x1_x1,0.0,0.0,0.0,"(3613, 467, 180)","(3613.0, 467.0, 180)"
2854,713,2,XM1_x3_x1_x1,0.0,0.0,0.0,"(2683, 1532, 270)","(2683.0, 1532.0, 270)"
2855,713,3,XM2_x3_x1_x1,-14439.018063143285,13768.0,450265.2410645668,"(2540, 208, 270)","(2540.0, 208.0, 270)"
2856,714,0,XM3_x3_x1_x1,0.0,0.0,0.0,"(53, 1768, 270)","(53.0, 1768.0, 270)"
2857,714,1,XM1_x3_x1_x1,0.0,0.0,0.0,"(1167, 824, 270)","(1167.0, 824.0, 270)"
2858,714,2,XM2_x3_x1_x1,0.0,0.0,0.0,"(2870, 402, 270)","(2870.0, 402.0, 270)"
2859,714,3,XM4_x3_x1_x1,-18484.334392764264,17840.0,415166.80969889305,"(912, 2643, 0)","(912.0, 2643.0, 0)"
2860,715,0,XM3_x3_x1_x1,0.0,0.0,0.0,"(2795, 1562, 180)","(2795.0, 1562.0, 180)"
2861,715,1,XM4_x3_x1_x1,0.0,0.0,0.0,"(1077, 2942, 270)","(1077.0, 2942.0, 270)"
2862,715,2,XM2_x3_x1_x1,0.0,0.0,0.0,"(35, 1986, 270)","(35.0, 1986.0, 270)"
2863,715,3,XM1_x3_x1_x1,-13822.542600013494,13399.0,179388.3340261912,"(2508, 3523, 0)","(2508.0, 3523.0, 0)"
2864,716,0,XM4_x3_x1_x1,0.0,0.0,0.0,"(2780, 1373, 90)","(2780.0, 1373.0, 90)"
2865,716,1,XM2_x3_x1_x1,0.0,0.0,0.0,"(4144, 2815, 180)","(4144.0, 2815.0, 180)"
2866,716,2,XM3_x3_x1_x1,0.0,0.0,0.0,"(1797, 3654, 0)","(1797.0, 3654.0, 0)"
2867,716,3,XM1_x3_x1_x1,-13871.65868939745,13397.0,225300.87142050557,"(2607, 3979, 270)","(2607.0, 3979.0, 270)"
2868,717,0,XM2_x3_x1_x1,0.0,0.0,0.0,"(3637, 3108, 0)","(3637.0, 3108.0, 0)"
2869,717,1,XM3_x3_x1_x1,0.0,0.0,0.0,"(2175, 1825, 0)","(2175.0, 1825.0, 0)"
2870,717,2,XM1_x3_x1_x1,0.0,0.0,0.0,"(2201, 3863, 180)","(2201.0, 3863.0, 180)"
2871,717,3,XM4_x3_x1_x1,-10600.171043276086,10258.0,117081.02285664562,"(2606, 3225, 0)","(2606.0, 3225.0, 0)"
2872,718,0,XM1_x3_x1_x1,0.0,0.0,0.0,"(2306, 1263, 0)","(1860.5, 1263.0, 0)"
2873,718,1,XM3_x3_x1_x1,0.0,0.0,0.0,"(1990, 1374, 90)","(1990.0, 623.0, 90)"
2874,718,2,XM4_x3_x1_x1,0.0,0.0,0.0,"(4148, 1927, 90)","(4148.0, 1927.0, 90)"
2875,718,3,XM2_x3_x1_x1,-10664.23897730052,10276.5,150341.5145180525,"(2598, 1414, 90)","(2598.0, 1414.0, 90)"
2876,719,0,XM3_x3_x1_x1,0.0,0.0,0.0,"(1439, 724, 180)","(1439.0, 724.0, 180)"
2877,719,1,XM2_x3_x1_x1,0.0,0.0,0.0,"(1739, 2261, 270)","(1739.0, 2261.0, 270)"
2878,719,2,XM4_x3_x1_x1,0.0,0.0,0.0,"(2786, 750, 180)","(2786.0, 750.0, 180)"
2879,719,3,XM1_x3_x1_x1,-16167.910710181484,15592.0,331673.1461017412,"(1909, 3364, 270)","(1909.0, 3364.0, 270)"
2880,720,0,XM3_x3_x1_x1,0.0,0.0,0.0,"(396, 2399, 180)","(396.0, 2399.0, 180)"
2881,720,1,XM4_x3_x1_x1,0.0,0.0,0.0,"(4247, 918, 90)","(4247.0, 918.0, 90)"
2882,720,2,XM1_x3_x1_x1,0.0,0.0,0.0,"(2786, 4314, 180)","(2786.0, 4314.0, 180)"
2883,720,3,XM2_x3_x1_x1,-24674.621087461208,24021.0,427220.5259739725,"(1238, 239, 90)","(1238.0, 239.0, 90)"
2884,721,0,XM3_x3_x1_x1,0.0,0.0,0.0,"(2931, 927, 0)","(2931.0, 927.0, 0)"
2885,721,1,XM4_x3_x1_x1,0.0,0.0,0.0,"(3518, 172, 0)","(3518.0, 172.0, 0)"
2886,721,2,XM1_x3_x1_x1,0.0,0.0,0.0,"(8, 3576, 270)","(8.0, 3576.0, 270)"
2887,721,3,XM2_x3_x1_x1,-32438.804460210587,31352.0,1181143.9347336255,"(1407, 4253, 270)","(1407.0, 4253.0, 270)"
2888,722,0,XM2_x3_x1_x1,0.0,0.0,0.0,"(3614, 2017, 180)","(3614.0, 2017.0, 180)"
2889,722,1,XM4_x3_x1_x1,0.0,0.0,0.0,"(659, 805, 180)","(659.0, 801.5, 180)"
2890,722,2,XM3_x3_x1_x1,0.0,0.0,0.0,"(736, 3052, 270)","(736.0, 3052.0, 270)"
2891,722,3,XM1_x3_x1_x1,-17332.711170401915,16854.5,228685.92349716957,"(764, 1539, 270)","(764.0, 1539.0, 270)"
2892,723,0,XM4_x3_x1_x1,0.0,0.0,0.0,"(1712, 2701, 270)","(1712.0, 2701.0, 270)"
2893,723,1,XM1_x3_x1_x1,0.0,0.0,0.0,"(4320, 518, 180)","(4320.0, 518.0, 180)"
2894,723,2,XM3_x3_x1_x1,0.0,0.0,0.0,"(4092, 2349, 0)","(4092.0, 2349.0, 0)"
2895,723,3,XM2_x3_x1_x1,-14325.741737341554,13960.0,133767.01843361862,"(1631, 3954, 180)","(1631.0, 3954.0, 180)"
2896,724,0,XM3_x3_x1_x1,0.0,0.0,0.0,"(1281, 967, 90)","(1281.0, 967.0, 90)"
2897,724,1,XM1_x3_x1_x1,0.0,0.0,0.0,"(2173, 584, 270)","(2173.0, 584.0, 270)"
2898,724,2,XM4_x3_x1_x1,0.0,0.0,0.0,"(3535, 2853, 90)","(3535.0, 2853.0, 90)"
2899,724,3,XM2_x3_x1_x1,-11794.64919888647,11505.0,83896.65841557282,"(3822, 3716, 180)","(3822.0, 3716.0, 180)"
2900,725,0,XM3_x3_x1_x1,0.0,0.0,0.0,"(41, 1931, 180)","(41.0, 1931.0, 180)"
2901,725,1,XM2_x3_x1_x1,0.0,0.0,0.0,"(785, 67, 270)","(785.0, 67.0, 270)"
2902,725,2,XM4_x3_x1_x1,0.0,0.0,0.0,"(4015, 724, 0)","(4015.0, 724.0, 0)"
2903,725,3,XM1_x3_x1_x1,-22646.990620273235,22050.0,356397.80069422285,"(3570, 2181, 90)","(3570.0, 2181.0, 90)"
2904,726,0,XM4_x3_x1_x1,0.0,0.0,0.0,"(870, 1915, 180)","(870.0, 1915.0, 180)"
2905,726,1,XM1_x3_x1_x1,0.0,0.0,0.0,"(3702, 31, 180)","(3702.0, 31.0, 180)"
2906,726,2,XM2_x3_x1_x1,0.0,0.0,0.0,"(1174, 4036, 270)","(1174.0, 4036.0, 270)"
2907,726,3,XM3_x3_x1_x1,-15628.27118041657,15319.0,95648.66303625828,"(4124, 897, 180)","(4124.0, 897.0, 180)"
2908,727,0,XM4_x3_x1_x1,0.0,0.0,0.0,"(3684, 771, 270)","(3684.0, 771.0, 270)"
2909,727,1,XM3_x3_x1_x1,0.0,0.0,0.0,"(2834, 1558, 90)","(2834.0, 1260.0, 90)"
2910,727,2,XM1_x3_x1_x1,0.0,0.0,0.0,"(1050, 3508, 180)","(1050.0, 3508.0, 180)"
2911,727,3,XM2_x3_x1_x1,-18433.237159705703,17825.0,369952.442446862,"(2541, 1606, 270)","(2541.0, 1606.0, 270)"
2912,728,0,XM1_x3_x1_x1,0.0,0.0,0.0,"(3919, 3713, 270)","(3919.0, 3713.0, 270)"
2913,728,1,XM2_x3_x1_x1,0.0,0.0,0.0,"(3061, 1358, 0)","(3061.0, 1358.0, 0)"
2914,728,2,XM4_x3_x1_x1,0.0,0.0,0.0,"(1614, 2638, 270)","(1614.0, 2638.0, 270)"
2915,728,3,XM3_x3_x1_x1,-20340.644014981215,19540.0,641030.8387252379,"(1745, 1408, 90)","(1745.0, 1408.0, 90)"
2916,729,0,XM1_x3_x1_x1,0.0,0.0,0.0,"(3713, 3409, 270)","(3713.0, 3409.0, 270)"
2917,729,1,XM2_x3_x1_x1,0.0,0.0,0.0,"(1944, 3403, 270)","(1944.0, 3403.0, 270)"
2918,729,2,XM3_x3_x1_x1,0.0,0.0,0.0,"(203, 2378, 0)","(203.0, 2378.0, 0)"
2919,729,3,XM4_x3_x1_x1,-16087.057243821842,15534.0,305872.31494381337,"(1740, 3664, 270)","(1740.0, 3799.0, 270)"
2920,730,0,XM1_x3_x1_x1,0.0,0.0,0.0,"(1747, 427, 0)","(1747.0, 427.0, 0)"
2921,730,1,XM3_x3_x1_x1,0.0,0.0,0.0,"(2655, 4060, 270)","(2655.0, 4060.0, 270)"
2922,730,2,XM4_x3_x1_x1,0.0,0.0,0.0,"(4249, 3039, 270)","(4249.0, 3039.0, 270)"
2923,730,3,XM2_x3_x1_x1,-20711.039158196934,20086.0,390673.94927953056,"(2535, 3096, 180)","(2535.0, 3096.0, 180)"
2924,731,0,XM3_x3_x1_x1,0.0,0.0,0.0,"(4313, 59, 180)","(4313.0, 59.0, 180)"
2925,731,1,XM2_x3_x1_x1,0.0,0.0,0.0,"(168, 2562, 0)","(168.0, 2562.0, 0)"
2926,731,2,XM1_x3_x1_x1,0.0,0.0,0.0,"(1020, 636, 270)","(1020.0, 636.0, 270)"
2927,731,3,XM4_x3_x1_x1,-27547.403314138042,26879.0,446762.99035071646,"(4213, 3913, 180)","(4213.0, 3913.0, 180)"
2928,732,0,XM1_x3_x1_x1,0.0,0.0,0.0,"(2411, 1998, 0)","(2411.0, 1998.0, 0)"
2929,732,1,XM2_x3_x1_x1,0.0,0.0,0.0,"(812, 170, 90)","(812.0, 170.0, 90)"
2930,732,2,XM3_x3_x1_x1,0.0,0.0,0.0,"(3724, 887, 0)","(3724.0, 887.0, 0)"
2931,732,3,XM4_x3_x1_x1,-16174.7020180262,15636.0,290199.86422550015,"(2843, 1087, 180)","(2843.0, 1087.0, 180)"
2932,733,0,XM4_x3_x1_x1,0.0,0.0,0.0,"(1888, 22, 0)","(1888.0, 22.0, 0)"
2933,733,1,XM2_x3_x1_x1,0.0,0.0,0.0,"(2586, 1330, 180)","(2586.0, 1330.0, 180)"
2934,733,2,XM1_x3_x1_x1,0.0,0.0,0.0,"(1055, 1842, 270)","(1055.0, 1842.0, 270)"
2935,733,3,XM3_x3_x1_x1,-16245.370410612259,15708.0,288766.958201588,"(2933, 3206, 90)","(2933.0, 3206.0, 90)"
2936,734,0,XM1_x3_x1_x1,0.0,0.0,0.0,"(2849, 450, 180)","(2849.0, 450.0, 180)"
2937,734,1,XM2_x3_x1_x1,0.0,0.0,0.0,"(2758, 2929, 270)","(2758.0, 2929.0, 270)"
2938,734,2,XM3_x3_x1_x1,0.0,0.0,0.0,"(2927, 3728, 0)","(2927.0, 4015.0, 0)"
2939,734,3,XM4_x3_x1_x1,-13065.87280260161,12662.0,163113.2406812797,"(2554, 3066, 270)","(2554.0, 3325.0, 270)"
2940,735,0,XM3_x3_x1_x1,0.0,0.0,0.0,"(1823, 2145, 270)","(1823.0, 2145.0, 270)"
2941,735,1,XM4_x3_x1_x1,0.0,0.0,0.0,"(3288, 3519, 0)","(3288.0, 3519.0, 0)"
2942,735,2,XM2_x3_x1_x1,0.0,0.0,0.0,"(440, 3620, 0)","(440.0, 3620.0, 0)"
2943,735,3,XM1_x3_x1_x1,-15510.526162347633,15080.0,185352.77646577975,"(1289, 3811, 0)","(1289.0, 3811.0, 0)"
2944,736,0,XM2_x3_x1_x1,0.0,0.0,0.0,"(24, 4147, 180)","(24.0, 4147.0, 180)"
2945,736,1,XM1_x3_x1_x1,0.0,0.0,0.0,"(1380, 2030, 270)","(1380.0, 2030.0, 270)"
2946,736,2,XM4_x3_x1_x1,0.0,0.0,0.0,"(669, 2306, 270)","(669.0, 2376.0, 270)"
2947,736,3,XM3_x3_x1_x1,-19099.9566294843,18629.0,221800.14685520995,"(4225, 1518, 0)","(4225.0, 1518.0, 0)"
2948,737,0,XM2_x3_x1_x1,0.0,0.0,0.0,"(1019, 203, 180)","(1019.0, 203.0, 180)"
2949,737,1,XM1_x3_x1_x1,0.0,0.0,0.0,"(3689, 1752, 180)","(3689.0, 1752.0, 180)"
2950,737,2,XM3_x3_x1_x1,0.0,0.0,0.0,"(3077, 2896, 270)","(3077.0, 2896.0, 270)"
2951,737,3,XM4_x3_x1_x1,-20968.366986102374,20388.0,336825.83855755255,"(52, 3909, 180)","(52.0, 3909.0, 180)"
2952,738,0,XM1_x3_x1_x1,0.0,0.0,0.0,"(3475, 2616, 0)","(3475.0, 2616.0, 0)"
2953,738,1,XM4_x3_x1_x1,0.0,0.0,0.0,"(3114, 220, 0)","(3114.0, 220.0, 0)"
2954,738,2,XM2_x3_x1_x1,0.0,0.0,0.0,"(2712, 284, 180)","(2712.0, 284.0, 180)"
2955,738,3,XM3_x3_x1_x1,-14842.093140947816,14313.0,279939.551798025,"(1693, 989, 90)","(1693.0, 989.0, 90)"
2956,739,0,XM3_x3_x1_x1,0.0,0.0,0.0,"(2644, 2956, 180)","(2644.0, 2956.0, 180)"
2957,739,1,XM1_x3_x1_x1,0.0,0.0,0.0,"(2806, 489, 270)","(2806.0, 489.0, 270)"
2958,739,2,XM2_x3_x1_x1,0.0,0.0,0.0,"(2555, 2036, 270)","(2555.0, 2036.0, 270)"
2959,739,3,XM4_x3_x1_x1,-15820.995284875562,15315.0,256031.22831630157,"(838, 1494, 0)","(838.0, 1494.0, 0)"
2960,740,0,XM1_x3_x1_x1,0.0,0.0,0.0,"(292, 3349, 0)","(292.0, 3349.0, 0)"
2961,740,1,XM2_x3_x1_x1,0.0,0.0,0.0,"(3799, 1254, 90)","(3799.0, 1024.0, 90)"
2962,740,2,XM3_x3_x1_x1,0.0,0.0,0.0,"(3082, 1370, 270)","(3082.0, 1370.0, 270)"
2963,740,3,XM4_x3_x1_x1,-25024.92297556225,24178.0,717278.5265352156,"(2393, 3767, 0)","(2393.0, 3767.0, 0)"
2964,741,0,XM3_x3_x1_x1,0.0,0.0,0.0,"(2236, 2214, 180)","(2236.0, 2214.0, 180)"
2965,741,1,XM4_x3_x1_x1,0.0,0.0,0.0,"(3894, 269, 270)","(3894.0, 269.0, 270)"
2966,741,2,XM1_x3_x1_x1,0.0,0.0,0.0,"(1357, 2827, 270)","(1357.0, 2827.0, 270)"
2967,741,3,XM2_x3_x1_x1,-13074.52059378935,12685.0,151726.29298600726,"(3022, 1439, 90)","(3022.0, 1439.0, 90)"
2968,742,0,XM3_x3_x1_x1,0.0,0.0,0.0,"(2588, 3022, 270)","(2588.0, 3022.0, 270)"
2969,742,1,XM1_x3_x1_x1,0.0,0.0,0.0,"(3017, 3948, 270)","(3017.0, 3948.0, 270)"
2970,742,2,XM4_x3_x1_x1,0.0,0.0,0.0,"(837, 353, 180)","(837.0, 353.0, 180)"
2971,742,3,XM2_x3_x1_x1,-17665.198028149654,17199.0,217340.6014506245,"(1581, 3854, 270)","(1581.0, 3854.0, 270)"
2972,743,0,XM1_x3_x1_x1,0.0,0.0,0.0,"(3267, 1369, 180)","(3267.0, 1369.0, 180)"
2973,743,1,XM3_x3_x1_x1,0.0,0.0,0.0,"(964, 49, 270)","(964.0, 49.0, 270)"
2974,743,2,XM4_x3_x1_x1,0.0,0.0,0.0,"(1988, 1214, 180)","(1988.0, 1214.0, 180)"
2975,743,3,XM2_x3_x1_x1,-17784.2929524791,17177.0,368804.73013078223,"(2584, 2860, 270)","(2584.0, 2860.0, 270)"
2976,744,0,XM3_x3_x1_x1,0.0,0.0,0.0,"(1259, 93, 180)","(1259.0, 93.0, 180)"
2977,744,1,XM2_x3_x1_x1,0.0,0.0,0.0,"(3873, 3063, 0)","(3873.0, 3063.0, 0)"
2978,744,2,XM4_x3_x1_x1,0.0,0.0,0.0,"(2348, 758, 90)","(2348.0, 758.0, 90)"
2979,744,3,XM1_x3_x1_x1,-19443.254679602614,18855.0,346043.56807437656,"(578, 1775, 0)","(578.0, 1775.0, 0)"
2980,745,0,XM2_x3_x1_x1,0.0,0.0,0.0,"(4251, 609, 180)","(4251.0, 609.0, 180)"
2981,745,1,XM3_x3_x1_x1,0.0,0.0,0.0,"(2761, 1631, 0)","(2761.0, 1631.0, 0)"
2982,745,2,XM4_x3_x1_x1,0.0,0.0,0.0,"(781, 3795, 270)","(781.0, 3795.0, 270)"
2983,745,3,XM1_x3_x1_x1,-23253.985641085877,22461.0,628826.2269683775,"(3084, 2030, 180)","(3084.0, 2030.0, 180)"
2984,746,0,XM3_x3_x1_x1,0.0,0.0,0.0,"(3525, 4028, 180)","(3525.0, 4028.0, 180)"
2985,746,1,XM2_x3_x1_x1,0.0,0.0,0.0,"(3231, 846, 270)","(3231.0, 846.0, 270)"
2986,746,2,XM4_x3_x1_x1,0.0,0.0,0.0,"(202, 3371, 270)","(202.0, 3371.0, 270)"
2987,746,3,XM1_x3_x1_x1,-27025.16236522445,26278.0,558251.600007795,"(3705, 619, 90)","(3705.0, 500.0, 90)"
2988,747,0,XM1_x3_x1_x1,0.0,0.0,0.0,"(1592, 3689, 0)","(1592.0, 3689.0, 0)"
2989,747,1,XM3_x3_x1_x1,0.0,0.0,0.0,"(2445, 1782, 270)","(2445.0, 1782.0, 270)"
2990,747,2,XM4_x3_x1_x1,0.0,0.0,0.0,"(2206, 771, 0)","(2206.0, 771.0, 0)"
2991,747,3,XM2_x3_x1_x1,-14516.886674681542,14065.0,204201.56675474165,"(989, 1464, 0)","(989.0, 1464.0, 0)"
2992,748,0,XM4_x3_x1_x1,0.0,0.0,0.0,"(1958, 1365, 270)","(2449.0, 1365.0, 270)"
2993,748,1,XM3_x3_x1_x1,0.0,0.0,0.0,"(610, 3055, 180)","(610.0, 3055.0, 180)"
2994,748,2,XM1_x3_x1_x1,0.0,0.0,0.0,"(766, 1945, 0)","(766.0, 1945.0, 0)"
2995,748,3,XM2_x3_x1_x1,-9970.128418923283,9682.0,83017.98579123119,"(1270, 1105, 270)","(1270.0, 1105.0, 270)"
2996,749,0,XM1_x3_x1_x1,0.0,0.0,0.0,"(3058, 2900, 270)","(3058.0, 2900.0, 270)"
2997,749,1,XM3_x3_x1_x1,0.0,0.0,0.0,"(938, 2803, 270)","(938.0, 2803.0, 270)"
2998,749,2,XM4_x3_x1_x1,0.0,0.0,0.0,"(4250, 56, 180)","(4250.0, 56.0, 180)"
2999,749,3,XM2_x3_x1_x1,-19317.32112042745,18768.0,301753.69334766833,"(2639, 2407, 270)","(2639.0, 2407.0, 270)"
3000,750,0,XM4_x3_x1_x1,0.0,0.0,0.0,"(1120, 3224, 0)","(1583.0, 3224.0, 0)"
3001,750,1,XM3_x3_x1_x1,0.0,0.0,0.0,"(893, 3039, 90)","(893.0, 3039.0, 90)"
3002,750,2,XM2_x3_x1_x1,0.0,0.0,0.0,"(83, 873, 270)","(83.0, 873.0, 270)"
3003,750,3,XM1_x3_x1_x1,-19739.868941210767,19016.0,523986.2440495983,"(277, 249, 90)","(277.0, 249.0, 90)"
3004,751,0,XM4_x3_x1_x1,0.0,0.0,0.0,"(3139, 477, 180)","(3139.0, 477.0, 180)"
3005,751,1,XM2_x3_x1_x1,0.0,0.0,0.0,"(2525, 620, 180)","(2525.0, 620.0, 180)"
3006,751,2,XM3_x3_x1_x1,0.0,0.0,0.0,"(4202, 1566, 270)","(4202.0, 1566.0, 270)"
3007,751,3,XM1_x3_x1_x1,-13743.988044131169,13228.0,266243.66168630996,"(1359, 630, 180)","(1359.0, 630.0, 180)"
3008,752,0,XM3_x3_x1_x1,0.0,0.0,0.0,"(2340, 4315, 90)","(2340.0, 4315.0, 90)"
3009,752,1,XM2_x3_x1_x1,0.0,0.0,0.0,"(1258, 3243, 0)","(1258.0, 3243.0, 0)"
3010,752,2,XM1_x3_x1_x1,0.0,0.0,0.0,"(3985, 1427, 0)","(3985.0, 1427.0, 0)"
3011,752,3,XM4_x3_x1_x1,-19027.615783550482,18409.0,382685.4876577758,"(1868, 2223, 0)","(1868.0, 2223.0, 0)"
3012,753,0,XM3_x3_x1_x1,0.0,0.0,0.0,"(2581, 3156, 180)","(2581.0, 3156.0, 180)"
3013,753,1,XM2_x3_x1_x1,0.0,0.0,0.0,"(1850, 3731, 270)","(1843.5, 3731.0, 270)"
3014,753,2,XM1_x3_x1_x1,0.0,0.0,0.0,"(3533, 1491, 90)","(3533.0, 1491.0, 90)"
3015,753,3,XM4_x3_x1_x1,-13492.684589598506,13066.5,181633.30441124766,"(2809, 4310, 0)","(2809.0, 4310.0, 0)"
3016,754,0,XM4_x3_x1_x1,0.0,0.0,0.0,"(783, 4, 270)","(783.0, 4.0, 270)"
3017,754,1,XM3_x3_x1_x1,0.0,0.0,0.0,"(3848, 1567, 0)","(3848.0, 1567.0, 0)"
3018,754,2,XM1_x3_x1_x1,0.0,0.0,0.0,"(262, 1128, 90)","(262.0, 1128.0, 90)"
3019,754,3,XM2_x3_x1_x1,-26737.82575968989,26035.0,493964.0484836707,"(282, 3965, 90)","(282.0, 3965.0, 90)"
3020,755,0,XM2_x3_x1_x1,0.0,0.0,0.0,"(4318, 1691, 90)","(4318.0, 1691.0, 90)"
3021,755,1,XM4_x3_x1_x1,0.0,0.0,0.0,"(2248, 1402, 0)","(2248.0, 1402.0, 0)"
3022,755,2,XM3_x3_x1_x1,0.0,0.0,0.0,"(372, 1356, 180)","(372.0, 1356.0, 180)"
3023,755,3,XM1_x3_x1_x1,-23591.59662013918,22907.0,468672.532305989,"(2947, 4208, 180)","(2947.0, 4208.0, 180)"
3024,756,0,XM3_x3_x1_x1,0.0,0.0,0.0,"(1485, 3371, 180)","(1485.0, 3371.0, 180)"
3025,756,1,XM1_x3_x1_x1,0.0,0.0,0.0,"(50, 1971, 0)","(50.0, 1971.0, 0)"
3026,756,2,XM4_x3_x1_x1,0.0,0.0,0.0,"(1901, 454, 270)","(1901.0, 454.0, 270)"
3027,756,3,XM2_x3_x1_x1,-17999.14650871903,17491.0,258212.87432334,"(3883, 766, 270)","(3883.0, 766.0, 270)"
3028,757,0,XM2_x3_x1_x1,0.0,0.0,0.0,"(111, 1086, 180)","(45.0, 1086.0, 180)"
3029,757,1,XM3_x3_x1_x1,0.0,0.0,0.0,"(1328, 737, 270)","(1328.0, 737.0, 270)"
3030,757,2,XM4_x3_x1_x1,0.0,0.0,0.0,"(2144, 1188, 270)","(2144.0, 1188.0, 270)"
3031,757,3,XM1_x3_x1_x1,-10128.869920428546,9763.0,133860.79867439033,"(735, 799, 270)","(735.0, 1033.0, 270)"
3032,758,0,XM1_x3_x1_x1,0.0,0.0,0.0,"(3450, 3324, 180)","(3450.0, 3324.0, 180)"
3033,758,1,XM3_x3_x1_x1,0.0,0.0,0.0,"(433, 3942, 270)","(433.0, 3942.0, 270)"
3034,758,2,XM4_x3_x1_x1,0.0,0.0,0.0,"(3637, 1621, 90)","(3637.0, 1621.0, 90)"
3035,758,3,XM2_x3_x1_x1,-18912.702085623358,18406.0,256747.00357506017,"(2881, 496, 270)","(2881.0, 496.0, 270)"
3036,759,0,XM2_x3_x1_x1,0.0,0.0,0.0,"(2977, 1950, 270)","(2977.0, 1950.0, 270)"
3037,759,1,XM4_x3_x1_x1,0.0,0.0,0.0,"(2931, 4300, 180)","(2931.0, 4300.0, 180)"
3038,759,2,XM1_x3_x1_x1,0.0,0.0,0.0,"(2915, 2709, 270)","(2915.0, 2709.0, 270)"
3039,759,3,XM3_x3_x1_x1,-16237.87297266303,15775.0,214251.3888219101,"(2196, 784, 270)","(2196.0, 784.0, 270)"
3040,760,0,XM1_x3_x1_x1,0.0,0.0,0.0,"(3636, 378, 270)","(3636.0, 378.0, 270)"
3041,760,1,XM3_x3_x1_x1,0.0,0.0,0.0,"(3895, 1588, 270)","(3895.0, 1588.0, 270)"
3042,760,2,XM4_x3_x1_x1,0.0,0.0,0.0,"(2571, 5, 90)","(2571.0, 5.0, 90)"
3043,760,3,XM2_x3_x1_x1,-9553.617348469194,9239.0,98984.07595778542,"(2472, 492, 270)","(2472.0, 492.0, 270)"
3044,761,0,XM1_x3_x1_x1,0.0,0.0,0.0,"(2175, 2968, 0)","(2175.0, 2968.0, 0)"
3045,761,1,XM4_x3_x1_x1,0.0,0.0,0.0,"(2421, 3898, 90)","(2421.0, 3898.0, 90)"
3046,761,2,XM2_x3_x1_x1,0.0,0.0,0.0,"(3185, 1765, 180)","(3412.0, 1765.0, 180)"
3047,761,3,XM3_x3_x1_x1,-13836.007538020602,13278.0,311372.4124878128,"(2722, 1878, 270)","(2722.0, 1878.0, 270)"
3048,762,0,XM4_x3_x1_x1,0.0,0.0,0.0,"(2625, 299, 0)","(2625.0, 299.0, 0)"
3049,762,1,XM3_x3_x1_x1,0.0,0.0,0.0,"(2358, 2859, 0)","(2358.0, 2859.0, 0)"
3050,762,2,XM2_x3_x1_x1,0.0,0.0,0.0,"(3941, 1915, 270)","(3941.0, 1915.0, 270)"
3051,762,3,XM1_x3_x1_x1,-20825.78160892173,20204.0,386612.36919329735,"(285, 1019, 180)","(285.0, 1019.0, 180)"
3052,763,0,XM3_x3_x1_x1,0.0,0.0,0.0,"(2670, 1621, 270)","(2670.0, 1621.0, 270)"
3053,763,1,XM2_x3_x1_x1,0.0,0.0,0.0,"(1687, 1985, 270)","(1687.0, 1985.0, 270)"
3054,763,2,XM4_x3_x1_x1,0.0,0.0,0.0,"(2152, 1006, 270)","(2152.0, 1006.0, 270)"
3055,763,3,XM1_x3_x1_x1,-16069.657326256896,15616.0,205804.96966655634,"(3709, 4179, 270)","(3709.0, 4179.0, 270)"
3056,764,0,XM2_x3_x1_x1,0.0,0.0,0.0,"(2365, 733, 90)","(2365.0, 733.0, 90)"
3057,764,1,XM3_x3_x1_x1,0.0,0.0,0.0,"(586, 3617, 180)","(586.0, 3617.0, 180)"
3058,764,2,XM1_x3_x1_x1,0.0,0.0,0.0,"(673, 4004, 270)","(673.0, 4257.0, 270)"
3059,764,3,XM4_x3_x1_x1,-12272.231927957213,12009.0,69291.04789607174,"(2078, 2417, 0)","(2078.0, 2417.0, 0)"
3060,765,0,XM1_x3_x1_x1,0.0,0.0,0.0,"(2572, 2851, 0)","(2572.0, 2851.0, 0)"
3061,765,1,XM3_x3_x1_x1,0.0,0.0,0.0,"(1794, 3430, 270)","(1794.0, 3430.0, 270)"
3062,765,2,XM4_x3_x1_x1,0.0,0.0,0.0,"(2135, 1917, 0)","(2135.0, 1917.0, 0)"
3063,765,3,XM2_x3_x1_x1,-11452.327832279707,11083.0,136403.04769642744,"(3453, 1093, 90)","(3453.0, 1093.0, 90)"
3064,766,0,XM2_x3_x1_x1,0.0,0.0,0.0,"(340, 3119, 90)","(340.0, 3119.0, 90)"
3065,766,1,XM3_x3_x1_x1,0.0,0.0,0.0,"(3674, 1122, 180)","(3877.5, 1122.0, 180)"
3066,766,2,XM4_x3_x1_x1,0.0,0.0,0.0,"(3140, 1153, 270)","(3140.0, 1153.0, 270)"
3067,766,3,XM1_x3_x1_x1,-28661.788652761803,27556.5,1221663.0059240023,"(369, 3522, 270)","(369.0, 3522.0, 270)"
3068,767,0,XM3_x3_x1_x1,0.0,0.0,0.0,"(4162, 1601, 0)","(4162.0, 1601.0, 0)"
3069,767,1,XM2_x3_x1_x1,0.0,0.0,0.0,"(3279, 2256, 180)","(3279.0, 2256.0, 180)"
3070,767,2,XM4_x3_x1_x1,0.0,0.0,0.0,"(1413, 1023, 180)","(1413.0, 1023.0, 180)"
3071,767,3,XM1_x3_x1_x1,-18434.520447523246,17817.0,381331.5031093112,"(1072, 1939, 90)","(1072.0, 1939.0, 90)"
3072,768,0,XM3_x3_x1_x1,0.0,0.0,0.0,"(1276, 3785, 90)","(1276.0, 3785.0, 90)"
3073,768,1,XM1_x3_x1_x1,0.0,0.0,0.0,"(4093, 2804, 270)","(4093.0, 2804.0, 270)"
3074,768,2,XM4_x3_x1_x1,0.0,0.0,0.0,"(2668, 3896, 270)","(2668.0, 3896.0, 270)"
3075,768,3,XM2_x3_x1_x1,-19805.522728745153,19183.0,387534.5478043093,"(102, 4279, 270)","(102.0, 4279.0, 270)"
3076,769,0,XM1_x3_x1_x1,0.0,0.0,0.0,"(1284, 3495, 180)","(1284.0, 3495.0, 180)"
3077,769,1,XM2_x3_x1_x1,0.0,0.0,0.0,"(3083, 817, 180)","(3083.0, 817.0, 180)"
3078,769,2,XM3_x3_x1_x1,0.0,0.0,0.0,"(3759, 576, 90)","(3773.0, 576.0, 90)"
3079,769,3,XM4_x3_x1_x1,-23462.02328848282,22571.0,793922.5006187384,"(1162, 1769, 0)","(1162.0, 1769.0, 0)"
3080,770,0,XM4_x3_x1_x1,0.0,0.0,0.0,"(1661, 4034, 270)","(1661.0, 4034.0, 270)"
3081,770,1,XM3_x3_x1_x1,0.0,0.0,0.0,"(831, 2699, 0)","(831.0, 2699.0, 0)"
3082,770,2,XM2_x3_x1_x1,0.0,0.0,0.0,"(3727, 732, 0)","(3727.0, 732.0, 0)"
3083,770,3,XM1_x3_x1_x1,-25862.42065353832,25019.0,711358.39881501,"(4071, 2776, 270)","(4071.0, 2776.0, 270)"
3084,771,0,XM1_x3_x1_x1,0.0,0.0,0.0,"(4294, 4295, 180)","(4294.0, 4295.0, 180)"
3085,771,1,XM2_x3_x1_x1,0.0,0.0,0.0,"(160, 2679, 0)","(160.0, 2679.0, 0)"
3086,771,2,XM4_x3_x1_x1,0.0,0.0,0.0,"(12, 3589, 270)","(12.0, 3589.0, 270)"
3087,771,3,XM3_x3_x1_x1,-16310.236244631975,15866.0,197345.84104471965,"(3812, 1838, 0)","(3812.0, 1838.0, 0)"
3088,772,0,XM3_x3_x1_x1,0.0,0.0,0.0,"(841, 2615, 270)","(841.0, 2615.0, 270)"
3089,772,1,XM1_x3_x1_x1,0.0,0.0,0.0,"(290, 1892, 180)","(290.0, 1892.0, 180)"
3090,772,2,XM4_x3_x1_x1,0.0,0.0,0.0,"(1834, 2193, 270)","(1834.0, 2193.0, 270)"
3091,772,3,XM2_x3_x1_x1,-8980.995023664549,8702.0,77838.2232295821,"(2717, 1803, 270)","(2717.0, 1797.0, 270)"
3092,773,0,XM2_x3_x1_x1,0.0,0.0,0.0,"(1130, 4268, 180)","(1130.0, 4268.0, 180)"
3093,773,1,XM4_x3_x1_x1,0.0,0.0,0.0,"(565, 1479, 180)","(565.0, 1479.0, 180)"
3094,773,2,XM3_x3_x1_x1,0.0,0.0,0.0,"(3017, 282, 180)","(3017.0, 282.0, 180)"
3095,773,3,XM1_x3_x1_x1,-18469.49025692235,17991.0,228952.92596961345,"(1545, 1116, 180)","(1545.0, 1116.0, 180)"
3096,774,0,XM3_x3_x1_x1,0.0,0.0,0.0,"(3216, 764, 90)","(3216.0, 764.0, 90)"
3097,774,1,XM2_x3_x1_x1,0.0,0.0,0.0,"(1786, 853, 270)","(1786.0, 853.0, 270)"
3098,774,2,XM4_x3_x1_x1,0.0,0.0,0.0,"(1548, 3734, 180)","(1548.0, 3734.0, 180)"
3099,774,3,XM1_x3_x1_x1,-18818.78899942153,18407.0,169570.18004458424,"(3744, 3342, 90)","(3744.0, 3342.0, 90)"
3100,775,0,XM2_x3_x1_x1,0.0,0.0,0.0,"(3284, 3313, 90)","(3284.0, 3313.0, 90)"
3101,775,1,XM1_x3_x1_x1,0.0,0.0,0.0,"(3929, 4182, 180)","(3936.0, 4182.0, 180)"
3102,775,2,XM4_x3_x1_x1,0.0,0.0,0.0,"(1913, 4032, 0)","(1913.0, 4032.0, 0)"
3103,775,3,XM3_x3_x1_x1,-9826.679397698243,9435.0,153412.75058125815,"(3296, 4065, 270)","(3296.0, 4065.0, 270)"
3104,776,0,XM4_x3_x1_x1,0.0,0.0,0.0,"(904, 2459, 180)","(904.0, 2459.0, 180)"
3105,776,1,XM2_x3_x1_x1,0.0,0.0,0.0,"(3555, 2896, 270)","(3555.0, 2896.0, 270)"
3106,776,2,XM1_x3_x1_x1,0.0,0.0,0.0,"(2332, 365, 0)","(2332.0, 365.0, 0)"
3107,776,3,XM3_x3_x1_x1,-21789.218297635038,21058.5,533949.2304986492,"(827, 2708, 90)","(827.0, 3196.5, 90)"
3108,777,0,XM3_x3_x1_x1,0.0,0.0,0.0,"(3089, 3324, 180)","(3089.0, 3324.0, 180)"
3109,777,1,XM4_x3_x1_x1,0.0,0.0,0.0,"(1471, 3138, 180)","(1471.0, 3138.0, 180)"
3110,777,2,XM2_x3_x1_x1,0.0,0.0,0.0,"(4177, 23, 90)","(4177.0, 23.0, 90)"
3111,777,3,XM1_x3_x1_x1,-24760.238139494115,24031.0,531788.2640928377,"(1162, 3952, 180)","(1125.0, 3952.0, 180)"
3112,778,0,XM1_x3_x1_x1,0.0,0.0,0.0,"(4105, 477, 180)","(4105.0, 82.0, 180)"
3113,778,1,XM2_x3_x1_x1,0.0,0.0,0.0,"(612, 2791, 90)","(612.0, 2791.0, 90)"
3114,778,2,XM4_x3_x1_x1,0.0,0.0,0.0,"(4256, 772, 270)","(4256.0, 772.0, 270)"
3115,778,3,XM3_x3_x1_x1,-27334.775845285236,26354.0,961921.258694968,"(2001, 2142, 180)","(2001.0, 2142.0, 180)"
3116,779,0,XM1_x3_x1_x1,0.0,0.0,0.0,"(3205, 3239, 180)","(3205.0, 3239.0, 180)"
3117,779,1,XM4_x3_x1_x1,0.0,0.0,0.0,"(2884, 103, 270)","(2884.0, 103.0, 270)"
3118,779,2,XM3_x3_x1_x1,0.0,0.0,0.0,"(50, 748, 180)","(50.0, 748.0, 180)"
3119,779,3,XM2_x3_x1_x1,-27840.07023192472,26934.0,820963.265180115,"(2483, 3769, 180)","(2483.0, 3769.0, 180)"
3120,780,0,XM1_x3_x1_x1,0.0,0.0,0.0,"(2697, 1343, 0)","(2697.0, 1343.0, 0)"
3121,780,1,XM3_x3_x1_x1,0.0,0.0,0.0,"(327, 1662, 90)","(327.0, 1662.0, 90)"
3122,780,2,XM2_x3_x1_x1,0.0,0.0,0.0,"(1641, 2074, 270)","(1641.0, 2074.0, 270)"
3123,780,3,XM4_x3_x1_x1,-11931.957700149827,11566.0,133925.03829895088,"(2076, 1285, 0)","(2076.0, 1285.0, 0)"
3124,781,0,XM3_x3_x1_x1,0.0,0.0,0.0,"(2259, 764, 180)","(2259.0, 764.0, 180)"
3125,781,1,XM4_x3_x1_x1,0.0,0.0,0.0,"(1605, 1003, 180)","(1605.0, 1003.0, 180)"
3126,781,2,XM1_x3_x1_x1,0.0,0.0,0.0,"(2909, 1608, 180)","(2909.0, 1608.0, 180)"
3127,781,3,XM2_x3_x1_x1,-16769.219149090317,16155.0,377265.16310923145,"(2640, 4098, 0)","(2640.0, 4098.0, 0)"
3128,782,0,XM2_x3_x1_x1,0.0,0.0,0.0,"(3846, 3972, 180)","(3846.0, 3972.0, 180)"
3129,782,1,XM3_x3_x1_x1,0.0,0.0,0.0,"(1592, 1345, 90)","(1592.0, 1345.0, 90)"
3130,782,2,XM4_x3_x1_x1,0.0,0.0,0.0,"(1010, 2472, 180)","(1010.0, 2472.0, 180)"
3131,782,3,XM1_x3_x1_x1,-21311.65998934811,20722.0,347698.9030380154,"(3632, 582, 180)","(3632.0, 582.0, 180)"
3132,783,0,XM2_x3_x1_x1,0.0,0.0,0.0,"(3779, 1166, 270)","(3779.0, 840.5, 270)"
3133,783,1,XM4_x3_x1_x1,0.0,0.0,0.0,"(4086, 1628, 180)","(4086.0, 1628.0, 180)"
3134,783,2,XM3_x3_x1_x1,0.0,0.0,0.0,"(3894, 743, 270)","(3894.0, 494.5, 270)"
3135,783,3,XM1_x3_x1_x1,-14576.734557386053,14002.5,329745.3268963556,"(3158, 3330, 0)","(3158.0, 3330.0, 0)"
3136,784,0,XM1_x3_x1_x1,0.0,0.0,0.0,"(1706, 2772, 270)","(1706.0, 2772.0, 270)"
3137,784,1,XM2_x3_x1_x1,0.0,0.0,0.0,"(1528, 1336, 0)","(1528.0, 1336.0, 0)"
3138,784,2,XM4_x3_x1_x1,0.0,0.0,0.0,"(2341, 1043, 270)","(2341.0, 1043.0, 270)"
3139,784,3,XM3_x3_x1_x1,-15868.531992925793,15276.0,351094.1626406117,"(17, 603, 0)","(17.0, 603.0, 0)"
3140,785,0,XM3_x3_x1_x1,0.0,0.0,0.0,"(650, 3787, 180)","(650.0, 3787.0, 180)"
3141,785,1,XM4_x3_x1_x1,0.0,0.0,0.0,"(3647, 1431, 270)","(3647.0, 1431.0, 270)"
3142,785,2,XM1_x3_x1_x1,0.0,0.0,0.0,"(1707, 550, 0)","(1707.0, 550.0, 0)"
3143,785,3,XM2_x3_x1_x1,-24540.138735670847,23758.0,611741.00183679,"(526, 461, 90)","(526.0, 461.0, 90)"
3144,786,0,XM3_x3_x1_x1,0.0,0.0,0.0,"(2742, 3266, 180)","(2742.0, 3266.0, 180)"
3145,786,1,XM2_x3_x1_x1,0.0,0.0,0.0,"(1203, 825, 270)","(1203.0, 484.5, 270)"
3146,786,2,XM1_x3_x1_x1,0.0,0.0,0.0,"(567, 662, 270)","(121.5, 662.0, 270)"
3147,786,3,XM4_x3_x1_x1,-19452.3785588508,18736.0,513198.2395811491,"(1403, 1272, 0)","(1403.0, 1272.0, 0)"
3148,787,0,XM3_x3_x1_x1,0.0,0.0,0.0,"(3717, 271, 0)","(3717.0, 271.0, 0)"
3149,787,1,XM4_x3_x1_x1,0.0,0.0,0.0,"(2045, 1264, 270)","(2045.0, 1264.0, 270)"
3150,787,2,XM2_x3_x1_x1,0.0,0.0,0.0,"(449, 806, 180)","(449.0, 806.0, 180)"
3151,787,3,XM1_x3_x1_x1,-21620.70072081621,20976.0,415639.0194209413,"(2104, 3632, 270)","(2104.0, 3632.0, 270)"
3152,788,0,XM4_x3_x1_x1,0.0,0.0,0.0,"(3625, 3764, 180)","(3625.0, 3986.5, 180)"
3153,788,1,XM2_x3_x1_x1,0.0,0.0,0.0,"(527, 971, 0)","(527.0, 971.0, 0)"
3154,788,2,XM3_x3_x1_x1,0.0,0.0,0.0,"(3614, 3249, 270)","(3614.0, 3249.0, 270)"
3155,788,3,XM1_x3_x1_x1,-30655.065432484273,29545.5,1231135.448964013,"(1277, 490, 0)","(1277.0, 490.0, 0)"
3156,789,0,XM1_x3_x1_x1,0.0,0.0,0.0,"(939, 2470, 90)","(939.0, 2470.0, 90)"
3157,789,1,XM4_x3_x1_x1,0.0,0.0,0.0,"(3427, 2861, 270)","(3427.0, 2861.0, 270)"
3158,789,2,XM3_x3_x1_x1,0.0,0.0,0.0,"(2417, 364, 0)","(2417.0, 364.0, 0)"
3159,789,3,XM2_x3_x1_x1,-15770.288295539069,15265.0,255316.26160877812,"(3194, 2010, 180)","(3194.0, 2010.0, 180)"
3160,790,0,XM3_x3_x1_x1,0.0,0.0,0.0,"(1450, 1822, 180)","(1450.0, 1822.0, 180)"
3161,790,1,XM2_x3_x1_x1,0.0,0.0,0.0,"(3709, 3849, 90)","(3709.0, 3849.0, 90)"
3162,790,2,XM4_x3_x1_x1,0.0,0.0,0.0,"(748, 3360, 270)","(748.0, 3360.0, 270)"
3163,790,3,XM1_x3_x1_x1,-17687.703956058856,17134.0,306588.0709552284,"(3221, 2547, 270)","(3221.0, 2547.0, 270)"
3164,791,0,XM1_x3_x1_x1,0.0,0.0,0.0,"(358, 3923, 0)","(358.0, 3923.0, 0)"
3165,791,1,XM2_x3_x1_x1,0.0,0.0,0.0,"(1465, 1461, 270)","(1465.0, 1461.0, 270)"
3166,791,2,XM4_x3_x1_x1,0.0,0.0,0.0,"(1746, 3855, 90)","(1746.0, 3855.0, 90)"
3167,791,3,XM3_x3_x1_x1,-15789.295765926332,15185.0,365173.3727164915,"(1582, 3081, 270)","(1582.0, 3081.0, 270)"
3168,792,0,XM3_x3_x1_x1,0.0,0.0,0.0,"(1727, 2433, 180)","(1727.0, 2433.0, 180)"
3169,792,1,XM4_x3_x1_x1,0.0,0.0,0.0,"(203, 4039, 270)","(203.0, 4039.0, 270)"
3170,792,2,XM2_x3_x1_x1,0.0,0.0,0.0,"(2874, 2802, 270)","(2874.0, 2802.0, 270)"
3171,792,3,XM1_x3_x1_x1,-21460.33107516461,20615.0,714584.6266389566,"(211, 4047, 0)","(211.0, 4729.0, 0)"
3172,793,0,XM4_x3_x1_x1,0.0,0.0,0.0,"(3061, 3486, 180)","(3061.0, 3486.0, 180)"
3173,793,1,XM3_x3_x1_x1,0.0,0.0,0.0,"(3083, 835, 180)","(3083.0, 835.0, 180)"
3174,793,2,XM1_x3_x1_x1,0.0,0.0,0.0,"(551, 181, 180)","(551.0, 181.0, 180)"
3175,793,3,XM2_x3_x1_x1,-16202.710015351293,15813.0,151873.89606510455,"(2157, 2686, 270)","(2157.0, 2686.0, 270)"
3176,794,0,XM4_x3_x1_x1,0.0,0.0,0.0,"(3486, 2457, 0)","(3486.0, 2457.0, 0)"
3177,794,1,XM1_x3_x1_x1,0.0,0.0,0.0,"(3081, 613, 270)","(3081.0, 613.0, 270)"
3178,794,2,XM3_x3_x1_x1,0.0,0.0,0.0,"(3475, 519, 90)","(3475.0, 317.0, 90)"
3179,794,3,XM2_x3_x1_x1,-13473.259870035281,12945.0,279058.4902896918,"(1803, 824, 180)","(1803.0, 824.0, 180)"
3180,795,0,XM2_x3_x1_x1,0.0,0.0,0.0,"(3429, 77, 180)","(3505.0, 77.0, 180)"
3181,795,1,XM3_x3_x1_x1,0.0,0.0,0.0,"(867, 2424, 180)","(867.0, 2424.0, 180)"
3182,795,2,XM4_x3_x1_x1,0.0,0.0,0.0,"(1170, 136, 270)","(1170.0, 136.0, 270)"
3183,795,3,XM1_x3_x1_x1,-20945.006127038487,20256.0,474729.4430965757,"(3159, 132, 0)","(3159.0, 132.0, 0)"
3184,796,0,XM1_x3_x1_x1,0.0,0.0,0.0,"(1357, 3376, 270)","(1357.0, 3376.0, 270)"
3185,796,1,XM3_x3_x1_x1,0.0,0.0,0.0,"(1422, 2866, 270)","(1422.0, 2866.0, 270)"
3186,796,2,XM2_x3_x1_x1,0.0,0.0,0.0,"(2897, 599, 270)","(2897.0, 599.0, 270)"
3187,796,3,XM4_x3_x1_x1,-16207.769260205565,15618.0,347827.78028342046,"(691, 2957, 180)","(667.0, 2957.0, 180)"
3188,797,0,XM3_x3_x1_x1,0.0,0.0,0.0,"(1853, 994, 180)","(1853.0, 994.0, 180)"
3189,797,1,XM4_x3_x1_x1,0.0,0.0,0.0,"(3038, 3129, 270)","(3038.0, 3129.0, 270)"
3190,797,2,XM2_x3_x1_x1,0.0,0.0,0.0,"(1973, 4096, 270)","(1973.0, 4096.0, 270)"
3191,797,3,XM1_x3_x1_x1,-12332.122109075965,11985.0,120493.7586093462,"(2696, 423, 270)","(2696.0, 423.0, 270)"
3192,798,0,XM3_x3_x1_x1,0.0,0.0,0.0,"(1000, 3802, 0)","(1000.0, 3802.0, 0)"
3193,798,1,XM4_x3_x1_x1,0.0,0.0,0.0,"(986, 2717, 90)","(986.0, 2612.0, 90)"
3194,798,2,XM1_x3_x1_x1,0.0,0.0,0.0,"(4126, 1016, 0)","(4126.0, 1016.0, 0)"
3195,798,3,XM2_x3_x1_x1,-19998.608722534707,19320.0,460509.79830018827,"(1239, 3008, 90)","(1239.0, 3008.0, 90)"
3196,799,0,XM4_x3_x1_x1,0.0,0.0,0.0,"(1373, 3114, 270)","(1373.0, 3114.0, 270)"
3197,799,1,XM1_x3_x1_x1,0.0,0.0,0.0,"(1884, 4124, 0)","(1884.0, 4124.0, 0)"
3198,799,2,XM2_x3_x1_x1,0.0,0.0,0.0,"(306, 2700, 270)","(306.0, 2700.0, 270)"
3199,799,3,XM3_x3_x1_x1,-17356.921369178217,16694.0,439464.7417131205,"(416, 1114, 90)","(416.0, 1114.0, 90)"
3200,800,0,XM4_x3_x1_x1,0.0,0.0,0.0,"(1506, 738, 270)","(1506.0, 738.0, 270)"
3201,800,1,XM3_x3_x1_x1,0.0,0.0,0.0,"(2362, 2565, 90)","(2362.0, 2565.0, 90)"
3202,800,2,XM2_x3_x1_x1,0.0,0.0,0.0,"(2305, 4199, 90)","(2305.0, 4199.0, 90)"
3203,800,3,XM1_x3_x1_x1,-20288.29279264006,19506.5,611199.9706239417,"(1261, 4180, 270)","(1223.5, 4180.0, 270)"
3204,801,0,XM3_x3_x1_x1,0.0,0.0,0.0,"(850, 446, 270)","(850.0, 446.0, 270)"
3205,801,1,XM1_x3_x1_x1,0.0,0.0,0.0,"(1165, 3133, 270)","(1165.0, 3403.5, 270)"
3206,801,2,XM4_x3_x1_x1,0.0,0.0,0.0,"(1746, 1497, 90)","(1746.0, 1497.0, 90)"
3207,801,3,XM2_x3_x1_x1,-14529.173620686734,14128.5,160539.3503142165,"(1565, 2666, 0)","(1565.0, 2666.0, 0)"
3208,802,0,XM2_x3_x1_x1,0.0,0.0,0.0,"(3223, 447, 270)","(3223.0, 447.0, 270)"
3209,802,1,XM4_x3_x1_x1,0.0,0.0,0.0,"(3594, 2165, 180)","(3594.0, 2165.0, 180)"
3210,802,2,XM1_x3_x1_x1,0.0,0.0,0.0,"(1842, 845, 270)","(1842.0, 845.0, 270)"
3211,802,3,XM3_x3_x1_x1,-15965.639032223342,15486.0,230053.60123214347,"(477, 2278, 270)","(477.0, 2278.0, 270)"
3212,803,0,XM2_x3_x1_x1,0.0,0.0,0.0,"(2309, 2689, 90)","(2652.5, 2689.0, 90)"
3213,803,1,XM4_x3_x1_x1,0.0,0.0,0.0,"(1865, 2642, 180)","(1865.0, 2642.0, 180)"
3214,803,2,XM3_x3_x1_x1,0.0,0.0,0.0,"(1233, 3557, 180)","(1233.0, 3557.0, 180)"
3215,803,3,XM1_x3_x1_x1,-9940.321212970699,9535.5,163880.21447106873,"(2487, 3348, 0)","(2487.0, 3379.0, 0)"
3216,804,0,XM1_x3_x1_x1,0.0,0.0,0.0,"(3915, 4138, 180)","(3915.0, 4138.0, 180)"
3217,804,1,XM4_x3_x1_x1,0.0,0.0,0.0,"(1413, 1525, 0)","(1413.0, 1525.0, 0)"
3218,804,2,XM2_x3_x1_x1,0.0,0.0,0.0,"(920, 3634, 0)","(920.0, 3634.0, 0)"
3219,804,3,XM3_x3_x1_x1,-16618.209216277,16122.0,246223.5863182317,"(2273, 3342, 270)","(2273.0, 3342.0, 270)"
3220,805,0,XM4_x3_x1_x1,0.0,0.0,0.0,"(3808, 3788, 180)","(3808.0, 3788.0, 180)"
3221,805,1,XM1_x3_x1_x1,0.0,0.0,0.0,"(3053, 1419, 180)","(3053.0, 1419.0, 180)"
3222,805,2,XM2_x3_x1_x1,0.0,0.0,0.0,"(1548, 710, 270)","(1548.0, 710.0, 270)"
3223,805,3,XM3_x3_x1_x1,-29083.17685915697,28047.0,1073662.4834524083,"(679, 4236, 0)","(679.0, 4236.0, 0)"
3224,806,0,XM2_x3_x1_x1,0.0,0.0,0.0,"(360, 201, 180)","(276.0, 201.0, 180)"
3225,806,1,XM3_x3_x1_x1,0.0,0.0,0.0,"(1011, 2552, 270)","(1011.0, 2552.0, 270)"
3226,806,2,XM4_x3_x1_x1,0.0,0.0,0.0,"(3671, 1469, 270)","(3671.0, 1469.0, 270)"
3227,806,3,XM1_x3_x1_x1,-20603.05397032865,19942.0,436992.3516872696,"(622, 674, 180)","(622.0, 674.0, 180)"
3228,807,0,XM2_x3_x1_x1,0.0,0.0,0.0,"(2731, 2835, 180)","(2820.0, 2835.0, 180)"
3229,807,1,XM4_x3_x1_x1,0.0,0.0,0.0,"(328, 1690, 180)","(328.0, 1690.0, 180)"
3230,807,2,XM3_x3_x1_x1,0.0,0.0,0.0,"(2474, 3277, 180)","(2474.0, 3277.0, 180)"
3231,807,3,XM1_x3_x1_x1,-19437.509935330705,18833.0,365432.261913532,"(282, 4209, 270)","(282.0, 4209.0, 270)"
3232,808,0,XM4_x3_x1_x1,0.0,0.0,0.0,"(3949, 1831, 180)","(3949.0, 1831.0, 180)"
3233,808,1,XM3_x3_x1_x1,0.0,0.0,0.0,"(4273, 1011, 180)","(4295.0, 1011.0, 180)"
3234,808,2,XM1_x3_x1_x1,0.0,0.0,0.0,"(1586, 2005, 180)","(1586.0, 2005.0, 180)"
3235,808,3,XM2_x3_x1_x1,-19643.90552784437,18987.0,431524.8725124916,"(2312, 3394, 0)","(2312.0, 3394.0, 0)"
3236,809,0,XM2_x3_x1_x1,0.0,0.0,0.0,"(676, 1585, 270)","(676.0, 1585.0, 270)"
3237,809,1,XM3_x3_x1_x1,0.0,0.0,0.0,"(973, 244, 180)","(973.0, 244.0, 180)"
3238,809,2,XM1_x3_x1_x1,0.0,0.0,0.0,"(2734, 33, 90)","(2734.0, 33.0, 90)"
3239,809,3,XM4_x3_x1_x1,-15641.79428646871,15174.0,218831.49445276996,"(3241, 900, 90)","(3241.0, 900.0, 90)"
3240,810,0,XM3_x3_x1_x1,0.0,0.0,0.0,"(449, 3644, 0)","(449.0, 3644.0, 0)"
3241,810,1,XM4_x3_x1_x1,0.0,0.0,0.0,"(315, 2427, 270)","(315.0, 2427.0, 270)"
3242,810,2,XM1_x3_x1_x1,0.0,0.0,0.0,"(1073, 2273, 0)","(1073.0, 2273.0, 0)"
3243,810,3,XM2_x3_x1_x1,-12276.622799594279,11804.0,223372.3106963348,"(120, 4241, 0)","(103.0, 4241.0, 0)"
3244,811,0,XM2_x3_x1_x1,0.0,0.0,0.0,"(3524, 1030, 180)","(3524.0, 1030.0, 180)"
3245,811,1,XM4_x3_x1_x1,0.0,0.0,0.0,"(495, 2678, 180)","(495.0, 2678.0, 180)"
3246,811,2,XM1_x3_x1_x1,0.0,0.0,0.0,"(1663, 3276, 270)","(1663.0, 3276.0, 270)"
3247,811,3,XM3_x3_x1_x1,-23105.232990329612,22292.0,661347.8965604404,"(2516, 637, 270)","(2516.0, 637.0, 270)"
3248,812,0,XM3_x3_x1_x1,0.0,0.0,0.0,"(1291, 664, 180)","(1291.0, 664.0, 180)"
3249,812,1,XM2_x3_x1_x1,0.0,0.0,0.0,"(2226, 457, 270)","(2226.0, 457.0, 270)"
3250,812,2,XM1_x3_x1_x1,0.0,0.0,0.0,"(848, 2891, 0)","(848.0, 2891.0, 0)"
3251,812,3,XM4_x3_x1_x1,-20288.6461565061,19596.0,479758.6981226746,"(896, 3779, 270)","(896.0, 3779.0, 270)"
3252,813,0,XM4_x3_x1_x1,0.0,0.0,0.0,"(3507, 1096, 0)","(3507.0, 1096.0, 0)"
3253,813,1,XM2_x3_x1_x1,0.0,0.0,0.0,"(1327, 3877, 270)","(1327.0, 3877.0, 270)"
3254,813,2,XM1_x3_x1_x1,0.0,0.0,0.0,"(1158, 2062, 270)","(1158.0, 2062.0, 270)"
3255,813,3,XM3_x3_x1_x1,-20469.05886982811,19826.0,413524.71006460505,"(782, 601, 180)","(782.0, 601.0, 180)"
3256,814,0,XM2_x3_x1_x1,0.0,0.0,0.0,"(1700, 1398, 180)","(1700.0, 1398.0, 180)"
3257,814,1,XM3_x3_x1_x1,0.0,0.0,0.0,"(4135, 797, 180)","(4135.0, 797.0, 180)"
3258,814,2,XM1_x3_x1_x1,0.0,0.0,0.0,"(381, 1078, 90)","(381.0, 1078.0, 90)"
3259,814,3,XM4_x3_x1_x1,-22544.716548033623,21958.0,344236.30773649155,"(2820, 3602, 180)","(2820.0, 3602.0, 180)"
3260,815,0,XM1_x3_x1_x1,0.0,0.0,0.0,"(1935, 604, 90)","(1935.0, 604.0, 90)"
3261,815,1,XM4_x3_x1_x1,0.0,0.0,0.0,"(4244, 3489, 90)","(4244.0, 3489.0, 90)"
3262,815,2,XM3_x3_x1_x1,0.0,0.0,0.0,"(2280, 1283, 180)","(2280.0, 1283.0, 180)"
3263,815,3,XM2_x3_x1_x1,-16243.686521062631,15876.0,135193.37777114107,"(1107, 3293, 0)","(1107.0, 3293.0, 0)"
3264,816,0,XM4_x3_x1_x1,0.0,0.0,0.0,"(2477, 4306, 180)","(2477.0, 4306.0, 180)"
3265,816,1,XM1_x3_x1_x1,0.0,0.0,0.0,"(2878, 2992, 270)","(2878.0, 2992.0, 270)"
3266,816,2,XM2_x3_x1_x1,0.0,0.0,0.0,"(1491, 2554, 270)","(1155.5, 2554.0, 270)"
3267,816,3,XM3_x3_x1_x1,-13633.249751150093,13111.5,272222.8028251835,"(2237, 2314, 90)","(2237.0, 2314.0, 90)"
3268,817,0,XM2_x3_x1_x1,0.0,0.0,0.0,"(3407, 3422, 180)","(3407.0, 3422.0, 180)"
3269,817,1,XM1_x3_x1_x1,0.0,0.0,0.0,"(2036, 3406, 0)","(2036.0, 3406.0, 0)"
3270,817,2,XM4_x3_x1_x1,0.0,0.0,0.0,"(3773, 2750, 180)","(3803.0, 2750.0, 180)"
3271,817,3,XM3_x3_x1_x1,-11371.912602987339,11111.0,68075.3863976285,"(497, 2714, 0)","(497.0, 2714.0, 0)"
3272,818,0,XM2_x3_x1_x1,0.0,0.0,0.0,"(3917, 2914, 270)","(3917.0, 2914.0, 270)"
3273,818,1,XM4_x3_x1_x1,0.0,0.0,0.0,"(2764, 1533, 180)","(2495.0, 1533.0, 180)"
3274,818,2,XM1_x3_x1_x1,0.0,0.0,0.0,"(2999, 607, 90)","(2999.0, 607.0, 90)"
3275,818,3,XM3_x3_x1_x1,-13189.552501225873,12666.0,274107.22153986804,"(3185, 1327, 270)","(3185.0, 1327.0, 270)"
3276,819,0,XM2_x3_x1_x1,0.0,0.0,0.0,"(4065, 2310, 0)","(4065.0, 2310.0, 0)"
3277,819,1,XM1_x3_x1_x1,0.0,0.0,0.0,"(584, 3454, 0)","(584.0, 3454.0, 0)"
3278,819,2,XM4_x3_x1_x1,0.0,0.0,0.0,"(2554, 4286, 180)","(2554.0, 4286.0, 180)"
3279,819,3,XM3_x3_x1_x1,-15900.236000401175,15408.0,242296.28009094554,"(1380, 2944, 270)","(1380.0, 2944.0, 270)"
3280,820,0,XM1_x3_x1_x1,0.0,0.0,0.0,"(3326, 4161, 270)","(3326.0, 4161.0, 270)"
3281,820,1,XM4_x3_x1_x1,0.0,0.0,0.0,"(4174, 924, 270)","(4174.0, 924.0, 270)"
3282,820,2,XM2_x3_x1_x1,0.0,0.0,0.0,"(3776, 2273, 90)","(3776.0, 2273.0, 90)"
3283,820,3,XM3_x3_x1_x1,-15180.947961511862,14727.0,206068.7517607744,"(2939, 2080, 270)","(2939.0, 1927.0, 270)"
3284,821,0,XM3_x3_x1_x1,0.0,0.0,0.0,"(2390, 2560, 180)","(2390.0, 2560.0, 180)"
3285,821,1,XM2_x3_x1_x1,0.0,0.0,0.0,"(1567, 395, 270)","(1567.0, 395.0, 270)"
3286,821,2,XM4_x3_x1_x1,0.0,0.0,0.0,"(310, 2501, 180)","(310.0, 2501.0, 180)"
3287,821,3,XM1_x3_x1_x1,-17819.552717901453,17266.0,306420.6114960878,"(3109, 701, 270)","(3109.0, 701.0, 270)"
3288,822,0,XM4_x3_x1_x1,0.0,0.0,0.0,"(199, 702, 180)","(199.0, 702.0, 180)"
3289,822,1,XM3_x3_x1_x1,0.0,0.0,0.0,"(1610, 2731, 180)","(1610.0, 2731.0, 180)"
3290,822,2,XM2_x3_x1_x1,0.0,0.0,0.0,"(1886, 3683, 180)","(1956.0, 3683.0, 180)"
3291,822,3,XM1_x3_x1_x1,-18725.865916429553,18073.0,426233.9048353992,"(2341, 3676, 0)","(2341.0, 3676.0, 0)"
3292,823,0,XM1_x3_x1_x1,0.0,0.0,0.0,"(3579, 841, 270)","(3579.0, 841.0, 270)"
3293,823,1,XM3_x3_x1_x1,0.0,0.0,0.0,"(3876, 310, 270)","(3876.0, 310.0, 270)"
3294,823,2,XM4_x3_x1_x1,0.0,0.0,0.0,"(2179, 1160, 270)","(2179.0, 1160.0, 270)"
3295,823,3,XM2_x3_x1_x1,-12861.958084673406,12558.0,92390.51723832573,"(1910, 3396, 0)","(1910.0, 3396.0, 0)"
3296,824,0,XM2_x3_x1_x1,0.0,0.0,0.0,"(83, 1915, 90)","(83.0, 1915.0, 90)"
3297,824,1,XM1_x3_x1_x1,0.0,0.0,0.0,"(3047, 2333, 270)","(3047.0, 2333.0, 270)"
3298,824,2,XM3_x3_x1_x1,0.0,0.0,0.0,"(503, 3540, 270)","(503.0, 3540.0, 270)"
3299,824,3,XM4_x3_x1_x1,-25408.131648285565,24655.0,567207.2796493344,"(3900, 656, 270)","(3900.0, 656.0, 270)"
3300,825,0,XM3_x3_x1_x1,0.0,0.0,0.0,"(2333, 413, 0)","(2333.0, 413.0, 0)"
3301,825,1,XM2_x3_x1_x1,0.0,0.0,0.0,"(1693, 3572, 0)","(1693.0, 3572.0, 0)"
3302,825,2,XM1_x3_x1_x1,0.0,0.0,0.0,"(2631, 2795, 270)","(2631.0, 2795.0, 270)"
3303,825,3,XM4_x3_x1_x1,-19744.85609232958,19270.0,225488.3084225209,"(1079, 69, 270)","(1079.0, 69.0, 270)"
3304,826,0,XM1_x3_x1_x1,0.0,0.0,0.0,"(2418, 3859, 270)","(2418.0, 3859.0, 270)"
3305,826,1,XM3_x3_x1_x1,0.0,0.0,0.0,"(1698, 2301, 180)","(1698.0, 2214.0, 180)"
3306,826,2,XM4_x3_x1_x1,0.0,0.0,0.0,"(1686, 2904, 270)","(1686.0, 2904.0, 270)"
3307,826,3,XM2_x3_x1_x1,-12111.857976214842,11647.0,216092.9380505591,"(3342, 2922, 270)","(3342.0, 2922.0, 270)"
3308,827,0,XM3_x3_x1_x1,0.0,0.0,0.0,"(1131, 1152, 0)","(1131.0, 1152.0, 0)"
3309,827,1,XM4_x3_x1_x1,0.0,0.0,0.0,"(1021, 705, 90)","(1021.0, 462.0, 90)"
3310,827,2,XM1_x3_x1_x1,0.0,0.0,0.0,"(791, 2005, 90)","(791.0, 2005.0, 90)"
3311,827,3,XM2_x3_x1_x1,-15001.727885412587,14752.0,62364.01675264241,"(753, 4135, 90)","(753.0, 4135.0, 90)"
3312,828,0,XM4_x3_x1_x1,0.0,0.0,0.0,"(3004, 3440, 180)","(3265.0, 3440.0, 180)"
3313,828,1,XM2_x3_x1_x1,0.0,0.0,0.0,"(1437, 2259, 0)","(1437.0, 2259.0, 0)"
3314,828,2,XM3_x3_x1_x1,0.0,0.0,0.0,"(2919, 3072, 180)","(2919.0, 3072.0, 180)"
3315,828,3,XM1_x3_x1_x1,-15561.320818649241,14967.0,353217.23547990486,"(865, 3376, 90)","(865.0, 3376.0, 90)"
3316,829,0,XM1_x3_x1_x1,0.0,0.0,0.0,"(2694, 2284, 180)","(2694.0, 2284.0, 180)"
3317,829,1,XM2_x3_x1_x1,0.0,0.0,0.0,"(3984, 1598, 270)","(3984.0, 1598.0, 270)"
3318,829,2,XM4_x3_x1_x1,0.0,0.0,0.0,"(2238, 1966, 180)","(2238.0, 1966.0, 180)"
3319,829,3,XM3_x3_x1_x1,-18340.896195915455,17775.0,320238.5045515847,"(677, 3917, 270)","(677.0, 3917.0, 270)"
3320,830,0,XM2_x3_x1_x1,0.0,0.0,0.0,"(3035, 4194, 180)","(3035.0, 4443.0, 180)"
3321,830,1,XM1_x3_x1_x1,0.0,0.0,0.0,"(824, 1355, 0)","(824.0, 1355.0, 0)"
3322,830,2,XM4_x3_x1_x1,0.0,0.0,0.0,"(3261, 3264, 180)","(3261.0, 3264.0, 180)"
3323,830,3,XM3_x3_x1_x1,-14113.31575486309,13783.0,109108.49791077284,"(57, 444, 270)","(57.0, 444.0, 270)"
3324,831,0,XM2_x3_x1_x1,0.0,0.0,0.0,"(3007, 1959, 90)","(3007.0, 1959.0, 90)"
3325,831,1,XM1_x3_x1_x1,0.0,0.0,0.0,"(419, 254, 90)","(419.0, 254.0, 90)"
3326,831,2,XM3_x3_x1_x1,0.0,0.0,0.0,"(3633, 1547, 90)","(3633.0, 1547.0, 90)"
3327,831,3,XM4_x3_x1_x1,-23527.033232253285,22894.0,400731.0731370433,"(3769, 4318, 0)","(3769.0, 4318.0, 0)"
3328,832,0,XM4_x3_x1_x1,0.0,0.0,0.0,"(4274, 163, 270)","(4274.0, 163.0, 270)"
3329,832,1,XM1_x3_x1_x1,0.0,0.0,0.0,"(1620, 3017, 180)","(1620.0, 3017.0, 180)"
3330,832,2,XM2_x3_x1_x1,0.0,0.0,0.0,"(2879, 1904, 270)","(2879.0, 1904.0, 270)"
3331,832,3,XM3_x3_x1_x1,-19389.312504856505,18784.0,366403.2285356553,"(2633, 737, 270)","(2633.0, 737.0, 270)"
3332,833,0,XM4_x3_x1_x1,0.0,0.0,0.0,"(2867, 2888, 270)","(2867.0, 2888.0, 270)"
3333,833,1,XM2_x3_x1_x1,0.0,0.0,0.0,"(561, 3444, 0)","(561.0, 3444.0, 0)"
3334,833,2,XM1_x3_x1_x1,0.0,0.0,0.0,"(1304, 3085, 270)","(1304.0, 3085.0, 270)"
3335,833,3,XM3_x3_x1_x1,-20224.530711426,19600.0,390038.60951426375,"(2253, 85, 90)","(2253.0, 85.0, 90)"
3336,834,0,XM3_x3_x1_x1,0.0,0.0,0.0,"(2750, 3129, 180)","(2750.0, 3129.0, 180)"
3337,834,1,XM4_x3_x1_x1,0.0,0.0,0.0,"(244, 536, 270)","(244.0, 536.0, 270)"
3338,834,2,XM2_x3_x1_x1,0.0,0.0,0.0,"(2761, 40, 0)","(2761.0, 40.0, 0)"
3339,834,3,XM1_x3_x1_x1,-20798.7766669531,20141.0,432670.14358793054,"(1365, 512, 180)","(1365.0, 512.0, 180)"
3340,835,0,XM3_x3_x1_x1,0.0,0.0,0.0,"(3295, 3735, 0)","(3295.0, 3735.0, 0)"
3341,835,1,XM1_x3_x1_x1,0.0,0.0,0.0,"(989, 3779, 180)","(989.0, 3779.0, 180)"
3342,835,2,XM2_x3_x1_x1,0.0,0.0,0.0,"(736, 260, 270)","(736.0, 260.0, 270)"
3343,835,3,XM4_x3_x1_x1,-20936.638593355037,20416.0,271064.5448907137,"(434, 3398, 0)","(434.0, 3398.0, 0)"
3344,836,0,XM2_x3_x1_x1,0.0,0.0,0.0,"(2514, 3426, 180)","(2514.0, 3426.0, 180)"
3345,836,1,XM3_x3_x1_x1,0.0,0.0,0.0,"(666, 1712, 90)","(666.0, 1712.0, 90)"
3346,836,2,XM1_x3_x1_x1,0.0,0.0,0.0,"(3798, 3168, 270)","(3798.0, 3168.0, 270)"
3347,836,3,XM4_x3_x1_x1,-20880.502232080424,20207.0,453605.2566173106,"(397, 3552, 90)","(397.0, 3552.0, 90)"
3348,837,0,XM1_x3_x1_x1,0.0,0.0,0.0,"(2664, 3302, 0)","(2664.0, 3302.0, 0)"
3349,837,1,XM2_x3_x1_x1,0.0,0.0,0.0,"(3164, 2435, 0)","(3164.0, 2435.0, 0)"
3350,837,2,XM4_x3_x1_x1,0.0,0.0,0.0,"(3151, 1813, 270)","(3151.0, 1647.5, 270)"
3351,837,3,XM3_x3_x1_x1,-14685.180787239493,14174.0,261305.79724278726,"(1598, 734, 90)","(1598.0, 734.0, 90)"
3352,838,0,XM2_x3_x1_x1,0.0,0.0,0.0,"(446, 3845, 270)","(446.0, 3845.0, 270)"
3353,838,1,XM1_x3_x1_x1,0.0,0.0,0.0,"(3612, 542, 0)","(3612.0, 542.0, 0)"
3354,838,2,XM4_x3_x1_x1,0.0,0.0,0.0,"(254, 2846, 180)","(254.0, 2846.0, 180)"
3355,838,3,XM3_x3_x1_x1,-19913.47362193704,19362.0,304123.1556923546,"(2339, 3941, 270)","(2339.0, 3941.0, 270)"
3356,839,0,XM1_x3_x1_x1,0.0,0.0,0.0,"(1320, 3060, 270)","(1320.0, 3060.0, 270)"
3357,839,1,XM2_x3_x1_x1,0.0,0.0,0.0,"(4182, 3041, 270)","(4182.0, 3407.0, 270)"
3358,839,2,XM3_x3_x1_x1,0.0,0.0,0.0,"(3660, 1510, 270)","(3660.0, 1510.0, 270)"
3359,839,3,XM4_x3_x1_x1,-14296.25306816442,13760.0,287567.35311575455,"(4084, 3011, 270)","(4084.0, 3011.0, 270)"
3360,840,0,XM1_x3_x1_x1,0.0,0.0,0.0,"(1088, 2880, 0)","(1088.0, 2880.0, 0)"
3361,840,1,XM4_x3_x1_x1,0.0,0.0,0.0,"(3997, 3165, 270)","(3997.0, 3165.0, 270)"
3362,840,2,XM2_x3_x1_x1,0.0,0.0,0.0,"(617, 3820, 270)","(617.0, 3820.0, 270)"
3363,840,3,XM3_x3_x1_x1,-18836.389849409556,18161.0,456151.4486854599,"(3086, 3673, 0)","(3086.0, 3673.0, 0)"
3364,841,0,XM4_x3_x1_x1,0.0,0.0,0.0,"(1207, 4290, 180)","(1207.0, 4290.0, 180)"
3365,841,1,XM3_x3_x1_x1,0.0,0.0,0.0,"(2247, 238, 180)","(2247.0, 238.0, 180)"
3366,841,2,XM1_x3_x1_x1,0.0,0.0,0.0,"(765, 2351, 270)","(765.0, 2351.0, 270)"
3367,841,3,XM2_x3_x1_x1,-22243.064100342606,21637.0,367313.693724094,"(3740, 3253, 270)","(3740.0, 3253.0, 270)"
3368,842,0,XM2_x3_x1_x1,0.0,0.0,0.0,"(2903, 2063, 0)","(2903.0, 2063.0, 0)"
3369,842,1,XM1_x3_x1_x1,0.0,0.0,0.0,"(985, 540, 270)","(985.0, 540.0, 270)"
3370,842,2,XM3_x3_x1_x1,0.0,0.0,0.0,"(3756, 944, 180)","(3756.0, 944.0, 180)"
3371,842,3,XM4_x3_x1_x1,-14211.09087236999,13756.0,207107.70211447836,"(3077, 1152, 180)","(3299.0, 1152.0, 180)"
3372,843,0,XM3_x3_x1_x1,0.0,0.0,0.0,"(2571, 488, 180)","(2571.0, 488.0, 180)"
3373,843,1,XM1_x3_x1_x1,0.0,0.0,0.0,"(2340, 1644, 0)","(2340.0, 1644.0, 0)"
3374,843,2,XM4_x3_x1_x1,0.0,0.0,0.0,"(896, 507, 180)","(896.0, 507.0, 180)"
3375,843,3,XM2_x3_x1_x1,-13198.659492460258,12766.0,187194.23641596825,"(1522, 2816, 180)","(1522.0, 2816.0, 180)"
3376,844,0,XM1_x3_x1_x1,0.0,0.0,0.0,"(2927, 695, 180)","(2927.0, 695.0, 180)"
3377,844,1,XM4_x3_x1_x1,0.0,0.0,0.0,"(71, 793, 270)","(71.0, 793.0, 270)"
3378,844,2,XM3_x3_x1_x1,0.0,0.0,0.0,"(1678, 3334, 180)","(1678.0, 3334.0, 180)"
3379,844,3,XM2_x3_x1_x1,-18052.75556649843,17502.0,303331.6940290029,"(1122, 212, 0)","(1122.0, 212.0, 0)"
3380,845,0,XM3_x3_x1_x1,0.0,0.0,0.0,"(3889, 572, 270)","(3889.0, 572.0, 270)"
3381,845,1,XM1_x3_x1_x1,0.0,0.0,0.0,"(3889, 2372, 0)","(3889.0, 2372.0, 0)"
3382,845,2,XM2_x3_x1_x1,0.0,0.0,0.0,"(583, 1803, 270)","(583.0, 1803.0, 270)"
3383,845,3,XM4_x3_x1_x1,-13517.430157665322,13183.0,111843.53035605213,"(1737, 1301, 90)","(1737.0, 1301.0, 90)"
3384,846,0,XM3_x3_x1_x1,0.0,0.0,0.0,"(2396, 1299, 180)","(2396.0, 1299.0, 180)"
3385,846,1,XM2_x3_x1_x1,0.0,0.0,0.0,"(3004, 2009, 90)","(3004.0, 2009.0, 90)"
3386,846,2,XM1_x3_x1_x1,0.0,0.0,0.0,"(2232, 4325, 180)","(2232.0, 4325.0, 180)"
3387,846,3,XM4_x3_x1_x1,-20608.929080390877,19902.0,499748.72470229055,"(463, 3310, 180)","(463.0, 3310.0, 180)"
3388,847,0,XM3_x3_x1_x1,0.0,0.0,0.0,"(1846, 197, 180)","(1846.0, 197.0, 180)"
3389,847,1,XM4_x3_x1_x1,0.0,0.0,0.0,"(3757, 958, 0)","(3757.0, 958.0, 0)"
3390,847,2,XM1_x3_x1_x1,0.0,0.0,0.0,"(2892, 1654, 270)","(2892.0, 1654.0, 270)"
3391,847,3,XM2_x3_x1_x1,-17375.40782427215,16755.0,384905.86841810663,"(2349, 2994, 270)","(2349.0, 2994.0, 270)"
3392,848,0,XM4_x3_x1_x1,0.0,0.0,0.0,"(18, 3940, 0)","(18.0, 3940.0, 0)"
3393,848,1,XM1_x3_x1_x1,0.0,0.0,0.0,"(1355, 473, 180)","(1355.0, 473.0, 180)"
3394,848,2,XM3_x3_x1_x1,0.0,0.0,0.0,"(2913, 2816, 0)","(2913.0, 2816.0, 0)"
3395,848,3,XM2_x3_x1_x1,-17331.29519632415,16809.0,272792.2721032813,"(659, 3418, 0)","(659.0, 3418.0, 0)"
3396,849,0,XM2_x3_x1_x1,0.0,0.0,0.0,"(565, 4059, 0)","(565.0, 4059.0, 0)"
3397,849,1,XM1_x3_x1_x1,0.0,0.0,0.0,"(2198, 2047, 0)","(2198.0, 2047.0, 0)"
3398,849,2,XM4_x3_x1_x1,0.0,0.0,0.0,"(3373, 1455, 270)","(3373.0, 1455.0, 270)"
3399,849,3,XM3_x3_x1_x1,-21984.836654007668,21168.0,667222.1193304436,"(1611, 3693, 270)","(1611.0, 3693.0, 270)"
3400,850,0,XM4_x3_x1_x1,0.0,0.0,0.0,"(3240, 1330, 0)","(3240.0, 1330.0, 0)"
3401,850,1,XM3_x3_x1_x1,0.0,0.0,0.0,"(957, 1737, 0)","(714.0, 1737.0, 0)"
3402,850,2,XM1_x3_x1_x1,0.0,0.0,0.0,"(3, 2868, 180)","(3.0, 2868.0, 180)"
3403,850,3,XM2_x3_x1_x1,-14142.066938938971,13780.0,131092.4682726374,"(1060, 1684, 0)","(1060.0, 1684.0, 0)"
3404,851,0,XM4_x3_x1_x1,0.0,0.0,0.0,"(415, 2002, 180)","(415.0, 2002.0, 180)"
3405,851,1,XM3_x3_x1_x1,0.0,0.0,0.0,"(3128, 111, 0)","(3128.0, 111.0, 0)"
3406,851,2,XM2_x3_x1_x1,0.0,0.0,0.0,"(455, 2272, 180)","(19.0, 2272.0, 180)"
3407,851,3,XM1_x3_x1_x1,-11280.318498380915,10972.0,95060.2964438625,"(2416, 1482, 270)","(2416.0, 1482.0, 270)"
3408,852,0,XM1_x3_x1_x1,0.0,0.0,0.0,"(446, 1551, 0)","(446.0, 1551.0, 0)"
3409,852,1,XM3_x3_x1_x1,0.0,0.0,0.0,"(3759, 494, 270)","(3759.0, 494.0, 270)"
3410,852,2,XM2_x3_x1_x1,0.0,0.0,0.0,"(1177, 1413, 0)","(1177.0, 1413.0, 0)"
3411,852,3,XM4_x3_x1_x1,-25613.696484746644,24791.0,676829.5060144841,"(3689, 3577, 270)","(3689.0, 3577.0, 270)"
3412,853,0,XM4_x3_x1_x1,0.0,0.0,0.0,"(2161, 459, 180)","(2161.0, 459.0, 180)"
3413,853,1,XM2_x3_x1_x1,0.0,0.0,0.0,"(3813, 60, 270)","(3813.0, 60.0, 270)"
3414,853,2,XM1_x3_x1_x1,0.0,0.0,0.0,"(3363, 2420, 90)","(3363.0, 2420.0, 90)"
3415,853,3,XM3_x3_x1_x1,-11745.393938887402,11400.0,119296.97302015412,"(2487, 2435, 180)","(2487.0, 2435.0, 180)"
3416,854,0,XM3_x3_x1_x1,0.0,0.0,0.0,"(284, 217, 270)","(284.0, 217.0, 270)"
3417,854,1,XM4_x3_x1_x1,0.0,0.0,0.0,"(2566, 120, 0)","(2566.0, 120.0, 0)"
3418,854,2,XM2_x3_x1_x1,0.0,0.0,0.0,"(4090, 1746, 270)","(4090.0, 1746.0, 270)"
3419,854,3,XM1_x3_x1_x1,-25514.654485081337,24604.0,829291.5911987517,"(4057, 2408, 270)","(4057.0, 2408.0, 270)"
3420,855,0,XM3_x3_x1_x1,0.0,0.0,0.0,"(3775, 1727, 180)","(3775.0, 1601.0, 180)"
3421,855,1,XM4_x3_x1_x1,0.0,0.0,0.0,"(4162, 2291, 270)","(4162.0, 2291.0, 270)"
3422,855,2,XM1_x3_x1_x1,0.0,0.0,0.0,"(3546, 3768, 90)","(3546.0, 3768.0, 90)"
3423,855,3,XM2_x3_x1_x1,-14494.010987863232,13994.0,250010.98798396523,"(2354, 2684, 180)","(2354.0, 2684.0, 180)"
3424,856,0,XM4_x3_x1_x1,0.0,0.0,0.0,"(3898, 1154, 270)","(3898.0, 1154.0, 270)"
3425,856,1,XM3_x3_x1_x1,0.0,0.0,0.0,"(1754, 3471, 180)","(1754.0, 3471.0, 180)"
3426,856,2,XM2_x3_x1_x1,0.0,0.0,0.0,"(4272, 2490, 180)","(4473.0, 2490.0, 180)"
3427,856,3,XM1_x3_x1_x1,-15716.639815578706,15223.0,243680.26752457884,"(3783, 2544, 270)","(3783.0, 2544.0, 270)"
3428,857,0,XM1_x3_x1_x1,0.0,0.0,0.0,"(2461, 191, 90)","(2461.0, 191.0, 90)"
3429,857,1,XM2_x3_x1_x1,0.0,0.0,0.0,"(852, 247, 270)","(355.5, 247.0, 270)"
3430,857,2,XM4_x3_x1_x1,0.0,0.0,0.0,"(1247, 2565, 0)","(1247.0, 2565.0, 0)"
3431,857,3,XM3_x3_x1_x1,-15094.675743675143,14645.5,201758.84870611754,"(1093, 305, 0)","(1093.0, 305.0, 0)"
3432,858,0,XM1_x3_x1_x1,0.0,0.0,0.0,"(2201, 1558, 0)","(2201.0, 1558.0, 0)"
3433,858,1,XM4_x3_x1_x1,0.0,0.0,0.0,"(500, 1969, 270)","(500.0, 1969.0, 270)"
3434,858,2,XM3_x3_x1_x1,0.0,0.0,0.0,"(1611, 541, 0)","(1611.0, 541.0, 0)"
3435,858,3,XM2_x3_x1_x1,-12373.16648353891,11995.0,143009.88927218356,"(2429, 1883, 0)","(2547.0, 1883.0, 0)"
3436,859,0,XM1_x3_x1_x1,0.0,0.0,0.0,"(2438, 1693, 180)","(2438.0, 1399.0, 180)"
3437,859,1,XM4_x3_x1_x1,0.0,0.0,0.0,"(1297, 3427, 270)","(1297.0, 3805.0, 270)"
3438,859,2,XM3_x3_x1_x1,0.0,0.0,0.0,"(2552, 2039, 270)","(2552.0, 2039.0, 270)"
3439,859,3,XM2_x3_x1_x1,-8142.767996758605,7948.0,37934.572561359695,"(1880, 3409, 270)","(1880.0, 3409.0, 270)"
3440,860,0,XM2_x3_x1_x1,0.0,0.0,0.0,"(3351, 131, 270)","(3351.0, 131.0, 270)"
3441,860,1,XM3_x3_x1_x1,0.0,0.0,0.0,"(2278, 4058, 270)","(2278.0, 4058.0, 270)"
3442,860,2,XM1_x3_x1_x1,0.0,0.0,0.0,"(4063, 1915, 270)","(4063.0, 1915.0, 270)"
3443,860,3,XM4_x3_x1_x1,-28287.625564647667,27378.0,827418.6678605895,"(813, 3596, 270)","(813.0, 3596.0, 270)"
3444,861,0,XM4_x3_x1_x1,0.0,0.0,0.0,"(1000, 5, 270)","(1000.0, 5.0, 270)"
3445,861,1,XM1_x3_x1_x1,0.0,0.0,0.0,"(550, 2852, 90)","(550.0, 2852.0, 90)"
3446,861,2,XM3_x3_x1_x1,0.0,0.0,0.0,"(4278, 2037, 270)","(4278.0, 2037.0, 270)"
3447,861,3,XM2_x3_x1_x1,-30113.905719712362,29139.0,950441.1623278756,"(3359, 3772, 270)","(3359.0, 3772.0, 270)"
3448,862,0,XM1_x3_x1_x1,0.0,0.0,0.0,"(71, 2085, 180)","(71.0, 2085.0, 180)"
3449,862,1,XM4_x3_x1_x1,0.0,0.0,0.0,"(2225, 2157, 270)","(2385.5, 2157.0, 270)"
3450,862,2,XM3_x3_x1_x1,0.0,0.0,0.0,"(1304, 2220, 90)","(1304.0, 2220.0, 90)"
3451,862,3,XM2_x3_x1_x1,-10589.201933396198,10300.0,83637.7582800986,"(2539, 928, 270)","(2539.0, 928.0, 270)"
3452,863,0,XM4_x3_x1_x1,0.0,0.0,0.0,"(1989, 3839, 270)","(1989.0, 3839.0, 270)"
3453,863,1,XM3_x3_x1_x1,0.0,0.0,0.0,"(3930, 509, 270)","(3930.0, 509.0, 270)"
3454,863,2,XM2_x3_x1_x1,0.0,0.0,0.0,"(88, 3865, 270)","(88.0, 3865.0, 270)"
3455,863,3,XM1_x3_x1_x1,-13047.960089057322,12890.0,24951.389734996854,"(4016, 62, 270)","(4016.0, 62.0, 270)"
3456,864,0,XM1_x3_x1_x1,0.0,0.0,0.0,"(763, 1486, 180)","(763.0, 1486.0, 180)"
3457,864,1,XM2_x3_x1_x1,0.0,0.0,0.0,"(1878, 2734, 270)","(1878.0, 2734.0, 270)"
3458,864,2,XM3_x3_x1_x1,0.0,0.0,0.0,"(4111, 3380, 270)","(4111.0, 3380.0, 270)"
3459,864,3,XM4_x3_x1_x1,-21773.649376989815,20940.0,694971.2837555066,"(3106, 1457, 180)","(3106.0, 1457.0, 180)"
3460,865,0,XM2_x3_x1_x1,0.0,0.0,0.0,"(4240, 4295, 270)","(4527.5, 4295.0, 270)"
3461,865,1,XM1_x3_x1_x1,0.0,0.0,0.0,"(149, 610, 180)","(149.0, 610.0, 180)"
3462,865,2,XM4_x3_x1_x1,0.0,0.0,0.0,"(3740, 3840, 0)","(3740.0, 3840.0, 0)"
3463,865,3,XM3_x3_x1_x1,-20051.59052282763,19549.5,252094.89311332433,"(953, 4141, 270)","(953.0, 4141.0, 270)"
3464,866,0,XM2_x3_x1_x1,0.0,0.0,0.0,"(713, 1216, 270)","(713.0, 1216.0, 270)"
3465,866,1,XM1_x3_x1_x1,0.0,0.0,0.0,"(3183, 872, 270)","(3183.0, 872.0, 270)"
3466,866,2,XM4_x3_x1_x1,0.0,0.0,0.0,"(2997, 2451, 180)","(2997.0, 2451.0, 180)"
3467,866,3,XM3_x3_x1_x1,-15452.744337000402,14868.0,341925.9396540408,"(1904, 1332, 180)","(1904.0, 1332.0, 180)"
3468,867,0,XM2_x3_x1_x1,0.0,0.0,0.0,"(2301, 2160, 270)","(2301.0, 2160.0, 270)"
3469,867,1,XM1_x3_x1_x1,0.0,0.0,0.0,"(1274, 2225, 90)","(1219.5, 2225.0, 90)"
3470,867,2,XM3_x3_x1_x1,0.0,0.0,0.0,"(3569, 3062, 180)","(3569.0, 3062.0, 180)"
3471,867,3,XM4_x3_x1_x1,-17152.48148736094,16493.5,434256.60068443534,"(2743, 4210, 180)","(2743.0, 4210.0, 180)"
3472,868,0,XM3_x3_x1_x1,0.0,0.0,0.0,"(2924, 2060, 270)","(2924.0, 2060.0, 270)"
3473,868,1,XM4_x3_x1_x1,0.0,0.0,0.0,"(2550, 2756, 270)","(2550.0, 2756.0, 270)"
3474,868,2,XM1_x3_x1_x1,0.0,0.0,0.0,"(4074, 4306, 90)","(4074.0, 4306.0, 90)"
3475,868,3,XM2_x3_x1_x1,-15279.314880009593,14752.0,278060.98267953214,"(2262, 4053, 0)","(2262.0, 4053.0, 0)"
3476,869,0,XM1_x3_x1_x1,0.0,0.0,0.0,"(2132, 3433, 180)","(1765.5, 3433.0, 180)"
3477,869,1,XM2_x3_x1_x1,0.0,0.0,0.0,"(2503, 3294, 270)","(2503.0, 3294.0, 270)"
3478,869,2,XM3_x3_x1_x1,0.0,0.0,0.0,"(3258, 106, 180)","(3258.0, 106.0, 180)"
3479,869,3,XM4_x3_x1_x1,-19494.07297437364,18824.5,448327.9680115644,"(3853, 3651, 90)","(3853.0, 3651.0, 90)"
3480,870,0,XM3_x3_x1_x1,0.0,0.0,0.0,"(3892, 3784, 90)","(3892.0, 3784.0, 90)"
3481,870,1,XM2_x3_x1_x1,0.0,0.0,0.0,"(1107, 4024, 90)","(1107.0, 4024.0, 90)"
3482,870,2,XM4_x3_x1_x1,0.0,0.0,0.0,"(705, 1546, 0)","(705.0, 1546.0, 0)"
3483,870,3,XM1_x3_x1_x1,-19766.39447109858,19204.0,316287.54112225125,"(2715, 1469, 270)","(2715.0, 1469.0, 270)"
3484,871,0,XM1_x3_x1_x1,0.0,0.0,0.0,"(4183, 2437, 270)","(4183.0, 2437.0, 270)"
3485,871,1,XM3_x3_x1_x1,0.0,0.0,0.0,"(3338, 226, 270)","(3338.0, 226.0, 270)"
3486,871,2,XM2_x3_x1_x1,0.0,0.0,0.0,"(1446, 2687, 90)","(1446.0, 2687.0, 90)"
3487,871,3,XM4_x3_x1_x1,-20800.893785250955,20244.0,310130.6880511366,"(296, 187, 0)","(296.0, 187.0, 0)"
3488,872,0,XM2_x3_x1_x1,0.0,0.0,0.0,"(1904, 499, 90)","(1904.0, 499.0, 90)"
3489,872,1,XM4_x3_x1_x1,0.0,0.0,0.0,"(3439, 3908, 270)","(3439.0, 3908.0, 270)"
3490,872,2,XM3_x3_x1_x1,0.0,0.0,0.0,"(3564, 2120, 270)","(3564.0, 2120.0, 270)"
3491,872,3,XM1_x3_x1_x1,-27027.132115941684,26132.0,801261.5049902342,"(201, 932, 90)","(201.0, 932.0, 90)"
3492,873,0,XM1_x3_x1_x1,0.0,0.0,0.0,"(1201, 2603, 90)","(1201.0, 2603.0, 90)"
3493,873,1,XM2_x3_x1_x1,0.0,0.0,0.0,"(370, 298, 270)","(370.0, 298.0, 270)"
3494,873,2,XM3_x3_x1_x1,0.0,0.0,0.0,"(4323, 2072, 90)","(4323.0, 2072.0, 90)"
3495,873,3,XM4_x3_x1_x1,-22519.445566318216,21790.0,532090.8342213051,"(2655, 1967, 180)","(2655.0, 1967.0, 180)"
3496,874,0,XM1_x3_x1_x1,0.0,0.0,0.0,"(2084, 2005, 180)","(2084.0, 2005.0, 180)"
3497,874,1,XM4_x3_x1_x1,0.0,0.0,0.0,"(1730, 761, 0)","(1730.0, 761.0, 0)"
3498,874,2,XM3_x3_x1_x1,0.0,0.0,0.0,"(11, 4187, 270)","(11.0, 4187.0, 270)"
3499,874,3,XM2_x3_x1_x1,-18141.48390850559,17561.0,336961.56803392764,"(2398, 1637, 0)","(2430.0, 1637.0, 0)"
3500,875,0,XM3_x3_x1_x1,0.0,0.0,0.0,"(1126, 963, 270)","(1126.0, 963.0, 270)"
3501,875,1,XM4_x3_x1_x1,0.0,0.0,0.0,"(4216, 178, 0)","(4216.0, 178.0, 0)"
3502,875,2,XM2_x3_x1_x1,0.0,0.0,0.0,"(1482, 3532, 270)","(1482.0, 3532.0, 270)"
3503,875,3,XM1_x3_x1_x1,-26082.117351793167,25172.0,828313.594035008,"(2787, 2494, 270)","(2787.0, 2494.0, 270)"
3504,876,0,XM4_x3_x1_x1,0.0,0.0,0.0,"(1709, 3939, 270)","(1709.0, 3939.0, 270)"
3505,876,1,XM1_x3_x1_x1,0.0,0.0,0.0,"(2014, 3373, 270)","(2014.0, 3373.0, 270)"
3506,876,2,XM2_x3_x1_x1,0.0,0.0,0.0,"(2929, 1176, 90)","(2929.0, 1176.0, 90)"
3507,876,3,XM3_x3_x1_x1,-17822.26736361066,17197.0,390959.2759966254,"(3796, 3027, 270)","(3796.0, 3027.0, 270)"
3508,877,0,XM4_x3_x1_x1,0.0,0.0,0.0,"(1073, 1017, 270)","(1073.0, 1017.0, 270)"
3509,877,1,XM2_x3_x1_x1,0.0,0.0,0.0,"(3327, 378, 270)","(3327.0, 378.0, 270)"
3510,877,2,XM3_x3_x1_x1,0.0,0.0,0.0,"(1061, 1527, 90)","(1061.0, 1527.0, 90)"
3511,877,3,XM1_x3_x1_x1,-21596.264669984175,20970.0,392207.43687038857,"(2592, 4263, 90)","(2592.0, 4263.0, 90)"
3512,878,0,XM4_x3_x1_x1,0.0,0.0,0.0,"(2124, 482, 0)","(2124.0, 482.0, 0)"
3513,878,1,XM3_x3_x1_x1,0.0,0.0,0.0,"(200, 1569, 180)","(200.0, 1569.0, 180)"
3514,878,2,XM1_x3_x1_x1,0.0,0.0,0.0,"(1247, 769, 180)","(1247.0, 769.0, 180)"
3515,878,3,XM2_x3_x1_x1,-17179.515154170273,16514.0,442910.420430284,"(85, 2390, 0)","(-146.0, 2390.0, 0)"
3516,879,0,XM1_x3_x1_x1,0.0,0.0,0.0,"(2715, 1575, 270)","(2715.0, 1575.0, 270)"
3517,879,1,XM4_x3_x1_x1,0.0,0.0,0.0,"(740, 62, 270)","(740.0, 62.0, 270)"
3518,879,2,XM3_x3_x1_x1,0.0,0.0,0.0,"(559, 1640, 270)","(559.0, 1640.0, 270)"
3519,879,3,XM2_x3_x1_x1,-17167.170870959533,16683.0,234421.4322857135,"(3760, 696, 0)","(3760.0, 696.0, 0)"
3520,880,0,XM4_x3_x1_x1,0.0,0.0,0.0,"(1355, 4079, 270)","(1355.0, 4079.0, 270)"
3521,880,1,XM1_x3_x1_x1,0.0,0.0,0.0,"(1393, 3261, 270)","(1393.0, 3261.0, 270)"
3522,880,2,XM3_x3_x1_x1,0.0,0.0,0.0,"(3471, 1369, 270)","(3471.0, 1369.0, 270)"
3523,880,3,XM2_x3_x1_x1,-21599.00096464631,20917.0,465125.3157785013,"(1874, 901, 270)","(1874.0, 901.0, 270)"
3524,881,0,XM4_x3_x1_x1,0.0,0.0,0.0,"(919, 2363, 180)","(919.0, 2363.0, 180)"
3525,881,1,XM3_x3_x1_x1,0.0,0.0,0.0,"(2239, 2256, 0)","(2239.0, 2256.0, 0)"
3526,881,2,XM2_x3_x1_x1,0.0,0.0,0.0,"(3923, 2792, 270)","(3923.0, 2792.0, 270)"
3527,881,3,XM1_x3_x1_x1,-18611.07854316182,17980.5,397629.29909608455,"(4197, 2539, 180)","(4660.5, 2539.0, 180)"
3528,882,0,XM4_x3_x1_x1,0.0,0.0,0.0,"(632, 4201, 180)","(632.0, 4201.0, 180)"
3529,882,1,XM3_x3_x1_x1,0.0,0.0,0.0,"(3157, 607, 270)","(3157.0, 607.0, 270)"
3530,882,2,XM2_x3_x1_x1,0.0,0.0,0.0,"(223, 1183, 270)","(223.0, 1492.0, 270)"
3531,882,3,XM1_x3_x1_x1,-19456.37313160339,18952.0,254392.25588341156,"(914, 1146, 270)","(914.0, 1146.0, 270)"
3532,883,0,XM2_x3_x1_x1,0.0,0.0,0.0,"(4222, 1665, 90)","(4222.0, 1665.0, 90)"
3533,883,1,XM1_x3_x1_x1,0.0,0.0,0.0,"(3203, 3543, 180)","(3203.0, 3543.0, 180)"
3534,883,2,XM4_x3_x1_x1,0.0,0.0,0.0,"(3337, 706, 270)","(3337.0, 706.0, 270)"
3535,883,3,XM3_x3_x1_x1,-17990.378174607427,17325.0,442728.1152439108,"(4086, 71, 90)","(4086.0, 71.0, 90)"
3536,884,0,XM2_x3_x1_x1,0.0,0.0,0.0,"(2777, 3304, 90)","(2777.0, 3304.0, 90)"
3537,884,1,XM3_x3_x1_x1,0.0,0.0,0.0,"(3617, 1022, 0)","(3617.0, 1022.0, 0)"
3538,884,2,XM1_x3_x1_x1,0.0,0.0,0.0,"(4246, 1335, 0)","(4246.0, 1335.0, 0)"
3539,884,3,XM4_x3_x1_x1,-10422.656358500342,10110.0,97753.99851069438,"(2958, 4012, 270)","(2958.0, 4012.0, 270)"
3540,885,0,XM3_x3_x1_x1,0.0,0.0,0.0,"(398, 1454, 0)","(398.0, 1454.0, 0)"
3541,885,1,XM4_x3_x1_x1,0.0,0.0,0.0,"(2530, 3100, 90)","(2530.0, 3100.0, 90)"
3542,885,2,XM1_x3_x1_x1,0.0,0.0,0.0,"(144, 1027, 90)","(144.0, 814.0, 90)"
3543,885,3,XM2_x3_x1_x1,-12631.42338617983,12325.0,93895.29159791238,"(3383, 1809, 90)","(3383.0, 1809.0, 90)"
3544,886,0,XM4_x3_x1_x1,0.0,0.0,0.0,"(513, 1830, 270)","(513.0, 1830.0, 270)"
3545,886,1,XM3_x3_x1_x1,0.0,0.0,0.0,"(1546, 3489, 270)","(1546.0, 3489.0, 270)"
3546,886,2,XM2_x3_x1_x1,0.0,0.0,0.0,"(239, 700, 270)","(239.0, 700.0, 270)"
3547,886,3,XM1_x3_x1_x1,-12306.750158203171,11947.0,129420.17632720612,"(0, 2876, 90)","(0.0, 2876.0, 90)"
3548,887,0,XM4_x3_x1_x1,0.0,0.0,0.0,"(888, 3487, 0)","(888.0, 3487.0, 0)"
3549,887,1,XM1_x3_x1_x1,0.0,0.0,0.0,"(2238, 3849, 0)","(2238.0, 3849.0, 0)"
3550,887,2,XM3_x3_x1_x1,0.0,0.0,0.0,"(1882, 521, 270)","(1882.0, 521.0, 270)"
3551,887,3,XM2_x3_x1_x1,-22931.736933263295,22236.5,483354.3933733494,"(1719, 395, 0)","(1719.0, -216.5, 0)"
3552,888,0,XM1_x3_x1_x1,0.0,0.0,0.0,"(2438, 2490, 180)","(2438.0, 2490.0, 180)"
3553,888,1,XM3_x3_x1_x1,0.0,0.0,0.0,"(4294, 3181, 270)","(4294.0, 3181.0, 270)"
3554,888,2,XM4_x3_x1_x1,0.0,0.0,0.0,"(3485, 4300, 0)","(3485.0, 4300.0, 0)"
3555,888,3,XM2_x3_x1_x1,-23163.316482333783,22379.0,615152.3444604382,"(1683, 745, 270)","(1683.0, 745.0, 270)"
3556,889,0,XM2_x3_x1_x1,0.0,0.0,0.0,"(3580, 2620, 180)","(3003.0, 2620.0, 180)"
3557,889,1,XM3_x3_x1_x1,0.0,0.0,0.0,"(3693, 2607, 90)","(3693.0, 2607.0, 90)"
3558,889,2,XM1_x3_x1_x1,0.0,0.0,0.0,"(3988, 2017, 90)","(3988.0, 2017.0, 90)"
3559,889,3,XM4_x3_x1_x1,-7826.106041062989,7561.0,70281.21300809094,"(3844, 3431, 270)","(3844.0, 3431.0, 270)"
3560,890,0,XM2_x3_x1_x1,0.0,0.0,0.0,"(4048, 2805, 180)","(4048.0, 2805.0, 180)"
3561,890,1,XM4_x3_x1_x1,0.0,0.0,0.0,"(123, 783, 0)","(123.0, 783.0, 0)"
3562,890,2,XM3_x3_x1_x1,0.0,0.0,0.0,"(3367, 70, 180)","(3367.0, 70.0, 180)"
3563,890,3,XM1_x3_x1_x1,-29209.73873081924,28174.0,1072754.7185190562,"(1340, 2662, 90)","(1340.0, 2662.0, 90)"
3564,891,0,XM3_x3_x1_x1,0.0,0.0,0.0,"(3183, 1018, 270)","(3183.0, 1018.0, 270)"
3565,891,1,XM1_x3_x1_x1,0.0,0.0,0.0,"(3054, 50, 90)","(3054.0, 50.0, 90)"
3566,891,2,XM2_x3_x1_x1,0.0,0.0,0.0,"(1574, 2137, 0)","(1574.0, 2137.0, 0)"
3567,891,3,XM4_x3_x1_x1,-11942.876923222973,11579.0,132406.41525421763,"(1538, 3092, 270)","(1538.0, 3092.0, 270)"
3568,892,0,XM1_x3_x1_x1,0.0,0.0,0.0,"(1945, 3976, 180)","(2392.0, 3976.0, 180)"
3569,892,1,XM3_x3_x1_x1,0.0,0.0,0.0,"(752, 510, 90)","(752.0, 510.0, 90)"
3570,892,2,XM2_x3_x1_x1,0.0,0.0,0.0,"(2046, 3411, 0)","(2046.0, 3411.0, 0)"
3571,892,3,XM4_x3_x1_x1,-19483.657949636254,18754.0,532400.7234673802,"(1083, 3027, 270)","(1083.0, 3027.0, 270)"
3572,893,0,XM4_x3_x1_x1,0.0,0.0,0.0,"(3870, 1393, 180)","(3870.0, 1186.0, 180)"
3573,893,1,XM3_x3_x1_x1,0.0,0.0,0.0,"(799, 31, 270)","(799.0, 31.0, 270)"
3574,893,2,XM2_x3_x1_x1,0.0,0.0,0.0,"(3961, 2365, 180)","(3961.0, 2365.0, 180)"
3575,893,3,XM1_x3_x1_x1,-19208.27177387046,18602.0,367565.46379203524,"(2844, 2840, 270)","(2844.0, 2840.0, 270)"
3576,894,0,XM3_x3_x1_x1,0.0,0.0,0.0,"(1285, 2478, 180)","(1285.0, 2478.0, 180)"
3577,894,1,XM2_x3_x1_x1,0.0,0.0,0.0,"(1767, 1352, 90)","(1767.0, 1352.0, 90)"
3578,894,2,XM1_x3_x1_x1,0.0,0.0,0.0,"(32, 235, 90)","(32.0, 235.0, 90)"
3579,894,3,XM4_x3_x1_x1,-15273.864686662857,14658.0,379289.312278339,"(523, 995, 0)","(523.0, 995.0, 0)"
3580,895,0,XM4_x3_x1_x1,0.0,0.0,0.0,"(2115, 244, 180)","(2115.0, 244.0, 180)"
3581,895,1,XM2_x3_x1_x1,0.0,0.0,0.0,"(2469, 2574, 90)","(2469.0, 2574.0, 90)"
3582,895,2,XM1_x3_x1_x1,0.0,0.0,0.0,"(3687, 1468, 180)","(3687.0, 1468.0, 180)"
3583,895,3,XM3_x3_x1_x1,-17469.027040860306,16943.0,276704.4477162519,"(2846, 3687, 180)","(2846.0, 3687.0, 180)"
3584,896,0,XM4_x3_x1_x1,0.0,0.0,0.0,"(3468, 113, 180)","(3468.0, 113.0, 180)"
3585,896,1,XM2_x3_x1_x1,0.0,0.0,0.0,"(2167, 2995, 180)","(2167.0, 2995.0, 180)"
3586,896,2,XM3_x3_x1_x1,0.0,0.0,0.0,"(947, 729, 270)","(947.0, 729.0, 270)"
3587,896,3,XM1_x3_x1_x1,-18834.804335756122,18233.0,362168.45853486523,"(2606, 457, 180)","(2606.0, 457.0, 180)"
3588,897,0,XM1_x3_x1_x1,0.0,0.0,0.0,"(3110, 3750, 270)","(3110.0, 3750.0, 270)"
3589,897,1,XM3_x3_x1_x1,0.0,0.0,0.0,"(1923, 148, 270)","(1923.0, 148.0, 270)"
3590,897,2,XM4_x3_x1_x1,0.0,0.0,0.0,"(1033, 1300, 0)","(1033.0, 1300.0, 0)"
3591,897,3,XM2_x3_x1_x1,-22715.27852042712,22051.0,441265.9527008456,"(1558, 3824, 90)","(1558.0, 3824.0, 90)"
3592,898,0,XM3_x3_x1_x1,0.0,0.0,0.0,"(1005, 1924, 0)","(1005.0, 1924.0, 0)"
3593,898,1,XM4_x3_x1_x1,0.0,0.0,0.0,"(239, 3776, 270)","(239.0, 3776.0, 270)"
3594,898,2,XM1_x3_x1_x1,0.0,0.0,0.0,"(3639, 1309, 180)","(3639.0, 1309.0, 180)"
3595,898,3,XM2_x3_x1_x1,-20938.204341563593,20306.0,399682.32949185465,"(1040, 1237, 180)","(1351.0, 1237.0, 180)"
3596,899,0,XM4_x3_x1_x1,0.0,0.0,0.0,"(950, 2434, 180)","(822.0, 2434.0, 180)"
3597,899,1,XM1_x3_x1_x1,0.0,0.0,0.0,"(1168, 2924, 0)","(1168.0, 2924.0, 0)"
3598,899,2,XM3_x3_x1_x1,0.0,0.0,0.0,"(3833, 1592, 270)","(3833.0, 1592.0, 270)"
3599,899,3,XM2_x3_x1_x1,-23665.505847391807,22679.0,973193.7869382291,"(4297, 2085, 0)","(4523.0, 2085.0, 0)"
3600,900,0,XM3_x3_x1_x1,0.0,0.0,0.0,"(2047, 1880, 0)","(2047.0, 1880.0, 0)"
3601,900,1,XM2_x3_x1_x1,0.0,0.0,0.0,"(1250, 4049, 0)","(1250.0, 4049.0, 0)"
3602,900,2,XM1_x3_x1_x1,0.0,0.0,0.0,"(2869, 1535, 270)","(2869.0, 1535.0, 270)"
3603,900,3,XM4_x3_x1_x1,-18980.479407149473,18326.0,428343.2943827266,"(3921, 1578, 0)","(3921.0, 1578.0, 0)"
3604,901,0,XM3_x3_x1_x1,0.0,0.0,0.0,"(194, 3019, 0)","(194.0, 3019.0, 0)"
3605,901,1,XM1_x3_x1_x1,0.0,0.0,0.0,"(1371, 113, 0)","(1371.0, 113.0, 0)"
3606,901,2,XM4_x3_x1_x1,0.0,0.0,0.0,"(2106, 3379, 270)","(2106.0, 3379.0, 270)"
3607,901,3,XM2_x3_x1_x1,-18110.593347848146,17529.0,338250.82226121525,"(643, 3614, 270)","(643.0, 3709.0, 270)"
3608,902,0,XM4_x3_x1_x1,0.0,0.0,0.0,"(1113, 3336, 0)","(1113.0, 3336.0, 0)"
3609,902,1,XM1_x3_x1_x1,0.0,0.0,0.0,"(306, 4292, 270)","(306.0, 4497.0, 270)"
3610,902,2,XM2_x3_x1_x1,0.0,0.0,0.0,"(4133, 2970, 270)","(4133.0, 2970.0, 270)"
3611,902,3,XM3_x3_x1_x1,-15608.396924044147,15162.0,199270.2137960759,"(476, 4201, 90)","(476.0, 4201.0, 90)"
3612,903,0,XM1_x3_x1_x1,0.0,0.0,0.0,"(46, 3348, 270)","(46.0, 3378.0, 270)"
3613,903,1,XM3_x3_x1_x1,0.0,0.0,0.0,"(43, 1143, 270)","(43.0, 1143.0, 270)"
3614,903,2,XM4_x3_x1_x1,0.0,0.0,0.0,"(781, 3032, 270)","(781.0, 3032.0, 270)"
3615,903,3,XM2_x3_x1_x1,-12691.557050519534,12397.0,86763.85601076676,"(1457, 4043, 270)","(1457.0, 4043.0, 270)"
3616,904,0,XM2_x3_x1_x1,0.0,0.0,0.0,"(4159, 3605, 0)","(4159.0, 3605.0, 0)"
3617,904,1,XM1_x3_x1_x1,0.0,0.0,0.0,"(1540, 2014, 0)","(1540.0, 2014.0, 0)"
3618,904,2,XM4_x3_x1_x1,0.0,0.0,0.0,"(4303, 245, 180)","(4303.0, 245.0, 180)"
3619,904,3,XM3_x3_x1_x1,-20723.737480278796,20100.0,389048.44430454273,"(3145, 3707, 270)","(3145.0, 3707.0, 270)"
3620,905,0,XM1_x3_x1_x1,0.0,0.0,0.0,"(3629, 4066, 270)","(3949.0, 4066.0, 270)"
3621,905,1,XM4_x3_x1_x1,0.0,0.0,0.0,"(2980, 1902, 270)","(2980.0, 1902.0, 270)"
3622,905,2,XM2_x3_x1_x1,0.0,0.0,0.0,"(3259, 4232, 0)","(3259.0, 4232.0, 0)"
3623,905,3,XM3_x3_x1_x1,-20677.781690908967,19940.0,544321.8234404929,"(1034, 2677, 0)","(1034.0, 2677.0, 0)"
3624,906,0,XM1_x3_x1_x1,0.0,0.0,0.0,"(1571, 3093, 0)","(1571.0, 3093.0, 0)"
3625,906,1,XM2_x3_x1_x1,0.0,0.0,0.0,"(2015, 3870, 90)","(2015.0, 3870.0, 90)"
3626,906,2,XM3_x3_x1_x1,0.0,0.0,0.0,"(348, 729, 0)","(348.0, 729.0, 0)"
3627,906,3,XM4_x3_x1_x1,-22315.300101461176,21586.0,531878.6379912841,"(1422, 146, 180)","(1422.0, 146.0, 180)"
3628,907,0,XM4_x3_x1_x1,0.0,0.0,0.0,"(3584, 1516, 270)","(3584.0, 1516.0, 270)"
3629,907,1,XM1_x3_x1_x1,0.0,0.0,0.0,"(1505, 250, 180)","(1505.0, 250.0, 180)"
3630,907,2,XM2_x3_x1_x1,0.0,0.0,0.0,"(822, 4079, 180)","(822.0, 4079.0, 180)"
3631,907,3,XM3_x3_x1_x1,-30189.31778855501,29124.0,1134901.9906117397,"(3859, 3559, 180)","(3859.0, 3559.0, 180)"
3632,908,0,XM3_x3_x1_x1,0.0,0.0,0.0,"(1227, 1487, 0)","(1227.0, 1487.0, 0)"
3633,908,1,XM2_x3_x1_x1,0.0,0.0,0.0,"(329, 2991, 270)","(329.0, 3140.0, 270)"
3634,908,2,XM1_x3_x1_x1,0.0,0.0,0.0,"(2648, 3052, 180)","(2648.0, 3052.0, 180)"
3635,908,3,XM4_x3_x1_x1,-11642.185588069391,11214.0,183342.89783033027,"(434, 2744, 270)","(434.0, 2744.0, 270)"
3636,909,0,XM4_x3_x1_x1,0.0,0.0,0.0,"(4123, 3677, 0)","(4123.0, 3677.0, 0)"
3637,909,1,XM3_x3_x1_x1,0.0,0.0,0.0,"(997, 1101, 180)","(997.0, 1101.0, 180)"
3638,909,2,XM2_x3_x1_x1,0.0,0.0,0.0,"(3303, 2394, 270)","(3303.0, 2394.0, 270)"
3639,909,3,XM1_x3_x1_x1,-12241.026949770066,11939.0,91220.27838741019,"(1753, 936, 180)","(1753.0, 936.0, 180)"
3640,910,0,XM3_x3_x1_x1,0.0,0.0,0.0,"(842, 458, 270)","(842.0, 458.0, 270)"
3641,910,1,XM2_x3_x1_x1,0.0,0.0,0.0,"(2599, 3818, 0)","(2798.0, 3818.0, 0)"
3642,910,2,XM4_x3_x1_x1,0.0,0.0,0.0,"(2752, 2672, 270)","(2752.0, 2276.0, 270)"
3643,910,3,XM1_x3_x1_x1,-18347.480798847486,17767.0,336957.9578306139,"(2452, 2966, 180)","(2452.0, 2966.0, 180)"
3644,911,0,XM4_x3_x1_x1,0.0,0.0,0.0,"(3972, 671, 0)","(3972.0, 671.0, 0)"
3645,911,1,XM3_x3_x1_x1,0.0,0.0,0.0,"(4077, 2807, 0)","(4077.0, 2807.0, 0)"
3646,911,2,XM2_x3_x1_x1,0.0,0.0,0.0,"(100, 1550, 0)","(100.0, 1550.0, 0)"
3647,911,3,XM1_x3_x1_x1,-25504.404066856103,24918.0,343869.7296253753,"(87, 2224, 270)","(87.0, 2287.5, 270)"
3648,912,0,XM1_x3_x1_x1,0.0,0.0,0.0,"(872, 1478, 90)","(872.0, 1478.0, 90)"
3649,912,1,XM2_x3_x1_x1,0.0,0.0,0.0,"(2142, 3648, 0)","(2142.0, 3648.0, 0)"
3650,912,2,XM3_x3_x1_x1,0.0,0.0,0.0,"(1799, 509, 180)","(1799.0, 509.0, 180)"
3651,912,3,XM4_x3_x1_x1,-15293.1011393794,14854.0,192809.81060428644,"(3592, 2742, 180)","(3592.0, 2742.0, 180)"
3652,913,0,XM2_x3_x1_x1,0.0,0.0,0.0,"(890, 490, 0)","(890.0, 25.5, 0)"
3653,913,1,XM3_x3_x1_x1,0.0,0.0,0.0,"(775, 763, 270)","(775.0, 763.0, 270)"
3654,913,2,XM1_x3_x1_x1,0.0,0.0,0.0,"(538, 4152, 270)","(538.0, 4152.0, 270)"
3655,913,3,XM4_x3_x1_x1,-27976.52526223706,27173.5,644849.5717908995,"(3430, 3893, 90)","(3430.0, 3893.0, 90)"
3656,914,0,XM1_x3_x1_x1,0.0,0.0,0.0,"(3795, 330, 180)","(3795.0, 330.0, 180)"
3657,914,1,XM3_x3_x1_x1,0.0,0.0,0.0,"(3210, 1914, 270)","(3210.0, 1914.0, 270)"
3658,914,2,XM2_x3_x1_x1,0.0,0.0,0.0,"(1590, 1684, 90)","(1590.0, 1684.0, 90)"
3659,914,3,XM4_x3_x1_x1,-14067.74911468588,13643.0,180411.81042643863,"(667, 2503, 270)","(667.0, 2503.0, 270)"
3660,915,0,XM2_x3_x1_x1,0.0,0.0,0.0,"(4215, 96, 270)","(4215.0, 96.0, 270)"
3661,915,1,XM4_x3_x1_x1,0.0,0.0,0.0,"(3274, 2030, 0)","(3274.0, 2030.0, 0)"
3662,915,2,XM1_x3_x1_x1,0.0,0.0,0.0,"(3977, 1287, 270)","(3977.0, 1287.0, 270)"
3663,915,3,XM3_x3_x1_x1,-13554.453199019184,13063.0,241526.24682618948,"(4027, 2577, 180)","(4027.0, 2577.0, 180)"
3664,916,0,XM1_x3_x1_x1,0.0,0.0,0.0,"(3358, 417, 270)","(3358.0, -166.0, 270)"
3665,916,1,XM2_x3_x1_x1,0.0,0.0,0.0,"(2669, 180, 270)","(2960.0, 180.0, 270)"
3666,916,2,XM3_x3_x1_x1,0.0,0.0,0.0,"(2217, 1603, 0)","(2217.0, 1603.0, 0)"
3667,916,3,XM4_x3_x1_x1,-12292.72704055853,11797.0,245745.29874091846,"(1781, 179, 270)","(1781.0, 179.0, 270)"
3668,917,0,XM4_x3_x1_x1,0.0,0.0,0.0,"(2830, 3082, 270)","(2830.0, 3084.0, 270)"
3669,917,1,XM1_x3_x1_x1,0.0,0.0,0.0,"(3874, 2738, 90)","(3874.0, 2738.0, 90)"
3670,917,2,XM3_x3_x1_x1,0.0,0.0,0.0,"(4068, 3178, 90)","(4068.0, 3178.0, 90)"
3671,917,3,XM2_x3_x1_x1,-11395.941571964651,11043.0,124567.75322087946,"(3598, 926, 270)","(3598.0, 926.0, 270)"
3672,918,0,XM4_x3_x1_x1,0.0,0.0,0.0,"(3015, 3567, 180)","(3015.0, 4062.5, 180)"
3673,918,1,XM3_x3_x1_x1,0.0,0.0,0.0,"(121, 1959, 0)","(121.0, 1959.0, 0)"
3674,918,2,XM1_x3_x1_x1,0.0,0.0,0.0,"(4036, 1915, 180)","(4036.0, 1915.0, 180)"
3675,918,3,XM2_x3_x1_x1,-19141.43826402972,18593.5,300236.34118790115,"(3008, 3275, 270)","(3008.0, 3275.0, 270)"
3676,919,0,XM4_x3_x1_x1,0.0,0.0,0.0,"(208, 1576, 180)","(208.0, 1576.0, 180)"
3677,919,1,XM3_x3_x1_x1,0.0,0.0,0.0,"(218, 2948, 270)","(218.0, 2948.0, 270)"
3678,919,2,XM2_x3_x1_x1,0.0,0.0,0.0,"(2837, 1950, 270)","(2837.0, 1950.0, 270)"
3679,919,3,XM1_x3_x1_x1,-22030.169191731213,21336.0,481870.8667487651,"(4093, 2046, 180)","(4093.0, 2046.0, 180)"
3680,920,0,XM2_x3_x1_x1,0.0,0.0,0.0,"(1409, 3907, 0)","(1409.0, 4264.5, 0)"
3681,920,1,XM3_x3_x1_x1,0.0,0.0,0.0,"(1330, 3527, 270)","(1330.0, 3527.0, 270)"
3682,920,2,XM1_x3_x1_x1,0.0,0.0,0.0,"(1109, 2442, 90)","(1109.0, 2442.0, 90)"
3683,920,3,XM4_x3_x1_x1,-16485.04376629021,15909.5,331250.6269155211,"(3548, 2604, 0)","(3548.0, 2604.0, 0)"
3684,921,0,XM1_x3_x1_x1,0.0,0.0,0.0,"(4254, 4034, 90)","(4254.0, 4034.0, 90)"
3685,921,1,XM3_x3_x1_x1,0.0,0.0,0.0,"(3905, 1872, 270)","(3905.0, 1872.0, 270)"
3686,921,2,XM2_x3_x1_x1,0.0,0.0,0.0,"(39, 3978, 270)","(39.0, 3978.0, 270)"
3687,921,3,XM4_x3_x1_x1,-26363.671852910706,25636.0,529506.3255184982,"(2268, 420, 90)","(2268.0, 420.0, 90)"
3688,922,0,XM3_x3_x1_x1,0.0,0.0,0.0,"(2686, 1988, 270)","(2686.0, 1799.0, 270)"
3689,922,1,XM4_x3_x1_x1,0.0,0.0,0.0,"(2103, 3698, 0)","(2103.0, 3698.0, 0)"
3690,922,2,XM1_x3_x1_x1,0.0,0.0,0.0,"(2450, 2439, 180)","(2450.0, 2439.0, 180)"
3691,922,3,XM2_x3_x1_x1,-13459.872970266106,13016.0,197023.21373285443,"(1103, 1386, 270)","(1103.0, 1386.0, 270)"
3692,923,0,XM4_x3_x1_x1,0.0,0.0,0.0,"(2719, 717, 180)","(2719.0, 717.0, 180)"
3693,923,1,XM3_x3_x1_x1,0.0,0.0,0.0,"(2236, 1362, 180)","(2236.0, 1362.0, 180)"
3694,923,2,XM2_x3_x1_x1,0.0,0.0,0.0,"(3931, 3733, 270)","(3931.0, 3733.0, 270)"
3695,923,3,XM1_x3_x1_x1,-19580.943751543597,19046.0,286164.8173155375,"(928, 568, 180)","(928.0, 568.0, 180)"
3696,924,0,XM2_x3_x1_x1,0.0,0.0,0.0,"(3692, 948, 0)","(3692.0, 948.0, 0)"
3697,924,1,XM3_x3_x1_x1,0.0,0.0,0.0,"(1795, 4014, 0)","(1795.0, 4014.0, 0)"
3698,924,2,XM4_x3_x1_x1,0.0,0.0,0.0,"(2755, 2249, 270)","(2755.0, 2249.0, 270)"
3699,924,3,XM1_x3_x1_x1,-17331.124607805305,16726.0,366175.7909715254,"(2981, 1698, 270)","(2981.0, 1698.0, 270)"
3700,925,0,XM1_x3_x1_x1,0.0,0.0,0.0,"(703, 2528, 270)","(703.0, 2528.0, 270)"
3701,925,1,XM3_x3_x1_x1,0.0,0.0,0.0,"(2163, 3003, 0)","(2163.0, 3003.0, 0)"
3702,925,2,XM4_x3_x1_x1,0.0,0.0,0.0,"(3045, 3528, 0)","(3045.0, 3528.0, 0)"
3703,925,3,XM2_x3_x1_x1,-13672.223829602215,13198.0,224888.24056259013,"(4251, 3319, 180)","(4251.0, 3319.0, 180)"
3704,926,0,XM1_x3_x1_x1,0.0,0.0,0.0,"(4309, 1996, 0)","(4309.0, 1996.0, 0)"
3705,926,1,XM3_x3_x1_x1,0.0,0.0,0.0,"(484, 3747, 180)","(442.5, 3747.0, 180)"
3706,926,2,XM4_x3_x1_x1,0.0,0.0,0.0,"(1180, 3143, 270)","(1180.0, 3143.0, 270)"
3707,926,3,XM2_x3_x1_x1,-25259.21178458556,24403.5,732242.6582786031,"(3494, 4244, 0)","(3494.0, 4244.0, 0)"
3708,927,0,XM1_x3_x1_x1,0.0,0.0,0.0,"(4209, 3359, 0)","(4209.0, 3359.0, 0)"
3709,927,1,XM3_x3_x1_x1,0.0,0.0,0.0,"(214, 2373, 270)","(214.0, 2373.0, 270)"
3710,927,2,XM4_x3_x1_x1,0.0,0.0,0.0,"(4256, 1538, 270)","(4256.0, 1538.0, 270)"
3711,927,3,XM2_x3_x1_x1,-24858.12865455031,24017.0,707497.4135056139,"(1921, 3191, 0)","(1921.0, 3191.0, 0)"
3712,928,0,XM1_x3_x1_x1,0.0,0.0,0.0,"(2645, 148, 180)","(2645.0, 148.0, 180)"
3713,928,1,XM4_x3_x1_x1,0.0,0.0,0.0,"(3430, 4134, 0)","(3430.0, 4134.0, 0)"
3714,928,2,XM3_x3_x1_x1,0.0,0.0,0.0,"(1445, 430, 270)","(1445.0, 430.0, 270)"
3715,928,3,XM2_x3_x1_x1,-16331.379612571403,15888.0,196585.48084396764,"(1262, 3965, 180)","(1262.0, 3965.0, 180)"
3716,929,0,XM4_x3_x1_x1,0.0,0.0,0.0,"(1836, 2518, 270)","(1836.0, 2330.0, 270)"
3717,929,1,XM2_x3_x1_x1,0.0,0.0,0.0,"(2333, 3376, 0)","(2333.0, 3376.0, 0)"
3718,929,2,XM1_x3_x1_x1,0.0,0.0,0.0,"(1644, 3020, 180)","(1644.0, 3020.0, 180)"
3719,929,3,XM3_x3_x1_x1,-10685.391552823115,10266.0,175889.27457938416,"(473, 2180, 270)","(473.0, 2180.0, 270)"
3720,930,0,XM3_x3_x1_x1,0.0,0.0,0.0,"(2690, 1617, 0)","(2690.0, 1617.0, 0)"
3721,930,1,XM2_x3_x1_x1,0.0,0.0,0.0,"(3047, 4267, 0)","(3047.0, 4267.0, 0)"
3722,930,2,XM4_x3_x1_x1,0.0,0.0,0.0,"(1626, 1847, 0)","(1626.0, 1847.0, 0)"
3723,930,3,XM1_x3_x1_x1,-23950.24088810491,23264.0,470926.5565070156,"(153, 42, 0)","(153.0, 42.0, 0)"
3724,931,0,XM3_x3_x1_x1,0.0,0.0,0.0,"(2611, 3399, 90)","(2611.0, 3399.0, 90)"
3725,931,1,XM1_x3_x1_x1,0.0,0.0,0.0,"(2687, 4067, 90)","(2687.0, 4067.0, 90)"
3726,931,2,XM4_x3_x1_x1,0.0,0.0,0.0,"(816, 3714, 180)","(816.0, 3714.0, 180)"
3727,931,3,XM2_x3_x1_x1,-13023.25030758427,12581.0,195585.33455838147,"(1854, 1582, 0)","(1854.0, 1582.0, 0)"
3728,932,0,XM4_x3_x1_x1,0.0,0.0,0.0,"(2579, 293, 90)","(2579.0, 17.5, 90)"
3729,932,1,XM3_x3_x1_x1,0.0,0.0,0.0,"(1671, 4254, 270)","(1671.0, 4254.0, 270)"
3730,932,2,XM2_x3_x1_x1,0.0,0.0,0.0,"(2856, 805, 0)","(2856.0, 805.0, 0)"
3731,932,3,XM1_x3_x1_x1,-14091.178558786678,13679.5,169479.2357646765,"(3250, 3310, 180)","(3250.0, 3310.0, 180)"
3732,933,0,XM2_x3_x1_x1,0.0,0.0,0.0,"(2297, 1802, 0)","(2297.0, 1802.0, 0)"
3733,933,1,XM3_x3_x1_x1,0.0,0.0,0.0,"(2051, 3223, 180)","(2051.0, 3223.0, 180)"
3734,933,2,XM1_x3_x1_x1,0.0,0.0,0.0,"(3420, 3267, 270)","(3420.0, 3267.0, 270)"
3735,933,3,XM4_x3_x1_x1,-12564.449229498341,12143.0,177619.4530447452,"(3732, 3165, 270)","(3732.0, 2921.0, 270)"
3736,934,0,XM4_x3_x1_x1,0.0,0.0,0.0,"(2490, 3917, 180)","(2035.0, 3917.0, 180)"
3737,934,1,XM1_x3_x1_x1,0.0,0.0,0.0,"(2725, 3672, 270)","(2725.0, 3672.0, 270)"
3738,934,2,XM3_x3_x1_x1,0.0,0.0,0.0,"(4054, 486, 270)","(4054.0, 486.0, 270)"
3739,934,3,XM2_x3_x1_x1,-21380.8224903719,20814.0,321287.7355914014,"(723, 2942, 90)","(723.0, 2942.0, 90)"
3740,935,0,XM2_x3_x1_x1,0.0,0.0,0.0,"(810, 4190, 180)","(810.0, 4190.0, 180)"
3741,935,1,XM3_x3_x1_x1,0.0,0.0,0.0,"(1574, 3412, 270)","(1574.0, 3412.0, 270)"
3742,935,2,XM4_x3_x1_x1,0.0,0.0,0.0,"(1132, 753, 90)","(1132.0, 753.0, 90)"
3743,935,3,XM1_x3_x1_x1,-22589.234741230233,21829.0,577956.8617733992,"(333, 530, 270)","(333.0, 407.0, 270)"
3744,936,0,XM1_x3_x1_x1,0.0,0.0,0.0,"(2768, 2994, 90)","(2768.0, 2994.0, 90)"
3745,936,1,XM4_x3_x1_x1,0.0,0.0,0.0,"(2542, 4057, 270)","(2542.0, 4057.0, 270)"
3746,936,2,XM3_x3_x1_x1,0.0,0.0,0.0,"(4188, 3158, 270)","(4188.0, 3158.0, 270)"
3747,936,3,XM2_x3_x1_x1,-9949.836789704752,9692.0,66479.81012525223,"(1669, 3746, 180)","(1669.0, 3746.0, 180)"
3748,937,0,XM3_x3_x1_x1,0.0,0.0,0.0,"(1697, 1962, 90)","(1697.0, 1962.0, 90)"
3749,937,1,XM2_x3_x1_x1,0.0,0.0,0.0,"(1496, 885, 90)","(1496.0, 885.0, 90)"
3750,937,2,XM4_x3_x1_x1,0.0,0.0,0.0,"(3361, 1798, 0)","(3361.0, 1798.0, 0)"
3751,937,3,XM1_x3_x1_x1,-13991.84304627946,13537.0,206882.19674877886,"(1783, 81, 90)","(1783.0, 81.0, 90)"
3752,938,0,XM2_x3_x1_x1,0.0,0.0,0.0,"(201, 1034, 180)","(201.0, 1034.0, 180)"
3753,938,1,XM1_x3_x1_x1,0.0,0.0,0.0,"(2938, 3623, 0)","(2938.0, 3623.0, 0)"
3754,938,2,XM3_x3_x1_x1,0.0,0.0,0.0,"(3256, 4321, 270)","(3256.0, 4321.0, 270)"
3755,938,3,XM4_x3_x1_x1,-18121.996500048117,17799.0,104326.73904333235,"(4141, 963, 180)","(4141.0, 963.0, 180)"
3756,939,0,XM3_x3_x1_x1,0.0,0.0,0.0,"(1512, 1546, 180)","(1512.0, 1546.0, 180)"
3757,939,1,XM2_x3_x1_x1,0.0,0.0,0.0,"(1072, 2630, 0)","(1072.0, 2630.0, 0)"
3758,939,2,XM4_x3_x1_x1,0.0,0.0,0.0,"(4198, 2566, 90)","(4198.0, 2566.0, 90)"
3759,939,3,XM1_x3_x1_x1,-19838.108306940427,19245.0,351777.4637617385,"(584, 3682, 180)","(584.0, 3682.0, 180)"
3760,940,0,XM2_x3_x1_x1,0.0,0.0,0.0,"(1923, 2042, 180)","(1923.0, 2042.0, 180)"
3761,940,1,XM3_x3_x1_x1,0.0,0.0,0.0,"(2920, 2424, 0)","(2920.0, 2424.0, 0)"
3762,940,2,XM1_x3_x1_x1,0.0,0.0,0.0,"(911, 3786, 270)","(911.0, 3786.0, 270)"
3763,940,3,XM4_x3_x1_x1,-15198.479172335814,14664.0,285667.98566077655,"(2291, 1095, 0)","(2319.0, 1095.0, 0)"
3764,941,0,XM3_x3_x1_x1,0.0,0.0,0.0,"(3216, 3589, 180)","(3216.0, 3589.0, 180)"
3765,941,1,XM2_x3_x1_x1,0.0,0.0,0.0,"(329, 223, 270)","(329.0, 223.0, 270)"
3766,941,2,XM1_x3_x1_x1,0.0,0.0,0.0,"(1379, 2735, 90)","(1379.0, 2735.0, 90)"
3767,941,3,XM4_x3_x1_x1,-21062.64011147188,20445.0,381479.30729899515,"(2309, 2427, 270)","(2309.0, 2389.0, 270)"
3768,942,0,XM3_x3_x1_x1,0.0,0.0,0.0,"(1021, 2833, 270)","(1021.0, 2833.0, 270)"
3769,942,1,XM4_x3_x1_x1,0.0,0.0,0.0,"(4021, 1866, 270)","(4021.0, 1576.0, 270)"
3770,942,2,XM2_x3_x1_x1,0.0,0.0,0.0,"(3528, 1972, 270)","(3528.0, 1972.0, 270)"
3771,942,3,XM1_x3_x1_x1,-15432.032730853336,14884.0,300339.8740865645,"(3345, 1073, 0)","(3283.5, 1073.0, 0)"
3772,943,0,XM3_x3_x1_x1,0.0,0.0,0.0,"(720, 3800, 180)","(720.0, 3800.0, 180)"
3773,943,1,XM1_x3_x1_x1,0.0,0.0,0.0,"(1605, 1700, 180)","(1605.0, 1700.0, 180)"
3774,943,2,XM4_x3_x1_x1,0.0,0.0,0.0,"(3763, 3405, 0)","(3763.0, 3405.0, 0)"
3775,943,3,XM2_x3_x1_x1,-20335.774232043314,19790.0,297869.51236247027,"(3641, 120, 180)","(3641.0, 120.0, 180)"
3776,944,0,XM2_x3_x1_x1,0.0,0.0,0.0,"(785, 1384, 270)","(785.0, 1384.0, 270)"
3777,944,1,XM3_x3_x1_x1,0.0,0.0,0.0,"(2012, 2688, 180)","(2012.0, 2688.0, 180)"
3778,944,2,XM1_x3_x1_x1,0.0,0.0,0.0,"(1676, 1603, 0)","(1676.0, 1603.0, 0)"
3779,944,3,XM4_x3_x1_x1,-16944.786779558188,16390.0,307788.3707725466,"(3887, 539, 270)","(3887.0, 539.0, 270)"
3780,945,0,XM3_x3_x1_x1,0.0,0.0,0.0,"(2776, 3310, 0)","(2776.0, 3310.0, 0)"
3781,945,1,XM2_x3_x1_x1,0.0,0.0,0.0,"(4211, 915, 270)","(4211.0, 915.0, 270)"
3782,945,2,XM1_x3_x1_x1,0.0,0.0,0.0,"(496, 2705, 270)","(496.0, 2705.0, 270)"
3783,945,3,XM4_x3_x1_x1,-18570.91359767658,18143.0,183110.04707651303,"(1928, 492, 180)","(1928.0, 492.0, 180)"
3784,946,0,XM4_x3_x1_x1,0.0,0.0,0.0,"(1514, 336, 90)","(1514.0, 336.0, 90)"
3785,946,1,XM2_x3_x1_x1,0.0,0.0,0.0,"(3787, 2297, 90)","(3787.0, 2297.0, 90)"
3786,946,2,XM1_x3_x1_x1,0.0,0.0,0.0,"(3365, 180, 0)","(3365.0, 180.0, 0)"
3787,946,3,XM3_x3_x1_x1,-18704.633779912077,17967.0,544103.5932673794,"(2887, 1990, 180)","(2887.0, 1990.0, 180)"
3788,947,0,XM1_x3_x1_x1,0.0,0.0,0.0,"(4168, 2048, 0)","(4404.0, 2048.0, 0)"
3789,947,1,XM3_x3_x1_x1,0.0,0.0,0.0,"(4108, 1657, 0)","(4108.0, 1657.0, 0)"
3790,947,2,XM4_x3_x1_x1,0.0,0.0,0.0,"(1132, 1158, 180)","(1132.0, 1158.0, 180)"
3791,947,3,XM2_x3_x1_x1,-10937.449015635137,10675.0,68879.48580785228,"(806, 2654, 270)","(806.0, 2654.0, 270)"
3792,948,0,XM1_x3_x1_x1,0.0,0.0,0.0,"(2539, 1050, 270)","(2539.0, 1050.0, 270)"
3793,948,1,XM2_x3_x1_x1,0.0,0.0,0.0,"(1511, 1477, 180)","(1511.0, 1477.0, 180)"
3794,948,2,XM4_x3_x1_x1,0.0,0.0,0.0,"(1386, 733, 180)","(1115.0, 733.0, 180)"
3795,948,3,XM3_x3_x1_x1,-11073.56084150464,10709.0,132904.6071585716,"(3902, 310, 270)","(3902.0, 310.0, 270)"
3796,949,0,XM1_x3_x1_x1,0.0,0.0,0.0,"(1281, 1500, 180)","(1281.0, 1500.0, 180)"
3797,949,1,XM2_x3_x1_x1,0.0,0.0,0.0,"(3243, 9, 270)","(3243.0, 9.0, 270)"
3798,949,2,XM4_x3_x1_x1,0.0,0.0,0.0,"(1115, 2824, 270)","(1115.0, 2824.0, 270)"
3799,949,3,XM3_x3_x1_x1,-21015.926395220413,20217.0,638283.3849798859,"(2947, 2303, 0)","(2947.0, 2303.0, 0)"
3800,950,0,XM3_x3_x1_x1,0.0,0.0,0.0,"(2790, 1853, 0)","(2790.0, 1853.0, 0)"
3801,950,1,XM1_x3_x1_x1,0.0,0.0,0.0,"(2959, 476, 270)","(2959.0, 476.0, 270)"
3802,950,2,XM2_x3_x1_x1,0.0,0.0,0.0,"(2063, 2557, 0)","(2063.0, 2557.0, 0)"
3803,950,3,XM4_x3_x1_x1,-17698.913441935547,17006.0,480129.03801496816,"(4190, 295, 180)","(4190.0, 295.0, 180)"
3804,951,0,XM4_x3_x1_x1,0.0,0.0,0.0,"(1529, 206, 270)","(1529.0, 206.0, 270)"
3805,951,1,XM2_x3_x1_x1,0.0,0.0,0.0,"(2307, 3560, 180)","(2307.0, 3560.0, 180)"
3806,951,2,XM1_x3_x1_x1,0.0,0.0,0.0,"(1194, 810, 270)","(1194.0, 810.0, 270)"
3807,951,3,XM3_x3_x1_x1,-17581.667658954182,17037.0,296662.8587106276,"(168, 642, 180)","(168.0, 642.0, 180)"
3808,952,0,XM4_x3_x1_x1,0.0,0.0,0.0,"(2617, 3193, 180)","(2617.0, 3193.0, 180)"
3809,952,1,XM2_x3_x1_x1,0.0,0.0,0.0,"(488, 4106, 0)","(488.0, 4106.0, 0)"
3810,952,2,XM3_x3_x1_x1,0.0,0.0,0.0,"(2945, 995, 270)","(2945.0, 995.0, 270)"
3811,952,3,XM1_x3_x1_x1,-19411.767540852048,18807.0,365743.77846823185,"(1099, 2422, 90)","(1099.0, 2422.0, 90)"
3812,953,0,XM2_x3_x1_x1,0.0,0.0,0.0,"(3217, 3862, 270)","(3217.0, 3862.0, 270)"
3813,953,1,XM3_x3_x1_x1,0.0,0.0,0.0,"(1611, 1664, 90)","(1611.0, 1664.0, 90)"
3814,953,2,XM1_x3_x1_x1,0.0,0.0,0.0,"(4241, 1253, 180)","(4241.0, 1253.0, 180)"
3815,953,3,XM4_x3_x1_x1,-17988.796371002525,17540.0,201418.1826250357,"(1189, 3128, 180)","(1189.0, 3128.0, 180)"
3816,954,0,XM1_x3_x1_x1,0.0,0.0,0.0,"(3093, 430, 0)","(3093.0, 430.0, 0)"
3817,954,1,XM4_x3_x1_x1,0.0,0.0,0.0,"(4129, 358, 90)","(4129.0, 101.0, 90)"
3818,954,2,XM3_x3_x1_x1,0.0,0.0,0.0,"(4003, 447, 270)","(4003.0, 447.0, 270)"
3819,954,3,XM2_x3_x1_x1,-19721.34874677718,19044.0,458801.3247606193,"(458, 1822, 180)","(458.0, 1822.0, 180)"
3820,955,0,XM1_x3_x1_x1,0.0,0.0,0.0,"(2226, 743, 180)","(2226.0, 743.0, 180)"
3821,955,1,XM2_x3_x1_x1,0.0,0.0,0.0,"(6, 2200, 270)","(6.0, 2614.0, 270)"
3822,955,2,XM4_x3_x1_x1,0.0,0.0,0.0,"(2887, 1653, 180)","(2887.0, 1653.0, 180)"
3823,955,3,XM3_x3_x1_x1,-19573.756130566275,18868.0,498091.7158318799,"(293, 1924, 180)","(293.0, 1924.0, 180)"
3824,956,0,XM4_x3_x1_x1,0.0,0.0,0.0,"(1394, 1601, 270)","(1017.5, 1601.0, 270)"
3825,956,1,XM2_x3_x1_x1,0.0,0.0,0.0,"(3888, 2601, 270)","(3888.0, 2601.0, 270)"
3826,956,2,XM3_x3_x1_x1,0.0,0.0,0.0,"(1755, 1507, 0)","(1755.0, 1507.0, 0)"
3827,956,3,XM1_x3_x1_x1,-14629.196321314614,14054.5,330275.8617325497,"(1666, 1890, 270)","(1666.0, 2147.0, 270)"
3828,957,0,XM3_x3_x1_x1,0.0,0.0,0.0,"(2730, 3746, 270)","(2730.0, 3746.0, 270)"
3829,957,1,XM4_x3_x1_x1,0.0,0.0,0.0,"(852, 2002, 270)","(852.0, 2002.0, 270)"
3830,957,2,XM1_x3_x1_x1,0.0,0.0,0.0,"(3800, 4123, 270)","(3800.0, 4123.0, 270)"
3831,957,3,XM2_x3_x1_x1,-14263.66971781535,13981.0,79902.16936981,"(1041, 235, 270)","(1041.0, 235.0, 270)"
3832,958,0,XM4_x3_x1_x1,0.0,0.0,0.0,"(704, 1111, 180)","(704.0, 1111.0, 180)"
3833,958,1,XM3_x3_x1_x1,0.0,0.0,0.0,"(1609, 3174, 180)","(1609.0, 3384.0, 180)"
3834,958,2,XM1_x3_x1_x1,0.0,0.0,0.0,"(2368, 2477, 90)","(2368.0, 2348.0, 90)"
3835,958,3,XM2_x3_x1_x1,-13615.320619072963,13125.0,240414.3094880941,"(1834, 2694, 90)","(1834.0, 2694.0, 90)"
3836,959,0,XM1_x3_x1_x1,0.0,0.0,0.0,"(1950, 122, 270)","(1950.0, 122.0, 270)"
3837,959,1,XM3_x3_x1_x1,0.0,0.0,0.0,"(2403, 1959, 180)","(2403.0, 1959.0, 180)"
3838,959,2,XM4_x3_x1_x1,0.0,0.0,0.0,"(4253, 3763, 0)","(4253.0, 3763.0, 0)"
3839,959,3,XM2_x3_x1_x1,-21381.24768065342,20740.0,411198.58794339286,"(2814, 214, 180)","(2814.0, 214.0, 180)"
3840,960,0,XM2_x3_x1_x1,0.0,0.0,0.0,"(3868, 3133, 180)","(3868.0, 3133.0, 180)"
3841,960,1,XM4_x3_x1_x1,0.0,0.0,0.0,"(3385, 2830, 0)","(3385.0, 2830.0, 0)"
3842,960,2,XM3_x3_x1_x1,0.0,0.0,0.0,"(486, 3543, 180)","(486.0, 3543.0, 180)"
3843,960,3,XM1_x3_x1_x1,-11715.668856776243,11344.0,138137.73909735936,"(1354, 4281, 270)","(1354.0, 4281.0, 270)"
3844,961,0,XM2_x3_x1_x1,0.0,0.0,0.0,"(2643, 3649, 270)","(2643.0, 3649.0, 270)"
3845,961,1,XM4_x3_x1_x1,0.0,0.0,0.0,"(965, 2234, 0)","(965.0, 2234.0, 0)"
3846,961,2,XM3_x3_x1_x1,0.0,0.0,0.0,"(183, 2390, 0)","(183.0, 2390.0, 0)"
3847,961,3,XM1_x3_x1_x1,-13754.712461394025,13305.0,202241.29793307223,"(108, 1415, 180)","(108.0, 1406.0, 180)"
3848,962,0,XM4_x3_x1_x1,0.0,0.0,0.0,"(3948, 3264, 90)","(3948.0, 3264.0, 90)"
3849,962,1,XM3_x3_x1_x1,0.0,0.0,0.0,"(4158, 3537, 180)","(4685.5, 3537.0, 180)"
3850,962,2,XM2_x3_x1_x1,0.0,0.0,0.0,"(1802, 4102, 90)","(1802.0, 4102.0, 90)"
3851,962,3,XM1_x3_x1_x1,-20039.523641036758,19179.5,739640.6631421236,"(1263, 3347, 0)","(1263.0, 3347.0, 0)"
3852,963,0,XM4_x3_x1_x1,0.0,0.0,0.0,"(1001, 1717, 270)","(1001.0, 1717.0, 270)"
3853,963,1,XM2_x3_x1_x1,0.0,0.0,0.0,"(229, 1687, 180)","(213.5, 1687.0, 180)"
3854,963,2,XM3_x3_x1_x1,0.0,0.0,0.0,"(4127, 1135, 0)","(4127.0, 1135.0, 0)"
3855,963,3,XM1_x3_x1_x1,-12159.591333370761,11780.5,143710.239036822,"(3039, 2070, 90)","(3039.0, 2070.0, 90)"
3856,964,0,XM2_x3_x1_x1,0.0,0.0,0.0,"(3032, 1365, 270)","(3032.0, 1365.0, 270)"
3857,964,1,XM4_x3_x1_x1,0.0,0.0,0.0,"(3074, 2882, 0)","(3074.0, 2882.0, 0)"
3858,964,2,XM1_x3_x1_x1,0.0,0.0,0.0,"(1691, 3107, 90)","(1691.0, 3107.0, 90)"
3859,964,3,XM3_x3_x1_x1,-12338.210494125826,11938.5,159768.47911431178,"(3101, 3237, 270)","(3101.0, 3619.5, 270)"
3860,965,0,XM3_x3_x1_x1,0.0,0.0,0.0,"(2772, 305, 270)","(2772.0, 305.0, 270)"
3861,965,1,XM4_x3_x1_x1,0.0,0.0,0.0,"(2640, 4322, 0)","(2640.0, 4322.0, 0)"
3862,965,2,XM1_x3_x1_x1,0.0,0.0,0.0,"(3532, 2332, 0)","(3532.0, 2332.0, 0)"
3863,965,3,XM2_x3_x1_x1,-17882.138299725244,17340.0,293913.9360289781,"(1538, 2715, 0)","(1538.0, 2715.0, 0)"
3864,966,0,XM2_x3_x1_x1,0.0,0.0,0.0,"(1544, 3773, 90)","(1544.0, 3773.0, 90)"
3865,966,1,XM1_x3_x1_x1,0.0,0.0,0.0,"(3893, 1901, 270)","(3893.0, 1901.0, 270)"
3866,966,2,XM4_x3_x1_x1,0.0,0.0,0.0,"(327, 2714, 270)","(327.0, 2714.0, 270)"
3867,966,3,XM3_x3_x1_x1,-17567.03511150701,17053.0,264232.09586202545,"(1802, 1037, 90)","(1802.0, 1037.0, 90)"
3868,967,0,XM2_x3_x1_x1,0.0,0.0,0.0,"(979, 1774, 270)","(979.0, 1774.0, 270)"
3869,967,1,XM1_x3_x1_x1,0.0,0.0,0.0,"(3098, 1161, 0)","(3098.0, 1161.0, 0)"
3870,967,2,XM4_x3_x1_x1,0.0,0.0,0.0,"(28, 1450, 0)","(28.0, 1450.0, 0)"
3871,967,3,XM3_x3_x1_x1,-13927.36400558383,13607.0,102633.09607371563,"(2898, 3293, 270)","(2898.0, 3293.0, 270)"
3872,968,0,XM3_x3_x1_x1,0.0,0.0,0.0,"(3405, 1758, 90)","(3405.0, 1758.0, 90)"
3873,968,1,XM4_x3_x1_x1,0.0,0.0,0.0,"(2893, 3939, 270)","(2893.0, 4026.5, 270)"
3874,968,2,XM2_x3_x1_x1,0.0,0.0,0.0,"(3130, 3239, 180)","(3130.0, 3239.0, 180)"
3875,968,3,XM1_x3_x1_x1,-13971.771269807825,13565.5,165056.3446712618,"(1195, 1164, 0)","(1195.0, 1164.0, 0)"
3876,969,0,XM2_x3_x1_x1,0.0,0.0,0.0,"(412, 64, 90)","(412.0, 64.0, 90)"
3877,969,1,XM3_x3_x1_x1,0.0,0.0,0.0,"(3679, 788, 90)","(3679.0, 788.0, 90)"
3878,969,2,XM4_x3_x1_x1,0.0,0.0,0.0,"(3892, 2577, 270)","(3892.0, 2577.0, 270)"
3879,969,3,XM1_x3_x1_x1,-21102.49925696497,20402.0,490699.2090084744,"(3439, 109, 180)","(3439.0, 109.0, 180)"
3880,970,0,XM3_x3_x1_x1,0.0,0.0,0.0,"(799, 3526, 0)","(799.0, 3526.0, 0)"
3881,970,1,XM2_x3_x1_x1,0.0,0.0,0.0,"(3865, 3725, 270)","(4059.5, 3725.0, 270)"
3882,970,2,XM4_x3_x1_x1,0.0,0.0,0.0,"(3272, 3755, 180)","(3272.0, 3755.0, 180)"
3883,970,3,XM1_x3_x1_x1,-23003.904578274934,22278.0,526937.4567605109,"(4101, 489, 270)","(4101.0, 489.0, 270)"
3884,971,0,XM4_x3_x1_x1,0.0,0.0,0.0,"(922, 1723, 180)","(922.0, 1723.0, 180)"
3885,971,1,XM1_x3_x1_x1,0.0,0.0,0.0,"(1381, 404, 90)","(1381.0, 404.0, 90)"
3886,971,2,XM2_x3_x1_x1,0.0,0.0,0.0,"(974, 213, 180)","(691.0, 213.0, 180)"
3887,971,3,XM3_x3_x1_x1,-17364.384746670075,16787.0,333373.145687269,"(3969, 1883, 270)","(3969.0, 1883.0, 270)"
3888,972,0,XM3_x3_x1_x1,0.0,0.0,0.0,"(2751, 2791, 180)","(2751.0, 2791.0, 180)"
3889,972,1,XM1_x3_x1_x1,0.0,0.0,0.0,"(1721, 3642, 270)","(1721.0, 3642.0, 270)"
3890,972,2,XM4_x3_x1_x1,0.0,0.0,0.0,"(1658, 4267, 0)","(1658.0, 4379.5, 0)"
3891,972,3,XM2_x3_x1_x1,-10489.183578172699,10068.5,176974.6729441844,"(1561, 3017, 0)","(1561.0, 2904.5, 0)"
3892,973,0,XM3_x3_x1_x1,0.0,0.0,0.0,"(1759, 1706, 270)","(1759.0, 1706.0, 270)"
3893,973,1,XM1_x3_x1_x1,0.0,0.0,0.0,"(2433, 4283, 270)","(2433.0, 4283.0, 270)"
3894,973,2,XM2_x3_x1_x1,0.0,0.0,0.0,"(4314, 3995, 270)","(4314.0, 3995.0, 270)"
3895,973,3,XM4_x3_x1_x1,-28385.474969078008,27453.0,869509.5679570356,"(527, 968, 180)","(527.0, 968.0, 180)"
3896,974,0,XM1_x3_x1_x1,0.0,0.0,0.0,"(1210, 13, 180)","(1210.0, 13.0, 180)"
3897,974,1,XM4_x3_x1_x1,0.0,0.0,0.0,"(3875, 790, 180)","(3875.0, 790.0, 180)"
3898,974,2,XM3_x3_x1_x1,0.0,0.0,0.0,"(4082, 2772, 270)","(4082.0, 2772.0, 270)"
3899,974,3,XM2_x3_x1_x1,-28401.32841715021,27338.0,1130667.3227191684,"(1658, 3359, 90)","(1658.0, 3359.0, 90)"
3900,975,0,XM4_x3_x1_x1,0.0,0.0,0.0,"(821, 3272, 270)","(821.0, 3272.0, 270)"
3901,975,1,XM2_x3_x1_x1,0.0,0.0,0.0,"(15, 3310, 270)","(15.0, 3668.0, 270)"
3902,975,2,XM3_x3_x1_x1,0.0,0.0,0.0,"(1216, 4048, 270)","(1216.0, 4048.0, 270)"
3903,975,3,XM1_x3_x1_x1,-11912.784841790686,11517.0,156645.64099127855,"(2094, 2385, 270)","(2094.0, 2385.0, 270)"
3904,976,0,XM1_x3_x1_x1,0.0,0.0,0.0,"(3282, 727, 270)","(3282.0, 727.0, 270)"
3905,976,1,XM2_x3_x1_x1,0.0,0.0,0.0,"(82, 3602, 270)","(82.0, 3602.0, 270)"
3906,976,2,XM3_x3_x1_x1,0.0,0.0,0.0,"(938, 1343, 270)","(938.0, 1343.0, 270)"
3907,976,3,XM4_x3_x1_x1,-22569.465287415038,21961.0,370230.0059890666,"(3865, 4129, 270)","(3865.0, 4129.0, 270)"
3908,977,0,XM2_x3_x1_x1,0.0,0.0,0.0,"(633, 2164, 0)","(633.0, 2164.0, 0)"
3909,977,1,XM1_x3_x1_x1,0.0,0.0,0.0,"(1455, 968, 270)","(1455.0, 968.0, 270)"
3910,977,2,XM3_x3_x1_x1,0.0,0.0,0.0,"(4053, 986, 270)","(4053.0, 986.0, 270)"
3911,977,3,XM4_x3_x1_x1,-14762.636518681727,14362.0,160509.62010141351,"(797, 3415, 180)","(797.0, 3415.0, 180)"
3912,978,0,XM2_x3_x1_x1,0.0,0.0,0.0,"(4096, 3900, 90)","(4096.0, 3900.0, 90)"
3913,978,1,XM1_x3_x1_x1,0.0,0.0,0.0,"(2766, 2259, 0)","(2766.0, 2259.0, 0)"
3914,978,2,XM4_x3_x1_x1,0.0,0.0,0.0,"(1321, 3341, 0)","(1321.0, 3341.0, 0)"
3915,978,3,XM3_x3_x1_x1,-13499.791046965642,13079.0,177065.10520644096,"(2891, 1926, 0)","(3062.0, 1926.0, 0)"
3916,979,0,XM3_x3_x1_x1,0.0,0.0,0.0,"(2346, 1928, 270)","(2346.0, 1928.0, 270)"
3917,979,1,XM4_x3_x1_x1,0.0,0.0,0.0,"(120, 3057, 90)","(120.0, 3057.0, 90)"
3918,979,2,XM1_x3_x1_x1,0.0,0.0,0.0,"(2464, 3809, 270)","(2464.0, 3809.0, 270)"
3919,979,3,XM2_x3_x1_x1,-13655.062909683476,13258.0,157658.95424630833,"(504, 1786, 270)","(504.0, 1786.0, 270)"
3920,980,0,XM2_x3_x1_x1,0.0,0.0,0.0,"(3997, 3365, 180)","(3997.0, 3365.0, 180)"
3921,980,1,XM3_x3_x1_x1,0.0,0.0,0.0,"(2507, 358, 270)","(2507.0, 358.0, 270)"
3922,980,2,XM4_x3_x1_x1,0.0,0.0,0.0,"(83, 2621, 180)","(83.0, 2621.0, 180)"
3923,980,3,XM1_x3_x1_x1,-28927.243941006647,28146.0,610342.0953596,"(60, 2622, 270)","(-607.0, 2622.0, 270)"
3924,981,0,XM3_x3_x1_x1,0.0,0.0,0.0,"(225, 1199, 270)","(225.0, 1199.0, 270)"
3925,981,1,XM4_x3_x1_x1,0.0,0.0,0.0,"(1423, 729, 90)","(1423.0, 729.0, 90)"
3926,981,2,XM2_x3_x1_x1,0.0,0.0,0.0,"(3509, 1202, 90)","(3509.0, 1202.0, 90)"
3927,981,3,XM1_x3_x1_x1,-14389.590342475993,13905.0,234827.80002099962,"(2378, 1417, 270)","(2378.0, 1417.0, 270)"
3928,982,0,XM1_x3_x1_x1,0.0,0.0,0.0,"(1268, 4148, 0)","(1268.0, 4148.0, 0)"
3929,982,1,XM3_x3_x1_x1,0.0,0.0,0.0,"(297, 2270, 0)","(297.0, 2270.0, 0)"
3930,982,2,XM4_x3_x1_x1,0.0,0.0,0.0,"(3928, 2522, 270)","(3928.0, 2522.0, 270)"
3931,982,3,XM2_x3_x1_x1,-21456.16664763402,20943.0,263340.00824393943,"(2938, 7, 270)","(2938.0, 7.0, 270)"
3932,983,0,XM4_x3_x1_x1,0.0,0.0,0.0,"(3236, 3255, 0)","(3236.0, 3255.0, 0)"
3933,983,1,XM2_x3_x1_x1,0.0,0.0,0.0,"(3998, 33, 90)","(3998.0, 33.0, 90)"
3934,983,2,XM1_x3_x1_x1,0.0,0.0,0.0,"(3087, 297, 180)","(3087.0, 297.0, 180)"
3935,983,3,XM3_x3_x1_x1,-27641.687607385647,26865.0,603243.6394664434,"(340, 3444, 0)","(340.0, 3444.0, 0)"
3936,984,0,XM1_x3_x1_x1,0.0,0.0,0.0,"(4054, 3384, 270)","(4054.0, 3384.0, 270)"
3937,984,1,XM4_x3_x1_x1,0.0,0.0,0.0,"(1326, 1490, 270)","(1326.0, 1490.0, 270)"
3938,984,2,XM3_x3_x1_x1,0.0,0.0,0.0,"(2161, 2900, 0)","(2161.0, 2900.0, 0)"
3939,984,3,XM2_x3_x1_x1,-13603.648022794885,13261.0,117407.66752524381,"(2518, 1156, 180)","(2518.0, 1156.0, 180)"
3940,985,0,XM1_x3_x1_x1,0.0,0.0,0.0,"(1226, 4256, 0)","(1226.0, 4256.0, 0)"
3941,985,1,XM4_x3_x1_x1,0.0,0.0,0.0,"(483, 2036, 0)","(483.0, 2036.0, 0)"
3942,985,2,XM3_x3_x1_x1,0.0,0.0,0.0,"(3391, 3221, 90)","(3391.0, 3221.0, 90)"
3943,985,3,XM2_x3_x1_x1,-21275.16282082636,20677.0,357798.76021894964,"(3264, 888, 180)","(3264.0, 888.0, 180)"
3944,986,0,XM4_x3_x1_x1,0.0,0.0,0.0,"(3912, 3860, 270)","(3912.0, 3860.0, 270)"
3945,986,1,XM3_x3_x1_x1,0.0,0.0,0.0,"(1751, 102, 90)","(1751.0, 102.0, 90)"
3946,986,2,XM1_x3_x1_x1,0.0,0.0,0.0,"(2632, 2457, 0)","(2632.0, 2457.0, 0)"
3947,986,3,XM2_x3_x1_x1,-18081.373981170083,17576.0,255402.86084370158,"(3545, 1939, 180)","(3545.0, 1939.0, 180)"
3948,987,0,XM1_x3_x1_x1,0.0,0.0,0.0,"(4047, 3247, 180)","(4047.0, 3247.0, 180)"
3949,987,1,XM2_x3_x1_x1,0.0,0.0,0.0,"(3551, 2034, 270)","(3551.0, 2034.0, 270)"
3950,987,2,XM3_x3_x1_x1,0.0,0.0,0.0,"(3041, 2430, 0)","(2813.5, 2430.0, 0)"
3951,987,3,XM4_x3_x1_x1,-10970.347337900386,10572.0,158680.60161232413,"(4095, 1405, 180)","(4095.0, 1246.5, 180)"
3952,988,0,XM1_x3_x1_x1,0.0,0.0,0.0,"(4076, 2077, 90)","(4076.0, 2077.0, 90)"
3953,988,1,XM4_x3_x1_x1,0.0,0.0,0.0,"(3625, 3955, 180)","(3625.0, 3955.0, 180)"
3954,988,2,XM2_x3_x1_x1,0.0,0.0,0.0,"(1284, 3119, 270)","(1284.0, 3119.0, 270)"
3955,988,3,XM3_x3_x1_x1,-14016.62324266011,13618.0,158900.48958886054,"(4146, 2872, 0)","(4146.0, 2872.0, 0)"
3956,989,0,XM2_x3_x1_x1,0.0,0.0,0.0,"(973, 1338, 270)","(973.0, 1338.0, 270)"
3957,989,1,XM3_x3_x1_x1,0.0,0.0,0.0,"(974, 4172, 180)","(974.0, 4172.0, 180)"
3958,989,2,XM4_x3_x1_x1,0.0,0.0,0.0,"(1970, 4086, 180)","(1970.0, 4086.0, 180)"
3959,989,3,XM1_x3_x1_x1,-20643.766036428307,19771.0,761720.5543427804,"(2262, 1550, 0)","(2262.0, 1550.0, 0)"
3960,990,0,XM1_x3_x1_x1,0.0,0.0,0.0,"(51, 1865, 180)","(51.0, 1865.0, 180)"
3961,990,1,XM4_x3_x1_x1,0.0,0.0,0.0,"(3469, 4250, 270)","(3469.0, 4250.0, 270)"
3962,990,2,XM2_x3_x1_x1,0.0,0.0,0.0,"(2264, 1926, 270)","(2264.0, 1926.0, 270)"
3963,990,3,XM3_x3_x1_x1,-22295.576782228625,21723.0,327844.1715472874,"(2314, 454, 180)","(2314.0, 454.0, 180)"
3964,991,0,XM3_x3_x1_x1,0.0,0.0,0.0,"(2255, 2301, 180)","(2255.0, 2301.0, 180)"
3965,991,1,XM1_x3_x1_x1,0.0,0.0,0.0,"(1178, 585, 90)","(1178.0, 585.0, 90)"
3966,991,2,XM2_x3_x1_x1,0.0,0.0,0.0,"(92, 2963, 90)","(23.0, 2963.0, 90)"
3967,991,3,XM4_x3_x1_x1,-13842.670874866952,13363.0,230084.14819562592,"(1202, 2758, 270)","(1202.0, 2758.0, 270)"
3968,992,0,XM3_x3_x1_x1,0.0,0.0,0.0,"(3897, 1365, 0)","(3897.0, 1365.0, 0)"
3969,992,1,XM4_x3_x1_x1,0.0,0.0,0.0,"(3441, 9, 270)","(3441.0, 9.0, 270)"
3970,992,2,XM2_x3_x1_x1,0.0,0.0,0.0,"(1692, 2434, 0)","(1692.0, 2434.0, 0)"
3971,992,3,XM1_x3_x1_x1,-24471.777382230423,23601.0,758253.2494040648,"(248, 494, 270)","(248.0, 494.0, 270)"
3972,993,0,XM1_x3_x1_x1,0.0,0.0,0.0,"(938, 692, 0)","(1398.0, 692.0, 0)"
3973,993,1,XM4_x3_x1_x1,0.0,0.0,0.0,"(34, 1071, 270)","(34.0, 1071.0, 270)"
3974,993,2,XM2_x3_x1_x1,0.0,0.0,0.0,"(1504, 485, 270)","(1504.0, 2.0, 270)"
3975,993,3,XM3_x3_x1_x1,-10539.436058511264,10076.0,214772.98032845574,"(758, 672, 270)","(758.0, 672.0, 270)"
3976,994,0,XM3_x3_x1_x1,0.0,0.0,0.0,"(2828, 1668, 270)","(2828.0, 1668.0, 270)"
3977,994,1,XM4_x3_x1_x1,0.0,0.0,0.0,"(847, 1866, 90)","(847.0, 1866.0, 90)"
3978,994,2,XM2_x3_x1_x1,0.0,0.0,0.0,"(2331, 2754, 270)","(2331.0, 2754.0, 270)"
3979,994,3,XM1_x3_x1_x1,-16627.31229862123,15901.5,526803.4928298324,"(430, 2417, 0)","(109.5, 2417.0, 0)"
3980,995,0,XM4_x3_x1_x1,0.0,0.0,0.0,"(1547, 837, 180)","(1547.0, 837.0, 180)"
3981,995,1,XM3_x3_x1_x1,0.0,0.0,0.0,"(2069, 3926, 90)","(2069.0, 3926.0, 90)"
3982,995,2,XM1_x3_x1_x1,0.0,0.0,0.0,"(2806, 717, 270)","(2806.0, 717.0, 270)"
3983,995,3,XM2_x3_x1_x1,-17959.99309529761,17455.0,255018.02629826224,"(1601, 3088, 180)","(1601.0, 3088.0, 180)"
3984,996,0,XM4_x3_x1_x1,0.0,0.0,0.0,"(3789, 4233, 270)","(3789.0, 4233.0, 270)"
3985,996,1,XM3_x3_x1_x1,0.0,0.0,0.0,"(851, 1186, 90)","(851.0, 1186.0, 90)"
3986,996,2,XM1_x3_x1_x1,0.0,0.0,0.0,"(3787, 1706, 180)","(3787.0, 1706.0, 180)"
3987,996,3,XM2_x3_x1_x1,-18480.650154256415,18056.0,180327.7535099955,"(1864, 3996, 180)","(1864.0, 3996.0, 180)"
3988,997,0,XM4_x3_x1_x1,0.0,0.0,0.0,"(2471, 1343, 270)","(2471.0, 1343.0, 270)"
3989,997,1,XM3_x3_x1_x1,0.0,0.0,0.0,"(2296, 584, 180)","(2296.0, 584.0, 180)"
3990,997,2,XM1_x3_x1_x1,0.0,0.0,0.0,"(2222, 2354, 180)","(2222.0, 2354.0, 180)"
3991,997,3,XM2_x3_x1_x1,-15498.776902378315,14923.0,331519.04131236725,"(2577, 3955, 90)","(2577.0, 3955.0, 90)"
3992,998,0,XM4_x3_x1_x1,0.0,0.0,0.0,"(3766, 323, 270)","(3766.0, 323.0, 270)"
3993,998,1,XM3_x3_x1_x1,0.0,0.0,0.0,"(3486, 1785, 180)","(3486.0, 1785.0, 180)"
3994,998,2,XM1_x3_x1_x1,0.0,0.0,0.0,"(3811, 2692, 270)","(3811.0, 2692.0, 270)"
3995,998,3,XM2_x3_x1_x1,-17074.00423605076,16525.0,301405.6512016787,"(915, 1579, 270)","(915.0, 1579.0, 270)"
3996,999,0,XM3_x3_x1_x1,0.0,0.0,0.0,"(2500, 3857, 270)","(2500.0, 3857.0, 270)"
3997,999,1,XM1_x3_x1_x1,0.0,0.0,0.0,"(3604, 2070, 90)","(3604.0, 2070.0, 90)"
3998,999,2,XM4_x3_x1_x1,0.0,0.0,0.0,"(76, 991, 0)","(76.0, 991.0, 0)"
3999,999,3,XM2_x3_x1_x1,-20935.57702327207,20308.0,393852.92013903253,"(2574, 2442, 90)","(2574.0, 2442.0, 90)"
