,n_placement,n_step,placed_dev,reward,HPWL,congestion,action,legalized_action
0,0,0,XDP_XM1_XM2,0.0,0.0,0.0,"(1280, 864, 90)","(1559.0, 503.5, 90)"
1,0,1,XM5,0.0,0.0,0.0,"(1280, 864, 90)","(1280.0, 518.0, 90)"
2,0,2,XDL_XM3_XM4,-3169.1411976635272,2985.0,33907.98067695824,"(1280, 864, 90)","(1280.0, 864.0, 90)"
3,1,0,XM5,0.0,0.0,0.0,"(1280, 864, 90)","(1559.0, 864.0, 90)"
4,1,1,XDL_XM3_XM4,0.0,0.0,0.0,"(1280, 864, 90)","(1280.0, 503.5, 90)"
5,1,2,XDP_XM1_XM2,-2791.8093855721145,2658.0,17904.951667186815,"(1280, 864, 90)","(1280.0, 864.0, 90)"
6,2,0,XDL_XM3_XM4,0.0,0.0,0.0,"(1280, 864, 90)","(1280.0, 503.5, 90)"
7,2,1,XDP_XM1_XM2,0.0,0.0,0.0,"(1280, 864, 90)","(1559.0, 864.0, 90)"
8,2,2,XM5,-2906.75640753615,2725.0,33035.39168044717,"(1280, 864, 90)","(1280.0, 864.0, 90)"
9,3,0,XDL_XM3_XM4,0.0,0.0,0.0,"(1280, 864, 90)","(1280.0, 503.5, 90)"
10,3,1,XDP_XM1_XM2,0.0,0.0,0.0,"(1280, 864, 90)","(1559.0, 864.0, 90)"
11,3,2,XM5,-2906.75640753615,2725.0,33035.39168044717,"(1280, 864, 90)","(1280.0, 864.0, 90)"
12,4,0,XDL_XM3_XM4,0.0,0.0,0.0,"(1280, 864, 90)","(1280.0, 503.5, 90)"
13,4,1,XDP_XM1_XM2,0.0,0.0,0.0,"(1280, 864, 90)","(1559.0, 864.0, 90)"
14,4,2,XM5,-2906.75640753615,2725.0,33035.39168044717,"(1280, 864, 90)","(1280.0, 864.0, 90)"
15,5,0,XDP_XM1_XM2,0.0,0.0,0.0,"(1280, 864, 90)","(1559.0, 503.5, 90)"
16,5,1,XM5,0.0,0.0,0.0,"(1280, 864, 90)","(1280.0, 518.0, 90)"
17,5,2,XDL_XM3_XM4,-3169.1411976635272,2985.0,33907.98067695824,"(1280, 864, 90)","(1280.0, 864.0, 90)"
18,6,0,XM5,0.0,0.0,0.0,"(1280, 864, 90)","(1559.0, 518.0, 90)"
19,6,1,XDP_XM1_XM2,0.0,0.0,0.0,"(1280, 864, 90)","(1280.0, 503.5, 90)"
20,6,2,XDL_XM3_XM4,-3110.049699888884,2918.0,36883.087227410426,"(1280, 864, 90)","(1280.0, 864.0, 90)"
21,7,0,XDP_XM1_XM2,0.0,0.0,0.0,"(1280, 864, 90)","(1559.0, 878.5, 90)"
22,7,1,XDL_XM3_XM4,0.0,0.0,0.0,"(1280, 864, 90)","(1280.0, 518.0, 90)"
23,7,2,XM5,-2905.4051852605644,2725.0,32546.030868898575,"(1280, 864, 90)","(1280.0, 864.0, 90)"
24,8,0,XM5,0.0,0.0,0.0,"(1280, 864, 90)","(1559.0, 518.0, 90)"
25,8,1,XDP_XM1_XM2,0.0,0.0,0.0,"(1280, 864, 90)","(1280.0, 503.5, 90)"
26,8,2,XDL_XM3_XM4,-3110.049699888884,2918.0,36883.087227410426,"(1280, 864, 90)","(1280.0, 864.0, 90)"
27,9,0,XDP_XM1_XM2,0.0,0.0,0.0,"(1280, 864, 90)","(1559.0, 503.5, 90)"
28,9,1,XM5,0.0,0.0,0.0,"(1280, 864, 90)","(1280.0, 518.0, 90)"
29,9,2,XDL_XM3_XM4,-3169.1411976635272,2985.0,33907.98067695824,"(1280, 864, 90)","(1280.0, 864.0, 90)"
30,10,0,XM5,0.0,0.0,0.0,"(1280, 864, 90)","(1559.0, 864.0, 90)"
31,10,1,XDL_XM3_XM4,0.0,0.0,0.0,"(1280, 864, 90)","(1280.0, 503.5, 90)"
32,10,2,XDP_XM1_XM2,-2791.8093855721145,2658.0,17904.951667186815,"(1280, 864, 90)","(1280.0, 864.0, 90)"
33,11,0,XM5,0.0,0.0,0.0,"(1280, 864, 90)","(1559.0, 518.0, 90)"
34,11,1,XDP_XM1_XM2,0.0,0.0,0.0,"(1280, 864, 90)","(1280.0, 503.5, 90)"
35,11,2,XDL_XM3_XM4,-3110.049699888884,2918.0,36883.087227410426,"(1280, 864, 90)","(1280.0, 864.0, 90)"
36,12,0,XDP_XM1_XM2,0.0,0.0,0.0,"(1280, 864, 90)","(1559.0, 503.5, 90)"
37,12,1,XM5,0.0,0.0,0.0,"(1280, 864, 90)","(1280.0, 518.0, 90)"
38,12,2,XDL_XM3_XM4,-3169.1411976635272,2985.0,33907.98067695824,"(1280, 864, 90)","(1280.0, 864.0, 90)"
39,13,0,XDP_XM1_XM2,0.0,0.0,0.0,"(1280, 864, 90)","(1559.0, 878.5, 90)"
40,13,1,XDL_XM3_XM4,0.0,0.0,0.0,"(1280, 864, 90)","(1280.0, 518.0, 90)"
41,13,2,XM5,-2905.4051852605644,2725.0,32546.030868898575,"(1280, 864, 90)","(1280.0, 864.0, 90)"
42,14,0,XDP_XM1_XM2,0.0,0.0,0.0,"(1280, 864, 90)","(1559.0, 503.5, 90)"
43,14,1,XM5,0.0,0.0,0.0,"(1280, 864, 90)","(1280.0, 518.0, 90)"
44,14,2,XDL_XM3_XM4,-3169.1411976635272,2985.0,33907.98067695824,"(1280, 864, 90)","(1280.0, 864.0, 90)"
45,15,0,XM5,0.0,0.0,0.0,"(1280, 864, 90)","(1559.0, 864.0, 90)"
46,15,1,XDL_XM3_XM4,0.0,0.0,0.0,"(1280, 864, 90)","(1280.0, 503.5, 90)"
47,15,2,XDP_XM1_XM2,-2791.8093855721145,2658.0,17904.951667186815,"(1280, 864, 90)","(1280.0, 864.0, 90)"
48,16,0,XDL_XM3_XM4,0.0,0.0,0.0,"(1280, 864, 90)","(1280.0, 503.5, 90)"
49,16,1,XDP_XM1_XM2,0.0,0.0,0.0,"(1280, 864, 90)","(1559.0, 864.0, 90)"
50,16,2,XM5,-2906.75640753615,2725.0,33035.39168044717,"(1280, 864, 90)","(1280.0, 864.0, 90)"
51,17,0,XDP_XM1_XM2,0.0,0.0,0.0,"(1280, 864, 90)","(1559.0, 503.5, 90)"
52,17,1,XM5,0.0,0.0,0.0,"(1280, 864, 90)","(1280.0, 518.0, 90)"
53,17,2,XDL_XM3_XM4,-3169.1411976635272,2985.0,33907.98067695824,"(1280, 864, 90)","(1280.0, 864.0, 90)"
54,18,0,XDL_XM3_XM4,0.0,0.0,0.0,"(1280, 864, 90)","(1280.0, 503.5, 90)"
55,18,1,XDP_XM1_XM2,0.0,0.0,0.0,"(1280, 864, 90)","(1559.0, 864.0, 90)"
56,18,2,XM5,-2906.75640753615,2725.0,33035.39168044717,"(1280, 864, 90)","(1280.0, 864.0, 90)"
57,19,0,XDP_XM1_XM2,0.0,0.0,0.0,"(1280, 864, 90)","(1559.0, 878.5, 90)"
58,19,1,XDL_XM3_XM4,0.0,0.0,0.0,"(1280, 864, 90)","(1280.0, 518.0, 90)"
59,19,2,XM5,-2905.4051852605644,2725.0,32546.030868898575,"(1280, 864, 90)","(1280.0, 864.0, 90)"
60,20,0,XDL_XM3_XM4,0.0,0.0,0.0,"(1280, 864, 90)","(1280.0, 503.5, 90)"
61,20,1,XDP_XM1_XM2,0.0,0.0,0.0,"(1280, 864, 90)","(1559.0, 864.0, 90)"
62,20,2,XM5,-2906.75640753615,2725.0,33035.39168044717,"(1280, 864, 90)","(1280.0, 864.0, 90)"
63,21,0,XDP_XM1_XM2,0.0,0.0,0.0,"(1280, 864, 90)","(1559.0, 503.5, 90)"
64,21,1,XM5,0.0,0.0,0.0,"(1280, 864, 90)","(1280.0, 518.0, 90)"
65,21,2,XDL_XM3_XM4,-3169.1411976635272,2985.0,33907.98067695824,"(1280, 864, 90)","(1280.0, 864.0, 90)"
66,22,0,XDP_XM1_XM2,0.0,0.0,0.0,"(1280, 864, 90)","(1559.0, 878.5, 90)"
67,22,1,XDL_XM3_XM4,0.0,0.0,0.0,"(1280, 864, 90)","(1280.0, 518.0, 90)"
68,22,2,XM5,-2905.4051852605644,2725.0,32546.030868898575,"(1280, 864, 90)","(1280.0, 864.0, 90)"
69,23,0,XM5,0.0,0.0,0.0,"(1280, 864, 90)","(1559.0, 518.0, 90)"
70,23,1,XDP_XM1_XM2,0.0,0.0,0.0,"(1280, 864, 90)","(1280.0, 503.5, 90)"
71,23,2,XDL_XM3_XM4,-3110.049699888884,2918.0,36883.087227410426,"(1280, 864, 90)","(1280.0, 864.0, 90)"
72,24,0,XDP_XM1_XM2,0.0,0.0,0.0,"(1280, 864, 90)","(1559.0, 503.5, 90)"
73,24,1,XM5,0.0,0.0,0.0,"(1280, 864, 90)","(1280.0, 518.0, 90)"
74,24,2,XDL_XM3_XM4,-3169.1411976635272,2985.0,33907.98067695824,"(1280, 864, 90)","(1280.0, 864.0, 90)"
75,25,0,XM5,0.0,0.0,0.0,"(1280, 864, 90)","(1559.0, 864.0, 90)"
76,25,1,XDL_XM3_XM4,0.0,0.0,0.0,"(1280, 864, 90)","(1280.0, 503.5, 90)"
77,25,2,XDP_XM1_XM2,-2791.8093855721145,2658.0,17904.951667186815,"(1280, 864, 90)","(1280.0, 864.0, 90)"
78,26,0,XDP_XM1_XM2,0.0,0.0,0.0,"(1280, 864, 90)","(1559.0, 503.5, 90)"
79,26,1,XM5,0.0,0.0,0.0,"(1280, 864, 90)","(1280.0, 518.0, 90)"
80,26,2,XDL_XM3_XM4,-3169.1411976635272,2985.0,33907.98067695824,"(1280, 864, 90)","(1280.0, 864.0, 90)"
81,27,0,XM5,0.0,0.0,0.0,"(1280, 864, 90)","(1559.0, 518.0, 90)"
82,27,1,XDP_XM1_XM2,0.0,0.0,0.0,"(1280, 864, 90)","(1280.0, 503.5, 90)"
83,27,2,XDL_XM3_XM4,-3110.049699888884,2918.0,36883.087227410426,"(1280, 864, 90)","(1280.0, 864.0, 90)"
84,28,0,XM5,0.0,0.0,0.0,"(1280, 864, 90)","(1559.0, 864.0, 90)"
85,28,1,XDL_XM3_XM4,0.0,0.0,0.0,"(1280, 864, 90)","(1280.0, 503.5, 90)"
86,28,2,XDP_XM1_XM2,-2791.8093855721145,2658.0,17904.951667186815,"(1280, 864, 90)","(1280.0, 864.0, 90)"
87,29,0,XM5,0.0,0.0,0.0,"(1280, 864, 90)","(1559.0, 864.0, 90)"
88,29,1,XDL_XM3_XM4,0.0,0.0,0.0,"(1280, 864, 90)","(1280.0, 503.5, 90)"
89,29,2,XDP_XM1_XM2,-2791.8093855721145,2658.0,17904.951667186815,"(1280, 864, 90)","(1280.0, 864.0, 90)"
90,30,0,XDP_XM1_XM2,0.0,0.0,0.0,"(1280, 864, 90)","(1559.0, 503.5, 90)"
91,30,1,XM5,0.0,0.0,0.0,"(1280, 864, 90)","(1280.0, 518.0, 90)"
92,30,2,XDL_XM3_XM4,-3169.1411976635272,2985.0,33907.98067695824,"(1280, 864, 90)","(1280.0, 864.0, 90)"
93,31,0,XM5,0.0,0.0,0.0,"(1280, 864, 90)","(1559.0, 864.0, 90)"
94,31,1,XDL_XM3_XM4,0.0,0.0,0.0,"(1280, 864, 90)","(1280.0, 503.5, 90)"
95,31,2,XDP_XM1_XM2,-2791.8093855721145,2658.0,17904.951667186815,"(1280, 864, 90)","(1280.0, 864.0, 90)"
96,32,0,XM5,0.0,0.0,0.0,"(1280, 864, 90)","(1559.0, 518.0, 90)"
97,32,1,XDP_XM1_XM2,0.0,0.0,0.0,"(1280, 864, 90)","(1280.0, 503.5, 90)"
98,32,2,XDL_XM3_XM4,-3110.049699888884,2918.0,36883.087227410426,"(1280, 864, 90)","(1280.0, 864.0, 90)"
99,33,0,XM5,0.0,0.0,0.0,"(1280, 864, 90)","(1559.0, 864.0, 90)"
100,33,1,XDL_XM3_XM4,0.0,0.0,0.0,"(1280, 864, 90)","(1280.0, 503.5, 90)"
101,33,2,XDP_XM1_XM2,-2791.8093855721145,2658.0,17904.951667186815,"(1280, 864, 90)","(1280.0, 864.0, 90)"
102,34,0,XDL_XM3_XM4,0.0,0.0,0.0,"(1280, 864, 90)","(1280.0, 503.5, 90)"
103,34,1,XDP_XM1_XM2,0.0,0.0,0.0,"(1280, 864, 90)","(1559.0, 864.0, 90)"
104,34,2,XM5,-2906.75640753615,2725.0,33035.39168044717,"(1280, 864, 90)","(1280.0, 864.0, 90)"
105,35,0,XDL_XM3_XM4,0.0,0.0,0.0,"(1280, 864, 90)","(1280.0, 503.5, 90)"
106,35,1,XM5,0.0,0.0,0.0,"(1280, 864, 90)","(1559.0, 864.0, 90)"
107,35,2,XDP_XM1_XM2,-2791.8093855721145,2658.0,17904.951667186815,"(1280, 864, 90)","(1280.0, 864.0, 90)"
108,36,0,XDP_XM1_XM2,0.0,0.0,0.0,"(1280, 864, 90)","(1559.0, 878.5, 90)"
109,36,1,XDL_XM3_XM4,0.0,0.0,0.0,"(1280, 864, 90)","(1280.0, 518.0, 90)"
110,36,2,XM5,-2905.4051852605644,2725.0,32546.030868898575,"(1280, 864, 90)","(1280.0, 864.0, 90)"
111,37,0,XDL_XM3_XM4,0.0,0.0,0.0,"(1280, 864, 90)","(1280.0, 503.5, 90)"
112,37,1,XM5,0.0,0.0,0.0,"(1280, 864, 90)","(1559.0, 864.0, 90)"
113,37,2,XDP_XM1_XM2,-2791.8093855721145,2658.0,17904.951667186815,"(1280, 864, 90)","(1280.0, 864.0, 90)"
114,38,0,XDP_XM1_XM2,0.0,0.0,0.0,"(1280, 864, 90)","(1559.0, 878.5, 90)"
115,38,1,XDL_XM3_XM4,0.0,0.0,0.0,"(1280, 864, 90)","(1280.0, 518.0, 90)"
116,38,2,XM5,-2905.4051852605644,2725.0,32546.030868898575,"(1280, 864, 90)","(1280.0, 864.0, 90)"
117,39,0,XDP_XM1_XM2,0.0,0.0,0.0,"(1280, 864, 90)","(1559.0, 878.5, 90)"
118,39,1,XDL_XM3_XM4,0.0,0.0,0.0,"(1280, 864, 90)","(1280.0, 518.0, 90)"
119,39,2,XM5,-2905.4051852605644,2725.0,32546.030868898575,"(1280, 864, 90)","(1280.0, 864.0, 90)"
120,40,0,XDP_XM1_XM2,0.0,0.0,0.0,"(1280, 864, 90)","(1559.0, 878.5, 90)"
121,40,1,XDL_XM3_XM4,0.0,0.0,0.0,"(1280, 864, 90)","(1280.0, 518.0, 90)"
122,40,2,XM5,-2905.4051852605644,2725.0,32546.030868898575,"(1280, 864, 90)","(1280.0, 864.0, 90)"
123,41,0,XM5,0.0,0.0,0.0,"(1280, 864, 90)","(1559.0, 518.0, 90)"
124,41,1,XDP_XM1_XM2,0.0,0.0,0.0,"(1280, 864, 90)","(1280.0, 503.5, 90)"
125,41,2,XDL_XM3_XM4,-3110.049699888884,2918.0,36883.087227410426,"(1280, 864, 90)","(1280.0, 864.0, 90)"
126,42,0,XDL_XM3_XM4,0.0,0.0,0.0,"(1280, 864, 90)","(1280.0, 503.5, 90)"
127,42,1,XDP_XM1_XM2,0.0,0.0,0.0,"(1280, 864, 90)","(1559.0, 864.0, 90)"
128,42,2,XM5,-2906.75640753615,2725.0,33035.39168044717,"(1280, 864, 90)","(1280.0, 864.0, 90)"
129,43,0,XM5,0.0,0.0,0.0,"(1280, 864, 90)","(1559.0, 864.0, 90)"
130,43,1,XDL_XM3_XM4,0.0,0.0,0.0,"(1280, 864, 90)","(1280.0, 503.5, 90)"
131,43,2,XDP_XM1_XM2,-2791.8093855721145,2658.0,17904.951667186815,"(1280, 864, 90)","(1280.0, 864.0, 90)"
132,44,0,XM5,0.0,0.0,0.0,"(1280, 864, 90)","(1559.0, 518.0, 90)"
133,44,1,XDP_XM1_XM2,0.0,0.0,0.0,"(1280, 864, 90)","(1280.0, 503.5, 90)"
134,44,2,XDL_XM3_XM4,-3110.049699888884,2918.0,36883.087227410426,"(1280, 864, 90)","(1280.0, 864.0, 90)"
135,45,0,XDP_XM1_XM2,0.0,0.0,0.0,"(1280, 864, 90)","(1559.0, 878.5, 90)"
136,45,1,XDL_XM3_XM4,0.0,0.0,0.0,"(1280, 864, 90)","(1280.0, 518.0, 90)"
137,45,2,XM5,-2905.4051852605644,2725.0,32546.030868898575,"(1280, 864, 90)","(1280.0, 864.0, 90)"
138,46,0,XM5,0.0,0.0,0.0,"(1280, 864, 90)","(1559.0, 864.0, 90)"
139,46,1,XDL_XM3_XM4,0.0,0.0,0.0,"(1280, 864, 90)","(1280.0, 503.5, 90)"
140,46,2,XDP_XM1_XM2,-2791.8093855721145,2658.0,17904.951667186815,"(1280, 864, 90)","(1280.0, 864.0, 90)"
141,47,0,XDL_XM3_XM4,0.0,0.0,0.0,"(1280, 864, 90)","(1280.0, 503.5, 90)"
142,47,1,XDP_XM1_XM2,0.0,0.0,0.0,"(1280, 864, 90)","(1559.0, 864.0, 90)"
143,47,2,XM5,-2906.75640753615,2725.0,33035.39168044717,"(1280, 864, 90)","(1280.0, 864.0, 90)"
144,48,0,XM5,0.0,0.0,0.0,"(1280, 864, 90)","(1559.0, 518.0, 90)"
145,48,1,XDP_XM1_XM2,0.0,0.0,0.0,"(1280, 864, 90)","(1280.0, 503.5, 90)"
146,48,2,XDL_XM3_XM4,-3110.049699888884,2918.0,36883.087227410426,"(1280, 864, 90)","(1280.0, 864.0, 90)"
147,49,0,XM5,0.0,0.0,0.0,"(1280, 864, 90)","(1559.0, 864.0, 90)"
148,49,1,XDL_XM3_XM4,0.0,0.0,0.0,"(1280, 864, 90)","(1280.0, 503.5, 90)"
149,49,2,XDP_XM1_XM2,-2791.8093855721145,2658.0,17904.951667186815,"(1280, 864, 90)","(1280.0, 864.0, 90)"
150,50,0,XM5,0.0,0.0,0.0,"(1280, 864, 90)","(1559.0, 864.0, 90)"
151,50,1,XDL_XM3_XM4,0.0,0.0,0.0,"(1280, 864, 90)","(1280.0, 503.5, 90)"
152,50,2,XDP_XM1_XM2,-2791.8093855721145,2658.0,17904.951667186815,"(1280, 864, 90)","(1280.0, 864.0, 90)"
153,51,0,XDP_XM1_XM2,0.0,0.0,0.0,"(1280, 864, 90)","(1559.0, 878.5, 90)"
154,51,1,XDL_XM3_XM4,0.0,0.0,0.0,"(1280, 864, 90)","(1280.0, 518.0, 90)"
155,51,2,XM5,-2905.4051852605644,2725.0,32546.030868898575,"(1280, 864, 90)","(1280.0, 864.0, 90)"
156,52,0,XDP_XM1_XM2,0.0,0.0,0.0,"(1280, 864, 90)","(1559.0, 503.5, 90)"
157,52,1,XM5,0.0,0.0,0.0,"(1280, 864, 90)","(1280.0, 518.0, 90)"
158,52,2,XDL_XM3_XM4,-3169.1411976635272,2985.0,33907.98067695824,"(1280, 864, 90)","(1280.0, 864.0, 90)"
159,53,0,XM5,0.0,0.0,0.0,"(1280, 864, 90)","(1559.0, 864.0, 90)"
160,53,1,XDL_XM3_XM4,0.0,0.0,0.0,"(1280, 864, 90)","(1280.0, 503.5, 90)"
161,53,2,XDP_XM1_XM2,-2791.8093855721145,2658.0,17904.951667186815,"(1280, 864, 90)","(1280.0, 864.0, 90)"
162,54,0,XDP_XM1_XM2,0.0,0.0,0.0,"(1280, 864, 90)","(1559.0, 503.5, 90)"
163,54,1,XM5,0.0,0.0,0.0,"(1280, 864, 90)","(1280.0, 518.0, 90)"
164,54,2,XDL_XM3_XM4,-3169.1411976635272,2985.0,33907.98067695824,"(1280, 864, 90)","(1280.0, 864.0, 90)"
165,55,0,XDP_XM1_XM2,0.0,0.0,0.0,"(1280, 864, 90)","(1559.0, 503.5, 90)"
166,55,1,XM5,0.0,0.0,0.0,"(1280, 864, 90)","(1280.0, 518.0, 90)"
167,55,2,XDL_XM3_XM4,-3169.1411976635272,2985.0,33907.98067695824,"(1280, 864, 90)","(1280.0, 864.0, 90)"
168,56,0,XM5,0.0,0.0,0.0,"(1280, 864, 90)","(1559.0, 864.0, 90)"
169,56,1,XDL_XM3_XM4,0.0,0.0,0.0,"(1280, 864, 90)","(1280.0, 503.5, 90)"
170,56,2,XDP_XM1_XM2,-2791.8093855721145,2658.0,17904.951667186815,"(1280, 864, 90)","(1280.0, 864.0, 90)"
171,57,0,XDL_XM3_XM4,0.0,0.0,0.0,"(1280, 864, 90)","(1280.0, 503.5, 90)"
172,57,1,XM5,0.0,0.0,0.0,"(1280, 864, 90)","(1559.0, 864.0, 90)"
173,57,2,XDP_XM1_XM2,-2791.8093855721145,2658.0,17904.951667186815,"(1280, 864, 90)","(1280.0, 864.0, 90)"
174,58,0,XM5,0.0,0.0,0.0,"(1280, 864, 90)","(1559.0, 518.0, 90)"
175,58,1,XDP_XM1_XM2,0.0,0.0,0.0,"(1280, 864, 90)","(1280.0, 503.5, 90)"
176,58,2,XDL_XM3_XM4,-3110.049699888884,2918.0,36883.087227410426,"(1280, 864, 90)","(1280.0, 864.0, 90)"
177,59,0,XDP_XM1_XM2,0.0,0.0,0.0,"(1280, 864, 90)","(1559.0, 503.5, 90)"
178,59,1,XM5,0.0,0.0,0.0,"(1280, 864, 90)","(1280.0, 518.0, 90)"
179,59,2,XDL_XM3_XM4,-3169.1411976635272,2985.0,33907.98067695824,"(1280, 864, 90)","(1280.0, 864.0, 90)"
180,60,0,XDP_XM1_XM2,0.0,0.0,0.0,"(1280, 864, 90)","(1559.0, 878.5, 90)"
181,60,1,XDL_XM3_XM4,0.0,0.0,0.0,"(1280, 864, 90)","(1280.0, 518.0, 90)"
182,60,2,XM5,-2905.4051852605644,2725.0,32546.030868898575,"(1280, 864, 90)","(1280.0, 864.0, 90)"
183,61,0,XDL_XM3_XM4,0.0,0.0,0.0,"(1280, 864, 90)","(1280.0, 503.5, 90)"
184,61,1,XM5,0.0,0.0,0.0,"(1280, 864, 90)","(1559.0, 864.0, 90)"
185,61,2,XDP_XM1_XM2,-2791.8093855721145,2658.0,17904.951667186815,"(1280, 864, 90)","(1280.0, 864.0, 90)"
186,62,0,XDP_XM1_XM2,0.0,0.0,0.0,"(1280, 864, 90)","(1559.0, 878.5, 90)"
187,62,1,XDL_XM3_XM4,0.0,0.0,0.0,"(1280, 864, 90)","(1280.0, 518.0, 90)"
188,62,2,XM5,-2905.4051852605644,2725.0,32546.030868898575,"(1280, 864, 90)","(1280.0, 864.0, 90)"
189,63,0,XDP_XM1_XM2,0.0,0.0,0.0,"(1280, 864, 90)","(1559.0, 878.5, 90)"
190,63,1,XDL_XM3_XM4,0.0,0.0,0.0,"(1280, 864, 90)","(1280.0, 518.0, 90)"
191,63,2,XM5,-2905.4051852605644,2725.0,32546.030868898575,"(1280, 864, 90)","(1280.0, 864.0, 90)"
192,64,0,XDL_XM3_XM4,0.0,0.0,0.0,"(1280, 864, 90)","(1280.0, 503.5, 90)"
193,64,1,XDP_XM1_XM2,0.0,0.0,0.0,"(1280, 864, 90)","(1559.0, 864.0, 90)"
194,64,2,XM5,-2906.75640753615,2725.0,33035.39168044717,"(1280, 864, 90)","(1280.0, 864.0, 90)"
195,65,0,XDP_XM1_XM2,0.0,0.0,0.0,"(1280, 864, 90)","(1559.0, 878.5, 90)"
196,65,1,XDL_XM3_XM4,0.0,0.0,0.0,"(1280, 864, 90)","(1280.0, 518.0, 90)"
197,65,2,XM5,-2905.4051852605644,2725.0,32546.030868898575,"(1280, 864, 90)","(1280.0, 864.0, 90)"
198,66,0,XDP_XM1_XM2,0.0,0.0,0.0,"(1280, 864, 90)","(1559.0, 503.5, 90)"
199,66,1,XM5,0.0,0.0,0.0,"(1280, 864, 90)","(1280.0, 518.0, 90)"
200,66,2,XDL_XM3_XM4,-3169.1411976635272,2985.0,33907.98067695824,"(1280, 864, 90)","(1280.0, 864.0, 90)"
201,67,0,XDP_XM1_XM2,0.0,0.0,0.0,"(1280, 864, 90)","(1559.0, 878.5, 90)"
202,67,1,XDL_XM3_XM4,0.0,0.0,0.0,"(1280, 864, 90)","(1280.0, 518.0, 90)"
203,67,2,XM5,-2905.4051852605644,2725.0,32546.030868898575,"(1280, 864, 90)","(1280.0, 864.0, 90)"
204,68,0,XDP_XM1_XM2,0.0,0.0,0.0,"(1280, 864, 90)","(1559.0, 503.5, 90)"
205,68,1,XM5,0.0,0.0,0.0,"(1280, 864, 90)","(1280.0, 518.0, 90)"
206,68,2,XDL_XM3_XM4,-3169.1411976635272,2985.0,33907.98067695824,"(1280, 864, 90)","(1280.0, 864.0, 90)"
207,69,0,XDP_XM1_XM2,0.0,0.0,0.0,"(1280, 864, 90)","(1559.0, 503.5, 90)"
208,69,1,XM5,0.0,0.0,0.0,"(1280, 864, 90)","(1280.0, 518.0, 90)"
209,69,2,XDL_XM3_XM4,-3169.1411976635272,2985.0,33907.98067695824,"(1280, 864, 90)","(1280.0, 864.0, 90)"
210,70,0,XDL_XM3_XM4,0.0,0.0,0.0,"(1280, 864, 90)","(1280.0, 503.5, 90)"
211,70,1,XDP_XM1_XM2,0.0,0.0,0.0,"(1280, 864, 90)","(1559.0, 864.0, 90)"
212,70,2,XM5,-2906.75640753615,2725.0,33035.39168044717,"(1280, 864, 90)","(1280.0, 864.0, 90)"
213,71,0,XDL_XM3_XM4,0.0,0.0,0.0,"(1280, 864, 90)","(1280.0, 503.5, 90)"
214,71,1,XDP_XM1_XM2,0.0,0.0,0.0,"(1280, 864, 90)","(1559.0, 864.0, 90)"
215,71,2,XM5,-2906.75640753615,2725.0,33035.39168044717,"(1280, 864, 90)","(1280.0, 864.0, 90)"
216,72,0,XDL_XM3_XM4,0.0,0.0,0.0,"(1280, 864, 90)","(1280.0, 503.5, 90)"
217,72,1,XDP_XM1_XM2,0.0,0.0,0.0,"(1280, 864, 90)","(1559.0, 864.0, 90)"
218,72,2,XM5,-2906.75640753615,2725.0,33035.39168044717,"(1280, 864, 90)","(1280.0, 864.0, 90)"
219,73,0,XDP_XM1_XM2,0.0,0.0,0.0,"(1280, 864, 90)","(1559.0, 878.5, 90)"
220,73,1,XDL_XM3_XM4,0.0,0.0,0.0,"(1280, 864, 90)","(1280.0, 518.0, 90)"
221,73,2,XM5,-2905.4051852605644,2725.0,32546.030868898575,"(1280, 864, 90)","(1280.0, 864.0, 90)"
222,74,0,XDP_XM1_XM2,0.0,0.0,0.0,"(1280, 864, 90)","(1559.0, 503.5, 90)"
223,74,1,XM5,0.0,0.0,0.0,"(1280, 864, 90)","(1280.0, 518.0, 90)"
224,74,2,XDL_XM3_XM4,-3169.1411976635272,2985.0,33907.98067695824,"(1280, 864, 90)","(1280.0, 864.0, 90)"
225,75,0,XM5,0.0,0.0,0.0,"(1280, 864, 90)","(1559.0, 864.0, 90)"
226,75,1,XDL_XM3_XM4,0.0,0.0,0.0,"(1280, 864, 90)","(1280.0, 503.5, 90)"
227,75,2,XDP_XM1_XM2,-2791.8093855721145,2658.0,17904.951667186815,"(1280, 864, 90)","(1280.0, 864.0, 90)"
228,76,0,XDP_XM1_XM2,0.0,0.0,0.0,"(1280, 864, 90)","(1559.0, 878.5, 90)"
229,76,1,XDL_XM3_XM4,0.0,0.0,0.0,"(1280, 864, 90)","(1280.0, 518.0, 90)"
230,76,2,XM5,-2905.4051852605644,2725.0,32546.030868898575,"(1280, 864, 90)","(1280.0, 864.0, 90)"
231,77,0,XDP_XM1_XM2,0.0,0.0,0.0,"(1280, 864, 90)","(1559.0, 878.5, 90)"
232,77,1,XDL_XM3_XM4,0.0,0.0,0.0,"(1280, 864, 90)","(1280.0, 518.0, 90)"
233,77,2,XM5,-2905.4051852605644,2725.0,32546.030868898575,"(1280, 864, 90)","(1280.0, 864.0, 90)"
234,78,0,XDL_XM3_XM4,0.0,0.0,0.0,"(1280, 864, 90)","(1280.0, 503.5, 90)"
235,78,1,XM5,0.0,0.0,0.0,"(1280, 864, 90)","(1559.0, 864.0, 90)"
236,78,2,XDP_XM1_XM2,-2791.8093855721145,2658.0,17904.951667186815,"(1280, 864, 90)","(1280.0, 864.0, 90)"
237,79,0,XDP_XM1_XM2,0.0,0.0,0.0,"(1280, 864, 90)","(1559.0, 878.5, 90)"
238,79,1,XDL_XM3_XM4,0.0,0.0,0.0,"(1280, 864, 90)","(1280.0, 518.0, 90)"
239,79,2,XM5,-2905.4051852605644,2725.0,32546.030868898575,"(1280, 864, 90)","(1280.0, 864.0, 90)"
240,80,0,XDP_XM1_XM2,0.0,0.0,0.0,"(1280, 864, 90)","(1559.0, 878.5, 90)"
241,80,1,XDL_XM3_XM4,0.0,0.0,0.0,"(1280, 864, 90)","(1280.0, 518.0, 90)"
242,80,2,XM5,-2905.4051852605644,2725.0,32546.030868898575,"(1280, 864, 90)","(1280.0, 864.0, 90)"
243,81,0,XM5,0.0,0.0,0.0,"(1280, 864, 90)","(1559.0, 518.0, 90)"
244,81,1,XDP_XM1_XM2,0.0,0.0,0.0,"(1280, 864, 90)","(1280.0, 503.5, 90)"
245,81,2,XDL_XM3_XM4,-3110.049699888884,2918.0,36883.087227410426,"(1280, 864, 90)","(1280.0, 864.0, 90)"
246,82,0,XDP_XM1_XM2,0.0,0.0,0.0,"(1280, 864, 90)","(1559.0, 503.5, 90)"
247,82,1,XM5,0.0,0.0,0.0,"(1280, 864, 90)","(1280.0, 518.0, 90)"
248,82,2,XDL_XM3_XM4,-3169.1411976635272,2985.0,33907.98067695824,"(1280, 864, 90)","(1280.0, 864.0, 90)"
249,83,0,XDL_XM3_XM4,0.0,0.0,0.0,"(1280, 864, 90)","(1280.0, 503.5, 90)"
250,83,1,XDP_XM1_XM2,0.0,0.0,0.0,"(1280, 864, 90)","(1559.0, 864.0, 90)"
251,83,2,XM5,-2906.75640753615,2725.0,33035.39168044717,"(1280, 864, 90)","(1280.0, 864.0, 90)"
252,84,0,XM5,0.0,0.0,0.0,"(1280, 864, 90)","(1559.0, 518.0, 90)"
253,84,1,XDP_XM1_XM2,0.0,0.0,0.0,"(1280, 864, 90)","(1280.0, 503.5, 90)"
254,84,2,XDL_XM3_XM4,-3110.049699888884,2918.0,36883.087227410426,"(1280, 864, 90)","(1280.0, 864.0, 90)"
255,85,0,XDP_XM1_XM2,0.0,0.0,0.0,"(1280, 864, 90)","(1559.0, 878.5, 90)"
256,85,1,XDL_XM3_XM4,0.0,0.0,0.0,"(1280, 864, 90)","(1280.0, 518.0, 90)"
257,85,2,XM5,-2905.4051852605644,2725.0,32546.030868898575,"(1280, 864, 90)","(1280.0, 864.0, 90)"
258,86,0,XM5,0.0,0.0,0.0,"(1280, 864, 90)","(1559.0, 864.0, 90)"
259,86,1,XDL_XM3_XM4,0.0,0.0,0.0,"(1280, 864, 90)","(1280.0, 503.5, 90)"
260,86,2,XDP_XM1_XM2,-2791.8093855721145,2658.0,17904.951667186815,"(1280, 864, 90)","(1280.0, 864.0, 90)"
261,87,0,XM5,0.0,0.0,0.0,"(1280, 864, 90)","(1559.0, 864.0, 90)"
262,87,1,XDL_XM3_XM4,0.0,0.0,0.0,"(1280, 864, 90)","(1280.0, 503.5, 90)"
263,87,2,XDP_XM1_XM2,-2791.8093855721145,2658.0,17904.951667186815,"(1280, 864, 90)","(1280.0, 864.0, 90)"
264,88,0,XDP_XM1_XM2,0.0,0.0,0.0,"(1280, 864, 90)","(1559.0, 503.5, 90)"
265,88,1,XM5,0.0,0.0,0.0,"(1280, 864, 90)","(1280.0, 518.0, 90)"
266,88,2,XDL_XM3_XM4,-3169.1411976635272,2985.0,33907.98067695824,"(1280, 864, 90)","(1280.0, 864.0, 90)"
267,89,0,XM5,0.0,0.0,0.0,"(1280, 864, 90)","(1559.0, 864.0, 90)"
268,89,1,XDL_XM3_XM4,0.0,0.0,0.0,"(1280, 864, 90)","(1280.0, 503.5, 90)"
269,89,2,XDP_XM1_XM2,-2791.8093855721145,2658.0,17904.951667186815,"(1280, 864, 90)","(1280.0, 864.0, 90)"
270,90,0,XM5,0.0,0.0,0.0,"(1280, 864, 90)","(1559.0, 518.0, 90)"
271,90,1,XDP_XM1_XM2,0.0,0.0,0.0,"(1280, 864, 90)","(1280.0, 503.5, 90)"
272,90,2,XDL_XM3_XM4,-3110.049699888884,2918.0,36883.087227410426,"(1280, 864, 90)","(1280.0, 864.0, 90)"
273,91,0,XM5,0.0,0.0,0.0,"(1280, 864, 90)","(1559.0, 864.0, 90)"
274,91,1,XDL_XM3_XM4,0.0,0.0,0.0,"(1280, 864, 90)","(1280.0, 503.5, 90)"
275,91,2,XDP_XM1_XM2,-2791.8093855721145,2658.0,17904.951667186815,"(1280, 864, 90)","(1280.0, 864.0, 90)"
276,92,0,XM5,0.0,0.0,0.0,"(1280, 864, 90)","(1559.0, 518.0, 90)"
277,92,1,XDP_XM1_XM2,0.0,0.0,0.0,"(1280, 864, 90)","(1280.0, 503.5, 90)"
278,92,2,XDL_XM3_XM4,-3110.049699888884,2918.0,36883.087227410426,"(1280, 864, 90)","(1280.0, 864.0, 90)"
279,93,0,XDL_XM3_XM4,0.0,0.0,0.0,"(1280, 864, 90)","(1280.0, 503.5, 90)"
280,93,1,XDP_XM1_XM2,0.0,0.0,0.0,"(1280, 864, 90)","(1559.0, 864.0, 90)"
281,93,2,XM5,-2906.75640753615,2725.0,33035.39168044717,"(1280, 864, 90)","(1280.0, 864.0, 90)"
282,94,0,XDP_XM1_XM2,0.0,0.0,0.0,"(1280, 864, 90)","(1559.0, 503.5, 90)"
283,94,1,XM5,0.0,0.0,0.0,"(1280, 864, 90)","(1280.0, 518.0, 90)"
284,94,2,XDL_XM3_XM4,-3169.1411976635272,2985.0,33907.98067695824,"(1280, 864, 90)","(1280.0, 864.0, 90)"
285,95,0,XM5,0.0,0.0,0.0,"(1280, 864, 90)","(1559.0, 864.0, 90)"
286,95,1,XDL_XM3_XM4,0.0,0.0,0.0,"(1280, 864, 90)","(1280.0, 503.5, 90)"
287,95,2,XDP_XM1_XM2,-2791.8093855721145,2658.0,17904.951667186815,"(1280, 864, 90)","(1280.0, 864.0, 90)"
288,96,0,XDL_XM3_XM4,0.0,0.0,0.0,"(1280, 864, 90)","(1280.0, 503.5, 90)"
289,96,1,XM5,0.0,0.0,0.0,"(1280, 864, 90)","(1559.0, 864.0, 90)"
290,96,2,XDP_XM1_XM2,-2791.8093855721145,2658.0,17904.951667186815,"(1280, 864, 90)","(1280.0, 864.0, 90)"
291,97,0,XDL_XM3_XM4,0.0,0.0,0.0,"(1280, 864, 90)","(1280.0, 503.5, 90)"
292,97,1,XDP_XM1_XM2,0.0,0.0,0.0,"(1280, 864, 90)","(1559.0, 864.0, 90)"
293,97,2,XM5,-2906.75640753615,2725.0,33035.39168044717,"(1280, 864, 90)","(1280.0, 864.0, 90)"
294,98,0,XM5,0.0,0.0,0.0,"(1280, 864, 90)","(1559.0, 864.0, 90)"
295,98,1,XDL_XM3_XM4,0.0,0.0,0.0,"(1280, 864, 90)","(1280.0, 503.5, 90)"
296,98,2,XDP_XM1_XM2,-2791.8093855721145,2658.0,17904.951667186815,"(1280, 864, 90)","(1280.0, 864.0, 90)"
297,99,0,XDP_XM1_XM2,0.0,0.0,0.0,"(1280, 864, 90)","(1559.0, 878.5, 90)"
298,99,1,XDL_XM3_XM4,0.0,0.0,0.0,"(1280, 864, 90)","(1280.0, 518.0, 90)"
299,99,2,XM5,-2905.4051852605644,2725.0,32546.030868898575,"(1280, 864, 90)","(1280.0, 864.0, 90)"
300,100,0,XM5,0.0,0.0,0.0,"(1416, 593, 90)","(1416.0, 593.0, 90)"
301,100,1,XDL_XM3_XM4,0.0,0.0,0.0,"(1542, 108, 90)","(1542.0, 108.0, 90)"
302,100,2,XDP_XM1_XM2,-5242.189669563527,4949.0,85960.18233877009,"(1157, 1124, 180)","(1157.0, 1124.0, 180)"
303,101,0,XDP_XM1_XM2,0.0,0.0,0.0,"(481, 78, 90)","(481.0, 78.0, 90)"
304,101,1,XDL_XM3_XM4,0.0,0.0,0.0,"(633, 1074, 90)","(633.0, 1074.0, 90)"
305,101,2,XM5,-5337.330400954364,5072.0,70400.22167060363,"(1137, 339, 90)","(1137.0, 339.0, 90)"
306,102,0,XDP_XM1_XM2,0.0,0.0,0.0,"(1079, 1473, 90)","(1079.0, 1473.0, 90)"
307,102,1,XM5,0.0,0.0,0.0,"(103, 694, 90)","(103.0, 694.0, 90)"
308,102,2,XDL_XM3_XM4,-6527.167272963939,6292.0,55303.646273295635,"(1298, 660, 90)","(1298.0, 660.0, 90)"
309,103,0,XDP_XM1_XM2,0.0,0.0,0.0,"(1408, 226, 90)","(1408.0, 226.0, 90)"
310,103,1,XDL_XM3_XM4,0.0,0.0,0.0,"(521, 434, 90)","(521.0, 434.0, 90)"
311,103,2,XM5,-5710.343790677744,5412.0,89009.01743596572,"(350, 275, 270)","(350.0, 88.0, 270)"
312,104,0,XDP_XM1_XM2,0.0,0.0,0.0,"(529, 674, 90)","(529.0, 674.0, 90)"
313,104,1,XDL_XM3_XM4,0.0,0.0,0.0,"(1323, 888, 90)","(1323.0, 888.0, 90)"
314,104,2,XM5,-5452.292667478152,5155.0,88382.93013627507,"(1222, 358, 90)","(1222.0, 358.0, 90)"
315,105,0,XM5,0.0,0.0,0.0,"(1335, 1392, 90)","(1335.0, 1569.0, 90)"
316,105,1,XDP_XM1_XM2,0.0,0.0,0.0,"(537, 1062, 90)","(537.0, 1062.0, 90)"
317,105,2,XDL_XM3_XM4,-5722.269555667835,5376.0,119902.60518240051,"(1289, 1223, 90)","(1289.0, 1223.0, 90)"
318,106,0,XM5,0.0,0.0,0.0,"(519, 637, 90)","(519.0, 637.0, 90)"
319,106,1,XDP_XM1_XM2,0.0,0.0,0.0,"(1517, 371, 180)","(1517.0, 371.0, 180)"
320,106,2,XDL_XM3_XM4,-8419.441220999484,7985.0,188739.17450352202,"(422, 1488, 90)","(422.0, 1488.0, 90)"
321,107,0,XM5,0.0,0.0,0.0,"(492, 900, 90)","(492.0, 900.0, 90)"
322,107,1,XDL_XM3_XM4,0.0,0.0,0.0,"(1375, 1539, 90)","(1375.0, 1539.0, 90)"
323,107,2,XDP_XM1_XM2,-8613.658688806665,8188.0,181185.31935660864,"(9, 332, 90)","(9.0, 332.0, 90)"
324,108,0,XDL_XM3_XM4,0.0,0.0,0.0,"(453, 958, 90)","(453.0, 958.0, 90)"
325,108,1,XM5,0.0,0.0,0.0,"(349, 53, 90)","(349.0, 53.0, 90)"
326,108,2,XDP_XM1_XM2,-4010.29357585345,3795.0,46351.32380376524,"(185, 481, 90)","(185.0, 481.0, 90)"
327,109,0,XM5,0.0,0.0,0.0,"(1113, 777, 90)","(1113.0, 777.0, 90)"
328,109,1,XDL_XM3_XM4,0.0,0.0,0.0,"(0, 755, 90)","(0.0, 755.0, 90)"
329,109,2,XDP_XM1_XM2,-5868.641739663137,5586.0,79886.3529998046,"(784, 146, 90)","(784.0, 146.0, 90)"
330,110,0,XDL_XM3_XM4,0.0,0.0,0.0,"(532, 770, 90)","(532.0, 770.0, 90)"
331,110,1,XDP_XM1_XM2,0.0,0.0,0.0,"(1278, 1490, 90)","(1278.0, 1490.0, 90)"
332,110,2,XM5,-7541.997067163245,7094.0,200701.37218686918,"(592, 580, 90)","(592.0, 424.0, 90)"
333,111,0,XDP_XM1_XM2,0.0,0.0,0.0,"(1109, 49, 90)","(1109.0, 49.0, 90)"
334,111,1,XDL_XM3_XM4,0.0,0.0,0.0,"(957, 1139, 90)","(957.0, 1153.0, 90)"
335,111,2,XM5,-5987.463872818157,5717.0,73150.7064997961,"(655, 807, 90)","(655.0, 807.0, 90)"
336,112,0,XDP_XM1_XM2,0.0,0.0,0.0,"(871, 1483, 90)","(881.0, 1194.5, 90)"
337,112,1,XDL_XM3_XM4,0.0,0.0,0.0,"(738, 1555, 90)","(738.0, 1555.0, 90)"
338,112,2,XM5,-2911.1388057515123,2775.0,18533.77443144797,"(602, 1549, 90)","(602.0, 1209.0, 90)"
339,113,0,XM5,0.0,0.0,0.0,"(69, 1184, 90)","(69.0, 1184.0, 90)"
340,113,1,XDL_XM3_XM4,0.0,0.0,0.0,"(1264, 105, 180)","(1264.0, 105.0, 180)"
341,113,2,XDP_XM1_XM2,-5895.928262983864,5658.0,56609.8583265191,"(1379, 1065, 90)","(1379.0, 1065.0, 90)"
342,114,0,XDP_XM1_XM2,0.0,0.0,0.0,"(1128, 1112, 90)","(1206.0, 1112.0, 90)"
343,114,1,XDL_XM3_XM4,0.0,0.0,0.0,"(814, 558, 270)","(814.0, 558.0, 270)"
344,114,2,XM5,-3879.5481104378587,3648.0,53614.52744734279,"(927, 972, 90)","(927.0, 972.0, 90)"
345,115,0,XM5,0.0,0.0,0.0,"(634, 1551, 90)","(634.0, 1594.5, 90)"
346,115,1,XDP_XM1_XM2,0.0,0.0,0.0,"(766, 1184, 90)","(766.0, 1184.0, 90)"
347,115,2,XDL_XM3_XM4,-2719.5299626593273,2631.0,7837.554288461888,"(623, 1053, 90)","(623.0, 823.5, 90)"
348,116,0,XDP_XM1_XM2,0.0,0.0,0.0,"(134, 301, 90)","(134.0, 301.0, 90)"
349,116,1,XM5,0.0,0.0,0.0,"(1150, 1350, 90)","(1150.0, 1350.0, 90)"
350,116,2,XDL_XM3_XM4,-8449.37182977827,7962.0,237531.30046141922,"(493, 1388, 180)","(493.0, 1388.0, 180)"
351,117,0,XDL_XM3_XM4,0.0,0.0,0.0,"(687, 51, 90)","(687.0, 51.0, 90)"
352,117,1,XDP_XM1_XM2,0.0,0.0,0.0,"(599, 1024, 90)","(598.0, 1024.0, 90)"
353,117,2,XM5,-4064.090647629233,3923.0,19906.570848436444,"(877, 889, 90)","(877.0, 889.0, 90)"
354,118,0,XDP_XM1_XM2,0.0,0.0,0.0,"(407, 802, 90)","(407.0, 802.0, 90)"
355,118,1,XM5,0.0,0.0,0.0,"(303, 311, 90)","(303.0, 311.0, 90)"
356,118,2,XDL_XM3_XM4,-4111.863020677579,3930.0,33074.15828997337,"(790, 1300, 90)","(790.0, 1300.0, 90)"
357,119,0,XDP_XM1_XM2,0.0,0.0,0.0,"(786, 204, 90)","(786.0, 204.0, 90)"
358,119,1,XM5,0.0,0.0,0.0,"(1256, 496, 90)","(1256.0, 496.0, 90)"
359,119,2,XDL_XM3_XM4,-4991.023996808013,4666.0,105640.59850105511,"(1249, 692, 90)","(1249.0, 842.0, 90)"
360,120,0,XDP_XM1_XM2,0.0,0.0,0.0,"(1469, 390, 90)","(1469.0, 390.0, 90)"
361,120,1,XDL_XM3_XM4,0.0,0.0,0.0,"(445, 1195, 90)","(445.0, 1195.0, 90)"
362,120,2,XM5,-6441.107126088042,6077.0,132573.999268093,"(1170, 932, 90)","(1170.0, 932.0, 90)"
363,121,0,XDL_XM3_XM4,0.0,0.0,0.0,"(354, 1474, 90)","(354.0, 1505.0, 90)"
364,121,1,XDP_XM1_XM2,0.0,0.0,0.0,"(1341, 265, 90)","(1341.0, 265.0, 90)"
365,121,2,XM5,-8926.227611869503,8415.0,261353.67113779407,"(623, 1159, 90)","(623.0, 1159.0, 90)"
366,122,0,XM5,0.0,0.0,0.0,"(1136, 889, 90)","(1136.0, 889.0, 90)"
367,122,1,XDP_XM1_XM2,0.0,0.0,0.0,"(216, 757, 90)","(216.0, 757.0, 90)"
368,122,2,XDL_XM3_XM4,-4113.346063052002,3940.0,30048.857575628757,"(55, 506, 90)","(55.0, 396.5, 90)"
369,123,0,XDL_XM3_XM4,0.0,0.0,0.0,"(313, 269, 90)","(313.0, 269.0, 90)"
370,123,1,XDP_XM1_XM2,0.0,0.0,0.0,"(1475, 1055, 90)","(1475.0, 1055.0, 90)"
371,123,2,XM5,-8006.870567067634,7660.0,120319.19029782203,"(37, 1172, 90)","(37.0, 1172.0, 90)"
372,124,0,XDL_XM3_XM4,0.0,0.0,0.0,"(280, 279, 90)","(18.0, 279.0, 90)"
373,124,1,XM5,0.0,0.0,0.0,"(526, 254, 90)","(526.0, 254.0, 90)"
374,124,2,XDP_XM1_XM2,-8756.50832767618,8306.0,202957.75330558754,"(809, 1540, 180)","(809.0, 1540.0, 180)"
375,125,0,XDL_XM3_XM4,0.0,0.0,0.0,"(1534, 445, 90)","(1534.0, 627.5, 90)"
376,125,1,XM5,0.0,0.0,0.0,"(802, 169, 90)","(802.0, 169.0, 90)"
377,125,2,XDP_XM1_XM2,-3666.889744838671,3527.0,19569.140711028474,"(1457, 267, 90)","(1457.0, 267.0, 90)"
378,126,0,XDL_XM3_XM4,0.0,0.0,0.0,"(939, 454, 90)","(939.0, 454.0, 90)"
379,126,1,XDP_XM1_XM2,0.0,0.0,0.0,"(1182, 337, 90)","(1182.0, 93.5, 90)"
380,126,2,XM5,-3226.8742948055005,3049.0,31639.264752554092,"(835, 314, 90)","(835.0, 108.0, 90)"
381,127,0,XDL_XM3_XM4,0.0,0.0,0.0,"(1073, 710, 90)","(1073.0, 710.0, 90)"
382,127,1,XM5,0.0,0.0,0.0,"(1367, 918, 90)","(1367.0, 1056.0, 90)"
383,127,2,XDP_XM1_XM2,-9103.542865503265,8568.0,286806.16079144785,"(161, 35, 90)","(161.0, 35.0, 90)"
384,128,0,XDL_XM3_XM4,0.0,0.0,0.0,"(996, 666, 90)","(996.0, 666.0, 90)"
385,128,1,XDP_XM1_XM2,0.0,0.0,0.0,"(911, 108, 90)","(911.0, 108.0, 90)"
386,128,2,XM5,-5084.967674737857,4752.0,110867.47242033525,"(1462, 719, 90)","(1504.0, 719.0, 90)"
387,129,0,XDL_XM3_XM4,0.0,0.0,0.0,"(123, 932, 90)","(123.0, 932.0, 90)"
388,129,1,XDP_XM1_XM2,0.0,0.0,0.0,"(750, 1131, 90)","(750.0, 1131.0, 90)"
389,129,2,XM5,-3805.3980089950715,3700.0,11108.740300125151,"(1293, 1108, 180)","(1293.0, 1108.0, 180)"
390,130,0,XM5,0.0,0.0,0.0,"(516, 1276, 90)","(198.0, 1276.0, 90)"
391,130,1,XDL_XM3_XM4,0.0,0.0,0.0,"(1383, 122, 90)","(1383.0, 122.0, 90)"
392,130,2,XDP_XM1_XM2,-5697.021441139694,5468.0,52450.82050170238,"(477, 1197, 90)","(477.0, 1197.0, 90)"
393,131,0,XDL_XM3_XM4,0.0,0.0,0.0,"(665, 45, 90)","(665.0, 45.0, 90)"
394,131,1,XM5,0.0,0.0,0.0,"(138, 164, 90)","(138.0, 164.0, 90)"
395,131,2,XDP_XM1_XM2,-9562.455610744342,9090.0,223214.30412380974,"(1072, 1542, 90)","(1072.0, 1542.0, 90)"
396,132,0,XDP_XM1_XM2,0.0,0.0,0.0,"(263, 1289, 90)","(263.0, 1289.0, 90)"
397,132,1,XM5,0.0,0.0,0.0,"(183, 179, 90)","(183.0, 179.0, 90)"
398,132,2,XDL_XM3_XM4,-4138.08173426152,4107.0,966.0742047037768,"(367, 1481, 270)","(367.0, 1649.5, 270)"
399,133,0,XDL_XM3_XM4,0.0,0.0,0.0,"(363, 949, 90)","(363.0, 949.0, 90)"
400,133,1,XDP_XM1_XM2,0.0,0.0,0.0,"(1380, 1136, 90)","(1380.0, 1136.0, 90)"
401,133,2,XM5,-6074.10618461888,5786.0,83005.1736156486,"(697, 466, 90)","(697.0, 466.0, 90)"
402,134,0,XM5,0.0,0.0,0.0,"(802, 995, 90)","(802.0, 995.0, 90)"
403,134,1,XDL_XM3_XM4,0.0,0.0,0.0,"(69, 882, 270)","(69.0, 882.0, 270)"
404,134,2,XDP_XM1_XM2,-4637.906360344275,4400.0,56599.436292259816,"(372, 360, 90)","(372.0, 360.0, 90)"
405,135,0,XDL_XM3_XM4,0.0,0.0,0.0,"(821, 731, 90)","(821.0, 731.0, 90)"
406,135,1,XDP_XM1_XM2,0.0,0.0,0.0,"(452, 475, 90)","(452.0, 370.5, 90)"
407,135,2,XM5,-4182.061861545972,3946.0,55725.20247654948,"(519, 999, 90)","(519.0, 1077.0, 90)"
408,136,0,XDL_XM3_XM4,0.0,0.0,0.0,"(1004, 1519, 90)","(1004.0, 1519.0, 90)"
409,136,1,XM5,0.0,0.0,0.0,"(918, 1501, 90)","(918.0, 1173.0, 90)"
410,136,2,XDP_XM1_XM2,-2969.938267105312,2813.0,24629.61968201831,"(1105, 1410, 90)","(1197.0, 1158.5, 90)"
411,137,0,XM5,0.0,0.0,0.0,"(192, 115, 90)","(192.0, 115.0, 90)"
412,137,1,XDL_XM3_XM4,0.0,0.0,0.0,"(649, 1372, 0)","(408.5, 1372.0, 0)"
413,137,2,XDP_XM1_XM2,-5696.92398588595,5375.0,103635.05268869764,"(696, 1264, 90)","(696.0, 1264.0, 90)"
414,138,0,XDP_XM1_XM2,0.0,0.0,0.0,"(1259, 216, 90)","(1259.0, 216.0, 90)"
415,138,1,XM5,0.0,0.0,0.0,"(621, 1552, 90)","(621.0, 1552.0, 90)"
416,138,2,XDL_XM3_XM4,-6390.270801952727,6139.0,63137.015913966505,"(596, 141, 90)","(596.0, 141.0, 90)"
417,139,0,XDL_XM3_XM4,0.0,0.0,0.0,"(1128, 277, 90)","(1128.0, 277.0, 90)"
418,139,1,XM5,0.0,0.0,0.0,"(864, 34, 90)","(864.0, -69.0, 90)"
419,139,2,XDP_XM1_XM2,-3467.162139794317,3380.0,7597.238613524112,"(937, 592, 90)","(937.0, 637.5, 90)"
420,140,0,XDP_XM1_XM2,0.0,0.0,0.0,"(918, 475, 90)","(918.0, 475.0, 90)"
421,140,1,XDL_XM3_XM4,0.0,0.0,0.0,"(281, 61, 90)","(281.0, 61.0, 90)"
422,140,2,XM5,-4898.507525591736,4761.0,18908.3195943621,"(845, 1493, 90)","(845.0, 1493.0, 90)"
423,141,0,XDL_XM3_XM4,0.0,0.0,0.0,"(896, 71, 90)","(896.0, 71.0, 90)"
424,141,1,XDP_XM1_XM2,0.0,0.0,0.0,"(796, 1408, 90)","(796.0, 1408.0, 90)"
425,141,2,XM5,-5769.821435733347,5630.0,19550.033890534472,"(565, 620, 270)","(565.0, 620.0, 270)"
426,142,0,XM5,0.0,0.0,0.0,"(735, 167, 90)","(735.0, -177.0, 90)"
427,142,1,XDL_XM3_XM4,0.0,0.0,0.0,"(894, 169, 90)","(894.0, 169.0, 90)"
428,142,2,XDP_XM1_XM2,-8049.156701302942,7619.0,185034.78767582792,"(546, 1417, 90)","(546.0, 1417.0, 90)"
429,143,0,XM5,0.0,0.0,0.0,"(922, 473, 90)","(981.0, 473.0, 90)"
430,143,1,XDP_XM1_XM2,0.0,0.0,0.0,"(702, 742, 90)","(702.0, 742.0, 90)"
431,143,2,XDL_XM3_XM4,-4015.1535602926933,3821.0,37695.604974328555,"(837, 1400, 90)","(837.0, 1400.0, 90)"
432,144,0,XDL_XM3_XM4,0.0,0.0,0.0,"(614, 967, 90)","(614.0, 1186.0, 90)"
433,144,1,XM5,0.0,0.0,0.0,"(588, 840, 90)","(588.0, 840.0, 90)"
434,144,2,XDP_XM1_XM2,-6126.956949062622,5760.0,134657.40246534735,"(1426, 584, 90)","(1426.0, 584.0, 90)"
435,145,0,XM5,0.0,0.0,0.0,"(80, 1188, 90)","(-169.0, 1188.0, 90)"
436,145,1,XDP_XM1_XM2,0.0,0.0,0.0,"(1473, 923, 90)","(1473.0, 923.0, 90)"
437,145,2,XDL_XM3_XM4,-7893.323780920499,7431.0,213743.27840462577,"(339, 1229, 90)","(339.0, 1229.0, 90)"
438,146,0,XM5,0.0,0.0,0.0,"(175, 1421, 90)","(175.0, 1421.0, 90)"
439,146,1,XDP_XM1_XM2,0.0,0.0,0.0,"(1031, 150, 90)","(1031.0, 150.0, 90)"
440,146,2,XDL_XM3_XM4,-8087.081294588446,7825.0,68686.60497315605,"(1167, 1393, 90)","(1167.0, 1393.0, 90)"
441,147,0,XM5,0.0,0.0,0.0,"(1502, 227, 90)","(1502.0, 227.0, 90)"
442,147,1,XDP_XM1_XM2,0.0,0.0,0.0,"(446, 1109, 90)","(446.0, 1109.0, 90)"
443,147,2,XDL_XM3_XM4,-7978.209094254143,7529.0,201788.8103606274,"(1454, 851, 270)","(1454.0, 851.0, 270)"
444,148,0,XDP_XM1_XM2,0.0,0.0,0.0,"(1448, 451, 90)","(1448.0, 451.0, 90)"
445,148,1,XDL_XM3_XM4,0.0,0.0,0.0,"(771, 1109, 90)","(771.0, 1109.0, 90)"
446,148,2,XM5,-7619.39163358367,7149.0,221268.28894551395,"(581, 1179, 90)","(581.0, 1455.0, 90)"
447,149,0,XM5,0.0,0.0,0.0,"(489, 687, 90)","(489.0, 687.0, 90)"
448,149,1,XDP_XM1_XM2,0.0,0.0,0.0,"(177, 898, 90)","(177.0, 898.0, 90)"
449,149,2,XDL_XM3_XM4,-5891.106073436813,5611.0,78459.41237618908,"(1342, 1455, 90)","(1342.0, 1455.0, 90)"
450,150,0,XDL_XM3_XM4,0.0,0.0,0.0,"(371, 506, 90)","(371.0, 506.0, 90)"
451,150,1,XM5,0.0,0.0,0.0,"(288, 56, 90)","(288.0, 56.0, 90)"
452,150,2,XDP_XM1_XM2,-5356.425575941565,5070.0,82039.61055345688,"(1092, 70, 90)","(1092.0, 70.0, 90)"
453,151,0,XM5,0.0,0.0,0.0,"(1492, 934, 90)","(1492.0, 934.0, 90)"
454,151,1,XDP_XM1_XM2,0.0,0.0,0.0,"(333, 1360, 90)","(333.0, 1360.0, 90)"
455,151,2,XDL_XM3_XM4,-5857.7385583852965,5529.0,108069.03976924307,"(867, 1445, 90)","(867.0, 1445.0, 90)"
456,152,0,XDL_XM3_XM4,0.0,0.0,0.0,"(797, 208, 90)","(797.0, 208.0, 90)"
457,152,1,XDP_XM1_XM2,0.0,0.0,0.0,"(1164, 910, 90)","(1164.0, 910.0, 90)"
458,152,2,XM5,-4512.418127820843,4297.0,46404.9697938372,"(427, 795, 180)","(427.0, 795.0, 180)"
459,153,0,XDL_XM3_XM4,0.0,0.0,0.0,"(857, 727, 90)","(857.0, 727.0, 90)"
460,153,1,XDP_XM1_XM2,0.0,0.0,0.0,"(477, 517, 270)","(349.0, 517.0, 270)"
461,153,2,XM5,-5119.198818232796,4857.0,68748.22028267497,"(109, 1298, 90)","(109.0, 1298.0, 90)"
462,154,0,XDP_XM1_XM2,0.0,0.0,0.0,"(499, 930, 90)","(499.0, 930.0, 90)"
463,154,1,XM5,0.0,0.0,0.0,"(99, 150, 90)","(99.0, 150.0, 90)"
464,154,2,XDL_XM3_XM4,-4532.4788614949475,4347.0,34402.40806146181,"(504, 1138, 90)","(504.0, 1290.5, 90)"
465,155,0,XM5,0.0,0.0,0.0,"(1483, 826, 90)","(1508.0, 826.0, 90)"
466,155,1,XDL_XM3_XM4,0.0,0.0,0.0,"(81, 424, 90)","(81.0, 424.0, 90)"
467,155,2,XDP_XM1_XM2,-4694.17125424808,4499.0,38091.818484768526,"(1229, 731, 90)","(1229.0, 731.0, 90)"
468,156,0,XDL_XM3_XM4,0.0,0.0,0.0,"(172, 813, 90)","(172.0, 813.0, 90)"
469,156,1,XM5,0.0,0.0,0.0,"(802, 1036, 90)","(802.0, 1036.0, 90)"
470,156,2,XDP_XM1_XM2,-4708.002392052445,4493.0,46226.02858827341,"(341, 1530, 90)","(341.0, 1530.0, 90)"
471,157,0,XDL_XM3_XM4,0.0,0.0,0.0,"(1360, 414, 90)","(1360.0, 197.5, 90)"
472,157,1,XDP_XM1_XM2,0.0,0.0,0.0,"(1154, 558, 90)","(1154.0, 558.0, 90)"
473,157,2,XM5,-3364.8509425575553,3234.0,17121.96916820067,"(897, 1083, 90)","(897.0, 1083.0, 90)"
474,158,0,XM5,0.0,0.0,0.0,"(1386, 717, 90)","(1386.0, 717.0, 90)"
475,158,1,XDP_XM1_XM2,0.0,0.0,0.0,"(1073, 428, 90)","(1073.0, 428.0, 90)"
476,158,2,XDL_XM3_XM4,-4642.62485076407,4350.0,85629.30328469447,"(1395, 1209, 90)","(1395.0, 1209.0, 90)"
477,159,0,XDL_XM3_XM4,0.0,0.0,0.0,"(726, 1434, 90)","(558.0, 1434.0, 90)"
478,159,1,XDP_XM1_XM2,0.0,0.0,0.0,"(1255, 146, 90)","(1255.0, 146.0, 90)"
479,159,2,XM5,-7745.5045767335005,7325.0,176824.09905382048,"(1066, 1266, 90)","(1066.0, 1266.0, 90)"
480,160,0,XM5,0.0,0.0,0.0,"(605, 1120, 90)","(605.0, 1120.0, 90)"
481,160,1,XDL_XM3_XM4,0.0,0.0,0.0,"(771, 1451, 0)","(892.5, 1451.0, 0)"
482,160,2,XDP_XM1_XM2,-5083.302460134462,4788.0,87203.54296146568,"(91, 936, 90)","(91.0, 936.0, 90)"
483,161,0,XDL_XM3_XM4,0.0,0.0,0.0,"(184, 1412, 90)","(184.0, 1412.0, 90)"
484,161,1,XDP_XM1_XM2,0.0,0.0,0.0,"(1433, 198, 90)","(1558.0, 198.0, 90)"
485,161,2,XM5,-7205.808152486519,6882.0,104851.71961673269,"(1279, 322, 90)","(1279.0, 322.0, 90)"
486,162,0,XDP_XM1_XM2,0.0,0.0,0.0,"(456, 1214, 90)","(456.0, 1214.0, 90)"
487,162,1,XM5,0.0,0.0,0.0,"(947, 1363, 90)","(947.0, 1363.0, 90)"
488,162,2,XDL_XM3_XM4,-4783.00624527088,4574.0,43683.610562231224,"(771, 279, 90)","(771.0, 279.0, 90)"
489,163,0,XDP_XM1_XM2,0.0,0.0,0.0,"(475, 1307, 90)","(122.0, 1307.0, 90)"
490,163,1,XDL_XM3_XM4,0.0,0.0,0.0,"(630, 1380, 90)","(630.0, 1476.0, 90)"
491,163,2,XM5,-4269.324482690991,3995.0,75253.9218036798,"(705, 1130, 90)","(705.0, 1130.0, 90)"
492,164,0,XM5,0.0,0.0,0.0,"(1105, 945, 90)","(1105.0, 945.0, 90)"
493,164,1,XDL_XM3_XM4,0.0,0.0,0.0,"(403, 1330, 270)","(403.0, 1330.0, 270)"
494,164,2,XDP_XM1_XM2,-3217.6556263725643,3092.0,15789.336439081413,"(794, 873, 270)","(794.0, 873.0, 270)"
495,165,0,XDP_XM1_XM2,0.0,0.0,0.0,"(1277, 854, 90)","(1277.0, 854.0, 90)"
496,165,1,XM5,0.0,0.0,0.0,"(246, 236, 90)","(246.0, 236.0, 90)"
497,165,2,XDL_XM3_XM4,-5631.92653670129,5428.0,41586.032370982844,"(1371, 292, 90)","(1371.0, 292.0, 90)"
498,166,0,XDL_XM3_XM4,0.0,0.0,0.0,"(1126, 1536, 90)","(1126.0, 1536.0, 90)"
499,166,1,XDP_XM1_XM2,0.0,0.0,0.0,"(170, 16, 90)","(170.0, 16.0, 90)"
500,166,2,XM5,-10603.875499694086,10038.0,320215.0811540318,"(1297, 962, 90)","(1297.0, 962.0, 90)"
501,167,0,XDL_XM3_XM4,0.0,0.0,0.0,"(420, 719, 90)","(420.0, 719.0, 90)"
502,167,1,XDP_XM1_XM2,0.0,0.0,0.0,"(1300, 446, 90)","(1300.0, 446.0, 90)"
503,167,2,XM5,-5164.694199238834,4882.0,79916.0102832856,"(666, 251, 90)","(666.0, 251.0, 90)"
504,168,0,XDL_XM3_XM4,0.0,0.0,0.0,"(353, 1285, 90)","(353.0, 1587.0, 90)"
505,168,1,XM5,0.0,0.0,0.0,"(361, 1241, 90)","(361.0, 1241.0, 90)"
506,168,2,XDP_XM1_XM2,-4060.1032475975558,3820.0,57649.56950689326,"(704, 1259, 90)","(861.0, 1259.0, 90)"
507,169,0,XDL_XM3_XM4,0.0,0.0,0.0,"(433, 856, 90)","(433.0, 856.0, 90)"
508,169,1,XM5,0.0,0.0,0.0,"(1242, 1200, 90)","(1242.0, 1200.0, 90)"
509,169,2,XDP_XM1_XM2,-4981.157283415681,4743.0,56718.89164393697,"(1400, 1335, 270)","(1521.0, 1335.0, 270)"
510,170,0,XDP_XM1_XM2,0.0,0.0,0.0,"(44, 550, 90)","(44.0, 550.0, 90)"
511,170,1,XDL_XM3_XM4,0.0,0.0,0.0,"(16, 51, 90)","(16.0, -13.0, 90)"
512,170,2,XM5,-3427.838414858776,3267.0,25868.99569428372,"(246, 333, 90)","(323.0, 333.0, 90)"
513,171,0,XDP_XM1_XM2,0.0,0.0,0.0,"(4, 195, 90)","(4.0, 49.5, 90)"
514,171,1,XDL_XM3_XM4,0.0,0.0,0.0,"(261, 410, 90)","(261.0, 410.0, 90)"
515,171,2,XM5,-7374.185644106916,6984.0,152244.8368671287,"(966, 1492, 90)","(966.0, 1492.0, 90)"
516,172,0,XDP_XM1_XM2,0.0,0.0,0.0,"(1301, 1279, 90)","(1301.0, 1279.0, 90)"
517,172,1,XDL_XM3_XM4,0.0,0.0,0.0,"(676, 1132, 90)","(676.0, 1132.0, 90)"
518,172,2,XM5,-5457.613871598374,5144.0,98353.66045892177,"(370, 819, 90)","(370.0, 786.0, 90)"
519,173,0,XDL_XM3_XM4,0.0,0.0,0.0,"(393, 1503, 90)","(393.0, 1503.0, 90)"
520,173,1,XM5,0.0,0.0,0.0,"(1065, 349, 90)","(1065.0, 349.0, 90)"
521,173,2,XDP_XM1_XM2,-6336.209497325493,6057.0,77957.94339675487,"(223, 175, 90)","(223.0, 175.0, 90)"
522,174,0,XM5,0.0,0.0,0.0,"(505, 973, 90)","(505.0, 973.0, 90)"
523,174,1,XDL_XM3_XM4,0.0,0.0,0.0,"(182, 621, 90)","(182.0, 621.0, 90)"
524,174,2,XDP_XM1_XM2,-4228.476709165388,3994.0,54979.327141029586,"(957, 947, 90)","(957.0, 947.0, 90)"
525,175,0,XDL_XM3_XM4,0.0,0.0,0.0,"(1000, 891, 90)","(1000.0, 891.0, 90)"
526,175,1,XM5,0.0,0.0,0.0,"(248, 541, 90)","(248.0, 541.0, 90)"
527,175,2,XDP_XM1_XM2,-4318.487655413294,4152.0,27718.1394050158,"(940, 301, 90)","(940.0, 301.0, 90)"
528,176,0,XM5,0.0,0.0,0.0,"(525, 1133, 90)","(525.0, 1133.0, 90)"
529,176,1,XDP_XM1_XM2,0.0,0.0,0.0,"(1204, 1199, 90)","(1204.0, 1199.0, 90)"
530,176,2,XDL_XM3_XM4,-4950.636273925997,4836.0,13141.475299636088,"(1322, 78, 90)","(1322.0, 78.0, 90)"
531,177,0,XDL_XM3_XM4,0.0,0.0,0.0,"(45, 1546, 90)","(45.0, 1546.0, 90)"
532,177,1,XM5,0.0,0.0,0.0,"(812, 932, 90)","(812.0, 932.0, 90)"
533,177,2,XDP_XM1_XM2,-7609.958353342038,7237.0,139097.93332760493,"(1346, 707, 270)","(1346.0, 707.0, 270)"
534,178,0,XDL_XM3_XM4,0.0,0.0,0.0,"(1253, 294, 90)","(1253.0, 294.0, 90)"
535,178,1,XM5,0.0,0.0,0.0,"(161, 831, 90)","(161.0, 831.0, 90)"
536,178,2,XDP_XM1_XM2,-4107.891804252247,3948.0,25565.389067038996,"(1112, 699, 90)","(1112.0, 699.0, 90)"
537,179,0,XDP_XM1_XM2,0.0,0.0,0.0,"(1520, 581, 90)","(1520.0, 581.0, 90)"
538,179,1,XDL_XM3_XM4,0.0,0.0,0.0,"(863, 1400, 90)","(863.0, 1400.0, 90)"
539,179,2,XM5,-6926.615687186264,6621.0,93400.94825433247,"(174, 860, 270)","(174.0, 860.0, 270)"
540,180,0,XM5,0.0,0.0,0.0,"(469, 1227, 90)","(469.0, 1227.0, 90)"
541,180,1,XDP_XM1_XM2,0.0,0.0,0.0,"(1183, 1001, 90)","(1183.0, 690.5, 90)"
542,180,2,XDL_XM3_XM4,-4569.570827925809,4307.0,68943.4396776449,"(1080, 1051, 90)","(1080.0, 1051.0, 90)"
543,181,0,XDP_XM1_XM2,0.0,0.0,0.0,"(82, 146, 90)","(82.0, 146.0, 90)"
544,181,1,XDL_XM3_XM4,0.0,0.0,0.0,"(1526, 1013, 90)","(1526.0, 1013.0, 90)"
545,181,2,XM5,-9149.29944201455,8721.0,183440.4120299748,"(1456, 232, 90)","(1456.0, 232.0, 90)"
546,182,0,XM5,0.0,0.0,0.0,"(1121, 611, 90)","(1121.0, 608.0, 90)"
547,182,1,XDL_XM3_XM4,0.0,0.0,0.0,"(675, 954, 270)","(675.0, 954.0, 270)"
548,182,2,XDP_XM1_XM2,-4095.077849180062,3884.0,44553.858414480936,"(380, 732, 90)","(380.0, 593.5, 90)"
549,183,0,XDL_XM3_XM4,0.0,0.0,0.0,"(641, 407, 90)","(641.0, 407.0, 90)"
550,183,1,XM5,0.0,0.0,0.0,"(1385, 1051, 90)","(1385.0, 1051.0, 90)"
551,183,2,XDP_XM1_XM2,-5524.890435720388,5238.0,82306.12210783396,"(745, 71, 90)","(745.0, 46.5, 90)"
552,184,0,XDP_XM1_XM2,0.0,0.0,0.0,"(238, 1241, 90)","(238.0, 1241.0, 90)"
553,184,1,XDL_XM3_XM4,0.0,0.0,0.0,"(1458, 383, 90)","(1458.0, 383.0, 90)"
554,184,2,XM5,-7728.675531352517,7379.0,122272.97722666503,"(1304, 1243, 90)","(1304.0, 1243.0, 90)"
555,185,0,XDP_XM1_XM2,0.0,0.0,0.0,"(1189, 294, 90)","(1189.0, 294.0, 90)"
556,185,1,XDL_XM3_XM4,0.0,0.0,0.0,"(180, 515, 90)","(180.0, 515.0, 90)"
557,185,2,XM5,-6145.013993329413,5833.0,97352.73203336702,"(814, 1237, 90)","(814.0, 1237.0, 90)"
558,186,0,XDL_XM3_XM4,0.0,0.0,0.0,"(834, 1500, 90)","(834.0, 1500.0, 90)"
559,186,1,XM5,0.0,0.0,0.0,"(707, 840, 90)","(707.0, 840.0, 90)"
560,186,2,XDP_XM1_XM2,-8631.01347226912,8150.0,231373.9605043952,"(30, 108, 90)","(30.0, 108.0, 90)"
561,187,0,XDP_XM1_XM2,0.0,0.0,0.0,"(476, 1391, 90)","(476.0, 1391.0, 90)"
562,187,1,XM5,0.0,0.0,0.0,"(602, 391, 90)","(602.0, 391.0, 90)"
563,187,2,XDL_XM3_XM4,-6399.617110851628,6093.0,94014.05266699941,"(592, 252, 90)","(592.0, 45.0, 90)"
564,188,0,XDL_XM3_XM4,0.0,0.0,0.0,"(145, 877, 90)","(145.0, 877.0, 90)"
565,188,1,XM5,0.0,0.0,0.0,"(1327, 1239, 90)","(1327.0, 1239.0, 90)"
566,188,2,XDP_XM1_XM2,-6448.26132800225,6144.0,92574.95571769249,"(291, 347, 90)","(291.0, 347.0, 90)"
567,189,0,XDP_XM1_XM2,0.0,0.0,0.0,"(807, 1377, 90)","(807.0, 1377.0, 90)"
568,189,1,XDL_XM3_XM4,0.0,0.0,0.0,"(1134, 73, 90)","(1134.0, 73.0, 90)"
569,189,2,XM5,-5935.384581599966,5742.0,37397.59640059375,"(669, 634, 90)","(669.0, 634.0, 90)"
570,190,0,XDP_XM1_XM2,0.0,0.0,0.0,"(1424, 577, 90)","(1424.0, 577.0, 90)"
571,190,1,XDL_XM3_XM4,0.0,0.0,0.0,"(165, 786, 90)","(165.0, 786.0, 90)"
572,190,2,XM5,-5311.842444865279,5081.0,53288.234351379404,"(1498, 473, 270)","(1703.0, 473.0, 270)"
573,191,0,XDL_XM3_XM4,0.0,0.0,0.0,"(1307, 243, 90)","(1307.0, 243.0, 90)"
574,191,1,XDP_XM1_XM2,0.0,0.0,0.0,"(632, 824, 90)","(632.0, 824.0, 90)"
575,191,2,XM5,-5048.419992155528,4851.0,38974.65330268865,"(73, 1166, 90)","(73.0, 1166.0, 90)"
576,192,0,XDP_XM1_XM2,0.0,0.0,0.0,"(780, 150, 90)","(780.0, 150.0, 90)"
577,192,1,XM5,0.0,0.0,0.0,"(415, 537, 90)","(415.0, 537.0, 90)"
578,192,2,XDL_XM3_XM4,-5890.958994474674,5549.0,116935.9539021301,"(224, 1248, 90)","(224.0, 1248.0, 90)"
579,193,0,XDL_XM3_XM4,0.0,0.0,0.0,"(925, 337, 90)","(925.0, 686.5, 90)"
580,193,1,XM5,0.0,0.0,0.0,"(263, 716, 90)","(263.0, 716.0, 90)"
581,193,2,XDP_XM1_XM2,-4013.3124157288366,3810.0,41335.93838949524,"(875, 326, 90)","(875.0, 326.0, 90)"
582,194,0,XDP_XM1_XM2,0.0,0.0,0.0,"(16, 1166, 90)","(16.0, 1166.0, 90)"
583,194,1,XM5,0.0,0.0,0.0,"(877, 1001, 90)","(877.0, 1001.0, 90)"
584,194,2,XDL_XM3_XM4,-7914.2412188084245,7563.0,123370.39379002753,"(1248, 73, 90)","(1248.0, 73.0, 90)"
585,195,0,XM5,0.0,0.0,0.0,"(1082, 1030, 90)","(1082.0, 1030.0, 90)"
586,195,1,XDL_XM3_XM4,0.0,0.0,0.0,"(644, 400, 90)","(644.0, 400.0, 90)"
587,195,2,XDP_XM1_XM2,-5197.748529656015,4988.0,43994.445692860405,"(101, 744, 90)","(101.0, 744.0, 90)"
588,196,0,XM5,0.0,0.0,0.0,"(939, 620, 90)","(939.0, 620.0, 90)"
589,196,1,XDP_XM1_XM2,0.0,0.0,0.0,"(1323, 674, 90)","(1323.0, 674.0, 90)"
590,196,2,XDL_XM3_XM4,-5155.018548268727,4904.0,63010.31157493902,"(297, 76, 90)","(297.0, 76.0, 90)"
591,197,0,XM5,0.0,0.0,0.0,"(23, 650, 90)","(-57.0, 650.0, 90)"
592,197,1,XDL_XM3_XM4,0.0,0.0,0.0,"(451, 724, 270)","(451.0, 724.0, 270)"
593,197,2,XDP_XM1_XM2,-6959.348556873849,6561.0,158681.57276347815,"(1388, 357, 90)","(1388.0, 357.0, 90)"
594,198,0,XDP_XM1_XM2,0.0,0.0,0.0,"(496, 1413, 90)","(597.0, 1413.0, 90)"
595,198,1,XM5,0.0,0.0,0.0,"(318, 1441, 90)","(318.0, 1441.0, 90)"
596,198,2,XDL_XM3_XM4,-4087.1229878205763,3878.0,43732.42403500489,"(274, 520, 90)","(274.0, 520.0, 90)"
597,199,0,XM5,0.0,0.0,0.0,"(614, 1542, 90)","(614.0, 1542.0, 90)"
598,199,1,XDP_XM1_XM2,0.0,0.0,0.0,"(651, 1010, 90)","(651.0, 1010.0, 90)"
599,199,2,XDL_XM3_XM4,-3312.7306529751877,3191.0,14818.351873765529,"(108, 1109, 90)","(108.0, 1109.0, 90)"
600,200,0,XDP_XM1_XM2,0.0,0.0,0.0,"(754, 1084, 90)","(754.0, 1084.0, 90)"
601,200,1,XM5,0.0,0.0,0.0,"(1388, 59, 90)","(1388.0, 59.0, 90)"
602,200,2,XDL_XM3_XM4,-8986.769125640878,8479.0,257829.48495410188,"(1533, 54, 90)","(1533.0, -287.0, 90)"
603,201,0,XDL_XM3_XM4,0.0,0.0,0.0,"(417, 829, 270)","(417.0, 829.0, 270)"
604,201,1,XM5,0.0,0.0,0.0,"(657, 604, 90)","(657.0, 483.0, 90)"
605,201,2,XDP_XM1_XM2,-4708.872304091394,4415.0,86360.93111198448,"(72, 810, 90)","(-91.0, 810.0, 90)"
606,202,0,XDP_XM1_XM2,0.0,0.0,0.0,"(614, 935, 90)","(614.0, 935.0, 90)"
607,202,1,XM5,0.0,0.0,0.0,"(147, 722, 90)","(147.0, 722.0, 90)"
608,202,2,XDL_XM3_XM4,-3752.7764302943383,3616.0,18707.791884061935,"(1080, 674, 90)","(1122.0, 674.0, 90)"
609,203,0,XDL_XM3_XM4,0.0,0.0,0.0,"(1024, 1332, 270)","(1024.0, 1332.0, 270)"
610,203,1,XDP_XM1_XM2,0.0,0.0,0.0,"(874, 253, 90)","(874.0, 253.0, 90)"
611,203,2,XM5,-6213.49793014806,5995.0,47741.34547898626,"(317, 1355, 270)","(317.0, 1355.0, 270)"
612,204,0,XM5,0.0,0.0,0.0,"(316, 458, 90)","(316.0, 458.0, 90)"
613,204,1,XDL_XM3_XM4,0.0,0.0,0.0,"(1100, 1320, 270)","(1100.0, 1320.0, 270)"
614,204,2,XDP_XM1_XM2,-5726.987081913827,5479.0,61497.592796135,"(1347, 305, 90)","(1347.0, 305.0, 90)"
615,205,0,XDL_XM3_XM4,0.0,0.0,0.0,"(469, 460, 90)","(469.0, 460.0, 90)"
616,205,1,XM5,0.0,0.0,0.0,"(558, 483, 270)","(558.0, 806.0, 270)"
617,205,2,XDP_XM1_XM2,-3044.3583105100042,2915.5,16604.464187492675,"(135, 740, 180)","(135.0, 747.5, 180)"
618,206,0,XDP_XM1_XM2,0.0,0.0,0.0,"(1500, 518, 90)","(1666.0, 518.0, 90)"
619,206,1,XDL_XM3_XM4,0.0,0.0,0.0,"(1114, 1077, 90)","(1114.0, 1077.0, 90)"
620,206,2,XM5,-3760.0582891320223,3550.0,44124.48483307235,"(1387, 548, 270)","(1387.0, 548.0, 270)"
621,207,0,XDP_XM1_XM2,0.0,0.0,0.0,"(801, 1437, 90)","(801.0, 1668.5, 90)"
622,207,1,XM5,0.0,0.0,0.0,"(1050, 1450, 90)","(1080.0, 1654.0, 90)"
623,207,2,XDL_XM3_XM4,-2789.2222972591726,2658.0,17219.291297974713,"(912, 1308, 90)","(912.0, 1308.0, 90)"
624,208,0,XDP_XM1_XM2,0.0,0.0,0.0,"(857, 295, 90)","(857.0, 295.0, 90)"
625,208,1,XM5,0.0,0.0,0.0,"(1411, 1383, 90)","(1411.0, 1383.0, 90)"
626,208,2,XDL_XM3_XM4,-7619.918734003889,7302.0,101072.32143063538,"(247, 1384, 180)","(247.0, 1384.0, 180)"
627,209,0,XM5,0.0,0.0,0.0,"(544, 883, 90)","(544.0, 883.0, 90)"
628,209,1,XDP_XM1_XM2,0.0,0.0,0.0,"(647, 950, 270)","(823.0, 950.0, 270)"
629,209,2,XDL_XM3_XM4,-3700.9517824096793,3535.0,27539.994084949485,"(532, 292, 90)","(532.0, 292.0, 90)"
630,210,0,XDP_XM1_XM2,0.0,0.0,0.0,"(1239, 1401, 90)","(1239.0, 1401.0, 90)"
631,210,1,XM5,0.0,0.0,0.0,"(1472, 1239, 90)","(1518.0, 1239.0, 90)"
632,210,2,XDL_XM3_XM4,-3641.6645713561556,3475.0,27777.079345331134,"(608, 1536, 90)","(608.0, 1536.0, 90)"
633,211,0,XDL_XM3_XM4,0.0,0.0,0.0,"(1258, 1365, 90)","(1258.0, 1365.0, 90)"
634,211,1,XDP_XM1_XM2,0.0,0.0,0.0,"(295, 329, 90)","(295.0, 195.5, 90)"
635,211,2,XM5,-6276.287098336627,6018.0,66712.22516715451,"(287, 606, 90)","(287.0, 606.0, 90)"
636,212,0,XM5,0.0,0.0,0.0,"(66, 246, 90)","(66.0, 246.0, 90)"
637,212,1,XDP_XM1_XM2,0.0,0.0,0.0,"(1331, 824, 270)","(1331.0, 824.0, 270)"
638,212,2,XDL_XM3_XM4,-9686.711919227979,9170.0,266991.2074722614,"(27, 228, 270)","(27.0, -100.0, 270)"
639,213,0,XDL_XM3_XM4,0.0,0.0,0.0,"(777, 436, 90)","(777.0, 366.5, 90)"
640,213,1,XM5,0.0,0.0,0.0,"(419, 976, 90)","(419.0, 976.0, 90)"
641,213,2,XDP_XM1_XM2,-3742.0156625738455,3576.0,27561.200219832863,"(864, 727, 270)","(864.0, 727.0, 270)"
642,214,0,XDP_XM1_XM2,0.0,0.0,0.0,"(539, 206, 90)","(539.0, 206.0, 90)"
643,214,1,XDL_XM3_XM4,0.0,0.0,0.0,"(1378, 1098, 90)","(1378.0, 1098.0, 90)"
644,214,2,XM5,-6417.906603114849,6082.0,112833.24601615638,"(667, 918, 90)","(667.0, 918.0, 90)"
645,215,0,XDP_XM1_XM2,0.0,0.0,0.0,"(717, 179, 90)","(717.0, -36.5, 90)"
646,215,1,XDL_XM3_XM4,0.0,0.0,0.0,"(948, 324, 90)","(948.0, 324.0, 90)"
647,215,2,XM5,-6497.361280575586,6131.0,134220.58790498326,"(1545, 1197, 0)","(1545.0, 1197.0, 0)"
648,216,0,XDL_XM3_XM4,0.0,0.0,0.0,"(1157, 40, 90)","(1157.0, 40.0, 90)"
649,216,1,XDP_XM1_XM2,0.0,0.0,0.0,"(1187, 533, 90)","(1187.0, 533.0, 90)"
650,216,2,XM5,-5077.520067276575,4890.0,35163.77563141113,"(321, 1264, 180)","(321.0, 1264.0, 180)"
651,217,0,XM5,0.0,0.0,0.0,"(199, 581, 90)","(199.0, 581.0, 90)"
652,217,1,XDP_XM1_XM2,0.0,0.0,0.0,"(842, 1103, 270)","(842.0, 1103.0, 270)"
653,217,2,XDL_XM3_XM4,-4802.021203330409,4616.0,34603.888088493324,"(1277, 822, 90)","(1350.0, 822.0, 90)"
654,218,0,XDL_XM3_XM4,0.0,0.0,0.0,"(603, 822, 90)","(603.0, 822.0, 90)"
655,218,1,XDP_XM1_XM2,0.0,0.0,0.0,"(967, 449, 90)","(967.0, 449.0, 90)"
656,218,2,XM5,-5094.188278864893,4849.0,60117.29209272825,"(148, 97, 0)","(148.0, 97.0, 0)"
657,219,0,XM5,0.0,0.0,0.0,"(86, 581, 90)","(86.0, 581.0, 90)"
658,219,1,XDL_XM3_XM4,0.0,0.0,0.0,"(745, 881, 0)","(745.0, 881.0, 0)"
659,219,2,XDP_XM1_XM2,-2952.581470912186,2842.0,12228.261709102588,"(368, 595, 90)","(368.0, 595.0, 90)"
660,220,0,XDL_XM3_XM4,0.0,0.0,0.0,"(559, 494, 90)","(559.0, 669.0, 90)"
661,220,1,XDP_XM1_XM2,0.0,0.0,0.0,"(520, 52, 90)","(520.0, -87.5, 90)"
662,220,2,XM5,-3797.487979113283,3647.0,22646.63185759996,"(406, 323, 90)","(406.0, 323.0, 90)"
663,221,0,XM5,0.0,0.0,0.0,"(577, 323, 90)","(577.0, 323.0, 90)"
664,221,1,XDL_XM3_XM4,0.0,0.0,0.0,"(1505, 870, 270)","(1505.0, 870.0, 270)"
665,221,2,XDP_XM1_XM2,-8964.389551231061,8523.0,194824.7359359577,"(22, 1428, 90)","(22.0, 1428.0, 90)"
666,222,0,XDP_XM1_XM2,0.0,0.0,0.0,"(1083, 1436, 90)","(1083.0, 1436.0, 90)"
667,222,1,XM5,0.0,0.0,0.0,"(709, 8, 90)","(709.0, -62.0, 90)"
668,222,2,XDL_XM3_XM4,-7623.7688605065405,7314.0,95956.74693952048,"(1047, 284, 270)","(1047.0, 284.0, 270)"
669,223,0,XDP_XM1_XM2,0.0,0.0,0.0,"(986, 842, 90)","(1002.0, 842.0, 90)"
670,223,1,XM5,0.0,0.0,0.0,"(1017, 1078, 90)","(1017.0, 1252.5, 90)"
671,223,2,XDL_XM3_XM4,-2968.1817721163143,2875.0,8682.84265473675,"(494, 862, 90)","(494.0, 862.0, 90)"
672,224,0,XDL_XM3_XM4,0.0,0.0,0.0,"(824, 584, 90)","(824.0, 584.0, 90)"
673,224,1,XM5,0.0,0.0,0.0,"(1433, 836, 90)","(1433.0, 836.0, 90)"
674,224,2,XDP_XM1_XM2,-5360.328227145633,5086.0,75255.97620886582,"(1455, 1463, 270)","(1455.0, 1463.0, 270)"
675,225,0,XDP_XM1_XM2,0.0,0.0,0.0,"(708, 990, 90)","(708.0, 990.0, 90)"
676,225,1,XDL_XM3_XM4,0.0,0.0,0.0,"(1496, 542, 90)","(1496.0, 542.0, 90)"
677,225,2,XM5,-5293.088087534053,5073.0,48438.76627439666,"(1049, 1508, 180)","(1049.0, 1508.0, 180)"
678,226,0,XM5,0.0,0.0,0.0,"(432, 788, 90)","(684.5, 788.0, 90)"
679,226,1,XDP_XM1_XM2,0.0,0.0,0.0,"(1348, 113, 180)","(1348.0, 113.0, 180)"
680,226,2,XDL_XM3_XM4,-6857.968853702498,6438.0,176373.8380801897,"(397, 656, 180)","(397.0, 656.0, 180)"
681,227,0,XDL_XM3_XM4,0.0,0.0,0.0,"(117, 1499, 90)","(-64.0, 1499.0, 90)"
682,227,1,XDP_XM1_XM2,0.0,0.0,0.0,"(444, 1510, 90)","(444.0, 1510.0, 90)"
683,227,2,XM5,-4818.556101610451,4645.0,30121.720406217264,"(1371, 1376, 270)","(1371.0, 1376.0, 270)"
684,228,0,XDL_XM3_XM4,0.0,0.0,0.0,"(272, 1293, 0)","(272.0, 1293.0, 0)"
685,228,1,XM5,0.0,0.0,0.0,"(317, 1067, 90)","(559.5, 1067.0, 90)"
686,228,2,XDP_XM1_XM2,-5316.089643325159,4981.0,112285.06906378221,"(979, 1531, 180)","(979.0, 1531.0, 180)"
687,229,0,XDP_XM1_XM2,0.0,0.0,0.0,"(1548, 757, 90)","(1548.0, 757.0, 90)"
688,229,1,XDL_XM3_XM4,0.0,0.0,0.0,"(886, 1074, 180)","(886.0, 1074.0, 180)"
689,229,2,XM5,-5601.921657092963,5349.0,63969.36462665025,"(779, 217, 0)","(779.0, 217.0, 0)"
690,230,0,XM5,0.0,0.0,0.0,"(296, 436, 90)","(296.0, 436.0, 90)"
691,230,1,XDL_XM3_XM4,0.0,0.0,0.0,"(1240, 1284, 0)","(1240.0, 1284.0, 0)"
692,230,2,XDP_XM1_XM2,-5983.328703977264,5690.0,86041.72857698162,"(1413, 303, 90)","(1413.0, 303.0, 90)"
693,231,0,XDL_XM3_XM4,0.0,0.0,0.0,"(1313, 746, 90)","(1313.0, 560.5, 90)"
694,231,1,XM5,0.0,0.0,0.0,"(1283, 848, 0)","(1283.0, 848.0, 0)"
695,231,2,XDP_XM1_XM2,-5000.181252952645,4731.0,72458.54694115567,"(579, 902, 90)","(579.0, 902.0, 90)"
696,232,0,XDP_XM1_XM2,0.0,0.0,0.0,"(1347, 1170, 90)","(1347.0, 1170.0, 90)"
697,232,1,XM5,0.0,0.0,0.0,"(515, 289, 90)","(515.0, 289.0, 90)"
698,232,2,XDL_XM3_XM4,-6017.873353703508,5730.0,82871.06777250461,"(850, 1355, 90)","(839.0, 1355.0, 90)"
699,233,0,XDL_XM3_XM4,0.0,0.0,0.0,"(829, 729, 270)","(829.0, 729.0, 270)"
700,233,1,XM5,0.0,0.0,0.0,"(507, 60, 0)","(507.0, 60.0, 0)"
701,233,2,XDP_XM1_XM2,-4776.701363926365,4577.0,39880.6347540506,"(695, 903, 90)","(695.0, 1089.5, 90)"
702,234,0,XDP_XM1_XM2,0.0,0.0,0.0,"(403, 1270, 90)","(403.0, 1270.0, 90)"
703,234,1,XDL_XM3_XM4,0.0,0.0,0.0,"(1523, 411, 90)","(1599.0, 411.0, 90)"
704,234,2,XM5,-8908.832383120356,8431.0,228323.7863584782,"(1091, 228, 90)","(1091.0, 228.0, 90)"
705,235,0,XDL_XM3_XM4,0.0,0.0,0.0,"(677, 1008, 90)","(835.0, 1008.0, 90)"
706,235,1,XM5,0.0,0.0,0.0,"(877, 196, 90)","(877.0, 196.0, 90)"
707,235,2,XDP_XM1_XM2,-5149.0270662931325,4861.0,82959.59091742855,"(327, 828, 90)","(327.0, 828.0, 90)"
708,236,0,XM5,0.0,0.0,0.0,"(1441, 1062, 90)","(1441.0, 1062.0, 90)"
709,236,1,XDL_XM3_XM4,0.0,0.0,0.0,"(1176, 750, 270)","(1176.0, 697.5, 270)"
710,236,2,XDP_XM1_XM2,-3462.409842576992,3229.0,54480.15461181629,"(1067, 985, 0)","(1067.0, 985.0, 0)"
711,237,0,XM5,0.0,0.0,0.0,"(1144, 140, 90)","(1144.0, 140.0, 90)"
712,237,1,XDP_XM1_XM2,0.0,0.0,0.0,"(626, 457, 90)","(626.0, 457.0, 90)"
713,237,2,XDL_XM3_XM4,-4723.386908904952,4515.0,43425.10380296077,"(31, 30, 90)","(31.0, 30.0, 90)"
714,238,0,XM5,0.0,0.0,0.0,"(889, 21, 90)","(889.0, 21.0, 90)"
715,238,1,XDP_XM1_XM2,0.0,0.0,0.0,"(227, 1269, 180)","(227.0, 1269.0, 180)"
716,238,2,XDL_XM3_XM4,-6269.718948311666,6002.0,71673.43528510454,"(778, 1551, 270)","(778.0, 1556.5, 270)"
717,239,0,XDP_XM1_XM2,0.0,0.0,0.0,"(1460, 538, 90)","(1485.0, 538.0, 90)"
718,239,1,XM5,0.0,0.0,0.0,"(280, 1452, 90)","(280.0, 1452.0, 90)"
719,239,2,XDL_XM3_XM4,-6723.134798712523,6363.0,129697.07324370909,"(977, 724, 90)","(977.0, 724.0, 90)"
720,240,0,XM5,0.0,0.0,0.0,"(1457, 934, 90)","(1457.0, 934.0, 90)"
721,240,1,XDL_XM3_XM4,0.0,0.0,0.0,"(1444, 164, 270)","(1444.0, 164.0, 270)"
722,240,2,XDP_XM1_XM2,-7943.660292442846,7585.0,128637.20537518791,"(271, 1161, 270)","(271.0, 1161.0, 270)"
723,241,0,XM5,0.0,0.0,0.0,"(1069, 330, 90)","(1069.0, 330.0, 90)"
724,241,1,XDL_XM3_XM4,0.0,0.0,0.0,"(1134, 1442, 0)","(1337.5, 1442.0, 0)"
725,241,2,XDP_XM1_XM2,-4178.630014087902,4034.0,20917.84097506674,"(1050, 1322, 90)","(1050.0, 1322.0, 90)"
726,242,0,XDL_XM3_XM4,0.0,0.0,0.0,"(78, 588, 0)","(78.0, 588.0, 0)"
727,242,1,XM5,0.0,0.0,0.0,"(35, 987, 90)","(35.0, 1154.5, 90)"
728,242,2,XDP_XM1_XM2,-7368.042595149249,7030.0,114272.79613523869,"(1260, 1005, 0)","(1260.0, 1005.0, 0)"
729,243,0,XM5,0.0,0.0,0.0,"(842, 1347, 90)","(842.0, 1347.0, 90)"
730,243,1,XDP_XM1_XM2,0.0,0.0,0.0,"(700, 1273, 180)","(490.0, 1273.0, 180)"
731,243,2,XDL_XM3_XM4,-5385.661331458834,5169.0,46942.13254951471,"(1278, 166, 90)","(1278.0, 166.0, 90)"
732,244,0,XDP_XM1_XM2,0.0,0.0,0.0,"(801, 475, 90)","(801.0, 475.0, 90)"
733,244,1,XDL_XM3_XM4,0.0,0.0,0.0,"(945, 460, 90)","(945.0, 114.5, 90)"
734,244,2,XM5,-3885.3150828628195,3736.0,22294.993970330655,"(1, 770, 90)","(1.0, 770.0, 90)"
735,245,0,XDL_XM3_XM4,0.0,0.0,0.0,"(1469, 1051, 90)","(1469.0, 1127.0, 90)"
736,245,1,XM5,0.0,0.0,0.0,"(1055, 781, 90)","(1055.0, 781.0, 90)"
737,245,2,XDP_XM1_XM2,-5250.731444952068,4936.0,99055.88244161679,"(756, 461, 90)","(756.0, 461.0, 90)"
738,246,0,XDP_XM1_XM2,0.0,0.0,0.0,"(893, 1145, 90)","(893.0, 1145.0, 90)"
739,246,1,XDL_XM3_XM4,0.0,0.0,0.0,"(1060, 662, 90)","(1060.0, 662.0, 90)"
740,246,2,XM5,-5036.461803650619,4829.0,43040.39997396786,"(378, 312, 0)","(378.0, 312.0, 0)"
741,247,0,XM5,0.0,0.0,0.0,"(1072, 1387, 90)","(1072.0, 1387.0, 90)"
742,247,1,XDL_XM3_XM4,0.0,0.0,0.0,"(130, 1191, 0)","(130.0, 1191.0, 0)"
743,247,2,XDP_XM1_XM2,-5735.806661752772,5456.0,78291.76796123011,"(824, 616, 90)","(824.0, 616.0, 90)"
744,248,0,XDP_XM1_XM2,0.0,0.0,0.0,"(1121, 281, 90)","(1121.0, 281.0, 90)"
745,248,1,XM5,0.0,0.0,0.0,"(179, 848, 90)","(179.0, 848.0, 90)"
746,248,2,XDL_XM3_XM4,-5288.048038768223,5033.0,65049.50207951684,"(1114, 746, 90)","(1114.0, 746.0, 90)"
747,249,0,XDL_XM3_XM4,0.0,0.0,0.0,"(300, 468, 270)","(300.0, 468.0, 270)"
748,249,1,XDP_XM1_XM2,0.0,0.0,0.0,"(988, 1426, 90)","(988.0, 1426.0, 90)"
749,249,2,XM5,-6082.27830775421,5780.0,91372.17533874881,"(916, 735, 180)","(916.0, 735.0, 180)"
750,250,0,XM5,0.0,0.0,0.0,"(1278, 1355, 90)","(1278.0, 1355.0, 90)"
751,250,1,XDP_XM1_XM2,0.0,0.0,0.0,"(1410, 1271, 90)","(1557.0, 1271.0, 90)"
752,250,2,XDL_XM3_XM4,-7207.802372770813,6914.0,86319.83424576012,"(38, 56, 90)","(38.0, 56.0, 90)"
753,251,0,XDP_XM1_XM2,0.0,0.0,0.0,"(1267, 826, 90)","(1267.0, 826.0, 90)"
754,251,1,XM5,0.0,0.0,0.0,"(1149, 316, 0)","(1149.0, 316.0, 0)"
755,251,2,XDL_XM3_XM4,-3714.012259885457,3557.0,24652.849754338207,"(752, 663, 90)","(752.0, 663.0, 90)"
756,252,0,XDP_XM1_XM2,0.0,0.0,0.0,"(932, 1076, 90)","(932.0, 1076.0, 90)"
757,252,1,XM5,0.0,0.0,0.0,"(281, 1441, 90)","(281.0, 1441.0, 90)"
758,252,2,XDL_XM3_XM4,-5188.749034521684,4987.0,40702.67293043141,"(1536, 471, 90)","(1536.0, 471.0, 90)"
759,253,0,XM5,0.0,0.0,0.0,"(27, 956, 90)","(27.0, 956.0, 90)"
760,253,1,XDP_XM1_XM2,0.0,0.0,0.0,"(63, 474, 180)","(63.0, 474.0, 180)"
761,253,2,XDL_XM3_XM4,-5883.412846785715,5609.0,75302.41048104072,"(1435, 1002, 270)","(1435.0, 1002.0, 270)"
762,254,0,XDP_XM1_XM2,0.0,0.0,0.0,"(102, 481, 90)","(102.0, 481.0, 90)"
763,254,1,XM5,0.0,0.0,0.0,"(683, 1168, 0)","(683.0, 1168.0, 0)"
764,254,2,XDL_XM3_XM4,-7491.420578986171,7085.0,165177.68702345414,"(1555, 890, 90)","(1555.0, 890.0, 90)"
765,255,0,XDP_XM1_XM2,0.0,0.0,0.0,"(1496, 771, 90)","(1496.0, 771.0, 90)"
766,255,1,XDL_XM3_XM4,0.0,0.0,0.0,"(1206, 1228, 90)","(1206.0, 1228.0, 90)"
767,255,2,XM5,-4386.6803427104915,4114.0,74354.56930071118,"(1255, 1529, 180)","(1255.0, 1529.0, 180)"
768,256,0,XDL_XM3_XM4,0.0,0.0,0.0,"(138, 485, 90)","(76.0, 485.0, 90)"
769,256,1,XM5,0.0,0.0,0.0,"(584, 762, 90)","(584.0, 762.0, 90)"
770,256,2,XDP_XM1_XM2,-6373.1992011431785,5995.0,143034.63574533828,"(1105, 158, 180)","(1105.0, 158.0, 180)"
771,257,0,XM5,0.0,0.0,0.0,"(1435, 512, 90)","(1435.0, 512.0, 90)"
772,257,1,XDL_XM3_XM4,0.0,0.0,0.0,"(1327, 973, 270)","(1327.0, 973.0, 270)"
773,257,2,XDP_XM1_XM2,-4425.719617384921,4161.0,70076.47582841871,"(978, 284, 90)","(978.0, 284.0, 90)"
774,258,0,XDP_XM1_XM2,0.0,0.0,0.0,"(164, 1320, 90)","(164.0, 1320.0, 90)"
775,258,1,XDL_XM3_XM4,0.0,0.0,0.0,"(195, 294, 90)","(195.0, 294.0, 90)"
776,258,2,XM5,-4323.168645459385,4206.0,13728.491478786871,"(87, 823, 90)","(87.0, 823.0, 90)"
777,259,0,XDP_XM1_XM2,0.0,0.0,0.0,"(299, 804, 90)","(299.0, 804.0, 90)"
778,259,1,XDL_XM3_XM4,0.0,0.0,0.0,"(927, 1256, 90)","(927.0, 1256.0, 90)"
779,259,2,XM5,-4328.537292144841,4128.0,40215.20554078511,"(312, 508, 90)","(312.0, 393.5, 90)"
780,260,0,XDL_XM3_XM4,0.0,0.0,0.0,"(114, 403, 90)","(114.0, 403.0, 90)"
781,260,1,XDP_XM1_XM2,0.0,0.0,0.0,"(1549, 639, 90)","(1549.0, 639.0, 90)"
782,260,2,XM5,-5342.706100081696,5147.0,38300.87760918684,"(1139, 1052, 270)","(1139.0, 1052.0, 270)"
783,261,0,XDL_XM3_XM4,0.0,0.0,0.0,"(566, 348, 90)","(355.0, 348.0, 90)"
784,261,1,XDP_XM1_XM2,0.0,0.0,0.0,"(1342, 854, 270)","(1342.0, 854.0, 270)"
785,261,2,XM5,-5856.195164176067,5506.0,122636.65301230278,"(863, 413, 270)","(863.0, 413.0, 270)"
786,262,0,XM5,0.0,0.0,0.0,"(490, 252, 90)","(490.0, 252.0, 90)"
787,262,1,XDP_XM1_XM2,0.0,0.0,0.0,"(625, 315, 0)","(842.0, 315.0, 0)"
788,262,2,XDL_XM3_XM4,-4327.787708567164,4120.0,43175.7318315929,"(181, 821, 90)","(181.0, 821.0, 90)"
789,263,0,XDL_XM3_XM4,0.0,0.0,0.0,"(91, 424, 270)","(91.0, 295.5, 270)"
790,263,1,XM5,0.0,0.0,0.0,"(1441, 1512, 90)","(1441.0, 1512.0, 90)"
791,263,2,XDP_XM1_XM2,-6290.999864364272,6023.0,71823.92729926834,"(338, 656, 270)","(338.0, 656.0, 270)"
792,264,0,XDL_XM3_XM4,0.0,0.0,0.0,"(555, 746, 90)","(555.0, 746.0, 90)"
793,264,1,XM5,0.0,0.0,0.0,"(954, 195, 90)","(1189.0, 195.0, 90)"
794,264,2,XDP_XM1_XM2,-3622.199829012454,3431.0,36557.37461439158,"(910, 330, 90)","(910.0, 330.0, 90)"
795,265,0,XM5,0.0,0.0,0.0,"(1129, 506, 90)","(1269.0, 506.0, 90)"
796,265,1,XDL_XM3_XM4,0.0,0.0,0.0,"(761, 591, 90)","(761.0, 591.0, 90)"
797,265,2,XDP_XM1_XM2,-3931.7210973584524,3653.5,77406.9790153416,"(500, 505, 180)","(500.0, 303.5, 180)"
798,266,0,XM5,0.0,0.0,0.0,"(920, 455, 90)","(920.0, 455.0, 90)"
799,266,1,XDL_XM3_XM4,0.0,0.0,0.0,"(360, 1547, 270)","(360.0, 1547.0, 270)"
800,266,2,XDP_XM1_XM2,-4760.11939607617,4567.0,37295.1011408246,"(541, 339, 90)","(541.0, 339.0, 90)"
801,267,0,XM5,0.0,0.0,0.0,"(753, 721, 90)","(753.0, 721.0, 90)"
802,267,1,XDL_XM3_XM4,0.0,0.0,0.0,"(380, 280, 270)","(380.0, 280.0, 270)"
803,267,2,XDP_XM1_XM2,-4739.495367469993,4422.0,100803.30836490556,"(334, 202, 0)","(334.0, -7.5, 0)"
804,268,0,XDP_XM1_XM2,0.0,0.0,0.0,"(963, 995, 270)","(963.0, 995.0, 270)"
805,268,1,XDL_XM3_XM4,0.0,0.0,0.0,"(721, 1425, 0)","(675.5, 1425.0, 0)"
806,268,2,XM5,-3564.442293373893,3378.0,34760.72875851679,"(915, 730, 0)","(915.0, 643.0, 0)"
807,269,0,XDP_XM1_XM2,0.0,0.0,0.0,"(203, 670, 90)","(203.0, 670.0, 90)"
808,269,1,XM5,0.0,0.0,0.0,"(1106, 923, 270)","(1106.0, 923.0, 270)"
809,269,2,XDL_XM3_XM4,-4664.402672288854,4432.0,54011.002087000335,"(376, 1043, 90)","(376.0, 1043.0, 90)"
810,270,0,XDL_XM3_XM4,0.0,0.0,0.0,"(1388, 1065, 90)","(1388.0, 1065.0, 90)"
811,270,1,XM5,0.0,0.0,0.0,"(663, 728, 90)","(663.0, 728.0, 90)"
812,270,2,XDP_XM1_XM2,-4454.496082375766,4275.0,32218.8435882477,"(1383, 459, 90)","(1383.0, 459.0, 90)"
813,271,0,XDP_XM1_XM2,0.0,0.0,0.0,"(1213, 1400, 90)","(1213.0, 1400.0, 90)"
814,271,1,XM5,0.0,0.0,0.0,"(1466, 75, 90)","(1466.0, 75.0, 90)"
815,271,2,XDL_XM3_XM4,-7972.315896612321,7655.0,100689.37824288095,"(261, 503, 90)","(261.0, 503.0, 90)"
816,272,0,XM5,0.0,0.0,0.0,"(198, 56, 90)","(198.0, 56.0, 90)"
817,272,1,XDL_XM3_XM4,0.0,0.0,0.0,"(1336, 354, 180)","(1336.0, 354.0, 180)"
818,272,2,XDP_XM1_XM2,-5524.9918691083,5256.0,72356.62564637681,"(1455, 498, 90)","(1623.5, 498.0, 90)"
819,273,0,XM5,0.0,0.0,0.0,"(1135, 1218, 90)","(1135.0, 1218.0, 90)"
820,273,1,XDP_XM1_XM2,0.0,0.0,0.0,"(693, 60, 0)","(693.0, 60.0, 0)"
821,273,2,XDL_XM3_XM4,-6314.356593356726,5942.0,138649.43261622626,"(1012, 494, 90)","(1012.0, 494.0, 90)"
822,274,0,XDL_XM3_XM4,0.0,0.0,0.0,"(1336, 464, 90)","(1336.0, 464.0, 90)"
823,274,1,XDP_XM1_XM2,0.0,0.0,0.0,"(942, 1541, 90)","(942.0, 1541.0, 90)"
824,274,2,XM5,-6305.724203144369,6122.0,33754.582821033546,"(839, 424, 90)","(828.0, 424.0, 90)"
825,275,0,XM5,0.0,0.0,0.0,"(1168, 83, 90)","(1168.0, 83.0, 90)"
826,275,1,XDP_XM1_XM2,0.0,0.0,0.0,"(415, 680, 270)","(415.0, 680.0, 270)"
827,275,2,XDL_XM3_XM4,-4637.369778783497,4430.0,43002.22515271645,"(150, 924, 90)","(150.0, 1040.5, 90)"
828,276,0,XM5,0.0,0.0,0.0,"(1286, 1370, 90)","(1286.0, 1370.0, 90)"
829,276,1,XDP_XM1_XM2,0.0,0.0,0.0,"(117, 1135, 90)","(117.0, 1135.0, 90)"
830,276,2,XDL_XM3_XM4,-5816.770239210975,5588.0,52335.82234864675,"(557, 539, 0)","(557.0, 539.0, 0)"
831,277,0,XDP_XM1_XM2,0.0,0.0,0.0,"(898, 167, 90)","(898.0, 167.0, 90)"
832,277,1,XDL_XM3_XM4,0.0,0.0,0.0,"(405, 1108, 90)","(405.0, 1108.0, 90)"
833,277,2,XM5,-6008.374661843977,5722.0,82010.44694625218,"(45, 198, 90)","(45.0, 198.0, 90)"
834,278,0,XDL_XM3_XM4,0.0,0.0,0.0,"(989, 620, 90)","(989.0, 595.0, 90)"
835,278,1,XDP_XM1_XM2,0.0,0.0,0.0,"(1027, 1541, 90)","(1027.0, 1541.0, 90)"
836,278,2,XM5,-5417.322201454045,5153.0,69866.22618151273,"(1324, 941, 270)","(1324.0, 941.0, 270)"
837,279,0,XM5,0.0,0.0,0.0,"(99, 1397, 90)","(10.0, 1397.0, 90)"
838,279,1,XDL_XM3_XM4,0.0,0.0,0.0,"(1349, 1036, 270)","(1349.0, 1036.0, 270)"
839,279,2,XDP_XM1_XM2,-4787.579914238138,4568.0,48215.33873682802,"(289, 1377, 90)","(289.0, 1377.0, 90)"
840,280,0,XDP_XM1_XM2,0.0,0.0,0.0,"(383, 149, 90)","(383.0, 149.0, 90)"
841,280,1,XDL_XM3_XM4,0.0,0.0,0.0,"(570, 550, 90)","(570.0, 550.0, 90)"
842,280,2,XM5,-3775.869691905272,3616.0,25558.318389886517,"(386, 866, 90)","(386.0, 896.0, 90)"
843,281,0,XDL_XM3_XM4,0.0,0.0,0.0,"(365, 468, 270)","(365.0, 468.0, 270)"
844,281,1,XDP_XM1_XM2,0.0,0.0,0.0,"(1534, 726, 90)","(1534.0, 726.0, 90)"
845,281,2,XM5,-6081.769740184867,5827.0,64907.6205138649,"(518, 987, 270)","(518.0, 987.0, 270)"
846,282,0,XDL_XM3_XM4,0.0,0.0,0.0,"(89, 994, 90)","(89.0, 994.0, 90)"
847,282,1,XM5,0.0,0.0,0.0,"(87, 1218, 90)","(87.0, 1340.0, 90)"
848,282,2,XDP_XM1_XM2,-8208.298320287355,7805.0,162649.53514660237,"(1540, 852, 90)","(1540.0, 852.0, 90)"
849,283,0,XDL_XM3_XM4,0.0,0.0,0.0,"(745, 703, 90)","(745.0, 703.0, 90)"
850,283,1,XDP_XM1_XM2,0.0,0.0,0.0,"(819, 183, 90)","(819.0, 183.0, 90)"
851,283,2,XM5,-4716.971194138394,4428.0,83504.35104176907,"(1033, 989, 90)","(1033.0, 1049.0, 90)"
852,284,0,XM5,0.0,0.0,0.0,"(202, 661, 270)","(202.0, 661.0, 270)"
853,284,1,XDP_XM1_XM2,0.0,0.0,0.0,"(879, 92, 270)","(879.0, 92.0, 270)"
854,284,2,XDL_XM3_XM4,-5090.084628829841,4797.0,85898.59965632531,"(876, 717, 180)","(876.0, 717.0, 180)"
855,285,0,XDP_XM1_XM2,0.0,0.0,0.0,"(240, 1084, 90)","(240.0, 949.5, 90)"
856,285,1,XM5,0.0,0.0,0.0,"(237, 1360, 90)","(237.0, 1360.0, 90)"
857,285,2,XDL_XM3_XM4,-4983.111260879636,4767.0,46704.077078985865,"(1420, 1274, 90)","(1420.0, 1274.0, 90)"
858,286,0,XDL_XM3_XM4,0.0,0.0,0.0,"(148, 111, 90)","(148.0, 111.0, 90)"
859,286,1,XDP_XM1_XM2,0.0,0.0,0.0,"(908, 1293, 90)","(908.0, 1293.0, 90)"
860,286,2,XM5,-7329.020775914142,7008.0,103054.33856851811,"(943, 224, 180)","(943.0, 224.0, 180)"
861,287,0,XDP_XM1_XM2,0.0,0.0,0.0,"(737, 916, 90)","(737.0, 916.0, 90)"
862,287,1,XM5,0.0,0.0,0.0,"(99, 130, 180)","(99.0, 130.0, 180)"
863,287,2,XDL_XM3_XM4,-5127.174070346815,4887.0,57683.584066957,"(780, 327, 180)","(780.0, 327.0, 180)"
864,288,0,XDL_XM3_XM4,0.0,0.0,0.0,"(750, 739, 90)","(750.0, 739.0, 90)"
865,288,1,XDP_XM1_XM2,0.0,0.0,0.0,"(1367, 390, 180)","(1367.0, 390.0, 180)"
866,288,2,XM5,-5324.218079381395,5042.0,79647.04432972336,"(1148, 1267, 180)","(1148.0, 1267.0, 180)"
867,289,0,XM5,0.0,0.0,0.0,"(476, 568, 90)","(476.0, 568.0, 90)"
868,289,1,XDP_XM1_XM2,0.0,0.0,0.0,"(1192, 1236, 90)","(1192.0, 1236.0, 90)"
869,289,2,XDL_XM3_XM4,-5330.174106982811,5146.0,33920.10168291602,"(1328, 550, 90)","(1328.0, 550.0, 90)"
870,290,0,XDP_XM1_XM2,0.0,0.0,0.0,"(42, 37, 90)","(42.0, 37.0, 90)"
871,290,1,XM5,0.0,0.0,0.0,"(1253, 731, 180)","(1253.0, 731.0, 180)"
872,290,2,XDL_XM3_XM4,-8964.848793138623,8458.0,256895.69910607787,"(1388, 594, 90)","(1388.0, 443.5, 90)"
873,291,0,XM5,0.0,0.0,0.0,"(805, 1462, 180)","(805.0, 1462.0, 180)"
874,291,1,XDL_XM3_XM4,0.0,0.0,0.0,"(1252, 1000, 180)","(1252.0, 1000.0, 180)"
875,291,2,XDP_XM1_XM2,-4735.377721712155,4557.0,31818.611603219142,"(406, 1319, 90)","(406.0, 1319.0, 90)"
876,292,0,XM5,0.0,0.0,0.0,"(599, 1191, 90)","(599.0, 1191.0, 90)"
877,292,1,XDL_XM3_XM4,0.0,0.0,0.0,"(1301, 1183, 90)","(1301.0, 1183.0, 90)"
878,292,2,XDP_XM1_XM2,-5651.7106392012665,5363.0,83353.8331880037,"(1398, 517, 90)","(1398.0, 517.0, 90)"
879,293,0,XDL_XM3_XM4,0.0,0.0,0.0,"(886, 1403, 90)","(886.0, 1403.0, 90)"
880,293,1,XDP_XM1_XM2,0.0,0.0,0.0,"(837, 125, 90)","(837.0, 125.0, 90)"
881,293,2,XM5,-7392.247728386974,7159.0,54404.50279768346,"(702, 1506, 90)","(702.0, 1749.0, 90)"
882,294,0,XM5,0.0,0.0,0.0,"(1464, 727, 90)","(1464.0, 706.0, 90)"
883,294,1,XDP_XM1_XM2,0.0,0.0,0.0,"(550, 1273, 0)","(550.0, 1273.0, 0)"
884,294,2,XDL_XM3_XM4,-5337.27675233298,5029.0,95034.5560289698,"(1135, 1052, 90)","(1135.0, 1052.0, 90)"
885,295,0,XM5,0.0,0.0,0.0,"(211, 717, 270)","(211.0, 717.0, 270)"
886,295,1,XDP_XM1_XM2,0.0,0.0,0.0,"(1531, 1187, 180)","(1531.0, 1187.0, 180)"
887,295,2,XDL_XM3_XM4,-6993.0991356420955,6602.0,152958.5338999941,"(631, 1210, 90)","(631.0, 1210.0, 90)"
888,296,0,XDL_XM3_XM4,0.0,0.0,0.0,"(1231, 1089, 90)","(1231.0, 1089.0, 90)"
889,296,1,XM5,0.0,0.0,0.0,"(688, 411, 90)","(586.0, 411.0, 90)"
890,296,2,XDP_XM1_XM2,-3813.7491748778625,3624.0,36004.749366829696,"(865, 579, 90)","(865.0, 579.0, 90)"
891,297,0,XDP_XM1_XM2,0.0,0.0,0.0,"(1380, 967, 90)","(1380.0, 628.5, 90)"
892,297,1,XM5,0.0,0.0,0.0,"(1247, 935, 90)","(1101.0, 643.0, 90)"
893,297,2,XDL_XM3_XM4,-2906.395543366065,2775.0,17264.78881646341,"(1445, 989, 90)","(1445.0, 989.0, 90)"
894,298,0,XDP_XM1_XM2,0.0,0.0,0.0,"(160, 1232, 90)","(160.0, 1232.0, 90)"
895,298,1,XDL_XM3_XM4,0.0,0.0,0.0,"(48, 376, 90)","(48.0, 376.0, 90)"
896,298,2,XM5,-6466.87587479696,6161.0,93560.05078280541,"(641, 63, 90)","(641.0, 63.0, 90)"
897,299,0,XDL_XM3_XM4,0.0,0.0,0.0,"(571, 1469, 90)","(571.0, 1671.5, 90)"
898,299,1,XM5,0.0,0.0,0.0,"(511, 505, 90)","(511.0, 505.0, 90)"
899,299,2,XDP_XM1_XM2,-4762.004120655961,4539.0,49730.83782953816,"(863, 1311, 90)","(863.0, 1311.0, 90)"
900,300,0,XM5,0.0,0.0,0.0,"(1032, 269, 90)","(1032.0, 269.0, 90)"
901,300,1,XDL_XM3_XM4,0.0,0.0,0.0,"(1007, 174, 270)","(1007.0, -77.0, 270)"
902,300,2,XDP_XM1_XM2,-6656.716252013029,6269.0,150323.89207503057,"(625, 1090, 0)","(625.0, 1090.0, 0)"
903,301,0,XM5,0.0,0.0,0.0,"(1087, 1434, 90)","(1087.0, 1434.0, 90)"
904,301,1,XDL_XM3_XM4,0.0,0.0,0.0,"(429, 1397, 270)","(429.0, 1397.0, 270)"
905,301,2,XDP_XM1_XM2,-6257.998614584559,5947.0,96720.13827351468,"(1203, 567, 180)","(1203.0, 567.0, 180)"
906,302,0,XM5,0.0,0.0,0.0,"(332, 1282, 90)","(332.0, 1282.0, 90)"
907,302,1,XDL_XM3_XM4,0.0,0.0,0.0,"(1284, 1541, 0)","(1284.0, 1541.0, 0)"
908,302,2,XDP_XM1_XM2,-5041.480041307209,4836.0,42222.04737561233,"(309, 1093, 90)","(309.0, 871.5, 90)"
909,303,0,XDP_XM1_XM2,0.0,0.0,0.0,"(84, 1528, 90)","(84.0, 1528.0, 90)"
910,303,1,XDL_XM3_XM4,0.0,0.0,0.0,"(1364, 1157, 270)","(1364.0, 1157.0, 270)"
911,303,2,XM5,-9885.998398310343,9381.0,255023.3822960113,"(1313, 278, 90)","(1313.0, 278.0, 90)"
912,304,0,XDL_XM3_XM4,0.0,0.0,0.0,"(573, 1003, 90)","(573.0, 1003.0, 90)"
913,304,1,XM5,0.0,0.0,0.0,"(121, 552, 90)","(121.0, 552.0, 90)"
914,304,2,XDP_XM1_XM2,-5583.481888347515,5283.0,90289.3652248888,"(885, 179, 90)","(885.0, 179.0, 90)"
915,305,0,XDP_XM1_XM2,0.0,0.0,0.0,"(725, 784, 180)","(725.0, 784.0, 180)"
916,305,1,XDL_XM3_XM4,0.0,0.0,0.0,"(1099, 1494, 90)","(1099.0, 1556.0, 90)"
917,305,2,XM5,-5051.426297582392,4748.0,92067.5180645583,"(1216, 1210, 270)","(1216.0, 1210.0, 270)"
918,306,0,XM5,0.0,0.0,0.0,"(790, 1422, 90)","(618.0, 1422.0, 90)"
919,306,1,XDP_XM1_XM2,0.0,0.0,0.0,"(1264, 917, 180)","(1264.0, 917.0, 180)"
920,306,2,XDL_XM3_XM4,-4292.076255300913,4033.0,67120.50606074362,"(1126, 1258, 270)","(1126.0, 1258.0, 270)"
921,307,0,XDP_XM1_XM2,0.0,0.0,0.0,"(441, 1525, 90)","(441.0, 1525.0, 90)"
922,307,1,XDL_XM3_XM4,0.0,0.0,0.0,"(999, 1411, 90)","(999.0, 1411.0, 90)"
923,307,2,XM5,-5194.9309278035,4880.0,99181.48928717327,"(1020, 904, 180)","(1020.0, 904.0, 180)"
924,308,0,XM5,0.0,0.0,0.0,"(628, 550, 90)","(628.0, 677.0, 90)"
925,308,1,XDL_XM3_XM4,0.0,0.0,0.0,"(992, 331, 270)","(992.0, 331.0, 270)"
926,308,2,XDP_XM1_XM2,-3617.510033014101,3416.0,40606.29340534394,"(1112, 772, 0)","(1112.0, 772.0, 0)"
927,309,0,XM5,0.0,0.0,0.0,"(928, 77, 0)","(928.0, 77.0, 0)"
928,309,1,XDP_XM1_XM2,0.0,0.0,0.0,"(453, 1125, 270)","(453.0, 1190.5, 270)"
929,309,2,XDL_XM3_XM4,-4849.279597448114,4608.0,58215.84414472385,"(616, 830, 90)","(616.0, 830.0, 90)"
930,310,0,XDP_XM1_XM2,0.0,0.0,0.0,"(1352, 448, 90)","(1352.0, 448.0, 90)"
931,310,1,XDL_XM3_XM4,0.0,0.0,0.0,"(441, 1461, 90)","(441.0, 1461.0, 90)"
932,310,2,XM5,-7353.066810007873,7032.0,103083.8964886315,"(600, 67, 90)","(600.0, 67.0, 90)"
933,311,0,XDL_XM3_XM4,0.0,0.0,0.0,"(716, 1209, 180)","(716.0, 1209.0, 180)"
934,311,1,XM5,0.0,0.0,0.0,"(860, 240, 90)","(860.0, 240.0, 90)"
935,311,2,XDP_XM1_XM2,-3860.5642627318985,3692.0,28413.91067034846,"(1062, 980, 90)","(1062.0, 980.0, 90)"
936,312,0,XM5,0.0,0.0,0.0,"(72, 397, 90)","(72.0, 397.0, 90)"
937,312,1,XDL_XM3_XM4,0.0,0.0,0.0,"(831, 376, 180)","(831.0, 376.0, 180)"
938,312,2,XDP_XM1_XM2,-7988.78657378211,7610.0,143479.26847759014,"(1123, 1527, 0)","(1123.0, 1527.0, 0)"
939,313,0,XDL_XM3_XM4,0.0,0.0,0.0,"(974, 570, 90)","(974.0, 472.5, 90)"
940,313,1,XDP_XM1_XM2,0.0,0.0,0.0,"(990, 833, 270)","(990.0, 833.0, 270)"
941,313,2,XM5,-3813.550283263004,3733.0,6488.34813375023,"(144, 861, 0)","(144.0, 861.0, 0)"
942,314,0,XDL_XM3_XM4,0.0,0.0,0.0,"(1508, 136, 90)","(1508.0, 136.0, 90)"
943,314,1,XDP_XM1_XM2,0.0,0.0,0.0,"(246, 1016, 90)","(246.0, 1016.0, 90)"
944,314,2,XM5,-7854.491613025369,7538.0,100166.94111539965,"(1311, 1197, 90)","(1311.0, 1197.0, 90)"
945,315,0,XM5,0.0,0.0,0.0,"(293, 30, 90)","(293.0, -36.5, 90)"
946,315,1,XDL_XM3_XM4,0.0,0.0,0.0,"(159, 530, 180)","(159.0, 530.0, 180)"
947,315,2,XDP_XM1_XM2,-4599.1177224728835,4393.0,42484.51551740869,"(219, 1160, 270)","(219.0, 1160.0, 270)"
948,316,0,XDP_XM1_XM2,0.0,0.0,0.0,"(1384, 1226, 270)","(1447.0, 1226.0, 270)"
949,316,1,XDL_XM3_XM4,0.0,0.0,0.0,"(55, 877, 0)","(55.0, 877.0, 0)"
950,316,2,XM5,-5825.117671411545,5582.0,59106.20215257196,"(1168, 925, 270)","(1168.0, 925.0, 270)"
951,317,0,XM5,0.0,0.0,0.0,"(1294, 1236, 90)","(1358.0, 1236.0, 90)"
952,317,1,XDL_XM3_XM4,0.0,0.0,0.0,"(692, 1557, 0)","(692.0, 1557.0, 0)"
953,317,2,XDP_XM1_XM2,-3649.668089555288,3425.0,50475.75046442292,"(1079, 1464, 90)","(1079.0, 1464.0, 90)"
954,318,0,XDL_XM3_XM4,0.0,0.0,0.0,"(356, 4, 90)","(356.0, 4.0, 90)"
955,318,1,XM5,0.0,0.0,0.0,"(642, 385, 90)","(642.0, 385.0, 90)"
956,318,2,XDP_XM1_XM2,-10361.42126556137,9806.0,308492.78223779425,"(1520, 1359, 180)","(1520.0, 1359.0, 180)"
957,319,0,XDL_XM3_XM4,0.0,0.0,0.0,"(946, 657, 90)","(946.0, 657.0, 90)"
958,319,1,XM5,0.0,0.0,0.0,"(853, 1303, 180)","(853.0, 1303.0, 180)"
959,319,2,XDP_XM1_XM2,-5377.08729844126,5049.0,107641.27539848436,"(718, 185, 90)","(718.0, 185.0, 90)"
960,320,0,XDL_XM3_XM4,0.0,0.0,0.0,"(1335, 747, 90)","(1335.0, 747.0, 90)"
961,320,1,XM5,0.0,0.0,0.0,"(1083, 1108, 90)","(1083.0, 1108.0, 90)"
962,320,2,XDP_XM1_XM2,-4682.833180372432,4421.0,68556.61434394249,"(910, 1482, 90)","(910.0, 1518.5, 90)"
963,321,0,XM5,0.0,0.0,0.0,"(80, 1551, 90)","(-121.0, 1551.0, 90)"
964,321,1,XDP_XM1_XM2,0.0,0.0,0.0,"(231, 1516, 180)","(231.0, 1516.0, 180)"
965,321,2,XDL_XM3_XM4,-4673.3353701293945,4448.0,50776.02903135139,"(197, 519, 90)","(197.0, 519.0, 90)"
966,322,0,XDL_XM3_XM4,0.0,0.0,0.0,"(479, 81, 90)","(479.0, 81.0, 90)"
967,322,1,XDP_XM1_XM2,0.0,0.0,0.0,"(192, 128, 90)","(-29.0, 128.0, 90)"
968,322,2,XM5,-6521.034328458421,6240.0,78980.29377207565,"(1111, 1066, 90)","(1111.0, 1066.0, 90)"
969,323,0,XDP_XM1_XM2,0.0,0.0,0.0,"(1345, 380, 90)","(1345.5, 380.0, 90)"
970,323,1,XM5,0.0,0.0,0.0,"(1008, 438, 180)","(1008.0, 438.0, 180)"
971,323,2,XDL_XM3_XM4,-5141.480646767828,4928.0,45573.98654441016,"(66, 973, 180)","(66.0, 973.0, 180)"
972,324,0,XM5,0.0,0.0,0.0,"(569, 794, 90)","(569.0, 794.0, 90)"
973,324,1,XDL_XM3_XM4,0.0,0.0,0.0,"(901, 751, 0)","(901.0, 751.0, 0)"
974,324,2,XDP_XM1_XM2,-7026.37206807168,6581.0,198356.2790184448,"(1500, 252, 270)","(1500.0, 252.0, 270)"
975,325,0,XDP_XM1_XM2,0.0,0.0,0.0,"(311, 1165, 90)","(311.0, 1165.0, 90)"
976,325,1,XDL_XM3_XM4,0.0,0.0,0.0,"(1495, 1543, 90)","(1495.0, 1543.0, 90)"
977,325,2,XM5,-5321.847728202042,5101.0,48773.7190520031,"(222, 809, 90)","(222.0, 754.5, 90)"
978,326,0,XM5,0.0,0.0,0.0,"(109, 1067, 90)","(109.0, 1067.0, 90)"
979,326,1,XDP_XM1_XM2,0.0,0.0,0.0,"(1503, 162, 90)","(1503.0, 162.0, 90)"
980,326,2,XDL_XM3_XM4,-7571.036146345533,7189.0,145951.6171145453,"(1171, 887, 180)","(1171.0, 887.0, 180)"
981,327,0,XDP_XM1_XM2,0.0,0.0,0.0,"(848, 397, 90)","(848.0, 397.0, 90)"
982,327,1,XDL_XM3_XM4,0.0,0.0,0.0,"(1406, 952, 90)","(1406.0, 952.0, 90)"
983,327,2,XM5,-5525.419334670157,5279.0,60722.48849928275,"(338, 1015, 90)","(338.0, 1015.0, 90)"
984,328,0,XDP_XM1_XM2,0.0,0.0,0.0,"(333, 871, 90)","(333.0, 871.0, 90)"
985,328,1,XM5,0.0,0.0,0.0,"(157, 735, 90)","(54.0, 735.0, 90)"
986,328,2,XDL_XM3_XM4,-3110.828631313201,2998.0,12730.300044010242,"(649, 1280, 270)","(649.0, 1280.0, 270)"
987,329,0,XDP_XM1_XM2,0.0,0.0,0.0,"(1411, 513, 90)","(1630.0, 513.0, 90)"
988,329,1,XM5,0.0,0.0,0.0,"(1266, 341, 90)","(1266.0, 85.0, 90)"
989,329,2,XDL_XM3_XM4,-3872.989929379315,3646.0,51524.42803962648,"(1122, 431, 90)","(1122.0, 431.0, 90)"
990,330,0,XDL_XM3_XM4,0.0,0.0,0.0,"(208, 494, 90)","(208.0, 494.0, 90)"
991,330,1,XM5,0.0,0.0,0.0,"(722, 752, 90)","(722.0, 752.0, 90)"
992,330,2,XDP_XM1_XM2,-6978.433842449953,6578.0,160347.26217923334,"(1268, 1374, 0)","(1268.0, 1374.0, 0)"
993,331,0,XDL_XM3_XM4,0.0,0.0,0.0,"(779, 608, 90)","(779.0, 608.0, 90)"
994,331,1,XM5,0.0,0.0,0.0,"(242, 596, 180)","(212.5, 596.0, 180)"
995,331,2,XDP_XM1_XM2,-6996.149309201985,6611.0,148339.99037876597,"(39, 1554, 90)","(39.0, 1554.0, 90)"
996,332,0,XM5,0.0,0.0,0.0,"(815, 764, 90)","(491.0, 764.0, 90)"
997,332,1,XDP_XM1_XM2,0.0,0.0,0.0,"(770, 723, 90)","(770.0, 723.0, 90)"
998,332,2,XDL_XM3_XM4,-4084.64831404239,3912.0,29807.440341679732,"(1266, 16, 90)","(1266.0, 16.0, 90)"
999,333,0,XM5,0.0,0.0,0.0,"(1510, 214, 90)","(1510.0, 214.0, 90)"
1000,333,1,XDL_XM3_XM4,0.0,0.0,0.0,"(998, 1506, 90)","(998.0, 1506.0, 90)"
1001,333,2,XDP_XM1_XM2,-7323.97433226742,7027.0,88193.75402567998,"(248, 1071, 270)","(248.0, 1071.0, 270)"
1002,334,0,XM5,0.0,0.0,0.0,"(395, 809, 90)","(395.0, 809.0, 90)"
1003,334,1,XDP_XM1_XM2,0.0,0.0,0.0,"(225, 1225, 180)","(225.0, 1225.0, 180)"
1004,334,2,XDL_XM3_XM4,-5133.101140319202,4876.0,66100.996353434,"(951, 446, 90)","(951.0, 446.0, 90)"
1005,335,0,XDP_XM1_XM2,0.0,0.0,0.0,"(1166, 1344, 90)","(1166.0, 1344.0, 90)"
1006,335,1,XM5,0.0,0.0,0.0,"(536, 727, 90)","(536.0, 727.0, 90)"
1007,335,2,XDL_XM3_XM4,-7094.631368193148,6684.0,168618.12054417675,"(496, 248, 90)","(496.0, 248.0, 90)"
1008,336,0,XM5,0.0,0.0,0.0,"(1252, 1429, 180)","(1252.0, 1429.0, 180)"
1009,336,1,XDL_XM3_XM4,0.0,0.0,0.0,"(1294, 697, 180)","(1294.0, 697.0, 180)"
1010,336,2,XDP_XM1_XM2,-6737.701157213576,6333.0,163783.0266500076,"(722, 215, 180)","(722.0, 215.0, 180)"
1011,337,0,XDP_XM1_XM2,0.0,0.0,0.0,"(122, 761, 90)","(122.0, 633.5, 90)"
1012,337,1,XM5,0.0,0.0,0.0,"(54, 703, 0)","(-215.5, 703.0, 0)"
1013,337,2,XDL_XM3_XM4,-3284.903797146223,3103.0,33088.991416214245,"(444, 994, 90)","(444.0, 994.0, 90)"
1014,338,0,XM5,0.0,0.0,0.0,"(452, 57, 90)","(452.0, 57.0, 90)"
1015,338,1,XDP_XM1_XM2,0.0,0.0,0.0,"(955, 306, 90)","(955.0, 306.0, 90)"
1016,338,2,XDL_XM3_XM4,-4948.808403251834,4680.0,72257.95765880054,"(71, 58, 90)","(-56.0, 58.0, 90)"
1017,339,0,XDP_XM1_XM2,0.0,0.0,0.0,"(1386, 1370, 90)","(1386.0, 1370.0, 90)"
1018,339,1,XM5,0.0,0.0,0.0,"(1059, 354, 90)","(1059.0, 354.0, 90)"
1019,339,2,XDL_XM3_XM4,-4316.240878255774,4104.0,45046.190402782195,"(1076, 1440, 180)","(1076.0, 1440.0, 180)"
1020,340,0,XDP_XM1_XM2,0.0,0.0,0.0,"(537, 600, 90)","(537.0, 600.0, 90)"
1021,340,1,XM5,0.0,0.0,0.0,"(1456, 1527, 90)","(1456.0, 1527.0, 90)"
1022,340,2,XDL_XM3_XM4,-5474.229298600584,5252.0,49385.86115650775,"(196, 471, 180)","(196.0, 471.0, 180)"
1023,341,0,XDP_XM1_XM2,0.0,0.0,0.0,"(154, 621, 90)","(154.0, 621.0, 90)"
1024,341,1,XDL_XM3_XM4,0.0,0.0,0.0,"(492, 379, 270)","(492.0, 260.5, 270)"
1025,341,2,XM5,-4103.656971131173,3905.0,39464.59217901163,"(247, 1312, 90)","(247.0, 1312.0, 90)"
1026,342,0,XDP_XM1_XM2,0.0,0.0,0.0,"(602, 936, 90)","(595.0, 936.0, 90)"
1027,342,1,XDL_XM3_XM4,0.0,0.0,0.0,"(1103, 841, 90)","(1103.0, 841.0, 90)"
1028,342,2,XM5,-3368.522302203899,3213.0,24187.186482800837,"(749, 1270, 90)","(749.0, 1346.5, 90)"
1029,343,0,XM5,0.0,0.0,0.0,"(1243, 1402, 90)","(1243.0, 1402.0, 90)"
1030,343,1,XDL_XM3_XM4,0.0,0.0,0.0,"(998, 440, 90)","(1004.0, 440.0, 90)"
1031,343,2,XDP_XM1_XM2,-5268.403893313797,5004.0,69909.41879949396,"(496, 758, 270)","(496.0, 758.0, 270)"
1032,344,0,XDP_XM1_XM2,0.0,0.0,0.0,"(645, 124, 180)","(645.0, 124.0, 180)"
1033,344,1,XDL_XM3_XM4,0.0,0.0,0.0,"(632, 95, 270)","(632.0, -163.5, 270)"
1034,344,2,XM5,-5100.73732890094,4911.0,36000.2539784637,"(313, 1441, 180)","(313.0, 1441.0, 180)"
1035,345,0,XDL_XM3_XM4,0.0,0.0,0.0,"(589, 1127, 90)","(589.0, 1127.0, 90)"
1036,345,1,XM5,0.0,0.0,0.0,"(410, 444, 90)","(410.0, 444.0, 90)"
1037,345,2,XDP_XM1_XM2,-4773.036328914823,4515.0,66582.74703983856,"(0, 1078, 90)","(0.0, 1078.0, 90)"
1038,346,0,XM5,0.0,0.0,0.0,"(587, 152, 90)","(587.0, 152.0, 90)"
1039,346,1,XDL_XM3_XM4,0.0,0.0,0.0,"(1216, 167, 180)","(1216.0, 167.0, 180)"
1040,346,2,XDP_XM1_XM2,-8141.791585958093,7886.0,65429.33544695625,"(608, 1552, 90)","(608.0, 1552.0, 90)"
1041,347,0,XM5,0.0,0.0,0.0,"(119, 299, 180)","(119.0, 299.0, 180)"
1042,347,1,XDP_XM1_XM2,0.0,0.0,0.0,"(159, 1213, 180)","(159.0, 1213.0, 180)"
1043,347,2,XDL_XM3_XM4,-4394.816899556054,4153.0,58475.41291090268,"(402, 884, 90)","(402.0, 884.0, 90)"
1044,348,0,XDP_XM1_XM2,0.0,0.0,0.0,"(1010, 148, 90)","(1010.0, 148.0, 90)"
1045,348,1,XDL_XM3_XM4,0.0,0.0,0.0,"(289, 810, 90)","(289.0, 810.0, 90)"
1046,348,2,XM5,-5138.134384759559,4903.0,55288.17889625632,"(1433, 93, 90)","(1433.0, 93.0, 90)"
1047,349,0,XDP_XM1_XM2,0.0,0.0,0.0,"(501, 1301, 90)","(501.0, 1301.0, 90)"
1048,349,1,XM5,0.0,0.0,0.0,"(456, 508, 90)","(456.0, 508.0, 90)"
1049,349,2,XDL_XM3_XM4,-5928.67468380722,5740.0,35598.13630975473,"(1248, 379, 90)","(1248.0, 379.0, 90)"
1050,350,0,XM5,0.0,0.0,0.0,"(290, 885, 90)","(290.0, 885.0, 90)"
1051,350,1,XDP_XM1_XM2,0.0,0.0,0.0,"(828, 939, 0)","(828.0, 939.0, 0)"
1052,350,2,XDL_XM3_XM4,-4382.615552965612,4143.0,57415.61322301565,"(80, 652, 90)","(80.0, 539.0, 90)"
1053,351,0,XDP_XM1_XM2,0.0,0.0,0.0,"(105, 838, 90)","(105.0, 540.5, 90)"
1054,351,1,XM5,0.0,0.0,0.0,"(43, 951, 270)","(43.0, 951.0, 270)"
1055,351,2,XDL_XM3_XM4,-5309.891170577436,5056.0,64460.72649718095,"(871, 1440, 90)","(871.0, 1440.0, 90)"
1056,352,0,XDP_XM1_XM2,0.0,0.0,0.0,"(865, 967, 90)","(865.0, 967.0, 90)"
1057,352,1,XDL_XM3_XM4,0.0,0.0,0.0,"(284, 838, 270)","(284.0, 838.0, 270)"
1058,352,2,XM5,-5286.508898620607,4989.0,88511.54475844698,"(507, 57, 0)","(507.0, 57.0, 0)"
1059,353,0,XDP_XM1_XM2,0.0,0.0,0.0,"(1427, 272, 90)","(1427.0, 272.0, 90)"
1060,353,1,XM5,0.0,0.0,0.0,"(311, 35, 90)","(311.0, 35.0, 90)"
1061,353,2,XDL_XM3_XM4,-7284.0183875598905,6956.0,107596.06257739053,"(417, 928, 90)","(417.0, 928.0, 90)"
1062,354,0,XDL_XM3_XM4,0.0,0.0,0.0,"(1150, 1015, 90)","(1150.0, 1015.0, 90)"
1063,354,1,XDP_XM1_XM2,0.0,0.0,0.0,"(1460, 701, 90)","(1460.0, 654.5, 90)"
1064,354,2,XM5,-4711.658649261379,4464.5,61087.39790470935,"(415, 893, 0)","(415.0, 893.0, 0)"
1065,355,0,XDL_XM3_XM4,0.0,0.0,0.0,"(933, 490, 90)","(933.0, 490.0, 90)"
1066,355,1,XM5,0.0,0.0,0.0,"(453, 1476, 90)","(453.0, 1476.0, 90)"
1067,355,2,XDP_XM1_XM2,-5659.66477865336,5403.0,65876.8086011783,"(905, 235, 90)","(905.0, 129.5, 90)"
1068,356,0,XDL_XM3_XM4,0.0,0.0,0.0,"(844, 1129, 90)","(844.0, 1351.5, 90)"
1069,356,1,XDP_XM1_XM2,0.0,0.0,0.0,"(851, 991, 90)","(851.0, 991.0, 90)"
1070,356,2,XM5,-3921.398196087155,3731.0,36251.47307324275,"(1043, 484, 0)","(1043.0, 484.0, 0)"
1071,357,0,XDP_XM1_XM2,0.0,0.0,0.0,"(513, 459, 90)","(513.0, 459.0, 90)"
1072,357,1,XDL_XM3_XM4,0.0,0.0,0.0,"(1078, 1273, 180)","(1078.0, 1273.0, 180)"
1073,357,2,XM5,-5252.942716951933,5022.0,53334.53851314061,"(147, 138, 270)","(147.0, 138.0, 270)"
1074,358,0,XDL_XM3_XM4,0.0,0.0,0.0,"(279, 898, 90)","(8.0, 898.0, 90)"
1075,358,1,XDP_XM1_XM2,0.0,0.0,0.0,"(516, 873, 90)","(516.0, 873.0, 90)"
1076,358,2,XM5,-4295.28558382035,4127.0,28320.037721756158,"(1339, 1067, 90)","(1339.0, 1067.0, 90)"
1077,359,0,XM5,0.0,0.0,0.0,"(964, 599, 90)","(964.0, 599.0, 90)"
1078,359,1,XDL_XM3_XM4,0.0,0.0,0.0,"(1494, 67, 0)","(1494.0, 67.0, 0)"
1079,359,2,XDP_XM1_XM2,-6121.5780046273885,5870.0,63291.492412298525,"(292, 170, 0)","(292.0, 170.0, 0)"
1080,360,0,XDL_XM3_XM4,0.0,0.0,0.0,"(1235, 1010, 90)","(1235.0, 1010.0, 90)"
1081,360,1,XM5,0.0,0.0,0.0,"(1330, 1243, 90)","(1330.0, 1356.0, 90)"
1082,360,2,XDP_XM1_XM2,-6800.752426921278,6467.0,111390.68247584296,"(183, 1485, 90)","(183.0, 1485.0, 90)"
1083,361,0,XM5,0.0,0.0,0.0,"(659, 1330, 90)","(659.0, 1330.0, 90)"
1084,361,1,XDP_XM1_XM2,0.0,0.0,0.0,"(1222, 26, 270)","(1222.0, 26.0, 270)"
1085,361,2,XDL_XM3_XM4,-7708.489666376237,7353.0,126372.9029002884,"(244, 268, 270)","(244.0, 268.0, 270)"
1086,362,0,XM5,0.0,0.0,0.0,"(510, 163, 90)","(510.0, 163.0, 90)"
1087,362,1,XDL_XM3_XM4,0.0,0.0,0.0,"(1315, 249, 270)","(1315.0, 249.0, 270)"
1088,362,2,XDP_XM1_XM2,-4012.9050927944445,3803.5,43850.49288824989,"(1419, 180, 180)","(1419.0, -38.5, 180)"
1089,363,0,XM5,0.0,0.0,0.0,"(722, 889, 0)","(722.0, 889.0, 0)"
1090,363,1,XDL_XM3_XM4,0.0,0.0,0.0,"(1146, 341, 180)","(1146.0, 341.0, 180)"
1091,363,2,XDP_XM1_XM2,-4567.683997704476,4332.0,55546.946773963246,"(950, 1293, 0)","(950.0, 1293.0, 0)"
1092,364,0,XM5,0.0,0.0,0.0,"(385, 595, 90)","(385.0, 595.0, 90)"
1093,364,1,XDP_XM1_XM2,0.0,0.0,0.0,"(1309, 193, 270)","(1542.5, 193.0, 270)"
1094,364,2,XDL_XM3_XM4,-5486.844240104101,5201.0,81706.92960069086,"(1255, 227, 0)","(1255.0, 227.0, 0)"
1095,365,0,XDL_XM3_XM4,0.0,0.0,0.0,"(971, 453, 90)","(971.0, 453.0, 90)"
1096,365,1,XDP_XM1_XM2,0.0,0.0,0.0,"(965, 634, 90)","(965.0, 813.5, 90)"
1097,365,2,XM5,-5017.433675264861,4786.0,53561.54604660151,"(109, 140, 90)","(109.0, 140.0, 90)"
1098,366,0,XDL_XM3_XM4,0.0,0.0,0.0,"(614, 650, 90)","(614.0, 650.0, 90)"
1099,366,1,XM5,0.0,0.0,0.0,"(1505, 553, 90)","(1505.0, 553.0, 90)"
1100,366,2,XDP_XM1_XM2,-5027.794321894264,4789.0,57022.728168941394,"(918, 1153, 90)","(918.0, 1153.0, 90)"
1101,367,0,XDL_XM3_XM4,0.0,0.0,0.0,"(113, 1371, 90)","(113.0, 1371.0, 90)"
1102,367,1,XDP_XM1_XM2,0.0,0.0,0.0,"(577, 703, 90)","(577.0, 703.0, 90)"
1103,367,2,XM5,-5766.3997690033975,5480.0,82024.82768519959,"(942, 1506, 90)","(942.0, 1506.0, 90)"
1104,368,0,XDP_XM1_XM2,0.0,0.0,0.0,"(612, 871, 90)","(612.0, 871.0, 90)"
1105,368,1,XDL_XM3_XM4,0.0,0.0,0.0,"(1471, 1240, 90)","(1471.0, 1240.0, 90)"
1106,368,2,XM5,-5341.437029775694,5107.0,54960.72093004954,"(151, 394, 180)","(151.0, 394.0, 180)"
1107,369,0,XM5,0.0,0.0,0.0,"(852, 671, 0)","(852.0, 671.0, 0)"
1108,369,1,XDL_XM3_XM4,0.0,0.0,0.0,"(155, 95, 90)","(155.0, 95.0, 90)"
1109,369,2,XDP_XM1_XM2,-5659.227769873038,5458.0,40492.61536807631,"(118, 1203, 270)","(118.0, 1203.0, 270)"
1110,370,0,XDP_XM1_XM2,0.0,0.0,0.0,"(1040, 1554, 90)","(1040.0, 1554.0, 90)"
1111,370,1,XM5,0.0,0.0,0.0,"(278, 820, 90)","(278.0, 820.0, 90)"
1112,370,2,XDL_XM3_XM4,-6710.349432360017,6474.0,55861.05417690225,"(1300, 432, 90)","(1300.0, 432.0, 90)"
1113,371,0,XDL_XM3_XM4,0.0,0.0,0.0,"(1, 1270, 90)","(1.0, 1270.0, 90)"
1114,371,1,XM5,0.0,0.0,0.0,"(1318, 787, 90)","(1318.0, 787.0, 90)"
1115,371,2,XDP_XM1_XM2,-6600.394014858271,6326.0,75292.07539004095,"(633, 239, 180)","(633.0, 239.0, 180)"
1116,372,0,XDP_XM1_XM2,0.0,0.0,0.0,"(1449, 663, 90)","(1449.0, 972.5, 90)"
1117,372,1,XDL_XM3_XM4,0.0,0.0,0.0,"(1258, 612, 90)","(1258.0, 612.0, 90)"
1118,372,2,XM5,-3582.0552454391964,3376.0,42458.76417300754,"(1188, 551, 180)","(1188.0, 324.5, 180)"
1119,373,0,XDP_XM1_XM2,0.0,0.0,0.0,"(497, 1296, 90)","(497.0, 1296.0, 90)"
1120,373,1,XDL_XM3_XM4,0.0,0.0,0.0,"(256, 668, 180)","(256.0, 668.0, 180)"
1121,373,2,XM5,-4180.993338907389,3999.0,33121.57540666,"(1112, 1196, 90)","(1112.0, 1196.0, 90)"
1122,374,0,XDL_XM3_XM4,0.0,0.0,0.0,"(1387, 115, 90)","(1387.0, 115.0, 90)"
1123,374,1,XM5,0.0,0.0,0.0,"(1029, 1538, 90)","(1029.0, 1538.0, 90)"
1124,374,2,XDP_XM1_XM2,-8090.533800735449,7774.0,100193.64700802935,"(205, 975, 0)","(205.0, 975.0, 0)"
1125,375,0,XDL_XM3_XM4,0.0,0.0,0.0,"(1176, 292, 90)","(1176.0, 292.0, 90)"
1126,375,1,XM5,0.0,0.0,0.0,"(1216, 1076, 90)","(1216.0, 1076.0, 90)"
1127,375,2,XDP_XM1_XM2,-6006.9298276749505,5668.0,114873.42808777193,"(463, 309, 0)","(463.0, 309.0, 0)"
1128,376,0,XDL_XM3_XM4,0.0,0.0,0.0,"(797, 272, 90)","(797.0, 272.0, 90)"
1129,376,1,XDP_XM1_XM2,0.0,0.0,0.0,"(1194, 622, 180)","(1194.0, 622.0, 180)"
1130,376,2,XM5,-4047.5292726627395,3893.0,23879.296109675317,"(698, 1068, 270)","(698.0, 1068.0, 270)"
1131,377,0,XDP_XM1_XM2,0.0,0.0,0.0,"(342, 1460, 90)","(342.0, 1460.0, 90)"
1132,377,1,XM5,0.0,0.0,0.0,"(1081, 271, 90)","(1081.0, 271.0, 90)"
1133,377,2,XDL_XM3_XM4,-10361.916984070927,9819.0,294758.85159267177,"(1402, 156, 90)","(1589.0, 156.0, 90)"
1134,378,0,XDP_XM1_XM2,0.0,0.0,0.0,"(1132, 1360, 90)","(1132.0, 1360.0, 90)"
1135,378,1,XDL_XM3_XM4,0.0,0.0,0.0,"(1464, 1359, 90)","(1640.0, 1359.0, 90)"
1136,378,2,XM5,-5457.001601800328,5229.0,51984.73042351528,"(328, 668, 0)","(328.0, 668.0, 0)"
1137,379,0,XDP_XM1_XM2,0.0,0.0,0.0,"(820, 852, 90)","(820.0, 852.0, 90)"
1138,379,1,XM5,0.0,0.0,0.0,"(113, 1464, 90)","(113.0, 1464.0, 90)"
1139,379,2,XDL_XM3_XM4,-5332.550871559416,5083.0,62275.63749606398,"(945, 153, 180)","(945.0, 153.0, 180)"
1140,380,0,XDL_XM3_XM4,0.0,0.0,0.0,"(1080, 1391, 90)","(1080.0, 1391.0, 90)"
1141,380,1,XDP_XM1_XM2,0.0,0.0,0.0,"(947, 1520, 90)","(947.0, 1751.5, 90)"
1142,380,2,XM5,-4238.805695475452,4044.0,37949.2589896745,"(1007, 826, 0)","(1007.0, 826.0, 0)"
1143,381,0,XDP_XM1_XM2,0.0,0.0,0.0,"(420, 1289, 270)","(420.0, 1289.0, 270)"
1144,381,1,XM5,0.0,0.0,0.0,"(143, 471, 90)","(143.0, 138.0, 90)"
1145,381,2,XDL_XM3_XM4,-6256.99171076867,5876.0,145154.68367443743,"(99, 484, 90)","(99.0, 484.0, 90)"
1146,382,0,XM5,0.0,0.0,0.0,"(700, 1537, 90)","(700.0, 1537.0, 90)"
1147,382,1,XDP_XM1_XM2,0.0,0.0,0.0,"(1344, 922, 0)","(1344.0, 922.0, 0)"
1148,382,2,XDL_XM3_XM4,-6496.387486155556,6217.0,78057.367420321,"(396, 432, 90)","(396.0, 432.0, 90)"
1149,383,0,XDP_XM1_XM2,0.0,0.0,0.0,"(889, 1056, 90)","(889.0, 1056.0, 90)"
1150,383,1,XM5,0.0,0.0,0.0,"(297, 257, 90)","(297.0, 257.0, 90)"
1151,383,2,XDL_XM3_XM4,-5864.905957683213,5612.0,63961.42343166333,"(1353, 1518, 90)","(1353.0, 1518.0, 90)"
1152,384,0,XDL_XM3_XM4,0.0,0.0,0.0,"(279, 1370, 90)","(279.0, 1370.0, 90)"
1153,384,1,XDP_XM1_XM2,0.0,0.0,0.0,"(381, 598, 90)","(381.0, 598.0, 90)"
1154,384,2,XM5,-4146.526757151953,3996.0,22658.304618682883,"(449, 502, 0)","(449.0, 246.0, 0)"
1155,385,0,XM5,0.0,0.0,0.0,"(826, 1279, 0)","(826.0, 1311.0, 0)"
1156,385,1,XDL_XM3_XM4,0.0,0.0,0.0,"(567, 698, 90)","(567.0, 698.0, 90)"
1157,385,2,XDP_XM1_XM2,-3080.5846092673805,2933.0,21781.216892605415,"(905, 1032, 0)","(905.0, 1032.0, 0)"
1158,386,0,XM5,0.0,0.0,0.0,"(1187, 1307, 270)","(1187.0, 1307.0, 270)"
1159,386,1,XDL_XM3_XM4,0.0,0.0,0.0,"(791, 1271, 180)","(791.0, 1271.0, 180)"
1160,386,2,XDP_XM1_XM2,-6143.065079451032,5780.0,131816.25191678412,"(246, 844, 90)","(246.0, 844.0, 90)"
1161,387,0,XDL_XM3_XM4,0.0,0.0,0.0,"(1308, 223, 90)","(1308.0, 223.0, 90)"
1162,387,1,XM5,0.0,0.0,0.0,"(1521, 1332, 90)","(1521.0, 1332.0, 90)"
1163,387,2,XDP_XM1_XM2,-7959.582356697238,7636.0,104705.54156573814,"(289, 884, 0)","(289.0, 884.0, 0)"
1164,388,0,XM5,0.0,0.0,0.0,"(293, 802, 270)","(293.0, 802.0, 270)"
1165,388,1,XDP_XM1_XM2,0.0,0.0,0.0,"(1240, 850, 90)","(1240.0, 850.0, 90)"
1166,388,2,XDL_XM3_XM4,-5059.029774693789,4826.0,54302.87589383767,"(807, 150, 90)","(807.0, 150.0, 90)"
1167,389,0,XDP_XM1_XM2,0.0,0.0,0.0,"(121, 1312, 0)","(121.0, 1202.5, 0)"
1168,389,1,XM5,0.0,0.0,0.0,"(182, 1540, 90)","(182.0, 1540.0, 90)"
1169,389,2,XDL_XM3_XM4,-4228.316730592386,4004.0,50317.9956236573,"(989, 1320, 90)","(989.0, 1320.0, 90)"
1170,390,0,XM5,0.0,0.0,0.0,"(321, 956, 0)","(321.0, 956.0, 0)"
1171,390,1,XDP_XM1_XM2,0.0,0.0,0.0,"(753, 375, 180)","(753.0, 375.0, 180)"
1172,390,2,XDL_XM3_XM4,-4134.243902818036,3956.0,31770.88889180543,"(1129, 250, 180)","(1129.0, 250.0, 180)"
1173,391,0,XDL_XM3_XM4,0.0,0.0,0.0,"(1161, 175, 90)","(1161.0, 175.0, 90)"
1174,391,1,XDP_XM1_XM2,0.0,0.0,0.0,"(1148, 1344, 90)","(1148.0, 1344.0, 90)"
1175,391,2,XM5,-7556.482284320793,7189.0,135043.22928962807,"(1419, 173, 270)","(1669.0, 173.0, 270)"
1176,392,0,XM5,0.0,0.0,0.0,"(445, 631, 90)","(445.0, 631.0, 90)"
1177,392,1,XDP_XM1_XM2,0.0,0.0,0.0,"(707, 1079, 0)","(707.0, 1079.0, 0)"
1178,392,2,XDL_XM3_XM4,-4540.6813386293625,4274.0,71118.93637314858,"(55, 603, 90)","(-63.0, 603.0, 90)"
1179,393,0,XM5,0.0,0.0,0.0,"(1439, 1365, 0)","(1439.0, 1406.0, 0)"
1180,393,1,XDL_XM3_XM4,0.0,0.0,0.0,"(1401, 45, 270)","(1401.0, 45.0, 270)"
1181,393,2,XDP_XM1_XM2,-4270.927068397304,4173.0,9589.710724890145,"(1177, 1127, 180)","(1177.0, 1127.0, 180)"
1182,394,0,XDP_XM1_XM2,0.0,0.0,0.0,"(73, 1260, 90)","(-8.0, 1260.0, 90)"
1183,394,1,XM5,0.0,0.0,0.0,"(1046, 1234, 90)","(1046.0, 1234.0, 90)"
1184,394,2,XDL_XM3_XM4,-5144.0239717183795,4829.0,99240.1027572224,"(500, 1437, 90)","(500.0, 1437.0, 90)"
1185,395,0,XDL_XM3_XM4,0.0,0.0,0.0,"(1311, 547, 90)","(1311.0, 572.5, 90)"
1186,395,1,XDP_XM1_XM2,0.0,0.0,0.0,"(1028, 212, 90)","(1028.0, 212.0, 90)"
1187,395,2,XM5,-4165.870264023986,3972.0,37585.67927273029,"(265, 179, 0)","(265.0, 179.0, 0)"
1188,396,0,XDP_XM1_XM2,0.0,0.0,0.0,"(118, 632, 90)","(118.0, 632.0, 90)"
1189,396,1,XM5,0.0,0.0,0.0,"(483, 8, 90)","(483.0, 8.0, 90)"
1190,396,2,XDL_XM3_XM4,-5281.794605021875,5059.0,49637.436026853364,"(370, 1490, 270)","(370.0, 1490.0, 270)"
1191,397,0,XDP_XM1_XM2,0.0,0.0,0.0,"(61, 623, 180)","(61.0, 623.0, 180)"
1192,397,1,XM5,0.0,0.0,0.0,"(399, 34, 90)","(601.0, 34.0, 90)"
1193,397,2,XDL_XM3_XM4,-4614.672240760099,4353.0,68472.36158441118,"(93, 146, 90)","(93.0, 146.0, 90)"
1194,398,0,XDP_XM1_XM2,0.0,0.0,0.0,"(543, 169, 90)","(543.0, 169.0, 90)"
1195,398,1,XM5,0.0,0.0,0.0,"(832, 563, 180)","(832.0, 563.0, 180)"
1196,398,2,XDL_XM3_XM4,-4554.91693741653,4262.0,85800.33222547977,"(738, 838, 90)","(738.0, 850.5, 90)"
1197,399,0,XM5,0.0,0.0,0.0,"(1217, 448, 90)","(1217.0, 321.5, 90)"
1198,399,1,XDL_XM3_XM4,0.0,0.0,0.0,"(1184, 888, 180)","(1184.0, 888.0, 180)"
1199,399,2,XDP_XM1_XM2,-9782.407027686893,9244.0,289882.1274626354,"(59, 1494, 90)","(59.0, 1494.0, 90)"
1200,400,0,XDL_XM3_XM4,0.0,0.0,0.0,"(630, 688, 90)","(630.0, 450.0, 90)"
1201,400,1,XDP_XM1_XM2,0.0,0.0,0.0,"(88, 749, 90)","(88.0, 749.0, 90)"
1202,400,2,XM5,-4002.9608108642647,3835.0,28210.833986181315,"(615, 796, 270)","(615.0, 796.0, 270)"
1203,401,0,XDP_XM1_XM2,0.0,0.0,0.0,"(548, 1513, 270)","(548.0, 1513.0, 270)"
1204,401,1,XDL_XM3_XM4,0.0,0.0,0.0,"(585, 511, 0)","(585.0, 511.0, 0)"
1205,401,2,XM5,-5461.701937795537,5165.0,88032.03989162651,"(84, 931, 0)","(84.0, 931.0, 0)"
1206,402,0,XDP_XM1_XM2,0.0,0.0,0.0,"(738, 1386, 270)","(738.0, 1386.0, 270)"
1207,402,1,XM5,0.0,0.0,0.0,"(1459, 913, 0)","(1459.0, 913.0, 0)"
1208,402,2,XDL_XM3_XM4,-5617.573452645872,5398.0,48212.50110682875,"(542, 418, 270)","(542.0, 418.0, 270)"
1209,403,0,XDP_XM1_XM2,0.0,0.0,0.0,"(34, 207, 180)","(34.0, 207.0, 180)"
1210,403,1,XDL_XM3_XM4,0.0,0.0,0.0,"(507, 1478, 270)","(507.0, 1611.5, 270)"
1211,403,2,XM5,-7439.167063565868,7038.0,160935.01289006133,"(320, 1324, 180)","(320.0, 1324.0, 180)"
1212,404,0,XM5,0.0,0.0,0.0,"(191, 454, 270)","(167.5, 454.0, 270)"
1213,404,1,XDP_XM1_XM2,0.0,0.0,0.0,"(1113, 67, 180)","(1113.0, 67.0, 180)"
1214,404,2,XDL_XM3_XM4,-6323.750744381701,5924.0,159800.65763372424,"(455, 681, 0)","(455.0, 681.0, 0)"
1215,405,0,XM5,0.0,0.0,0.0,"(3, 787, 90)","(3.0, 787.0, 90)"
1216,405,1,XDP_XM1_XM2,0.0,0.0,0.0,"(312, 926, 0)","(312.0, 1124.5, 0)"
1217,405,2,XDL_XM3_XM4,-4292.07572490353,4172.0,14418.17971110808,"(358, 60, 0)","(358.0, 60.0, 0)"
1218,406,0,XDP_XM1_XM2,0.0,0.0,0.0,"(347, 503, 90)","(331.0, 478.5, 90)"
1219,406,1,XDL_XM3_XM4,0.0,0.0,0.0,"(839, 743, 90)","(839.0, 743.0, 90)"
1220,406,2,XM5,-3612.217162722435,3394.0,47618.730106629766,"(398, 889, 270)","(331.0, 889.0, 270)"
1221,407,0,XDP_XM1_XM2,0.0,0.0,0.0,"(874, 263, 270)","(874.0, 263.0, 270)"
1222,407,1,XDL_XM3_XM4,0.0,0.0,0.0,"(617, 669, 270)","(617.0, 669.0, 270)"
1223,407,2,XM5,-5888.700074536221,5540.0,121591.74198156614,"(229, 1237, 0)","(229.0, 1237.0, 0)"
1224,408,0,XM5,0.0,0.0,0.0,"(80, 170, 90)","(80.0, 170.0, 90)"
1225,408,1,XDL_XM3_XM4,0.0,0.0,0.0,"(1439, 185, 90)","(1439.0, 185.0, 90)"
1226,408,2,XDP_XM1_XM2,-8645.906086699473,8388.0,66515.54955663612,"(1324, 1401, 90)","(1324.0, 1401.0, 90)"
1227,409,0,XM5,0.0,0.0,0.0,"(937, 1141, 90)","(937.0, 1141.0, 90)"
1228,409,1,XDP_XM1_XM2,0.0,0.0,0.0,"(232, 1208, 0)","(232.0, 1208.0, 0)"
1229,409,2,XDL_XM3_XM4,-4114.755209644411,3929.0,34504.997910038895,"(36, 739, 0)","(36.0, 700.0, 0)"
1230,410,0,XDP_XM1_XM2,0.0,0.0,0.0,"(861, 1445, 180)","(861.0, 1445.0, 180)"
1231,410,1,XM5,0.0,0.0,0.0,"(1100, 1143, 180)","(1100.0, 1143.0, 180)"
1232,410,2,XDL_XM3_XM4,-4120.014354889727,3858.0,68651.52216827964,"(1280, 994, 0)","(1446.0, 994.0, 0)"
1233,411,0,XDP_XM1_XM2,0.0,0.0,0.0,"(672, 1034, 90)","(672.0, 1034.0, 90)"
1234,411,1,XM5,0.0,0.0,0.0,"(182, 1066, 90)","(182.0, 1066.0, 90)"
1235,411,2,XDL_XM3_XM4,-4059.701647138556,3824.0,55555.266463828346,"(141, 587, 90)","(141.0, 587.0, 90)"
1236,412,0,XDL_XM3_XM4,0.0,0.0,0.0,"(1004, 1081, 180)","(1004.0, 1081.0, 180)"
1237,412,1,XM5,0.0,0.0,0.0,"(1044, 1173, 0)","(1350.0, 1173.0, 0)"
1238,412,2,XDP_XM1_XM2,-5622.536673492608,5245.0,142533.93983186412,"(781, 492, 0)","(781.0, 492.0, 0)"
1239,413,0,XDL_XM3_XM4,0.0,0.0,0.0,"(1051, 1174, 90)","(1242.0, 1174.0, 90)"
1240,413,1,XDP_XM1_XM2,0.0,0.0,0.0,"(734, 1079, 90)","(734.0, 1079.0, 90)"
1241,413,2,XM5,-3927.137118630074,3744.0,33539.20422012571,"(99, 890, 270)","(99.0, 890.0, 270)"
1242,414,0,XM5,0.0,0.0,0.0,"(1187, 933, 90)","(1187.0, 969.5, 90)"
1243,414,1,XDP_XM1_XM2,0.0,0.0,0.0,"(226, 362, 0)","(226.0, 362.0, 0)"
1244,414,2,XDL_XM3_XM4,-6699.154358122759,6317.0,146041.95343221785,"(1054, 403, 180)","(1054.0, 403.0, 180)"
1245,415,0,XM5,0.0,0.0,0.0,"(610, 1322, 90)","(610.0, 1322.0, 90)"
1246,415,1,XDP_XM1_XM2,0.0,0.0,0.0,"(957, 568, 90)","(957.0, 568.0, 90)"
1247,415,2,XDL_XM3_XM4,-5405.880482906443,5085.0,102964.28431027212,"(211, 895, 90)","(211.0, 895.0, 90)"
1248,416,0,XDP_XM1_XM2,0.0,0.0,0.0,"(330, 1089, 90)","(330.0, 1089.0, 90)"
1249,416,1,XDL_XM3_XM4,0.0,0.0,0.0,"(1510, 641, 90)","(1510.0, 641.0, 90)"
1250,416,2,XM5,-6411.713720449021,6065.0,120210.40394760188,"(669, 613, 270)","(669.0, 613.0, 270)"
1251,417,0,XDL_XM3_XM4,0.0,0.0,0.0,"(860, 267, 0)","(860.0, 267.0, 0)"
1252,417,1,XM5,0.0,0.0,0.0,"(1267, 770, 270)","(1267.0, 770.0, 270)"
1253,417,2,XDP_XM1_XM2,-3818.9052756436117,3602.0,47047.89860203112,"(964, 148, 90)","(1147.5, 148.0, 90)"
1254,418,0,XM5,0.0,0.0,0.0,"(452, 1287, 90)","(452.0, 1287.0, 90)"
1255,418,1,XDP_XM1_XM2,0.0,0.0,0.0,"(1456, 32, 90)","(1456.0, 32.0, 90)"
1256,418,2,XDL_XM3_XM4,-8377.193341862438,7919.0,209941.13852706834,"(540, 448, 0)","(540.0, 448.0, 0)"
1257,419,0,XM5,0.0,0.0,0.0,"(311, 332, 90)","(311.0, 332.0, 90)"
1258,419,1,XDP_XM1_XM2,0.0,0.0,0.0,"(737, 124, 180)","(737.0, 124.0, 180)"
1259,419,2,XDL_XM3_XM4,-5859.051269330715,5567.0,85293.9439176817,"(518, 1459, 90)","(518.0, 1459.0, 90)"
1260,420,0,XM5,0.0,0.0,0.0,"(393, 532, 270)","(393.0, 532.0, 270)"
1261,420,1,XDL_XM3_XM4,0.0,0.0,0.0,"(1343, 43, 180)","(1343.0, 43.0, 180)"
1262,420,2,XDP_XM1_XM2,-3471.4277406694346,3369.0,10491.442058644987,"(672, 67, 90)","(672.0, 67.0, 90)"
1263,421,0,XDL_XM3_XM4,0.0,0.0,0.0,"(432, 855, 180)","(432.0, 855.0, 180)"
1264,421,1,XDP_XM1_XM2,0.0,0.0,0.0,"(1141, 162, 90)","(1141.0, 162.0, 90)"
1265,421,2,XM5,-5826.521643077548,5576.0,62761.09365027458,"(1343, 992, 270)","(1343.0, 992.0, 270)"
1266,422,0,XM5,0.0,0.0,0.0,"(331, 1137, 180)","(331.0, 1137.0, 180)"
1267,422,1,XDL_XM3_XM4,0.0,0.0,0.0,"(5, 929, 270)","(5.0, 849.5, 270)"
1268,422,2,XDP_XM1_XM2,-6769.557991516786,6426.0,118032.09353504835,"(1278, 1311, 90)","(1278.0, 1311.0, 90)"
1269,423,0,XDL_XM3_XM4,0.0,0.0,0.0,"(759, 98, 0)","(753.0, 98.0, 0)"
1270,423,1,XDP_XM1_XM2,0.0,0.0,0.0,"(565, 1060, 270)","(565.0, 1060.0, 270)"
1271,423,2,XM5,-4844.886123738683,4612.0,54235.946630028826,"(1099, 575, 180)","(1099.0, 575.0, 180)"
1272,424,0,XDP_XM1_XM2,0.0,0.0,0.0,"(469, 332, 0)","(469.0, 332.0, 0)"
1273,424,1,XM5,0.0,0.0,0.0,"(728, 678, 90)","(728.0, 678.0, 90)"
1274,424,2,XDL_XM3_XM4,-5148.918329190599,4838.0,96670.2074266739,"(1372, 625, 90)","(1372.0, 625.0, 90)"
1275,425,0,XDP_XM1_XM2,0.0,0.0,0.0,"(337, 194, 90)","(337.0, 194.0, 90)"
1276,425,1,XM5,0.0,0.0,0.0,"(1366, 1290, 270)","(1366.0, 1290.0, 270)"
1277,425,2,XDL_XM3_XM4,-7187.3982385414565,6832.0,126307.9079583697,"(941, 497, 0)","(941.0, 497.0, 0)"
1278,426,0,XDL_XM3_XM4,0.0,0.0,0.0,"(640, 1136, 180)","(640.0, 1136.0, 180)"
1279,426,1,XM5,0.0,0.0,0.0,"(758, 159, 180)","(758.0, 159.0, 180)"
1280,426,2,XDP_XM1_XM2,-3552.2170525373385,3470.0,6759.643727927512,"(705, 1170, 90)","(927.5, 1170.0, 90)"
1281,427,0,XDP_XM1_XM2,0.0,0.0,0.0,"(638, 1316, 90)","(638.0, 1316.0, 90)"
1282,427,1,XM5,0.0,0.0,0.0,"(129, 599, 270)","(129.0, 599.0, 270)"
1283,427,2,XDL_XM3_XM4,-4900.7029310325215,4588.0,97783.12307632975,"(130, 1171, 270)","(130.0, 1171.0, 270)"
1284,428,0,XDL_XM3_XM4,0.0,0.0,0.0,"(586, 197, 0)","(313.5, 197.0, 0)"
1285,428,1,XM5,0.0,0.0,0.0,"(909, 959, 270)","(909.0, 959.0, 270)"
1286,428,2,XDP_XM1_XM2,-4226.676517008144,4033.0,37510.59324040617,"(674, 344, 0)","(674.0, 344.0, 0)"
1287,429,0,XDP_XM1_XM2,0.0,0.0,0.0,"(191, 931, 90)","(191.0, 931.0, 90)"
1288,429,1,XM5,0.0,0.0,0.0,"(8, 315, 90)","(8.0, 315.0, 90)"
1289,429,2,XDL_XM3_XM4,-6559.435569633516,6306.0,64229.58795546473,"(1234, 109, 180)","(1234.0, 109.0, 180)"
1290,430,0,XDP_XM1_XM2,0.0,0.0,0.0,"(551, 1442, 270)","(551.0, 1495.5, 270)"
1291,430,1,XDL_XM3_XM4,0.0,0.0,0.0,"(328, 1135, 270)","(328.0, 1135.0, 270)"
1292,430,2,XM5,-6153.809260181539,5794.0,129462.70371238653,"(63, 184, 90)","(63.0, 184.0, 90)"
1293,431,0,XDP_XM1_XM2,0.0,0.0,0.0,"(197, 474, 90)","(197.0, 543.5, 90)"
1294,431,1,XDL_XM3_XM4,0.0,0.0,0.0,"(199, 183, 270)","(199.0, 183.0, 270)"
1295,431,2,XM5,-3958.173558776549,3739.0,48037.048866777266,"(93, 20, 0)","(93.0, -104.5, 0)"
1296,432,0,XDP_XM1_XM2,0.0,0.0,0.0,"(920, 1451, 90)","(920.0, 1451.0, 90)"
1297,432,1,XDL_XM3_XM4,0.0,0.0,0.0,"(572, 1067, 270)","(572.0, 1067.0, 270)"
1298,432,2,XM5,-5405.402187294734,5040.0,133518.758479776,"(277, 792, 270)","(277.0, 721.0, 270)"
1299,433,0,XDL_XM3_XM4,0.0,0.0,0.0,"(1194, 1194, 90)","(1194.0, 1194.0, 90)"
1300,433,1,XM5,0.0,0.0,0.0,"(87, 1113, 90)","(87.0, 1113.0, 90)"
1301,433,2,XDP_XM1_XM2,-4928.472246522828,4700.0,52199.56743118773,"(591, 1509, 180)","(591.0, 1509.0, 180)"
1302,434,0,XDL_XM3_XM4,0.0,0.0,0.0,"(43, 1095, 270)","(17.0, 1095.0, 270)"
1303,434,1,XM5,0.0,0.0,0.0,"(525, 1143, 90)","(525.0, 1143.0, 90)"
1304,434,2,XDP_XM1_XM2,-5431.042093294315,5084.0,120438.2145181004,"(977, 1353, 180)","(977.0, 1353.0, 180)"
1305,435,0,XDP_XM1_XM2,0.0,0.0,0.0,"(629, 1091, 90)","(629.0, 1091.0, 90)"
1306,435,1,XM5,0.0,0.0,0.0,"(1130, 333, 90)","(1130.0, 333.0, 90)"
1307,435,2,XDL_XM3_XM4,-5552.160083122457,5265.0,82460.91333889637,"(426, 451, 0)","(426.0, 451.0, 0)"
1308,436,0,XM5,0.0,0.0,0.0,"(1198, 1062, 0)","(1198.0, 1062.0, 0)"
1309,436,1,XDP_XM1_XM2,0.0,0.0,0.0,"(558, 971, 180)","(558.0, 971.0, 180)"
1310,436,2,XDL_XM3_XM4,-3772.9826908220407,3598.0,30618.94208732183,"(305, 1433, 90)","(305.0, 1433.0, 90)"
1311,437,0,XDL_XM3_XM4,0.0,0.0,0.0,"(1423, 1398, 90)","(1423.0, 1398.0, 90)"
1312,437,1,XM5,0.0,0.0,0.0,"(301, 4, 90)","(301.0, 4.0, 90)"
1313,437,2,XDP_XM1_XM2,-7907.68748446819,7572.0,112686.08722858124,"(1444, 1462, 270)","(1444.0, 1758.5, 270)"
1314,438,0,XDL_XM3_XM4,0.0,0.0,0.0,"(266, 990, 180)","(129.5, 990.0, 180)"
1315,438,1,XM5,0.0,0.0,0.0,"(856, 989, 0)","(900.5, 989.0, 0)"
1316,438,2,XDP_XM1_XM2,-2966.219709382184,2832.0,18014.930386637963,"(490, 1131, 0)","(490.0, 1131.0, 0)"
1317,439,0,XM5,0.0,0.0,0.0,"(1481, 748, 0)","(1481.0, 713.0, 0)"
1318,439,1,XDP_XM1_XM2,0.0,0.0,0.0,"(1172, 992, 0)","(1172.0, 992.0, 0)"
1319,439,2,XDL_XM3_XM4,-4865.63894154741,4644.0,49123.82041025597,"(441, 1506, 0)","(441.0, 1506.0, 0)"
1320,440,0,XDL_XM3_XM4,0.0,0.0,0.0,"(772, 1078, 180)","(772.0, 1078.0, 180)"
1321,440,1,XDP_XM1_XM2,0.0,0.0,0.0,"(156, 1293, 180)","(156.0, 1293.0, 180)"
1322,440,2,XM5,-4506.402523084086,4280.0,51258.10245884024,"(392, 734, 0)","(392.0, 734.0, 0)"
1323,441,0,XM5,0.0,0.0,0.0,"(318, 58, 180)","(318.0, 58.0, 180)"
1324,441,1,XDP_XM1_XM2,0.0,0.0,0.0,"(868, 696, 90)","(868.0, 696.0, 90)"
1325,441,2,XDL_XM3_XM4,-5015.661184244374,4789.0,51375.29244306211,"(349, 1156, 180)","(349.0, 1156.0, 180)"
1326,442,0,XDL_XM3_XM4,0.0,0.0,0.0,"(908, 1379, 90)","(908.0, 1379.0, 90)"
1327,442,1,XDP_XM1_XM2,0.0,0.0,0.0,"(1393, 1074, 90)","(1416.0, 1074.0, 90)"
1328,442,2,XM5,-5403.967847370746,5138.0,70738.89583502861,"(517, 632, 270)","(517.0, 632.0, 270)"
1329,443,0,XDP_XM1_XM2,0.0,0.0,0.0,"(107, 640, 270)","(50.0, 640.0, 270)"
1330,443,1,XDL_XM3_XM4,0.0,0.0,0.0,"(476, 1338, 90)","(476.0, 1338.0, 90)"
1331,443,2,XM5,-4069.2825318209684,3824.0,60163.520416504405,"(329, 734, 90)","(329.0, 734.0, 90)"
1332,444,0,XM5,0.0,0.0,0.0,"(407, 881, 270)","(648.5, 881.0, 270)"
1333,444,1,XDP_XM1_XM2,0.0,0.0,0.0,"(233, 1462, 180)","(233.0, 1465.0, 180)"
1334,444,2,XDL_XM3_XM4,-4711.312497668918,4414.0,88394.72127013002,"(361, 957, 180)","(361.0, 957.0, 180)"
1335,445,0,XDP_XM1_XM2,0.0,0.0,0.0,"(988, 221, 90)","(902.0, 221.0, 90)"
1336,445,1,XM5,0.0,0.0,0.0,"(996, 1367, 90)","(996.0, 1367.0, 90)"
1337,445,2,XDL_XM3_XM4,-5210.819910050834,4954.0,65956.46619851804,"(1410, 480, 90)","(1410.0, 480.0, 90)"
1338,446,0,XDP_XM1_XM2,0.0,0.0,0.0,"(248, 1463, 90)","(248.0, 1463.0, 90)"
1339,446,1,XM5,0.0,0.0,0.0,"(252, 170, 90)","(252.0, 170.0, 90)"
1340,446,2,XDL_XM3_XM4,-7700.020895514429,7471.0,52450.570582231,"(1152, 359, 90)","(1152.0, 359.0, 90)"
1341,447,0,XM5,0.0,0.0,0.0,"(321, 1103, 180)","(321.0, 1103.0, 180)"
1342,447,1,XDL_XM3_XM4,0.0,0.0,0.0,"(1049, 1487, 0)","(1049.0, 1562.0, 0)"
1343,447,2,XDP_XM1_XM2,-3705.8870527965123,3576.0,16870.646484163997,"(1072, 981, 90)","(1072.0, 981.0, 90)"
1344,448,0,XDL_XM3_XM4,0.0,0.0,0.0,"(524, 389, 270)","(524.0, 389.0, 270)"
1345,448,1,XM5,0.0,0.0,0.0,"(254, 382, 90)","(16.0, 382.0, 90)"
1346,448,2,XDP_XM1_XM2,-7435.601166219551,7011.0,180286.1503550021,"(1488, 44, 180)","(1488.0, 44.0, 180)"
1347,449,0,XM5,0.0,0.0,0.0,"(722, 1138, 270)","(801.0, 1138.0, 270)"
1348,449,1,XDP_XM1_XM2,0.0,0.0,0.0,"(685, 971, 180)","(685.0, 800.5, 180)"
1349,449,2,XDL_XM3_XM4,-3517.856066448191,3340.0,31632.780372423396,"(293, 1314, 90)","(293.0, 1314.0, 90)"
1350,450,0,XM5,0.0,0.0,0.0,"(1055, 577, 90)","(1055.0, 577.0, 90)"
1351,450,1,XDP_XM1_XM2,0.0,0.0,0.0,"(647, 728, 0)","(647.0, 728.0, 0)"
1352,450,2,XDL_XM3_XM4,-3330.2515371010268,3188.0,20235.499807604774,"(151, 472, 90)","(151.0, 440.5, 90)"
1353,451,0,XM5,0.0,0.0,0.0,"(673, 1165, 90)","(673.0, 1181.0, 90)"
1354,451,1,XDP_XM1_XM2,0.0,0.0,0.0,"(70, 376, 270)","(70.0, 376.0, 270)"
1355,451,2,XDL_XM3_XM4,-5700.685258854836,5342.0,128655.11491976069,"(589, 835, 270)","(589.0, 835.0, 270)"
1356,452,0,XDL_XM3_XM4,0.0,0.0,0.0,"(400, 670, 90)","(400.0, 670.0, 90)"
1357,452,1,XM5,0.0,0.0,0.0,"(191, 36, 90)","(191.0, 36.0, 90)"
1358,452,2,XDP_XM1_XM2,-4607.64038492819,4358.0,62320.32178709449,"(512, 771, 90)","(512.0, 1030.5, 90)"
1359,453,0,XDP_XM1_XM2,0.0,0.0,0.0,"(993, 497, 180)","(993.0, 497.0, 180)"
1360,453,1,XM5,0.0,0.0,0.0,"(570, 409, 180)","(570.0, 409.0, 180)"
1361,453,2,XDL_XM3_XM4,-3540.9216885669516,3373.0,28197.693491176324,"(1313, 202, 270)","(1313.0, 202.0, 270)"
1362,454,0,XDL_XM3_XM4,0.0,0.0,0.0,"(295, 1188, 90)","(295.0, 1250.5, 90)"
1363,454,1,XDP_XM1_XM2,0.0,0.0,0.0,"(324, 890, 90)","(324.0, 890.0, 90)"
1364,454,2,XM5,-2941.082538566304,2838.0,10626.009757273527,"(151, 609, 180)","(151.0, 538.0, 180)"
1365,455,0,XDP_XM1_XM2,0.0,0.0,0.0,"(1134, 1166, 90)","(1134.0, 1166.0, 90)"
1366,455,1,XDL_XM3_XM4,0.0,0.0,0.0,"(331, 1449, 0)","(331.0, 1449.0, 0)"
1367,455,2,XM5,-4400.573365718034,4132.0,72131.65277311287,"(733, 1313, 90)","(733.0, 1313.0, 90)"
1368,456,0,XM5,0.0,0.0,0.0,"(300, 896, 270)","(300.0, 896.0, 270)"
1369,456,1,XDL_XM3_XM4,0.0,0.0,0.0,"(1234, 1115, 0)","(1234.0, 1115.0, 0)"
1370,456,2,XDP_XM1_XM2,-6554.0579840770315,6160.0,155281.69481485424,"(1459, 1409, 180)","(1594.5, 1409.0, 180)"
1371,457,0,XDP_XM1_XM2,0.0,0.0,0.0,"(150, 109, 90)","(150.0, 109.0, 90)"
1372,457,1,XDL_XM3_XM4,0.0,0.0,0.0,"(1016, 380, 0)","(1016.0, 380.0, 0)"
1373,457,2,XM5,-4373.067815475583,4253.0,14416.28031307867,"(107, 763, 90)","(107.0, 763.0, 90)"
1374,458,0,XDL_XM3_XM4,0.0,0.0,0.0,"(9, 373, 90)","(9.0, 373.0, 90)"
1375,458,1,XM5,0.0,0.0,0.0,"(1029, 986, 90)","(1029.0, 986.0, 90)"
1376,458,2,XDP_XM1_XM2,-4501.182805936503,4309.0,36934.23089762759,"(434, 992, 90)","(434.0, 992.0, 90)"
1377,459,0,XDP_XM1_XM2,0.0,0.0,0.0,"(1036, 581, 90)","(1036.0, 515.0, 90)"
1378,459,1,XDL_XM3_XM4,0.0,0.0,0.0,"(450, 980, 90)","(450.0, 980.0, 90)"
1379,459,2,XM5,-4113.609115276308,3871.5,58616.82369987675,"(934, 867, 180)","(1016.5, 867.0, 180)"
1380,460,0,XDP_XM1_XM2,0.0,0.0,0.0,"(927, 542, 90)","(927.0, 542.0, 90)"
1381,460,1,XDL_XM3_XM4,0.0,0.0,0.0,"(1245, 212, 90)","(1245.0, 181.5, 90)"
1382,460,2,XM5,-4684.794780817137,4491.0,37556.417071962176,"(1106, 1546, 270)","(1106.0, 1546.0, 270)"
1383,461,0,XM5,0.0,0.0,0.0,"(973, 481, 90)","(973.0, 481.0, 90)"
1384,461,1,XDP_XM1_XM2,0.0,0.0,0.0,"(347, 1547, 90)","(347.0, 1547.0, 90)"
1385,461,2,XDL_XM3_XM4,-5999.275652470285,5645.0,125511.23793324643,"(680, 1180, 90)","(680.0, 1180.0, 90)"
1386,462,0,XDL_XM3_XM4,0.0,0.0,0.0,"(317, 1421, 90)","(317.0, 1421.0, 90)"
1387,462,1,XDP_XM1_XM2,0.0,0.0,0.0,"(1131, 776, 90)","(1131.0, 776.0, 90)"
1388,462,2,XM5,-5538.423288496878,5272.0,70981.36865349047,"(1278, 1322, 270)","(1278.0, 1322.0, 270)"
1389,463,0,XM5,0.0,0.0,0.0,"(657, 1208, 90)","(657.0, 1208.0, 90)"
1390,463,1,XDL_XM3_XM4,0.0,0.0,0.0,"(981, 663, 180)","(981.0, 663.0, 180)"
1391,463,2,XDP_XM1_XM2,-3620.179335575872,3472.0,21957.11549170689,"(1033, 1397, 90)","(1033.0, 1397.0, 90)"
1392,464,0,XM5,0.0,0.0,0.0,"(778, 55, 90)","(778.0, 55.0, 90)"
1393,464,1,XDL_XM3_XM4,0.0,0.0,0.0,"(693, 1156, 0)","(693.0, 1156.0, 0)"
1394,464,2,XDP_XM1_XM2,-5838.767777235366,5546.0,85712.9713873369,"(1342, 386, 90)","(1342.0, 386.0, 90)"
1395,465,0,XDP_XM1_XM2,0.0,0.0,0.0,"(1333, 1209, 270)","(1333.0, 1209.0, 270)"
1396,465,1,XM5,0.0,0.0,0.0,"(527, 597, 0)","(527.0, 550.5, 0)"
1397,465,2,XDL_XM3_XM4,-6259.883590614075,5888.0,138297.4049680166,"(666, 838, 90)","(666.0, 838.0, 90)"
1398,466,0,XM5,0.0,0.0,0.0,"(1004, 180, 180)","(1004.0, 11.0, 180)"
1399,466,1,XDL_XM3_XM4,0.0,0.0,0.0,"(1186, 335, 0)","(1350.0, 335.0, 0)"
1400,466,2,XDP_XM1_XM2,-2180.2017184013075,2087.0,8686.560312956612,"(996, 363, 270)","(996.0, 363.0, 270)"
1401,467,0,XDP_XM1_XM2,0.0,0.0,0.0,"(1209, 1276, 180)","(1209.0, 1276.0, 180)"
1402,467,1,XDL_XM3_XM4,0.0,0.0,0.0,"(961, 1350, 180)","(848.5, 1350.0, 180)"
1403,467,2,XM5,-3995.211326341031,3820.0,30699.008878183333,"(1225, 416, 180)","(1225.0, 416.0, 180)"
1404,468,0,XDL_XM3_XM4,0.0,0.0,0.0,"(327, 1272, 90)","(327.0, 1272.0, 90)"
1405,468,1,XDP_XM1_XM2,0.0,0.0,0.0,"(1552, 985, 90)","(1552.0, 985.0, 90)"
1406,468,2,XM5,-6263.888826401061,5939.0,105552.74952025876,"(648, 789, 180)","(648.0, 789.0, 180)"
1407,469,0,XDL_XM3_XM4,0.0,0.0,0.0,"(989, 533, 90)","(989.0, 533.0, 90)"
1408,469,1,XM5,0.0,0.0,0.0,"(1271, 889, 90)","(1271.0, 889.0, 90)"
1409,469,2,XDP_XM1_XM2,-4068.2507259541367,3861.0,42952.86340851665,"(1339, 470, 0)","(1339.0, 245.5, 0)"
1410,470,0,XDL_XM3_XM4,0.0,0.0,0.0,"(1474, 1065, 0)","(1474.0, 1065.0, 0)"
1411,470,1,XDP_XM1_XM2,0.0,0.0,0.0,"(965, 1390, 270)","(965.0, 1390.0, 270)"
1412,470,2,XM5,-3579.509460741639,3451.0,16514.681500106864,"(802, 1442, 180)","(627.5, 1442.0, 180)"
1413,471,0,XM5,0.0,0.0,0.0,"(251, 662, 90)","(251.0, 662.0, 90)"
1414,471,1,XDL_XM3_XM4,0.0,0.0,0.0,"(542, 43, 180)","(542.0, 43.0, 180)"
1415,471,2,XDP_XM1_XM2,-4291.766622885021,4106.0,34509.238178105596,"(821, 660, 180)","(821.0, 660.0, 180)"
1416,472,0,XDP_XM1_XM2,0.0,0.0,0.0,"(57, 996, 90)","(57.0, 996.0, 90)"
1417,472,1,XDL_XM3_XM4,0.0,0.0,0.0,"(555, 341, 180)","(555.0, 341.0, 180)"
1418,472,2,XM5,-5595.724583966563,5291.0,92857.0720735949,"(181, 188, 90)","(181.0, 188.0, 90)"
1419,473,0,XDL_XM3_XM4,0.0,0.0,0.0,"(654, 1257, 90)","(654.0, 1257.0, 90)"
1420,473,1,XM5,0.0,0.0,0.0,"(1398, 929, 270)","(1398.0, 929.0, 270)"
1421,473,2,XDP_XM1_XM2,-5021.594956441833,4759.0,68956.11114868813,"(651, 1478, 180)","(651.0, 1544.5, 180)"
1422,474,0,XDL_XM3_XM4,0.0,0.0,0.0,"(541, 881, 90)","(541.0, 881.0, 90)"
1423,474,1,XM5,0.0,0.0,0.0,"(1307, 1530, 90)","(1307.0, 1530.0, 90)"
1424,474,2,XDP_XM1_XM2,-7259.503856749594,6911.0,121454.93816934155,"(1461, 199, 90)","(1461.0, 199.0, 90)"
1425,475,0,XDP_XM1_XM2,0.0,0.0,0.0,"(29, 556, 0)","(29.0, 556.0, 0)"
1426,475,1,XDL_XM3_XM4,0.0,0.0,0.0,"(34, 592, 90)","(34.0, 843.5, 90)"
1427,475,2,XM5,-3603.408946213298,3462.0,19996.4900691554,"(617, 118, 90)","(617.0, 118.0, 90)"
1428,476,0,XDL_XM3_XM4,0.0,0.0,0.0,"(1138, 950, 180)","(1138.0, 950.0, 180)"
1429,476,1,XM5,0.0,0.0,0.0,"(301, 434, 90)","(301.0, 434.0, 90)"
1430,476,2,XDP_XM1_XM2,-4118.597995796522,3947.0,29445.872161383104,"(792, 469, 270)","(792.0, 469.0, 270)"
1431,477,0,XM5,0.0,0.0,0.0,"(293, 1547, 90)","(293.0, 1547.0, 90)"
1432,477,1,XDP_XM1_XM2,0.0,0.0,0.0,"(997, 1190, 0)","(997.0, 978.0, 0)"
1433,477,2,XDL_XM3_XM4,-5220.002713496813,4921.0,89402.6226784572,"(889, 1486, 0)","(889.0, 1486.0, 0)"
1434,478,0,XDL_XM3_XM4,0.0,0.0,0.0,"(922, 195, 90)","(922.0, 195.0, 90)"
1435,478,1,XM5,0.0,0.0,0.0,"(516, 245, 90)","(414.0, 245.0, 90)"
1436,478,2,XDP_XM1_XM2,-3738.9147716153907,3540.0,39567.08636680308,"(1010, 492, 90)","(1010.0, 555.5, 90)"
1437,479,0,XDL_XM3_XM4,0.0,0.0,0.0,"(1031, 65, 90)","(1031.0, 65.0, 90)"
1438,479,1,XM5,0.0,0.0,0.0,"(958, 954, 0)","(958.0, 954.0, 0)"
1439,479,2,XDP_XM1_XM2,-4766.028003524776,4546.0,48412.32233509883,"(1526, 101, 90)","(1539.0, 101.0, 90)"
1440,480,0,XDP_XM1_XM2,0.0,0.0,0.0,"(1252, 1015, 90)","(1252.0, 1015.0, 90)"
1441,480,1,XM5,0.0,0.0,0.0,"(368, 753, 180)","(368.0, 753.0, 180)"
1442,480,2,XDL_XM3_XM4,-6780.996023437481,6439.0,116961.28004705011,"(96, 399, 180)","(22.0, 399.0, 180)"
1443,481,0,XM5,0.0,0.0,0.0,"(90, 1383, 90)","(90.0, 1383.0, 90)"
1444,481,1,XDL_XM3_XM4,0.0,0.0,0.0,"(71, 356, 270)","(71.0, 356.0, 270)"
1445,481,2,XDP_XM1_XM2,-4229.08440270332,4049.0,32430.392097011667,"(306, 677, 180)","(306.0, 677.0, 180)"
1446,482,0,XDP_XM1_XM2,0.0,0.0,0.0,"(249, 378, 180)","(249.0, 378.0, 180)"
1447,482,1,XDL_XM3_XM4,0.0,0.0,0.0,"(497, 754, 90)","(497.0, 754.0, 90)"
1448,482,2,XM5,-5623.746416597114,5288.0,112725.65625780317,"(1518, 822, 90)","(1518.0, 822.0, 90)"
1449,483,0,XM5,0.0,0.0,0.0,"(417, 1165, 90)","(187.5, 1165.0, 90)"
1450,483,1,XDL_XM3_XM4,0.0,0.0,0.0,"(475, 1087, 0)","(475.0, 1087.0, 0)"
1451,483,2,XDP_XM1_XM2,-5603.325709768582,5252.0,123429.75434439802,"(1127, 793, 90)","(1127.0, 793.0, 90)"
1452,484,0,XDP_XM1_XM2,0.0,0.0,0.0,"(684, 750, 90)","(684.0, 750.0, 90)"
1453,484,1,XDL_XM3_XM4,0.0,0.0,0.0,"(313, 463, 90)","(313.0, 389.5, 90)"
1454,484,2,XM5,-3434.9825599375968,3269.0,27550.21020343792,"(242, 1074, 0)","(242.0, 1074.0, 0)"
1455,485,0,XDP_XM1_XM2,0.0,0.0,0.0,"(839, 1389, 180)","(839.0, 1539.5, 180)"
1456,485,1,XM5,0.0,0.0,0.0,"(954, 1202, 90)","(954.0, 1202.0, 90)"
1457,485,2,XDL_XM3_XM4,-6181.40298157251,5912.0,72577.96648015828,"(68, 209, 180)","(68.0, 209.0, 180)"
1458,486,0,XM5,0.0,0.0,0.0,"(665, 1090, 180)","(672.5, 1090.0, 180)"
1459,486,1,XDL_XM3_XM4,0.0,0.0,0.0,"(552, 22, 180)","(552.0, 22.0, 180)"
1460,486,2,XDP_XM1_XM2,-5180.587478082756,4916.0,70006.5335581928,"(262, 1051, 0)","(262.0, 1051.0, 0)"
1461,487,0,XDL_XM3_XM4,0.0,0.0,0.0,"(97, 397, 90)","(-97.0, 397.0, 90)"
1462,487,1,XDP_XM1_XM2,0.0,0.0,0.0,"(411, 275, 90)","(411.0, 275.0, 90)"
1463,487,2,XM5,-3906.9075061094063,3748.0,25251.59549791096,"(753, 693, 270)","(753.0, 693.0, 270)"
1464,488,0,XDL_XM3_XM4,0.0,0.0,0.0,"(1106, 888, 270)","(1106.0, 1238.5, 270)"
1465,488,1,XDP_XM1_XM2,0.0,0.0,0.0,"(1035, 878, 90)","(1035.0, 878.0, 90)"
1466,488,2,XM5,-3616.4643178030033,3467.0,22339.582296317178,"(1024, 236, 0)","(1024.0, 236.0, 0)"
1467,489,0,XM5,0.0,0.0,0.0,"(87, 985, 0)","(87.0, 985.0, 0)"
1468,489,1,XDL_XM3_XM4,0.0,0.0,0.0,"(471, 696, 180)","(471.0, 696.0, 180)"
1469,489,2,XDP_XM1_XM2,-4092.646607270225,3828.0,70037.82673964067,"(487, 806, 270)","(758.5, 806.0, 270)"
1470,490,0,XDP_XM1_XM2,0.0,0.0,0.0,"(1216, 1240, 90)","(1216.0, 1240.0, 90)"
1471,490,1,XM5,0.0,0.0,0.0,"(1174, 664, 270)","(1174.0, 664.0, 270)"
1472,490,2,XDL_XM3_XM4,-5751.613049362294,5479.0,74317.87468260867,"(132, 678, 90)","(132.0, 678.0, 90)"
1473,491,0,XDP_XM1_XM2,0.0,0.0,0.0,"(381, 963, 90)","(381.0, 963.0, 90)"
1474,491,1,XM5,0.0,0.0,0.0,"(1325, 878, 90)","(1325.0, 878.0, 90)"
1475,491,2,XDL_XM3_XM4,-6875.414663260203,6535.0,115882.14296255753,"(1488, 422, 270)","(1488.0, 422.0, 270)"
1476,492,0,XDL_XM3_XM4,0.0,0.0,0.0,"(218, 1485, 0)","(218.0, 1485.0, 0)"
1477,492,1,XM5,0.0,0.0,0.0,"(22, 755, 90)","(22.0, 755.0, 90)"
1478,492,2,XDP_XM1_XM2,-6946.185063963795,6704.0,58653.60520714751,"(1174, 966, 270)","(1174.0, 966.0, 270)"
1479,493,0,XM5,0.0,0.0,0.0,"(1355, 380, 90)","(1355.0, 380.0, 90)"
1480,493,1,XDP_XM1_XM2,0.0,0.0,0.0,"(879, 1003, 180)","(879.0, 1003.0, 180)"
1481,493,2,XDL_XM3_XM4,-4682.352901964896,4461.0,48997.10720828089,"(1537, 1224, 0)","(1537.0, 1224.0, 0)"
1482,494,0,XM5,0.0,0.0,0.0,"(1212, 99, 90)","(1212.0, 99.0, 90)"
1483,494,1,XDP_XM1_XM2,0.0,0.0,0.0,"(172, 1532, 180)","(172.0, 1532.0, 180)"
1484,494,2,XDL_XM3_XM4,-7690.316660337991,7329.0,130549.72903779914,"(357, 911, 90)","(357.0, 911.0, 90)"
1485,495,0,XDP_XM1_XM2,0.0,0.0,0.0,"(1039, 516, 90)","(1039.0, 516.0, 90)"
1486,495,1,XM5,0.0,0.0,0.0,"(261, 936, 180)","(261.0, 936.0, 180)"
1487,495,2,XDL_XM3_XM4,-6141.517703539618,5890.0,63261.15519384323,"(1479, 1482, 90)","(1479.0, 1482.0, 90)"
1488,496,0,XDL_XM3_XM4,0.0,0.0,0.0,"(425, 1069, 180)","(425.0, 1069.0, 180)"
1489,496,1,XDP_XM1_XM2,0.0,0.0,0.0,"(944, 286, 90)","(944.0, 286.0, 90)"
1490,496,2,XM5,-6721.088324422237,6440.0,79010.64612650056,"(1416, 1378, 270)","(1416.0, 1378.0, 270)"
1491,497,0,XDP_XM1_XM2,0.0,0.0,0.0,"(146, 537, 180)","(146.0, 537.0, 180)"
1492,497,1,XDL_XM3_XM4,0.0,0.0,0.0,"(890, 24, 90)","(890.0, 24.0, 90)"
1493,497,2,XM5,-5176.45074915584,4975.0,40582.40433544908,"(48, 1253, 90)","(48.0, 1253.0, 90)"
1494,498,0,XDP_XM1_XM2,0.0,0.0,0.0,"(640, 1329, 90)","(640.0, 1329.0, 90)"
1495,498,1,XDL_XM3_XM4,0.0,0.0,0.0,"(656, 520, 180)","(656.0, 520.0, 180)"
1496,498,2,XM5,-5577.978225184844,5357.0,48831.376005843485,"(302, 201, 180)","(302.0, 201.0, 180)"
1497,499,0,XDL_XM3_XM4,0.0,0.0,0.0,"(753, 1200, 270)","(753.0, 1200.0, 270)"
1498,499,1,XDP_XM1_XM2,0.0,0.0,0.0,"(393, 202, 90)","(393.0, 202.0, 90)"
1499,499,2,XM5,-8095.27959114122,7646.0,201852.15101602246,"(1512, 1208, 90)","(1512.0, 1208.0, 90)"
1500,500,0,XM5,0.0,0.0,0.0,"(1001, 560, 270)","(1001.0, 560.0, 270)"
1501,500,1,XDL_XM3_XM4,0.0,0.0,0.0,"(1027, 224, 0)","(1027.0, -6.5, 0)"
1502,500,2,XDP_XM1_XM2,-4477.258444682158,4189.0,83092.9309305767,"(1307, 860, 0)","(1307.0, 897.5, 0)"
1503,501,0,XDP_XM1_XM2,0.0,0.0,0.0,"(398, 205, 270)","(398.0, 201.5, 270)"
1504,501,1,XM5,0.0,0.0,0.0,"(876, 1215, 0)","(876.0, 1215.0, 0)"
1505,501,2,XDL_XM3_XM4,-5031.499059870643,4767.0,69959.75267245367,"(523, 562, 90)","(523.0, 562.0, 90)"
1506,502,0,XDL_XM3_XM4,0.0,0.0,0.0,"(1242, 518, 90)","(1282.0, 518.0, 90)"
1507,502,1,XM5,0.0,0.0,0.0,"(516, 509, 90)","(495.0, 509.0, 90)"
1508,502,2,XDP_XM1_XM2,-3020.7767161989627,2910.0,12271.480851825516,"(774, 615, 90)","(774.0, 615.0, 90)"
1509,503,0,XDL_XM3_XM4,0.0,0.0,0.0,"(96, 367, 90)","(96.0, 367.0, 90)"
1510,503,1,XM5,0.0,0.0,0.0,"(864, 420, 0)","(864.0, 420.0, 0)"
1511,503,2,XDP_XM1_XM2,-3708.5919106859224,3517.0,36707.46024028246,"(564, 3, 180)","(564.0, 3.0, 180)"
1512,504,0,XDP_XM1_XM2,0.0,0.0,0.0,"(1414, 549, 90)","(1414.0, 860.5, 90)"
1513,504,1,XDL_XM3_XM4,0.0,0.0,0.0,"(1270, 500, 270)","(1270.0, 500.0, 270)"
1514,504,2,XM5,-4849.575142077001,4658.0,36701.03506182311,"(379, 1309, 180)","(379.0, 1309.0, 180)"
1515,505,0,XDL_XM3_XM4,0.0,0.0,0.0,"(164, 46, 180)","(164.0, 46.0, 180)"
1516,505,1,XM5,0.0,0.0,0.0,"(751, 589, 90)","(751.0, 589.0, 90)"
1517,505,2,XDP_XM1_XM2,-6433.787149592912,6203.0,53262.70841722126,"(245, 1377, 180)","(245.0, 1377.0, 180)"
1518,506,0,XDP_XM1_XM2,0.0,0.0,0.0,"(1450, 290, 270)","(1450.0, 290.0, 270)"
1519,506,1,XM5,0.0,0.0,0.0,"(102, 1557, 90)","(102.0, 1557.0, 90)"
1520,506,2,XDL_XM3_XM4,-8845.983426373896,8425.0,177227.04528150515,"(1455, 1193, 180)","(1455.0, 1193.0, 180)"
1521,507,0,XM5,0.0,0.0,0.0,"(223, 733, 270)","(223.0, 733.0, 270)"
1522,507,1,XDP_XM1_XM2,0.0,0.0,0.0,"(131, 58, 0)","(131.0, 58.0, 0)"
1523,507,2,XDL_XM3_XM4,-5789.291519835683,5472.0,100673.90855963777,"(603, 893, 180)","(603.0, 893.0, 180)"
1524,508,0,XM5,0.0,0.0,0.0,"(1167, 508, 90)","(1167.0, 508.0, 90)"
1525,508,1,XDP_XM1_XM2,0.0,0.0,0.0,"(451, 138, 180)","(451.0, 138.0, 180)"
1526,508,2,XDL_XM3_XM4,-3658.6146062149446,3515.0,20625.15511827363,"(212, 0, 180)","(90.5, 0.0, 180)"
1527,509,0,XDL_XM3_XM4,0.0,0.0,0.0,"(292, 437, 90)","(292.0, 437.0, 90)"
1528,509,1,XM5,0.0,0.0,0.0,"(1310, 1254, 90)","(1310.0, 1254.0, 90)"
1529,509,2,XDP_XM1_XM2,-4269.122628170673,4092.0,31372.425410086435,"(536, 790, 180)","(536.0, 790.0, 180)"
1530,510,0,XM5,0.0,0.0,0.0,"(1247, 262, 180)","(1247.0, 262.0, 180)"
1531,510,1,XDL_XM3_XM4,0.0,0.0,0.0,"(1179, 1334, 270)","(1179.0, 1334.0, 270)"
1532,510,2,XDP_XM1_XM2,-4130.119824500804,3988.0,20198.044516139173,"(907, 607, 180)","(907.0, 607.0, 180)"
1533,511,0,XDP_XM1_XM2,0.0,0.0,0.0,"(235, 506, 90)","(235.0, 506.0, 90)"
1534,511,1,XDL_XM3_XM4,0.0,0.0,0.0,"(755, 1362, 90)","(755.0, 1362.0, 90)"
1535,511,2,XM5,-6936.384325314212,6593.0,117912.79487149672,"(1480, 587, 90)","(1480.0, 587.0, 90)"
1536,512,0,XM5,0.0,0.0,0.0,"(1031, 912, 90)","(1031.0, 912.0, 90)"
1537,512,1,XDP_XM1_XM2,0.0,0.0,0.0,"(208, 1162, 180)","(208.0, 1162.0, 180)"
1538,512,2,XDL_XM3_XM4,-5284.20593646406,4963.0,103173.25361975354,"(1138, 1023, 90)","(1138.0, 1258.0, 90)"
1539,513,0,XM5,0.0,0.0,0.0,"(26, 1158, 90)","(26.0, 1158.0, 90)"
1540,513,1,XDP_XM1_XM2,0.0,0.0,0.0,"(1158, 778, 180)","(1158.0, 778.0, 180)"
1541,513,2,XDL_XM3_XM4,-6443.989089861546,6209.0,55219.8723539575,"(679, 81, 90)","(679.0, 81.0, 90)"
1542,514,0,XDP_XM1_XM2,0.0,0.0,0.0,"(883, 790, 90)","(883.0, 790.0, 90)"
1543,514,1,XM5,0.0,0.0,0.0,"(1401, 1030, 90)","(1581.5, 1030.0, 90)"
1544,514,2,XDL_XM3_XM4,-4269.573775877234,4002.0,71595.72553720002,"(1294, 960, 180)","(1294.0, 960.0, 180)"
1545,515,0,XDP_XM1_XM2,0.0,0.0,0.0,"(1069, 115, 90)","(1069.0, 115.0, 90)"
1546,515,1,XM5,0.0,0.0,0.0,"(917, 1395, 180)","(917.0, 1395.0, 180)"
1547,515,2,XDL_XM3_XM4,-4656.574288769382,4512.0,20901.72497317273,"(919, 561, 270)","(919.0, 561.0, 270)"
1548,516,0,XDP_XM1_XM2,0.0,0.0,0.0,"(1055, 260, 180)","(1055.0, 260.0, 180)"
1549,516,1,XDL_XM3_XM4,0.0,0.0,0.0,"(871, 943, 180)","(871.0, 943.0, 180)"
1550,516,2,XM5,-5364.537106185919,5054.0,96433.29431832467,"(529, 1051, 180)","(525.0, 1051.0, 180)"
1551,517,0,XM5,0.0,0.0,0.0,"(583, 395, 180)","(583.0, 395.0, 180)"
1552,517,1,XDL_XM3_XM4,0.0,0.0,0.0,"(345, 606, 180)","(237.0, 606.0, 180)"
1553,517,2,XDP_XM1_XM2,-3971.325550497876,3740.0,53511.5103131453,"(770, 341, 0)","(993.5, 341.0, 0)"
1554,518,0,XM5,0.0,0.0,0.0,"(251, 841, 270)","(251.0, 841.0, 270)"
1555,518,1,XDP_XM1_XM2,0.0,0.0,0.0,"(127, 307, 0)","(127.0, 307.0, 0)"
1556,518,2,XDL_XM3_XM4,-4856.759438823229,4588.0,72231.63595657705,"(691, 847, 0)","(691.0, 847.0, 0)"
1557,519,0,XM5,0.0,0.0,0.0,"(1323, 946, 180)","(1323.0, 946.0, 180)"
1558,519,1,XDL_XM3_XM4,0.0,0.0,0.0,"(409, 1217, 180)","(159.5, 1217.0, 180)"
1559,519,2,XDP_XM1_XM2,-4266.904692180438,4089.0,31650.079499816547,"(520, 1343, 180)","(520.0, 1343.0, 180)"
1560,520,0,XDP_XM1_XM2,0.0,0.0,0.0,"(1292, 1056, 90)","(1292.0, 1056.0, 90)"
1561,520,1,XDL_XM3_XM4,0.0,0.0,0.0,"(296, 758, 90)","(296.0, 758.0, 90)"
1562,520,2,XM5,-6988.753949573152,6586.0,162210.7438967728,"(265, 624, 0)","(265.0, 470.5, 0)"
1563,521,0,XDL_XM3_XM4,0.0,0.0,0.0,"(173, 1305, 90)","(173.0, 1305.0, 90)"
1564,521,1,XDP_XM1_XM2,0.0,0.0,0.0,"(1193, 1401, 180)","(1193.0, 1401.0, 180)"
1565,521,2,XM5,-3775.4984464673303,3611.0,27059.738890165117,"(1310, 1357, 90)","(1545.0, 1357.0, 90)"
1566,522,0,XDL_XM3_XM4,0.0,0.0,0.0,"(370, 561, 90)","(370.0, 561.0, 90)"
1567,522,1,XM5,0.0,0.0,0.0,"(584, 436, 0)","(584.0, 273.5, 0)"
1568,522,2,XDP_XM1_XM2,-3896.592339840693,3678.0,47782.611037029026,"(688, 409, 0)","(688.0, -5.5, 0)"
1569,523,0,XM5,0.0,0.0,0.0,"(762, 403, 90)","(762.0, 361.5, 90)"
1570,523,1,XDL_XM3_XM4,0.0,0.0,0.0,"(654, 1091, 180)","(654.0, 1207.0, 180)"
1571,523,2,XDP_XM1_XM2,-3215.7806960488406,3099.0,13637.730969651708,"(770, 699, 180)","(770.0, 699.0, 180)"
1572,524,0,XDP_XM1_XM2,0.0,0.0,0.0,"(1229, 338, 180)","(1229.0, 338.0, 180)"
1573,524,1,XM5,0.0,0.0,0.0,"(660, 795, 90)","(660.0, 795.0, 90)"
1574,524,2,XDL_XM3_XM4,-5333.250469887015,5113.0,48510.2694854511,"(199, 384, 270)","(199.0, 384.0, 270)"
1575,525,0,XDL_XM3_XM4,0.0,0.0,0.0,"(322, 731, 180)","(322.0, 731.0, 180)"
1576,525,1,XM5,0.0,0.0,0.0,"(151, 1378, 270)","(151.0, 1378.0, 270)"
1577,525,2,XDP_XM1_XM2,-4984.871730227027,4749.0,55635.47312029126,"(974, 1147, 0)","(974.0, 1147.0, 0)"
1578,526,0,XM5,0.0,0.0,0.0,"(537, 674, 90)","(537.0, 674.0, 90)"
1579,526,1,XDP_XM1_XM2,0.0,0.0,0.0,"(516, 537, 0)","(516.0, 336.5, 0)"
1580,526,2,XDL_XM3_XM4,-3439.506385587524,3294.0,21172.10824674523,"(930, 723, 0)","(930.0, 723.0, 0)"
1581,527,0,XDL_XM3_XM4,0.0,0.0,0.0,"(301, 884, 90)","(301.0, 884.0, 90)"
1582,527,1,XM5,0.0,0.0,0.0,"(1263, 849, 90)","(1263.0, 849.0, 90)"
1583,527,2,XDP_XM1_XM2,-5843.1287848771,5584.0,67147.72715188214,"(787, 85, 180)","(787.0, 85.0, 180)"
1584,528,0,XM5,0.0,0.0,0.0,"(520, 1060, 270)","(520.0, 1060.0, 270)"
1585,528,1,XDL_XM3_XM4,0.0,0.0,0.0,"(1394, 93, 180)","(1394.0, 93.0, 180)"
1586,528,2,XDP_XM1_XM2,-5547.360605332766,5293.0,64699.31754525097,"(508, 112, 270)","(508.0, 112.0, 270)"
1587,529,0,XDP_XM1_XM2,0.0,0.0,0.0,"(1441, 1229, 180)","(1441.0, 1229.0, 180)"
1588,529,1,XDL_XM3_XM4,0.0,0.0,0.0,"(79, 1394, 90)","(-131.0, 1394.0, 90)"
1589,529,2,XM5,-7061.120030785414,6697.0,132583.3968191713,"(377, 1419, 270)","(377.0, 1419.0, 270)"
1590,530,0,XM5,0.0,0.0,0.0,"(623, 3, 0)","(623.0, 3.0, 0)"
1591,530,1,XDL_XM3_XM4,0.0,0.0,0.0,"(991, 996, 0)","(991.0, 996.0, 0)"
1592,530,2,XDP_XM1_XM2,-7033.964925188727,6676.0,128138.88766537052,"(29, 965, 90)","(29.0, 965.0, 90)"
1593,531,0,XDL_XM3_XM4,0.0,0.0,0.0,"(1085, 950, 0)","(1085.0, 950.0, 0)"
1594,531,1,XDP_XM1_XM2,0.0,0.0,0.0,"(979, 40, 90)","(979.0, 40.0, 90)"
1595,531,2,XM5,-5513.479725175879,5286.0,51747.02536609361,"(172, 693, 0)","(172.0, 693.0, 0)"
1596,532,0,XDL_XM3_XM4,0.0,0.0,0.0,"(826, 480, 180)","(961.5, 480.0, 180)"
1597,532,1,XDP_XM1_XM2,0.0,0.0,0.0,"(202, 144, 0)","(202.0, 144.0, 0)"
1598,532,2,XM5,-4833.727208837218,4543.0,84522.30995827938,"(674, 230, 90)","(674.0, 230.0, 90)"
1599,533,0,XM5,0.0,0.0,0.0,"(777, 678, 180)","(777.0, 678.0, 180)"
1600,533,1,XDP_XM1_XM2,0.0,0.0,0.0,"(1216, 79, 0)","(1216.0, 79.0, 0)"
1601,533,2,XDL_XM3_XM4,-6940.50991776365,6596.0,118687.08343751713,"(791, 1400, 90)","(791.0, 1400.0, 90)"
1602,534,0,XM5,0.0,0.0,0.0,"(1333, 856, 0)","(1414.0, 856.0, 0)"
1603,534,1,XDP_XM1_XM2,0.0,0.0,0.0,"(96, 562, 0)","(96.0, 562.0, 0)"
1604,534,2,XDL_XM3_XM4,-7267.91085857813,6843.0,180549.23773760293,"(1068, 969, 0)","(1068.0, 969.0, 0)"
1605,535,0,XM5,0.0,0.0,0.0,"(1211, 798, 90)","(1211.0, 708.0, 90)"
1606,535,1,XDP_XM1_XM2,0.0,0.0,0.0,"(1224, 1125, 180)","(1224.0, 1341.5, 180)"
1607,535,2,XDL_XM3_XM4,-3743.1798939552777,3508.0,55309.58252081568,"(1371, 1054, 90)","(1371.0, 1054.0, 90)"
1608,536,0,XM5,0.0,0.0,0.0,"(797, 53, 0)","(797.0, 53.0, 0)"
1609,536,1,XDP_XM1_XM2,0.0,0.0,0.0,"(1187, 1016, 180)","(1187.0, 1016.0, 180)"
1610,536,2,XDL_XM3_XM4,-7206.017060475098,6905.0,90611.27069706922,"(289, 1528, 0)","(289.0, 1528.0, 0)"
1611,537,0,XM5,0.0,0.0,0.0,"(93, 914, 180)","(93.0, 914.0, 180)"
1612,537,1,XDP_XM1_XM2,0.0,0.0,0.0,"(323, 792, 180)","(323.0, 635.0, 180)"
1613,537,2,XDL_XM3_XM4,-4452.693240484974,4160.0,85669.33302559481,"(387, 1459, 90)","(387.0, 1459.0, 90)"
1614,538,0,XM5,0.0,0.0,0.0,"(169, 1279, 90)","(169.0, 1279.0, 90)"
1615,538,1,XDL_XM3_XM4,0.0,0.0,0.0,"(948, 531, 90)","(948.0, 531.0, 90)"
1616,538,2,XDP_XM1_XM2,-8854.803484857612,8393.0,213262.45862663383,"(1428, 36, 270)","(1428.0, 36.0, 270)"
1617,539,0,XM5,0.0,0.0,0.0,"(789, 53, 90)","(789.0, 53.0, 90)"
1618,539,1,XDP_XM1_XM2,0.0,0.0,0.0,"(209, 584, 180)","(209.0, 584.0, 180)"
1619,539,2,XDL_XM3_XM4,-5474.2278187543125,5219.0,65141.239466084335,"(646, 1263, 90)","(646.0, 1263.0, 90)"
1620,540,0,XDP_XM1_XM2,0.0,0.0,0.0,"(602, 1197, 180)","(602.0, 1197.0, 180)"
1621,540,1,XDL_XM3_XM4,0.0,0.0,0.0,"(173, 1482, 0)","(173.0, 1482.0, 0)"
1622,540,2,XM5,-4975.463608642305,4759.0,46856.49386644888,"(515, 308, 0)","(515.0, 308.0, 0)"
1623,541,0,XM5,0.0,0.0,0.0,"(1203, 1510, 90)","(1203.0, 1510.0, 90)"
1624,541,1,XDL_XM3_XM4,0.0,0.0,0.0,"(427, 1176, 0)","(427.0, 1176.0, 0)"
1625,541,2,XDP_XM1_XM2,-5701.618630892767,5434.0,71619.7316009193,"(476, 699, 270)","(476.0, 595.0, 270)"
1626,542,0,XM5,0.0,0.0,0.0,"(1108, 286, 90)","(1177.0, 286.0, 90)"
1627,542,1,XDL_XM3_XM4,0.0,0.0,0.0,"(476, 1433, 90)","(476.0, 1433.0, 90)"
1628,542,2,XDP_XM1_XM2,-4370.980020841714,4175.0,38408.168569118505,"(898, 533, 270)","(898.0, 533.0, 270)"
1629,543,0,XDP_XM1_XM2,0.0,0.0,0.0,"(933, 602, 90)","(933.0, 602.0, 90)"
1630,543,1,XM5,0.0,0.0,0.0,"(661, 1312, 90)","(661.0, 1312.0, 90)"
1631,543,2,XDL_XM3_XM4,-4568.407823241834,4389.0,32187.16704037307,"(1359, 84, 0)","(1359.0, 84.0, 0)"
1632,544,0,XDP_XM1_XM2,0.0,0.0,0.0,"(1007, 1061, 90)","(1007.0, 1061.0, 90)"
1633,544,1,XDL_XM3_XM4,0.0,0.0,0.0,"(969, 1498, 90)","(969.0, 1498.0, 90)"
1634,544,2,XM5,-5441.764628698106,5229.0,45268.787225042885,"(268, 154, 180)","(268.0, 154.0, 180)"
1635,545,0,XDL_XM3_XM4,0.0,0.0,0.0,"(1139, 658, 90)","(1139.0, 658.0, 90)"
1636,545,1,XDP_XM1_XM2,0.0,0.0,0.0,"(536, 339, 90)","(536.0, 339.0, 90)"
1637,545,2,XM5,-5513.893533282153,5271.0,58997.2685102884,"(203, 1321, 90)","(203.0, 1321.0, 90)"
1638,546,0,XDL_XM3_XM4,0.0,0.0,0.0,"(944, 211, 90)","(944.0, 211.0, 90)"
1639,546,1,XM5,0.0,0.0,0.0,"(1285, 13, 90)","(1373.0, -135.0, 90)"
1640,546,2,XDP_XM1_XM2,-3086.082273262056,2918.0,28251.650584940366,"(1094, 188, 90)","(1094.0, -149.5, 90)"
1641,547,0,XDL_XM3_XM4,0.0,0.0,0.0,"(578, 569, 90)","(578.0, 387.5, 90)"
1642,547,1,XDP_XM1_XM2,0.0,0.0,0.0,"(435, 748, 90)","(435.0, 748.0, 90)"
1643,547,2,XM5,-4925.828405854739,4728.0,39136.078163027094,"(1303, 1457, 0)","(1303.0, 1457.0, 0)"
1644,548,0,XDP_XM1_XM2,0.0,0.0,0.0,"(1236, 1353, 0)","(1236.0, 1353.0, 0)"
1645,548,1,XM5,0.0,0.0,0.0,"(1386, 1435, 90)","(1588.0, 1435.0, 90)"
1646,548,2,XDL_XM3_XM4,-4167.030316752267,3932.0,55239.249792670955,"(388, 1419, 90)","(388.0, 1419.0, 90)"
1647,549,0,XDL_XM3_XM4,0.0,0.0,0.0,"(1107, 928, 90)","(1107.0, 928.0, 90)"
1648,549,1,XDP_XM1_XM2,0.0,0.0,0.0,"(774, 621, 180)","(774.0, 621.0, 180)"
1649,549,2,XM5,-3888.265463085291,3617.0,73584.95146287724,"(828, 1062, 180)","(828.0, 1215.5, 180)"
1650,550,0,XDL_XM3_XM4,0.0,0.0,0.0,"(107, 479, 90)","(107.0, 471.5, 90)"
1651,550,1,XM5,0.0,0.0,0.0,"(1264, 1034, 90)","(1264.0, 1034.0, 90)"
1652,550,2,XDP_XM1_XM2,-4554.376754958689,4355.0,39751.09041785725,"(138, 759, 0)","(138.0, 759.0, 0)"
1653,551,0,XM5,0.0,0.0,0.0,"(387, 234, 180)","(387.0, 234.0, 180)"
1654,551,1,XDP_XM1_XM2,0.0,0.0,0.0,"(262, 1224, 180)","(262.0, 1224.0, 180)"
1655,551,2,XDL_XM3_XM4,-5391.351103850851,5069.0,103910.23415386217,"(652, 745, 180)","(652.0, 745.0, 180)"
1656,552,0,XM5,0.0,0.0,0.0,"(682, 547, 180)","(682.0, 547.0, 180)"
1657,552,1,XDP_XM1_XM2,0.0,0.0,0.0,"(1205, 1320, 90)","(1205.0, 1320.0, 90)"
1658,552,2,XDL_XM3_XM4,-7225.85281368037,6798.0,183058.03017420904,"(520, 411, 270)","(520.0, 259.5, 270)"
1659,553,0,XM5,0.0,0.0,0.0,"(1491, 512, 0)","(1491.0, 512.0, 0)"
1660,553,1,XDL_XM3_XM4,0.0,0.0,0.0,"(957, 1240, 0)","(957.0, 1240.0, 0)"
1661,553,2,XDP_XM1_XM2,-4489.139695816343,4306.0,33540.14818370275,"(1402, 1443, 0)","(1402.0, 1443.0, 0)"
1662,554,0,XDP_XM1_XM2,0.0,0.0,0.0,"(1361, 1422, 90)","(1361.0, 1422.0, 90)"
1663,554,1,XDL_XM3_XM4,0.0,0.0,0.0,"(1381, 107, 90)","(1381.0, 107.0, 90)"
1664,554,2,XM5,-4277.547165409179,4211.0,4428.525223996561,"(1124, 1520, 180)","(1023.5, 1520.0, 180)"
1665,555,0,XDL_XM3_XM4,0.0,0.0,0.0,"(314, 1475, 270)","(314.0, 1475.0, 270)"
1666,555,1,XDP_XM1_XM2,0.0,0.0,0.0,"(1166, 535, 270)","(1327.0, 535.0, 270)"
1667,555,2,XM5,-5764.137119252359,5532.0,53887.64213478397,"(1048, 457, 90)","(1048.0, 457.0, 90)"
1668,556,0,XM5,0.0,0.0,0.0,"(305, 29, 0)","(305.0, 29.0, 0)"
1669,556,1,XDP_XM1_XM2,0.0,0.0,0.0,"(724, 829, 90)","(724.0, 829.0, 90)"
1670,556,2,XDL_XM3_XM4,-5210.705554336559,4981.0,52764.64169306564,"(972, 352, 270)","(972.0, 352.0, 270)"
1671,557,0,XDL_XM3_XM4,0.0,0.0,0.0,"(1247, 1466, 270)","(1247.0, 1466.0, 270)"
1672,557,1,XM5,0.0,0.0,0.0,"(1083, 668, 180)","(1083.0, 668.0, 180)"
1673,557,2,XDP_XM1_XM2,-7512.520061173376,7099.0,170998.84099283253,"(654, 24, 90)","(654.0, 24.0, 90)"
1674,558,0,XM5,0.0,0.0,0.0,"(182, 1508, 90)","(182.0, 1508.0, 90)"
1675,558,1,XDL_XM3_XM4,0.0,0.0,0.0,"(350, 618, 270)","(350.0, 618.0, 270)"
1676,558,2,XDP_XM1_XM2,-7699.204336045659,7352.0,120550.85096890686,"(1356, 1540, 90)","(1356.0, 1540.0, 90)"
1677,559,0,XDL_XM3_XM4,0.0,0.0,0.0,"(1108, 616, 0)","(1055.0, 616.0, 0)"
1678,559,1,XDP_XM1_XM2,0.0,0.0,0.0,"(1375, 85, 270)","(1375.0, -109.0, 270)"
1679,559,2,XM5,-4471.55140497629,4228.0,59317.28686592459,"(1401, 243, 180)","(1401.0, 243.0, 180)"
1680,560,0,XDP_XM1_XM2,0.0,0.0,0.0,"(484, 1130, 0)","(484.0, 1130.0, 0)"
1681,560,1,XM5,0.0,0.0,0.0,"(169, 150, 90)","(169.0, 150.0, 90)"
1682,560,2,XDL_XM3_XM4,-5179.169278664517,4976.0,41277.75579306023,"(45, 1543, 90)","(45.0, 1543.0, 90)"
1683,561,0,XDL_XM3_XM4,0.0,0.0,0.0,"(330, 9, 90)","(330.0, 9.0, 90)"
1684,561,1,XM5,0.0,0.0,0.0,"(437, 929, 90)","(437.0, 929.0, 90)"
1685,561,2,XDP_XM1_XM2,-4278.874564855926,4106.0,29885.615174125935,"(46, 542, 0)","(46.0, 542.0, 0)"
1686,562,0,XM5,0.0,0.0,0.0,"(156, 46, 90)","(156.0, 46.0, 90)"
1687,562,1,XDL_XM3_XM4,0.0,0.0,0.0,"(1001, 495, 0)","(1001.0, 495.0, 0)"
1688,562,2,XDP_XM1_XM2,-7482.5637814920765,7246.0,55962.42271383107,"(304, 1480, 90)","(304.0, 1480.0, 90)"
1689,563,0,XDL_XM3_XM4,0.0,0.0,0.0,"(104, 1404, 180)","(104.0, 1667.0, 180)"
1690,563,1,XDP_XM1_XM2,0.0,0.0,0.0,"(38, 1159, 180)","(38.0, 1159.0, 180)"
1691,563,2,XM5,-7086.25253396416,6814.0,74121.44224990571,"(1295, 23, 180)","(1295.0, 23.0, 180)"
1692,564,0,XM5,0.0,0.0,0.0,"(930, 87, 90)","(930.0, -49.0, 90)"
1693,564,1,XDL_XM3_XM4,0.0,0.0,0.0,"(626, 297, 270)","(626.0, 297.0, 270)"
1694,564,2,XDP_XM1_XM2,-6310.894718550245,6021.0,84038.94784332538,"(591, 1236, 180)","(591.0, 1236.0, 180)"
1695,565,0,XDL_XM3_XM4,0.0,0.0,0.0,"(1096, 534, 180)","(1096.0, 534.0, 180)"
1696,565,1,XM5,0.0,0.0,0.0,"(625, 304, 90)","(625.0, 304.0, 90)"
1697,565,2,XDP_XM1_XM2,-4279.3441867891515,4059.0,48551.56065177246,"(468, 209, 90)","(346.0, 209.0, 90)"
1698,566,0,XM5,0.0,0.0,0.0,"(131, 1256, 180)","(131.0, 1256.0, 180)"
1699,566,1,XDL_XM3_XM4,0.0,0.0,0.0,"(1508, 1280, 180)","(1508.0, 1280.0, 180)"
1700,566,2,XDP_XM1_XM2,-5726.612908784793,5496.0,53182.3136981834,"(1076, 753, 90)","(1076.0, 753.0, 90)"
1701,567,0,XDP_XM1_XM2,0.0,0.0,0.0,"(493, 85, 270)","(493.0, 85.0, 270)"
1702,567,1,XDL_XM3_XM4,0.0,0.0,0.0,"(823, 262, 180)","(823.0, 262.0, 180)"
1703,567,2,XM5,-5743.761029759435,5374.0,136723.2191287579,"(912, 1320, 90)","(912.0, 1320.0, 90)"
1704,568,0,XM5,0.0,0.0,0.0,"(684, 589, 180)","(684.0, 589.0, 180)"
1705,568,1,XDL_XM3_XM4,0.0,0.0,0.0,"(1386, 1372, 180)","(1386.0, 1372.0, 180)"
1706,568,2,XDP_XM1_XM2,-7193.921566980284,6902.0,85218.20126822469,"(102, 1464, 90)","(102.0, 1464.0, 90)"
1707,569,0,XM5,0.0,0.0,0.0,"(1140, 920, 180)","(1140.0, 920.0, 180)"
1708,569,1,XDL_XM3_XM4,0.0,0.0,0.0,"(348, 275, 180)","(284.5, 275.0, 180)"
1709,569,2,XDP_XM1_XM2,-4249.633121690623,4074.0,30846.99343479311,"(645, 151, 180)","(645.0, 151.0, 180)"
1710,570,0,XDP_XM1_XM2,0.0,0.0,0.0,"(1237, 587, 90)","(1237.0, 587.0, 90)"
1711,570,1,XDL_XM3_XM4,0.0,0.0,0.0,"(1385, 240, 0)","(1524.5, 240.0, 0)"
1712,570,2,XM5,-3408.3758035143064,3274.0,18056.85657011554,"(933, 1017, 90)","(933.0, 1017.0, 90)"
1713,571,0,XDP_XM1_XM2,0.0,0.0,0.0,"(801, 1459, 180)","(801.0, 1459.0, 180)"
1714,571,1,XDL_XM3_XM4,0.0,0.0,0.0,"(490, 973, 90)","(490.0, 673.0, 90)"
1715,571,2,XM5,-4626.338414990074,4368.0,66738.73665958356,"(686, 1019, 90)","(686.0, 1019.0, 90)"
1716,572,0,XDP_XM1_XM2,0.0,0.0,0.0,"(276, 1332, 180)","(276.0, 1332.0, 180)"
1717,572,1,XM5,0.0,0.0,0.0,"(3, 1364, 180)","(-134.5, 1364.0, 180)"
1718,572,2,XDL_XM3_XM4,-4362.216506534682,4184.0,31761.123201426388,"(880, 799, 270)","(880.0, 799.0, 270)"
1719,573,0,XDP_XM1_XM2,0.0,0.0,0.0,"(69, 264, 90)","(-0.5, 264.0, 90)"
1720,573,1,XM5,0.0,0.0,0.0,"(1120, 891, 0)","(1120.0, 891.0, 0)"
1721,573,2,XDL_XM3_XM4,-5504.631148967907,5255.0,62315.71053503737,"(287, 84, 180)","(287.0, 84.0, 180)"
1722,574,0,XM5,0.0,0.0,0.0,"(6, 1296, 90)","(6.0, 1296.0, 90)"
1723,574,1,XDL_XM3_XM4,0.0,0.0,0.0,"(1057, 294, 180)","(1057.0, 294.0, 180)"
1724,574,2,XDP_XM1_XM2,-6387.107910609249,6106.0,79021.65740709756,"(388, 1465, 180)","(388.0, 1465.0, 180)"
1725,575,0,XDL_XM3_XM4,0.0,0.0,0.0,"(1220, 1287, 90)","(1220.0, 1287.0, 90)"
1726,575,1,XDP_XM1_XM2,0.0,0.0,0.0,"(592, 259, 270)","(592.0, 259.0, 270)"
1727,575,2,XM5,-7139.257785901053,6821.0,101288.01828664001,"(269, 1001, 90)","(269.0, 1001.0, 90)"
1728,576,0,XDP_XM1_XM2,0.0,0.0,0.0,"(457, 1012, 90)","(457.0, 1012.0, 90)"
1729,576,1,XM5,0.0,0.0,0.0,"(671, 1469, 180)","(671.0, 1469.0, 180)"
1730,576,2,XDL_XM3_XM4,-3362.866073611116,3234.0,16606.46492794557,"(519, 950, 90)","(519.0, 651.5, 90)"
1731,577,0,XDL_XM3_XM4,0.0,0.0,0.0,"(1016, 811, 90)","(1016.0, 1005.0, 90)"
1732,577,1,XDP_XM1_XM2,0.0,0.0,0.0,"(999, 54, 90)","(999.0, 54.0, 90)"
1733,577,2,XM5,-4979.3771048015615,4700.0,78051.56668730259,"(1179, 659, 90)","(1179.0, 659.0, 90)"
1734,578,0,XM5,0.0,0.0,0.0,"(1053, 1217, 0)","(1053.0, 1217.0, 0)"
1735,578,1,XDL_XM3_XM4,0.0,0.0,0.0,"(400, 941, 180)","(400.0, 941.0, 180)"
1736,578,2,XDP_XM1_XM2,-4739.582382689381,4557.0,33336.3264685317,"(856, 306, 180)","(856.0, 306.0, 180)"
1737,579,0,XDL_XM3_XM4,0.0,0.0,0.0,"(1433, 979, 0)","(1433.0, 979.0, 0)"
1738,579,1,XM5,0.0,0.0,0.0,"(1298, 1151, 180)","(1087.0, 1151.0, 180)"
1739,579,2,XDP_XM1_XM2,-3479.466852714972,3272.0,43042.4949754559,"(1301, 1171, 180)","(1072.5, 1430.0, 180)"
1740,580,0,XDP_XM1_XM2,0.0,0.0,0.0,"(737, 113, 90)","(737.0, 113.0, 90)"
1741,580,1,XM5,0.0,0.0,0.0,"(205, 296, 0)","(205.0, 296.0, 0)"
1742,580,2,XDL_XM3_XM4,-3928.7249671210593,3795.0,17882.366831528394,"(1507, 2, 90)","(1507.0, 2.0, 90)"
1743,581,0,XM5,0.0,0.0,0.0,"(715, 361, 180)","(715.0, 361.0, 180)"
1744,581,1,XDL_XM3_XM4,0.0,0.0,0.0,"(664, 1064, 180)","(664.0, 1064.0, 180)"
1745,581,2,XDP_XM1_XM2,-4498.389596440394,4249.0,62195.170812702265,"(526, 248, 90)","(377.5, 248.0, 90)"
1746,582,0,XM5,0.0,0.0,0.0,"(1330, 1051, 90)","(1330.0, 1051.0, 90)"
1747,582,1,XDL_XM3_XM4,0.0,0.0,0.0,"(959, 1408, 0)","(959.0, 1408.0, 0)"
1748,582,2,XDP_XM1_XM2,-4373.337345004592,4071.0,91407.87018442542,"(878, 1422, 90)","(671.5, 1422.0, 90)"
1749,583,0,XM5,0.0,0.0,0.0,"(48, 1215, 270)","(48.0, 1215.0, 270)"
1750,583,1,XDP_XM1_XM2,0.0,0.0,0.0,"(370, 625, 0)","(370.0, 625.0, 0)"
1751,583,2,XDL_XM3_XM4,-4277.662669778443,4067.0,44378.76043818158,"(402, 1270, 0)","(402.0, 1270.0, 0)"
1752,584,0,XDL_XM3_XM4,0.0,0.0,0.0,"(415, 928, 180)","(415.0, 928.0, 180)"
1753,584,1,XM5,0.0,0.0,0.0,"(1309, 407, 90)","(1309.0, 407.0, 90)"
1754,584,2,XDP_XM1_XM2,-5730.921622778171,5517.0,45762.46069204619,"(1127, 1534, 270)","(1127.0, 1534.0, 270)"
1755,585,0,XDP_XM1_XM2,0.0,0.0,0.0,"(589, 115, 90)","(589.0, 115.0, 90)"
1756,585,1,XM5,0.0,0.0,0.0,"(986, 498, 0)","(986.0, 498.0, 0)"
1757,585,2,XDL_XM3_XM4,-4948.109193443479,4709.0,57173.20638919109,"(71, 789, 90)","(71.0, 789.0, 90)"
1758,586,0,XDP_XM1_XM2,0.0,0.0,0.0,"(287, 1073, 180)","(287.0, 1073.0, 180)"
1759,586,1,XM5,0.0,0.0,0.0,"(1074, 1505, 90)","(1074.0, 1505.0, 90)"
1760,586,2,XDL_XM3_XM4,-4108.95895725599,3924.0,34209.815869223195,"(157, 785, 90)","(157.0, 785.0, 90)"
1761,587,0,XDP_XM1_XM2,0.0,0.0,0.0,"(641, 761, 180)","(641.0, 761.0, 180)"
1762,587,1,XDL_XM3_XM4,0.0,0.0,0.0,"(9, 71, 90)","(9.0, 71.0, 90)"
1763,587,2,XM5,-5557.584720433484,5347.0,44345.924480048525,"(1440, 1045, 180)","(1440.0, 1045.0, 180)"
1764,588,0,XM5,0.0,0.0,0.0,"(527, 992, 270)","(527.0, 992.0, 270)"
1765,588,1,XDP_XM1_XM2,0.0,0.0,0.0,"(108, 1549, 0)","(108.0, 1549.0, 0)"
1766,588,2,XDL_XM3_XM4,-5450.268040086827,5197.0,64144.70012942247,"(1149, 1354, 90)","(1149.0, 1354.0, 90)"
1767,589,0,XDL_XM3_XM4,0.0,0.0,0.0,"(224, 458, 0)","(224.0, 458.0, 0)"
1768,589,1,XDP_XM1_XM2,0.0,0.0,0.0,"(840, 1187, 270)","(840.0, 1187.0, 270)"
1769,589,2,XM5,-5368.704245834701,5148.0,48710.36412946447,"(1383, 1384, 270)","(1383.0, 1384.0, 270)"
1770,590,0,XDL_XM3_XM4,0.0,0.0,0.0,"(1331, 100, 90)","(1331.0, 100.0, 90)"
1771,590,1,XM5,0.0,0.0,0.0,"(605, 96, 180)","(605.0, 96.0, 180)"
1772,590,2,XDP_XM1_XM2,-7226.104240040029,6897.0,108309.60081232531,"(1053, 1239, 180)","(1053.0, 1239.0, 180)"
1773,591,0,XM5,0.0,0.0,0.0,"(1409, 987, 90)","(1409.0, 987.0, 90)"
1774,591,1,XDP_XM1_XM2,0.0,0.0,0.0,"(1053, 21, 180)","(1053.0, 21.0, 180)"
1775,591,2,XDL_XM3_XM4,-7313.466086042439,7030.0,80353.02193621949,"(262, 1286, 180)","(262.0, 1286.0, 180)"
1776,592,0,XM5,0.0,0.0,0.0,"(1220, 830, 90)","(1220.0, 830.0, 90)"
1777,592,1,XDP_XM1_XM2,0.0,0.0,0.0,"(1334, 601, 0)","(1334.0, 492.5, 0)"
1778,592,2,XDL_XM3_XM4,-4856.50090013838,4637.0,48180.64516155897,"(133, 717, 270)","(133.0, 717.0, 270)"
1779,593,0,XM5,0.0,0.0,0.0,"(1540, 15, 180)","(1540.0, 15.0, 180)"
1780,593,1,XDL_XM3_XM4,0.0,0.0,0.0,"(626, 115, 180)","(626.0, 115.0, 180)"
1781,593,2,XDP_XM1_XM2,-7254.250408341839,6920.0,111723.33547668638,"(559, 1036, 180)","(559.0, 1036.0, 180)"
1782,594,0,XDP_XM1_XM2,0.0,0.0,0.0,"(401, 160, 270)","(401.0, 160.0, 270)"
1783,594,1,XDL_XM3_XM4,0.0,0.0,0.0,"(679, 198, 0)","(688.5, 198.0, 0)"
1784,594,2,XM5,-2535.571146536287,2408.0,16274.397428582814,"(38, 105, 270)","(38.0, 105.0, 270)"
1785,595,0,XDP_XM1_XM2,0.0,0.0,0.0,"(572, 412, 90)","(355.0, 412.0, 90)"
1786,595,1,XM5,0.0,0.0,0.0,"(766, 895, 0)","(766.0, 895.0, 0)"
1787,595,2,XDL_XM3_XM4,-3964.8308134958897,3757.0,43193.64703836321,"(863, 471, 90)","(863.0, 471.0, 90)"
1788,596,0,XDP_XM1_XM2,0.0,0.0,0.0,"(1187, 91, 90)","(1187.0, -109.5, 90)"
1789,596,1,XM5,0.0,0.0,0.0,"(940, 1150, 90)","(940.0, 1150.0, 90)"
1790,596,2,XDL_XM3_XM4,-5257.031473660279,5033.0,50190.10119039592,"(1438, 251, 90)","(1438.0, 251.0, 90)"
1791,597,0,XDP_XM1_XM2,0.0,0.0,0.0,"(462, 1127, 270)","(462.0, 1157.0, 270)"
1792,597,1,XDL_XM3_XM4,0.0,0.0,0.0,"(378, 576, 0)","(378.0, 576.0, 0)"
1793,597,2,XM5,-5718.808057767038,5347.0,138241.23182049676,"(88, 150, 0)","(32.0, 150.0, 0)"
1794,598,0,XDP_XM1_XM2,0.0,0.0,0.0,"(444, 47, 90)","(444.0, 47.0, 90)"
1795,598,1,XDL_XM3_XM4,0.0,0.0,0.0,"(1520, 1378, 90)","(1707.0, 1378.0, 90)"
1796,598,2,XM5,-10973.289788698314,10388.0,342564.136754517,"(1199, 1378, 270)","(1199.0, 1378.0, 270)"
1797,599,0,XM5,0.0,0.0,0.0,"(1134, 19, 90)","(1134.0, 19.0, 90)"
1798,599,1,XDL_XM3_XM4,0.0,0.0,0.0,"(1459, 623, 180)","(1459.0, 623.0, 180)"
1799,599,2,XDP_XM1_XM2,-8651.166041993862,8251.0,160132.86116503365,"(110, 917, 90)","(110.0, 917.0, 90)"
1800,600,0,XDP_XM1_XM2,0.0,0.0,0.0,"(1240, 643, 0)","(1240.0, 643.0, 0)"
1801,600,1,XDL_XM3_XM4,0.0,0.0,0.0,"(460, 549, 90)","(460.0, 549.0, 90)"
1802,600,2,XM5,-4204.782032781761,4036.0,28487.374589943363,"(1462, 50, 0)","(1462.0, 50.0, 0)"
1803,601,0,XDL_XM3_XM4,0.0,0.0,0.0,"(717, 490, 90)","(717.0, 490.0, 90)"
1804,601,1,XDP_XM1_XM2,0.0,0.0,0.0,"(9, 1021, 90)","(9.0, 1021.0, 90)"
1805,601,2,XM5,-8563.04208259446,8100.0,214407.9702534151,"(1547, 236, 180)","(1547.0, 236.0, 180)"
1806,602,0,XDL_XM3_XM4,0.0,0.0,0.0,"(374, 830, 180)","(374.0, 830.0, 180)"
1807,602,1,XM5,0.0,0.0,0.0,"(1188, 1067, 90)","(1188.0, 1067.0, 90)"
1808,602,2,XDP_XM1_XM2,-4949.907085460636,4691.0,67032.87890172121,"(464, 1514, 90)","(464.0, 1514.0, 90)"
1809,603,0,XM5,0.0,0.0,0.0,"(1364, 466, 90)","(1364.0, 466.0, 90)"
1810,603,1,XDL_XM3_XM4,0.0,0.0,0.0,"(489, 188, 0)","(489.0, 188.0, 0)"
1811,603,2,XDP_XM1_XM2,-6340.203632169742,6103.0,56265.56311451852,"(525, 1195, 180)","(525.0, 1195.0, 180)"
1812,604,0,XDL_XM3_XM4,0.0,0.0,0.0,"(384, 779, 270)","(384.0, 950.0, 270)"
1813,604,1,XM5,0.0,0.0,0.0,"(628, 604, 90)","(628.0, 604.0, 90)"
1814,604,2,XDP_XM1_XM2,-4025.6229238305386,3799.0,51357.949605502225,"(1047, 589, 0)","(1047.0, 589.0, 0)"
1815,605,0,XDP_XM1_XM2,0.0,0.0,0.0,"(237, 415, 90)","(237.0, 415.0, 90)"
1816,605,1,XDL_XM3_XM4,0.0,0.0,0.0,"(1133, 574, 90)","(1133.0, 574.0, 90)"
1817,605,2,XM5,-4075.1610540981733,3876.0,39665.12546949547,"(168, 472, 90)","(-42.0, 472.0, 90)"
1818,606,0,XDP_XM1_XM2,0.0,0.0,0.0,"(247, 1472, 0)","(247.0, 1472.0, 0)"
1819,606,1,XDL_XM3_XM4,0.0,0.0,0.0,"(1425, 576, 90)","(1425.0, 576.0, 90)"
1820,606,2,XM5,-7927.997733894575,7511.0,173887.11007321018,"(1370, 1141, 90)","(1370.0, 1141.0, 90)"
1821,607,0,XDP_XM1_XM2,0.0,0.0,0.0,"(1260, 441, 0)","(1260.0, 441.0, 0)"
1822,607,1,XDL_XM3_XM4,0.0,0.0,0.0,"(1472, 799, 90)","(1472.0, 799.0, 90)"
1823,607,2,XM5,-4531.430522242502,4327.0,41791.838424342,"(413, 616, 90)","(413.0, 616.0, 90)"
1824,608,0,XDP_XM1_XM2,0.0,0.0,0.0,"(523, 1448, 90)","(523.0, 1448.0, 90)"
1825,608,1,XM5,0.0,0.0,0.0,"(1399, 833, 90)","(1399.0, 833.0, 90)"
1826,608,2,XDL_XM3_XM4,-8031.7901405063785,7591.0,194295.94796763273,"(1207, 258, 90)","(1207.0, 258.0, 90)"
1827,609,0,XDP_XM1_XM2,0.0,0.0,0.0,"(643, 760, 0)","(643.0, 760.0, 0)"
1828,609,1,XM5,0.0,0.0,0.0,"(1121, 1097, 0)","(1121.0, 1097.0, 0)"
1829,609,2,XDL_XM3_XM4,-4740.978493337939,4515.0,51066.27945128489,"(289, 202, 0)","(289.0, 202.0, 0)"
1830,610,0,XM5,0.0,0.0,0.0,"(1479, 851, 180)","(1479.0, 851.0, 180)"
1831,610,1,XDL_XM3_XM4,0.0,0.0,0.0,"(323, 1073, 180)","(323.0, 1073.0, 180)"
1832,610,2,XDP_XM1_XM2,-6609.194888646865,6349.0,67701.38007795483,"(782, 72, 180)","(782.0, 72.0, 180)"
1833,611,0,XDP_XM1_XM2,0.0,0.0,0.0,"(1225, 788, 180)","(1225.0, 788.0, 180)"
1834,611,1,XDL_XM3_XM4,0.0,0.0,0.0,"(321, 253, 0)","(321.0, 253.0, 0)"
1835,611,2,XM5,-7295.104821035879,6861.0,188446.99564659185,"(389, 74, 0)","(667.0, 74.0, 0)"
1836,612,0,XM5,0.0,0.0,0.0,"(1372, 1235, 90)","(1372.0, 1393.5, 90)"
1837,612,1,XDL_XM3_XM4,0.0,0.0,0.0,"(1451, 827, 180)","(1451.0, 827.0, 180)"
1838,612,2,XDP_XM1_XM2,-7502.03481997724,7119.0,146715.67331499662,"(524, 453, 90)","(524.0, 453.0, 90)"
1839,613,0,XDP_XM1_XM2,0.0,0.0,0.0,"(159, 924, 180)","(159.0, 924.0, 180)"
1840,613,1,XDL_XM3_XM4,0.0,0.0,0.0,"(1376, 825, 90)","(1376.0, 825.0, 90)"
1841,613,2,XM5,-6188.555328928118,5948.0,57866.86627571491,"(1390, 1184, 90)","(1390.0, 1184.0, 90)"
1842,614,0,XDP_XM1_XM2,0.0,0.0,0.0,"(410, 1142, 0)","(410.0, 1142.0, 0)"
1843,614,1,XDL_XM3_XM4,0.0,0.0,0.0,"(616, 365, 180)","(445.0, 365.0, 180)"
1844,614,2,XM5,-4831.245744072141,4552.0,77978.18558240365,"(791, 547, 0)","(791.0, 547.0, 0)"
1845,615,0,XM5,0.0,0.0,0.0,"(77, 1448, 90)","(77.0, 1448.0, 90)"
1846,615,1,XDP_XM1_XM2,0.0,0.0,0.0,"(600, 970, 0)","(600.0, 970.0, 0)"
1847,615,2,XDL_XM3_XM4,-3730.7504584509165,3564.0,27805.71539359085,"(518, 822, 90)","(518.0, 682.5, 90)"
1848,616,0,XDL_XM3_XM4,0.0,0.0,0.0,"(572, 892, 0)","(592.0, 892.0, 0)"
1849,616,1,XDP_XM1_XM2,0.0,0.0,0.0,"(550, 1354, 0)","(550.0, 1400.0, 0)"
1850,616,2,XM5,-3615.208186497317,3447.0,28293.994004716107,"(246, 921, 0)","(246.0, 921.0, 0)"
1851,617,0,XDP_XM1_XM2,0.0,0.0,0.0,"(246, 1149, 180)","(246.0, 1149.0, 180)"
1852,617,1,XM5,0.0,0.0,0.0,"(871, 1366, 90)","(871.0, 1366.0, 90)"
1853,617,2,XDL_XM3_XM4,-3593.5996251690585,3380.0,45624.79987236229,"(89, 1228, 90)","(89.0, 1436.5, 90)"
1854,618,0,XM5,0.0,0.0,0.0,"(1087, 1419, 0)","(1087.0, 1419.0, 0)"
1855,618,1,XDP_XM1_XM2,0.0,0.0,0.0,"(655, 672, 180)","(655.0, 672.0, 180)"
1856,618,2,XDL_XM3_XM4,-6570.499459237211,6186.0,147839.83415370784,"(1325, 1556, 90)","(1325.0, 1706.5, 90)"
1857,619,0,XDL_XM3_XM4,0.0,0.0,0.0,"(1089, 1498, 90)","(1089.0, 1498.0, 90)"
1858,619,1,XDP_XM1_XM2,0.0,0.0,0.0,"(1299, 1137, 90)","(1299.0, 1137.0, 90)"
1859,619,2,XM5,-4292.239059177536,4104.0,35433.9434000437,"(1186, 343, 0)","(1186.0, 343.0, 0)"
1860,620,0,XM5,0.0,0.0,0.0,"(437, 525, 90)","(437.0, 525.0, 90)"
1861,620,1,XDP_XM1_XM2,0.0,0.0,0.0,"(1557, 451, 180)","(1557.0, 451.0, 180)"
1862,620,2,XDL_XM3_XM4,-8935.45205608005,8544.0,153234.7122092983,"(7, 1496, 180)","(7.0, 1496.0, 180)"
1863,621,0,XDP_XM1_XM2,0.0,0.0,0.0,"(1184, 259, 90)","(1184.0, 259.0, 90)"
1864,621,1,XDL_XM3_XM4,0.0,0.0,0.0,"(1164, 1280, 180)","(1164.0, 1280.0, 180)"
1865,621,2,XM5,-5167.072698936403,4974.0,37277.06707458672,"(302, 151, 90)","(302.0, 151.0, 90)"
1866,622,0,XDP_XM1_XM2,0.0,0.0,0.0,"(1031, 1350, 90)","(1124.0, 1350.0, 90)"
1867,622,1,XM5,0.0,0.0,0.0,"(1035, 1459, 0)","(1035.0, 1702.0, 0)"
1868,622,2,XDL_XM3_XM4,-2832.024597213161,2723.0,11886.362797492015,"(616, 1283, 90)","(616.0, 1283.0, 90)"
1869,623,0,XDL_XM3_XM4,0.0,0.0,0.0,"(1093, 742, 0)","(1093.0, 742.0, 0)"
1870,623,1,XM5,0.0,0.0,0.0,"(663, 169, 90)","(663.0, 169.0, 90)"
1871,623,2,XDP_XM1_XM2,-3618.2002206383077,3502.0,13502.491276391329,"(746, 843, 90)","(746.0, 843.0, 90)"
1872,624,0,XM5,0.0,0.0,0.0,"(109, 807, 90)","(109.0, 807.0, 90)"
1873,624,1,XDL_XM3_XM4,0.0,0.0,0.0,"(1543, 295, 180)","(1543.0, 295.0, 180)"
1874,624,2,XDP_XM1_XM2,-7499.830836264334,7206.0,86336.56033979774,"(1015, 1391, 90)","(1015.0, 1391.0, 90)"
1875,625,0,XDP_XM1_XM2,0.0,0.0,0.0,"(940, 635, 90)","(940.0, 635.0, 90)"
1876,625,1,XM5,0.0,0.0,0.0,"(1258, 937, 90)","(1258.0, 937.0, 90)"
1877,625,2,XDL_XM3_XM4,-3670.996851765934,3524.0,21608.074429096003,"(369, 374, 90)","(369.0, 374.0, 90)"
1878,626,0,XM5,0.0,0.0,0.0,"(5, 301, 90)","(5.0, 301.0, 90)"
1879,626,1,XDP_XM1_XM2,0.0,0.0,0.0,"(1389, 1103, 270)","(1389.0, 1103.0, 270)"
1880,626,2,XDL_XM3_XM4,-6383.666559571702,6098.0,81605.38325753294,"(1093, 1050, 0)","(1093.0, 1050.0, 0)"
1881,627,0,XDP_XM1_XM2,0.0,0.0,0.0,"(829, 739, 270)","(829.0, 739.0, 270)"
1882,627,1,XDL_XM3_XM4,0.0,0.0,0.0,"(700, 1532, 180)","(700.0, 1532.0, 180)"
1883,627,2,XM5,-5242.252742232829,5023.0,48071.76497661567,"(197, 64, 180)","(197.0, 64.0, 180)"
1884,628,0,XDP_XM1_XM2,0.0,0.0,0.0,"(161, 707, 180)","(161.0, 707.0, 180)"
1885,628,1,XM5,0.0,0.0,0.0,"(1181, 910, 90)","(1181.0, 910.0, 90)"
1886,628,2,XDL_XM3_XM4,-6139.966468606964,5915.0,50609.91199748796,"(1315, 306, 0)","(1315.0, 306.0, 0)"
1887,629,0,XDP_XM1_XM2,0.0,0.0,0.0,"(335, 893, 90)","(335.0, 893.0, 90)"
1888,629,1,XM5,0.0,0.0,0.0,"(401, 1365, 90)","(401.0, 1365.0, 90)"
1889,629,2,XDL_XM3_XM4,-4429.4442291460355,4182.0,61228.64653767566,"(600, 1468, 90)","(600.0, 1711.0, 90)"
1890,630,0,XDL_XM3_XM4,0.0,0.0,0.0,"(674, 1323, 90)","(674.0, 1106.5, 90)"
1891,630,1,XDP_XM1_XM2,0.0,0.0,0.0,"(1311, 1181, 90)","(1311.0, 1181.0, 90)"
1892,630,2,XM5,-3676.6004916009356,3534.0,20334.900204828544,"(769, 1394, 180)","(769.0, 1394.0, 180)"
1893,631,0,XDP_XM1_XM2,0.0,0.0,0.0,"(958, 814, 90)","(958.0, 814.0, 90)"
1894,631,1,XM5,0.0,0.0,0.0,"(539, 274, 180)","(539.0, 274.0, 180)"
1895,631,2,XDL_XM3_XM4,-4306.484875889164,4107.0,39794.215708514974,"(474, 1197, 180)","(474.0, 1197.0, 180)"
1896,632,0,XDP_XM1_XM2,0.0,0.0,0.0,"(1021, 714, 90)","(1021.0, 714.0, 90)"
1897,632,1,XM5,0.0,0.0,0.0,"(192, 647, 90)","(192.0, 647.0, 90)"
1898,632,2,XDL_XM3_XM4,-5798.778936996876,5512.0,82242.1587050584,"(244, 1420, 270)","(244.0, 1420.0, 270)"
1899,633,0,XDL_XM3_XM4,0.0,0.0,0.0,"(1413, 133, 180)","(1413.0, 133.0, 180)"
1900,633,1,XM5,0.0,0.0,0.0,"(1180, 1284, 90)","(1180.0, 1284.0, 90)"
1901,633,2,XDP_XM1_XM2,-5714.325428931328,5442.0,74161.13924263173,"(1278, 1491, 180)","(1278.0, 1621.5, 180)"
1902,634,0,XM5,0.0,0.0,0.0,"(421, 1479, 0)","(421.0, 1479.0, 0)"
1903,634,1,XDL_XM3_XM4,0.0,0.0,0.0,"(1328, 466, 0)","(1328.0, 145.0, 0)"
1904,634,2,XDP_XM1_XM2,-5747.442309495558,5512.0,55433.0811006021,"(1334, 653, 180)","(1334.0, 653.0, 180)"
1905,635,0,XM5,0.0,0.0,0.0,"(188, 145, 0)","(188.0, 145.0, 0)"
1906,635,1,XDL_XM3_XM4,0.0,0.0,0.0,"(716, 1399, 180)","(716.0, 1399.0, 180)"
1907,635,2,XDP_XM1_XM2,-4993.199822198556,4785.0,43347.16596351037,"(828, 675, 90)","(828.0, 675.0, 90)"
1908,636,0,XDL_XM3_XM4,0.0,0.0,0.0,"(294, 151, 0)","(380.5, 151.0, 0)"
1909,636,1,XDP_XM1_XM2,0.0,0.0,0.0,"(93, 384, 270)","(93.0, 384.0, 270)"
1910,636,2,XM5,-3241.3195039947086,3079.0,26347.621377088246,"(338, 829, 270)","(338.0, 829.0, 270)"
1911,637,0,XDL_XM3_XM4,0.0,0.0,0.0,"(1237, 1081, 0)","(1237.0, 1081.0, 0)"
1912,637,1,XM5,0.0,0.0,0.0,"(12, 564, 270)","(12.0, 564.0, 270)"
1913,637,2,XDP_XM1_XM2,-5732.982726171252,5464.0,72351.70697851857,"(1510, 767, 90)","(1524.5, 767.0, 90)"
1914,638,0,XDL_XM3_XM4,0.0,0.0,0.0,"(441, 388, 90)","(441.0, 388.0, 90)"
1915,638,1,XM5,0.0,0.0,0.0,"(749, 405, 0)","(1007.5, 405.0, 0)"
1916,638,2,XDP_XM1_XM2,-4477.479475381467,4265.0,45147.52745838346,"(83, 580, 270)","(-67.0, 580.0, 270)"
1917,639,0,XDP_XM1_XM2,0.0,0.0,0.0,"(36, 1027, 90)","(36.0, 1027.0, 90)"
1918,639,1,XM5,0.0,0.0,0.0,"(1009, 1075, 0)","(1020.0, 1075.0, 0)"
1919,639,2,XDL_XM3_XM4,-5495.964235690392,5226.0,72880.68855189772,"(674, 683, 180)","(674.0, 683.0, 180)"
1920,640,0,XDL_XM3_XM4,0.0,0.0,0.0,"(609, 3, 0)","(609.0, 3.0, 0)"
1921,640,1,XDP_XM1_XM2,0.0,0.0,0.0,"(695, 63, 90)","(896.5, 63.0, 90)"
1922,640,2,XM5,-3423.791464067879,3193.0,53264.699886595066,"(248, 86, 180)","(248.0, 86.0, 180)"
1923,641,0,XDP_XM1_XM2,0.0,0.0,0.0,"(1469, 1528, 0)","(1469.0, 1528.0, 0)"
1924,641,1,XM5,0.0,0.0,0.0,"(534, 423, 180)","(534.0, 423.0, 180)"
1925,641,2,XDL_XM3_XM4,-9139.93408704668,8651.0,239056.54147617012,"(737, 54, 90)","(737.0, 54.0, 90)"
1926,642,0,XDP_XM1_XM2,0.0,0.0,0.0,"(1403, 1105, 90)","(1403.0, 1105.0, 90)"
1927,642,1,XDL_XM3_XM4,0.0,0.0,0.0,"(1038, 261, 90)","(1038.0, 261.0, 90)"
1928,642,2,XM5,-5838.272826684774,5504.0,111738.32265982934,"(608, 642, 270)","(608.0, 642.0, 270)"
1929,643,0,XDP_XM1_XM2,0.0,0.0,0.0,"(1469, 150, 0)","(1469.0, 150.0, 0)"
1930,643,1,XDL_XM3_XM4,0.0,0.0,0.0,"(296, 48, 90)","(296.0, 48.0, 90)"
1931,643,2,XM5,-6168.562451460094,5886.0,79841.5389751378,"(944, 939, 180)","(944.0, 939.0, 180)"
1932,644,0,XDP_XM1_XM2,0.0,0.0,0.0,"(828, 255, 90)","(978.0, 255.0, 90)"
1933,644,1,XDL_XM3_XM4,0.0,0.0,0.0,"(470, 224, 90)","(470.0, 224.0, 90)"
1934,644,2,XM5,-4788.378712219651,4578.0,44259.202555198855,"(590, 1317, 0)","(590.0, 1317.0, 0)"
1935,645,0,XM5,0.0,0.0,0.0,"(1438, 195, 90)","(1438.0, 195.0, 90)"
1936,645,1,XDL_XM3_XM4,0.0,0.0,0.0,"(342, 775, 0)","(342.0, 775.0, 0)"
1937,645,2,XDP_XM1_XM2,-4571.988502761796,4405.0,27885.160054626213,"(1093, 745, 180)","(1093.0, 745.0, 180)"
1938,646,0,XM5,0.0,0.0,0.0,"(252, 645, 0)","(252.0, 645.0, 0)"
1939,646,1,XDL_XM3_XM4,0.0,0.0,0.0,"(2, 491, 90)","(2.0, 357.5, 90)"
1940,646,2,XDP_XM1_XM2,-3725.3200673238393,3506.0,48101.291930933476,"(636, 723, 0)","(662.5, 723.0, 0)"
1941,647,0,XM5,0.0,0.0,0.0,"(594, 1342, 90)","(437.5, 1342.0, 90)"
1942,647,1,XDL_XM3_XM4,0.0,0.0,0.0,"(725, 1328, 0)","(725.0, 1328.0, 0)"
1943,647,2,XDP_XM1_XM2,-4079.4719752555848,3792.0,82640.13655734749,"(1083, 1177, 0)","(1085.5, 1177.0, 0)"
1944,648,0,XDL_XM3_XM4,0.0,0.0,0.0,"(471, 1277, 180)","(471.0, 1277.0, 180)"
1945,648,1,XDP_XM1_XM2,0.0,0.0,0.0,"(1429, 89, 90)","(1429.0, 89.0, 90)"
1946,648,2,XM5,-7176.341606133997,6801.0,140881.3212952486,"(699, 375, 90)","(699.0, 375.0, 90)"
1947,649,0,XDP_XM1_XM2,0.0,0.0,0.0,"(1302, 413, 270)","(1302.0, 413.0, 270)"
1948,649,1,XDL_XM3_XM4,0.0,0.0,0.0,"(1549, 1514, 90)","(1549.0, 1514.0, 90)"
1949,649,2,XM5,-7075.765446520211,6798.0,77153.64328057246,"(51, 581, 180)","(51.0, 581.0, 180)"
1950,650,0,XDL_XM3_XM4,0.0,0.0,0.0,"(528, 591, 90)","(528.0, 591.0, 90)"
1951,650,1,XDP_XM1_XM2,0.0,0.0,0.0,"(1368, 979, 90)","(1368.0, 979.0, 90)"
1952,650,2,XM5,-4232.89539621312,4045.0,35304.67991808527,"(1463, 991, 90)","(1647.0, 991.0, 90)"
1953,651,0,XDP_XM1_XM2,0.0,0.0,0.0,"(782, 541, 270)","(782.0, 541.0, 270)"
1954,651,1,XM5,0.0,0.0,0.0,"(293, 1348, 0)","(293.0, 1348.0, 0)"
1955,651,2,XDL_XM3_XM4,-5250.6878114604415,4981.0,72731.51565032272,"(566, 340, 270)","(566.0, 180.5, 270)"
1956,652,0,XM5,0.0,0.0,0.0,"(76, 504, 90)","(76.0, 504.0, 90)"
1957,652,1,XDP_XM1_XM2,0.0,0.0,0.0,"(1142, 964, 270)","(1142.0, 964.0, 270)"
1958,652,2,XDL_XM3_XM4,-5369.442974088162,5090.0,78088.37576723726,"(795, 803, 180)","(795.0, 803.0, 180)"
1959,653,0,XDL_XM3_XM4,0.0,0.0,0.0,"(95, 1296, 180)","(47.5, 1296.0, 180)"
1960,653,1,XM5,0.0,0.0,0.0,"(335, 1344, 90)","(335.0, 1344.0, 90)"
1961,653,2,XDP_XM1_XM2,-6379.054187140678,6002.0,142169.86004031723,"(1065, 988, 270)","(1065.0, 988.0, 270)"
1962,654,0,XDL_XM3_XM4,0.0,0.0,0.0,"(481, 643, 90)","(481.0, 529.5, 90)"
1963,654,1,XDP_XM1_XM2,0.0,0.0,0.0,"(1163, 1194, 90)","(1163.0, 1194.0, 90)"
1964,654,2,XM5,-4805.046937952603,4532.0,74554.63032529278,"(848, 817, 180)","(848.0, 817.0, 180)"
1965,655,0,XDP_XM1_XM2,0.0,0.0,0.0,"(1346, 1145, 90)","(1346.0, 1145.0, 90)"
1966,655,1,XM5,0.0,0.0,0.0,"(386, 805, 180)","(386.0, 805.0, 180)"
1967,655,2,XDL_XM3_XM4,-6578.624139484484,6273.0,93406.11463563115,"(140, 1548, 270)","(140.0, 1548.0, 270)"
1968,656,0,XDP_XM1_XM2,0.0,0.0,0.0,"(1028, 1432, 180)","(1028.0, 1432.0, 180)"
1969,656,1,XM5,0.0,0.0,0.0,"(797, 564, 90)","(797.0, 564.0, 90)"
1970,656,2,XDL_XM3_XM4,-6047.892477118215,5744.0,92350.63764904473,"(1116, 479, 90)","(1305.0, 479.0, 90)"
1971,657,0,XDP_XM1_XM2,0.0,0.0,0.0,"(337, 1319, 0)","(337.0, 1319.0, 0)"
1972,657,1,XM5,0.0,0.0,0.0,"(555, 434, 90)","(555.0, 434.0, 90)"
1973,657,2,XDL_XM3_XM4,-3864.766030100257,3730.0,18161.882868983346,"(627, 1440, 0)","(697.5, 1440.0, 0)"
1974,658,0,XM5,0.0,0.0,0.0,"(1072, 200, 90)","(1072.0, 200.0, 90)"
1975,658,1,XDP_XM1_XM2,0.0,0.0,0.0,"(941, 1318, 180)","(941.0, 1318.0, 180)"
1976,658,2,XDL_XM3_XM4,-5096.720213548519,4860.0,56036.45950245609,"(562, 902, 90)","(562.0, 902.0, 90)"
1977,659,0,XM5,0.0,0.0,0.0,"(886, 1058, 270)","(886.0, 1058.0, 270)"
1978,659,1,XDL_XM3_XM4,0.0,0.0,0.0,"(425, 1119, 180)","(425.0, 1119.0, 180)"
1979,659,2,XDP_XM1_XM2,-3096.7803073714413,2923.0,30199.59523011253,"(887, 1373, 0)","(887.0, 1395.5, 0)"
1980,660,0,XDL_XM3_XM4,0.0,0.0,0.0,"(1406, 738, 180)","(1406.0, 738.0, 180)"
1981,660,1,XDP_XM1_XM2,0.0,0.0,0.0,"(163, 59, 0)","(163.0, 59.0, 0)"
1982,660,2,XM5,-9986.467220158549,9480.0,256509.04509512888,"(1039, 1383, 90)","(1039.0, 1383.0, 90)"
1983,661,0,XDP_XM1_XM2,0.0,0.0,0.0,"(821, 1462, 270)","(821.0, 1462.0, 270)"
1984,661,1,XM5,0.0,0.0,0.0,"(289, 278, 180)","(289.0, 278.0, 180)"
1985,661,2,XDL_XM3_XM4,-6377.314100234098,6077.0,90188.5587994158,"(69, 1323, 180)","(69.0, 1323.0, 180)"
1986,662,0,XDL_XM3_XM4,0.0,0.0,0.0,"(275, 1052, 270)","(275.0, 1052.0, 270)"
1987,662,1,XDP_XM1_XM2,0.0,0.0,0.0,"(57, 945, 90)","(57.0, 691.5, 90)"
1988,662,2,XM5,-5794.435092981854,5501.0,86104.15379326939,"(1453, 1026, 180)","(1453.0, 1026.0, 180)"
1989,663,0,XDP_XM1_XM2,0.0,0.0,0.0,"(737, 655, 90)","(737.0, 655.0, 90)"
1990,663,1,XM5,0.0,0.0,0.0,"(1488, 546, 90)","(1488.0, 546.0, 90)"
1991,663,2,XDL_XM3_XM4,-4167.821756258107,3959.0,43606.52588671998,"(442, 848, 0)","(442.0, 848.0, 0)"
1992,664,0,XM5,0.0,0.0,0.0,"(378, 1006, 180)","(378.0, 1006.0, 180)"
1993,664,1,XDL_XM3_XM4,0.0,0.0,0.0,"(42, 1128, 270)","(42.0, 1293.5, 270)"
1994,664,2,XDP_XM1_XM2,-4990.801691722681,4794.0,38730.905864909415,"(41, 254, 180)","(41.0, 254.0, 180)"
1995,665,0,XDL_XM3_XM4,0.0,0.0,0.0,"(1319, 283, 0)","(1319.0, 283.0, 0)"
1996,665,1,XDP_XM1_XM2,0.0,0.0,0.0,"(1385, 33, 0)","(1385.0, -225.0, 0)"
1997,665,2,XM5,-5757.368728602358,5489.0,72021.77449164582,"(15, 4, 90)","(15.0, 4.0, 90)"
1998,666,0,XDP_XM1_XM2,0.0,0.0,0.0,"(1304, 555, 90)","(1304.0, 555.0, 90)"
1999,666,1,XDL_XM3_XM4,0.0,0.0,0.0,"(551, 419, 90)","(551.0, 419.0, 90)"
2000,666,2,XM5,-3585.8883882137693,3444.0,20132.314709901304,"(914, 790, 0)","(914.0, 790.0, 0)"
2001,667,0,XDL_XM3_XM4,0.0,0.0,0.0,"(1517, 1314, 180)","(1517.0, 1314.0, 180)"
2002,667,1,XDP_XM1_XM2,0.0,0.0,0.0,"(1183, 1301, 90)","(1183.0, 1301.0, 90)"
2003,667,2,XM5,-4844.337575741538,4645.0,39735.469102513234,"(420, 652, 0)","(420.0, 652.0, 0)"
2004,668,0,XDL_XM3_XM4,0.0,0.0,0.0,"(631, 305, 90)","(631.0, 305.0, 90)"
2005,668,1,XDP_XM1_XM2,0.0,0.0,0.0,"(930, 1206, 90)","(930.0, 1206.0, 90)"
2006,668,2,XM5,-5252.087123702756,5011.0,58123.001215267854,"(1237, 767, 270)","(1237.0, 767.0, 270)"
2007,669,0,XDL_XM3_XM4,0.0,0.0,0.0,"(114, 28, 270)","(114.0, 28.0, 270)"
2008,669,1,XM5,0.0,0.0,0.0,"(450, 1063, 90)","(450.0, 1063.0, 90)"
2009,669,2,XDP_XM1_XM2,-5526.1349882772565,5251.0,75699.26177432596,"(499, 1079, 0)","(802.0, 1079.0, 0)"
2010,670,0,XDL_XM3_XM4,0.0,0.0,0.0,"(690, 752, 90)","(690.0, 752.0, 90)"
2011,670,1,XM5,0.0,0.0,0.0,"(1296, 234, 270)","(1296.0, 234.0, 270)"
2012,670,2,XDP_XM1_XM2,-6742.975907289254,6432.0,96706.01491437438,"(1521, 1329, 180)","(1521.0, 1329.0, 180)"
2013,671,0,XDL_XM3_XM4,0.0,0.0,0.0,"(644, 308, 180)","(644.0, 308.0, 180)"
2014,671,1,XDP_XM1_XM2,0.0,0.0,0.0,"(1411, 1289, 90)","(1411.0, 1289.0, 90)"
2015,671,2,XM5,-7265.117851177994,6954.0,96794.31732161273,"(1553, 204, 0)","(1553.0, 204.0, 0)"
2016,672,0,XM5,0.0,0.0,0.0,"(362, 1298, 90)","(362.0, 1298.0, 90)"
2017,672,1,XDL_XM3_XM4,0.0,0.0,0.0,"(722, 1020, 0)","(722.0, 1020.0, 0)"
2018,672,2,XDP_XM1_XM2,-4391.860181866585,4152.0,57532.906845071186,"(171, 662, 90)","(171.0, 662.0, 90)"
2019,673,0,XDP_XM1_XM2,0.0,0.0,0.0,"(159, 625, 180)","(159.0, 625.0, 180)"
2020,673,1,XM5,0.0,0.0,0.0,"(742, 1167, 90)","(742.0, 1167.0, 90)"
2021,673,2,XDL_XM3_XM4,-6729.256342556532,6468.0,68254.87652601613,"(1528, 52, 90)","(1528.0, 52.0, 90)"
2022,674,0,XM5,0.0,0.0,0.0,"(1042, 21, 270)","(839.5, 21.0, 270)"
2023,674,1,XDP_XM1_XM2,0.0,0.0,0.0,"(292, 972, 90)","(292.0, 972.0, 90)"
2024,674,2,XDL_XM3_XM4,-7451.832888353414,7022.0,184756.31191023847,"(1127, 384, 0)","(1127.0, 384.0, 0)"
2025,675,0,XM5,0.0,0.0,0.0,"(809, 1423, 90)","(809.0, 1423.0, 90)"
2026,675,1,XDP_XM1_XM2,0.0,0.0,0.0,"(510, 121, 270)","(510.0, 121.0, 270)"
2027,675,2,XDL_XM3_XM4,-5362.859797424177,5136.0,51465.36768733842,"(146, 169, 180)","(146.0, 169.0, 180)"
2028,676,0,XM5,0.0,0.0,0.0,"(1213, 261, 90)","(1213.0, 261.0, 90)"
2029,676,1,XDP_XM1_XM2,0.0,0.0,0.0,"(428, 176, 0)","(428.0, 176.0, 0)"
2030,676,2,XDL_XM3_XM4,-6534.300784740354,6190.0,118543.03037282378,"(1257, 954, 90)","(1257.0, 954.0, 90)"
2031,677,0,XDP_XM1_XM2,0.0,0.0,0.0,"(956, 549, 270)","(956.0, 549.0, 270)"
2032,677,1,XM5,0.0,0.0,0.0,"(847, 167, 180)","(847.0, 167.0, 180)"
2033,677,2,XDL_XM3_XM4,-3007.109623809456,2893.0,13021.006245935569,"(539, 673, 0)","(539.0, 675.0, 0)"
2034,678,0,XDP_XM1_XM2,0.0,0.0,0.0,"(1244, 16, 90)","(1244.0, 16.0, 90)"
2035,678,1,XM5,0.0,0.0,0.0,"(1331, 868, 0)","(1331.0, 868.0, 0)"
2036,678,2,XDL_XM3_XM4,-5455.836897273988,5205.0,62919.14903404121,"(428, 611, 180)","(428.0, 611.0, 180)"
2037,679,0,XM5,0.0,0.0,0.0,"(1529, 504, 180)","(1529.0, 504.0, 180)"
2038,679,1,XDL_XM3_XM4,0.0,0.0,0.0,"(41, 788, 180)","(41.0, 788.0, 180)"
2039,679,2,XDP_XM1_XM2,-4836.632073675853,4654.0,33354.47433514209,"(600, 859, 180)","(600.0, 859.0, 180)"
2040,680,0,XDL_XM3_XM4,0.0,0.0,0.0,"(963, 242, 0)","(963.0, 242.0, 0)"
2041,680,1,XDP_XM1_XM2,0.0,0.0,0.0,"(236, 520, 180)","(236.0, 520.0, 180)"
2042,680,2,XM5,-4606.792516628708,4431.0,30903.008902654365,"(854, 1003, 0)","(854.0, 1003.0, 0)"
2043,681,0,XDL_XM3_XM4,0.0,0.0,0.0,"(901, 1027, 180)","(901.0, 1027.0, 180)"
2044,681,1,XM5,0.0,0.0,0.0,"(181, 1527, 90)","(48.0, 1527.0, 90)"
2045,681,2,XDP_XM1_XM2,-4295.038280606963,4082.0,45385.309003971095,"(400, 1498, 180)","(400.0, 1498.0, 180)"
2046,682,0,XM5,0.0,0.0,0.0,"(844, 1099, 180)","(844.0, 1099.0, 180)"
2047,682,1,XDP_XM1_XM2,0.0,0.0,0.0,"(1462, 178, 90)","(1462.0, 178.0, 90)"
2048,682,2,XDL_XM3_XM4,-5665.022928028535,5444.0,48851.13471430689,"(1485, 1073, 0)","(1485.0, 1073.0, 0)"
2049,683,0,XDP_XM1_XM2,0.0,0.0,0.0,"(225, 289, 180)","(225.0, 289.0, 180)"
2050,683,1,XDL_XM3_XM4,0.0,0.0,0.0,"(1520, 699, 90)","(1520.0, 699.0, 90)"
2051,683,2,XM5,-5681.399104045506,5379.0,91445.2181275245,"(377, 772, 90)","(377.0, 772.0, 90)"
2052,684,0,XDL_XM3_XM4,0.0,0.0,0.0,"(924, 235, 180)","(924.0, 235.0, 180)"
2053,684,1,XDP_XM1_XM2,0.0,0.0,0.0,"(31, 33, 270)","(31.0, 33.0, 270)"
2054,684,2,XM5,-6550.338553868281,6123.0,182618.2396222339,"(1120, 318, 90)","(1211.5, 318.0, 90)"
2055,685,0,XDP_XM1_XM2,0.0,0.0,0.0,"(1342, 1266, 90)","(1342.0, 1266.0, 90)"
2056,685,1,XM5,0.0,0.0,0.0,"(737, 909, 90)","(737.0, 909.0, 90)"
2057,685,2,XDL_XM3_XM4,-5249.185740366274,4960.0,83628.39243119012,"(983, 436, 90)","(983.0, 436.0, 90)"
2058,686,0,XM5,0.0,0.0,0.0,"(1500, 1001, 90)","(1500.0, 1095.5, 90)"
2059,686,1,XDP_XM1_XM2,0.0,0.0,0.0,"(1093, 837, 180)","(1019.5, 837.0, 180)"
2060,686,2,XDL_XM3_XM4,-3281.7274624991956,3149.0,17616.57930147537,"(1380, 529, 0)","(1380.0, 529.0, 0)"
2061,687,0,XDL_XM3_XM4,0.0,0.0,0.0,"(732, 1006, 90)","(732.0, 1006.0, 90)"
2062,687,1,XM5,0.0,0.0,0.0,"(1148, 340, 90)","(1148.0, 340.0, 90)"
2063,687,2,XDP_XM1_XM2,-5185.0107313080825,4986.0,39605.271175777896,"(1275, 1494, 0)","(1275.0, 1494.0, 0)"
2064,688,0,XDL_XM3_XM4,0.0,0.0,0.0,"(1009, 150, 0)","(1009.0, 150.0, 0)"
2065,688,1,XM5,0.0,0.0,0.0,"(379, 55, 90)","(379.0, 55.0, 90)"
2066,688,2,XDP_XM1_XM2,-5200.530775802133,4900.0,90318.7472042315,"(992, 410, 180)","(992.0, 658.0, 180)"
2067,689,0,XDL_XM3_XM4,0.0,0.0,0.0,"(477, 512, 90)","(477.0, 512.0, 90)"
2068,689,1,XM5,0.0,0.0,0.0,"(1520, 913, 180)","(1520.0, 913.0, 180)"
2069,689,2,XDP_XM1_XM2,-5162.095576952606,4932.0,52943.97453315291,"(1337, 1234, 180)","(1337.0, 1234.0, 180)"
2070,690,0,XDL_XM3_XM4,0.0,0.0,0.0,"(410, 1032, 90)","(410.0, 1032.0, 90)"
2071,690,1,XM5,0.0,0.0,0.0,"(325, 22, 0)","(325.0, 22.0, 0)"
2072,690,2,XDP_XM1_XM2,-6227.155921647378,5893.0,111660.17997200844,"(826, 1013, 180)","(991.0, 1013.0, 180)"
2073,691,0,XDL_XM3_XM4,0.0,0.0,0.0,"(1104, 35, 90)","(1104.0, 35.0, 90)"
2074,691,1,XDP_XM1_XM2,0.0,0.0,0.0,"(609, 1227, 90)","(609.0, 1227.0, 90)"
2075,691,2,XM5,-5931.492297231952,5711.0,48616.853138623264,"(5, 1523, 90)","(5.0, 1523.0, 90)"
2076,692,0,XDP_XM1_XM2,0.0,0.0,0.0,"(28, 488, 0)","(28.0, 488.0, 0)"
2077,692,1,XDL_XM3_XM4,0.0,0.0,0.0,"(159, 1410, 0)","(159.0, 1410.0, 0)"
2078,692,2,XM5,-5197.937127319678,4968.0,52871.082520025964,"(502, 850, 270)","(502.0, 850.0, 270)"
2079,693,0,XDL_XM3_XM4,0.0,0.0,0.0,"(1372, 381, 90)","(1372.0, 381.0, 90)"
2080,693,1,XM5,0.0,0.0,0.0,"(592, 392, 90)","(592.0, 392.0, 90)"
2081,693,2,XDP_XM1_XM2,-4706.379067584813,4431.0,75833.63086388118,"(1533, 57, 90)","(1533.0, 20.5, 90)"
2082,694,0,XDL_XM3_XM4,0.0,0.0,0.0,"(444, 126, 0)","(547.5, 126.0, 0)"
2083,694,1,XM5,0.0,0.0,0.0,"(260, 320, 270)","(260.0, 320.0, 270)"
2084,694,2,XDP_XM1_XM2,-3976.480404784246,3785.0,36664.74541633856,"(264, 776, 180)","(264.0, 776.0, 180)"
2085,695,0,XM5,0.0,0.0,0.0,"(79, 1257, 180)","(79.0, 1257.0, 180)"
2086,695,1,XDP_XM1_XM2,0.0,0.0,0.0,"(1483, 1315, 270)","(1483.0, 1315.0, 270)"
2087,695,2,XDL_XM3_XM4,-5427.668925340343,5193.0,55069.50452039143,"(1490, 1081, 180)","(1770.5, 1081.0, 180)"
2088,696,0,XDL_XM3_XM4,0.0,0.0,0.0,"(249, 9, 180)","(249.0, 9.0, 180)"
2089,696,1,XDP_XM1_XM2,0.0,0.0,0.0,"(665, 772, 0)","(665.0, 772.0, 0)"
2090,696,2,XM5,-5666.086224409303,5433.0,54329.18800938404,"(126, 1518, 270)","(126.0, 1518.0, 270)"
2091,697,0,XDL_XM3_XM4,0.0,0.0,0.0,"(1368, 706, 270)","(1368.0, 706.0, 270)"
2092,697,1,XM5,0.0,0.0,0.0,"(1253, 1447, 90)","(1253.0, 1447.0, 90)"
2093,697,2,XDP_XM1_XM2,-4757.456368251222,4528.0,52650.2249310401,"(1081, 491, 0)","(1081.0, 418.5, 0)"
2094,698,0,XDP_XM1_XM2,0.0,0.0,0.0,"(964, 245, 90)","(964.0, 245.0, 90)"
2095,698,1,XM5,0.0,0.0,0.0,"(1139, 244, 90)","(1243.0, 244.0, 90)"
2096,698,2,XDL_XM3_XM4,-3217.9397324033825,3000.0,47497.72696005801,"(822, 393, 0)","(676.5, 393.0, 0)"
2097,699,0,XDP_XM1_XM2,0.0,0.0,0.0,"(58, 949, 270)","(58.0, 949.0, 270)"
2098,699,1,XM5,0.0,0.0,0.0,"(889, 1523, 0)","(889.0, 1523.0, 0)"
2099,699,2,XDL_XM3_XM4,-7094.166071597382,6797.0,88307.67410862066,"(1091, 216, 0)","(1091.0, 216.0, 0)"
2100,700,0,XDL_XM3_XM4,0.0,0.0,0.0,"(548, 1133, 90)","(548.0, 1133.0, 90)"
2101,700,1,XDP_XM1_XM2,0.0,0.0,0.0,"(667, 1257, 270)","(667.0, 1493.5, 270)"
2102,700,2,XM5,-3199.26794105364,3076.0,15194.985291603642,"(876, 819, 90)","(876.0, 787.0, 90)"
2103,701,0,XM5,0.0,0.0,0.0,"(1276, 439, 0)","(1276.0, 439.0, 0)"
2104,701,1,XDL_XM3_XM4,0.0,0.0,0.0,"(738, 1550, 180)","(738.0, 1550.0, 180)"
2105,701,2,XDP_XM1_XM2,-4452.080251170084,4302.0,22524.081791275516,"(1211, 1244, 90)","(1211.0, 1244.0, 90)"
2106,702,0,XDP_XM1_XM2,0.0,0.0,0.0,"(313, 20, 0)","(313.0, 20.0, 0)"
2107,702,1,XDL_XM3_XM4,0.0,0.0,0.0,"(1249, 106, 270)","(1249.0, 106.0, 270)"
2108,702,2,XM5,-7817.480697606044,7413.0,163604.63473587163,"(1414, 1014, 180)","(1414.0, 1014.0, 180)"
2109,703,0,XM5,0.0,0.0,0.0,"(850, 1199, 180)","(850.0, 1199.0, 180)"
2110,703,1,XDL_XM3_XM4,0.0,0.0,0.0,"(1, 1163, 180)","(1.0, 1163.0, 180)"
2111,703,2,XDP_XM1_XM2,-4832.096635503805,4647.0,34260.764474828444,"(1202, 1278, 180)","(1260.5, 1278.0, 180)"
2112,704,0,XDL_XM3_XM4,0.0,0.0,0.0,"(1388, 1146, 180)","(1388.0, 1211.5, 180)"
2113,704,1,XM5,0.0,0.0,0.0,"(1397, 645, 270)","(1397.0, 645.0, 270)"
2114,704,2,XDP_XM1_XM2,-6033.810936985314,5789.0,59932.39486762723,"(535, 749, 0)","(535.0, 749.0, 0)"
2115,705,0,XDP_XM1_XM2,0.0,0.0,0.0,"(849, 961, 90)","(849.0, 961.0, 90)"
2116,705,1,XDL_XM3_XM4,0.0,0.0,0.0,"(534, 357, 180)","(534.0, 357.0, 180)"
2117,705,2,XM5,-5196.867003281976,4863.0,111467.1758804875,"(508, 336, 270)","(246.5, 336.0, 270)"
2118,706,0,XM5,0.0,0.0,0.0,"(959, 1355, 0)","(959.0, 1355.0, 0)"
2119,706,1,XDP_XM1_XM2,0.0,0.0,0.0,"(198, 943, 90)","(198.0, 943.0, 90)"
2120,706,2,XDL_XM3_XM4,-4485.369238228506,4262.0,49893.81658678315,"(187, 805, 0)","(-89.5, 805.0, 0)"
2121,707,0,XDL_XM3_XM4,0.0,0.0,0.0,"(793, 917, 0)","(793.0, 917.0, 0)"
2122,707,1,XDP_XM1_XM2,0.0,0.0,0.0,"(1208, 1277, 180)","(1208.0, 1277.0, 180)"
2123,707,2,XM5,-4173.965812636577,3960.0,45781.36897723057,"(1536, 870, 180)","(1536.0, 870.0, 180)"
2124,708,0,XDP_XM1_XM2,0.0,0.0,0.0,"(258, 473, 270)","(258.0, 473.0, 270)"
2125,708,1,XM5,0.0,0.0,0.0,"(1265, 880, 180)","(1265.0, 880.0, 180)"
2126,708,2,XDL_XM3_XM4,-8698.669857857945,8229.0,220589.77538030222,"(1454, 1461, 180)","(1454.0, 1461.0, 180)"
2127,709,0,XDL_XM3_XM4,0.0,0.0,0.0,"(291, 219, 0)","(291.0, 219.0, 0)"
2128,709,1,XM5,0.0,0.0,0.0,"(1200, 1091, 90)","(1407.0, 1091.0, 90)"
2129,709,2,XDP_XM1_XM2,-5545.024782390472,5293.0,63516.49093896477,"(1128, 1104, 90)","(1128.0, 1104.0, 90)"
2130,710,0,XM5,0.0,0.0,0.0,"(161, 1028, 270)","(-27.0, 1028.0, 270)"
2131,710,1,XDL_XM3_XM4,0.0,0.0,0.0,"(1160, 74, 90)","(1160.0, 74.0, 90)"
2132,710,2,XDP_XM1_XM2,-5368.410409851373,5156.0,45118.18221322806,"(325, 1152, 0)","(325.0, 1152.0, 0)"
2133,711,0,XM5,0.0,0.0,0.0,"(426, 1525, 90)","(426.0, 1525.0, 90)"
2134,711,1,XDL_XM3_XM4,0.0,0.0,0.0,"(814, 321, 180)","(814.0, 321.0, 180)"
2135,711,2,XDP_XM1_XM2,-4607.793404994249,4460.0,21842.890559793937,"(401, 537, 0)","(401.0, 537.0, 0)"
2136,712,0,XDP_XM1_XM2,0.0,0.0,0.0,"(750, 1359, 90)","(750.0, 1359.0, 90)"
2137,712,1,XDL_XM3_XM4,0.0,0.0,0.0,"(556, 249, 270)","(556.0, 249.0, 270)"
2138,712,2,XM5,-5858.912894305241,5606.0,63964.9321058538,"(1347, 1045, 180)","(1347.0, 1045.0, 180)"
2139,713,0,XDL_XM3_XM4,0.0,0.0,0.0,"(375, 365, 180)","(375.0, 365.0, 180)"
2140,713,1,XDP_XM1_XM2,0.0,0.0,0.0,"(631, 982, 90)","(631.0, 982.0, 90)"
2141,713,2,XM5,-4714.539853786748,4525.0,35925.356173501634,"(1201, 1390, 180)","(1201.0, 1390.0, 180)"
2142,714,0,XM5,0.0,0.0,0.0,"(230, 252, 90)","(381.5, 252.0, 90)"
2143,714,1,XDP_XM1_XM2,0.0,0.0,0.0,"(917, 1036, 90)","(917.0, 1036.0, 90)"
2144,714,2,XDL_XM3_XM4,-6804.255745128715,6391.0,170780.31088188928,"(94, 442, 0)","(94.0, 442.0, 0)"
2145,715,0,XM5,0.0,0.0,0.0,"(837, 825, 0)","(837.0, 825.0, 0)"
2146,715,1,XDL_XM3_XM4,0.0,0.0,0.0,"(43, 1372, 180)","(43.0, 1372.0, 180)"
2147,715,2,XDP_XM1_XM2,-3910.064014345276,3784.0,15892.135712845937,"(63, 727, 180)","(63.0, 727.0, 180)"
2148,716,0,XDP_XM1_XM2,0.0,0.0,0.0,"(1152, 1117, 90)","(1152.0, 1117.0, 90)"
2149,716,1,XM5,0.0,0.0,0.0,"(1534, 1394, 180)","(1534.0, 1394.0, 180)"
2150,716,2,XDL_XM3_XM4,-4222.6335517014395,4107.0,13371.118279089538,"(1118, 308, 90)","(1118.0, 308.0, 90)"
2151,717,0,XM5,0.0,0.0,0.0,"(1163, 1070, 180)","(1163.0, 1070.0, 180)"
2152,717,1,XDL_XM3_XM4,0.0,0.0,0.0,"(577, 143, 0)","(577.0, 143.0, 0)"
2153,717,2,XDP_XM1_XM2,-6731.698950227263,6449.0,79918.69645959642,"(1, 503, 0)","(1.0, 503.0, 0)"
2154,718,0,XDL_XM3_XM4,0.0,0.0,0.0,"(9, 737, 90)","(9.0, 737.0, 90)"
2155,718,1,XDP_XM1_XM2,0.0,0.0,0.0,"(428, 1058, 180)","(428.0, 1058.0, 180)"
2156,718,2,XM5,-4881.648317266501,4589.0,85643.03759891483,"(158, 363, 0)","(158.0, 363.0, 0)"
2157,719,0,XDL_XM3_XM4,0.0,0.0,0.0,"(1092, 535, 90)","(1092.0, 535.0, 90)"
2158,719,1,XM5,0.0,0.0,0.0,"(285, 495, 270)","(285.0, 495.0, 270)"
2159,719,2,XDP_XM1_XM2,-4490.40398102807,4229.0,68332.04129732355,"(495, 40, 180)","(495.0, 40.0, 180)"
2160,720,0,XDP_XM1_XM2,0.0,0.0,0.0,"(918, 439, 0)","(918.0, 439.0, 0)"
2161,720,1,XDL_XM3_XM4,0.0,0.0,0.0,"(347, 0, 0)","(347.0, 0.0, 0)"
2162,720,2,XM5,-4544.222860600429,4327.0,47185.77116743332,"(1171, 809, 0)","(1171.0, 809.0, 0)"
2163,721,0,XDL_XM3_XM4,0.0,0.0,0.0,"(976, 1408, 90)","(976.0, 1408.0, 90)"
2164,721,1,XDP_XM1_XM2,0.0,0.0,0.0,"(462, 1151, 90)","(462.0, 1151.0, 90)"
2165,721,2,XM5,-5065.995620304245,4822.0,59533.86272765327,"(611, 322, 0)","(611.0, 322.0, 0)"
2166,722,0,XDL_XM3_XM4,0.0,0.0,0.0,"(116, 711, 270)","(116.0, 711.0, 270)"
2167,722,1,XM5,0.0,0.0,0.0,"(1020, 135, 90)","(1075.0, 135.0, 90)"
2168,722,2,XDP_XM1_XM2,-3726.175458978179,3575.0,22854.01939726309,"(723, 218, 180)","(723.0, 218.0, 180)"
2169,723,0,XDP_XM1_XM2,0.0,0.0,0.0,"(781, 706, 90)","(781.0, 706.0, 90)"
2170,723,1,XDL_XM3_XM4,0.0,0.0,0.0,"(626, 643, 90)","(626.0, 345.5, 90)"
2171,723,2,XM5,-3162.273434953964,3103.0,3513.3400912418047,"(1325, 730, 180)","(1325.0, 730.0, 180)"
2172,724,0,XDL_XM3_XM4,0.0,0.0,0.0,"(815, 313, 90)","(815.0, 313.0, 90)"
2173,724,1,XM5,0.0,0.0,0.0,"(32, 438, 180)","(32.0, 438.0, 180)"
2174,724,2,XDP_XM1_XM2,-6575.035899903392,6367.0,43278.93564861432,"(487, 1536, 0)","(487.0, 1536.0, 0)"
2175,725,0,XDL_XM3_XM4,0.0,0.0,0.0,"(1444, 674, 180)","(1686.5, 674.0, 180)"
2176,725,1,XM5,0.0,0.0,0.0,"(1399, 514, 90)","(1399.0, 514.0, 90)"
2177,725,2,XDP_XM1_XM2,-7292.830346246665,6883.0,167960.91270466085,"(498, 153, 90)","(498.0, 153.0, 90)"
2178,726,0,XDL_XM3_XM4,0.0,0.0,0.0,"(1331, 83, 180)","(1331.0, 83.0, 180)"
2179,726,1,XM5,0.0,0.0,0.0,"(1369, 306, 180)","(1369.0, 591.0, 180)"
2180,726,2,XDP_XM1_XM2,-7370.490592778695,6917.0,205653.7177387724,"(303, 31, 270)","(303.0, 31.0, 270)"
2181,727,0,XM5,0.0,0.0,0.0,"(469, 577, 90)","(469.0, 681.0, 90)"
2182,727,1,XDP_XM1_XM2,0.0,0.0,0.0,"(1190, 138, 180)","(1190.0, 47.5, 180)"
2183,727,2,XDL_XM3_XM4,-5654.9511092368775,5279.0,141339.2365364387,"(709, 335, 90)","(709.0, 335.0, 90)"
2184,728,0,XDL_XM3_XM4,0.0,0.0,0.0,"(370, 1078, 90)","(370.0, 1078.0, 90)"
2185,728,1,XDP_XM1_XM2,0.0,0.0,0.0,"(702, 1172, 180)","(702.0, 1365.5, 180)"
2186,728,2,XM5,-4691.7703488701745,4389.0,91669.88415496724,"(233, 690, 180)","(233.0, 690.0, 180)"
2187,729,0,XM5,0.0,0.0,0.0,"(712, 1327, 0)","(712.0, 1327.0, 0)"
2188,729,1,XDL_XM3_XM4,0.0,0.0,0.0,"(692, 140, 180)","(692.0, 140.0, 180)"
2189,729,2,XDP_XM1_XM2,-5191.10871026125,4984.0,42894.01786607833,"(1197, 674, 180)","(1197.0, 674.0, 180)"
2190,730,0,XDP_XM1_XM2,0.0,0.0,0.0,"(125, 226, 180)","(125.0, 226.0, 180)"
2191,730,1,XM5,0.0,0.0,0.0,"(206, 978, 0)","(206.0, 978.0, 0)"
2192,730,2,XDL_XM3_XM4,-7512.650111566389,7184.0,108010.89583259966,"(1477, 1356, 90)","(1477.0, 1356.0, 90)"
2193,731,0,XDP_XM1_XM2,0.0,0.0,0.0,"(970, 1048, 90)","(970.0, 1048.0, 90)"
2194,731,1,XM5,0.0,0.0,0.0,"(1477, 166, 90)","(1477.0, 166.0, 90)"
2195,731,2,XDL_XM3_XM4,-5582.770348370891,5373.0,44003.5990556451,"(267, 985, 90)","(267.0, 985.0, 90)"
2196,732,0,XDL_XM3_XM4,0.0,0.0,0.0,"(1461, 841, 180)","(1461.0, 841.0, 180)"
2197,732,1,XDP_XM1_XM2,0.0,0.0,0.0,"(294, 956, 90)","(294.0, 956.0, 90)"
2198,732,2,XM5,-6180.757982832425,5902.0,77706.01299280288,"(852, 463, 180)","(852.0, 463.0, 180)"
2199,733,0,XM5,0.0,0.0,0.0,"(606, 1376, 90)","(606.0, 1376.0, 90)"
2200,733,1,XDL_XM3_XM4,0.0,0.0,0.0,"(192, 1015, 180)","(192.0, 1015.0, 180)"
2201,733,2,XDP_XM1_XM2,-4103.408296548854,3929.0,30418.253905073023,"(354, 521, 180)","(354.0, 507.0, 180)"
2202,734,0,XDL_XM3_XM4,0.0,0.0,0.0,"(53, 929, 180)","(53.0, 929.0, 180)"
2203,734,1,XDP_XM1_XM2,0.0,0.0,0.0,"(781, 705, 180)","(781.0, 705.0, 180)"
2204,734,2,XM5,-4222.220208890995,4010.0,45037.41706173761,"(804, 1314, 180)","(804.0, 1314.0, 180)"
2205,735,0,XDP_XM1_XM2,0.0,0.0,0.0,"(256, 1432, 90)","(256.0, 1432.0, 90)"
2206,735,1,XDL_XM3_XM4,0.0,0.0,0.0,"(193, 547, 0)","(193.0, 547.0, 0)"
2207,735,2,XM5,-7621.873153233329,7224.0,158303.046063832,"(1101, 201, 180)","(1101.0, 201.0, 180)"
2208,736,0,XDL_XM3_XM4,0.0,0.0,0.0,"(776, 1461, 90)","(776.0, 1461.0, 90)"
2209,736,1,XM5,0.0,0.0,0.0,"(1306, 576, 0)","(1306.0, 576.0, 0)"
2210,736,2,XDP_XM1_XM2,-4306.778070758346,4138.0,28486.037168909406,"(928, 719, 90)","(928.0, 719.0, 90)"
2211,737,0,XDL_XM3_XM4,0.0,0.0,0.0,"(634, 498, 90)","(634.0, 498.0, 90)"
2212,737,1,XDP_XM1_XM2,0.0,0.0,0.0,"(1183, 1085, 90)","(1183.0, 1085.0, 90)"
2213,737,2,XM5,-7249.783175511243,6830.0,176217.91444230266,"(165, 239, 0)","(165.0, 210.5, 0)"
2214,738,0,XM5,0.0,0.0,0.0,"(356, 952, 180)","(289.5, 952.0, 180)"
2215,738,1,XDL_XM3_XM4,0.0,0.0,0.0,"(1319, 571, 180)","(1319.0, 571.0, 180)"
2216,738,2,XDP_XM1_XM2,-3618.6549673197924,3503.0,13376.071465742289,"(627, 863, 90)","(627.0, 863.0, 90)"
2217,739,0,XM5,0.0,0.0,0.0,"(851, 161, 180)","(851.0, 161.0, 180)"
2218,739,1,XDL_XM3_XM4,0.0,0.0,0.0,"(1327, 750, 90)","(1327.0, 893.5, 90)"
2219,739,2,XDP_XM1_XM2,-3362.0966016814964,3212.0,22528.989836333778,"(1168, 533, 270)","(1168.0, 533.0, 270)"
2220,740,0,XDP_XM1_XM2,0.0,0.0,0.0,"(919, 272, 270)","(919.0, 272.0, 270)"
2221,740,1,XDL_XM3_XM4,0.0,0.0,0.0,"(106, 1557, 0)","(106.0, 1557.0, 0)"
2222,740,2,XM5,-6228.193825060094,5962.0,70859.15250012424,"(1139, 343, 270)","(1198.0, 343.0, 270)"
2223,741,0,XDL_XM3_XM4,0.0,0.0,0.0,"(291, 433, 0)","(291.0, 433.0, 0)"
2224,741,1,XM5,0.0,0.0,0.0,"(259, 1213, 180)","(259.0, 1213.0, 180)"
2225,741,2,XDP_XM1_XM2,-7941.697372393378,7525.0,173636.7001595457,"(1179, 1520, 180)","(1179.0, 1520.0, 180)"
2226,742,0,XDL_XM3_XM4,0.0,0.0,0.0,"(1161, 1152, 90)","(1220.0, 1152.0, 90)"
2227,742,1,XDP_XM1_XM2,0.0,0.0,0.0,"(712, 1128, 90)","(712.0, 1128.0, 90)"
2228,742,2,XM5,-3279.8412673889566,3145.0,18182.167391060033,"(213, 1014, 180)","(213.0, 1014.0, 180)"
2229,743,0,XM5,0.0,0.0,0.0,"(731, 505, 0)","(731.0, 505.0, 0)"
2230,743,1,XDP_XM1_XM2,0.0,0.0,0.0,"(905, 1367, 180)","(905.0, 1367.0, 180)"
2231,743,2,XDL_XM3_XM4,-6110.048453954254,5811.0,89429.9778124298,"(804, 281, 0)","(1077.0, 281.0, 0)"
2232,744,0,XDP_XM1_XM2,0.0,0.0,0.0,"(498, 329, 90)","(498.0, 329.0, 90)"
2233,744,1,XM5,0.0,0.0,0.0,"(758, 10, 270)","(777.0, 10.0, 270)"
2234,744,2,XDL_XM3_XM4,-4565.0024366159905,4343.0,49285.08186343695,"(119, 834, 90)","(119.0, 834.0, 90)"
2235,745,0,XDP_XM1_XM2,0.0,0.0,0.0,"(1251, 1213, 90)","(1264.5, 1213.0, 90)"
2236,745,1,XDL_XM3_XM4,0.0,0.0,0.0,"(1522, 705, 180)","(1552.0, 705.0, 180)"
2237,745,2,XM5,-3537.2700627776917,3359.0,31780.215282762183,"(927, 1054, 180)","(927.0, 1054.0, 180)"
2238,746,0,XM5,0.0,0.0,0.0,"(1552, 347, 90)","(1552.0, 347.0, 90)"
2239,746,1,XDP_XM1_XM2,0.0,0.0,0.0,"(903, 72, 180)","(903.0, 72.0, 180)"
2240,746,2,XDL_XM3_XM4,-4942.501861010313,4710.0,54057.11537325913,"(276, 609, 90)","(276.0, 609.0, 90)"
2241,747,0,XDL_XM3_XM4,0.0,0.0,0.0,"(1529, 979, 180)","(1542.5, 979.0, 180)"
2242,747,1,XDP_XM1_XM2,0.0,0.0,0.0,"(1182, 1341, 0)","(1182.0, 1341.0, 0)"
2243,747,2,XM5,-6488.7025149398305,6210.0,77675.09183378668,"(97, 253, 180)","(97.0, 253.0, 180)"
2244,748,0,XDL_XM3_XM4,0.0,0.0,0.0,"(1426, 487, 180)","(1426.0, 487.0, 180)"
2245,748,1,XDP_XM1_XM2,0.0,0.0,0.0,"(1398, 165, 90)","(1398.0, -94.0, 90)"
2246,748,2,XM5,-6235.604812035464,5971.0,70015.70655232357,"(411, 897, 90)","(411.0, 897.0, 90)"
2247,749,0,XDL_XM3_XM4,0.0,0.0,0.0,"(1075, 1151, 0)","(1075.0, 1151.0, 0)"
2248,749,1,XM5,0.0,0.0,0.0,"(1413, 707, 0)","(1421.0, 707.0, 0)"
2249,749,2,XDP_XM1_XM2,-4566.866086738401,4292.0,75551.36563888218,"(981, 1258, 180)","(714.5, 1258.0, 180)"
2250,750,0,XDP_XM1_XM2,0.0,0.0,0.0,"(1067, 369, 270)","(1067.0, 322.5, 270)"
2251,750,1,XDL_XM3_XM4,0.0,0.0,0.0,"(637, 912, 270)","(504.0, 912.0, 270)"
2252,750,2,XM5,-4681.6073816799035,4415.0,71079.49596621362,"(1012, 733, 90)","(1012.0, 733.0, 90)"
2253,751,0,XDP_XM1_XM2,0.0,0.0,0.0,"(569, 1285, 90)","(569.0, 1285.0, 90)"
2254,751,1,XM5,0.0,0.0,0.0,"(1402, 1498, 90)","(1402.0, 1498.0, 90)"
2255,751,2,XDL_XM3_XM4,-4964.106979421304,4722.0,58615.78948450759,"(913, 809, 180)","(913.0, 809.0, 180)"
2256,752,0,XDL_XM3_XM4,0.0,0.0,0.0,"(1001, 1517, 90)","(1001.0, 1517.0, 90)"
2257,752,1,XM5,0.0,0.0,0.0,"(1192, 763, 90)","(1219.0, 763.0, 90)"
2258,752,2,XDP_XM1_XM2,-3672.607849055491,3475.0,39048.86200833773,"(940, 1094, 90)","(940.0, 1094.0, 90)"
2259,753,0,XM5,0.0,0.0,0.0,"(697, 1083, 90)","(697.0, 1083.0, 90)"
2260,753,1,XDL_XM3_XM4,0.0,0.0,0.0,"(1522, 622, 0)","(1522.0, 622.0, 0)"
2261,753,2,XDP_XM1_XM2,-5663.904555929395,5415.0,61953.47796240973,"(612, 1310, 90)","(612.0, 1493.5, 90)"
2262,754,0,XM5,0.0,0.0,0.0,"(845, 1175, 90)","(845.0, 1175.0, 90)"
2263,754,1,XDP_XM1_XM2,0.0,0.0,0.0,"(1190, 577, 180)","(1190.0, 577.0, 180)"
2264,754,2,XDL_XM3_XM4,-6021.204745969162,5645.0,141530.01088972154,"(375, 1087, 90)","(337.0, 1087.0, 90)"
2265,755,0,XDL_XM3_XM4,0.0,0.0,0.0,"(329, 949, 90)","(329.0, 949.0, 90)"
2266,755,1,XM5,0.0,0.0,0.0,"(384, 228, 270)","(384.0, 228.0, 270)"
2267,755,2,XDP_XM1_XM2,-6762.318691798837,6476.0,81978.3932733973,"(1380, 757, 270)","(1380.0, 757.0, 270)"
2268,756,0,XM5,0.0,0.0,0.0,"(550, 509, 0)","(550.0, 693.5, 0)"
2269,756,1,XDL_XM3_XM4,0.0,0.0,0.0,"(821, 406, 90)","(821.0, 406.0, 90)"
2270,756,2,XDP_XM1_XM2,-4910.2808105524055,4557.0,124807.3311045643,"(1186, 141, 180)","(1186.0, 118.5, 180)"
2271,757,0,XDL_XM3_XM4,0.0,0.0,0.0,"(1213, 680, 0)","(1213.0, 680.0, 0)"
2272,757,1,XM5,0.0,0.0,0.0,"(1361, 585, 180)","(1559.0, 585.0, 180)"
2273,757,2,XDP_XM1_XM2,-6125.59009621293,5758.0,135122.47883383135,"(385, 686, 90)","(385.0, 686.0, 90)"
2274,758,0,XDL_XM3_XM4,0.0,0.0,0.0,"(1542, 1533, 180)","(1542.0, 1533.0, 180)"
2275,758,1,XDP_XM1_XM2,0.0,0.0,0.0,"(946, 796, 90)","(946.0, 796.0, 90)"
2276,758,2,XM5,-5370.168422654063,5148.0,49358.80802459431,"(726, 264, 90)","(726.0, 264.0, 90)"
2277,759,0,XDL_XM3_XM4,0.0,0.0,0.0,"(88, 1144, 0)","(88.0, 1144.0, 0)"
2278,759,1,XM5,0.0,0.0,0.0,"(933, 192, 180)","(933.0, 192.0, 180)"
2279,759,2,XDP_XM1_XM2,-4871.669405584748,4650.0,49137.325372295534,"(1076, 576, 0)","(1076.0, 576.0, 0)"
2280,760,0,XDP_XM1_XM2,0.0,0.0,0.0,"(966, 176, 270)","(966.0, 176.0, 270)"
2281,760,1,XM5,0.0,0.0,0.0,"(1522, 1000, 0)","(1522.0, 1000.0, 0)"
2282,760,2,XDL_XM3_XM4,-6694.529755414233,6453.0,58336.622750458875,"(107, 906, 180)","(107.0, 906.0, 180)"
2283,761,0,XM5,0.0,0.0,0.0,"(990, 872, 0)","(990.0, 872.0, 0)"
2284,761,1,XDL_XM3_XM4,0.0,0.0,0.0,"(506, 312, 180)","(506.0, 312.0, 180)"
2285,761,2,XDP_XM1_XM2,-6768.5849283743,6390.0,143326.5479921739,"(283, 1495, 0)","(283.0, 1495.0, 0)"
2286,762,0,XM5,0.0,0.0,0.0,"(1556, 408, 0)","(1556.0, 408.0, 0)"
2287,762,1,XDP_XM1_XM2,0.0,0.0,0.0,"(812, 1394, 180)","(812.0, 1669.5, 180)"
2288,762,2,XDL_XM3_XM4,-6221.787412541112,5930.0,85139.89411743688,"(907, 1382, 90)","(907.0, 1382.0, 90)"
2289,763,0,XDP_XM1_XM2,0.0,0.0,0.0,"(1147, 348, 180)","(1147.0, 348.0, 180)"
2290,763,1,XDL_XM3_XM4,0.0,0.0,0.0,"(717, 1092, 90)","(717.0, 1092.0, 90)"
2291,763,2,XM5,-7652.373840288099,7196.0,208277.08209930774,"(105, 1315, 0)","(105.0, 1315.0, 0)"
2292,764,0,XDP_XM1_XM2,0.0,0.0,0.0,"(366, 1456, 180)","(366.0, 1456.0, 180)"
2293,764,1,XDL_XM3_XM4,0.0,0.0,0.0,"(1429, 1150, 180)","(1429.0, 1150.0, 180)"
2294,764,2,XM5,-6543.5918980777515,6142.0,161276.05260169128,"(1056, 914, 180)","(1056.0, 914.0, 180)"
2295,765,0,XM5,0.0,0.0,0.0,"(32, 363, 90)","(32.0, 363.0, 90)"
2296,765,1,XDP_XM1_XM2,0.0,0.0,0.0,"(703, 221, 180)","(1020.5, 221.0, 180)"
2297,765,2,XDL_XM3_XM4,-4683.202539091982,4449.0,54850.829317131116,"(660, 209, 0)","(660.0, 209.0, 0)"
2298,766,0,XM5,0.0,0.0,0.0,"(679, 732, 180)","(679.0, 732.0, 180)"
2299,766,1,XDP_XM1_XM2,0.0,0.0,0.0,"(904, 615, 0)","(904.0, 453.0, 0)"
2300,766,2,XDL_XM3_XM4,-3503.0621910929453,3372.0,17177.297934083766,"(814, 1031, 90)","(814.0, 1031.0, 90)"
2301,767,0,XDP_XM1_XM2,0.0,0.0,0.0,"(289, 1220, 270)","(289.0, 1220.0, 270)"
2302,767,1,XM5,0.0,0.0,0.0,"(811, 410, 0)","(811.0, 410.0, 0)"
2303,767,2,XDL_XM3_XM4,-5864.426616697398,5490.0,140195.2912914598,"(692, 294, 180)","(465.0, 294.0, 180)"
2304,768,0,XDP_XM1_XM2,0.0,0.0,0.0,"(1451, 1099, 0)","(1451.0, 1099.0, 0)"
2305,768,1,XDL_XM3_XM4,0.0,0.0,0.0,"(1125, 329, 180)","(1125.0, 329.0, 180)"
2306,768,2,XM5,-5163.872202091442,4906.0,66498.07261148948,"(692, 682, 90)","(692.0, 682.0, 90)"
2307,769,0,XDL_XM3_XM4,0.0,0.0,0.0,"(1444, 1240, 90)","(1444.0, 1240.0, 90)"
2308,769,1,XM5,0.0,0.0,0.0,"(1013, 635, 270)","(1013.0, 635.0, 270)"
2309,769,2,XDP_XM1_XM2,-5358.268112317037,5111.0,61141.51936883093,"(1413, 212, 270)","(1413.0, 212.0, 270)"
2310,770,0,XDL_XM3_XM4,0.0,0.0,0.0,"(778, 429, 270)","(901.0, 429.0, 270)"
2311,770,1,XDP_XM1_XM2,0.0,0.0,0.0,"(393, 461, 90)","(393.0, 461.0, 90)"
2312,770,2,XM5,-3335.542508557008,3199.0,18643.856643040654,"(44, 900, 270)","(44.0, 900.0, 270)"
2313,771,0,XM5,0.0,0.0,0.0,"(1061, 654, 0)","(1061.0, 640.5, 0)"
2314,771,1,XDP_XM1_XM2,0.0,0.0,0.0,"(1187, 1327, 180)","(1187.0, 1327.0, 180)"
2315,771,2,XDL_XM3_XM4,-4316.869751123591,4074.0,58985.71601083528,"(1081, 928, 270)","(1081.0, 928.0, 270)"
2316,772,0,XDL_XM3_XM4,0.0,0.0,0.0,"(1525, 798, 0)","(1525.0, 798.0, 0)"
2317,772,1,XM5,0.0,0.0,0.0,"(921, 1032, 270)","(921.0, 1032.0, 270)"
2318,772,2,XDP_XM1_XM2,-6037.64212762997,5722.0,99629.95273477428,"(713, 85, 180)","(713.0, 85.0, 180)"
2319,773,0,XDL_XM3_XM4,0.0,0.0,0.0,"(1351, 532, 0)","(1351.0, 532.0, 0)"
2320,773,1,XM5,0.0,0.0,0.0,"(443, 282, 180)","(443.0, 282.0, 180)"
2321,773,2,XDP_XM1_XM2,-4177.382341423415,4015.0,26368.02480615049,"(1296, 828, 90)","(1063.5, 828.0, 90)"
2322,774,0,XDL_XM3_XM4,0.0,0.0,0.0,"(95, 611, 90)","(95.0, 611.0, 90)"
2323,774,1,XDP_XM1_XM2,0.0,0.0,0.0,"(796, 1328, 270)","(796.0, 1328.0, 270)"
2324,774,2,XM5,-7144.446672929621,6894.0,62723.535981516405,"(1356, 70, 0)","(1356.0, 70.0, 0)"
2325,775,0,XDL_XM3_XM4,0.0,0.0,0.0,"(1124, 441, 180)","(1124.0, 441.0, 180)"
2326,775,1,XDP_XM1_XM2,0.0,0.0,0.0,"(1222, 1461, 90)","(1407.5, 1461.0, 90)"
2327,775,2,XM5,-4211.94389640438,4009.0,41186.22508779188,"(1070, 1325, 180)","(1070.0, 1325.0, 180)"
2328,776,0,XM5,0.0,0.0,0.0,"(878, 925, 0)","(765.5, 925.0, 0)"
2329,776,1,XDP_XM1_XM2,0.0,0.0,0.0,"(952, 614, 180)","(952.0, 614.0, 180)"
2330,776,2,XDL_XM3_XM4,-3717.788765335322,3499.0,47868.52383695461,"(1332, 1071, 90)","(1332.0, 1071.0, 90)"
2331,777,0,XDL_XM3_XM4,0.0,0.0,0.0,"(1334, 990, 180)","(1334.0, 990.0, 180)"
2332,777,1,XM5,0.0,0.0,0.0,"(1008, 1479, 90)","(1008.0, 1479.0, 90)"
2333,777,2,XDP_XM1_XM2,-5860.194024533901,5622.0,56736.3933236565,"(281, 954, 90)","(281.0, 954.0, 90)"
2334,778,0,XDL_XM3_XM4,0.0,0.0,0.0,"(1051, 364, 270)","(1051.0, 327.0, 270)"
2335,778,1,XM5,0.0,0.0,0.0,"(710, 673, 90)","(710.0, 673.0, 90)"
2336,778,2,XDP_XM1_XM2,-5185.413674532639,4942.0,59250.21694948128,"(853, 1234, 180)","(853.0, 1234.0, 180)"
2337,779,0,XDL_XM3_XM4,0.0,0.0,0.0,"(1261, 861, 180)","(1261.0, 861.0, 180)"
2338,779,1,XM5,0.0,0.0,0.0,"(1119, 1497, 0)","(1119.0, 1497.0, 0)"
2339,779,2,XDP_XM1_XM2,-6819.020316041928,6455.0,132510.79049126498,"(782, 78, 180)","(782.0, 78.0, 180)"
2340,780,0,XM5,0.0,0.0,0.0,"(925, 501, 180)","(925.0, 501.0, 180)"
2341,780,1,XDP_XM1_XM2,0.0,0.0,0.0,"(750, 869, 0)","(750.0, 869.0, 0)"
2342,780,2,XDL_XM3_XM4,-3573.9914566158855,3378.0,38412.651066416525,"(1054, 659, 180)","(1271.0, 659.0, 180)"
2343,781,0,XDP_XM1_XM2,0.0,0.0,0.0,"(906, 843, 180)","(906.0, 843.0, 180)"
2344,781,1,XM5,0.0,0.0,0.0,"(555, 623, 0)","(555.0, 564.0, 0)"
2345,781,2,XDL_XM3_XM4,-4784.749099490907,4527.0,66434.59828837318,"(1500, 523, 270)","(1500.0, 523.0, 270)"
2346,782,0,XM5,0.0,0.0,0.0,"(368, 1310, 90)","(368.0, 1322.5, 90)"
2347,782,1,XDP_XM1_XM2,0.0,0.0,0.0,"(706, 985, 0)","(706.0, 985.0, 0)"
2348,782,2,XDL_XM3_XM4,-4946.067657150148,4696.0,62533.833152564024,"(737, 142, 270)","(737.0, 142.0, 270)"
2349,783,0,XM5,0.0,0.0,0.0,"(1224, 984, 180)","(1224.0, 984.0, 180)"
2350,783,1,XDP_XM1_XM2,0.0,0.0,0.0,"(998, 662, 180)","(998.0, 662.0, 180)"
2351,783,2,XDL_XM3_XM4,-2936.1555168911696,2821.0,13260.793070472402,"(1252, 417, 90)","(1252.0, 374.5, 90)"
2352,784,0,XDP_XM1_XM2,0.0,0.0,0.0,"(529, 1238, 270)","(529.0, 1238.0, 270)"
2353,784,1,XDL_XM3_XM4,0.0,0.0,0.0,"(518, 125, 180)","(239.5, 125.0, 180)"
2354,784,2,XM5,-5695.194773084961,5505.0,36174.05170883964,"(527, 230, 270)","(527.0, 230.0, 270)"
2355,785,0,XDL_XM3_XM4,0.0,0.0,0.0,"(1005, 1356, 90)","(1005.0, 1356.0, 90)"
2356,785,1,XDP_XM1_XM2,0.0,0.0,0.0,"(875, 33, 180)","(875.0, 33.0, 180)"
2357,785,2,XM5,-6509.628492196723,6181.0,107996.68588349163,"(480, 601, 90)","(480.0, 601.0, 90)"
2358,786,0,XDP_XM1_XM2,0.0,0.0,0.0,"(1487, 867, 270)","(1487.0, 867.0, 270)"
2359,786,1,XDL_XM3_XM4,0.0,0.0,0.0,"(266, 563, 0)","(266.0, 563.0, 0)"
2360,786,2,XM5,-6918.605611477402,6602.0,100239.11321897942,"(592, 500, 90)","(592.0, 500.0, 90)"
2361,787,0,XDP_XM1_XM2,0.0,0.0,0.0,"(1458, 1353, 270)","(1458.0, 1353.0, 270)"
2362,787,1,XDL_XM3_XM4,0.0,0.0,0.0,"(274, 1267, 0)","(274.0, 1267.0, 0)"
2363,787,2,XM5,-9012.081069376596,8649.0,131827.86293965217,"(130, 39, 180)","(130.0, 39.0, 180)"
2364,788,0,XM5,0.0,0.0,0.0,"(156, 576, 90)","(156.0, 576.0, 90)"
2365,788,1,XDL_XM3_XM4,0.0,0.0,0.0,"(648, 617, 180)","(648.0, 661.0, 180)"
2366,788,2,XDP_XM1_XM2,-4199.816767657343,3989.0,44443.709525490165,"(360, 153, 0)","(360.0, 153.0, 0)"
2367,789,0,XDP_XM1_XM2,0.0,0.0,0.0,"(1492, 377, 90)","(1492.0, 377.0, 90)"
2368,789,1,XDL_XM3_XM4,0.0,0.0,0.0,"(499, 1450, 270)","(499.0, 1450.0, 270)"
2369,789,2,XM5,-7612.250940023254,7219.0,154646.30182917262,"(1278, 1468, 90)","(1278.0, 1468.0, 90)"
2370,790,0,XDP_XM1_XM2,0.0,0.0,0.0,"(385, 889, 270)","(385.0, 889.0, 270)"
2371,790,1,XM5,0.0,0.0,0.0,"(981, 148, 0)","(981.0, 148.0, 0)"
2372,790,2,XDL_XM3_XM4,-6486.453882814985,6107.0,143985.24918336837,"(762, 56, 270)","(762.0, -139.5, 270)"
2373,791,0,XDL_XM3_XM4,0.0,0.0,0.0,"(411, 1507, 90)","(411.0, 1507.0, 90)"
2374,791,1,XDP_XM1_XM2,0.0,0.0,0.0,"(1393, 995, 180)","(1393.0, 995.0, 180)"
2375,791,2,XM5,-8559.156161173176,8211.0,121212.7125628418,"(202, 105, 180)","(202.0, 105.0, 180)"
2376,792,0,XDL_XM3_XM4,0.0,0.0,0.0,"(1121, 336, 90)","(1121.0, 336.0, 90)"
2377,792,1,XDP_XM1_XM2,0.0,0.0,0.0,"(1517, 495, 90)","(1629.0, 495.0, 90)"
2378,792,2,XM5,-4612.70673087544,4324.0,83351.57645278414,"(843, 187, 180)","(843.0, 48.5, 180)"
2379,793,0,XDP_XM1_XM2,0.0,0.0,0.0,"(588, 199, 0)","(588.0, 187.5, 0)"
2380,793,1,XDL_XM3_XM4,0.0,0.0,0.0,"(1038, 475, 90)","(1038.0, 475.0, 90)"
2381,793,2,XM5,-5708.116346041709,5314.0,155327.69421726817,"(1256, 581, 90)","(1256.0, 821.0, 90)"
2382,794,0,XDL_XM3_XM4,0.0,0.0,0.0,"(753, 1519, 180)","(753.0, 1519.0, 180)"
2383,794,1,XDP_XM1_XM2,0.0,0.0,0.0,"(238, 1509, 0)","(238.0, 1509.0, 0)"
2384,794,2,XM5,-6053.667972103024,5802.0,63336.7681824485,"(663, 137, 180)","(663.0, 137.0, 180)"
2385,795,0,XM5,0.0,0.0,0.0,"(1174, 1080, 270)","(1174.0, 1080.0, 270)"
2386,795,1,XDP_XM1_XM2,0.0,0.0,0.0,"(1389, 316, 90)","(1389.0, 316.0, 90)"
2387,795,2,XDL_XM3_XM4,-7862.614779585338,7490.0,138841.77396542975,"(64, 1542, 90)","(64.0, 1542.0, 90)"
2388,796,0,XDP_XM1_XM2,0.0,0.0,0.0,"(1532, 48, 90)","(1532.0, 48.0, 90)"
2389,796,1,XM5,0.0,0.0,0.0,"(729, 1511, 180)","(729.0, 1551.0, 180)"
2390,796,2,XDL_XM3_XM4,-9155.009120980298,8648.0,257058.24875721466,"(690, 1043, 180)","(690.0, 1043.0, 180)"
2391,797,0,XDP_XM1_XM2,0.0,0.0,0.0,"(337, 1114, 0)","(337.0, 1114.0, 0)"
2392,797,1,XDL_XM3_XM4,0.0,0.0,0.0,"(484, 1191, 180)","(697.5, 1191.0, 180)"
2393,797,2,XM5,-3362.4773206922523,3213.0,22343.4694013344,"(195, 616, 0)","(195.0, 616.0, 0)"
2394,798,0,XM5,0.0,0.0,0.0,"(637, 1456, 270)","(637.0, 1456.0, 270)"
2395,798,1,XDL_XM3_XM4,0.0,0.0,0.0,"(127, 1555, 180)","(127.0, 1555.0, 180)"
2396,798,2,XDP_XM1_XM2,-7858.852622086574,7433.0,181350.4557380108,"(1092, 471, 180)","(1092.0, 471.0, 180)"
2397,799,0,XM5,0.0,0.0,0.0,"(335, 441, 90)","(335.0, 441.0, 90)"
2398,799,1,XDP_XM1_XM2,0.0,0.0,0.0,"(1159, 302, 180)","(1159.0, 302.0, 180)"
2399,799,2,XDL_XM3_XM4,-4377.548464007654,4224.0,23577.130799109727,"(1203, 976, 270)","(1203.0, 976.0, 270)"
2400,800,0,XDP_XM1_XM2,0.0,0.0,0.0,"(696, 1210, 90)","(696.0, 1210.0, 90)"
2401,800,1,XDL_XM3_XM4,0.0,0.0,0.0,"(1506, 1508, 180)","(1506.0, 1781.0, 180)"
2402,800,2,XM5,-5854.21331165668,5558.0,87742.32600261777,"(1447, 1273, 0)","(1447.0, 1273.0, 0)"
2403,801,0,XM5,0.0,0.0,0.0,"(261, 1520, 90)","(261.0, 1520.0, 90)"
2404,801,1,XDL_XM3_XM4,0.0,0.0,0.0,"(1307, 1541, 180)","(1307.0, 1541.0, 180)"
2405,801,2,XDP_XM1_XM2,-7739.948369465536,7443.0,88178.33412824072,"(705, 392, 90)","(705.0, 392.0, 90)"
2406,802,0,XDP_XM1_XM2,0.0,0.0,0.0,"(461, 172, 90)","(461.0, 172.0, 90)"
2407,802,1,XDL_XM3_XM4,0.0,0.0,0.0,"(93, 1490, 90)","(93.0, 1490.0, 90)"
2408,802,2,XM5,-6909.6447317866105,6578.0,109988.22812181254,"(621, 1175, 90)","(621.0, 1175.0, 90)"
2409,803,0,XDP_XM1_XM2,0.0,0.0,0.0,"(771, 1193, 180)","(771.0, 1257.0, 180)"
2410,803,1,XDL_XM3_XM4,0.0,0.0,0.0,"(630, 260, 90)","(630.0, 260.0, 90)"
2411,803,2,XM5,-4593.8362761773515,4392.0,40737.882381140094,"(1063, 978, 180)","(1063.0, 978.0, 180)"
2412,804,0,XDL_XM3_XM4,0.0,0.0,0.0,"(74, 363, 0)","(74.0, 363.0, 0)"
2413,804,1,XDP_XM1_XM2,0.0,0.0,0.0,"(1432, 180, 0)","(1432.0, 180.0, 0)"
2414,804,2,XM5,-5733.352157216972,5488.0,60197.68105102191,"(1533, 664, 90)","(1533.0, 664.0, 90)"
2415,805,0,XM5,0.0,0.0,0.0,"(1081, 1490, 270)","(1081.0, 1490.0, 270)"
2416,805,1,XDP_XM1_XM2,0.0,0.0,0.0,"(1537, 1270, 0)","(1537.0, 1270.0, 0)"
2417,805,2,XDL_XM3_XM4,-4779.537338031383,4557.0,49522.86681809395,"(491, 1294, 0)","(491.0, 1294.0, 0)"
2418,806,0,XDP_XM1_XM2,0.0,0.0,0.0,"(971, 129, 180)","(971.0, 129.0, 180)"
2419,806,1,XDL_XM3_XM4,0.0,0.0,0.0,"(112, 1064, 180)","(112.0, 1064.0, 180)"
2420,806,2,XM5,-7414.127922481903,7131.0,80161.4204889184,"(1440, 1193, 180)","(1440.0, 1193.0, 180)"
2421,807,0,XM5,0.0,0.0,0.0,"(522, 397, 180)","(522.0, 397.0, 180)"
2422,807,1,XDL_XM3_XM4,0.0,0.0,0.0,"(1322, 259, 90)","(1322.0, 259.0, 90)"
2423,807,2,XDP_XM1_XM2,-4923.294631444492,4689.0,54893.97432371014,"(1036, 974, 270)","(1036.0, 974.0, 270)"
2424,808,0,XDL_XM3_XM4,0.0,0.0,0.0,"(100, 963, 90)","(100.0, 963.0, 90)"
2425,808,1,XM5,0.0,0.0,0.0,"(1230, 625, 0)","(1230.0, 625.0, 0)"
2426,808,2,XDP_XM1_XM2,-4662.995123452252,4498.0,27223.390763023843,"(869, 1048, 90)","(869.0, 1048.0, 90)"
2427,809,0,XDL_XM3_XM4,0.0,0.0,0.0,"(1448, 1541, 180)","(1448.0, 1541.0, 180)"
2428,809,1,XDP_XM1_XM2,0.0,0.0,0.0,"(1199, 603, 270)","(1199.0, 392.0, 270)"
2429,809,2,XM5,-5171.160832430942,4896.0,75713.48370408897,"(1133, 744, 180)","(1133.0, 744.0, 180)"
2430,810,0,XDL_XM3_XM4,0.0,0.0,0.0,"(714, 265, 0)","(714.0, 265.0, 0)"
2431,810,1,XDP_XM1_XM2,0.0,0.0,0.0,"(1194, 1374, 90)","(1194.0, 1374.0, 90)"
2432,810,2,XM5,-7026.670562256073,6678.0,121571.16098396595,"(1274, 336, 0)","(1274.0, 336.0, 0)"
2433,811,0,XM5,0.0,0.0,0.0,"(952, 854, 90)","(952.0, 854.0, 90)"
2434,811,1,XDP_XM1_XM2,0.0,0.0,0.0,"(858, 1103, 180)","(858.0, 1191.5, 180)"
2435,811,2,XDL_XM3_XM4,-4768.788265408917,4534.0,55125.52957372821,"(1514, 435, 90)","(1514.0, 435.0, 90)"
2436,812,0,XDL_XM3_XM4,0.0,0.0,0.0,"(1333, 224, 90)","(1333.0, 224.0, 90)"
2437,812,1,XDP_XM1_XM2,0.0,0.0,0.0,"(719, 1107, 180)","(719.0, 1107.0, 180)"
2438,812,2,XM5,-5134.789951261756,4871.0,69585.13838667943,"(803, 714, 180)","(803.0, 714.0, 180)"
2439,813,0,XDP_XM1_XM2,0.0,0.0,0.0,"(1217, 1243, 90)","(1217.0, 1243.0, 90)"
2440,813,1,XDL_XM3_XM4,0.0,0.0,0.0,"(305, 188, 180)","(305.0, 188.0, 180)"
2441,813,2,XM5,-6065.4158347392795,5783.0,79758.70371148417,"(1227, 729, 90)","(1227.0, 729.0, 90)"
2442,814,0,XDL_XM3_XM4,0.0,0.0,0.0,"(158, 560, 90)","(158.0, 560.0, 90)"
2443,814,1,XDP_XM1_XM2,0.0,0.0,0.0,"(750, 1434, 90)","(750.0, 1434.0, 90)"
2444,814,2,XM5,-7275.789179640248,6879.0,157441.65307958086,"(469, 128, 0)","(469.0, 128.0, 0)"
2445,815,0,XDP_XM1_XM2,0.0,0.0,0.0,"(1092, 820, 90)","(1092.0, 820.0, 90)"
2446,815,1,XDL_XM3_XM4,0.0,0.0,0.0,"(529, 1181, 90)","(529.0, 1325.5, 90)"
2447,815,2,XM5,-4366.102276240635,4087.0,77898.08060270369,"(646, 1038, 180)","(646.0, 1038.0, 180)"
2448,816,0,XDP_XM1_XM2,0.0,0.0,0.0,"(487, 441, 0)","(487.0, 441.0, 0)"
2449,816,1,XDL_XM3_XM4,0.0,0.0,0.0,"(529, 416, 0)","(847.5, 416.0, 0)"
2450,816,2,XM5,-2811.404673171563,2710.0,10282.907741031502,"(185, 541, 0)","(76.5, 541.0, 0)"
2451,817,0,XDL_XM3_XM4,0.0,0.0,0.0,"(899, 678, 90)","(899.0, 678.0, 90)"
2452,817,1,XDP_XM1_XM2,0.0,0.0,0.0,"(348, 518, 90)","(348.0, 518.0, 90)"
2453,817,2,XM5,-6509.945634602677,6162.0,121066.16463905985,"(1364, 1358, 270)","(1364.0, 1358.0, 270)"
2454,818,0,XM5,0.0,0.0,0.0,"(259, 507, 90)","(259.0, 507.0, 90)"
2455,818,1,XDP_XM1_XM2,0.0,0.0,0.0,"(371, 63, 270)","(371.0, 63.0, 270)"
2456,818,2,XDL_XM3_XM4,-5022.606576901596,4753.0,72687.70630859632,"(646, 919, 180)","(646.0, 919.0, 180)"
2457,819,0,XDP_XM1_XM2,0.0,0.0,0.0,"(313, 695, 180)","(313.0, 695.0, 180)"
2458,819,1,XDL_XM3_XM4,0.0,0.0,0.0,"(92, 109, 0)","(92.0, 109.0, 0)"
2459,819,2,XM5,-3707.277756592474,3524.0,33590.73606157004,"(82, 946, 0)","(82.0, 974.0, 0)"
2460,820,0,XM5,0.0,0.0,0.0,"(632, 1372, 270)","(632.0, 1372.0, 270)"
2461,820,1,XDP_XM1_XM2,0.0,0.0,0.0,"(1368, 1145, 270)","(1368.0, 1145.0, 270)"
2462,820,2,XDL_XM3_XM4,-4598.78579737876,4401.0,39119.22164475201,"(1556, 496, 0)","(1556.0, 496.0, 0)"
2463,821,0,XM5,0.0,0.0,0.0,"(172, 106, 180)","(172.0, 106.0, 180)"
2464,821,1,XDP_XM1_XM2,0.0,0.0,0.0,"(993, 1541, 180)","(993.0, 1541.0, 180)"
2465,821,2,XDL_XM3_XM4,-7937.375618720221,7595.0,117221.06429405377,"(1117, 624, 0)","(1117.0, 624.0, 0)"
2466,822,0,XM5,0.0,0.0,0.0,"(1185, 1552, 0)","(1185.0, 1791.0, 0)"
2467,822,1,XDP_XM1_XM2,0.0,0.0,0.0,"(260, 12, 180)","(260.0, 12.0, 180)"
2468,822,2,XDL_XM3_XM4,-10741.82578704621,10159.0,339685.8980460329,"(1155, 1283, 180)","(1155.0, 1283.0, 180)"
2469,823,0,XM5,0.0,0.0,0.0,"(1005, 319, 90)","(1005.0, 319.0, 90)"
2470,823,1,XDL_XM3_XM4,0.0,0.0,0.0,"(285, 1185, 180)","(102.5, 1185.0, 180)"
2471,823,2,XDP_XM1_XM2,-4284.870113294646,4122.0,26526.673804610746,"(463, 1076, 0)","(463.0, 1076.0, 0)"
2472,824,0,XDP_XM1_XM2,0.0,0.0,0.0,"(708, 1303, 180)","(708.0, 1303.0, 180)"
2473,824,1,XDL_XM3_XM4,0.0,0.0,0.0,"(299, 917, 90)","(299.0, 917.0, 90)"
2474,824,2,XM5,-4491.544497737029,4234.0,66329.16831461851,"(490, 748, 180)","(490.0, 629.5, 180)"
2475,825,0,XDL_XM3_XM4,0.0,0.0,0.0,"(531, 752, 180)","(531.0, 752.0, 180)"
2476,825,1,XDP_XM1_XM2,0.0,0.0,0.0,"(459, 260, 180)","(459.0, 244.0, 180)"
2477,825,2,XM5,-4282.598625259853,4049.0,54568.31772329352,"(868, 902, 180)","(877.0, 902.0, 180)"
2478,826,0,XM5,0.0,0.0,0.0,"(287, 1231, 0)","(287.0, 1231.0, 0)"
2479,826,1,XDL_XM3_XM4,0.0,0.0,0.0,"(289, 1298, 180)","(633.0, 1298.0, 180)"
2480,826,2,XDP_XM1_XM2,-4223.336623804833,4016.0,42988.47557078669,"(812, 965, 0)","(812.0, 790.0, 0)"
2481,827,0,XDP_XM1_XM2,0.0,0.0,0.0,"(404, 239, 0)","(404.0, 233.5, 0)"
2482,827,1,XDL_XM3_XM4,0.0,0.0,0.0,"(556, 521, 90)","(556.0, 521.0, 90)"
2483,827,2,XM5,-3615.7132084152686,3380.0,55560.71662141982,"(444, 681, 0)","(444.0, 808.5, 0)"
2484,828,0,XDL_XM3_XM4,0.0,0.0,0.0,"(134, 1376, 180)","(-124.0, 1376.0, 180)"
2485,828,1,XDP_XM1_XM2,0.0,0.0,0.0,"(348, 274, 90)","(348.0, 274.0, 90)"
2486,828,2,XM5,-5972.642585244399,5616.0,127193.93360980836,"(222, 1194, 0)","(222.0, 1194.0, 0)"
2487,829,0,XDL_XM3_XM4,0.0,0.0,0.0,"(993, 978, 0)","(993.0, 978.0, 0)"
2488,829,1,XDP_XM1_XM2,0.0,0.0,0.0,"(1256, 1175, 90)","(1280.5, 1175.0, 90)"
2489,829,2,XM5,-5876.627945725141,5525.0,123642.21221488283,"(606, 20, 180)","(606.0, 20.0, 180)"
2490,830,0,XDP_XM1_XM2,0.0,0.0,0.0,"(1230, 996, 270)","(1230.0, 996.0, 270)"
2491,830,1,XDL_XM3_XM4,0.0,0.0,0.0,"(55, 625, 180)","(55.0, 625.0, 180)"
2492,830,2,XM5,-5638.256045316045,5336.0,91358.71693009527,"(638, 762, 180)","(638.0, 762.0, 180)"
2493,831,0,XDL_XM3_XM4,0.0,0.0,0.0,"(1428, 1423, 270)","(1428.0, 1423.0, 270)"
2494,831,1,XDP_XM1_XM2,0.0,0.0,0.0,"(463, 658, 0)","(463.0, 658.0, 0)"
2495,831,2,XM5,-6492.918409479356,6141.0,123846.5669304801,"(735, 1137, 180)","(735.0, 1137.0, 180)"
2496,832,0,XDL_XM3_XM4,0.0,0.0,0.0,"(1525, 534, 180)","(1636.0, 534.0, 180)"
2497,832,1,XM5,0.0,0.0,0.0,"(1290, 588, 180)","(1290.0, 588.0, 180)"
2498,832,2,XDP_XM1_XM2,-4047.8124726880665,3870.0,31617.27544344437,"(1153, 709, 90)","(952.5, 709.0, 90)"
2499,833,0,XDL_XM3_XM4,0.0,0.0,0.0,"(554, 773, 270)","(554.0, 630.0, 270)"
2500,833,1,XDP_XM1_XM2,0.0,0.0,0.0,"(414, 1334, 90)","(414.0, 1334.0, 90)"
2501,833,2,XM5,-5029.264593248087,4747.0,79673.30060150806,"(862, 976, 270)","(862.0, 976.0, 270)"
2502,834,0,XDP_XM1_XM2,0.0,0.0,0.0,"(75, 119, 180)","(75.0, 119.0, 180)"
2503,834,1,XDL_XM3_XM4,0.0,0.0,0.0,"(974, 723, 90)","(974.0, 723.0, 90)"
2504,834,2,XM5,-9312.591694387393,8806.0,256635.14482228868,"(1228, 1555, 270)","(1228.0, 1555.0, 270)"
2505,835,0,XDP_XM1_XM2,0.0,0.0,0.0,"(1326, 346, 90)","(1326.0, 346.0, 90)"
2506,835,1,XM5,0.0,0.0,0.0,"(1358, 977, 0)","(1358.0, 977.0, 0)"
2507,835,2,XDL_XM3_XM4,-3774.493898379245,3619.0,24178.352433174947,"(761, 652, 180)","(761.0, 652.0, 180)"
2508,836,0,XDL_XM3_XM4,0.0,0.0,0.0,"(415, 1507, 0)","(415.0, 1507.0, 0)"
2509,836,1,XDP_XM1_XM2,0.0,0.0,0.0,"(111, 904, 180)","(111.0, 768.0, 180)"
2510,836,2,XM5,-3721.0421671611302,3532.0,35736.9409649768,"(8, 1047, 180)","(8.0, 1047.0, 180)"
2511,837,0,XM5,0.0,0.0,0.0,"(817, 1424, 90)","(817.0, 1424.0, 90)"
2512,837,1,XDL_XM3_XM4,0.0,0.0,0.0,"(68, 229, 180)","(68.0, 229.0, 180)"
2513,837,2,XDP_XM1_XM2,-6574.351643435813,6337.0,56335.80264168126,"(1221, 535, 180)","(1221.0, 535.0, 180)"
2514,838,0,XM5,0.0,0.0,0.0,"(1240, 1245, 180)","(1240.0, 1245.0, 180)"
2515,838,1,XDL_XM3_XM4,0.0,0.0,0.0,"(315, 860, 270)","(315.0, 860.0, 270)"
2516,838,2,XDP_XM1_XM2,-6048.773274548601,5783.0,70635.4334642859,"(764, 364, 0)","(764.0, 364.0, 0)"
2517,839,0,XDL_XM3_XM4,0.0,0.0,0.0,"(270, 1387, 90)","(270.0, 1387.0, 90)"
2518,839,1,XM5,0.0,0.0,0.0,"(1450, 775, 90)","(1450.0, 775.0, 90)"
2519,839,2,XDP_XM1_XM2,-5287.452731254137,5029.0,66797.81429272317,"(218, 1310, 180)","(218.0, 1099.5, 180)"
2520,840,0,XDL_XM3_XM4,0.0,0.0,0.0,"(355, 113, 90)","(355.0, 113.0, 90)"
2521,840,1,XDP_XM1_XM2,0.0,0.0,0.0,"(1262, 1145, 90)","(1262.0, 1145.0, 90)"
2522,840,2,XM5,-6820.643269027601,6448.0,138863.0059515766,"(859, 592, 90)","(859.0, 592.0, 90)"
2523,841,0,XDP_XM1_XM2,0.0,0.0,0.0,"(375, 1006, 90)","(375.0, 975.0, 90)"
2524,841,1,XM5,0.0,0.0,0.0,"(485, 1327, 0)","(485.0, 1327.0, 0)"
2525,841,2,XDL_XM3_XM4,-3022.377277203138,2899.0,15221.95253005995,"(893, 1032, 180)","(893.0, 1032.0, 180)"
2526,842,0,XDL_XM3_XM4,0.0,0.0,0.0,"(96, 1333, 180)","(96.0, 1333.0, 180)"
2527,842,1,XDP_XM1_XM2,0.0,0.0,0.0,"(474, 876, 0)","(474.0, 876.0, 0)"
2528,842,2,XM5,-4758.9146431806,4634.0,15603.668080936583,"(1495, 820, 90)","(1495.0, 820.0, 90)"
2529,843,0,XDP_XM1_XM2,0.0,0.0,0.0,"(649, 868, 270)","(783.5, 868.0, 270)"
2530,843,1,XDL_XM3_XM4,0.0,0.0,0.0,"(751, 1159, 180)","(1071.0, 1159.0, 180)"
2531,843,2,XM5,-3348.2450954804203,3188.0,25678.49062552897,"(446, 958, 0)","(446.0, 958.0, 0)"
2532,844,0,XM5,0.0,0.0,0.0,"(710, 258, 180)","(710.0, 258.0, 180)"
2533,844,1,XDL_XM3_XM4,0.0,0.0,0.0,"(57, 432, 0)","(57.0, 432.0, 0)"
2534,844,2,XDP_XM1_XM2,-6066.023673451535,5739.0,106944.4829977362,"(919, 964, 180)","(919.0, 964.0, 180)"
2535,845,0,XDP_XM1_XM2,0.0,0.0,0.0,"(1553, 200, 0)","(1553.0, 200.0, 0)"
2536,845,1,XM5,0.0,0.0,0.0,"(1473, 712, 90)","(1473.0, 712.0, 90)"
2537,845,2,XDL_XM3_XM4,-7136.74530020592,6839.0,88652.26379471333,"(180, 1209, 180)","(180.0, 1209.0, 180)"
2538,846,0,XDL_XM3_XM4,0.0,0.0,0.0,"(1121, 508, 180)","(1121.0, 508.0, 180)"
2539,846,1,XDP_XM1_XM2,0.0,0.0,0.0,"(226, 1018, 270)","(226.0, 1018.0, 270)"
2540,846,2,XM5,-6211.806572753029,5836.0,141230.5801243781,"(1069, 322, 90)","(833.5, 322.0, 90)"
2541,847,0,XDP_XM1_XM2,0.0,0.0,0.0,"(1384, 729, 90)","(1384.0, 729.0, 90)"
2542,847,1,XDL_XM3_XM4,0.0,0.0,0.0,"(248, 855, 0)","(248.0, 855.0, 0)"
2543,847,2,XM5,-7190.0124722495075,6803.0,149778.65367667552,"(347, 305, 0)","(347.0, 305.0, 0)"
2544,848,0,XDL_XM3_XM4,0.0,0.0,0.0,"(1180, 188, 90)","(1180.0, 188.0, 90)"
2545,848,1,XDP_XM1_XM2,0.0,0.0,0.0,"(327, 462, 180)","(327.0, 462.0, 180)"
2546,848,2,XM5,-6945.62882185487,6678.0,71625.1862874257,"(1282, 1552, 90)","(1282.0, 1552.0, 90)"
2547,849,0,XDL_XM3_XM4,0.0,0.0,0.0,"(542, 784, 0)","(542.0, 784.0, 0)"
2548,849,1,XM5,0.0,0.0,0.0,"(259, 1394, 270)","(259.0, 1394.0, 270)"
2549,849,2,XDP_XM1_XM2,-5663.15264113222,5379.0,80742.72346241612,"(1249, 1141, 0)","(1249.0, 1141.0, 0)"
2550,850,0,XDP_XM1_XM2,0.0,0.0,0.0,"(333, 1427, 90)","(333.0, 1427.0, 90)"
2551,850,1,XM5,0.0,0.0,0.0,"(1428, 116, 0)","(1428.0, 116.0, 0)"
2552,850,2,XDL_XM3_XM4,-8704.83647248607,8236.0,219807.63793318145,"(633, 677, 180)","(633.0, 677.0, 180)"
2553,851,0,XM5,0.0,0.0,0.0,"(1468, 1161, 90)","(1468.0, 1161.0, 90)"
2554,851,1,XDP_XM1_XM2,0.0,0.0,0.0,"(1265, 678, 180)","(1265.0, 678.0, 180)"
2555,851,2,XDL_XM3_XM4,-3914.2998273525527,3735.0,32148.428088655175,"(1081, 1484, 270)","(1081.0, 1507.0, 270)"
2556,852,0,XM5,0.0,0.0,0.0,"(958, 1002, 180)","(958.0, 1002.0, 180)"
2557,852,1,XDP_XM1_XM2,0.0,0.0,0.0,"(961, 889, 180)","(961.0, 723.0, 180)"
2558,852,2,XDL_XM3_XM4,-3580.437519348219,3356.0,50372.20009118227,"(1342, 1167, 180)","(1342.0, 1167.0, 180)"
2559,853,0,XDP_XM1_XM2,0.0,0.0,0.0,"(249, 780, 180)","(222.5, 780.0, 180)"
2560,853,1,XDL_XM3_XM4,0.0,0.0,0.0,"(851, 1244, 90)","(851.0, 1244.0, 90)"
2561,853,2,XM5,-4105.492286398217,3858.0,61252.43182661742,"(633, 838, 0)","(633.0, 838.0, 0)"
2562,854,0,XDP_XM1_XM2,0.0,0.0,0.0,"(768, 1214, 180)","(768.0, 1214.0, 180)"
2563,854,1,XDL_XM3_XM4,0.0,0.0,0.0,"(669, 154, 180)","(669.0, 154.0, 180)"
2564,854,2,XM5,-4263.790653839194,4150.0,12948.312901151443,"(1170, 1356, 180)","(1178.5, 1356.0, 180)"
2565,855,0,XM5,0.0,0.0,0.0,"(957, 1102, 270)","(957.0, 1102.0, 270)"
2566,855,1,XDP_XM1_XM2,0.0,0.0,0.0,"(1268, 599, 0)","(1268.0, 599.0, 0)"
2567,855,2,XDL_XM3_XM4,-4612.336076893103,4419.0,37378.838628416124,"(675, 49, 90)","(675.0, 49.0, 90)"
2568,856,0,XM5,0.0,0.0,0.0,"(1298, 1414, 90)","(1298.0, 1414.0, 90)"
2569,856,1,XDP_XM1_XM2,0.0,0.0,0.0,"(253, 1039, 180)","(253.0, 988.0, 180)"
2570,856,2,XDL_XM3_XM4,-4850.84071402755,4620.0,53287.43525274928,"(312, 1496, 180)","(312.0, 1496.0, 180)"
2571,857,0,XM5,0.0,0.0,0.0,"(1498, 514, 180)","(1498.0, 514.0, 180)"
2572,857,1,XDP_XM1_XM2,0.0,0.0,0.0,"(357, 757, 180)","(357.0, 757.0, 180)"
2573,857,2,XDL_XM3_XM4,-5915.742760536838,5562.0,125133.94063222317,"(1140, 742, 180)","(1140.0, 742.0, 180)"
2574,858,0,XM5,0.0,0.0,0.0,"(286, 1417, 0)","(286.0, 1417.0, 0)"
2575,858,1,XDL_XM3_XM4,0.0,0.0,0.0,"(914, 630, 90)","(914.0, 630.0, 90)"
2576,858,2,XDP_XM1_XM2,-4139.254546470807,3969.0,28986.61059398024,"(56, 1306, 180)","(56.0, 1138.0, 180)"
2577,859,0,XDP_XM1_XM2,0.0,0.0,0.0,"(968, 938, 0)","(968.0, 938.0, 0)"
2578,859,1,XDL_XM3_XM4,0.0,0.0,0.0,"(1226, 396, 180)","(1226.0, 396.0, 180)"
2579,859,2,XM5,-4132.159107842919,3930.0,40868.30488384501,"(286, 981, 0)","(286.0, 981.0, 0)"
2580,860,0,XDP_XM1_XM2,0.0,0.0,0.0,"(1334, 1472, 0)","(1334.0, 1472.0, 0)"
2581,860,1,XM5,0.0,0.0,0.0,"(13, 615, 90)","(13.0, 615.0, 90)"
2582,860,2,XDL_XM3_XM4,-8670.204121023071,8216.0,206301.38355434005,"(802, 385, 0)","(802.0, 385.0, 0)"
2583,861,0,XDL_XM3_XM4,0.0,0.0,0.0,"(1378, 1302, 90)","(1378.0, 1302.0, 90)"
2584,861,1,XDP_XM1_XM2,0.0,0.0,0.0,"(824, 974, 90)","(824.0, 974.0, 90)"
2585,861,2,XM5,-4609.215548100981,4332.0,76848.46010892742,"(1334, 862, 0)","(1334.0, 862.0, 0)"
2586,862,0,XDL_XM3_XM4,0.0,0.0,0.0,"(1241, 1097, 90)","(1241.0, 1097.0, 90)"
2587,862,1,XM5,0.0,0.0,0.0,"(738, 1031, 90)","(733.0, 1031.0, 90)"
2588,862,2,XDP_XM1_XM2,-4905.069027310383,4653.0,63538.79452920248,"(1315, 463, 90)","(1315.0, 463.0, 90)"
2589,863,0,XM5,0.0,0.0,0.0,"(717, 632, 180)","(717.0, 632.0, 180)"
2590,863,1,XDL_XM3_XM4,0.0,0.0,0.0,"(352, 246, 180)","(271.5, 246.0, 180)"
2591,863,2,XDP_XM1_XM2,-2896.532995874149,2761.0,18369.192970622138,"(632, 230, 180)","(632.0, 230.0, 180)"
2592,864,0,XDP_XM1_XM2,0.0,0.0,0.0,"(979, 318, 0)","(979.0, 318.0, 0)"
2593,864,1,XM5,0.0,0.0,0.0,"(283, 483, 90)","(283.0, 483.0, 90)"
2594,864,2,XDL_XM3_XM4,-6492.326727010356,6167.0,105837.47930727073,"(357, 1477, 180)","(357.0, 1477.0, 180)"
2595,865,0,XDL_XM3_XM4,0.0,0.0,0.0,"(725, 13, 90)","(725.0, 13.0, 90)"
2596,865,1,XM5,0.0,0.0,0.0,"(505, 1143, 90)","(505.0, 1143.0, 90)"
2597,865,2,XDP_XM1_XM2,-4070.9189634456784,3889.0,33094.509261150066,"(395, 445, 270)","(395.0, 445.0, 270)"
2598,866,0,XDL_XM3_XM4,0.0,0.0,0.0,"(1352, 134, 0)","(1352.0, 134.0, 0)"
2599,866,1,XM5,0.0,0.0,0.0,"(942, 1106, 90)","(942.0, 1106.0, 90)"
2600,866,2,XDP_XM1_XM2,-3732.412942091546,3597.0,18336.664885888436,"(938, 437, 180)","(938.0, 437.0, 180)"
2601,867,0,XM5,0.0,0.0,0.0,"(665, 474, 90)","(665.0, 793.0, 90)"
2602,867,1,XDL_XM3_XM4,0.0,0.0,0.0,"(538, 447, 270)","(538.0, 447.0, 270)"
2603,867,2,XDP_XM1_XM2,-3604.978966523751,3424.0,32753.38632400494,"(123, 592, 180)","(123.0, 734.5, 180)"
2604,868,0,XM5,0.0,0.0,0.0,"(765, 1017, 180)","(765.0, 1017.0, 180)"
2605,868,1,XDL_XM3_XM4,0.0,0.0,0.0,"(1322, 1175, 180)","(1322.0, 1175.0, 180)"
2606,868,2,XDP_XM1_XM2,-4135.236106954011,4032.0,10657.693779019952,"(535, 1024, 90)","(427.5, 1024.0, 90)"
2607,869,0,XM5,0.0,0.0,0.0,"(206, 973, 270)","(206.0, 973.0, 270)"
2608,869,1,XDP_XM1_XM2,0.0,0.0,0.0,"(912, 947, 180)","(912.0, 947.0, 180)"
2609,869,2,XDL_XM3_XM4,-4062.1659267839113,3806.0,65620.98204506017,"(509, 1165, 0)","(509.0, 1165.0, 0)"
2610,870,0,XDP_XM1_XM2,0.0,0.0,0.0,"(1371, 961, 90)","(1438.5, 961.0, 90)"
2611,870,1,XM5,0.0,0.0,0.0,"(1101, 947, 0)","(1101.0, 947.0, 0)"
2612,870,2,XDL_XM3_XM4,-4100.648361631989,3877.0,50018.5896606732,"(805, 574, 0)","(755.0, 574.0, 0)"
2613,871,0,XDL_XM3_XM4,0.0,0.0,0.0,"(383, 1385, 90)","(383.0, 1385.0, 90)"
2614,871,1,XDP_XM1_XM2,0.0,0.0,0.0,"(1261, 365, 0)","(1261.0, 365.0, 0)"
2615,871,2,XM5,-7600.321906301897,7209.0,153132.83435175085,"(1036, 1275, 90)","(1036.0, 1275.0, 90)"
2616,872,0,XDL_XM3_XM4,0.0,0.0,0.0,"(1333, 360, 90)","(1333.0, 360.0, 90)"
2617,872,1,XM5,0.0,0.0,0.0,"(459, 1127, 90)","(459.0, 1127.0, 90)"
2618,872,2,XDP_XM1_XM2,-4522.337089900857,4337.0,34349.8368929182,"(1391, 803, 0)","(1391.0, 803.0, 0)"
2619,873,0,XDP_XM1_XM2,0.0,0.0,0.0,"(851, 30, 180)","(983.5, 30.0, 180)"
2620,873,1,XDL_XM3_XM4,0.0,0.0,0.0,"(623, 325, 180)","(623.0, 325.0, 180)"
2621,873,2,XM5,-4813.034154223446,4532.0,78980.19584008776,"(599, 927, 180)","(599.0, 927.0, 180)"
2622,874,0,XDL_XM3_XM4,0.0,0.0,0.0,"(624, 132, 90)","(624.0, 132.0, 90)"
2623,874,1,XM5,0.0,0.0,0.0,"(1137, 374, 0)","(1137.0, 419.5, 0)"
2624,874,2,XDP_XM1_XM2,-3271.2998402411827,3095.0,31081.633669066567,"(1263, 92, 180)","(1263.0, 92.0, 180)"
2625,875,0,XDL_XM3_XM4,0.0,0.0,0.0,"(405, 644, 180)","(405.0, 644.0, 180)"
2626,875,1,XDP_XM1_XM2,0.0,0.0,0.0,"(1016, 1277, 270)","(1016.0, 1277.0, 270)"
2627,875,2,XM5,-5908.348511701185,5602.0,93849.41062153099,"(925, 195, 90)","(925.0, 195.0, 90)"
2628,876,0,XDP_XM1_XM2,0.0,0.0,0.0,"(1412, 975, 180)","(1412.0, 953.5, 180)"
2629,876,1,XM5,0.0,0.0,0.0,"(666, 621, 180)","(666.0, 621.0, 180)"
2630,876,2,XDL_XM3_XM4,-4746.776414341786,4501.0,60406.04584670541,"(1058, 1241, 90)","(1058.0, 1241.0, 90)"
2631,877,0,XM5,0.0,0.0,0.0,"(191, 1400, 90)","(191.0, 1400.0, 90)"
2632,877,1,XDL_XM3_XM4,0.0,0.0,0.0,"(647, 676, 0)","(647.0, 676.0, 0)"
2633,877,2,XDP_XM1_XM2,-6451.364977755852,6193.0,66752.46173078187,"(1332, 1050, 180)","(1332.0, 1050.0, 180)"
2634,878,0,XM5,0.0,0.0,0.0,"(754, 85, 270)","(754.0, 85.0, 270)"
2635,878,1,XDP_XM1_XM2,0.0,0.0,0.0,"(75, 1256, 270)","(75.0, 1256.0, 270)"
2636,878,2,XDL_XM3_XM4,-7464.489716266899,7207.0,66300.95398320847,"(1547, 1213, 0)","(1547.0, 1213.0, 0)"
2637,879,0,XM5,0.0,0.0,0.0,"(1397, 512, 90)","(1397.0, 512.0, 90)"
2638,879,1,XDP_XM1_XM2,0.0,0.0,0.0,"(63, 908, 90)","(-111.0, 908.0, 90)"
2639,879,2,XDL_XM3_XM4,-6426.44950092933,6073.0,124926.54970719219,"(397, 846, 90)","(397.0, 846.0, 90)"
2640,880,0,XM5,0.0,0.0,0.0,"(243, 994, 270)","(243.0, 994.0, 270)"
2641,880,1,XDP_XM1_XM2,0.0,0.0,0.0,"(168, 104, 90)","(168.0, 104.0, 90)"
2642,880,2,XDL_XM3_XM4,-4505.526756308768,4296.0,43901.461609274076,"(601, 340, 180)","(601.0, 340.0, 180)"
2643,881,0,XM5,0.0,0.0,0.0,"(1244, 1462, 180)","(1244.0, 1486.5, 180)"
2644,881,1,XDP_XM1_XM2,0.0,0.0,0.0,"(345, 1469, 180)","(345.0, 1469.0, 180)"
2645,881,2,XDL_XM3_XM4,-4572.188521769558,4434.5,18958.129027086063,"(1062, 1199, 90)","(1062.0, 1199.0, 90)"
2646,882,0,XDL_XM3_XM4,0.0,0.0,0.0,"(5, 652, 90)","(5.0, 652.0, 90)"
2647,882,1,XM5,0.0,0.0,0.0,"(373, 1184, 90)","(373.0, 1184.0, 90)"
2648,882,2,XDP_XM1_XM2,-8070.4188846915895,7647.0,179283.5519134695,"(1293, 470, 270)","(1293.0, 470.0, 270)"
2649,883,0,XM5,0.0,0.0,0.0,"(639, 841, 0)","(639.0, 841.0, 0)"
2650,883,1,XDP_XM1_XM2,0.0,0.0,0.0,"(1533, 1029, 180)","(1533.0, 1029.0, 180)"
2651,883,2,XDL_XM3_XM4,-6777.523968326409,6451.0,106617.90189162572,"(405, 1355, 90)","(405.0, 1355.0, 90)"
2652,884,0,XDP_XM1_XM2,0.0,0.0,0.0,"(1445, 654, 0)","(1445.0, 654.0, 0)"
2653,884,1,XDL_XM3_XM4,0.0,0.0,0.0,"(1351, 162, 270)","(1351.0, 162.0, 270)"
2654,884,2,XM5,-3716.73397349655,3520.0,38704.25632774125,"(1228, 807, 180)","(1228.0, 933.0, 180)"
2655,885,0,XDP_XM1_XM2,0.0,0.0,0.0,"(284, 653, 90)","(284.0, 653.0, 90)"
2656,885,1,XM5,0.0,0.0,0.0,"(1197, 89, 0)","(1197.0, 89.0, 0)"
2657,885,2,XDL_XM3_XM4,-5566.062299787251,5321.0,60055.53077701627,"(11, 259, 180)","(-3.5, 259.0, 180)"
2658,886,0,XDP_XM1_XM2,0.0,0.0,0.0,"(134, 184, 270)","(134.0, 184.0, 270)"
2659,886,1,XM5,0.0,0.0,0.0,"(461, 650, 270)","(461.0, 650.0, 270)"
2660,886,2,XDL_XM3_XM4,-4006.499236829816,3750.0,65791.85849427784,"(669, 272, 90)","(669.0, 272.0, 90)"
2661,887,0,XM5,0.0,0.0,0.0,"(418, 900, 270)","(418.0, 900.0, 270)"
2662,887,1,XDP_XM1_XM2,0.0,0.0,0.0,"(1342, 593, 180)","(1551.5, 593.0, 180)"
2663,887,2,XDL_XM3_XM4,-4618.70357697738,4405.0,45669.21881292697,"(1191, 666, 180)","(1191.0, 666.0, 180)"
2664,888,0,XDL_XM3_XM4,0.0,0.0,0.0,"(505, 831, 180)","(505.0, 831.0, 180)"
2665,888,1,XM5,0.0,0.0,0.0,"(1320, 1341, 180)","(1320.0, 1341.0, 180)"
2666,888,2,XDP_XM1_XM2,-3904.2978385535152,3788.0,13525.187252219528,"(467, 1085, 180)","(467.0, 1339.0, 180)"
2667,889,0,XDP_XM1_XM2,0.0,0.0,0.0,"(281, 1158, 0)","(281.0, 1158.0, 0)"
2668,889,1,XDL_XM3_XM4,0.0,0.0,0.0,"(427, 400, 270)","(427.0, 400.0, 270)"
2669,889,2,XM5,-5801.294895085036,5458.0,117851.38499144562,"(1040, 693, 0)","(1040.0, 693.0, 0)"
2670,890,0,XDP_XM1_XM2,0.0,0.0,0.0,"(412, 917, 270)","(239.5, 917.0, 270)"
2671,890,1,XDL_XM3_XM4,0.0,0.0,0.0,"(527, 775, 180)","(527.0, 775.0, 180)"
2672,890,2,XM5,-3962.316038917872,3672.0,84283.40245296343,"(789, 557, 180)","(873.0, 557.0, 180)"
2673,891,0,XDP_XM1_XM2,0.0,0.0,0.0,"(1339, 863, 0)","(1339.0, 863.0, 0)"
2674,891,1,XDL_XM3_XM4,0.0,0.0,0.0,"(61, 752, 180)","(61.0, 752.0, 180)"
2675,891,2,XM5,-5413.650179535568,5173.0,57912.50891050127,"(659, 906, 90)","(659.0, 906.0, 90)"
2676,892,0,XDL_XM3_XM4,0.0,0.0,0.0,"(1048, 1524, 270)","(1048.0, 1524.0, 270)"
2677,892,1,XM5,0.0,0.0,0.0,"(376, 360, 90)","(376.0, 360.0, 90)"
2678,892,2,XDP_XM1_XM2,-4564.89835499916,4390.0,30589.4345814123,"(734, 936, 90)","(734.0, 936.0, 90)"
2679,893,0,XDP_XM1_XM2,0.0,0.0,0.0,"(1457, 288, 0)","(1457.0, 288.0, 0)"
2680,893,1,XDL_XM3_XM4,0.0,0.0,0.0,"(600, 1250, 90)","(600.0, 1250.0, 90)"
2681,893,2,XM5,-8004.18608322316,7583.0,177397.71670086612,"(279, 670, 270)","(279.0, 670.0, 270)"
2682,894,0,XM5,0.0,0.0,0.0,"(1507, 338, 0)","(1507.0, 338.0, 0)"
2683,894,1,XDP_XM1_XM2,0.0,0.0,0.0,"(668, 676, 180)","(668.0, 676.0, 180)"
2684,894,2,XDL_XM3_XM4,-4925.561983091571,4602.0,104692.3569021499,"(1134, 538, 180)","(1134.0, 538.0, 180)"
2685,895,0,XM5,0.0,0.0,0.0,"(326, 872, 270)","(326.0, 872.0, 270)"
2686,895,1,XDP_XM1_XM2,0.0,0.0,0.0,"(1554, 139, 180)","(1554.0, 139.0, 180)"
2687,895,2,XDL_XM3_XM4,-6604.2353769640185,6245.0,129050.05606248074,"(916, 435, 270)","(916.0, 435.0, 270)"
2688,896,0,XDL_XM3_XM4,0.0,0.0,0.0,"(236, 1145, 90)","(236.0, 1145.0, 90)"
2689,896,1,XDP_XM1_XM2,0.0,0.0,0.0,"(425, 1018, 90)","(425.0, 784.5, 90)"
2690,896,2,XM5,-3455.905192088083,3238.0,47482.672738944224,"(547, 1095, 90)","(744.0, 1095.0, 90)"
2691,897,0,XDL_XM3_XM4,0.0,0.0,0.0,"(565, 1452, 90)","(565.0, 1452.0, 90)"
2692,897,1,XDP_XM1_XM2,0.0,0.0,0.0,"(991, 944, 90)","(991.0, 944.0, 90)"
2693,897,2,XM5,-3947.5094275206434,3752.0,38223.93624944968,"(992, 749, 90)","(992.0, 533.5, 90)"
2694,898,0,XDL_XM3_XM4,0.0,0.0,0.0,"(700, 1056, 270)","(700.0, 1056.0, 270)"
2695,898,1,XDP_XM1_XM2,0.0,0.0,0.0,"(341, 1267, 90)","(192.0, 1267.0, 90)"
2696,898,2,XM5,-5615.298651469957,5278.0,113770.38028345146,"(528, 301, 180)","(528.0, 301.0, 180)"
2697,899,0,XDP_XM1_XM2,0.0,0.0,0.0,"(498, 917, 0)","(498.0, 917.0, 0)"
2698,899,1,XDL_XM3_XM4,0.0,0.0,0.0,"(1292, 510, 180)","(1292.0, 510.0, 180)"
2699,899,2,XM5,-4477.460044223454,4251.0,51284.15162968868,"(580, 1187, 0)","(580.0, 1196.0, 0)"
2700,900,0,XDP_XM1_XM2,0.0,0.0,0.0,"(343, 1469, 270)","(343.0, 1469.0, 270)"
2701,900,1,XM5,0.0,0.0,0.0,"(173, 743, 180)","(173.0, 505.5, 180)"
2702,900,2,XDL_XM3_XM4,-5015.572066934241,4718.0,88549.13501951618,"(76, 793, 90)","(76.0, 793.0, 90)"
2703,901,0,XDP_XM1_XM2,0.0,0.0,0.0,"(276, 151, 270)","(138.5, 151.0, 270)"
2704,901,1,XDL_XM3_XM4,0.0,0.0,0.0,"(426, 44, 0)","(426.0, 44.0, 0)"
2705,901,2,XM5,-2654.6088293557737,2553.0,10324.35420305077,"(773, 109, 90)","(773.0, 109.0, 90)"
2706,902,0,XDP_XM1_XM2,0.0,0.0,0.0,"(188, 1126, 270)","(188.0, 1126.0, 270)"
2707,902,1,XDL_XM3_XM4,0.0,0.0,0.0,"(1420, 776, 270)","(1420.0, 776.0, 270)"
2708,902,2,XM5,-6094.271700277631,5807.0,82525.02978040115,"(1137, 1114, 0)","(1137.0, 1114.0, 0)"
2709,903,0,XM5,0.0,0.0,0.0,"(560, 692, 0)","(560.0, 692.0, 0)"
2710,903,1,XDP_XM1_XM2,0.0,0.0,0.0,"(1185, 1021, 0)","(1185.0, 1021.0, 0)"
2711,903,2,XDL_XM3_XM4,-5445.703231427924,5107.0,114719.87897971807,"(515, 330, 90)","(515.0, 330.0, 90)"
2712,904,0,XDP_XM1_XM2,0.0,0.0,0.0,"(1483, 476, 180)","(1483.0, 476.0, 180)"
2713,904,1,XDL_XM3_XM4,0.0,0.0,0.0,"(55, 1554, 180)","(55.0, 1554.0, 180)"
2714,904,2,XM5,-7668.349194592605,7302.0,134211.7323786503,"(995, 848, 0)","(995.0, 848.0, 0)"
2715,905,0,XDL_XM3_XM4,0.0,0.0,0.0,"(409, 442, 180)","(409.0, 442.0, 180)"
2716,905,1,XM5,0.0,0.0,0.0,"(467, 114, 180)","(467.0, -66.0, 180)"
2717,905,2,XDP_XM1_XM2,-6020.1435597842465,5722.0,88889.5822408227,"(409, 1350, 0)","(409.0, 1350.0, 0)"
2718,906,0,XDP_XM1_XM2,0.0,0.0,0.0,"(42, 1199, 270)","(42.0, 1199.0, 270)"
2719,906,1,XDL_XM3_XM4,0.0,0.0,0.0,"(1257, 21, 180)","(1257.0, 21.0, 180)"
2720,906,2,XM5,-8109.2043521125215,7750.0,129027.76657657618,"(1167, 1052, 90)","(1167.0, 1052.0, 90)"
2721,907,0,XM5,0.0,0.0,0.0,"(994, 704, 0)","(994.0, 704.0, 0)"
2722,907,1,XDL_XM3_XM4,0.0,0.0,0.0,"(323, 958, 90)","(323.0, 958.0, 90)"
2723,907,2,XDP_XM1_XM2,-4490.201691049483,4284.0,42519.13739166653,"(622, 1402, 0)","(622.0, 1402.0, 0)"
2724,908,0,XDP_XM1_XM2,0.0,0.0,0.0,"(898, 148, 90)","(815.0, 148.0, 90)"
2725,908,1,XM5,0.0,0.0,0.0,"(1553, 141, 180)","(1553.0, 321.5, 180)"
2726,908,2,XDL_XM3_XM4,-4264.71723109939,4110.0,23937.42159906223,"(1323, 34, 90)","(1323.0, 34.0, 90)"
2727,909,0,XM5,0.0,0.0,0.0,"(35, 486, 180)","(35.0, 486.0, 180)"
2728,909,1,XDP_XM1_XM2,0.0,0.0,0.0,"(1008, 748, 180)","(1008.0, 748.0, 180)"
2729,909,2,XDL_XM3_XM4,-4873.375741121416,4675.0,39352.93466547098,"(1040, 1255, 180)","(1040.0, 1256.0, 180)"
2730,910,0,XM5,0.0,0.0,0.0,"(1319, 1248, 180)","(1448.5, 1248.0, 180)"
2731,910,1,XDL_XM3_XM4,0.0,0.0,0.0,"(115, 96, 90)","(115.0, 96.0, 90)"
2732,910,2,XDP_XM1_XM2,-6574.819222462547,6327.0,61414.367021941456,"(1111, 1358, 90)","(1111.0, 1358.0, 90)"
2733,911,0,XM5,0.0,0.0,0.0,"(649, 416, 270)","(649.0, 569.5, 270)"
2734,911,1,XDP_XM1_XM2,0.0,0.0,0.0,"(634, 232, 180)","(634.0, 232.0, 180)"
2735,911,2,XDL_XM3_XM4,-2308.635339768333,2229.0,6341.787340017825,"(968, 271, 0)","(994.5, 271.0, 0)"
2736,912,0,XM5,0.0,0.0,0.0,"(375, 1446, 0)","(504.5, 1446.0, 0)"
2737,912,1,XDP_XM1_XM2,0.0,0.0,0.0,"(167, 1250, 90)","(167.0, 1250.0, 90)"
2738,912,2,XDL_XM3_XM4,-4212.0177912924,4105.0,11452.807653103773,"(50, 196, 90)","(50.0, 196.0, 90)"
2739,913,0,XM5,0.0,0.0,0.0,"(337, 868, 90)","(337.0, 693.5, 90)"
2740,913,1,XDL_XM3_XM4,0.0,0.0,0.0,"(415, 1260, 180)","(415.0, 1260.0, 180)"
2741,913,2,XDP_XM1_XM2,-3891.888760662596,3683.0,43634.514331155224,"(849, 1128, 90)","(849.0, 1128.0, 90)"
2742,914,0,XM5,0.0,0.0,0.0,"(1451, 1060, 270)","(1646.0, 1060.0, 270)"
2743,914,1,XDL_XM3_XM4,0.0,0.0,0.0,"(1138, 1179, 90)","(1138.0, 1179.0, 90)"
2744,914,2,XDP_XM1_XM2,-8510.308224578252,8030.0,230695.99059751286,"(494, 341, 0)","(494.0, 341.0, 0)"
2745,915,0,XDL_XM3_XM4,0.0,0.0,0.0,"(724, 533, 90)","(724.0, 739.5, 90)"
2746,915,1,XDP_XM1_XM2,0.0,0.0,0.0,"(936, 379, 90)","(936.0, 379.0, 90)"
2747,915,2,XM5,-3479.1800834927935,3289.0,36168.464157325994,"(1391, 504, 0)","(1391.0, 504.0, 0)"
2748,916,0,XDP_XM1_XM2,0.0,0.0,0.0,"(1344, 557, 0)","(1344.0, 557.0, 0)"
2749,916,1,XM5,0.0,0.0,0.0,"(419, 1349, 90)","(419.0, 1349.0, 90)"
2750,916,2,XDL_XM3_XM4,-6005.21317375098,5665.0,115745.00359371466,"(902, 789, 180)","(902.0, 789.0, 180)"
2751,917,0,XDL_XM3_XM4,0.0,0.0,0.0,"(1451, 1211, 180)","(1451.0, 1211.0, 180)"
2752,917,1,XM5,0.0,0.0,0.0,"(5, 285, 270)","(5.0, 285.0, 270)"
2753,917,2,XDP_XM1_XM2,-6656.800933101782,6466.0,36404.99607251055,"(232, 1419, 90)","(232.0, 1419.0, 90)"
2754,918,0,XM5,0.0,0.0,0.0,"(983, 670, 180)","(983.0, 670.0, 180)"
2755,918,1,XDP_XM1_XM2,0.0,0.0,0.0,"(1143, 179, 180)","(1143.0, 179.0, 180)"
2756,918,2,XDL_XM3_XM4,-4551.472848295749,4320.0,53579.67949814672,"(1457, 1045, 0)","(1457.0, 1045.0, 0)"
2757,919,0,XDL_XM3_XM4,0.0,0.0,0.0,"(1291, 691, 270)","(1291.0, 691.0, 270)"
2758,919,1,XM5,0.0,0.0,0.0,"(715, 515, 180)","(715.0, 515.0, 180)"
2759,919,2,XDP_XM1_XM2,-6948.622805474524,6541.0,166156.35154292153,"(29, 135, 270)","(29.0, 135.0, 270)"
2760,920,0,XM5,0.0,0.0,0.0,"(768, 738, 180)","(768.0, 738.0, 180)"
2761,920,1,XDL_XM3_XM4,0.0,0.0,0.0,"(1417, 288, 0)","(1568.5, 288.0, 0)"
2762,920,2,XDP_XM1_XM2,-3664.3032624793195,3505.0,25377.52943655492,"(1281, 385, 270)","(1281.0, 385.0, 270)"
2763,921,0,XDL_XM3_XM4,0.0,0.0,0.0,"(1430, 664, 270)","(1430.0, 664.0, 270)"
2764,921,1,XDP_XM1_XM2,0.0,0.0,0.0,"(1323, 1509, 90)","(1323.0, 1509.0, 90)"
2765,921,2,XM5,-5532.771651294067,5350.0,33405.47651675988,"(929, 670, 180)","(863.5, 670.0, 180)"
2766,922,0,XM5,0.0,0.0,0.0,"(786, 1471, 180)","(786.0, 1527.0, 180)"
2767,922,1,XDL_XM3_XM4,0.0,0.0,0.0,"(795, 1019, 180)","(795.0, 1019.0, 180)"
2768,922,2,XDP_XM1_XM2,-5782.467106563253,5395.0,150130.75866849918,"(441, 458, 180)","(441.0, 458.0, 180)"
2769,923,0,XDL_XM3_XM4,0.0,0.0,0.0,"(1290, 1122, 270)","(1290.0, 1313.5, 270)"
2770,923,1,XDP_XM1_XM2,0.0,0.0,0.0,"(519, 870, 90)","(519.0, 870.0, 90)"
2771,923,2,XM5,-5027.385271142357,4746.0,79177.67081585778,"(1080, 1026, 180)","(1080.0, 1026.0, 180)"
2772,924,0,XM5,0.0,0.0,0.0,"(981, 834, 90)","(981.0, 834.0, 90)"
2773,924,1,XDP_XM1_XM2,0.0,0.0,0.0,"(1037, 592, 180)","(1037.0, 496.5, 180)"
2774,924,2,XDL_XM3_XM4,-4124.784500258567,3921.0,41528.12254563384,"(275, 785, 0)","(275.0, 785.0, 0)"
2775,925,0,XDP_XM1_XM2,0.0,0.0,0.0,"(8, 792, 270)","(8.0, 792.0, 270)"
2776,925,1,XDL_XM3_XM4,0.0,0.0,0.0,"(75, 436, 270)","(75.0, 431.5, 270)"
2777,925,2,XM5,-3570.174319320331,3415.0,24079.06937652807,"(64, 1278, 180)","(64.0, 1278.0, 180)"
2778,926,0,XM5,0.0,0.0,0.0,"(1052, 261, 180)","(1052.0, 261.0, 180)"
2779,926,1,XDP_XM1_XM2,0.0,0.0,0.0,"(426, 0, 180)","(426.0, 0.0, 180)"
2780,926,2,XDL_XM3_XM4,-4646.395478200216,4417.0,52622.28541870569,"(219, 746, 0)","(219.0, 746.0, 0)"
2781,927,0,XM5,0.0,0.0,0.0,"(1009, 1282, 90)","(1009.0, 1282.0, 90)"
2782,927,1,XDP_XM1_XM2,0.0,0.0,0.0,"(228, 923, 180)","(228.0, 923.0, 180)"
2783,927,2,XDL_XM3_XM4,-6549.420999346806,6280.0,72587.67488903136,"(1432, 424, 180)","(1432.0, 424.0, 180)"
2784,928,0,XDL_XM3_XM4,0.0,0.0,0.0,"(716, 123, 270)","(566.0, 123.0, 270)"
2785,928,1,XM5,0.0,0.0,0.0,"(1074, 84, 90)","(1074.0, 84.0, 90)"
2786,928,2,XDP_XM1_XM2,-7530.411819936262,7094.0,190455.27658008065,"(1461, 905, 180)","(1461.0, 905.0, 180)"
2787,929,0,XDP_XM1_XM2,0.0,0.0,0.0,"(1111, 1422, 180)","(1156.0, 1422.0, 180)"
2788,929,1,XM5,0.0,0.0,0.0,"(804, 1430, 90)","(804.0, 1430.0, 90)"
2789,929,2,XDL_XM3_XM4,-4987.501814165526,4738.0,62251.155271889016,"(256, 1022, 0)","(256.0, 1022.0, 0)"
2790,930,0,XDL_XM3_XM4,0.0,0.0,0.0,"(1341, 1374, 180)","(1341.0, 1374.0, 180)"
2791,930,1,XDP_XM1_XM2,0.0,0.0,0.0,"(297, 1070, 90)","(297.0, 1070.0, 90)"
2792,930,2,XM5,-6303.948721071397,6045.0,67054.44014451223,"(890, 549, 90)","(890.0, 549.0, 90)"
2793,931,0,XDL_XM3_XM4,0.0,0.0,0.0,"(515, 745, 270)","(515.0, 854.5, 270)"
2794,931,1,XM5,0.0,0.0,0.0,"(368, 567, 0)","(368.0, 567.0, 0)"
2795,931,2,XDP_XM1_XM2,-5167.944908550813,4875.0,85816.71944584444,"(780, 12, 0)","(780.0, 12.0, 0)"
2796,932,0,XM5,0.0,0.0,0.0,"(227, 1115, 90)","(227.0, 1115.0, 90)"
2797,932,1,XDP_XM1_XM2,0.0,0.0,0.0,"(1550, 1382, 180)","(1628.5, 1382.0, 180)"
2798,932,2,XDL_XM3_XM4,-6039.345876473161,5706.0,111119.47336166014,"(1268, 1220, 0)","(1268.0, 1220.0, 0)"
2799,933,0,XDP_XM1_XM2,0.0,0.0,0.0,"(576, 171, 90)","(576.0, 171.0, 90)"
2800,933,1,XM5,0.0,0.0,0.0,"(1428, 705, 90)","(1428.0, 705.0, 90)"
2801,933,2,XDL_XM3_XM4,-8320.381519170776,7854.0,217511.72142404155,"(1414, 1404, 180)","(1414.0, 1404.0, 180)"
2802,934,0,XM5,0.0,0.0,0.0,"(1283, 1184, 90)","(1283.0, 1184.0, 90)"
2803,934,1,XDL_XM3_XM4,0.0,0.0,0.0,"(114, 61, 180)","(114.0, 61.0, 180)"
2804,934,2,XDP_XM1_XM2,-5411.089527635878,5199.0,44981.967732809906,"(1189, 557, 180)","(1189.0, 557.0, 180)"
2805,935,0,XDL_XM3_XM4,0.0,0.0,0.0,"(438, 663, 0)","(438.0, 663.0, 0)"
2806,935,1,XM5,0.0,0.0,0.0,"(1272, 1348, 270)","(1272.0, 1348.0, 270)"
2807,935,2,XDP_XM1_XM2,-5373.96009535166,5181.0,37233.598398121685,"(246, 1470, 180)","(246.0, 1470.0, 180)"
2808,936,0,XDL_XM3_XM4,0.0,0.0,0.0,"(410, 543, 180)","(410.0, 543.0, 180)"
2809,936,1,XM5,0.0,0.0,0.0,"(1167, 1330, 90)","(1167.0, 1330.0, 90)"
2810,936,2,XDP_XM1_XM2,-4553.678648006223,4425.0,16558.194452709486,"(1382, 849, 90)","(1382.0, 849.0, 90)"
2811,937,0,XDL_XM3_XM4,0.0,0.0,0.0,"(768, 360, 90)","(768.0, 360.0, 90)"
2812,937,1,XDP_XM1_XM2,0.0,0.0,0.0,"(819, 961, 270)","(819.0, 961.0, 270)"
2813,937,2,XM5,-3251.885320344318,3171.0,6542.435047202967,"(554, 947, 0)","(481.5, 947.0, 0)"
2814,938,0,XDP_XM1_XM2,0.0,0.0,0.0,"(1355, 244, 180)","(1456.5, 244.0, 180)"
2815,938,1,XM5,0.0,0.0,0.0,"(1, 1485, 180)","(1.0, 1485.0, 180)"
2816,938,2,XDL_XM3_XM4,-7518.608114244572,7182.0,113305.0225752868,"(1096, 449, 180)","(1096.0, 449.0, 180)"
2817,939,0,XDP_XM1_XM2,0.0,0.0,0.0,"(227, 385, 0)","(227.0, 331.0, 0)"
2818,939,1,XM5,0.0,0.0,0.0,"(1112, 942, 0)","(1112.0, 942.0, 0)"
2819,939,2,XDL_XM3_XM4,-5582.34436626045,5257.0,105848.95665741424,"(272, 839, 0)","(272.0, 839.0, 0)"
2820,940,0,XDP_XM1_XM2,0.0,0.0,0.0,"(459, 68, 0)","(459.0, 68.0, 0)"
2821,940,1,XM5,0.0,0.0,0.0,"(497, 693, 90)","(497.0, 693.0, 90)"
2822,940,2,XDL_XM3_XM4,-5248.105049432125,5013.0,55274.38426848193,"(237, 1174, 180)","(209.5, 1174.0, 180)"
2823,941,0,XM5,0.0,0.0,0.0,"(1186, 80, 90)","(1186.0, 80.0, 90)"
2824,941,1,XDP_XM1_XM2,0.0,0.0,0.0,"(589, 789, 270)","(772.5, 789.0, 270)"
2825,941,2,XDL_XM3_XM4,-4063.8891093999814,3893.0,29203.087711518772,"(485, 492, 0)","(485.0, 492.0, 0)"
2826,942,0,XM5,0.0,0.0,0.0,"(556, 1453, 90)","(556.0, 1453.0, 90)"
2827,942,1,XDP_XM1_XM2,0.0,0.0,0.0,"(842, 25, 90)","(842.0, 25.0, 90)"
2828,942,2,XDL_XM3_XM4,-8129.841899388188,7831.0,89306.48082993948,"(1451, 1219, 90)","(1451.0, 1219.0, 90)"
2829,943,0,XDL_XM3_XM4,0.0,0.0,0.0,"(1420, 238, 90)","(1420.0, 238.0, 90)"
2830,943,1,XDP_XM1_XM2,0.0,0.0,0.0,"(1530, 94, 270)","(1530.0, -122.5, 270)"
2831,943,2,XM5,-7018.655467548878,6656.0,131518.9881430951,"(302, 811, 180)","(302.0, 811.0, 180)"
2832,944,0,XDP_XM1_XM2,0.0,0.0,0.0,"(289, 2, 0)","(289.0, 2.0, 0)"
2833,944,1,XM5,0.0,0.0,0.0,"(718, 617, 270)","(718.0, 617.0, 270)"
2834,944,2,XDL_XM3_XM4,-6377.193794807448,6102.0,75731.62470052374,"(180, 1283, 180)","(180.0, 1283.0, 180)"
2835,945,0,XDL_XM3_XM4,0.0,0.0,0.0,"(389, 1360, 180)","(389.0, 1360.0, 180)"
2836,945,1,XM5,0.0,0.0,0.0,"(847, 1548, 0)","(847.0, 1548.0, 0)"
2837,945,2,XDP_XM1_XM2,-5331.611718153105,5006.0,106022.99099861737,"(1150, 877, 180)","(1150.0, 877.0, 180)"
2838,946,0,XM5,0.0,0.0,0.0,"(1550, 1165, 0)","(1550.0, 1165.0, 0)"
2839,946,1,XDL_XM3_XM4,0.0,0.0,0.0,"(1526, 491, 270)","(1526.0, 491.0, 270)"
2840,946,2,XDP_XM1_XM2,-4867.30849548081,4623.0,59686.640964096805,"(1020, 305, 180)","(945.0, 305.0, 180)"
2841,947,0,XM5,0.0,0.0,0.0,"(180, 26, 90)","(180.0, 26.0, 90)"
2842,947,1,XDL_XM3_XM4,0.0,0.0,0.0,"(1554, 644, 0)","(1554.0, 644.0, 0)"
2843,947,2,XDP_XM1_XM2,-6414.739509148824,6129.0,81647.06708861105,"(29, 696, 90)","(29.0, 696.0, 90)"
2844,948,0,XDP_XM1_XM2,0.0,0.0,0.0,"(1299, 120, 90)","(1472.0, 120.0, 90)"
2845,948,1,XDL_XM3_XM4,0.0,0.0,0.0,"(1183, 554, 90)","(1183.0, 554.0, 90)"
2846,948,2,XM5,-2948.6980413905744,2782.0,27788.237003453727,"(1193, 146, 270)","(1193.0, 146.0, 270)"
2847,949,0,XM5,0.0,0.0,0.0,"(114, 202, 90)","(114.0, 202.0, 90)"
2848,949,1,XDL_XM3_XM4,0.0,0.0,0.0,"(438, 89, 0)","(438.0, 89.0, 0)"
2849,949,2,XDP_XM1_XM2,-6749.340192849207,6382.0,134938.81728249256,"(347, 1402, 270)","(347.0, 1402.0, 270)"
2850,950,0,XDP_XM1_XM2,0.0,0.0,0.0,"(1117, 1212, 270)","(1117.0, 1212.0, 270)"
2851,950,1,XDL_XM3_XM4,0.0,0.0,0.0,"(1458, 1303, 180)","(1458.0, 1303.0, 180)"
2852,950,2,XM5,-4763.648563602566,4555.0,43534.22309341418,"(194, 1028, 0)","(194.0, 1028.0, 0)"
2853,951,0,XDL_XM3_XM4,0.0,0.0,0.0,"(1338, 962, 0)","(1338.0, 884.5, 0)"
2854,951,1,XDP_XM1_XM2,0.0,0.0,0.0,"(342, 811, 90)","(342.0, 811.0, 90)"
2855,951,2,XM5,-6426.561159288558,6106.0,102759.45684442444,"(1131, 1451, 90)","(1131.0, 1451.0, 90)"
2856,952,0,XDP_XM1_XM2,0.0,0.0,0.0,"(1482, 427, 270)","(1482.0, 427.0, 270)"
2857,952,1,XM5,0.0,0.0,0.0,"(289, 250, 0)","(289.0, 250.0, 0)"
2858,952,2,XDL_XM3_XM4,-7249.377867307205,6979.0,73104.19112959257,"(756, 1249, 0)","(756.0, 1249.0, 0)"
2859,953,0,XDL_XM3_XM4,0.0,0.0,0.0,"(69, 1371, 0)","(69.0, 1371.0, 0)"
2860,953,1,XM5,0.0,0.0,0.0,"(1216, 1248, 270)","(1216.0, 1248.0, 270)"
2861,953,2,XDP_XM1_XM2,-4337.655561891986,4175.0,26456.83181439749,"(861, 1473, 180)","(861.0, 1473.0, 180)"
2862,954,0,XDP_XM1_XM2,0.0,0.0,0.0,"(1301, 278, 90)","(1301.0, 278.0, 90)"
2863,954,1,XM5,0.0,0.0,0.0,"(489, 1224, 270)","(489.0, 1224.0, 270)"
2864,954,2,XDL_XM3_XM4,-7064.345128081094,6841.0,49883.04623756043,"(1374, 1557, 90)","(1374.0, 1557.0, 90)"
2865,955,0,XDL_XM3_XM4,0.0,0.0,0.0,"(275, 1301, 0)","(275.0, 1301.0, 0)"
2866,955,1,XDP_XM1_XM2,0.0,0.0,0.0,"(1150, 1137, 0)","(1150.0, 1137.0, 0)"
2867,955,2,XM5,-6581.720926883564,6330.0,63363.42503112054,"(45, 457, 90)","(45.0, 457.0, 90)"
2868,956,0,XM5,0.0,0.0,0.0,"(1397, 1075, 180)","(1397.0, 1075.0, 180)"
2869,956,1,XDL_XM3_XM4,0.0,0.0,0.0,"(1349, 1539, 180)","(1349.0, 1583.0, 180)"
2870,956,2,XDP_XM1_XM2,-10362.619899782647,9807.0,308713.47303447925,"(129, 407, 90)","(129.0, 407.0, 90)"
2871,957,0,XDP_XM1_XM2,0.0,0.0,0.0,"(1343, 845, 90)","(1343.0, 845.0, 90)"
2872,957,1,XDL_XM3_XM4,0.0,0.0,0.0,"(971, 831, 180)","(971.0, 831.0, 180)"
2873,957,2,XM5,-3572.582685472966,3476.0,9328.215133169888,"(254, 889, 180)","(254.0, 889.0, 180)"
2874,958,0,XM5,0.0,0.0,0.0,"(1192, 216, 90)","(1519.0, 216.0, 90)"
2875,958,1,XDP_XM1_XM2,0.0,0.0,0.0,"(1167, 223, 180)","(1167.0, 223.0, 180)"
2876,958,2,XDL_XM3_XM4,-3546.441516467276,3459.0,7646.018802096871,"(978, 1104, 270)","(978.0, 1104.0, 270)"
2877,959,0,XDL_XM3_XM4,0.0,0.0,0.0,"(1083, 217, 180)","(1083.0, 217.0, 180)"
2878,959,1,XDP_XM1_XM2,0.0,0.0,0.0,"(1058, 981, 180)","(1058.0, 981.0, 180)"
2879,959,2,XM5,-3559.9992951200215,3422.0,19043.805453622783,"(899, 1211, 0)","(899.0, 1260.0, 0)"
2880,960,0,XM5,0.0,0.0,0.0,"(597, 556, 180)","(597.0, 556.0, 180)"
2881,960,1,XDL_XM3_XM4,0.0,0.0,0.0,"(367, 432, 180)","(251.0, 432.0, 180)"
2882,960,2,XDP_XM1_XM2,-3607.181801082683,3409.0,39276.02628037601,"(725, 826, 90)","(725.0, 908.0, 90)"
2883,961,0,XM5,0.0,0.0,0.0,"(586, 973, 270)","(586.0, 936.5, 270)"
2884,961,1,XDP_XM1_XM2,0.0,0.0,0.0,"(469, 935, 90)","(865.0, 922.0, 90)"
2885,961,2,XDL_XM3_XM4,-3635.875433345672,3421.0,46171.451855490326,"(415, 1503, 0)","(415.0, 1503.0, 0)"
2886,962,0,XDP_XM1_XM2,0.0,0.0,0.0,"(1347, 860, 90)","(1347.0, 860.0, 90)"
2887,962,1,XM5,0.0,0.0,0.0,"(509, 1457, 0)","(509.0, 1457.0, 0)"
2888,962,2,XDL_XM3_XM4,-6570.210035078094,6258.0,97475.1060034648,"(208, 768, 0)","(208.0, 768.0, 0)"
2889,963,0,XDP_XM1_XM2,0.0,0.0,0.0,"(791, 618, 90)","(791.0, 516.5, 90)"
2890,963,1,XM5,0.0,0.0,0.0,"(108, 619, 90)","(108.0, 619.0, 90)"
2891,963,2,XDL_XM3_XM4,-3763.154268869782,3583.0,32455.56059200567,"(732, 877, 90)","(732.0, 877.0, 90)"
2892,964,0,XM5,0.0,0.0,0.0,"(1273, 665, 0)","(1273.0, 551.5, 0)"
2893,964,1,XDL_XM3_XM4,0.0,0.0,0.0,"(1344, 839, 270)","(1344.0, 839.0, 270)"
2894,964,2,XDP_XM1_XM2,-4321.929690247069,4043.0,77801.77210132552,"(1133, 902, 90)","(836.0, 902.0, 90)"
2895,965,0,XM5,0.0,0.0,0.0,"(1424, 290, 90)","(1424.0, 290.0, 90)"
2896,965,1,XDP_XM1_XM2,0.0,0.0,0.0,"(865, 1408, 90)","(865.0, 1408.0, 90)"
2897,965,2,XDL_XM3_XM4,-7581.863853706222,7287.0,86944.69222248383,"(7, 700, 180)","(7.0, 700.0, 180)"
2898,966,0,XDL_XM3_XM4,0.0,0.0,0.0,"(1291, 788, 0)","(1554.5, 788.0, 0)"
2899,966,1,XDP_XM1_XM2,0.0,0.0,0.0,"(1267, 1049, 270)","(1267.0, 1049.0, 270)"
2900,966,2,XM5,-3333.0694889127653,3188.0,21045.15661341096,"(987, 1299, 0)","(929.5, 1299.0, 0)"
2901,967,0,XM5,0.0,0.0,0.0,"(749, 1405, 180)","(749.0, 1405.0, 180)"
2902,967,1,XDL_XM3_XM4,0.0,0.0,0.0,"(1256, 179, 180)","(1256.0, 179.0, 180)"
2903,967,2,XDP_XM1_XM2,-6296.089103208414,6035.0,68167.51981417366,"(306, 612, 180)","(306.0, 612.0, 180)"
2904,968,0,XDP_XM1_XM2,0.0,0.0,0.0,"(1141, 1130, 0)","(1141.0, 1130.0, 0)"
2905,968,1,XDL_XM3_XM4,0.0,0.0,0.0,"(462, 1002, 0)","(462.0, 1002.0, 0)"
2906,968,2,XM5,-4956.190844438272,4688.0,71926.32904051343,"(185, 1112, 180)","(116.0, 1112.0, 180)"
2907,969,0,XDL_XM3_XM4,0.0,0.0,0.0,"(1343, 222, 180)","(1343.0, 222.0, 180)"
2908,969,1,XM5,0.0,0.0,0.0,"(544, 1475, 0)","(544.0, 1475.0, 0)"
2909,969,2,XDP_XM1_XM2,-5227.695504708566,4994.0,54613.588920991344,"(746, 784, 180)","(746.0, 784.0, 180)"
2910,970,0,XDL_XM3_XM4,0.0,0.0,0.0,"(458, 392, 90)","(458.0, 392.0, 90)"
2911,970,1,XM5,0.0,0.0,0.0,"(29, 795, 270)","(29.0, 795.0, 270)"
2912,970,2,XDP_XM1_XM2,-7230.363194651826,6832.0,158693.2348532087,"(836, 1465, 180)","(836.0, 1465.0, 180)"
2913,971,0,XDP_XM1_XM2,0.0,0.0,0.0,"(1385, 884, 90)","(1385.0, 884.0, 90)"
2914,971,1,XM5,0.0,0.0,0.0,"(208, 68, 0)","(208.0, 68.0, 0)"
2915,971,2,XDL_XM3_XM4,-6873.30171377056,6568.0,93209.13643124077,"(1145, 1371, 0)","(1097.5, 1371.0, 0)"
2916,972,0,XM5,0.0,0.0,0.0,"(513, 622, 270)","(513.0, 622.0, 270)"
2917,972,1,XDL_XM3_XM4,0.0,0.0,0.0,"(162, 548, 180)","(162.0, 548.0, 180)"
2918,972,2,XDP_XM1_XM2,-6326.706886735734,5948.0,143418.9060610718,"(942, 1325, 90)","(942.0, 1325.0, 90)"
2919,973,0,XM5,0.0,0.0,0.0,"(236, 354, 90)","(236.0, 354.0, 90)"
2920,973,1,XDL_XM3_XM4,0.0,0.0,0.0,"(890, 56, 180)","(890.0, 56.0, 180)"
2921,973,2,XDP_XM1_XM2,-5184.11442084189,4942.0,58619.39277960371,"(1264, 649, 0)","(1264.0, 649.0, 0)"
2922,974,0,XDP_XM1_XM2,0.0,0.0,0.0,"(1281, 176, 270)","(1281.0, 176.0, 270)"
2923,974,1,XM5,0.0,0.0,0.0,"(49, 139, 180)","(49.0, 139.0, 180)"
2924,974,2,XDL_XM3_XM4,-6781.839269332168,6512.0,72813.23127371869,"(807, 1209, 180)","(807.0, 1209.0, 180)"
2925,975,0,XDP_XM1_XM2,0.0,0.0,0.0,"(845, 732, 0)","(845.0, 732.0, 0)"
2926,975,1,XM5,0.0,0.0,0.0,"(800, 680, 0)","(800.0, 453.0, 0)"
2927,975,2,XDL_XM3_XM4,-3256.217404850568,3128.0,16439.702906614457,"(640, 1338, 180)","(640.0, 1338.0, 180)"
2928,976,0,XM5,0.0,0.0,0.0,"(590, 1523, 90)","(461.5, 1523.0, 90)"
2929,976,1,XDL_XM3_XM4,0.0,0.0,0.0,"(749, 1261, 180)","(749.0, 1261.0, 180)"
2930,976,2,XDP_XM1_XM2,-6231.698386037883,5856.0,141149.2772714706,"(1136, 578, 90)","(1136.0, 578.0, 90)"
2931,977,0,XM5,0.0,0.0,0.0,"(232, 1453, 90)","(232.0, 1453.0, 90)"
2932,977,1,XDP_XM1_XM2,0.0,0.0,0.0,"(687, 1491, 180)","(687.0, 1491.0, 180)"
2933,977,2,XDL_XM3_XM4,-6445.705628523487,6214.0,53687.49828946381,"(1289, 28, 90)","(1289.0, 28.0, 90)"
2934,978,0,XDP_XM1_XM2,0.0,0.0,0.0,"(738, 1218, 180)","(738.0, 1218.0, 180)"
2935,978,1,XM5,0.0,0.0,0.0,"(922, 1142, 0)","(922.0, 939.0, 0)"
2936,978,2,XDL_XM3_XM4,-3538.464410458576,3396.0,20296.10824730959,"(211, 894, 90)","(211.0, 894.0, 90)"
2937,979,0,XDL_XM3_XM4,0.0,0.0,0.0,"(137, 1067, 90)","(137.0, 1067.0, 90)"
2938,979,1,XM5,0.0,0.0,0.0,"(783, 267, 270)","(783.0, 267.0, 270)"
2939,979,2,XDP_XM1_XM2,-4948.064515770566,4695.0,64041.64914219071,"(65, 689, 180)","(65.0, 689.0, 180)"
2940,980,0,XM5,0.0,0.0,0.0,"(141, 1413, 0)","(141.0, 1413.0, 0)"
2941,980,1,XDP_XM1_XM2,0.0,0.0,0.0,"(351, 1550, 180)","(351.0, 1692.0, 180)"
2942,980,2,XDL_XM3_XM4,-5934.525785310464,5615.0,102096.72747826889,"(383, 251, 90)","(383.0, 251.0, 90)"
2943,981,0,XDL_XM3_XM4,0.0,0.0,0.0,"(601, 436, 0)","(358.5, 436.0, 0)"
2944,981,1,XDP_XM1_XM2,0.0,0.0,0.0,"(646, 446, 90)","(646.0, 446.0, 90)"
2945,981,2,XM5,-3241.4206946807203,3046.0,38189.24790949526,"(973, 495, 180)","(983.5, 495.0, 180)"
2946,982,0,XDP_XM1_XM2,0.0,0.0,0.0,"(547, 1450, 180)","(404.0, 1450.0, 180)"
2947,982,1,XM5,0.0,0.0,0.0,"(756, 1386, 90)","(756.0, 1386.0, 90)"
2948,982,2,XDL_XM3_XM4,-4600.446982553931,4359.0,58296.645384398325,"(1166, 861, 180)","(1166.0, 861.0, 180)"
2949,983,0,XM5,0.0,0.0,0.0,"(506, 1282, 90)","(506.0, 1282.0, 90)"
2950,983,1,XDP_XM1_XM2,0.0,0.0,0.0,"(439, 479, 180)","(439.0, 479.0, 180)"
2951,983,2,XDL_XM3_XM4,-5187.864410495524,4921.0,71216.61358912323,"(958, 1116, 180)","(958.0, 1116.0, 180)"
2952,984,0,XM5,0.0,0.0,0.0,"(9, 578, 270)","(9.0, 578.0, 270)"
2953,984,1,XDP_XM1_XM2,0.0,0.0,0.0,"(1546, 611, 180)","(1546.0, 611.0, 180)"
2954,984,2,XDL_XM3_XM4,-6104.112987162134,5888.0,46704.82322014071,"(1328, 1309, 180)","(1328.0, 1309.0, 180)"
2955,985,0,XDL_XM3_XM4,0.0,0.0,0.0,"(1435, 1061, 180)","(1435.0, 1061.0, 180)"
2956,985,1,XM5,0.0,0.0,0.0,"(877, 87, 0)","(877.0, 87.0, 0)"
2957,985,2,XDP_XM1_XM2,-5682.479117778181,5428.0,64759.621385161445,"(617, 450, 90)","(617.0, 450.0, 90)"
2958,986,0,XDL_XM3_XM4,0.0,0.0,0.0,"(1421, 328, 180)","(1421.0, 328.0, 180)"
2959,986,1,XDP_XM1_XM2,0.0,0.0,0.0,"(607, 1284, 180)","(607.0, 1284.0, 180)"
2960,986,2,XM5,-5976.699446178877,5725.0,63352.61120675337,"(109, 1250, 180)","(109.0, 1250.0, 180)"
2961,987,0,XDP_XM1_XM2,0.0,0.0,0.0,"(156, 378, 180)","(156.0, 378.0, 180)"
2962,987,1,XM5,0.0,0.0,0.0,"(1036, 482, 270)","(1036.0, 766.0, 270)"
2963,987,2,XDL_XM3_XM4,-5034.8692245230495,4784.0,62935.3678127962,"(927, 420, 90)","(927.0, 420.0, 90)"
2964,988,0,XM5,0.0,0.0,0.0,"(784, 819, 270)","(784.0, 819.0, 270)"
2965,988,1,XDL_XM3_XM4,0.0,0.0,0.0,"(583, 253, 180)","(583.0, 252.5, 180)"
2966,988,2,XDP_XM1_XM2,-5810.241600291365,5516.0,86578.11934202367,"(1441, 28, 180)","(1441.0, 28.0, 180)"
2967,989,0,XDP_XM1_XM2,0.0,0.0,0.0,"(922, 333, 90)","(922.0, 333.0, 90)"
2968,989,1,XDL_XM3_XM4,0.0,0.0,0.0,"(1145, 1089, 90)","(1145.0, 1089.0, 90)"
2969,989,2,XM5,-4788.195371837395,4507.0,79070.83714277108,"(1346, 612, 180)","(1346.0, 612.0, 180)"
2970,990,0,XM5,0.0,0.0,0.0,"(470, 901, 0)","(470.0, 901.0, 0)"
2971,990,1,XDL_XM3_XM4,0.0,0.0,0.0,"(687, 4, 180)","(687.0, 4.0, 180)"
2972,990,2,XDP_XM1_XM2,-5513.52447741511,5218.0,87334.7167514736,"(65, 981, 180)","(59.5, 981.0, 180)"
2973,991,0,XDL_XM3_XM4,0.0,0.0,0.0,"(968, 433, 90)","(968.0, 433.0, 90)"
2974,991,1,XDP_XM1_XM2,0.0,0.0,0.0,"(296, 1495, 0)","(296.0, 1495.0, 0)"
2975,991,2,XM5,-7079.330996358481,6766.0,98176.31327899803,"(371, 206, 180)","(371.0, 206.0, 180)"
2976,992,0,XDL_XM3_XM4,0.0,0.0,0.0,"(1371, 666, 90)","(1371.0, 666.0, 90)"
2977,992,1,XM5,0.0,0.0,0.0,"(745, 524, 90)","(745.0, 524.0, 90)"
2978,992,2,XDP_XM1_XM2,-4442.923613512262,4211.0,53788.562504584836,"(1530, 206, 90)","(1530.0, 206.0, 90)"
2979,993,0,XM5,0.0,0.0,0.0,"(1483, 1176, 0)","(1483.0, 1176.0, 0)"
2980,993,1,XDP_XM1_XM2,0.0,0.0,0.0,"(1071, 780, 180)","(1071.0, 780.0, 180)"
2981,993,2,XDL_XM3_XM4,-5121.361070198573,4883.0,56815.99978620866,"(168, 1301, 90)","(168.0, 1301.0, 90)"
2982,994,0,XDP_XM1_XM2,0.0,0.0,0.0,"(704, 353, 90)","(704.0, 353.0, 90)"
2983,994,1,XM5,0.0,0.0,0.0,"(174, 1138, 90)","(174.0, 1138.0, 90)"
2984,994,2,XDL_XM3_XM4,-5165.831185646149,4965.0,40333.16512803776,"(1212, 744, 0)","(1212.0, 744.0, 0)"
2985,995,0,XDL_XM3_XM4,0.0,0.0,0.0,"(623, 526, 0)","(624.5, 526.0, 0)"
2986,995,1,XDP_XM1_XM2,0.0,0.0,0.0,"(156, 1517, 0)","(156.0, 1517.0, 0)"
2987,995,2,XM5,-6123.180052368543,5804.0,101875.90582998589,"(337, 483, 90)","(337.0, 483.0, 90)"
2988,996,0,XDP_XM1_XM2,0.0,0.0,0.0,"(40, 463, 0)","(40.0, 463.0, 0)"
2989,996,1,XDL_XM3_XM4,0.0,0.0,0.0,"(1447, 1259, 90)","(1447.0, 1259.0, 90)"
2990,996,2,XM5,-9577.911987379295,9047.0,281867.5383430331,"(1179, 925, 180)","(1179.0, 925.0, 180)"
2991,997,0,XDL_XM3_XM4,0.0,0.0,0.0,"(1262, 601, 90)","(1262.0, 333.0, 90)"
2992,997,1,XM5,0.0,0.0,0.0,"(1085, 679, 90)","(1085.0, 679.0, 90)"
2993,997,2,XDP_XM1_XM2,-5464.8228657685595,5170.0,86920.52217998602,"(1012, 1533, 270)","(1012.0, 1533.0, 270)"
2994,998,0,XDP_XM1_XM2,0.0,0.0,0.0,"(1431, 94, 90)","(1431.0, -42.5, 90)"
2995,998,1,XM5,0.0,0.0,0.0,"(775, 296, 0)","(576.5, 296.0, 0)"
2996,998,2,XDL_XM3_XM4,-4489.768407248249,4217.0,74402.60399274634,"(1143, 318, 90)","(1143.0, 318.0, 90)"
2997,999,0,XDP_XM1_XM2,0.0,0.0,0.0,"(510, 1269, 270)","(510.0, 1269.0, 270)"
2998,999,1,XDL_XM3_XM4,0.0,0.0,0.0,"(243, 828, 0)","(222.5, 828.0, 0)"
2999,999,2,XM5,-5173.716037146751,4957.0,46965.84075659201,"(1115, 465, 0)","(1115.0, 465.0, 0)"
