,n_placement,n_step,placed_dev,reward,HPWL,congestion,action,legalized_action
0,0,0,XDL_XM3_XM4,0.0,0.0,0.0,"(599, 636, 180)","(959.5, 636.0, 180)"
1,0,1,XM5,0.0,0.0,0.0,"(599, 636, 180)","(599.0, 357.0, 180)"
2,0,2,XDP_XM1_XM2,-3108.035991145352,2918.0,36113.67793059633,"(599, 636, 180)","(599.0, 636.0, 180)"
3,1,0,XDL_XM3_XM4,0.0,0.0,0.0,"(599, 636, 180)","(959.5, 636.0, 180)"
4,1,1,XDP_XM1_XM2,0.0,0.0,0.0,"(599, 636, 180)","(599.0, 357.0, 180)"
5,1,2,XM5,-3166.8237199275627,2985.0,33059.8651282968,"(599, 636, 180)","(599.0, 636.0, 180)"
6,2,0,XDP_XM1_XM2,0.0,0.0,0.0,"(599, 636, 180)","(959.5, 357.0, 180)"
7,2,1,XM5,0.0,0.0,0.0,"(599, 636, 180)","(945.0, 636.0, 180)"
8,2,2,XDL_XM3_XM4,-2905.4051852605644,2725.0,32546.030868898575,"(599, 636, 180)","(599.0, 636.0, 180)"
9,3,0,XDP_XM1_XM2,0.0,0.0,0.0,"(599, 636, 180)","(959.5, 357.0, 180)"
10,3,1,XM5,0.0,0.0,0.0,"(599, 636, 180)","(945.0, 636.0, 180)"
11,3,2,XDL_XM3_XM4,-2905.4051852605644,2725.0,32546.030868898575,"(599, 636, 180)","(599.0, 636.0, 180)"
12,4,0,XDL_XM3_XM4,0.0,0.0,0.0,"(599, 636, 180)","(959.5, 636.0, 180)"
13,4,1,XM5,0.0,0.0,0.0,"(599, 636, 180)","(599.0, 357.0, 180)"
14,4,2,XDP_XM1_XM2,-3108.035991145352,2918.0,36113.67793059633,"(599, 636, 180)","(599.0, 636.0, 180)"
15,5,0,XDP_XM1_XM2,0.0,0.0,0.0,"(599, 636, 180)","(959.5, 357.0, 180)"
16,5,1,XM5,0.0,0.0,0.0,"(599, 636, 180)","(945.0, 636.0, 180)"
17,5,2,XDL_XM3_XM4,-2905.4051852605644,2725.0,32546.030868898575,"(599, 636, 180)","(599.0, 636.0, 180)"
18,6,0,XDP_XM1_XM2,0.0,0.0,0.0,"(599, 636, 180)","(959.5, 357.0, 180)"
19,6,1,XM5,0.0,0.0,0.0,"(599, 636, 180)","(945.0, 636.0, 180)"
20,6,2,XDL_XM3_XM4,-2905.4051852605644,2725.0,32546.030868898575,"(599, 636, 180)","(599.0, 636.0, 180)"
21,7,0,XDL_XM3_XM4,0.0,0.0,0.0,"(599, 636, 180)","(959.5, 636.0, 180)"
22,7,1,XDP_XM1_XM2,0.0,0.0,0.0,"(599, 636, 180)","(599.0, 357.0, 180)"
23,7,2,XM5,-3166.8237199275627,2985.0,33059.8651282968,"(599, 636, 180)","(599.0, 636.0, 180)"
24,8,0,XM5,0.0,0.0,0.0,"(599, 636, 180)","(599.0, 357.0, 180)"
25,8,1,XDL_XM3_XM4,0.0,0.0,0.0,"(599, 636, 180)","(959.5, 636.0, 180)"
26,8,2,XDP_XM1_XM2,-3108.035991145352,2918.0,36113.67793059633,"(599, 636, 180)","(599.0, 636.0, 180)"
27,9,0,XM5,0.0,0.0,0.0,"(599, 636, 180)","(599.0, 357.0, 180)"
28,9,1,XDL_XM3_XM4,0.0,0.0,0.0,"(599, 636, 180)","(959.5, 636.0, 180)"
29,9,2,XDP_XM1_XM2,-3108.035991145352,2918.0,36113.67793059633,"(599, 636, 180)","(599.0, 636.0, 180)"
30,10,0,XDL_XM3_XM4,0.0,0.0,0.0,"(599, 636, 180)","(959.5, 636.0, 180)"
31,10,1,XDP_XM1_XM2,0.0,0.0,0.0,"(599, 636, 180)","(599.0, 357.0, 180)"
32,10,2,XM5,-3166.8237199275627,2985.0,33059.8651282968,"(599, 636, 180)","(599.0, 636.0, 180)"
33,11,0,XDP_XM1_XM2,0.0,0.0,0.0,"(599, 636, 180)","(584.5, 357.0, 180)"
34,11,1,XDL_XM3_XM4,0.0,0.0,0.0,"(599, 636, 180)","(945.0, 636.0, 180)"
35,11,2,XM5,-3169.1411976635272,2985.0,33907.98067695824,"(599, 636, 180)","(599.0, 636.0, 180)"
36,12,0,XDL_XM3_XM4,0.0,0.0,0.0,"(599, 636, 180)","(959.5, 636.0, 180)"
37,12,1,XDP_XM1_XM2,0.0,0.0,0.0,"(599, 636, 180)","(599.0, 357.0, 180)"
38,12,2,XM5,-3166.8237199275627,2985.0,33059.8651282968,"(599, 636, 180)","(599.0, 636.0, 180)"
39,13,0,XDP_XM1_XM2,0.0,0.0,0.0,"(599, 636, 180)","(959.5, 357.0, 180)"
40,13,1,XM5,0.0,0.0,0.0,"(599, 636, 180)","(945.0, 636.0, 180)"
41,13,2,XDL_XM3_XM4,-2905.4051852605644,2725.0,32546.030868898575,"(599, 636, 180)","(599.0, 636.0, 180)"
42,14,0,XM5,0.0,0.0,0.0,"(599, 636, 180)","(945.0, 357.0, 180)"
43,14,1,XDP_XM1_XM2,0.0,0.0,0.0,"(599, 636, 180)","(959.5, 636.0, 180)"
44,14,2,XDL_XM3_XM4,-2790.013514817583,2658.0,17427.56809449232,"(599, 636, 180)","(599.0, 636.0, 180)"
45,15,0,XM5,0.0,0.0,0.0,"(599, 636, 180)","(599.0, 357.0, 180)"
46,15,1,XDL_XM3_XM4,0.0,0.0,0.0,"(599, 636, 180)","(959.5, 636.0, 180)"
47,15,2,XDP_XM1_XM2,-3108.035991145352,2918.0,36113.67793059633,"(599, 636, 180)","(599.0, 636.0, 180)"
48,16,0,XM5,0.0,0.0,0.0,"(599, 636, 180)","(945.0, 357.0, 180)"
49,16,1,XDP_XM1_XM2,0.0,0.0,0.0,"(599, 636, 180)","(959.5, 636.0, 180)"
50,16,2,XDL_XM3_XM4,-2790.013514817583,2658.0,17427.56809449232,"(599, 636, 180)","(599.0, 636.0, 180)"
51,17,0,XM5,0.0,0.0,0.0,"(599, 636, 180)","(599.0, 357.0, 180)"
52,17,1,XDL_XM3_XM4,0.0,0.0,0.0,"(599, 636, 180)","(959.5, 636.0, 180)"
53,17,2,XDP_XM1_XM2,-3108.035991145352,2918.0,36113.67793059633,"(599, 636, 180)","(599.0, 636.0, 180)"
54,18,0,XDP_XM1_XM2,0.0,0.0,0.0,"(599, 636, 180)","(584.5, 357.0, 180)"
55,18,1,XDL_XM3_XM4,0.0,0.0,0.0,"(599, 636, 180)","(945.0, 636.0, 180)"
56,18,2,XM5,-3169.1411976635272,2985.0,33907.98067695824,"(599, 636, 180)","(599.0, 636.0, 180)"
57,19,0,XM5,0.0,0.0,0.0,"(599, 636, 180)","(599.0, 357.0, 180)"
58,19,1,XDL_XM3_XM4,0.0,0.0,0.0,"(599, 636, 180)","(959.5, 636.0, 180)"
59,19,2,XDP_XM1_XM2,-3108.035991145352,2918.0,36113.67793059633,"(599, 636, 180)","(599.0, 636.0, 180)"
60,20,0,XDP_XM1_XM2,0.0,0.0,0.0,"(599, 636, 180)","(584.5, 357.0, 180)"
61,20,1,XDL_XM3_XM4,0.0,0.0,0.0,"(599, 636, 180)","(945.0, 636.0, 180)"
62,20,2,XM5,-3169.1411976635272,2985.0,33907.98067695824,"(599, 636, 180)","(599.0, 636.0, 180)"
63,21,0,XDP_XM1_XM2,0.0,0.0,0.0,"(599, 636, 180)","(584.5, 357.0, 180)"
64,21,1,XDL_XM3_XM4,0.0,0.0,0.0,"(599, 636, 180)","(945.0, 636.0, 180)"
65,21,2,XM5,-3169.1411976635272,2985.0,33907.98067695824,"(599, 636, 180)","(599.0, 636.0, 180)"
66,22,0,XDP_XM1_XM2,0.0,0.0,0.0,"(599, 636, 180)","(959.5, 357.0, 180)"
67,22,1,XM5,0.0,0.0,0.0,"(599, 636, 180)","(945.0, 636.0, 180)"
68,22,2,XDL_XM3_XM4,-2905.4051852605644,2725.0,32546.030868898575,"(599, 636, 180)","(599.0, 636.0, 180)"
69,23,0,XM5,0.0,0.0,0.0,"(599, 636, 180)","(945.0, 357.0, 180)"
70,23,1,XDP_XM1_XM2,0.0,0.0,0.0,"(599, 636, 180)","(959.5, 636.0, 180)"
71,23,2,XDL_XM3_XM4,-2790.013514817583,2658.0,17427.56809449232,"(599, 636, 180)","(599.0, 636.0, 180)"
72,24,0,XM5,0.0,0.0,0.0,"(599, 636, 180)","(599.0, 357.0, 180)"
73,24,1,XDL_XM3_XM4,0.0,0.0,0.0,"(599, 636, 180)","(959.5, 636.0, 180)"
74,24,2,XDP_XM1_XM2,-3108.035991145352,2918.0,36113.67793059633,"(599, 636, 180)","(599.0, 636.0, 180)"
75,25,0,XDL_XM3_XM4,0.0,0.0,0.0,"(599, 636, 180)","(959.5, 636.0, 180)"
76,25,1,XDP_XM1_XM2,0.0,0.0,0.0,"(599, 636, 180)","(599.0, 357.0, 180)"
77,25,2,XM5,-3166.8237199275627,2985.0,33059.8651282968,"(599, 636, 180)","(599.0, 636.0, 180)"
78,26,0,XM5,0.0,0.0,0.0,"(599, 636, 180)","(599.0, 357.0, 180)"
79,26,1,XDL_XM3_XM4,0.0,0.0,0.0,"(599, 636, 180)","(959.5, 636.0, 180)"
80,26,2,XDP_XM1_XM2,-3108.035991145352,2918.0,36113.67793059633,"(599, 636, 180)","(599.0, 636.0, 180)"
81,27,0,XDL_XM3_XM4,0.0,0.0,0.0,"(599, 636, 180)","(959.5, 636.0, 180)"
82,27,1,XM5,0.0,0.0,0.0,"(599, 636, 180)","(599.0, 357.0, 180)"
83,27,2,XDP_XM1_XM2,-3108.035991145352,2918.0,36113.67793059633,"(599, 636, 180)","(599.0, 636.0, 180)"
84,28,0,XDL_XM3_XM4,0.0,0.0,0.0,"(599, 636, 180)","(959.5, 636.0, 180)"
85,28,1,XDP_XM1_XM2,0.0,0.0,0.0,"(599, 636, 180)","(599.0, 357.0, 180)"
86,28,2,XM5,-3166.8237199275627,2985.0,33059.8651282968,"(599, 636, 180)","(599.0, 636.0, 180)"
87,29,0,XDP_XM1_XM2,0.0,0.0,0.0,"(599, 636, 180)","(584.5, 357.0, 180)"
88,29,1,XDL_XM3_XM4,0.0,0.0,0.0,"(599, 636, 180)","(945.0, 636.0, 180)"
89,29,2,XM5,-3169.1411976635272,2985.0,33907.98067695824,"(599, 636, 180)","(599.0, 636.0, 180)"
90,30,0,XDP_XM1_XM2,0.0,0.0,0.0,"(599, 636, 180)","(959.5, 357.0, 180)"
91,30,1,XM5,0.0,0.0,0.0,"(599, 636, 180)","(945.0, 636.0, 180)"
92,30,2,XDL_XM3_XM4,-2905.4051852605644,2725.0,32546.030868898575,"(599, 636, 180)","(599.0, 636.0, 180)"
93,31,0,XM5,0.0,0.0,0.0,"(599, 636, 180)","(599.0, 357.0, 180)"
94,31,1,XDL_XM3_XM4,0.0,0.0,0.0,"(599, 636, 180)","(959.5, 636.0, 180)"
95,31,2,XDP_XM1_XM2,-3108.035991145352,2918.0,36113.67793059633,"(599, 636, 180)","(599.0, 636.0, 180)"
96,32,0,XDP_XM1_XM2,0.0,0.0,0.0,"(599, 636, 180)","(584.5, 357.0, 180)"
97,32,1,XDL_XM3_XM4,0.0,0.0,0.0,"(599, 636, 180)","(945.0, 636.0, 180)"
98,32,2,XM5,-3169.1411976635272,2985.0,33907.98067695824,"(599, 636, 180)","(599.0, 636.0, 180)"
99,33,0,XM5,0.0,0.0,0.0,"(599, 636, 180)","(599.0, 357.0, 180)"
100,33,1,XDL_XM3_XM4,0.0,0.0,0.0,"(599, 636, 180)","(959.5, 636.0, 180)"
101,33,2,XDP_XM1_XM2,-3108.035991145352,2918.0,36113.67793059633,"(599, 636, 180)","(599.0, 636.0, 180)"
102,34,0,XDP_XM1_XM2,0.0,0.0,0.0,"(599, 636, 180)","(959.5, 357.0, 180)"
103,34,1,XM5,0.0,0.0,0.0,"(599, 636, 180)","(945.0, 636.0, 180)"
104,34,2,XDL_XM3_XM4,-2905.4051852605644,2725.0,32546.030868898575,"(599, 636, 180)","(599.0, 636.0, 180)"
105,35,0,XDL_XM3_XM4,0.0,0.0,0.0,"(599, 636, 180)","(959.5, 636.0, 180)"
106,35,1,XM5,0.0,0.0,0.0,"(599, 636, 180)","(599.0, 357.0, 180)"
107,35,2,XDP_XM1_XM2,-3108.035991145352,2918.0,36113.67793059633,"(599, 636, 180)","(599.0, 636.0, 180)"
108,36,0,XDP_XM1_XM2,0.0,0.0,0.0,"(599, 636, 180)","(584.5, 357.0, 180)"
109,36,1,XDL_XM3_XM4,0.0,0.0,0.0,"(599, 636, 180)","(945.0, 636.0, 180)"
110,36,2,XM5,-3169.1411976635272,2985.0,33907.98067695824,"(599, 636, 180)","(599.0, 636.0, 180)"
111,37,0,XM5,0.0,0.0,0.0,"(599, 636, 180)","(945.0, 357.0, 180)"
112,37,1,XDP_XM1_XM2,0.0,0.0,0.0,"(599, 636, 180)","(959.5, 636.0, 180)"
113,37,2,XDL_XM3_XM4,-2790.013514817583,2658.0,17427.56809449232,"(599, 636, 180)","(599.0, 636.0, 180)"
114,38,0,XDP_XM1_XM2,0.0,0.0,0.0,"(599, 636, 180)","(959.5, 357.0, 180)"
115,38,1,XM5,0.0,0.0,0.0,"(599, 636, 180)","(945.0, 636.0, 180)"
116,38,2,XDL_XM3_XM4,-2905.4051852605644,2725.0,32546.030868898575,"(599, 636, 180)","(599.0, 636.0, 180)"
117,39,0,XDL_XM3_XM4,0.0,0.0,0.0,"(599, 636, 180)","(959.5, 636.0, 180)"
118,39,1,XDP_XM1_XM2,0.0,0.0,0.0,"(599, 636, 180)","(599.0, 357.0, 180)"
119,39,2,XM5,-3166.8237199275627,2985.0,33059.8651282968,"(599, 636, 180)","(599.0, 636.0, 180)"
120,40,0,XDL_XM3_XM4,0.0,0.0,0.0,"(599, 636, 180)","(959.5, 636.0, 180)"
121,40,1,XM5,0.0,0.0,0.0,"(599, 636, 180)","(599.0, 357.0, 180)"
122,40,2,XDP_XM1_XM2,-3108.035991145352,2918.0,36113.67793059633,"(599, 636, 180)","(599.0, 636.0, 180)"
123,41,0,XDL_XM3_XM4,0.0,0.0,0.0,"(599, 636, 180)","(959.5, 636.0, 180)"
124,41,1,XDP_XM1_XM2,0.0,0.0,0.0,"(599, 636, 180)","(599.0, 357.0, 180)"
125,41,2,XM5,-3166.8237199275627,2985.0,33059.8651282968,"(599, 636, 180)","(599.0, 636.0, 180)"
126,42,0,XDL_XM3_XM4,0.0,0.0,0.0,"(599, 636, 180)","(959.5, 636.0, 180)"
127,42,1,XDP_XM1_XM2,0.0,0.0,0.0,"(599, 636, 180)","(599.0, 357.0, 180)"
128,42,2,XM5,-3166.8237199275627,2985.0,33059.8651282968,"(599, 636, 180)","(599.0, 636.0, 180)"
129,43,0,XDP_XM1_XM2,0.0,0.0,0.0,"(599, 636, 180)","(959.5, 357.0, 180)"
130,43,1,XM5,0.0,0.0,0.0,"(599, 636, 180)","(945.0, 636.0, 180)"
131,43,2,XDL_XM3_XM4,-2905.4051852605644,2725.0,32546.030868898575,"(599, 636, 180)","(599.0, 636.0, 180)"
132,44,0,XM5,0.0,0.0,0.0,"(599, 636, 180)","(945.0, 357.0, 180)"
133,44,1,XDP_XM1_XM2,0.0,0.0,0.0,"(599, 636, 180)","(959.5, 636.0, 180)"
134,44,2,XDL_XM3_XM4,-2790.013514817583,2658.0,17427.56809449232,"(599, 636, 180)","(599.0, 636.0, 180)"
135,45,0,XM5,0.0,0.0,0.0,"(599, 636, 180)","(945.0, 357.0, 180)"
136,45,1,XDP_XM1_XM2,0.0,0.0,0.0,"(599, 636, 180)","(959.5, 636.0, 180)"
137,45,2,XDL_XM3_XM4,-2790.013514817583,2658.0,17427.56809449232,"(599, 636, 180)","(599.0, 636.0, 180)"
138,46,0,XM5,0.0,0.0,0.0,"(599, 636, 180)","(945.0, 357.0, 180)"
139,46,1,XDP_XM1_XM2,0.0,0.0,0.0,"(599, 636, 180)","(959.5, 636.0, 180)"
140,46,2,XDL_XM3_XM4,-2790.013514817583,2658.0,17427.56809449232,"(599, 636, 180)","(599.0, 636.0, 180)"
141,47,0,XM5,0.0,0.0,0.0,"(599, 636, 180)","(599.0, 357.0, 180)"
142,47,1,XDL_XM3_XM4,0.0,0.0,0.0,"(599, 636, 180)","(959.5, 636.0, 180)"
143,47,2,XDP_XM1_XM2,-3108.035991145352,2918.0,36113.67793059633,"(599, 636, 180)","(599.0, 636.0, 180)"
144,48,0,XDP_XM1_XM2,0.0,0.0,0.0,"(599, 636, 180)","(584.5, 357.0, 180)"
145,48,1,XDL_XM3_XM4,0.0,0.0,0.0,"(599, 636, 180)","(945.0, 636.0, 180)"
146,48,2,XM5,-3169.1411976635272,2985.0,33907.98067695824,"(599, 636, 180)","(599.0, 636.0, 180)"
147,49,0,XDP_XM1_XM2,0.0,0.0,0.0,"(599, 636, 180)","(959.5, 357.0, 180)"
148,49,1,XM5,0.0,0.0,0.0,"(599, 636, 180)","(945.0, 636.0, 180)"
149,49,2,XDL_XM3_XM4,-2905.4051852605644,2725.0,32546.030868898575,"(599, 636, 180)","(599.0, 636.0, 180)"
150,50,0,XDP_XM1_XM2,0.0,0.0,0.0,"(599, 636, 180)","(959.5, 357.0, 180)"
151,50,1,XM5,0.0,0.0,0.0,"(599, 636, 180)","(945.0, 636.0, 180)"
152,50,2,XDL_XM3_XM4,-2905.4051852605644,2725.0,32546.030868898575,"(599, 636, 180)","(599.0, 636.0, 180)"
153,51,0,XM5,0.0,0.0,0.0,"(599, 636, 180)","(599.0, 357.0, 180)"
154,51,1,XDL_XM3_XM4,0.0,0.0,0.0,"(599, 636, 180)","(959.5, 636.0, 180)"
155,51,2,XDP_XM1_XM2,-3108.035991145352,2918.0,36113.67793059633,"(599, 636, 180)","(599.0, 636.0, 180)"
156,52,0,XDL_XM3_XM4,0.0,0.0,0.0,"(599, 636, 180)","(959.5, 636.0, 180)"
157,52,1,XM5,0.0,0.0,0.0,"(599, 636, 180)","(599.0, 357.0, 180)"
158,52,2,XDP_XM1_XM2,-3108.035991145352,2918.0,36113.67793059633,"(599, 636, 180)","(599.0, 636.0, 180)"
159,53,0,XM5,0.0,0.0,0.0,"(599, 636, 180)","(945.0, 357.0, 180)"
160,53,1,XDP_XM1_XM2,0.0,0.0,0.0,"(599, 636, 180)","(959.5, 636.0, 180)"
161,53,2,XDL_XM3_XM4,-2790.013514817583,2658.0,17427.56809449232,"(599, 636, 180)","(599.0, 636.0, 180)"
162,54,0,XM5,0.0,0.0,0.0,"(599, 636, 180)","(945.0, 357.0, 180)"
163,54,1,XDP_XM1_XM2,0.0,0.0,0.0,"(599, 636, 180)","(959.5, 636.0, 180)"
164,54,2,XDL_XM3_XM4,-2790.013514817583,2658.0,17427.56809449232,"(599, 636, 180)","(599.0, 636.0, 180)"
165,55,0,XDP_XM1_XM2,0.0,0.0,0.0,"(599, 636, 180)","(584.5, 357.0, 180)"
166,55,1,XDL_XM3_XM4,0.0,0.0,0.0,"(599, 636, 180)","(945.0, 636.0, 180)"
167,55,2,XM5,-3169.1411976635272,2985.0,33907.98067695824,"(599, 636, 180)","(599.0, 636.0, 180)"
168,56,0,XM5,0.0,0.0,0.0,"(599, 636, 180)","(945.0, 357.0, 180)"
169,56,1,XDP_XM1_XM2,0.0,0.0,0.0,"(599, 636, 180)","(959.5, 636.0, 180)"
170,56,2,XDL_XM3_XM4,-2790.013514817583,2658.0,17427.56809449232,"(599, 636, 180)","(599.0, 636.0, 180)"
171,57,0,XM5,0.0,0.0,0.0,"(599, 636, 180)","(599.0, 357.0, 180)"
172,57,1,XDL_XM3_XM4,0.0,0.0,0.0,"(599, 636, 180)","(959.5, 636.0, 180)"
173,57,2,XDP_XM1_XM2,-3108.035991145352,2918.0,36113.67793059633,"(599, 636, 180)","(599.0, 636.0, 180)"
174,58,0,XDP_XM1_XM2,0.0,0.0,0.0,"(599, 636, 180)","(584.5, 357.0, 180)"
175,58,1,XDL_XM3_XM4,0.0,0.0,0.0,"(599, 636, 180)","(945.0, 636.0, 180)"
176,58,2,XM5,-3169.1411976635272,2985.0,33907.98067695824,"(599, 636, 180)","(599.0, 636.0, 180)"
177,59,0,XDP_XM1_XM2,0.0,0.0,0.0,"(599, 636, 180)","(959.5, 357.0, 180)"
178,59,1,XM5,0.0,0.0,0.0,"(599, 636, 180)","(945.0, 636.0, 180)"
179,59,2,XDL_XM3_XM4,-2905.4051852605644,2725.0,32546.030868898575,"(599, 636, 180)","(599.0, 636.0, 180)"
180,60,0,XM5,0.0,0.0,0.0,"(599, 636, 180)","(945.0, 357.0, 180)"
181,60,1,XDP_XM1_XM2,0.0,0.0,0.0,"(599, 636, 180)","(959.5, 636.0, 180)"
182,60,2,XDL_XM3_XM4,-2790.013514817583,2658.0,17427.56809449232,"(599, 636, 180)","(599.0, 636.0, 180)"
183,61,0,XM5,0.0,0.0,0.0,"(599, 636, 180)","(599.0, 357.0, 180)"
184,61,1,XDL_XM3_XM4,0.0,0.0,0.0,"(599, 636, 180)","(959.5, 636.0, 180)"
185,61,2,XDP_XM1_XM2,-3108.035991145352,2918.0,36113.67793059633,"(599, 636, 180)","(599.0, 636.0, 180)"
186,62,0,XDP_XM1_XM2,0.0,0.0,0.0,"(599, 636, 180)","(959.5, 357.0, 180)"
187,62,1,XM5,0.0,0.0,0.0,"(599, 636, 180)","(945.0, 636.0, 180)"
188,62,2,XDL_XM3_XM4,-2905.4051852605644,2725.0,32546.030868898575,"(599, 636, 180)","(599.0, 636.0, 180)"
189,63,0,XDL_XM3_XM4,0.0,0.0,0.0,"(599, 636, 180)","(959.5, 636.0, 180)"
190,63,1,XM5,0.0,0.0,0.0,"(599, 636, 180)","(599.0, 357.0, 180)"
191,63,2,XDP_XM1_XM2,-3108.035991145352,2918.0,36113.67793059633,"(599, 636, 180)","(599.0, 636.0, 180)"
192,64,0,XDL_XM3_XM4,0.0,0.0,0.0,"(599, 636, 180)","(959.5, 636.0, 180)"
193,64,1,XM5,0.0,0.0,0.0,"(599, 636, 180)","(599.0, 357.0, 180)"
194,64,2,XDP_XM1_XM2,-3108.035991145352,2918.0,36113.67793059633,"(599, 636, 180)","(599.0, 636.0, 180)"
195,65,0,XM5,0.0,0.0,0.0,"(599, 636, 180)","(599.0, 357.0, 180)"
196,65,1,XDL_XM3_XM4,0.0,0.0,0.0,"(599, 636, 180)","(959.5, 636.0, 180)"
197,65,2,XDP_XM1_XM2,-3108.035991145352,2918.0,36113.67793059633,"(599, 636, 180)","(599.0, 636.0, 180)"
198,66,0,XM5,0.0,0.0,0.0,"(599, 636, 180)","(945.0, 357.0, 180)"
199,66,1,XDP_XM1_XM2,0.0,0.0,0.0,"(599, 636, 180)","(959.5, 636.0, 180)"
200,66,2,XDL_XM3_XM4,-2790.013514817583,2658.0,17427.56809449232,"(599, 636, 180)","(599.0, 636.0, 180)"
201,67,0,XM5,0.0,0.0,0.0,"(599, 636, 180)","(599.0, 357.0, 180)"
202,67,1,XDL_XM3_XM4,0.0,0.0,0.0,"(599, 636, 180)","(959.5, 636.0, 180)"
203,67,2,XDP_XM1_XM2,-3108.035991145352,2918.0,36113.67793059633,"(599, 636, 180)","(599.0, 636.0, 180)"
204,68,0,XDP_XM1_XM2,0.0,0.0,0.0,"(599, 636, 180)","(959.5, 357.0, 180)"
205,68,1,XM5,0.0,0.0,0.0,"(599, 636, 180)","(945.0, 636.0, 180)"
206,68,2,XDL_XM3_XM4,-2905.4051852605644,2725.0,32546.030868898575,"(599, 636, 180)","(599.0, 636.0, 180)"
207,69,0,XDP_XM1_XM2,0.0,0.0,0.0,"(599, 636, 180)","(584.5, 357.0, 180)"
208,69,1,XDL_XM3_XM4,0.0,0.0,0.0,"(599, 636, 180)","(945.0, 636.0, 180)"
209,69,2,XM5,-3169.1411976635272,2985.0,33907.98067695824,"(599, 636, 180)","(599.0, 636.0, 180)"
210,70,0,XM5,0.0,0.0,0.0,"(599, 636, 180)","(599.0, 357.0, 180)"
211,70,1,XDL_XM3_XM4,0.0,0.0,0.0,"(599, 636, 180)","(959.5, 636.0, 180)"
212,70,2,XDP_XM1_XM2,-3108.035991145352,2918.0,36113.67793059633,"(599, 636, 180)","(599.0, 636.0, 180)"
213,71,0,XDP_XM1_XM2,0.0,0.0,0.0,"(599, 636, 180)","(959.5, 357.0, 180)"
214,71,1,XM5,0.0,0.0,0.0,"(599, 636, 180)","(945.0, 636.0, 180)"
215,71,2,XDL_XM3_XM4,-2905.4051852605644,2725.0,32546.030868898575,"(599, 636, 180)","(599.0, 636.0, 180)"
216,72,0,XDP_XM1_XM2,0.0,0.0,0.0,"(599, 636, 180)","(584.5, 357.0, 180)"
217,72,1,XDL_XM3_XM4,0.0,0.0,0.0,"(599, 636, 180)","(945.0, 636.0, 180)"
218,72,2,XM5,-3169.1411976635272,2985.0,33907.98067695824,"(599, 636, 180)","(599.0, 636.0, 180)"
219,73,0,XDP_XM1_XM2,0.0,0.0,0.0,"(599, 636, 180)","(584.5, 357.0, 180)"
220,73,1,XDL_XM3_XM4,0.0,0.0,0.0,"(599, 636, 180)","(945.0, 636.0, 180)"
221,73,2,XM5,-3169.1411976635272,2985.0,33907.98067695824,"(599, 636, 180)","(599.0, 636.0, 180)"
222,74,0,XDP_XM1_XM2,0.0,0.0,0.0,"(599, 636, 180)","(959.5, 357.0, 180)"
223,74,1,XM5,0.0,0.0,0.0,"(599, 636, 180)","(945.0, 636.0, 180)"
224,74,2,XDL_XM3_XM4,-2905.4051852605644,2725.0,32546.030868898575,"(599, 636, 180)","(599.0, 636.0, 180)"
225,75,0,XDP_XM1_XM2,0.0,0.0,0.0,"(599, 636, 180)","(959.5, 357.0, 180)"
226,75,1,XM5,0.0,0.0,0.0,"(599, 636, 180)","(945.0, 636.0, 180)"
227,75,2,XDL_XM3_XM4,-2905.4051852605644,2725.0,32546.030868898575,"(599, 636, 180)","(599.0, 636.0, 180)"
228,76,0,XM5,0.0,0.0,0.0,"(599, 636, 180)","(945.0, 357.0, 180)"
229,76,1,XDP_XM1_XM2,0.0,0.0,0.0,"(599, 636, 180)","(959.5, 636.0, 180)"
230,76,2,XDL_XM3_XM4,-2790.013514817583,2658.0,17427.56809449232,"(599, 636, 180)","(599.0, 636.0, 180)"
231,77,0,XDP_XM1_XM2,0.0,0.0,0.0,"(599, 636, 180)","(959.5, 357.0, 180)"
232,77,1,XM5,0.0,0.0,0.0,"(599, 636, 180)","(945.0, 636.0, 180)"
233,77,2,XDL_XM3_XM4,-2905.4051852605644,2725.0,32546.030868898575,"(599, 636, 180)","(599.0, 636.0, 180)"
234,78,0,XM5,0.0,0.0,0.0,"(599, 636, 180)","(945.0, 357.0, 180)"
235,78,1,XDP_XM1_XM2,0.0,0.0,0.0,"(599, 636, 180)","(959.5, 636.0, 180)"
236,78,2,XDL_XM3_XM4,-2790.013514817583,2658.0,17427.56809449232,"(599, 636, 180)","(599.0, 636.0, 180)"
237,79,0,XM5,0.0,0.0,0.0,"(599, 636, 180)","(599.0, 357.0, 180)"
238,79,1,XDL_XM3_XM4,0.0,0.0,0.0,"(599, 636, 180)","(959.5, 636.0, 180)"
239,79,2,XDP_XM1_XM2,-3108.035991145352,2918.0,36113.67793059633,"(599, 636, 180)","(599.0, 636.0, 180)"
240,80,0,XM5,0.0,0.0,0.0,"(599, 636, 180)","(945.0, 357.0, 180)"
241,80,1,XDP_XM1_XM2,0.0,0.0,0.0,"(599, 636, 180)","(959.5, 636.0, 180)"
242,80,2,XDL_XM3_XM4,-2790.013514817583,2658.0,17427.56809449232,"(599, 636, 180)","(599.0, 636.0, 180)"
243,81,0,XDP_XM1_XM2,0.0,0.0,0.0,"(599, 636, 180)","(584.5, 357.0, 180)"
244,81,1,XDL_XM3_XM4,0.0,0.0,0.0,"(599, 636, 180)","(945.0, 636.0, 180)"
245,81,2,XM5,-3169.1411976635272,2985.0,33907.98067695824,"(599, 636, 180)","(599.0, 636.0, 180)"
246,82,0,XDP_XM1_XM2,0.0,0.0,0.0,"(599, 636, 180)","(584.5, 357.0, 180)"
247,82,1,XDL_XM3_XM4,0.0,0.0,0.0,"(599, 636, 180)","(945.0, 636.0, 180)"
248,82,2,XM5,-3169.1411976635272,2985.0,33907.98067695824,"(599, 636, 180)","(599.0, 636.0, 180)"
249,83,0,XDP_XM1_XM2,0.0,0.0,0.0,"(599, 636, 180)","(584.5, 357.0, 180)"
250,83,1,XDL_XM3_XM4,0.0,0.0,0.0,"(599, 636, 180)","(945.0, 636.0, 180)"
251,83,2,XM5,-3169.1411976635272,2985.0,33907.98067695824,"(599, 636, 180)","(599.0, 636.0, 180)"
252,84,0,XM5,0.0,0.0,0.0,"(599, 636, 180)","(599.0, 357.0, 180)"
253,84,1,XDL_XM3_XM4,0.0,0.0,0.0,"(599, 636, 180)","(959.5, 636.0, 180)"
254,84,2,XDP_XM1_XM2,-3108.035991145352,2918.0,36113.67793059633,"(599, 636, 180)","(599.0, 636.0, 180)"
255,85,0,XDP_XM1_XM2,0.0,0.0,0.0,"(599, 636, 180)","(959.5, 357.0, 180)"
256,85,1,XM5,0.0,0.0,0.0,"(599, 636, 180)","(945.0, 636.0, 180)"
257,85,2,XDL_XM3_XM4,-2905.4051852605644,2725.0,32546.030868898575,"(599, 636, 180)","(599.0, 636.0, 180)"
258,86,0,XM5,0.0,0.0,0.0,"(599, 636, 180)","(945.0, 357.0, 180)"
259,86,1,XDP_XM1_XM2,0.0,0.0,0.0,"(599, 636, 180)","(959.5, 636.0, 180)"
260,86,2,XDL_XM3_XM4,-2790.013514817583,2658.0,17427.56809449232,"(599, 636, 180)","(599.0, 636.0, 180)"
261,87,0,XDP_XM1_XM2,0.0,0.0,0.0,"(599, 636, 180)","(584.5, 357.0, 180)"
262,87,1,XDL_XM3_XM4,0.0,0.0,0.0,"(599, 636, 180)","(945.0, 636.0, 180)"
263,87,2,XM5,-3169.1411976635272,2985.0,33907.98067695824,"(599, 636, 180)","(599.0, 636.0, 180)"
264,88,0,XDP_XM1_XM2,0.0,0.0,0.0,"(599, 636, 180)","(959.5, 357.0, 180)"
265,88,1,XM5,0.0,0.0,0.0,"(599, 636, 180)","(945.0, 636.0, 180)"
266,88,2,XDL_XM3_XM4,-2905.4051852605644,2725.0,32546.030868898575,"(599, 636, 180)","(599.0, 636.0, 180)"
267,89,0,XDL_XM3_XM4,0.0,0.0,0.0,"(599, 636, 180)","(959.5, 636.0, 180)"
268,89,1,XDP_XM1_XM2,0.0,0.0,0.0,"(599, 636, 180)","(599.0, 357.0, 180)"
269,89,2,XM5,-3166.8237199275627,2985.0,33059.8651282968,"(599, 636, 180)","(599.0, 636.0, 180)"
270,90,0,XM5,0.0,0.0,0.0,"(599, 636, 180)","(945.0, 357.0, 180)"
271,90,1,XDP_XM1_XM2,0.0,0.0,0.0,"(599, 636, 180)","(959.5, 636.0, 180)"
272,90,2,XDL_XM3_XM4,-2790.013514817583,2658.0,17427.56809449232,"(599, 636, 180)","(599.0, 636.0, 180)"
273,91,0,XM5,0.0,0.0,0.0,"(599, 636, 180)","(599.0, 357.0, 180)"
274,91,1,XDL_XM3_XM4,0.0,0.0,0.0,"(599, 636, 180)","(959.5, 636.0, 180)"
275,91,2,XDP_XM1_XM2,-3108.035991145352,2918.0,36113.67793059633,"(599, 636, 180)","(599.0, 636.0, 180)"
276,92,0,XDP_XM1_XM2,0.0,0.0,0.0,"(599, 636, 180)","(584.5, 357.0, 180)"
277,92,1,XDL_XM3_XM4,0.0,0.0,0.0,"(599, 636, 180)","(945.0, 636.0, 180)"
278,92,2,XM5,-3169.1411976635272,2985.0,33907.98067695824,"(599, 636, 180)","(599.0, 636.0, 180)"
279,93,0,XM5,0.0,0.0,0.0,"(599, 636, 180)","(945.0, 357.0, 180)"
280,93,1,XDP_XM1_XM2,0.0,0.0,0.0,"(599, 636, 180)","(959.5, 636.0, 180)"
281,93,2,XDL_XM3_XM4,-2790.013514817583,2658.0,17427.56809449232,"(599, 636, 180)","(599.0, 636.0, 180)"
282,94,0,XDP_XM1_XM2,0.0,0.0,0.0,"(599, 636, 180)","(584.5, 357.0, 180)"
283,94,1,XDL_XM3_XM4,0.0,0.0,0.0,"(599, 636, 180)","(945.0, 636.0, 180)"
284,94,2,XM5,-3169.1411976635272,2985.0,33907.98067695824,"(599, 636, 180)","(599.0, 636.0, 180)"
285,95,0,XM5,0.0,0.0,0.0,"(599, 636, 180)","(599.0, 357.0, 180)"
286,95,1,XDL_XM3_XM4,0.0,0.0,0.0,"(599, 636, 180)","(959.5, 636.0, 180)"
287,95,2,XDP_XM1_XM2,-3108.035991145352,2918.0,36113.67793059633,"(599, 636, 180)","(599.0, 636.0, 180)"
288,96,0,XDP_XM1_XM2,0.0,0.0,0.0,"(599, 636, 180)","(584.5, 357.0, 180)"
289,96,1,XDL_XM3_XM4,0.0,0.0,0.0,"(599, 636, 180)","(945.0, 636.0, 180)"
290,96,2,XM5,-3169.1411976635272,2985.0,33907.98067695824,"(599, 636, 180)","(599.0, 636.0, 180)"
291,97,0,XDP_XM1_XM2,0.0,0.0,0.0,"(599, 636, 180)","(959.5, 357.0, 180)"
292,97,1,XM5,0.0,0.0,0.0,"(599, 636, 180)","(945.0, 636.0, 180)"
293,97,2,XDL_XM3_XM4,-2905.4051852605644,2725.0,32546.030868898575,"(599, 636, 180)","(599.0, 636.0, 180)"
294,98,0,XDP_XM1_XM2,0.0,0.0,0.0,"(599, 636, 180)","(584.5, 357.0, 180)"
295,98,1,XDL_XM3_XM4,0.0,0.0,0.0,"(599, 636, 180)","(945.0, 636.0, 180)"
296,98,2,XM5,-3169.1411976635272,2985.0,33907.98067695824,"(599, 636, 180)","(599.0, 636.0, 180)"
297,99,0,XM5,0.0,0.0,0.0,"(599, 636, 180)","(599.0, 357.0, 180)"
298,99,1,XDL_XM3_XM4,0.0,0.0,0.0,"(599, 636, 180)","(959.5, 636.0, 180)"
299,99,2,XDP_XM1_XM2,-3108.035991145352,2918.0,36113.67793059633,"(599, 636, 180)","(599.0, 636.0, 180)"
300,100,0,XDP_XM1_XM2,0.0,0.0,0.0,"(850, 50, 0)","(850.0, 50.0, 0)"
301,100,1,XDL_XM3_XM4,0.0,0.0,0.0,"(115, 548, 180)","(115.0, 548.0, 180)"
302,100,2,XM5,-5854.339577454357,5621.0,54447.358406577674,"(906, 982, 180)","(906.0, 982.0, 180)"
303,101,0,XDL_XM3_XM4,0.0,0.0,0.0,"(466, 1159, 90)","(466.0, 1159.0, 90)"
304,101,1,XM5,0.0,0.0,0.0,"(1206, 398, 180)","(1206.0, 398.0, 180)"
305,101,2,XDP_XM1_XM2,-6471.318157734988,6136.0,112438.26690678629,"(140, 1441, 180)","(140.0, 1446.5, 180)"
306,102,0,XDL_XM3_XM4,0.0,0.0,0.0,"(1154, 29, 180)","(1154.0, 29.0, 180)"
307,102,1,XM5,0.0,0.0,0.0,"(1428, 588, 180)","(1428.0, 588.0, 180)"
308,102,2,XDP_XM1_XM2,-4138.516764899851,3947.0,36678.6712377048,"(941, 152, 180)","(793.5, 152.0, 180)"
309,103,0,XDL_XM3_XM4,0.0,0.0,0.0,"(822, 726, 180)","(822.0, 726.0, 180)"
310,103,1,XDP_XM1_XM2,0.0,0.0,0.0,"(63, 528, 180)","(63.0, 528.0, 180)"
311,103,2,XM5,-5416.235722940158,5126.0,84236.77487059611,"(875, 338, 0)","(875.0, 218.0, 0)"
312,104,0,XDL_XM3_XM4,0.0,0.0,0.0,"(147, 37, 180)","(147.0, 37.0, 180)"
313,104,1,XDP_XM1_XM2,0.0,0.0,0.0,"(1438, 186, 180)","(1438.0, 186.0, 180)"
314,104,2,XM5,-5821.027358827064,5625.0,38426.72540871433,"(591, 381, 0)","(591.0, 381.0, 0)"
315,105,0,XDP_XM1_XM2,0.0,0.0,0.0,"(93, 939, 270)","(93.0, 939.0, 270)"
316,105,1,XDL_XM3_XM4,0.0,0.0,0.0,"(474, 1520, 180)","(474.0, 1520.0, 180)"
317,105,2,XM5,-4405.770323478209,4187.0,47860.45443476045,"(286, 285, 180)","(286.0, 285.0, 180)"
318,106,0,XDP_XM1_XM2,0.0,0.0,0.0,"(128, 777, 180)","(128.0, 777.0, 180)"
319,106,1,XDL_XM3_XM4,0.0,0.0,0.0,"(1028, 535, 180)","(1028.0, 535.0, 180)"
320,106,2,XM5,-4617.627759204011,4414.0,41464.264318447,"(344, 1204, 180)","(344.0, 1204.0, 180)"
321,107,0,XDP_XM1_XM2,0.0,0.0,0.0,"(461, 1509, 0)","(171.5, 1509.0, 0)"
322,107,1,XM5,0.0,0.0,0.0,"(427, 899, 180)","(427.0, 899.0, 180)"
323,107,2,XDL_XM3_XM4,-3841.0329603584273,3630.0,44534.91035764157,"(532, 1428, 180)","(532.0, 1428.0, 180)"
324,108,0,XDP_XM1_XM2,0.0,0.0,0.0,"(709, 481, 0)","(506.5, 687.5, 0)"
325,108,1,XDL_XM3_XM4,0.0,0.0,0.0,"(867, 217, 180)","(867.0, 217.0, 180)"
326,108,2,XM5,-3757.7490032847827,3516.0,58442.580589185935,"(642, 350, 270)","(579.5, 350.0, 270)"
327,109,0,XDP_XM1_XM2,0.0,0.0,0.0,"(1003, 531, 0)","(1003.0, 531.0, 0)"
328,109,1,XM5,0.0,0.0,0.0,"(1540, 824, 180)","(1540.0, 824.0, 180)"
329,109,2,XDL_XM3_XM4,-4733.686162417572,4553.0,32647.489289189107,"(290, 576, 180)","(290.0, 576.0, 180)"
330,110,0,XM5,0.0,0.0,0.0,"(185, 979, 180)","(185.0, 979.0, 180)"
331,110,1,XDL_XM3_XM4,0.0,0.0,0.0,"(161, 1450, 90)","(161.0, 1450.0, 90)"
332,110,2,XDP_XM1_XM2,-10584.137706017125,10018.0,320511.9021743327,"(1192, 60, 270)","(1192.0, 60.0, 270)"
333,111,0,XDP_XM1_XM2,0.0,0.0,0.0,"(989, 409, 0)","(989.0, 409.0, 0)"
334,111,1,XDL_XM3_XM4,0.0,0.0,0.0,"(982, 31, 180)","(982.0, -99.0, 180)"
335,111,2,XM5,-4688.490590286569,4489.0,39796.495612883984,"(1487, 894, 180)","(1487.0, 894.0, 180)"
336,112,0,XM5,0.0,0.0,0.0,"(913, 84, 180)","(913.0, 84.0, 180)"
337,112,1,XDL_XM3_XM4,0.0,0.0,0.0,"(188, 1180, 180)","(188.0, 1180.0, 180)"
338,112,2,XDP_XM1_XM2,-4979.136238258678,4778.0,40455.7863408514,"(124, 464, 180)","(124.0, 464.0, 180)"
339,113,0,XM5,0.0,0.0,0.0,"(1163, 94, 0)","(1163.0, 94.0, 0)"
340,113,1,XDL_XM3_XM4,0.0,0.0,0.0,"(1354, 407, 180)","(1509.0, 407.0, 180)"
341,113,2,XDP_XM1_XM2,-4487.106314869934,4278.0,43725.450918483984,"(684, 271, 180)","(684.0, 271.0, 180)"
342,114,0,XM5,0.0,0.0,0.0,"(414, 333, 270)","(414.0, 232.5, 270)"
343,114,1,XDP_XM1_XM2,0.0,0.0,0.0,"(460, 570, 180)","(460.0, 570.0, 180)"
344,114,2,XDL_XM3_XM4,-3518.6042893770878,3477.0,1730.9168945724518,"(597, 1330, 270)","(597.0, 1330.0, 270)"
345,115,0,XDL_XM3_XM4,0.0,0.0,0.0,"(63, 108, 180)","(63.0, 108.0, 180)"
346,115,1,XDP_XM1_XM2,0.0,0.0,0.0,"(1406, 1202, 0)","(1406.0, 1202.0, 0)"
347,115,2,XM5,-8520.818835817043,8117.0,163069.6521606322,"(162, 1063, 0)","(162.0, 1063.0, 0)"
348,116,0,XDL_XM3_XM4,0.0,0.0,0.0,"(391, 521, 0)","(391.0, 521.0, 0)"
349,116,1,XM5,0.0,0.0,0.0,"(651, 1541, 180)","(651.0, 1541.0, 180)"
350,116,2,XDP_XM1_XM2,-5400.820467695344,5180.0,48761.67895319028,"(947, 1472, 180)","(1061.5, 1472.0, 180)"
351,117,0,XDP_XM1_XM2,0.0,0.0,0.0,"(520, 1143, 180)","(520.0, 1143.0, 180)"
352,117,1,XDL_XM3_XM4,0.0,0.0,0.0,"(1203, 656, 0)","(1203.0, 656.0, 0)"
353,117,2,XM5,-4948.692294311674,4721.0,51843.78088891391,"(37, 866, 180)","(37.0, 866.0, 180)"
354,118,0,XDL_XM3_XM4,0.0,0.0,0.0,"(777, 233, 180)","(777.0, 233.0, 180)"
355,118,1,XDP_XM1_XM2,0.0,0.0,0.0,"(979, 757, 0)","(979.0, 757.0, 0)"
356,118,2,XM5,-4187.7286075642605,3931.0,65909.5779418843,"(771, 144, 270)","(489.5, 144.0, 270)"
357,119,0,XDP_XM1_XM2,0.0,0.0,0.0,"(806, 1470, 0)","(509.5, 1470.0, 0)"
358,119,1,XDL_XM3_XM4,0.0,0.0,0.0,"(870, 1415, 180)","(870.0, 1415.0, 180)"
359,119,2,XM5,-4214.921816899619,3943.0,73941.47450599041,"(1133, 1511, 180)","(1216.0, 1511.0, 180)"
360,120,0,XDP_XM1_XM2,0.0,0.0,0.0,"(1019, 679, 0)","(1019.0, 679.0, 0)"
361,120,1,XDL_XM3_XM4,0.0,0.0,0.0,"(1094, 1313, 180)","(1094.0, 1313.0, 180)"
362,120,2,XM5,-4928.464283240491,4617.0,97009.99973451253,"(1450, 1287, 0)","(1450.0, 1287.0, 0)"
363,121,0,XM5,0.0,0.0,0.0,"(965, 892, 0)","(965.0, 892.0, 0)"
364,121,1,XDL_XM3_XM4,0.0,0.0,0.0,"(1015, 1508, 180)","(1015.0, 1508.0, 180)"
365,121,2,XDP_XM1_XM2,-4591.2906828251125,4348.0,59190.35634950941,"(453, 1103, 180)","(453.0, 1103.0, 180)"
366,122,0,XDP_XM1_XM2,0.0,0.0,0.0,"(936, 479, 180)","(936.0, 479.0, 180)"
367,122,1,XM5,0.0,0.0,0.0,"(134, 791, 180)","(134.0, 791.0, 180)"
368,122,2,XDL_XM3_XM4,-4679.6032503923,4461.0,47787.381082078624,"(1225, 906, 0)","(1296.5, 906.0, 0)"
369,123,0,XM5,0.0,0.0,0.0,"(1365, 504, 180)","(1365.0, 504.0, 180)"
370,123,1,XDL_XM3_XM4,0.0,0.0,0.0,"(166, 1268, 270)","(166.0, 1268.0, 270)"
371,123,2,XDP_XM1_XM2,-4607.866741453533,4454.0,23674.97412552835,"(218, 755, 270)","(218.0, 755.0, 270)"
372,124,0,XM5,0.0,0.0,0.0,"(1175, 870, 180)","(1175.0, 870.0, 180)"
373,124,1,XDL_XM3_XM4,0.0,0.0,0.0,"(306, 1525, 180)","(306.0, 1525.0, 180)"
374,124,2,XDP_XM1_XM2,-5637.503553714471,5378.0,67342.09439043929,"(1268, 556, 180)","(1268.0, 556.0, 180)"
375,125,0,XM5,0.0,0.0,0.0,"(517, 607, 0)","(517.0, 607.0, 0)"
376,125,1,XDP_XM1_XM2,0.0,0.0,0.0,"(979, 969, 180)","(979.0, 969.0, 180)"
377,125,2,XDL_XM3_XM4,-5005.902800007726,4731.0,75571.54945208768,"(242, 865, 180)","(171.0, 865.0, 180)"
378,126,0,XDL_XM3_XM4,0.0,0.0,0.0,"(849, 560, 270)","(849.0, 560.0, 270)"
379,126,1,XDP_XM1_XM2,0.0,0.0,0.0,"(620, 937, 180)","(620.0, 937.0, 180)"
380,126,2,XM5,-3336.1585759107365,3214.0,14922.71766853915,"(508, 1334, 180)","(508.0, 1334.0, 180)"
381,127,0,XM5,0.0,0.0,0.0,"(267, 944, 270)","(267.0, 944.0, 270)"
382,127,1,XDP_XM1_XM2,0.0,0.0,0.0,"(1157, 227, 0)","(1157.0, 227.0, 0)"
383,127,2,XDL_XM3_XM4,-8278.777871015638,7801.0,228271.6940322363,"(228, 1309, 270)","(228.0, 1309.0, 270)"
384,128,0,XDP_XM1_XM2,0.0,0.0,0.0,"(314, 927, 0)","(314.0, 927.0, 0)"
385,128,1,XM5,0.0,0.0,0.0,"(1159, 675, 180)","(1159.0, 675.0, 180)"
386,128,2,XDL_XM3_XM4,-5163.243044932237,4942.0,48948.484930888146,"(963, 1207, 180)","(963.0, 1207.0, 180)"
387,129,0,XDP_XM1_XM2,0.0,0.0,0.0,"(1341, 1069, 180)","(1341.0, 1069.0, 180)"
388,129,1,XDL_XM3_XM4,0.0,0.0,0.0,"(803, 1154, 270)","(803.0, 1378.5, 270)"
389,129,2,XM5,-3945.4210778547895,3712.0,54485.39958689178,"(870, 1091, 0)","(870.0, 1091.0, 0)"
390,130,0,XDP_XM1_XM2,0.0,0.0,0.0,"(54, 174, 0)","(54.0, 174.0, 0)"
391,130,1,XDL_XM3_XM4,0.0,0.0,0.0,"(433, 864, 270)","(433.0, 864.0, 270)"
392,130,2,XM5,-5525.54351122166,5233.0,85581.70595789743,"(851, 335, 180)","(851.0, 335.0, 180)"
393,131,0,XDP_XM1_XM2,0.0,0.0,0.0,"(934, 1530, 180)","(934.0, 1530.0, 180)"
394,131,1,XDL_XM3_XM4,0.0,0.0,0.0,"(292, 348, 180)","(292.0, 348.0, 180)"
395,131,2,XM5,-7877.460120998049,7537.0,115913.09399000625,"(864, 245, 0)","(864.0, 245.0, 0)"
396,132,0,XM5,0.0,0.0,0.0,"(1298, 73, 270)","(1298.0, 73.0, 270)"
397,132,1,XDL_XM3_XM4,0.0,0.0,0.0,"(67, 538, 270)","(67.0, 538.0, 270)"
398,132,2,XDP_XM1_XM2,-8468.225747275226,8151.0,100632.17473432535,"(740, 1442, 180)","(740.0, 1442.0, 180)"
399,133,0,XM5,0.0,0.0,0.0,"(738, 1211, 180)","(738.0, 1211.0, 180)"
400,133,1,XDP_XM1_XM2,0.0,0.0,0.0,"(23, 801, 180)","(23.0, 801.0, 180)"
401,133,2,XDL_XM3_XM4,-6327.944245076109,6065.0,69139.67601864506,"(1066, 335, 180)","(1066.0, 335.0, 180)"
402,134,0,XDP_XM1_XM2,0.0,0.0,0.0,"(685, 1244, 0)","(685.0, 1244.0, 0)"
403,134,1,XDL_XM3_XM4,0.0,0.0,0.0,"(1226, 900, 0)","(1226.0, 900.0, 0)"
404,134,2,XM5,-4761.656731270387,4534.0,51827.58729271719,"(1268, 1541, 270)","(1268.0, 1541.0, 270)"
405,135,0,XDL_XM3_XM4,0.0,0.0,0.0,"(314, 186, 180)","(314.0, 186.0, 180)"
406,135,1,XDP_XM1_XM2,0.0,0.0,0.0,"(396, 1497, 180)","(396.0, 1497.0, 180)"
407,135,2,XM5,-7734.843473449986,7349.0,148875.18600394987,"(222, 186, 180)","(-32.0, 186.0, 180)"
408,136,0,XDP_XM1_XM2,0.0,0.0,0.0,"(1170, 1288, 180)","(1170.0, 1288.0, 180)"
409,136,1,XDL_XM3_XM4,0.0,0.0,0.0,"(647, 1133, 180)","(647.0, 1133.0, 180)"
410,136,2,XM5,-4967.777075083038,4663.0,92889.0654961717,"(610, 715, 180)","(610.0, 625.0, 180)"
411,137,0,XDP_XM1_XM2,0.0,0.0,0.0,"(1302, 920, 180)","(1302.0, 920.0, 180)"
412,137,1,XM5,0.0,0.0,0.0,"(1274, 473, 180)","(1274.0, 473.0, 180)"
413,137,2,XDL_XM3_XM4,-3953.939374252219,3737.0,47062.69210094426,"(1034, 1341, 0)","(1034.0, 1428.0, 0)"
414,138,0,XDP_XM1_XM2,0.0,0.0,0.0,"(787, 317, 180)","(787.0, 317.0, 180)"
415,138,1,XM5,0.0,0.0,0.0,"(637, 1022, 0)","(637.0, 1022.0, 0)"
416,138,2,XDL_XM3_XM4,-5791.254692866338,5482.0,95638.46505985294,"(125, 1256, 180)","(125.0, 1256.0, 180)"
417,139,0,XM5,0.0,0.0,0.0,"(884, 453, 180)","(884.0, 453.0, 180)"
418,139,1,XDL_XM3_XM4,0.0,0.0,0.0,"(1485, 191, 270)","(1485.0, 191.0, 270)"
419,139,2,XDP_XM1_XM2,-6453.348562035059,6176.0,76922.22486291525,"(906, 1380, 0)","(906.0, 1380.0, 0)"
420,140,0,XDP_XM1_XM2,0.0,0.0,0.0,"(1501, 82, 180)","(1501.0, 82.0, 180)"
421,140,1,XM5,0.0,0.0,0.0,"(449, 170, 270)","(449.0, 170.0, 270)"
422,140,2,XDL_XM3_XM4,-6584.654918813575,6292.0,85646.90150578036,"(97, 357, 180)","(97.0, 357.0, 180)"
423,141,0,XDL_XM3_XM4,0.0,0.0,0.0,"(165, 68, 270)","(165.0, 68.0, 270)"
424,141,1,XDP_XM1_XM2,0.0,0.0,0.0,"(1484, 233, 90)","(1484.0, 233.0, 90)"
425,141,2,XM5,-6417.398027296372,6146.0,73656.88922036214,"(909, 980, 0)","(909.0, 980.0, 0)"
426,142,0,XDP_XM1_XM2,0.0,0.0,0.0,"(241, 761, 0)","(241.0, 912.0, 0)"
427,142,1,XDL_XM3_XM4,0.0,0.0,0.0,"(1378, 436, 270)","(1378.0, 436.0, 270)"
428,142,2,XM5,-5337.746526873324,5044.0,86287.02205014022,"(456, 633, 180)","(456.0, 633.0, 180)"
429,143,0,XDP_XM1_XM2,0.0,0.0,0.0,"(450, 711, 270)","(450.0, 711.0, 270)"
430,143,1,XM5,0.0,0.0,0.0,"(840, 1508, 180)","(840.0, 1508.0, 180)"
431,143,2,XDL_XM3_XM4,-5549.489502194608,5217.0,110549.26906961811,"(1067, 776, 180)","(1067.0, 776.0, 180)"
432,144,0,XM5,0.0,0.0,0.0,"(1513, 657, 180)","(1513.0, 657.0, 180)"
433,144,1,XDL_XM3_XM4,0.0,0.0,0.0,"(334, 1187, 180)","(334.0, 1187.0, 180)"
434,144,2,XDP_XM1_XM2,-4541.873586588406,4465.0,5909.548314965161,"(328, 630, 180)","(328.0, 630.0, 180)"
435,145,0,XM5,0.0,0.0,0.0,"(1214, 329, 0)","(1214.0, 329.0, 0)"
436,145,1,XDP_XM1_XM2,0.0,0.0,0.0,"(50, 666, 180)","(50.0, 666.0, 180)"
437,145,2,XDL_XM3_XM4,-5419.411847241272,5192.0,51716.14826568779,"(441, 1016, 270)","(441.0, 1016.0, 270)"
438,146,0,XDP_XM1_XM2,0.0,0.0,0.0,"(485, 188, 270)","(485.0, 188.0, 270)"
439,146,1,XDL_XM3_XM4,0.0,0.0,0.0,"(886, 1186, 90)","(886.0, 1186.0, 90)"
440,146,2,XM5,-6732.16814027503,6401.0,109672.33713322172,"(1480, 478, 180)","(1480.0, 478.0, 180)"
441,147,0,XM5,0.0,0.0,0.0,"(317, 1084, 180)","(317.0, 1084.0, 180)"
442,147,1,XDP_XM1_XM2,0.0,0.0,0.0,"(1168, 486, 0)","(1168.0, 486.0, 0)"
443,147,2,XDL_XM3_XM4,-5197.2270554322495,5010.0,35053.97028583079,"(983, 19, 180)","(983.0, -22.0, 180)"
444,148,0,XDP_XM1_XM2,0.0,0.0,0.0,"(768, 618, 0)","(768.0, 618.0, 0)"
445,148,1,XDL_XM3_XM4,0.0,0.0,0.0,"(58, 150, 180)","(58.0, 150.0, 180)"
446,148,2,XM5,-5928.023372824929,5569.0,128897.78223458766,"(17, 306, 0)","(-288.0, 306.0, 0)"
447,149,0,XM5,0.0,0.0,0.0,"(551, 1365, 180)","(551.0, 1365.0, 180)"
448,149,1,XDL_XM3_XM4,0.0,0.0,0.0,"(324, 175, 180)","(324.0, 175.0, 180)"
449,149,2,XDP_XM1_XM2,-6383.160984363059,6122.0,68205.05975348163,"(1196, 752, 0)","(1196.0, 752.0, 0)"
450,150,0,XM5,0.0,0.0,0.0,"(279, 1037, 180)","(279.0, 1037.0, 180)"
451,150,1,XDP_XM1_XM2,0.0,0.0,0.0,"(548, 1432, 180)","(548.0, 1432.0, 180)"
452,150,2,XDL_XM3_XM4,-5258.52781958289,4969.0,83826.35831242206,"(102, 488, 180)","(102.0, 488.0, 180)"
453,151,0,XDP_XM1_XM2,0.0,0.0,0.0,"(1210, 180, 180)","(1210.0, 180.0, 180)"
454,151,1,XDL_XM3_XM4,0.0,0.0,0.0,"(922, 1354, 0)","(922.0, 1354.0, 0)"
455,151,2,XM5,-6851.160364167278,6508.0,117759.03553541905,"(948, 1398, 180)","(1268.0, 1398.0, 180)"
456,152,0,XDL_XM3_XM4,0.0,0.0,0.0,"(536, 341, 270)","(536.0, 341.0, 270)"
457,152,1,XM5,0.0,0.0,0.0,"(237, 46, 180)","(237.0, 46.0, 180)"
458,152,2,XDP_XM1_XM2,-6542.384474090221,6145.0,157914.42024796194,"(1514, 322, 180)","(1514.0, 322.0, 180)"
459,153,0,XDP_XM1_XM2,0.0,0.0,0.0,"(283, 331, 180)","(283.0, 224.0, 180)"
460,153,1,XDL_XM3_XM4,0.0,0.0,0.0,"(954, 1106, 270)","(954.0, 1106.0, 270)"
461,153,2,XM5,-4955.940125174568,4689.0,71257.03042821359,"(557, 503, 180)","(557.0, 503.0, 180)"
462,154,0,XDP_XM1_XM2,0.0,0.0,0.0,"(188, 652, 270)","(188.0, 652.0, 270)"
463,154,1,XDL_XM3_XM4,0.0,0.0,0.0,"(722, 1247, 180)","(416.0, 1247.0, 180)"
464,154,2,XM5,-5020.197285812452,4691.0,108370.85298628514,"(762, 1084, 180)","(762.0, 1084.0, 180)"
465,155,0,XDP_XM1_XM2,0.0,0.0,0.0,"(1063, 282, 0)","(1386.5, 282.0, 0)"
466,155,1,XDL_XM3_XM4,0.0,0.0,0.0,"(1026, 390, 180)","(1026.0, 390.0, 180)"
467,155,2,XM5,-6437.169216651763,6120.0,100596.31199149335,"(97, 1164, 180)","(97.0, 1164.0, 180)"
468,156,0,XM5,0.0,0.0,0.0,"(1173, 779, 180)","(1173.0, 779.0, 180)"
469,156,1,XDL_XM3_XM4,0.0,0.0,0.0,"(1031, 932, 180)","(827.0, 932.0, 180)"
470,156,2,XDP_XM1_XM2,-3192.8259107043714,3043.0,22447.803518394285,"(984, 449, 180)","(984.0, 424.0, 180)"
471,157,0,XDL_XM3_XM4,0.0,0.0,0.0,"(1437, 257, 270)","(1437.0, 257.0, 270)"
472,157,1,XDP_XM1_XM2,0.0,0.0,0.0,"(1268, 1256, 180)","(1268.0, 1317.0, 180)"
473,157,2,XM5,-4713.765381527952,4535.0,31957.061632834044,"(1069, 1038, 180)","(1069.0, 1038.0, 180)"
474,158,0,XM5,0.0,0.0,0.0,"(1526, 1170, 180)","(1526.0, 1170.0, 180)"
475,158,1,XDL_XM3_XM4,0.0,0.0,0.0,"(442, 173, 0)","(442.0, 173.0, 0)"
476,158,2,XDP_XM1_XM2,-5523.996083879489,5319.0,42023.39440592647,"(346, 1148, 270)","(346.0, 1148.0, 270)"
477,159,0,XM5,0.0,0.0,0.0,"(15, 528, 180)","(15.0, 528.0, 180)"
478,159,1,XDP_XM1_XM2,0.0,0.0,0.0,"(731, 1352, 0)","(731.0, 1352.0, 0)"
479,159,2,XDL_XM3_XM4,-7015.893267545736,6631.0,148142.82740203358,"(430, 87, 0)","(430.0, 87.0, 0)"
480,160,0,XDL_XM3_XM4,0.0,0.0,0.0,"(901, 79, 180)","(901.0, 79.0, 180)"
481,160,1,XM5,0.0,0.0,0.0,"(318, 737, 0)","(318.0, 737.0, 0)"
482,160,2,XDP_XM1_XM2,-5243.319562878418,4973.0,73072.66607477902,"(382, 1056, 270)","(382.0, 1089.0, 270)"
483,161,0,XDL_XM3_XM4,0.0,0.0,0.0,"(960, 1385, 180)","(960.0, 1385.0, 180)"
484,161,1,XDP_XM1_XM2,0.0,0.0,0.0,"(339, 252, 0)","(339.0, 252.0, 0)"
485,161,2,XM5,-5193.423785210086,4965.0,52177.42564970337,"(129, 14, 180)","(129.0, -27.0, 180)"
486,162,0,XDP_XM1_XM2,0.0,0.0,0.0,"(139, 1366, 180)","(139.0, 1444.0, 180)"
487,162,1,XDL_XM3_XM4,0.0,0.0,0.0,"(201, 936, 180)","(201.0, 936.0, 180)"
488,162,2,XM5,-4975.529831508451,4774.0,40614.27298782449,"(1414, 1374, 180)","(1414.0, 1374.0, 180)"
489,163,0,XDP_XM1_XM2,0.0,0.0,0.0,"(376, 1434, 180)","(202.5, 1434.0, 180)"
490,163,1,XDL_XM3_XM4,0.0,0.0,0.0,"(563, 1330, 180)","(563.0, 1330.0, 180)"
491,163,2,XM5,-3558.1873639428723,3354.0,41692.479593939046,"(590, 1482, 0)","(909.0, 1482.0, 0)"
492,164,0,XDL_XM3_XM4,0.0,0.0,0.0,"(124, 1454, 0)","(-86.5, 1454.0, 0)"
493,164,1,XM5,0.0,0.0,0.0,"(1375, 1006, 180)","(1375.0, 1006.0, 180)"
494,164,2,XDP_XM1_XM2,-4920.4343336873135,4709.0,44704.477461798255,"(274, 1235, 0)","(274.0, 1235.0, 0)"
495,165,0,XDL_XM3_XM4,0.0,0.0,0.0,"(651, 1126, 0)","(651.0, 1126.0, 0)"
496,165,1,XDP_XM1_XM2,0.0,0.0,0.0,"(26, 49, 180)","(26.0, -60.0, 180)"
497,165,2,XM5,-5442.518998904241,5161.0,79252.94674404628,"(267, 219, 180)","(267.0, 219.0, 180)"
498,166,0,XDP_XM1_XM2,0.0,0.0,0.0,"(1549, 1416, 0)","(1549.0, 1416.0, 0)"
499,166,1,XM5,0.0,0.0,0.0,"(148, 922, 0)","(148.0, 922.0, 0)"
500,166,2,XDL_XM3_XM4,-7760.996510696795,7319.0,195360.91546814214,"(641, 798, 180)","(641.0, 798.0, 180)"
501,167,0,XDL_XM3_XM4,0.0,0.0,0.0,"(2, 120, 0)","(2.0, 120.0, 0)"
502,167,1,XDP_XM1_XM2,0.0,0.0,0.0,"(116, 1333, 0)","(116.0, 1333.0, 0)"
503,167,2,XM5,-6062.456696763935,5833.0,52650.37568981627,"(819, 1530, 180)","(819.0, 1530.0, 180)"
504,168,0,XM5,0.0,0.0,0.0,"(1274, 165, 180)","(1274.0, 165.0, 180)"
505,168,1,XDP_XM1_XM2,0.0,0.0,0.0,"(183, 778, 270)","(183.0, 778.0, 270)"
506,168,2,XDL_XM3_XM4,-7783.567379467304,7329.0,206631.50247577202,"(1551, 403, 270)","(1551.0, 452.5, 270)"
507,169,0,XM5,0.0,0.0,0.0,"(702, 1065, 180)","(702.0, 927.0, 180)"
508,169,1,XDL_XM3_XM4,0.0,0.0,0.0,"(1125, 1313, 0)","(1125.0, 1313.0, 0)"
509,169,2,XDP_XM1_XM2,-3115.333718495474,2973.0,20258.887420748826,"(607, 1206, 180)","(607.0, 1206.0, 180)"
510,170,0,XDP_XM1_XM2,0.0,0.0,0.0,"(1478, 473, 270)","(1478.0, 473.0, 270)"
511,170,1,XDL_XM3_XM4,0.0,0.0,0.0,"(1074, 1107, 0)","(1074.0, 1107.0, 0)"
512,170,2,XM5,-4375.441309011053,4159.0,46846.84024641812,"(1201, 305, 180)","(1201.0, 121.0, 180)"
513,171,0,XM5,0.0,0.0,0.0,"(710, 200, 270)","(710.0, 200.0, 270)"
514,171,1,XDL_XM3_XM4,0.0,0.0,0.0,"(698, 801, 180)","(698.0, 801.0, 180)"
515,171,2,XDP_XM1_XM2,-6131.8016385579685,5783.0,121662.58306072377,"(59, 1043, 0)","(59.0, 1043.0, 0)"
516,172,0,XM5,0.0,0.0,0.0,"(419, 1485, 180)","(419.0, 1485.0, 180)"
517,172,1,XDP_XM1_XM2,0.0,0.0,0.0,"(1079, 1382, 180)","(1079.0, 1382.0, 180)"
518,172,2,XDL_XM3_XM4,-4597.451127583832,4544.0,2857.0230399830666,"(155, 1268, 180)","(73.0, 1268.0, 180)"
519,173,0,XDL_XM3_XM4,0.0,0.0,0.0,"(1048, 1555, 270)","(1048.0, 1788.5, 270)"
520,173,1,XDP_XM1_XM2,0.0,0.0,0.0,"(1354, 72, 180)","(1354.0, 72.0, 180)"
521,173,2,XM5,-8452.416222244105,8051.0,161134.98348072765,"(1065, 1501, 0)","(1065.0, 1501.0, 0)"
522,174,0,XDL_XM3_XM4,0.0,0.0,0.0,"(1384, 398, 180)","(1384.0, 398.0, 180)"
523,174,1,XDP_XM1_XM2,0.0,0.0,0.0,"(1354, 1240, 180)","(1354.0, 1275.0, 180)"
524,174,2,XM5,-4237.659451288682,4029.0,43538.76661209392,"(1120, 996, 180)","(1120.0, 996.0, 180)"
525,175,0,XDL_XM3_XM4,0.0,0.0,0.0,"(1397, 748, 180)","(1397.0, 748.0, 180)"
526,175,1,XM5,0.0,0.0,0.0,"(1290, 1529, 180)","(1290.0, 1529.0, 180)"
527,175,2,XDP_XM1_XM2,-5762.481643096852,5425.0,113893.85942735102,"(903, 407, 180)","(903.0, 407.0, 180)"
528,176,0,XDL_XM3_XM4,0.0,0.0,0.0,"(885, 882, 180)","(885.0, 882.0, 180)"
529,176,1,XM5,0.0,0.0,0.0,"(486, 258, 180)","(486.0, 258.0, 180)"
530,176,2,XDP_XM1_XM2,-4880.440830742346,4672.0,43447.57992055968,"(1314, 195, 180)","(1314.0, 195.0, 180)"
531,177,0,XM5,0.0,0.0,0.0,"(535, 102, 180)","(535.0, 102.0, 180)"
532,177,1,XDL_XM3_XM4,0.0,0.0,0.0,"(680, 861, 90)","(680.0, 886.5, 90)"
533,177,2,XDP_XM1_XM2,-4766.74402656906,4554.0,45260.02084081716,"(1234, 599, 0)","(1234.0, 599.0, 0)"
534,178,0,XM5,0.0,0.0,0.0,"(1517, 957, 180)","(1517.0, 957.0, 180)"
535,178,1,XDL_XM3_XM4,0.0,0.0,0.0,"(1514, 32, 180)","(1514.0, 32.0, 180)"
536,178,2,XDP_XM1_XM2,-11231.48774417836,10684.0,299742.8300255082,"(41, 1456, 180)","(41.0, 1456.0, 180)"
537,179,0,XDP_XM1_XM2,0.0,0.0,0.0,"(1461, 227, 180)","(1461.0, 227.0, 180)"
538,179,1,XDL_XM3_XM4,0.0,0.0,0.0,"(1336, 1125, 180)","(1119.5, 1125.0, 180)"
539,179,2,XM5,-4538.461388906917,4330.0,43456.15066500084,"(1407, 871, 270)","(1407.0, 871.0, 270)"
540,180,0,XM5,0.0,0.0,0.0,"(222, 267, 0)","(222.0, 267.0, 0)"
541,180,1,XDL_XM3_XM4,0.0,0.0,0.0,"(1153, 1316, 180)","(1153.0, 1316.0, 180)"
542,180,2,XDP_XM1_XM2,-6186.349607635651,5906.0,78595.90250146392,"(370, 53, 180)","(370.0, -12.0, 180)"
543,181,0,XDL_XM3_XM4,0.0,0.0,0.0,"(542, 149, 180)","(542.0, 149.0, 180)"
544,181,1,XDP_XM1_XM2,0.0,0.0,0.0,"(625, 968, 180)","(625.0, 968.0, 180)"
545,181,2,XM5,-3870.5803671591584,3742.0,16532.910818783956,"(489, 1331, 180)","(489.0, 1331.0, 180)"
546,182,0,XDL_XM3_XM4,0.0,0.0,0.0,"(221, 344, 0)","(221.0, 344.0, 0)"
547,182,1,XM5,0.0,0.0,0.0,"(919, 1380, 180)","(919.0, 1380.0, 180)"
548,182,2,XDP_XM1_XM2,-5618.257205274877,5381.0,56290.98145484547,"(768, 78, 180)","(768.0, 78.0, 180)"
549,183,0,XDP_XM1_XM2,0.0,0.0,0.0,"(1501, 633, 180)","(1501.0, 633.0, 180)"
550,183,1,XDL_XM3_XM4,0.0,0.0,0.0,"(1395, 843, 270)","(1395.0, 920.5, 270)"
551,183,2,XM5,-4259.173073376067,4069.0,36165.79783729907,"(939, 56, 90)","(939.0, 56.0, 90)"
552,184,0,XDP_XM1_XM2,0.0,0.0,0.0,"(915, 122, 180)","(915.0, 122.0, 180)"
553,184,1,XM5,0.0,0.0,0.0,"(1134, 7, 180)","(1134.0, -157.0, 180)"
554,184,2,XDL_XM3_XM4,-4440.178043875308,4256.0,33921.55184573471,"(384, 889, 180)","(384.0, 889.0, 180)"
555,185,0,XM5,0.0,0.0,0.0,"(1448, 1551, 0)","(1448.0, 1551.0, 0)"
556,185,1,XDL_XM3_XM4,0.0,0.0,0.0,"(833, 601, 180)","(833.0, 601.0, 180)"
557,185,2,XDP_XM1_XM2,-6072.37753815137,5821.0,63190.66668704345,"(315, 675, 180)","(315.0, 675.0, 180)"
558,186,0,XM5,0.0,0.0,0.0,"(466, 87, 180)","(466.0, 87.0, 180)"
559,186,1,XDP_XM1_XM2,0.0,0.0,0.0,"(1336, 691, 0)","(1336.0, 691.0, 0)"
560,186,2,XDL_XM3_XM4,-7159.345206624821,6899.0,67779.62661252062,"(182, 1403, 180)","(182.0, 1403.0, 180)"
561,187,0,XM5,0.0,0.0,0.0,"(804, 976, 180)","(804.0, 976.0, 180)"
562,187,1,XDL_XM3_XM4,0.0,0.0,0.0,"(180, 792, 0)","(180.0, 792.0, 0)"
563,187,2,XDP_XM1_XM2,-4216.683221748701,4009.0,43132.32059592018,"(829, 1183, 270)","(829.0, 1328.0, 270)"
564,188,0,XM5,0.0,0.0,0.0,"(943, 1114, 180)","(943.0, 1114.0, 180)"
565,188,1,XDP_XM1_XM2,0.0,0.0,0.0,"(1111, 115, 180)","(1111.0, 115.0, 180)"
566,188,2,XDL_XM3_XM4,-4909.673836001307,4734.0,30861.296655413964,"(414, 223, 180)","(414.0, 223.0, 180)"
567,189,0,XDL_XM3_XM4,0.0,0.0,0.0,"(1311, 1328, 180)","(1311.0, 1328.0, 180)"
568,189,1,XM5,0.0,0.0,0.0,"(1339, 71, 180)","(1339.0, 71.0, 180)"
569,189,2,XDP_XM1_XM2,-5660.821148508322,5401.0,67507.0292121834,"(1242, 44, 0)","(1242.0, -208.0, 0)"
570,190,0,XDP_XM1_XM2,0.0,0.0,0.0,"(1045, 429, 180)","(1045.0, 429.0, 180)"
571,190,1,XDL_XM3_XM4,0.0,0.0,0.0,"(670, 159, 270)","(670.0, 141.5, 270)"
572,190,2,XM5,-4398.841896033676,4231.0,28170.902064179238,"(999, 1391, 0)","(999.0, 1391.0, 0)"
573,191,0,XDP_XM1_XM2,0.0,0.0,0.0,"(724, 747, 270)","(724.0, 747.0, 270)"
574,191,1,XDL_XM3_XM4,0.0,0.0,0.0,"(1473, 1055, 90)","(1473.0, 1055.0, 90)"
575,191,2,XM5,-4221.9750749527275,3975.0,60996.687647905295,"(1153, 725, 180)","(1153.0, 725.0, 180)"
576,192,0,XDL_XM3_XM4,0.0,0.0,0.0,"(465, 1216, 0)","(465.0, 1216.0, 0)"
577,192,1,XM5,0.0,0.0,0.0,"(585, 1031, 180)","(811.0, 1031.0, 180)"
578,192,2,XDP_XM1_XM2,-4978.381073652234,4669.0,95716.64873420911,"(10, 879, 0)","(10.0, 879.0, 0)"
579,193,0,XDP_XM1_XM2,0.0,0.0,0.0,"(947, 1101, 180)","(947.0, 1101.0, 180)"
580,193,1,XM5,0.0,0.0,0.0,"(439, 761, 0)","(439.0, 761.0, 0)"
581,193,2,XDL_XM3_XM4,-4310.048414081288,4124.0,34614.01238216221,"(1314, 1216, 270)","(1314.0, 1388.5, 270)"
582,194,0,XM5,0.0,0.0,0.0,"(1462, 1408, 270)","(1462.0, 1408.0, 270)"
583,194,1,XDL_XM3_XM4,0.0,0.0,0.0,"(703, 39, 180)","(703.0, 39.0, 180)"
584,194,2,XDP_XM1_XM2,-5933.100880482021,5722.0,44563.58174028467,"(666, 884, 0)","(666.0, 884.0, 0)"
585,195,0,XDP_XM1_XM2,0.0,0.0,0.0,"(514, 1093, 180)","(514.0, 1093.0, 180)"
586,195,1,XM5,0.0,0.0,0.0,"(719, 488, 180)","(719.0, 488.0, 180)"
587,195,2,XDL_XM3_XM4,-5610.841341390572,5362.0,61922.013185059055,"(1547, 1462, 180)","(1547.0, 1462.0, 180)"
588,196,0,XM5,0.0,0.0,0.0,"(566, 1318, 180)","(566.0, 1459.0, 180)"
589,196,1,XDL_XM3_XM4,0.0,0.0,0.0,"(1446, 107, 180)","(1446.0, 107.0, 180)"
590,196,2,XDP_XM1_XM2,-5937.70374876194,5676.0,68488.85211605241,"(564, 1180, 180)","(564.0, 1180.0, 180)"
591,197,0,XDL_XM3_XM4,0.0,0.0,0.0,"(718, 426, 180)","(718.0, 426.0, 180)"
592,197,1,XDP_XM1_XM2,0.0,0.0,0.0,"(797, 233, 0)","(1078.5, 233.0, 0)"
593,197,2,XM5,-5278.55473092183,5008.0,73199.86242418374,"(607, 1328, 180)","(607.0, 1328.0, 180)"
594,198,0,XDL_XM3_XM4,0.0,0.0,0.0,"(153, 759, 180)","(153.0, 759.0, 180)"
595,198,1,XM5,0.0,0.0,0.0,"(673, 501, 180)","(673.0, 501.0, 180)"
596,198,2,XDP_XM1_XM2,-5342.096996358194,5071.0,73493.5814344346,"(1317, 954, 0)","(1317.0, 954.0, 0)"
597,199,0,XM5,0.0,0.0,0.0,"(1110, 226, 180)","(1110.0, 226.0, 180)"
598,199,1,XDP_XM1_XM2,0.0,0.0,0.0,"(473, 1517, 180)","(473.0, 1517.0, 180)"
599,199,2,XDL_XM3_XM4,-6466.890483203174,6096.0,137559.75053068387,"(932, 1326, 180)","(932.0, 1326.0, 180)"
600,200,0,XDP_XM1_XM2,0.0,0.0,0.0,"(693, 1457, 90)","(693.0, 1457.0, 90)"
601,200,1,XDL_XM3_XM4,0.0,0.0,0.0,"(1069, 1512, 0)","(1069.0, 1512.0, 0)"
602,200,2,XM5,-5614.211204933918,5288.0,106413.75022443918,"(1229, 501, 180)","(1229.0, 501.0, 180)"
603,201,0,XM5,0.0,0.0,0.0,"(639, 571, 180)","(639.0, 571.0, 180)"
604,201,1,XDL_XM3_XM4,0.0,0.0,0.0,"(1001, 1492, 180)","(1001.0, 1492.0, 180)"
605,201,2,XDP_XM1_XM2,-5539.893067279654,5274.0,70699.12322738257,"(182, 941, 180)","(182.0, 941.0, 180)"
606,202,0,XM5,0.0,0.0,0.0,"(1253, 1414, 90)","(1253.0, 1414.0, 90)"
607,202,1,XDL_XM3_XM4,0.0,0.0,0.0,"(594, 1121, 0)","(594.0, 1121.0, 0)"
608,202,2,XDP_XM1_XM2,-3885.0040266416977,3670.0,46226.73147214393,"(553, 1128, 270)","(306.5, 1128.0, 270)"
609,203,0,XDP_XM1_XM2,0.0,0.0,0.0,"(1076, 409, 90)","(1076.0, 409.0, 90)"
610,203,1,XDL_XM3_XM4,0.0,0.0,0.0,"(378, 316, 0)","(378.0, 316.0, 0)"
611,203,2,XM5,-4299.354868225074,4078.0,48997.97768693968,"(1096, 958, 270)","(1096.0, 958.0, 270)"
612,204,0,XDP_XM1_XM2,0.0,0.0,0.0,"(1242, 1275, 180)","(1242.0, 1275.0, 180)"
613,204,1,XDL_XM3_XM4,0.0,0.0,0.0,"(230, 794, 180)","(230.0, 794.0, 180)"
614,204,2,XM5,-5436.482572647296,5173.0,69423.06608883766,"(737, 1276, 0)","(737.0, 1276.0, 0)"
615,205,0,XM5,0.0,0.0,0.0,"(426, 1381, 0)","(426.0, 1381.0, 0)"
616,205,1,XDP_XM1_XM2,0.0,0.0,0.0,"(1416, 889, 180)","(1416.0, 889.0, 180)"
617,205,2,XDL_XM3_XM4,-6207.652082819687,5960.0,61331.55412492932,"(542, 710, 0)","(542.0, 710.0, 0)"
618,206,0,XDL_XM3_XM4,0.0,0.0,0.0,"(454, 1462, 90)","(454.0, 1462.0, 90)"
619,206,1,XM5,0.0,0.0,0.0,"(1507, 465, 270)","(1507.0, 465.0, 270)"
620,206,2,XDP_XM1_XM2,-5587.714278122492,5346.0,58425.792248277445,"(1160, 446, 270)","(1160.0, 446.0, 270)"
621,207,0,XM5,0.0,0.0,0.0,"(273, 1546, 180)","(273.0, 1546.0, 180)"
622,207,1,XDL_XM3_XM4,0.0,0.0,0.0,"(598, 361, 90)","(598.0, 361.0, 90)"
623,207,2,XDP_XM1_XM2,-5353.039170487566,5198.0,24037.14438547248,"(557, 154, 0)","(557.0, 73.5, 0)"
624,208,0,XM5,0.0,0.0,0.0,"(212, 559, 0)","(212.0, 559.0, 0)"
625,208,1,XDP_XM1_XM2,0.0,0.0,0.0,"(634, 1181, 180)","(634.0, 1181.0, 180)"
626,208,2,XDL_XM3_XM4,-6182.862124518959,5893.0,84020.0512306445,"(911, 145, 0)","(911.0, 145.0, 0)"
627,209,0,XDL_XM3_XM4,0.0,0.0,0.0,"(1523, 1231, 270)","(1523.0, 1026.5, 270)"
628,209,1,XDP_XM1_XM2,0.0,0.0,0.0,"(538, 1037, 0)","(538.0, 1037.0, 0)"
629,209,2,XM5,-5174.8893387360895,4876.0,89334.83681009703,"(1173, 1314, 0)","(1173.0, 1314.0, 0)"
630,210,0,XDL_XM3_XM4,0.0,0.0,0.0,"(811, 887, 0)","(811.0, 887.0, 0)"
631,210,1,XDP_XM1_XM2,0.0,0.0,0.0,"(1343, 456, 180)","(1343.0, 456.0, 180)"
632,210,2,XM5,-5194.547302558958,4903.0,84999.82962940482,"(387, 575, 270)","(387.0, 575.0, 270)"
633,211,0,XDL_XM3_XM4,0.0,0.0,0.0,"(251, 992, 180)","(251.0, 974.5, 180)"
634,211,1,XDP_XM1_XM2,0.0,0.0,0.0,"(1048, 1433, 180)","(1048.0, 1433.0, 180)"
635,211,2,XM5,-5296.851180978303,5097.0,39940.49453842262,"(342, 1541, 90)","(342.0, 1541.0, 90)"
636,212,0,XM5,0.0,0.0,0.0,"(1257, 1338, 270)","(1257.0, 1338.0, 270)"
637,212,1,XDL_XM3_XM4,0.0,0.0,0.0,"(1549, 369, 180)","(1549.0, 369.0, 180)"
638,212,2,XDP_XM1_XM2,-3884.1574450252347,3748.0,18538.8498357998,"(1121, 544, 180)","(1121.0, 544.0, 180)"
639,213,0,XDL_XM3_XM4,0.0,0.0,0.0,"(442, 260, 270)","(442.0, 260.0, 270)"
640,213,1,XM5,0.0,0.0,0.0,"(1092, 51, 180)","(1092.0, 51.0, 180)"
641,213,2,XDP_XM1_XM2,-5230.6056509186,4926.0,92784.60257154395,"(268, 653, 180)","(268.0, 653.0, 180)"
642,214,0,XDL_XM3_XM4,0.0,0.0,0.0,"(883, 817, 270)","(883.0, 817.0, 270)"
643,214,1,XDP_XM1_XM2,0.0,0.0,0.0,"(1007, 721, 180)","(1007.0, 529.5, 180)"
644,214,2,XM5,-4885.551387018915,4676.0,43911.7838015511,"(98, 14, 90)","(98.0, 14.0, 90)"
645,215,0,XDP_XM1_XM2,0.0,0.0,0.0,"(941, 242, 270)","(941.0, 242.0, 270)"
646,215,1,XM5,0.0,0.0,0.0,"(572, 345, 90)","(572.0, 345.0, 90)"
647,215,2,XDL_XM3_XM4,-5303.655431992296,5031.0,74340.98459490573,"(391, 1146, 180)","(391.0, 1146.0, 180)"
648,216,0,XDP_XM1_XM2,0.0,0.0,0.0,"(80, 747, 180)","(-58.5, 747.0, 180)"
649,216,1,XM5,0.0,0.0,0.0,"(122, 814, 180)","(-44.0, 1026.0, 180)"
650,216,2,XDL_XM3_XM4,-2773.5596244716808,2661.0,12669.669061205797,"(302, 530, 0)","(302.0, 530.0, 0)"
651,217,0,XDP_XM1_XM2,0.0,0.0,0.0,"(14, 90, 270)","(14.0, 90.0, 270)"
652,217,1,XDL_XM3_XM4,0.0,0.0,0.0,"(39, 1125, 180)","(39.0, 1125.0, 180)"
653,217,2,XM5,-7527.37631373628,7228.0,89626.17722632349,"(1278, 921, 270)","(1278.0, 921.0, 270)"
654,218,0,XM5,0.0,0.0,0.0,"(629, 1241, 270)","(629.0, 1241.0, 270)"
655,218,1,XDL_XM3_XM4,0.0,0.0,0.0,"(1270, 251, 180)","(1270.0, 251.0, 180)"
656,218,2,XDP_XM1_XM2,-4873.146689226529,4675.0,39262.110451434644,"(1170, 1458, 0)","(1170.0, 1458.0, 0)"
657,219,0,XDL_XM3_XM4,0.0,0.0,0.0,"(788, 897, 0)","(730.5, 897.0, 0)"
658,219,1,XDP_XM1_XM2,0.0,0.0,0.0,"(1091, 1078, 180)","(1091.0, 1078.0, 180)"
659,219,2,XM5,-4470.580644653868,4260.0,44344.20790283855,"(1466, 436, 270)","(1466.0, 436.0, 270)"
660,220,0,XDP_XM1_XM2,0.0,0.0,0.0,"(549, 712, 180)","(549.0, 712.0, 180)"
661,220,1,XDL_XM3_XM4,0.0,0.0,0.0,"(125, 565, 180)","(125.0, 565.0, 180)"
662,220,2,XM5,-3750.89902701529,3615.0,18468.545543702512,"(353, 1495, 270)","(353.0, 1495.0, 270)"
663,221,0,XDL_XM3_XM4,0.0,0.0,0.0,"(839, 112, 0)","(1013.0, 112.0, 0)"
664,221,1,XM5,0.0,0.0,0.0,"(667, 343, 180)","(667.0, 343.0, 180)"
665,221,2,XDP_XM1_XM2,-5767.752834816539,5436.0,110059.94340880968,"(15, 693, 270)","(15.0, 693.0, 270)"
666,222,0,XDL_XM3_XM4,0.0,0.0,0.0,"(397, 1084, 90)","(397.0, 1084.0, 90)"
667,222,1,XM5,0.0,0.0,0.0,"(843, 1361, 270)","(905.0, 1361.0, 270)"
668,222,2,XDP_XM1_XM2,-4083.330014613553,3853.0,53051.91563187958,"(1064, 851, 180)","(1064.0, 851.0, 180)"
669,223,0,XDP_XM1_XM2,0.0,0.0,0.0,"(332, 1523, 270)","(201.5, 1523.0, 270)"
670,223,1,XM5,0.0,0.0,0.0,"(206, 1203, 90)","(201.5, 1112.5, 90)"
671,223,2,XDL_XM3_XM4,-3136.3986840510324,2940.0,38572.44309697717,"(489, 1322, 180)","(489.0, 1322.0, 180)"
672,224,0,XDL_XM3_XM4,0.0,0.0,0.0,"(140, 789, 0)","(140.0, 789.0, 0)"
673,224,1,XM5,0.0,0.0,0.0,"(961, 622, 270)","(961.0, 622.0, 270)"
674,224,2,XDP_XM1_XM2,-4319.872965988444,4115.0,41972.93219290208,"(762, 1038, 180)","(762.0, 1038.0, 180)"
675,225,0,XDP_XM1_XM2,0.0,0.0,0.0,"(809, 1322, 180)","(809.0, 1484.5, 180)"
676,225,1,XM5,0.0,0.0,0.0,"(623, 1147, 90)","(623.0, 1147.0, 90)"
677,225,2,XDL_XM3_XM4,-5977.876509882298,5716.0,68579.30642813338,"(1363, 366, 270)","(1363.0, 366.0, 270)"
678,226,0,XM5,0.0,0.0,0.0,"(708, 1030, 270)","(708.0, 1030.0, 270)"
679,226,1,XDP_XM1_XM2,0.0,0.0,0.0,"(1132, 511, 180)","(1132.0, 511.0, 180)"
680,226,2,XDL_XM3_XM4,-3587.406524225448,3442.0,21143.0572873257,"(951, 351, 180)","(771.5, 351.0, 180)"
681,227,0,XM5,0.0,0.0,0.0,"(663, 23, 90)","(594.0, 23.0, 90)"
682,227,1,XDP_XM1_XM2,0.0,0.0,0.0,"(1192, 148, 270)","(1192.0, -177.5, 270)"
683,227,2,XDL_XM3_XM4,-3997.6999632708685,3785.0,45241.27437542879,"(1102, 183, 270)","(1102.0, 183.0, 270)"
684,228,0,XM5,0.0,0.0,0.0,"(737, 497, 0)","(737.0, 497.0, 0)"
685,228,1,XDP_XM1_XM2,0.0,0.0,0.0,"(1065, 1316, 270)","(1065.0, 1316.0, 270)"
686,228,2,XDL_XM3_XM4,-7919.440517761601,7487.0,187004.80140192158,"(136, 220, 0)","(136.0, 220.0, 0)"
687,229,0,XDP_XM1_XM2,0.0,0.0,0.0,"(828, 373, 90)","(828.0, 373.0, 90)"
688,229,1,XDL_XM3_XM4,0.0,0.0,0.0,"(422, 814, 180)","(422.0, 814.0, 180)"
689,229,2,XM5,-5629.61200243457,5391.0,56935.68770583518,"(1377, 1261, 180)","(1377.0, 1261.0, 180)"
690,230,0,XDP_XM1_XM2,0.0,0.0,0.0,"(940, 397, 270)","(940.0, 277.5, 270)"
691,230,1,XM5,0.0,0.0,0.0,"(207, 775, 0)","(207.0, 775.0, 0)"
692,230,2,XDL_XM3_XM4,-5042.279302306927,4706.0,113083.76916003357,"(824, 638, 90)","(824.0, 638.0, 90)"
693,231,0,XDL_XM3_XM4,0.0,0.0,0.0,"(739, 469, 0)","(739.0, 469.0, 0)"
694,231,1,XM5,0.0,0.0,0.0,"(264, 972, 270)","(264.0, 972.0, 270)"
695,231,2,XDP_XM1_XM2,-6507.92422922309,6140.0,135368.2384494047,"(1473, 1134, 0)","(1473.0, 1134.0, 0)"
696,232,0,XDL_XM3_XM4,0.0,0.0,0.0,"(1348, 118, 0)","(1348.0, 118.0, 0)"
697,232,1,XM5,0.0,0.0,0.0,"(429, 419, 180)","(429.0, 419.0, 180)"
698,232,2,XDP_XM1_XM2,-5539.984399425816,5265.0,75616.41992757689,"(1172, 999, 270)","(1172.0, 999.0, 270)"
699,233,0,XDP_XM1_XM2,0.0,0.0,0.0,"(311, 205, 270)","(311.0, 205.0, 270)"
700,233,1,XDL_XM3_XM4,0.0,0.0,0.0,"(179, 1065, 270)","(179.0, 1065.0, 270)"
701,233,2,XM5,-4622.194675115356,4481.0,19935.936280931048,"(1146, 20, 180)","(1146.0, 20.0, 180)"
702,234,0,XDL_XM3_XM4,0.0,0.0,0.0,"(1184, 275, 270)","(1184.0, 275.0, 270)"
703,234,1,XM5,0.0,0.0,0.0,"(260, 651, 0)","(260.0, 651.0, 0)"
704,234,2,XDP_XM1_XM2,-4303.696090309871,4126.0,31575.900511413725,"(272, 36, 180)","(272.0, 36.0, 180)"
705,235,0,XM5,0.0,0.0,0.0,"(240, 53, 0)","(240.0, 53.0, 0)"
706,235,1,XDL_XM3_XM4,0.0,0.0,0.0,"(762, 868, 0)","(762.0, 868.0, 0)"
707,235,2,XDP_XM1_XM2,-6464.6921110922,6107.0,127943.64633759511,"(815, 1000, 180)","(1122.5, 1000.0, 180)"
708,236,0,XM5,0.0,0.0,0.0,"(985, 921, 270)","(985.0, 1283.5, 270)"
709,236,1,XDL_XM3_XM4,0.0,0.0,0.0,"(1144, 438, 180)","(1144.0, 438.0, 180)"
710,236,2,XDP_XM1_XM2,-2935.220446703694,2784.0,22867.623501264716,"(1000, 861, 180)","(1000.0, 946.0, 180)"
711,237,0,XDP_XM1_XM2,0.0,0.0,0.0,"(1424, 143, 180)","(1424.0, -126.0, 180)"
712,237,1,XM5,0.0,0.0,0.0,"(1348, 153, 0)","(1348.0, 153.0, 0)"
713,237,2,XDL_XM3_XM4,-5889.0271372246425,5630.0,67095.05781879391,"(275, 900, 270)","(275.0, 900.0, 270)"
714,238,0,XM5,0.0,0.0,0.0,"(970, 1240, 90)","(970.0, 1318.5, 90)"
715,238,1,XDP_XM1_XM2,0.0,0.0,0.0,"(1018, 908, 270)","(1018.0, 908.0, 270)"
716,238,2,XDL_XM3_XM4,-3654.4400398848907,3447.0,43031.37014744507,"(1180, 682, 180)","(1305.5, 682.0, 180)"
717,239,0,XDP_XM1_XM2,0.0,0.0,0.0,"(349, 1171, 180)","(349.0, 1171.0, 180)"
718,239,1,XDL_XM3_XM4,0.0,0.0,0.0,"(1250, 1366, 180)","(1250.0, 1366.0, 180)"
719,239,2,XM5,-5497.900703949943,5298.0,39960.29143968276,"(636, 389, 0)","(636.0, 389.0, 0)"
720,240,0,XM5,0.0,0.0,0.0,"(398, 1101, 270)","(398.0, 1101.0, 270)"
721,240,1,XDL_XM3_XM4,0.0,0.0,0.0,"(1110, 755, 90)","(1110.0, 755.0, 90)"
722,240,2,XDP_XM1_XM2,-5788.2506997926785,5425.0,131951.07089987062,"(1530, 715, 0)","(1691.0, 715.0, 0)"
723,241,0,XDL_XM3_XM4,0.0,0.0,0.0,"(496, 894, 270)","(496.0, 894.0, 270)"
724,241,1,XDP_XM1_XM2,0.0,0.0,0.0,"(614, 1199, 180)","(614.0, 1199.0, 180)"
725,241,2,XM5,-3960.517475331195,3740.0,48627.95692644422,"(436, 743, 270)","(436.0, 548.0, 270)"
726,242,0,XDP_XM1_XM2,0.0,0.0,0.0,"(708, 238, 0)","(708.0, 238.0, 0)"
727,242,1,XM5,0.0,0.0,0.0,"(609, 539, 0)","(609.0, 539.0, 0)"
728,242,2,XDL_XM3_XM4,-3748.967342018591,3523.0,51061.23965894694,"(1076, 655, 180)","(1076.0, 655.0, 180)"
729,243,0,XDP_XM1_XM2,0.0,0.0,0.0,"(1253, 1216, 180)","(1253.0, 1216.0, 180)"
730,243,1,XDL_XM3_XM4,0.0,0.0,0.0,"(1202, 1, 0)","(1104.0, 1.0, 0)"
731,243,2,XM5,-6582.672672573503,6342.0,57923.33532367273,"(1450, 120, 0)","(1450.0, 120.0, 0)"
732,244,0,XDP_XM1_XM2,0.0,0.0,0.0,"(103, 1089, 270)","(-124.5, 1089.0, 270)"
733,244,1,XM5,0.0,0.0,0.0,"(704, 837, 270)","(704.0, 837.0, 270)"
734,244,2,XDL_XM3_XM4,-4261.731435931735,4060.0,40695.57224307991,"(163, 1368, 180)","(163.0, 1368.0, 180)"
735,245,0,XDP_XM1_XM2,0.0,0.0,0.0,"(324, 9, 90)","(324.0, 9.0, 90)"
736,245,1,XDL_XM3_XM4,0.0,0.0,0.0,"(664, 196, 0)","(664.0, 196.0, 0)"
737,245,2,XM5,-5116.765605196891,4823.0,86298.2307966952,"(993, 665, 180)","(1010.0, 665.0, 180)"
738,246,0,XM5,0.0,0.0,0.0,"(1114, 519, 0)","(1114.0, 519.0, 0)"
739,246,1,XDP_XM1_XM2,0.0,0.0,0.0,"(558, 624, 270)","(558.0, 624.0, 270)"
740,246,2,XDL_XM3_XM4,-3142.498670188361,3021.0,14761.926857540102,"(410, 467, 270)","(410.0, 263.5, 270)"
741,247,0,XDL_XM3_XM4,0.0,0.0,0.0,"(1484, 278, 0)","(1484.0, 278.0, 0)"
742,247,1,XDP_XM1_XM2,0.0,0.0,0.0,"(155, 1185, 270)","(155.0, 1185.0, 270)"
743,247,2,XM5,-7694.240709150239,7283.0,169118.9208623914,"(810, 673, 270)","(810.0, 673.0, 270)"
744,248,0,XDL_XM3_XM4,0.0,0.0,0.0,"(944, 909, 0)","(959.5, 909.0, 0)"
745,248,1,XDP_XM1_XM2,0.0,0.0,0.0,"(599, 620, 180)","(599.0, 620.0, 180)"
746,248,2,XM5,-3604.2235202321517,3410.0,37722.775811368985,"(234, 1083, 270)","(234.0, 1083.0, 270)"
747,249,0,XM5,0.0,0.0,0.0,"(1132, 370, 270)","(1171.5, 370.0, 270)"
748,249,1,XDL_XM3_XM4,0.0,0.0,0.0,"(884, 234, 180)","(884.0, 234.0, 180)"
749,249,2,XDP_XM1_XM2,-3515.905641385531,3356.0,25569.814146918034,"(850, 350, 90)","(596.5, 350.0, 90)"
750,250,0,XDL_XM3_XM4,0.0,0.0,0.0,"(1430, 516, 90)","(1430.0, 516.0, 90)"
751,250,1,XM5,0.0,0.0,0.0,"(662, 221, 180)","(662.0, 221.0, 180)"
752,250,2,XDP_XM1_XM2,-4683.512360007578,4441.0,58812.24475644476,"(1495, 990, 0)","(1495.0, 990.0, 0)"
753,251,0,XM5,0.0,0.0,0.0,"(1517, 1206, 180)","(1517.0, 1206.0, 180)"
754,251,1,XDP_XM1_XM2,0.0,0.0,0.0,"(401, 847, 90)","(401.0, 847.0, 90)"
755,251,2,XDL_XM3_XM4,-5525.736573099211,5267.0,66944.61425912334,"(72, 860, 0)","(72.0, 860.0, 0)"
756,252,0,XDL_XM3_XM4,0.0,0.0,0.0,"(127, 1399, 90)","(127.0, 1399.0, 90)"
757,252,1,XM5,0.0,0.0,0.0,"(692, 1365, 270)","(692.0, 1365.0, 270)"
758,252,2,XDP_XM1_XM2,-4201.658573715871,4010.0,36733.00887880211,"(1121, 1468, 90)","(1121.0, 1468.0, 90)"
759,253,0,XDL_XM3_XM4,0.0,0.0,0.0,"(1085, 1460, 0)","(1085.0, 1460.0, 0)"
760,253,1,XDP_XM1_XM2,0.0,0.0,0.0,"(1255, 1249, 180)","(1445.5, 1249.0, 180)"
761,253,2,XM5,-6117.039906812156,5814.0,91833.18512072037,"(201, 790, 90)","(201.0, 790.0, 90)"
762,254,0,XDL_XM3_XM4,0.0,0.0,0.0,"(1207, 733, 180)","(1266.5, 733.0, 180)"
763,254,1,XDP_XM1_XM2,0.0,0.0,0.0,"(906, 1058, 0)","(906.0, 1058.0, 0)"
764,254,2,XM5,-4135.156321607677,3921.0,45862.930084530446,"(396, 560, 270)","(396.0, 560.0, 270)"
765,255,0,XDP_XM1_XM2,0.0,0.0,0.0,"(804, 790, 0)","(804.0, 790.0, 0)"
766,255,1,XM5,0.0,0.0,0.0,"(1422, 1205, 180)","(1422.0, 1205.0, 180)"
767,255,2,XDL_XM3_XM4,-6211.686233972233,5935.0,76555.27206973727,"(159, 1490, 180)","(159.0, 1490.0, 180)"
768,256,0,XDL_XM3_XM4,0.0,0.0,0.0,"(792, 67, 270)","(792.0, 67.0, 270)"
769,256,1,XM5,0.0,0.0,0.0,"(1214, 830, 90)","(1214.0, 830.0, 90)"
770,256,2,XDP_XM1_XM2,-7145.278235986005,6785.0,129800.40732518712,"(277, 1314, 270)","(277.0, 1314.0, 270)"
771,257,0,XDL_XM3_XM4,0.0,0.0,0.0,"(121, 1042, 180)","(121.0, 1042.0, 180)"
772,257,1,XM5,0.0,0.0,0.0,"(500, 677, 180)","(500.0, 677.0, 180)"
773,257,2,XDP_XM1_XM2,-8492.287431913534,8026.0,217423.96916051782,"(1433, 66, 90)","(1433.0, 66.0, 90)"
774,258,0,XDL_XM3_XM4,0.0,0.0,0.0,"(150, 266, 180)","(150.0, 266.0, 180)"
775,258,1,XM5,0.0,0.0,0.0,"(110, 1411, 180)","(110.0, 1411.0, 180)"
776,258,2,XDP_XM1_XM2,-9411.480346761035,9050.0,130668.04109447789,"(1554, 1094, 270)","(1554.0, 1094.0, 270)"
777,259,0,XM5,0.0,0.0,0.0,"(350, 880, 0)","(350.0, 880.0, 0)"
778,259,1,XDL_XM3_XM4,0.0,0.0,0.0,"(76, 830, 180)","(4.0, 830.0, 180)"
779,259,2,XDP_XM1_XM2,-4341.392106804607,4105.0,55881.22815952049,"(803, 947, 180)","(803.0, 947.0, 180)"
780,260,0,XDP_XM1_XM2,0.0,0.0,0.0,"(588, 169, 90)","(588.0, 169.0, 90)"
781,260,1,XM5,0.0,0.0,0.0,"(1352, 881, 180)","(1352.0, 881.0, 180)"
782,260,2,XDL_XM3_XM4,-7737.501874877991,7325.0,170157.79677785785,"(1000, 1502, 270)","(1000.0, 1502.0, 270)"
783,261,0,XM5,0.0,0.0,0.0,"(1531, 175, 180)","(1531.0, 175.0, 180)"
784,261,1,XDP_XM1_XM2,0.0,0.0,0.0,"(485, 411, 90)","(322.5, 411.0, 90)"
785,261,2,XDL_XM3_XM4,-5750.024534990002,5440.0,96115.21229576724,"(610, 41, 180)","(610.0, 41.0, 180)"
786,262,0,XDL_XM3_XM4,0.0,0.0,0.0,"(413, 1289, 180)","(413.0, 1289.0, 180)"
787,262,1,XM5,0.0,0.0,0.0,"(857, 1501, 0)","(857.0, 1501.0, 0)"
788,262,2,XDP_XM1_XM2,-4181.18075195567,3919.0,68738.74669604049,"(293, 1131, 90)","(125.5, 1131.0, 90)"
789,263,0,XDL_XM3_XM4,0.0,0.0,0.0,"(155, 1009, 180)","(155.0, 1009.0, 180)"
790,263,1,XDP_XM1_XM2,0.0,0.0,0.0,"(527, 174, 90)","(527.0, 174.0, 90)"
791,263,2,XM5,-4685.187513535665,4437.0,61597.04187501609,"(573, 728, 180)","(573.0, 728.0, 180)"
792,264,0,XDL_XM3_XM4,0.0,0.0,0.0,"(145, 250, 180)","(145.0, 250.0, 180)"
793,264,1,XDP_XM1_XM2,0.0,0.0,0.0,"(856, 1520, 180)","(856.0, 1520.0, 180)"
794,264,2,XM5,-8143.4169889596615,7846.0,88456.86532183115,"(1185, 247, 180)","(1185.0, 247.0, 180)"
795,265,0,XM5,0.0,0.0,0.0,"(232, 1347, 180)","(232.0, 1347.0, 180)"
796,265,1,XDP_XM1_XM2,0.0,0.0,0.0,"(868, 731, 0)","(868.0, 627.5, 0)"
797,265,2,XDL_XM3_XM4,-4873.694093359908,4630.0,59386.81113850747,"(892, 915, 270)","(892.0, 915.0, 270)"
798,266,0,XDL_XM3_XM4,0.0,0.0,0.0,"(1302, 596, 180)","(1302.0, 596.0, 180)"
799,266,1,XM5,0.0,0.0,0.0,"(583, 444, 180)","(583.0, 444.0, 180)"
800,266,2,XDP_XM1_XM2,-6640.284312475683,6299.0,116474.98194199937,"(1139, 1455, 180)","(1139.0, 1455.0, 180)"
801,267,0,XDL_XM3_XM4,0.0,0.0,0.0,"(1016, 1536, 180)","(1016.0, 1635.0, 180)"
802,267,1,XM5,0.0,0.0,0.0,"(846, 487, 270)","(846.0, 487.0, 270)"
803,267,2,XDP_XM1_XM2,-4038.9729587554643,3874.0,27216.0771205321,"(830, 1127, 180)","(830.0, 1127.0, 180)"
804,268,0,XM5,0.0,0.0,0.0,"(498, 478, 270)","(498.0, 301.5, 270)"
805,268,1,XDL_XM3_XM4,0.0,0.0,0.0,"(103, 1369, 0)","(103.0, 1369.0, 0)"
806,268,2,XDP_XM1_XM2,-4445.38591009585,4241.0,41773.60024570891,"(533, 639, 180)","(533.0, 639.0, 180)"
807,269,0,XM5,0.0,0.0,0.0,"(490, 202, 90)","(490.0, 195.5, 90)"
808,269,1,XDP_XM1_XM2,0.0,0.0,0.0,"(637, 533, 180)","(637.0, 533.0, 180)"
809,269,2,XDL_XM3_XM4,-4305.774296122239,4171.0,18164.110895244972,"(501, 1438, 180)","(501.0, 1438.0, 180)"
810,270,0,XDL_XM3_XM4,0.0,0.0,0.0,"(1410, 466, 0)","(1410.0, 466.0, 0)"
811,270,1,XDP_XM1_XM2,0.0,0.0,0.0,"(306, 645, 180)","(306.0, 645.0, 180)"
812,270,2,XM5,-4577.876882701457,4397.0,32716.446695796763,"(105, 361, 180)","(105.0, 361.0, 180)"
813,271,0,XDL_XM3_XM4,0.0,0.0,0.0,"(492, 537, 180)","(492.0, 537.0, 180)"
814,271,1,XM5,0.0,0.0,0.0,"(1498, 405, 0)","(1498.0, 405.0, 0)"
815,271,2,XDP_XM1_XM2,-6593.506396729895,6332.0,68385.5955306533,"(570, 1301, 180)","(570.0, 1301.0, 180)"
816,272,0,XDL_XM3_XM4,0.0,0.0,0.0,"(113, 594, 0)","(113.0, 594.0, 0)"
817,272,1,XM5,0.0,0.0,0.0,"(588, 758, 270)","(588.0, 758.0, 270)"
818,272,2,XDP_XM1_XM2,-6837.193258159463,6459.0,143030.14051727022,"(1463, 380, 0)","(1463.0, 380.0, 0)"
819,273,0,XM5,0.0,0.0,0.0,"(920, 995, 270)","(854.5, 995.0, 270)"
820,273,1,XDP_XM1_XM2,0.0,0.0,0.0,"(1456, 672, 180)","(1456.0, 672.0, 180)"
821,273,2,XDL_XM3_XM4,-4837.528881698732,4522.0,99558.47518605257,"(1142, 1337, 0)","(1142.0, 1337.0, 0)"
822,274,0,XDP_XM1_XM2,0.0,0.0,0.0,"(1284, 584, 270)","(1284.0, 584.0, 270)"
823,274,1,XM5,0.0,0.0,0.0,"(747, 1535, 0)","(747.0, 1535.0, 0)"
824,274,2,XDL_XM3_XM4,-6425.061100852387,6062.0,131813.36295214773,"(552, 907, 180)","(552.0, 907.0, 180)"
825,275,0,XDP_XM1_XM2,0.0,0.0,0.0,"(1523, 1246, 180)","(1523.0, 1246.0, 180)"
826,275,1,XDL_XM3_XM4,0.0,0.0,0.0,"(917, 1497, 180)","(917.0, 1497.0, 180)"
827,275,2,XM5,-4918.269003833091,4675.0,59179.80822594454,"(987, 702, 180)","(987.0, 702.0, 180)"
828,276,0,XDL_XM3_XM4,0.0,0.0,0.0,"(1180, 1139, 0)","(1180.0, 1139.0, 0)"
829,276,1,XDP_XM1_XM2,0.0,0.0,0.0,"(721, 878, 180)","(721.0, 878.0, 180)"
830,276,2,XM5,-4254.8977665632965,4067.0,35305.57067947515,"(1032, 128, 90)","(1032.0, 128.0, 90)"
831,277,0,XDP_XM1_XM2,0.0,0.0,0.0,"(1362, 273, 0)","(1362.0, 273.0, 0)"
832,277,1,XDL_XM3_XM4,0.0,0.0,0.0,"(541, 941, 270)","(541.0, 941.0, 270)"
833,277,2,XM5,-8384.001872566289,7902.0,232325.8051574081,"(475, 1508, 0)","(475.0, 1508.0, 0)"
834,278,0,XDL_XM3_XM4,0.0,0.0,0.0,"(1447, 117, 180)","(1447.0, 117.0, 180)"
835,278,1,XDP_XM1_XM2,0.0,0.0,0.0,"(1371, 1017, 180)","(1371.0, 1017.0, 180)"
836,278,2,XM5,-3952.331867467683,3790.0,26351.635195545336,"(1230, 1121, 270)","(1019.0, 1121.0, 270)"
837,279,0,XDP_XM1_XM2,0.0,0.0,0.0,"(180, 999, 0)","(180.0, 979.0, 0)"
838,279,1,XDL_XM3_XM4,0.0,0.0,0.0,"(445, 1244, 0)","(713.0, 1244.0, 0)"
839,279,2,XM5,-3937.24931110648,3707.0,53014.745265008554,"(367, 1258, 180)","(367.0, 1258.0, 180)"
840,280,0,XDP_XM1_XM2,0.0,0.0,0.0,"(927, 1557, 270)","(927.0, 1557.0, 270)"
841,280,1,XM5,0.0,0.0,0.0,"(889, 1037, 270)","(889.0, 1037.0, 270)"
842,280,2,XDL_XM3_XM4,-5496.010253578747,5216.0,78405.74210923453,"(1362, 252, 0)","(1362.0, 252.0, 0)"
843,281,0,XDL_XM3_XM4,0.0,0.0,0.0,"(1078, 62, 180)","(1078.0, 62.0, 180)"
844,281,1,XM5,0.0,0.0,0.0,"(740, 1153, 0)","(740.0, 1153.0, 0)"
845,281,2,XDP_XM1_XM2,-6165.522731584917,5909.0,65803.91181978726,"(97, 557, 180)","(97.0, 557.0, 180)"
846,282,0,XM5,0.0,0.0,0.0,"(420, 1300, 270)","(420.0, 1300.0, 270)"
847,282,1,XDP_XM1_XM2,0.0,0.0,0.0,"(777, 796, 270)","(1024.5, 796.0, 270)"
848,282,2,XDL_XM3_XM4,-4542.8544756973515,4229.0,98504.63191525955,"(737, 960, 180)","(737.0, 960.0, 180)"
849,283,0,XDL_XM3_XM4,0.0,0.0,0.0,"(429, 493, 90)","(429.0, 493.0, 90)"
850,283,1,XM5,0.0,0.0,0.0,"(736, 1334, 180)","(817.5, 1334.0, 180)"
851,283,2,XDP_XM1_XM2,-3826.6664721596926,3682.0,20928.388167131077,"(407, 1186, 0)","(407.0, 1186.0, 0)"
852,284,0,XDL_XM3_XM4,0.0,0.0,0.0,"(903, 482, 180)","(903.0, 482.0, 180)"
853,284,1,XDP_XM1_XM2,0.0,0.0,0.0,"(64, 295, 180)","(64.0, 295.0, 180)"
854,284,2,XM5,-6231.481538865095,5889.0,117293.60446340324,"(1025, 1043, 0)","(1025.0, 1043.0, 0)"
855,285,0,XDL_XM3_XM4,0.0,0.0,0.0,"(882, 1322, 90)","(882.0, 1322.0, 90)"
856,285,1,XM5,0.0,0.0,0.0,"(1426, 508, 0)","(1426.0, 508.0, 0)"
857,285,2,XDP_XM1_XM2,-6688.264552645704,6431.0,66185.05004799375,"(178, 462, 270)","(178.0, 462.0, 270)"
858,286,0,XDP_XM1_XM2,0.0,0.0,0.0,"(437, 22, 270)","(437.0, 22.0, 270)"
859,286,1,XM5,0.0,0.0,0.0,"(562, 632, 270)","(562.0, 632.0, 270)"
860,286,2,XDL_XM3_XM4,-6960.18302741322,6614.0,119842.68846898236,"(1071, 1501, 180)","(1071.0, 1501.0, 180)"
861,287,0,XDL_XM3_XM4,0.0,0.0,0.0,"(1483, 356, 180)","(1483.0, 356.0, 180)"
862,287,1,XDP_XM1_XM2,0.0,0.0,0.0,"(217, 630, 0)","(217.0, 630.0, 0)"
863,287,2,XM5,-5687.020208021061,5422.0,70235.71065952668,"(435, 92, 180)","(435.0, 92.0, 180)"
864,288,0,XDL_XM3_XM4,0.0,0.0,0.0,"(1469, 1045, 0)","(1469.0, 1045.0, 0)"
865,288,1,XDP_XM1_XM2,0.0,0.0,0.0,"(1466, 1240, 180)","(1466.0, 1553.0, 180)"
866,288,2,XM5,-7536.45289074742,7181.0,126346.75754069675,"(149, 412, 180)","(149.0, 412.0, 180)"
867,289,0,XDL_XM3_XM4,0.0,0.0,0.0,"(1148, 1001, 0)","(1148.0, 1001.0, 0)"
868,289,1,XDP_XM1_XM2,0.0,0.0,0.0,"(1538, 1026, 180)","(1538.0, 1026.0, 180)"
869,289,2,XM5,-3858.9614428812174,3679.0,32386.120923889597,"(1485, 507, 0)","(1485.0, 493.0, 0)"
870,290,0,XM5,0.0,0.0,0.0,"(132, 753, 180)","(132.0, 753.0, 180)"
871,290,1,XDL_XM3_XM4,0.0,0.0,0.0,"(629, 1073, 270)","(629.0, 1073.0, 270)"
872,290,2,XDP_XM1_XM2,-5861.488154493403,5473.0,150923.04618169047,"(1226, 1331, 0)","(1226.0, 1331.0, 0)"
873,291,0,XM5,0.0,0.0,0.0,"(1176, 1508, 90)","(1176.0, 1508.0, 90)"
874,291,1,XDP_XM1_XM2,0.0,0.0,0.0,"(590, 226, 180)","(590.0, 226.0, 180)"
875,291,2,XDL_XM3_XM4,-5492.3504305143815,5277.0,46375.80792272941,"(274, 127, 90)","(274.0, -61.5, 90)"
876,292,0,XDL_XM3_XM4,0.0,0.0,0.0,"(509, 976, 0)","(509.0, 976.0, 0)"
877,292,1,XDP_XM1_XM2,0.0,0.0,0.0,"(1122, 553, 180)","(1122.0, 553.0, 180)"
878,292,2,XM5,-6616.451406834674,6216.0,160361.32923587025,"(440, 1308, 180)","(440.0, 1484.0, 180)"
879,293,0,XDL_XM3_XM4,0.0,0.0,0.0,"(899, 342, 90)","(899.0, 342.0, 90)"
880,293,1,XM5,0.0,0.0,0.0,"(957, 985, 180)","(957.0, 985.0, 180)"
881,293,2,XDP_XM1_XM2,-4551.071988828594,4331.0,48431.68026697258,"(1195, 1142, 180)","(1195.0, 1264.0, 180)"
882,294,0,XDP_XM1_XM2,0.0,0.0,0.0,"(534, 865, 0)","(534.0, 865.0, 0)"
883,294,1,XDL_XM3_XM4,0.0,0.0,0.0,"(706, 1252, 270)","(706.0, 1252.0, 270)"
884,294,2,XM5,-4058.737023750928,3864.0,37922.508419369464,"(312, 1552, 270)","(312.0, 1598.0, 270)"
885,295,0,XM5,0.0,0.0,0.0,"(479, 53, 0)","(649.5, 53.0, 0)"
886,295,1,XDP_XM1_XM2,0.0,0.0,0.0,"(312, 83, 90)","(312.0, 83.0, 90)"
887,295,2,XDL_XM3_XM4,-4516.472932635228,4347.0,28721.074895984435,"(94, 1169, 270)","(94.0, 1169.0, 270)"
888,296,0,XDP_XM1_XM2,0.0,0.0,0.0,"(376, 353, 0)","(376.0, 353.0, 0)"
889,296,1,XM5,0.0,0.0,0.0,"(1310, 848, 270)","(1310.0, 848.0, 270)"
890,296,2,XDL_XM3_XM4,-6210.894507109474,5832.0,143561.04751773126,"(763, 791, 90)","(763.0, 791.0, 90)"
891,297,0,XM5,0.0,0.0,0.0,"(1181, 184, 180)","(1181.0, 184.0, 180)"
892,297,1,XDL_XM3_XM4,0.0,0.0,0.0,"(119, 415, 0)","(119.0, 415.0, 0)"
893,297,2,XDP_XM1_XM2,-4564.672235496209,4339.0,50927.95787385639,"(1015, 594, 180)","(1015.0, 594.0, 180)"
894,298,0,XDL_XM3_XM4,0.0,0.0,0.0,"(3, 1508, 180)","(-80.0, 1508.0, 180)"
895,298,1,XM5,0.0,0.0,0.0,"(266, 1509, 180)","(266.0, 1509.0, 180)"
896,298,2,XDP_XM1_XM2,-6815.04487618183,6493.0,103712.90227497015,"(166, 353, 0)","(166.0, 353.0, 0)"
897,299,0,XDP_XM1_XM2,0.0,0.0,0.0,"(1342, 1108, 270)","(1342.0, 1108.0, 270)"
898,299,1,XDL_XM3_XM4,0.0,0.0,0.0,"(373, 767, 270)","(373.0, 767.0, 270)"
899,299,2,XM5,-6662.304736696226,6329.0,111092.0475041408,"(163, 1218, 270)","(163.0, 1218.0, 270)"
900,300,0,XDL_XM3_XM4,0.0,0.0,0.0,"(1436, 11, 90)","(1436.0, 11.0, 90)"
901,300,1,XM5,0.0,0.0,0.0,"(841, 1541, 180)","(841.0, 1541.0, 180)"
902,300,2,XDP_XM1_XM2,-5449.3500881470345,5254.0,38161.65693905406,"(1239, 1291, 270)","(1239.0, 1291.0, 270)"
903,301,0,XDP_XM1_XM2,0.0,0.0,0.0,"(1457, 378, 90)","(1457.0, 378.0, 90)"
904,301,1,XM5,0.0,0.0,0.0,"(1330, 822, 180)","(1330.0, 822.0, 180)"
905,301,2,XDL_XM3_XM4,-4733.204027386855,4506.0,51621.67006080667,"(463, 707, 0)","(463.0, 707.0, 0)"
906,302,0,XM5,0.0,0.0,0.0,"(470, 936, 90)","(470.0, 936.0, 90)"
907,302,1,XDL_XM3_XM4,0.0,0.0,0.0,"(521, 633, 180)","(757.5, 633.0, 180)"
908,302,2,XDP_XM1_XM2,-6837.821572221107,6453.0,148087.6424467245,"(1412, 1509, 0)","(1412.0, 1509.0, 0)"
909,303,0,XDL_XM3_XM4,0.0,0.0,0.0,"(1407, 842, 0)","(1407.0, 842.0, 0)"
910,303,1,XDP_XM1_XM2,0.0,0.0,0.0,"(737, 686, 180)","(737.0, 686.0, 180)"
911,303,2,XM5,-4900.480131202196,4708.0,37048.600907614695,"(17, 1147, 180)","(17.0, 1147.0, 180)"
912,304,0,XDL_XM3_XM4,0.0,0.0,0.0,"(271, 600, 90)","(271.0, 600.0, 90)"
913,304,1,XM5,0.0,0.0,0.0,"(848, 1044, 0)","(848.0, 1044.0, 0)"
914,304,2,XDP_XM1_XM2,-7538.896016372695,7129.0,168014.744238205,"(1343, 1526, 180)","(1343.0, 1526.0, 180)"
915,305,0,XDP_XM1_XM2,0.0,0.0,0.0,"(838, 249, 180)","(838.0, 249.0, 180)"
916,305,1,XM5,0.0,0.0,0.0,"(20, 1386, 180)","(20.0, 1395.5, 180)"
917,305,2,XDL_XM3_XM4,-7845.016193559034,7393.0,204318.63923959807,"(294, 1108, 270)","(294.0, 1108.0, 270)"
918,306,0,XDP_XM1_XM2,0.0,0.0,0.0,"(981, 1447, 270)","(981.0, 1447.0, 270)"
919,306,1,XDL_XM3_XM4,0.0,0.0,0.0,"(575, 1032, 180)","(575.0, 1032.0, 180)"
920,306,2,XM5,-5285.230292785149,5080.0,42119.473076678056,"(1325, 239, 180)","(1325.0, 239.0, 180)"
921,307,0,XDP_XM1_XM2,0.0,0.0,0.0,"(339, 402, 0)","(339.0, 402.0, 0)"
922,307,1,XM5,0.0,0.0,0.0,"(720, 353, 0)","(749.5, 353.0, 0)"
923,307,2,XDL_XM3_XM4,-2745.0780167438606,2650.0,9039.829267945852,"(154, 277, 180)","(-21.5, 277.0, 180)"
924,308,0,XDL_XM3_XM4,0.0,0.0,0.0,"(1445, 1480, 90)","(1445.0, 1480.0, 90)"
925,308,1,XM5,0.0,0.0,0.0,"(548, 39, 180)","(548.0, 39.0, 180)"
926,308,2,XDP_XM1_XM2,-7308.877917444425,6992.0,100411.61456391592,"(522, 19, 180)","(522.0, -240.0, 180)"
927,309,0,XM5,0.0,0.0,0.0,"(706, 878, 180)","(706.0, 878.0, 180)"
928,309,1,XDP_XM1_XM2,0.0,0.0,0.0,"(1212, 122, 90)","(1212.0, 122.0, 90)"
929,309,2,XDL_XM3_XM4,-6458.1461287062,6190.0,71902.34634012224,"(1339, 1487, 180)","(1339.0, 1487.0, 180)"
930,310,0,XDL_XM3_XM4,0.0,0.0,0.0,"(700, 1512, 0)","(700.0, 1512.0, 0)"
931,310,1,XM5,0.0,0.0,0.0,"(404, 803, 180)","(404.0, 803.0, 180)"
932,310,2,XDP_XM1_XM2,-6308.0038196919495,5982.0,106278.49045374128,"(627, 68, 270)","(627.0, 68.0, 270)"
933,311,0,XDP_XM1_XM2,0.0,0.0,0.0,"(94, 9, 90)","(53.5, 9.0, 90)"
934,311,1,XDL_XM3_XM4,0.0,0.0,0.0,"(341, 62, 180)","(341.0, 62.0, 180)"
935,311,2,XM5,-3325.297155394657,3214.0,12387.05679894238,"(641, 16, 180)","(687.0, 16.0, 180)"
936,312,0,XDL_XM3_XM4,0.0,0.0,0.0,"(722, 167, 90)","(722.0, 167.0, 90)"
937,312,1,XM5,0.0,0.0,0.0,"(830, 888, 0)","(830.0, 915.0, 0)"
938,312,2,XDP_XM1_XM2,-3139.5883952046543,3017.0,15027.914638852471,"(967, 636, 0)","(967.0, 636.0, 0)"
939,313,0,XDL_XM3_XM4,0.0,0.0,0.0,"(570, 1184, 180)","(649.0, 1184.0, 180)"
940,313,1,XM5,0.0,0.0,0.0,"(303, 1056, 0)","(303.0, 1056.0, 0)"
941,313,2,XDP_XM1_XM2,-4289.318564557035,4027.0,68811.02931126299,"(11, 683, 180)","(11.0, 683.0, 180)"
942,314,0,XDL_XM3_XM4,0.0,0.0,0.0,"(85, 1419, 0)","(85.0, 1419.0, 0)"
943,314,1,XM5,0.0,0.0,0.0,"(953, 612, 0)","(953.0, 612.0, 0)"
944,314,2,XDP_XM1_XM2,-8549.844565400474,8150.0,159875.67648029377,"(1463, 231, 270)","(1463.0, 231.0, 270)"
945,315,0,XDL_XM3_XM4,0.0,0.0,0.0,"(1315, 1529, 270)","(1315.0, 1529.0, 270)"
946,315,1,XM5,0.0,0.0,0.0,"(1126, 136, 180)","(1126.0, 136.0, 180)"
947,315,2,XDP_XM1_XM2,-6145.477222214265,5894.0,63240.793292602626,"(512, 739, 270)","(512.0, 739.0, 270)"
948,316,0,XDL_XM3_XM4,0.0,0.0,0.0,"(923, 1427, 270)","(923.0, 1427.0, 270)"
949,316,1,XM5,0.0,0.0,0.0,"(833, 513, 180)","(833.0, 513.0, 180)"
950,316,2,XDP_XM1_XM2,-5184.093811247984,4943.0,58126.22582207862,"(1335, 1402, 270)","(1431.0, 1402.0, 270)"
951,317,0,XDP_XM1_XM2,0.0,0.0,0.0,"(337, 443, 90)","(337.0, 443.0, 90)"
952,317,1,XM5,0.0,0.0,0.0,"(1384, 1287, 0)","(1384.0, 1287.0, 0)"
953,317,2,XDL_XM3_XM4,-6708.20321990555,6337.0,137791.83046824852,"(539, 1236, 0)","(539.0, 1236.0, 0)"
954,318,0,XM5,0.0,0.0,0.0,"(107, 1130, 0)","(107.0, 1130.0, 0)"
955,318,1,XDL_XM3_XM4,0.0,0.0,0.0,"(182, 125, 0)","(182.0, 125.0, 0)"
956,318,2,XDP_XM1_XM2,-5251.207798103013,4988.0,69278.3449822367,"(186, 1529, 90)","(186.0, 1529.0, 90)"
957,319,0,XDP_XM1_XM2,0.0,0.0,0.0,"(6, 24, 0)","(6.0, 24.0, 0)"
958,319,1,XDL_XM3_XM4,0.0,0.0,0.0,"(465, 884, 270)","(465.0, 884.0, 270)"
959,319,2,XM5,-7897.632410003417,7448.0,202169.30412548126,"(1067, 880, 90)","(1067.0, 880.0, 90)"
960,320,0,XDP_XM1_XM2,0.0,0.0,0.0,"(1198, 365, 180)","(1198.0, 365.0, 180)"
961,320,1,XDL_XM3_XM4,0.0,0.0,0.0,"(1361, 127, 180)","(1558.5, 127.0, 180)"
962,320,2,XM5,-6489.537091504535,6223.0,71042.02114769691,"(7, 1198, 180)","(7.0, 1198.0, 180)"
963,321,0,XM5,0.0,0.0,0.0,"(837, 1044, 270)","(837.0, 1044.0, 270)"
964,321,1,XDP_XM1_XM2,0.0,0.0,0.0,"(1245, 1330, 180)","(1245.0, 1330.0, 180)"
965,321,2,XDL_XM3_XM4,-5942.184550979032,5618.0,105095.62309347659,"(108, 840, 180)","(108.0, 840.0, 180)"
966,322,0,XDP_XM1_XM2,0.0,0.0,0.0,"(856, 674, 90)","(856.0, 674.0, 90)"
967,322,1,XDL_XM3_XM4,0.0,0.0,0.0,"(1223, 405, 0)","(1223.0, 405.0, 0)"
968,322,2,XM5,-3343.169695435196,3191.0,23155.61620884029,"(1159, 781, 90)","(1159.0, 971.5, 90)"
969,323,0,XM5,0.0,0.0,0.0,"(680, 948, 90)","(557.5, 948.0, 90)"
970,323,1,XDP_XM1_XM2,0.0,0.0,0.0,"(939, 1406, 90)","(1132.5, 1406.0, 90)"
971,323,2,XDL_XM3_XM4,-4452.043162153694,4135.0,100516.36666841347,"(845, 1150, 0)","(845.0, 1150.0, 0)"
972,324,0,XDP_XM1_XM2,0.0,0.0,0.0,"(208, 1445, 90)","(208.0, 1445.0, 90)"
973,324,1,XDL_XM3_XM4,0.0,0.0,0.0,"(228, 282, 90)","(228.0, 282.0, 90)"
974,324,2,XM5,-4431.911744321752,4323.0,11861.76805120666,"(396, 1475, 0)","(545.5, 1475.0, 0)"
975,325,0,XM5,0.0,0.0,0.0,"(888, 1320, 180)","(888.0, 1320.0, 180)"
976,325,1,XDP_XM1_XM2,0.0,0.0,0.0,"(940, 1448, 180)","(940.0, 1599.0, 180)"
977,325,2,XDL_XM3_XM4,-5390.132174027291,5201.0,35770.97925228941,"(694, 199, 270)","(694.0, 199.0, 270)"
978,326,0,XDP_XM1_XM2,0.0,0.0,0.0,"(323, 430, 180)","(306.5, 430.0, 180)"
979,326,1,XDL_XM3_XM4,0.0,0.0,0.0,"(667, 318, 0)","(667.0, 318.0, 0)"
980,326,2,XM5,-3138.5396398732314,3004.0,18100.91469721877,"(741, 567, 90)","(954.5, 567.0, 90)"
981,327,0,XDP_XM1_XM2,0.0,0.0,0.0,"(1528, 903, 90)","(1528.0, 903.0, 90)"
982,327,1,XDL_XM3_XM4,0.0,0.0,0.0,"(274, 82, 90)","(274.0, 82.0, 90)"
983,327,2,XM5,-6577.328196762424,6271.0,93836.9641317183,"(1367, 245, 180)","(1367.0, 245.0, 180)"
984,328,0,XM5,0.0,0.0,0.0,"(962, 1500, 270)","(962.0, 1500.0, 270)"
985,328,1,XDP_XM1_XM2,0.0,0.0,0.0,"(1016, 1044, 180)","(1016.0, 1044.0, 180)"
986,328,2,XDL_XM3_XM4,-3025.361506926394,2941.0,7116.863850892032,"(1326, 651, 90)","(1326.0, 651.0, 90)"
987,329,0,XDP_XM1_XM2,0.0,0.0,0.0,"(1195, 1073, 270)","(1448.5, 1073.0, 270)"
988,329,1,XDL_XM3_XM4,0.0,0.0,0.0,"(1161, 954, 0)","(1161.0, 954.0, 0)"
989,329,2,XM5,-5024.862693165862,4771.0,64446.26698142431,"(399, 1283, 90)","(399.0, 1283.0, 90)"
990,330,0,XDP_XM1_XM2,0.0,0.0,0.0,"(133, 1488, 270)","(133.0, 1488.0, 270)"
991,330,1,XM5,0.0,0.0,0.0,"(485, 1384, 180)","(485.0, 1384.0, 180)"
992,330,2,XDL_XM3_XM4,-5040.541365979204,4761.0,78143.37529351929,"(552, 380, 180)","(552.0, 380.0, 180)"
993,331,0,XM5,0.0,0.0,0.0,"(1541, 1186, 0)","(1541.0, 1048.0, 0)"
994,331,1,XDL_XM3_XM4,0.0,0.0,0.0,"(1361, 1556, 180)","(1361.0, 1556.0, 180)"
995,331,2,XDP_XM1_XM2,-7385.080870574752,7130.0,65066.25053317362,"(167, 1240, 0)","(167.0, 1240.0, 0)"
996,332,0,XDL_XM3_XM4,0.0,0.0,0.0,"(1146, 68, 180)","(1146.0, 68.0, 180)"
997,332,1,XDP_XM1_XM2,0.0,0.0,0.0,"(90, 648, 180)","(90.0, 743.0, 180)"
998,332,2,XM5,-5774.522491126839,5499.0,75912.64311673901,"(70, 464, 0)","(70.0, 464.0, 0)"
999,333,0,XDP_XM1_XM2,0.0,0.0,0.0,"(499, 266, 90)","(499.0, 266.0, 90)"
1000,333,1,XDL_XM3_XM4,0.0,0.0,0.0,"(1131, 1130, 180)","(1131.0, 1130.0, 180)"
1001,333,2,XM5,-5960.362539895115,5615.0,119275.28396280509,"(678, 827, 180)","(678.0, 827.0, 180)"
1002,334,0,XM5,0.0,0.0,0.0,"(1272, 1311, 90)","(1272.0, 1311.0, 90)"
1003,334,1,XDP_XM1_XM2,0.0,0.0,0.0,"(675, 1454, 0)","(675.0, 1454.0, 0)"
1004,334,2,XDL_XM3_XM4,-5909.655702606583,5601.0,95268.34275156313,"(1148, 256, 180)","(1148.0, 256.0, 180)"
1005,335,0,XDP_XM1_XM2,0.0,0.0,0.0,"(683, 51, 90)","(683.0, 51.0, 90)"
1006,335,1,XDL_XM3_XM4,0.0,0.0,0.0,"(953, 681, 0)","(953.0, 681.0, 0)"
1007,335,2,XM5,-5552.151505821002,5333.0,48027.382503612374,"(274, 1299, 270)","(274.0, 1299.0, 270)"
1008,336,0,XDL_XM3_XM4,0.0,0.0,0.0,"(702, 748, 90)","(702.0, 748.0, 90)"
1009,336,1,XM5,0.0,0.0,0.0,"(746, 761, 0)","(746.0, 1035.5, 0)"
1010,336,2,XDP_XM1_XM2,-3472.300263072521,3284.0,35456.98907318063,"(749, 432, 0)","(749.0, 432.0, 0)"
1011,337,0,XDL_XM3_XM4,0.0,0.0,0.0,"(1531, 1144, 0)","(1531.0, 1144.0, 0)"
1012,337,1,XDP_XM1_XM2,0.0,0.0,0.0,"(791, 1265, 270)","(791.0, 1265.0, 270)"
1013,337,2,XM5,-5981.147228803793,5767.0,45859.03560434404,"(74, 371, 0)","(74.0, 371.0, 0)"
1014,338,0,XDP_XM1_XM2,0.0,0.0,0.0,"(1097, 115, 90)","(1097.0, -128.0, 90)"
1015,338,1,XDL_XM3_XM4,0.0,0.0,0.0,"(1177, 1156, 180)","(1177.0, 1156.0, 180)"
1016,338,2,XM5,-4618.921244199097,4367.0,63464.31327882114,"(1147, 224, 0)","(1147.0, 224.0, 0)"
1017,339,0,XDP_XM1_XM2,0.0,0.0,0.0,"(490, 288, 180)","(490.0, 288.0, 180)"
1018,339,1,XDL_XM3_XM4,0.0,0.0,0.0,"(1268, 44, 0)","(1268.0, 44.0, 0)"
1019,339,2,XM5,-5174.202781118149,5053.0,14690.114150773828,"(732, 1441, 0)","(732.0, 1441.0, 0)"
1020,340,0,XDL_XM3_XM4,0.0,0.0,0.0,"(939, 401, 0)","(939.0, 401.0, 0)"
1021,340,1,XDP_XM1_XM2,0.0,0.0,0.0,"(1351, 754, 270)","(1351.0, 754.0, 270)"
1022,340,2,XM5,-4295.809227486669,4049.0,60914.79477256636,"(886, 988, 270)","(886.0, 988.0, 270)"
1023,341,0,XDL_XM3_XM4,0.0,0.0,0.0,"(439, 1251, 90)","(439.0, 1251.0, 90)"
1024,341,1,XM5,0.0,0.0,0.0,"(828, 14, 0)","(828.0, 14.0, 0)"
1025,341,2,XDP_XM1_XM2,-6963.512359134133,6675.0,83239.3813731427,"(1398, 709, 270)","(1398.0, 709.0, 270)"
1026,342,0,XDL_XM3_XM4,0.0,0.0,0.0,"(157, 287, 0)","(157.0, 287.0, 0)"
1027,342,1,XDP_XM1_XM2,0.0,0.0,0.0,"(1228, 1406, 0)","(1228.0, 1406.0, 0)"
1028,342,2,XM5,-7977.918117395802,7609.0,136100.5773428632,"(1049, 293, 270)","(1049.0, 293.0, 270)"
1029,343,0,XDL_XM3_XM4,0.0,0.0,0.0,"(401, 1150, 90)","(401.0, 1150.0, 90)"
1030,343,1,XDP_XM1_XM2,0.0,0.0,0.0,"(62, 806, 0)","(62.0, 806.0, 0)"
1031,343,2,XM5,-4649.828597519259,4390.0,67510.90008882547,"(798, 943, 180)","(798.0, 862.5, 180)"
1032,344,0,XDL_XM3_XM4,0.0,0.0,0.0,"(1478, 295, 180)","(1478.0, 270.0, 180)"
1033,344,1,XM5,0.0,0.0,0.0,"(1402, 778, 180)","(1402.0, 778.0, 180)"
1034,344,2,XDP_XM1_XM2,-6507.321529543422,6114.0,154701.82560237678,"(747, 1152, 0)","(747.0, 1152.0, 0)"
1035,345,0,XM5,0.0,0.0,0.0,"(1415, 1541, 180)","(1415.0, 1541.0, 180)"
1036,345,1,XDL_XM3_XM4,0.0,0.0,0.0,"(878, 44, 270)","(878.0, 44.0, 270)"
1037,345,2,XDP_XM1_XM2,-8849.803252868538,8501.0,121663.7092116728,"(28, 1454, 270)","(28.0, 1454.0, 270)"
1038,346,0,XDP_XM1_XM2,0.0,0.0,0.0,"(1192, 575, 0)","(1192.0, 575.0, 0)"
1039,346,1,XM5,0.0,0.0,0.0,"(663, 109, 180)","(663.0, -0.5, 180)"
1040,346,2,XDL_XM3_XM4,-4366.668803343705,4100.0,71112.25067676364,"(614, 287, 90)","(614.0, 287.0, 90)"
1041,347,0,XDL_XM3_XM4,0.0,0.0,0.0,"(421, 1227, 270)","(421.0, 1227.0, 270)"
1042,347,1,XM5,0.0,0.0,0.0,"(380, 1324, 0)","(380.0, 1514.5, 0)"
1043,347,2,XDP_XM1_XM2,-3740.2262967814363,3495.0,60135.936633137106,"(487, 1099, 270)","(487.0, 866.5, 270)"
1044,348,0,XDP_XM1_XM2,0.0,0.0,0.0,"(1265, 1022, 270)","(1265.0, 1022.0, 270)"
1045,348,1,XDL_XM3_XM4,0.0,0.0,0.0,"(1168, 99, 180)","(1168.0, 99.0, 180)"
1046,348,2,XM5,-4751.0026283393845,4552.0,39602.04608598307,"(1530, 198, 180)","(1530.0, 198.0, 180)"
1047,349,0,XDP_XM1_XM2,0.0,0.0,0.0,"(58, 1218, 270)","(58.0, 1218.0, 270)"
1048,349,1,XDL_XM3_XM4,0.0,0.0,0.0,"(1490, 467, 180)","(1490.0, 467.0, 180)"
1049,349,2,XM5,-8064.650706862703,7666.0,158922.38608213334,"(346, 123, 180)","(346.0, 123.0, 180)"
1050,350,0,XDL_XM3_XM4,0.0,0.0,0.0,"(87, 28, 180)","(87.0, 28.0, 180)"
1051,350,1,XM5,0.0,0.0,0.0,"(1272, 1137, 180)","(1272.0, 1137.0, 180)"
1052,350,2,XDP_XM1_XM2,-6954.008252967765,6696.0,66568.25859947813,"(1533, 540, 270)","(1533.0, 540.0, 270)"
1053,351,0,XDP_XM1_XM2,0.0,0.0,0.0,"(1301, 1432, 90)","(1301.0, 1432.0, 90)"
1054,351,1,XM5,0.0,0.0,0.0,"(938, 977, 180)","(938.0, 977.0, 180)"
1055,351,2,XDL_XM3_XM4,-5015.0719091623305,4725.0,84141.71248507936,"(947, 563, 180)","(947.0, 469.0, 180)"
1056,352,0,XDL_XM3_XM4,0.0,0.0,0.0,"(1371, 1335, 0)","(1371.0, 1335.0, 0)"
1057,352,1,XM5,0.0,0.0,0.0,"(1022, 1297, 0)","(1022.0, 1168.0, 0)"
1058,352,2,XDP_XM1_XM2,-2664.5348078128122,2515.0,22360.658747614627,"(1357, 1447, 0)","(1010.5, 1447.0, 0)"
1059,353,0,XM5,0.0,0.0,0.0,"(107, 341, 180)","(107.0, 341.0, 180)"
1060,353,1,XDP_XM1_XM2,0.0,0.0,0.0,"(1526, 645, 0)","(1526.0, 645.0, 0)"
1061,353,2,XDL_XM3_XM4,-6484.099410204418,6221.0,69221.29964991244,"(770, 1037, 0)","(770.0, 1037.0, 0)"
1062,354,0,XDL_XM3_XM4,0.0,0.0,0.0,"(984, 1237, 90)","(984.0, 1237.0, 90)"
1063,354,1,XDP_XM1_XM2,0.0,0.0,0.0,"(806, 1012, 180)","(806.0, 949.5, 180)"
1064,354,2,XM5,-3743.452947295776,3449.0,86702.5381711692,"(879, 1461, 180)","(879.0, 1524.5, 180)"
1065,355,0,XDL_XM3_XM4,0.0,0.0,0.0,"(1254, 1490, 90)","(1254.0, 1490.0, 90)"
1066,355,1,XM5,0.0,0.0,0.0,"(725, 1039, 180)","(725.0, 1039.0, 180)"
1067,355,2,XDP_XM1_XM2,-3668.254203039891,3515.0,23486.85074939204,"(1505, 1297, 0)","(1505.0, 1202.5, 0)"
1068,356,0,XM5,0.0,0.0,0.0,"(1157, 681, 90)","(859.0, 681.0, 90)"
1069,356,1,XDL_XM3_XM4,0.0,0.0,0.0,"(1539, 1525, 180)","(1539.0, 1525.0, 180)"
1070,356,2,XDP_XM1_XM2,-4489.51783925395,4286.0,41419.51089459657,"(1138, 717, 270)","(1138.0, 717.0, 270)"
1071,357,0,XDP_XM1_XM2,0.0,0.0,0.0,"(912, 1155, 180)","(912.0, 1155.0, 180)"
1072,357,1,XM5,0.0,0.0,0.0,"(314, 353, 0)","(314.0, 353.0, 0)"
1073,357,2,XDL_XM3_XM4,-5617.483414514339,5320.0,88496.38191111006,"(780, 1365, 0)","(551.5, 1365.0, 0)"
1074,358,0,XM5,0.0,0.0,0.0,"(975, 1127, 90)","(975.0, 1127.0, 90)"
1075,358,1,XDP_XM1_XM2,0.0,0.0,0.0,"(693, 846, 90)","(693.0, 846.0, 90)"
1076,358,2,XDL_XM3_XM4,-5123.500474920461,4908.0,46440.45469094419,"(1434, 36, 0)","(1434.0, 36.0, 0)"
1077,359,0,XDP_XM1_XM2,0.0,0.0,0.0,"(565, 835, 90)","(383.5, 835.0, 90)"
1078,359,1,XM5,0.0,0.0,0.0,"(473, 73, 0)","(473.0, 73.0, 0)"
1079,359,2,XDL_XM3_XM4,-4198.335408476614,3994.0,41752.95915730473,"(671, 639, 180)","(671.0, 639.0, 180)"
1080,360,0,XM5,0.0,0.0,0.0,"(981, 1541, 180)","(981.0, 1541.0, 180)"
1081,360,1,XDL_XM3_XM4,0.0,0.0,0.0,"(1493, 709, 270)","(1493.0, 709.0, 270)"
1082,360,2,XDP_XM1_XM2,-6629.236036096373,6352.0,76859.81971042954,"(1059, 44, 270)","(1059.0, 44.0, 270)"
1083,361,0,XDL_XM3_XM4,0.0,0.0,0.0,"(254, 46, 0)","(254.0, 46.0, 0)"
1084,361,1,XDP_XM1_XM2,0.0,0.0,0.0,"(1508, 1540, 270)","(1694.0, 1540.0, 270)"
1085,361,2,XM5,-8215.85496075708,7891.0,105530.74552848437,"(1415, 1553, 90)","(1415.0, 1553.0, 90)"
1086,362,0,XDL_XM3_XM4,0.0,0.0,0.0,"(555, 134, 90)","(555.0, -29.5, 90)"
1087,362,1,XM5,0.0,0.0,0.0,"(871, 258, 180)","(871.0, 258.0, 180)"
1088,362,2,XDP_XM1_XM2,-5473.059411426399,5173.0,90035.65038555695,"(378, 847, 180)","(378.0, 847.0, 180)"
1089,363,0,XDP_XM1_XM2,0.0,0.0,0.0,"(1377, 62, 180)","(1377.0, 62.0, 180)"
1090,363,1,XM5,0.0,0.0,0.0,"(237, 439, 180)","(237.0, 439.0, 180)"
1091,363,2,XDL_XM3_XM4,-5884.9470398846015,5614.0,73412.2984222279,"(1173, 819, 180)","(1173.0, 819.0, 180)"
1092,364,0,XDL_XM3_XM4,0.0,0.0,0.0,"(1056, 270, 0)","(1056.0, 270.0, 0)"
1093,364,1,XDP_XM1_XM2,0.0,0.0,0.0,"(316, 680, 0)","(316.0, 680.0, 0)"
1094,364,2,XM5,-4587.539624955936,4391.0,38627.824177820046,"(27, 162, 0)","(27.0, 162.0, 0)"
1095,365,0,XM5,0.0,0.0,0.0,"(373, 775, 90)","(373.0, 775.0, 90)"
1096,365,1,XDP_XM1_XM2,0.0,0.0,0.0,"(1285, 629, 180)","(1285.0, 629.0, 180)"
1097,365,2,XDL_XM3_XM4,-4747.42492959248,4483.0,69920.54338998813,"(729, 829, 180)","(729.0, 829.0, 180)"
1098,366,0,XDL_XM3_XM4,0.0,0.0,0.0,"(752, 1372, 180)","(752.0, 1372.0, 180)"
1099,366,1,XM5,0.0,0.0,0.0,"(47, 930, 180)","(47.0, 930.0, 180)"
1100,366,2,XDP_XM1_XM2,-5660.880265938453,5376.0,81156.76592116363,"(549, 389, 180)","(549.0, 389.0, 180)"
1101,367,0,XDP_XM1_XM2,0.0,0.0,0.0,"(741, 914, 270)","(741.0, 914.0, 270)"
1102,367,1,XM5,0.0,0.0,0.0,"(1421, 637, 0)","(1421.0, 637.0, 0)"
1103,367,2,XDL_XM3_XM4,-4546.249456581868,4376.0,28984.877466421418,"(299, 1492, 180)","(299.0, 1492.0, 180)"
1104,368,0,XM5,0.0,0.0,0.0,"(1544, 653, 180)","(1544.0, 653.0, 180)"
1105,368,1,XDL_XM3_XM4,0.0,0.0,0.0,"(1039, 1162, 0)","(1039.0, 1162.0, 0)"
1106,368,2,XDP_XM1_XM2,-4226.327270498296,3976.0,62663.74235512697,"(1040, 1260, 90)","(1326.5, 1260.0, 90)"
1107,369,0,XDL_XM3_XM4,0.0,0.0,0.0,"(1082, 78, 0)","(1082.0, 78.0, 0)"
1108,369,1,XM5,0.0,0.0,0.0,"(588, 239, 180)","(588.0, 239.0, 180)"
1109,369,2,XDP_XM1_XM2,-4064.5755705657284,3828.0,55968.000588500014,"(435, 516, 180)","(435.0, 518.0, 180)"
1110,370,0,XDP_XM1_XM2,0.0,0.0,0.0,"(1419, 1361, 270)","(1419.0, 1361.0, 270)"
1111,370,1,XM5,0.0,0.0,0.0,"(722, 1442, 0)","(722.0, 1442.0, 0)"
1112,370,2,XDL_XM3_XM4,-4918.119898214019,4657.0,68183.60124329962,"(563, 1238, 90)","(563.0, 1154.5, 90)"
1113,371,0,XM5,0.0,0.0,0.0,"(1347, 1133, 0)","(1347.0, 1133.0, 0)"
1114,371,1,XDP_XM1_XM2,0.0,0.0,0.0,"(1195, 528, 90)","(1205.5, 528.0, 90)"
1115,371,2,XDL_XM3_XM4,-3595.2409577784056,3405.0,36191.62201644518,"(918, 944, 180)","(918.0, 944.0, 180)"
1116,372,0,XDL_XM3_XM4,0.0,0.0,0.0,"(1037, 380, 180)","(1037.0, 380.0, 180)"
1117,372,1,XM5,0.0,0.0,0.0,"(1555, 1517, 270)","(1555.0, 1517.0, 270)"
1118,372,2,XDP_XM1_XM2,-6503.7616600814035,6255.0,61882.36352645555,"(575, 1414, 90)","(575.0, 1414.0, 90)"
1119,373,0,XDL_XM3_XM4,0.0,0.0,0.0,"(1416, 1147, 90)","(1416.0, 1147.0, 90)"
1120,373,1,XM5,0.0,0.0,0.0,"(1448, 428, 270)","(1448.0, 428.0, 270)"
1121,373,2,XDP_XM1_XM2,-6676.133490086866,6305.0,137740.0674640582,"(486, 1145, 180)","(486.0, 1145.0, 180)"
1122,374,0,XDL_XM3_XM4,0.0,0.0,0.0,"(242, 1268, 180)","(242.0, 1268.0, 180)"
1123,374,1,XM5,0.0,0.0,0.0,"(713, 630, 180)","(713.0, 630.0, 180)"
1124,374,2,XDP_XM1_XM2,-6113.817975313004,5829.0,81121.2790613992,"(1289, 1347, 180)","(1289.0, 1347.0, 180)"
1125,375,0,XM5,0.0,0.0,0.0,"(1380, 828, 180)","(1380.0, 828.0, 180)"
1126,375,1,XDL_XM3_XM4,0.0,0.0,0.0,"(1304, 1057, 90)","(1304.0, 1115.5, 90)"
1127,375,2,XDP_XM1_XM2,-3611.876786004285,3393.0,47907.047451565486,"(1523, 556, 90)","(1523.0, 476.0, 90)"
1128,376,0,XM5,0.0,0.0,0.0,"(635, 1458, 90)","(635.0, 1458.0, 90)"
1129,376,1,XDP_XM1_XM2,0.0,0.0,0.0,"(837, 214, 0)","(837.0, 214.0, 0)"
1130,376,2,XDL_XM3_XM4,-6889.549338720354,6547.0,117340.04945775168,"(256, 889, 90)","(256.0, 889.0, 90)"
1131,377,0,XDL_XM3_XM4,0.0,0.0,0.0,"(1490, 653, 90)","(1490.0, 653.0, 90)"
1132,377,1,XDP_XM1_XM2,0.0,0.0,0.0,"(610, 639, 0)","(610.0, 639.0, 0)"
1133,377,2,XM5,-3791.640407493249,3603.0,35585.20333921892,"(430, 622, 180)","(199.5, 622.0, 180)"
1134,378,0,XM5,0.0,0.0,0.0,"(1363, 48, 270)","(1363.0, 48.0, 270)"
1135,378,1,XDP_XM1_XM2,0.0,0.0,0.0,"(174, 1333, 0)","(174.0, 1594.5, 0)"
1136,378,2,XDL_XM3_XM4,-8049.29006185099,7655.0,155464.65287445806,"(235, 1307, 270)","(235.0, 1307.0, 270)"
1137,379,0,XM5,0.0,0.0,0.0,"(312, 1372, 180)","(312.0, 1372.0, 180)"
1138,379,1,XDP_XM1_XM2,0.0,0.0,0.0,"(324, 388, 90)","(324.0, 388.0, 90)"
1139,379,2,XDL_XM3_XM4,-4141.444810386299,3992.0,22333.75135139683,"(495, 196, 0)","(611.5, 196.0, 0)"
1140,380,0,XM5,0.0,0.0,0.0,"(1180, 1130, 90)","(1180.0, 1130.0, 90)"
1141,380,1,XDL_XM3_XM4,0.0,0.0,0.0,"(1382, 1114, 0)","(1467.5, 1114.0, 0)"
1142,380,2,XDP_XM1_XM2,-7349.618431513624,6935.0,171908.4437508181,"(802, 154, 0)","(802.0, 154.0, 0)"
1143,381,0,XM5,0.0,0.0,0.0,"(1380, 717, 90)","(1380.0, 717.0, 90)"
1144,381,1,XDL_XM3_XM4,0.0,0.0,0.0,"(1466, 502, 0)","(1667.5, 502.0, 0)"
1145,381,2,XDP_XM1_XM2,-9636.379356992522,9106.0,281302.2623238002,"(245, 1466, 180)","(245.0, 1466.0, 180)"
1146,382,0,XM5,0.0,0.0,0.0,"(414, 1342, 90)","(414.0, 1342.0, 90)"
1147,382,1,XDP_XM1_XM2,0.0,0.0,0.0,"(531, 272, 0)","(531.0, 233.5, 0)"
1148,382,2,XDL_XM3_XM4,-5265.010924077314,5041.0,50180.8941059718,"(95, 521, 90)","(95.0, 521.0, 90)"
1149,383,0,XDL_XM3_XM4,0.0,0.0,0.0,"(425, 1250, 90)","(425.0, 1250.0, 90)"
1150,383,1,XM5,0.0,0.0,0.0,"(505, 433, 180)","(505.0, 433.0, 180)"
1151,383,2,XDP_XM1_XM2,-6904.949003796689,6535.0,136862.2654101628,"(1296, 1429, 180)","(1296.0, 1429.0, 180)"
1152,384,0,XM5,0.0,0.0,0.0,"(1081, 258, 180)","(1081.0, 258.0, 180)"
1153,384,1,XDL_XM3_XM4,0.0,0.0,0.0,"(450, 1091, 180)","(450.0, 1091.0, 180)"
1154,384,2,XDP_XM1_XM2,-3850.8820280438067,3805.0,2105.1604974126576,"(1169, 1043, 0)","(1169.0, 1043.0, 0)"
1155,385,0,XDL_XM3_XM4,0.0,0.0,0.0,"(739, 960, 270)","(739.0, 960.0, 270)"
1156,385,1,XDP_XM1_XM2,0.0,0.0,0.0,"(527, 96, 0)","(527.0, 96.0, 0)"
1157,385,2,XM5,-7833.403648837531,7407.0,181820.071741961,"(1396, 1348, 0)","(1396.0, 1348.0, 0)"
1158,386,0,XDL_XM3_XM4,0.0,0.0,0.0,"(569, 1013, 180)","(569.0, 1013.0, 180)"
1159,386,1,XDP_XM1_XM2,0.0,0.0,0.0,"(556, 737, 180)","(556.0, 505.0, 180)"
1160,386,2,XM5,-3847.902392057443,3632.0,46613.84289612586,"(103, 837, 180)","(103.0, 837.0, 180)"
1161,387,0,XDP_XM1_XM2,0.0,0.0,0.0,"(85, 1035, 90)","(38.5, 1035.0, 90)"
1162,387,1,XDL_XM3_XM4,0.0,0.0,0.0,"(1493, 488, 90)","(1493.0, 488.0, 90)"
1163,387,2,XM5,-6015.371821277158,5758.0,66240.2543875215,"(376, 1027, 0)","(376.0, 1027.0, 0)"
1164,388,0,XM5,0.0,0.0,0.0,"(1113, 1428, 0)","(954.0, 1428.0, 0)"
1165,388,1,XDL_XM3_XM4,0.0,0.0,0.0,"(1300, 1143, 180)","(1300.0, 1143.0, 180)"
1166,388,2,XDP_XM1_XM2,-7686.282444275066,7258.0,183425.8520742254,"(1414, 2, 270)","(1414.0, 2.0, 270)"
1167,389,0,XM5,0.0,0.0,0.0,"(956, 1313, 90)","(956.0, 1313.0, 90)"
1168,389,1,XDP_XM1_XM2,0.0,0.0,0.0,"(503, 201, 180)","(723.5, 201.0, 180)"
1169,389,2,XDL_XM3_XM4,-4296.354319108917,4116.5,32347.576102131865,"(363, 403, 180)","(363.0, 403.0, 180)"
1170,390,0,XDL_XM3_XM4,0.0,0.0,0.0,"(1120, 474, 270)","(1120.0, 474.0, 270)"
1171,390,1,XM5,0.0,0.0,0.0,"(590, 1034, 180)","(590.0, 1034.0, 180)"
1172,390,2,XDP_XM1_XM2,-5165.0230551397435,4905.0,67611.98920420627,"(1329, 1300, 270)","(1329.0, 1300.0, 270)"
1173,391,0,XDL_XM3_XM4,0.0,0.0,0.0,"(1115, 1199, 0)","(1115.0, 1199.0, 0)"
1174,391,1,XDP_XM1_XM2,0.0,0.0,0.0,"(680, 1190, 0)","(680.0, 1190.0, 0)"
1175,391,2,XM5,-4859.777745556598,4687.0,29852.14935962054,"(104, 111, 180)","(104.0, 111.0, 180)"
1176,392,0,XDP_XM1_XM2,0.0,0.0,0.0,"(497, 1034, 180)","(497.0, 1079.0, 180)"
1177,392,1,XM5,0.0,0.0,0.0,"(337, 800, 180)","(337.0, 800.0, 180)"
1178,392,2,XDL_XM3_XM4,-3860.8292322648012,3625.0,55615.42679060551,"(127, 772, 0)","(-9.0, 772.0, 0)"
1179,393,0,XDP_XM1_XM2,0.0,0.0,0.0,"(1472, 349, 90)","(1472.0, 349.0, 90)"
1180,393,1,XDL_XM3_XM4,0.0,0.0,0.0,"(36, 376, 180)","(36.0, 376.0, 180)"
1181,393,2,XM5,-6070.90391597489,5858.0,45328.07743744293,"(659, 818, 180)","(659.0, 818.0, 180)"
1182,394,0,XM5,0.0,0.0,0.0,"(107, 1210, 90)","(107.0, 1210.0, 90)"
1183,394,1,XDP_XM1_XM2,0.0,0.0,0.0,"(1417, 143, 0)","(1417.0, 143.0, 0)"
1184,394,2,XDL_XM3_XM4,-8105.020719644758,7739.0,133971.1672092669,"(510, 151, 180)","(510.0, 151.0, 180)"
1185,395,0,XM5,0.0,0.0,0.0,"(1334, 1375, 180)","(1334.0, 1375.0, 180)"
1186,395,1,XDP_XM1_XM2,0.0,0.0,0.0,"(1098, 887, 180)","(1098.0, 887.0, 180)"
1187,395,2,XDL_XM3_XM4,-4077.4185364658933,3926.0,22927.573185473026,"(327, 701, 180)","(327.0, 701.0, 180)"
1188,396,0,XDP_XM1_XM2,0.0,0.0,0.0,"(659, 263, 0)","(659.0, 263.0, 0)"
1189,396,1,XDL_XM3_XM4,0.0,0.0,0.0,"(198, 617, 270)","(198.0, 617.0, 270)"
1190,396,2,XM5,-5478.729929813154,5245.0,54629.68009046199,"(861, 1438, 0)","(861.0, 1438.0, 0)"
1191,397,0,XM5,0.0,0.0,0.0,"(833, 1380, 180)","(833.0, 1380.0, 180)"
1192,397,1,XDL_XM3_XM4,0.0,0.0,0.0,"(1272, 791, 0)","(1272.0, 791.0, 0)"
1193,397,2,XDP_XM1_XM2,-3765.222700588166,3622.0,20512.741963767414,"(1419, 1134, 180)","(1419.0, 1299.0, 180)"
1194,398,0,XDL_XM3_XM4,0.0,0.0,0.0,"(224, 912, 0)","(224.0, 912.0, 0)"
1195,398,1,XM5,0.0,0.0,0.0,"(1491, 192, 180)","(1491.0, 192.0, 180)"
1196,398,2,XDP_XM1_XM2,-7253.284029918379,6888.0,133432.4225134114,"(51, 1018, 90)","(-63.5, 1018.0, 90)"
1197,399,0,XDL_XM3_XM4,0.0,0.0,0.0,"(1168, 206, 180)","(1168.0, 206.0, 180)"
1198,399,1,XM5,0.0,0.0,0.0,"(932, 1268, 90)","(932.0, 1268.0, 90)"
1199,399,2,XDP_XM1_XM2,-6937.852869917233,6603.0,112126.44449180766,"(298, 1531, 270)","(298.0, 1531.0, 270)"
1200,400,0,XM5,0.0,0.0,0.0,"(94, 764, 90)","(94.0, 764.0, 90)"
1201,400,1,XDL_XM3_XM4,0.0,0.0,0.0,"(1198, 490, 90)","(1198.0, 490.0, 90)"
1202,400,2,XDP_XM1_XM2,-6153.548122914016,5850.0,92141.46292462257,"(1369, 1042, 180)","(1369.0, 1042.0, 180)"
1203,401,0,XDL_XM3_XM4,0.0,0.0,0.0,"(1415, 580, 180)","(1415.0, 580.0, 180)"
1204,401,1,XM5,0.0,0.0,0.0,"(845, 1229, 270)","(845.0, 1229.0, 270)"
1205,401,2,XDP_XM1_XM2,-5706.390073791232,5414.0,85491.95525164186,"(699, 313, 0)","(699.0, 313.0, 0)"
1206,402,0,XDL_XM3_XM4,0.0,0.0,0.0,"(252, 901, 180)","(252.0, 901.0, 180)"
1207,402,1,XM5,0.0,0.0,0.0,"(499, 966, 180)","(598.0, 966.0, 180)"
1208,402,2,XDP_XM1_XM2,-4619.740087992219,4327.0,85696.75911769203,"(97, 364, 180)","(97.0, 364.0, 180)"
1209,403,0,XDP_XM1_XM2,0.0,0.0,0.0,"(1101, 1312, 90)","(1101.0, 1312.0, 90)"
1210,403,1,XDL_XM3_XM4,0.0,0.0,0.0,"(894, 441, 0)","(894.0, 291.0, 0)"
1211,403,2,XM5,-5460.48944405588,5109.0,123544.82928271135,"(804, 799, 0)","(804.0, 799.0, 0)"
1212,404,0,XDL_XM3_XM4,0.0,0.0,0.0,"(1176, 57, 270)","(1176.0, 57.0, 270)"
1213,404,1,XM5,0.0,0.0,0.0,"(605, 333, 0)","(605.0, 333.0, 0)"
1214,404,2,XDP_XM1_XM2,-6426.564888512765,6129.0,88544.86287561416,"(776, 1082, 180)","(776.0, 1082.0, 180)"
1215,405,0,XDL_XM3_XM4,0.0,0.0,0.0,"(995, 1478, 180)","(995.0, 1478.0, 180)"
1216,405,1,XM5,0.0,0.0,0.0,"(32, 301, 180)","(32.0, 301.0, 180)"
1217,405,2,XDP_XM1_XM2,-5589.723512706773,5341.0,61863.38577319638,"(691, 800, 180)","(691.0, 800.0, 180)"
1218,406,0,XM5,0.0,0.0,0.0,"(1219, 718, 0)","(1219.0, 718.0, 0)"
1219,406,1,XDP_XM1_XM2,0.0,0.0,0.0,"(572, 603, 180)","(572.0, 603.0, 180)"
1220,406,2,XDL_XM3_XM4,-3495.2237004562876,3358.0,18830.343966916957,"(748, 186, 270)","(748.0, 186.0, 270)"
1221,407,0,XM5,0.0,0.0,0.0,"(366, 556, 270)","(366.0, 556.0, 270)"
1222,407,1,XDP_XM1_XM2,0.0,0.0,0.0,"(1014, 1347, 270)","(1014.0, 1347.0, 270)"
1223,407,2,XDL_XM3_XM4,-7889.696879961622,7429.0,212241.61520637292,"(245, 477, 0)","(78.5, 477.0, 0)"
1224,408,0,XM5,0.0,0.0,0.0,"(258, 766, 0)","(258.0, 766.0, 0)"
1225,408,1,XDP_XM1_XM2,0.0,0.0,0.0,"(1196, 680, 270)","(1196.0, 680.0, 270)"
1226,408,2,XDL_XM3_XM4,-6690.139721097442,6416.0,75152.58668338334,"(328, 1508, 270)","(328.0, 1508.0, 270)"
1227,409,0,XDL_XM3_XM4,0.0,0.0,0.0,"(495, 1183, 180)","(495.0, 1183.0, 180)"
1228,409,1,XDP_XM1_XM2,0.0,0.0,0.0,"(852, 32, 0)","(852.0, 32.0, 0)"
1229,409,2,XM5,-7151.95673377626,6871.0,78936.6862542242,"(826, 1381, 180)","(841.0, 1381.0, 180)"
1230,410,0,XDL_XM3_XM4,0.0,0.0,0.0,"(1379, 333, 90)","(1379.0, 333.0, 90)"
1231,410,1,XDP_XM1_XM2,0.0,0.0,0.0,"(330, 928, 180)","(210.0, 928.0, 180)"
1232,410,2,XM5,-5532.240621869461,5257.0,75757.39992708788,"(562, 857, 270)","(562.0, 857.0, 270)"
1233,411,0,XM5,0.0,0.0,0.0,"(1282, 293, 180)","(1282.0, 293.0, 180)"
1234,411,1,XDP_XM1_XM2,0.0,0.0,0.0,"(1100, 1436, 0)","(1208.5, 1436.0, 0)"
1235,411,2,XDL_XM3_XM4,-4230.096254449752,4072.0,24994.42567104076,"(848, 1336, 180)","(848.0, 1336.0, 180)"
1236,412,0,XM5,0.0,0.0,0.0,"(432, 637, 270)","(432.0, 485.5, 270)"
1237,412,1,XDP_XM1_XM2,0.0,0.0,0.0,"(592, 823, 0)","(592.0, 823.0, 0)"
1238,412,2,XDL_XM3_XM4,-3746.371768662585,3554.0,37006.8973783712,"(1403, 566, 0)","(1403.0, 566.0, 0)"
1239,413,0,XDP_XM1_XM2,0.0,0.0,0.0,"(803, 157, 180)","(803.0, 157.0, 180)"
1240,413,1,XDL_XM3_XM4,0.0,0.0,0.0,"(1403, 972, 270)","(1403.0, 972.0, 270)"
1241,413,2,XM5,-4779.008806595938,4574.0,42028.6107818909,"(1231, 67, 0)","(1231.0, 67.0, 0)"
1242,414,0,XDL_XM3_XM4,0.0,0.0,0.0,"(66, 892, 270)","(66.0, 952.0, 270)"
1243,414,1,XDP_XM1_XM2,0.0,0.0,0.0,"(382, 522, 0)","(620.0, 522.0, 0)"
1244,414,2,XM5,-3964.57111123191,3723.0,58356.60178181976,"(268, 606, 90)","(268.0, 606.0, 90)"
1245,415,0,XDP_XM1_XM2,0.0,0.0,0.0,"(1191, 1203, 180)","(1191.0, 1203.0, 180)"
1246,415,1,XDL_XM3_XM4,0.0,0.0,0.0,"(493, 495, 180)","(493.0, 495.0, 180)"
1247,415,2,XM5,-5600.700144063343,5388.0,45241.35128456685,"(449, 1434, 0)","(449.0, 1434.0, 0)"
1248,416,0,XDP_XM1_XM2,0.0,0.0,0.0,"(30, 1347, 90)","(30.0, 1347.0, 90)"
1249,416,1,XM5,0.0,0.0,0.0,"(378, 743, 90)","(378.0, 743.0, 90)"
1250,416,2,XDL_XM3_XM4,-5494.127439323444,5213.0,79032.63714055707,"(2, 499, 270)","(2.0, 397.0, 270)"
1251,417,0,XDP_XM1_XM2,0.0,0.0,0.0,"(158, 827, 180)","(158.0, 827.0, 180)"
1252,417,1,XM5,0.0,0.0,0.0,"(1156, 1438, 90)","(1156.0, 1438.0, 90)"
1253,417,2,XDL_XM3_XM4,-5530.112378667238,5292.0,56697.50487457016,"(216, 245, 90)","(216.0, 245.0, 90)"
1254,418,0,XM5,0.0,0.0,0.0,"(977, 769, 180)","(977.0, 769.0, 180)"
1255,418,1,XDL_XM3_XM4,0.0,0.0,0.0,"(1350, 315, 90)","(1350.0, 315.0, 90)"
1256,418,2,XDP_XM1_XM2,-5032.0515923872035,4763.0,72388.75936609005,"(1530, 1225, 270)","(1530.0, 1225.0, 270)"
1257,419,0,XDP_XM1_XM2,0.0,0.0,0.0,"(464, 132, 180)","(464.0, -58.0, 180)"
1258,419,1,XDL_XM3_XM4,0.0,0.0,0.0,"(1218, 706, 270)","(1218.0, 706.0, 270)"
1259,419,2,XM5,-4256.943067626509,4061.0,38393.685750886594,"(534, 221, 0)","(534.0, 221.0, 0)"
1260,420,0,XM5,0.0,0.0,0.0,"(770, 1351, 0)","(770.0, 1351.0, 0)"
1261,420,1,XDL_XM3_XM4,0.0,0.0,0.0,"(1137, 358, 90)","(1137.0, 358.0, 90)"
1262,420,2,XDP_XM1_XM2,-5425.433537280546,5145.0,78642.9688316796,"(808, 96, 0)","(808.0, 70.5, 0)"
1263,421,0,XDP_XM1_XM2,0.0,0.0,0.0,"(1024, 442, 180)","(1024.0, 442.0, 180)"
1264,421,1,XDL_XM3_XM4,0.0,0.0,0.0,"(1432, 2, 0)","(1432.0, 2.0, 0)"
1265,421,2,XM5,-4534.0047463115225,4368.0,27557.575797952886,"(811, 1206, 180)","(811.0, 1206.0, 180)"
1266,422,0,XM5,0.0,0.0,0.0,"(1330, 470, 270)","(1330.0, 470.0, 270)"
1267,422,1,XDP_XM1_XM2,0.0,0.0,0.0,"(144, 677, 180)","(-74.5, 677.0, 180)"
1268,422,2,XDL_XM3_XM4,-5856.755538926311,5575.0,79386.18371565583,"(286, 951, 180)","(286.0, 951.0, 180)"
1269,423,0,XDP_XM1_XM2,0.0,0.0,0.0,"(456, 1480, 270)","(456.0, 1480.0, 270)"
1270,423,1,XM5,0.0,0.0,0.0,"(280, 80, 270)","(280.0, 80.0, 270)"
1271,423,2,XDL_XM3_XM4,-6274.567822026202,5962.0,97698.64336620306,"(41, 960, 0)","(41.0, 960.0, 0)"
1272,424,0,XM5,0.0,0.0,0.0,"(444, 760, 180)","(444.0, 760.0, 180)"
1273,424,1,XDL_XM3_XM4,0.0,0.0,0.0,"(56, 1136, 90)","(56.0, 1136.0, 90)"
1274,424,2,XDP_XM1_XM2,-5426.091540251558,5175.0,63046.96158589988,"(369, 208, 0)","(369.0, 208.0, 0)"
1275,425,0,XM5,0.0,0.0,0.0,"(15, 1224, 0)","(15.0, 1224.0, 0)"
1276,425,1,XDL_XM3_XM4,0.0,0.0,0.0,"(1287, 1098, 180)","(1287.0, 1098.0, 180)"
1277,425,2,XDP_XM1_XM2,-4800.225930031543,4590.0,44194.94165762706,"(357, 857, 180)","(357.0, 857.0, 180)"
1278,426,0,XDP_XM1_XM2,0.0,0.0,0.0,"(1083, 1140, 90)","(1083.0, 1140.0, 90)"
1279,426,1,XM5,0.0,0.0,0.0,"(1284, 1159, 180)","(1420.5, 1159.0, 180)"
1280,426,2,XDL_XM3_XM4,-3910.170236038838,3755.0,24077.802152348726,"(986, 170, 180)","(986.0, 170.0, 180)"
1281,427,0,XDP_XM1_XM2,0.0,0.0,0.0,"(1363, 1539, 270)","(1363.0, 1539.0, 270)"
1282,427,1,XM5,0.0,0.0,0.0,"(64, 33, 90)","(64.0, 33.0, 90)"
1283,427,2,XDL_XM3_XM4,-9413.122093821363,8942.0,221956.02728662573,"(666, 1084, 270)","(666.0, 1084.0, 270)"
1284,428,0,XDP_XM1_XM2,0.0,0.0,0.0,"(940, 775, 90)","(940.0, 594.5, 90)"
1285,428,1,XM5,0.0,0.0,0.0,"(1269, 1483, 180)","(1269.0, 1483.0, 180)"
1286,428,2,XDL_XM3_XM4,-4703.756901690025,4415.0,83380.54827362261,"(1128, 955, 270)","(1128.0, 955.0, 270)"
1287,429,0,XM5,0.0,0.0,0.0,"(1387, 539, 0)","(1387.0, 539.0, 0)"
1288,429,1,XDL_XM3_XM4,0.0,0.0,0.0,"(1017, 175, 270)","(1017.0, 175.0, 270)"
1289,429,2,XDP_XM1_XM2,-5881.316477211959,5551.0,109108.97511771842,"(286, 17, 270)","(286.0, 17.0, 270)"
1290,430,0,XDP_XM1_XM2,0.0,0.0,0.0,"(421, 1068, 90)","(421.0, 1068.0, 90)"
1291,430,1,XDL_XM3_XM4,0.0,0.0,0.0,"(1144, 311, 0)","(1144.0, 311.0, 0)"
1292,430,2,XM5,-6874.632520353509,6466.0,166980.53669046063,"(1120, 181, 90)","(856.5, 181.0, 90)"
1293,431,0,XDL_XM3_XM4,0.0,0.0,0.0,"(188, 1208, 180)","(188.0, 1208.0, 180)"
1294,431,1,XM5,0.0,0.0,0.0,"(1214, 543, 180)","(1214.0, 543.0, 180)"
1295,431,2,XDP_XM1_XM2,-5763.546153595333,5535.0,52233.344323221514,"(611, 124, 180)","(611.0, 124.0, 180)"
1296,432,0,XDP_XM1_XM2,0.0,0.0,0.0,"(614, 944, 180)","(614.0, 997.0, 180)"
1297,432,1,XDL_XM3_XM4,0.0,0.0,0.0,"(336, 489, 0)","(336.0, 489.0, 0)"
1298,432,2,XM5,-6318.285798176416,5913.0,164256.5782034946,"(175, 54, 90)","(48.5, 54.0, 90)"
1299,433,0,XDP_XM1_XM2,0.0,0.0,0.0,"(1343, 1145, 90)","(1172.5, 1145.0, 90)"
1300,433,1,XM5,0.0,0.0,0.0,"(1147, 510, 0)","(1114.0, 510.0, 0)"
1301,433,2,XDL_XM3_XM4,-4130.182639865122,3941.0,35790.07122633638,"(1460, 814, 180)","(1460.0, 814.0, 180)"
1302,434,0,XDL_XM3_XM4,0.0,0.0,0.0,"(1048, 104, 270)","(1048.0, 33.5, 270)"
1303,434,1,XDP_XM1_XM2,0.0,0.0,0.0,"(1111, 394, 90)","(1111.0, 394.0, 90)"
1304,434,2,XM5,-3975.4255311015877,3750.0,50816.67007243297,"(1475, 189, 0)","(1614.5, 189.0, 0)"
1305,435,0,XDP_XM1_XM2,0.0,0.0,0.0,"(189, 716, 180)","(189.0, 716.0, 180)"
1306,435,1,XM5,0.0,0.0,0.0,"(703, 872, 270)","(703.0, 872.0, 270)"
1307,435,2,XDL_XM3_XM4,-3406.4698907598117,3344.0,3902.487251542801,"(4, 1324, 180)","(4.0, 1324.0, 180)"
1308,436,0,XM5,0.0,0.0,0.0,"(377, 1418, 180)","(377.0, 1418.0, 180)"
1309,436,1,XDL_XM3_XM4,0.0,0.0,0.0,"(1138, 456, 90)","(1138.0, 456.0, 90)"
1310,436,2,XDP_XM1_XM2,-5859.261405962322,5636.0,49845.655392272645,"(1506, 782, 180)","(1506.0, 782.0, 180)"
1311,437,0,XM5,0.0,0.0,0.0,"(2, 545, 90)","(2.0, 545.0, 90)"
1312,437,1,XDP_XM1_XM2,0.0,0.0,0.0,"(829, 673, 270)","(829.0, 673.0, 270)"
1313,437,2,XDL_XM3_XM4,-5535.537081832148,5264.0,73732.3868099188,"(20, 293, 90)","(20.0, 199.0, 90)"
1314,438,0,XDL_XM3_XM4,0.0,0.0,0.0,"(248, 897, 90)","(248.0, 897.0, 90)"
1315,438,1,XM5,0.0,0.0,0.0,"(824, 1053, 180)","(824.0, 1053.0, 180)"
1316,438,2,XDP_XM1_XM2,-3617.3709622163756,3424.0,37392.329028486914,"(66, 1137, 0)","(66.0, 1184.5, 0)"
1317,439,0,XDL_XM3_XM4,0.0,0.0,0.0,"(454, 1046, 90)","(454.0, 1046.0, 90)"
1318,439,1,XM5,0.0,0.0,0.0,"(224, 930, 180)","(224.0, 758.5, 180)"
1319,439,2,XDP_XM1_XM2,-6917.242250578899,6586.0,109721.4285685743,"(1526, 774, 270)","(1526.0, 774.0, 270)"
1320,440,0,XDL_XM3_XM4,0.0,0.0,0.0,"(875, 729, 90)","(875.0, 729.0, 90)"
1321,440,1,XM5,0.0,0.0,0.0,"(1346, 1527, 180)","(1598.5, 1527.0, 180)"
1322,440,2,XDP_XM1_XM2,-4034.985762050739,3876.0,25276.472534854318,"(1261, 1470, 270)","(1261.0, 1470.0, 270)"
1323,441,0,XM5,0.0,0.0,0.0,"(1336, 654, 180)","(1336.0, 654.0, 180)"
1324,441,1,XDP_XM1_XM2,0.0,0.0,0.0,"(481, 4, 90)","(481.0, 4.0, 90)"
1325,441,2,XDL_XM3_XM4,-8192.961064938103,7727.0,217119.71403825041,"(1142, 1130, 90)","(1142.0, 1130.0, 90)"
1326,442,0,XDP_XM1_XM2,0.0,0.0,0.0,"(1468, 742, 270)","(1468.0, 742.0, 270)"
1327,442,1,XDL_XM3_XM4,0.0,0.0,0.0,"(688, 1545, 180)","(688.0, 1545.0, 180)"
1328,442,2,XM5,-5920.392634415749,5614.0,93876.44642422274,"(1323, 1289, 180)","(1323.0, 1289.0, 180)"
1329,443,0,XM5,0.0,0.0,0.0,"(986, 1247, 0)","(1166.5, 1247.0, 0)"
1330,443,1,XDP_XM1_XM2,0.0,0.0,0.0,"(691, 1244, 180)","(691.0, 1244.0, 180)"
1331,443,2,XDL_XM3_XM4,-2499.8841931975594,2410.0,8079.168186776164,"(600, 1505, 270)","(600.0, 1531.5, 270)"
1332,444,0,XM5,0.0,0.0,0.0,"(717, 1533, 90)","(717.0, 1533.0, 90)"
1333,444,1,XDL_XM3_XM4,0.0,0.0,0.0,"(286, 26, 90)","(286.0, 26.0, 90)"
1334,444,2,XDP_XM1_XM2,-4659.629486557791,4558.0,10328.552538000165,"(404, 1290, 270)","(404.0, 1290.0, 270)"
1335,445,0,XDL_XM3_XM4,0.0,0.0,0.0,"(278, 1526, 90)","(278.0, 1526.0, 90)"
1336,445,1,XDP_XM1_XM2,0.0,0.0,0.0,"(374, 1008, 180)","(374.0, 804.0, 180)"
1337,445,2,XM5,-3545.8456960976027,3318.0,51913.661230201054,"(431, 1083, 0)","(431.0, 1083.0, 0)"
1338,446,0,XDP_XM1_XM2,0.0,0.0,0.0,"(1028, 1198, 0)","(1028.0, 1198.0, 0)"
1339,446,1,XM5,0.0,0.0,0.0,"(373, 864, 180)","(373.0, 864.0, 180)"
1340,446,2,XDL_XM3_XM4,-5069.924966514786,4793.0,76687.43707921576,"(989, 288, 270)","(989.0, 288.0, 270)"
1341,447,0,XDP_XM1_XM2,0.0,0.0,0.0,"(213, 1273, 0)","(562.5, 1273.0, 0)"
1342,447,1,XM5,0.0,0.0,0.0,"(341, 712, 180)","(341.0, 655.0, 180)"
1343,447,2,XDL_XM3_XM4,-3316.63807017474,3167.0,22391.55204562036,"(202, 1163, 0)","(202.0, 1163.0, 0)"
1344,448,0,XDP_XM1_XM2,0.0,0.0,0.0,"(600, 1363, 0)","(600.0, 1363.0, 0)"
1345,448,1,XM5,0.0,0.0,0.0,"(283, 648, 180)","(283.0, 648.0, 180)"
1346,448,2,XDL_XM3_XM4,-5457.562382676374,5183.0,75384.50198092761,"(473, 226, 0)","(473.0, 140.0, 0)"
1347,449,0,XDP_XM1_XM2,0.0,0.0,0.0,"(517, 348, 180)","(517.0, 348.0, 180)"
1348,449,1,XDL_XM3_XM4,0.0,0.0,0.0,"(882, 332, 180)","(882.0, 332.0, 180)"
1349,449,2,XM5,-3620.0479664746767,3436.0,33873.65396346367,"(170, 153, 90)","(165.0, 153.0, 90)"
1350,450,0,XDP_XM1_XM2,0.0,0.0,0.0,"(1460, 642, 270)","(1460.0, 642.0, 270)"
1351,450,1,XDL_XM3_XM4,0.0,0.0,0.0,"(253, 344, 90)","(253.0, 344.0, 90)"
1352,450,2,XM5,-5741.038397725009,5450.0,84703.34895034083,"(945, 277, 270)","(945.0, 277.0, 270)"
1353,451,0,XDL_XM3_XM4,0.0,0.0,0.0,"(1002, 1480, 180)","(1002.0, 1480.0, 180)"
1354,451,1,XM5,0.0,0.0,0.0,"(530, 316, 180)","(530.0, 316.0, 180)"
1355,451,2,XDP_XM1_XM2,-4983.919697977299,4739.0,59985.65845729126,"(565, 1523, 270)","(565.0, 1523.0, 270)"
1356,452,0,XDL_XM3_XM4,0.0,0.0,0.0,"(1158, 370, 90)","(1158.0, 370.0, 90)"
1357,452,1,XDP_XM1_XM2,0.0,0.0,0.0,"(437, 286, 270)","(437.0, 286.0, 270)"
1358,452,2,XM5,-3879.2997918844994,3725.0,23808.42577559982,"(21, 29, 180)","(21.0, 29.0, 180)"
1359,453,0,XDP_XM1_XM2,0.0,0.0,0.0,"(314, 1039, 90)","(314.0, 1039.0, 90)"
1360,453,1,XM5,0.0,0.0,0.0,"(1077, 309, 180)","(1077.0, 309.0, 180)"
1361,453,2,XDL_XM3_XM4,-8761.801049976142,8273.0,238926.4664577787,"(1452, 105, 90)","(1452.0, 21.5, 90)"
1362,454,0,XDP_XM1_XM2,0.0,0.0,0.0,"(1158, 477, 180)","(1158.0, 477.0, 180)"
1363,454,1,XDL_XM3_XM4,0.0,0.0,0.0,"(412, 83, 180)","(412.0, 83.0, 180)"
1364,454,2,XM5,-4283.541158517194,4080.0,41429.00321052163,"(1232, 94, 90)","(1232.0, 94.0, 90)"
1365,455,0,XM5,0.0,0.0,0.0,"(304, 7, 90)","(304.0, 7.0, 90)"
1366,455,1,XDP_XM1_XM2,0.0,0.0,0.0,"(143, 564, 270)","(143.0, 564.0, 270)"
1367,455,2,XDL_XM3_XM4,-2873.029690709108,2752.0,14648.18603314227,"(607, 488, 0)","(607.0, 488.0, 0)"
1368,456,0,XM5,0.0,0.0,0.0,"(967, 385, 270)","(967.0, 385.0, 270)"
1369,456,1,XDL_XM3_XM4,0.0,0.0,0.0,"(1371, 110, 90)","(1371.0, 39.0, 90)"
1370,456,2,XDP_XM1_XM2,-10668.059438382721,10105.0,317035.9311518652,"(122, 1498, 0)","(122.0, 1498.0, 0)"
1371,457,0,XDP_XM1_XM2,0.0,0.0,0.0,"(260, 352, 90)","(260.0, 352.0, 90)"
1372,457,1,XDL_XM3_XM4,0.0,0.0,0.0,"(1367, 53, 180)","(1367.0, 53.0, 180)"
1373,457,2,XM5,-6454.171109231767,6240.0,45869.26402956542,"(458, 1398, 90)","(458.0, 1398.0, 90)"
1374,458,0,XDP_XM1_XM2,0.0,0.0,0.0,"(485, 1404, 90)","(485.0, 1404.0, 90)"
1375,458,1,XDL_XM3_XM4,0.0,0.0,0.0,"(58, 833, 180)","(58.0, 833.0, 180)"
1376,458,2,XM5,-7064.215347196438,6775.0,83645.51705395638,"(1246, 176, 90)","(1246.0, 176.0, 90)"
1377,459,0,XDL_XM3_XM4,0.0,0.0,0.0,"(1154, 913, 270)","(1154.0, 913.0, 270)"
1378,459,1,XM5,0.0,0.0,0.0,"(686, 1502, 270)","(686.0, 1502.0, 270)"
1379,459,2,XDP_XM1_XM2,-5412.224162530913,5186.0,51177.37171281322,"(175, 978, 90)","(175.0, 978.0, 90)"
1380,460,0,XDL_XM3_XM4,0.0,0.0,0.0,"(790, 148, 0)","(790.0, 148.0, 0)"
1381,460,1,XDP_XM1_XM2,0.0,0.0,0.0,"(1236, 130, 270)","(1236.0, 130.0, 270)"
1382,460,2,XM5,-4681.994260457976,4457.0,50622.417239031915,"(1010, 937, 90)","(1010.0, 937.0, 90)"
1383,461,0,XM5,0.0,0.0,0.0,"(14, 1375, 0)","(14.0, 1633.5, 0)"
1384,461,1,XDL_XM3_XM4,0.0,0.0,0.0,"(260, 1346, 90)","(260.0, 1346.0, 90)"
1385,461,2,XDP_XM1_XM2,-3518.0765771972597,3316.0,40834.94305176013,"(78, 1174, 90)","(78.0, 985.5, 90)"
1386,462,0,XDL_XM3_XM4,0.0,0.0,0.0,"(628, 1098, 0)","(628.0, 1098.0, 0)"
1387,462,1,XDP_XM1_XM2,0.0,0.0,0.0,"(1524, 641, 180)","(1524.0, 723.0, 180)"
1388,462,2,XM5,-5346.7525127777,5085.0,68514.37794543992,"(1221, 444, 0)","(1221.0, 444.0, 0)"
1389,463,0,XDP_XM1_XM2,0.0,0.0,0.0,"(493, 1004, 0)","(493.0, 1004.0, 0)"
1390,463,1,XM5,0.0,0.0,0.0,"(1491, 1357, 270)","(1491.0, 1357.0, 270)"
1391,463,2,XDL_XM3_XM4,-5447.70873345933,5170.0,77122.14063958515,"(454, 1194, 180)","(454.0, 1512.0, 180)"
1392,464,0,XDL_XM3_XM4,0.0,0.0,0.0,"(595, 651, 0)","(595.0, 651.0, 0)"
1393,464,1,XDP_XM1_XM2,0.0,0.0,0.0,"(407, 1531, 0)","(407.0, 1531.0, 0)"
1394,464,2,XM5,-7150.195233908783,6786.0,132638.1684018734,"(1283, 373, 180)","(1283.0, 373.0, 180)"
1395,465,0,XDP_XM1_XM2,0.0,0.0,0.0,"(1535, 362, 90)","(1535.0, 362.0, 90)"
1396,465,1,XM5,0.0,0.0,0.0,"(973, 653, 0)","(973.0, 653.0, 0)"
1397,465,2,XDL_XM3_XM4,-4985.1801435595,4820.0,27284.47982633696,"(426, 51, 180)","(426.0, 51.0, 180)"
1398,466,0,XDL_XM3_XM4,0.0,0.0,0.0,"(860, 1128, 180)","(860.0, 1128.0, 180)"
1399,466,1,XM5,0.0,0.0,0.0,"(882, 9, 0)","(882.0, -105.0, 0)"
1400,466,2,XDP_XM1_XM2,-3918.2861887728945,3722.0,38528.267902988344,"(718, 247, 270)","(718.0, 247.0, 270)"
1401,467,0,XDL_XM3_XM4,0.0,0.0,0.0,"(848, 838, 180)","(848.0, 838.0, 180)"
1402,467,1,XDP_XM1_XM2,0.0,0.0,0.0,"(532, 647, 180)","(487.5, 647.0, 180)"
1403,467,2,XM5,-3853.489447833815,3667.0,34778.314153361214,"(500, 1355, 180)","(500.0, 1355.0, 180)"
1404,468,0,XM5,0.0,0.0,0.0,"(216, 35, 180)","(216.0, 35.0, 180)"
1405,468,1,XDP_XM1_XM2,0.0,0.0,0.0,"(1251, 761, 180)","(1251.0, 761.0, 180)"
1406,468,2,XDL_XM3_XM4,-6452.524651351555,6111.0,116639.08748080097,"(599, 873, 90)","(599.0, 873.0, 90)"
1407,469,0,XDL_XM3_XM4,0.0,0.0,0.0,"(1478, 963, 90)","(1478.0, 963.0, 90)"
1408,469,1,XDP_XM1_XM2,0.0,0.0,0.0,"(1125, 595, 180)","(1125.0, 595.0, 180)"
1409,469,2,XM5,-3527.4092440343557,3295.0,54014.056712620666,"(1206, 1009, 270)","(970.0, 1009.0, 270)"
1410,470,0,XDP_XM1_XM2,0.0,0.0,0.0,"(703, 1535, 270)","(703.0, 1535.0, 270)"
1411,470,1,XDL_XM3_XM4,0.0,0.0,0.0,"(1037, 1246, 0)","(1037.0, 1246.0, 0)"
1412,470,2,XM5,-3299.622506781406,3133.0,27763.059766119783,"(1041, 1510, 180)","(1041.0, 1754.0, 180)"
1413,471,0,XDP_XM1_XM2,0.0,0.0,0.0,"(899, 495, 180)","(899.0, 495.0, 180)"
1414,471,1,XM5,0.0,0.0,0.0,"(266, 1415, 90)","(266.0, 1415.0, 90)"
1415,471,2,XDL_XM3_XM4,-6939.76902160607,6543.0,157425.65650623819,"(15, 813, 90)","(15.0, 813.0, 90)"
1416,472,0,XDL_XM3_XM4,0.0,0.0,0.0,"(1089, 485, 180)","(1089.0, 485.0, 180)"
1417,472,1,XDP_XM1_XM2,0.0,0.0,0.0,"(651, 168, 0)","(651.0, 168.0, 0)"
1418,472,2,XM5,-5335.350440034235,5153.0,33251.68298067922,"(512, 1332, 180)","(512.0, 1332.0, 180)"
1419,473,0,XDL_XM3_XM4,0.0,0.0,0.0,"(290, 1094, 180)","(290.0, 1094.0, 180)"
1420,473,1,XDP_XM1_XM2,0.0,0.0,0.0,"(646, 356, 270)","(646.0, 356.0, 270)"
1421,473,2,XM5,-6211.9812658502315,5969.0,59039.895554180715,"(1358, 1118, 180)","(1358.0, 1118.0, 180)"
1422,474,0,XM5,0.0,0.0,0.0,"(725, 1382, 90)","(725.0, 1382.0, 90)"
1423,474,1,XDP_XM1_XM2,0.0,0.0,0.0,"(1220, 1490, 270)","(1220.0, 1490.0, 270)"
1424,474,2,XDL_XM3_XM4,-3941.57236086677,3738.0,41441.70610887035,"(1300, 815, 180)","(1300.0, 815.0, 180)"
1425,475,0,XDL_XM3_XM4,0.0,0.0,0.0,"(463, 935, 180)","(463.0, 935.0, 180)"
1426,475,1,XDP_XM1_XM2,0.0,0.0,0.0,"(1327, 557, 270)","(1327.0, 557.0, 270)"
1427,475,2,XM5,-5735.00520008212,5458.0,76731.8808725353,"(357, 415, 180)","(357.0, 415.0, 180)"
1428,476,0,XDP_XM1_XM2,0.0,0.0,0.0,"(644, 1088, 0)","(644.0, 1088.0, 0)"
1429,476,1,XDL_XM3_XM4,0.0,0.0,0.0,"(612, 170, 270)","(612.0, 170.0, 270)"
1430,476,2,XM5,-4708.629210396029,4454.0,64836.03478690521,"(644, 1477, 270)","(644.0, 1477.0, 270)"
1431,477,0,XDL_XM3_XM4,0.0,0.0,0.0,"(886, 258, 270)","(886.0, 258.0, 270)"
1432,477,1,XM5,0.0,0.0,0.0,"(878, 125, 180)","(878.0, -29.5, 180)"
1433,477,2,XDP_XM1_XM2,-3184.4920001936757,3002.0,33303.33013468854,"(1135, 215, 180)","(1288.5, -29.5, 180)"
1434,478,0,XDL_XM3_XM4,0.0,0.0,0.0,"(1091, 1310, 0)","(1091.0, 1310.0, 0)"
1435,478,1,XM5,0.0,0.0,0.0,"(385, 896, 0)","(385.0, 848.0, 0)"
1436,478,2,XDP_XM1_XM2,-3655.2233202920415,3529.0,15932.326585547247,"(278, 1127, 180)","(278.0, 1127.0, 180)"
1437,479,0,XDP_XM1_XM2,0.0,0.0,0.0,"(55, 949, 0)","(55.0, 949.0, 0)"
1438,479,1,XM5,0.0,0.0,0.0,"(1324, 419, 90)","(1324.0, 419.0, 90)"
1439,479,2,XDL_XM3_XM4,-7077.829457206197,6803.0,75531.23054825274,"(823, 1396, 90)","(823.0, 1396.0, 90)"
1440,480,0,XM5,0.0,0.0,0.0,"(1207, 825, 180)","(1207.0, 825.0, 180)"
1441,480,1,XDP_XM1_XM2,0.0,0.0,0.0,"(1371, 1484, 0)","(1371.0, 1484.0, 0)"
1442,480,2,XDL_XM3_XM4,-4482.480992423749,4379.0,10708.315793003983,"(388, 1507, 0)","(388.0, 1507.0, 0)"
1443,481,0,XM5,0.0,0.0,0.0,"(1364, 435, 180)","(1364.0, 435.0, 180)"
1444,481,1,XDP_XM1_XM2,0.0,0.0,0.0,"(637, 911, 90)","(637.0, 911.0, 90)"
1445,481,2,XDL_XM3_XM4,-5972.124243343192,5584.0,150640.4282707249,"(1014, 317, 180)","(1014.0, 317.0, 180)"
1446,482,0,XDP_XM1_XM2,0.0,0.0,0.0,"(483, 1096, 270)","(483.0, 1096.0, 270)"
1447,482,1,XDL_XM3_XM4,0.0,0.0,0.0,"(936, 418, 180)","(936.0, 418.0, 180)"
1448,482,2,XM5,-5599.777869021075,5315.0,81098.43468418487,"(1054, 1535, 180)","(1054.0, 1535.0, 180)"
1449,483,0,XM5,0.0,0.0,0.0,"(536, 756, 90)","(536.0, 756.0, 90)"
1450,483,1,XDP_XM1_XM2,0.0,0.0,0.0,"(767, 371, 180)","(767.0, 371.0, 180)"
1451,483,2,XDL_XM3_XM4,-5416.6671434646,5159.0,66392.35682120643,"(1079, 1506, 90)","(1079.0, 1506.0, 90)"
1452,484,0,XM5,0.0,0.0,0.0,"(1528, 1161, 90)","(1528.0, 1161.0, 90)"
1453,484,1,XDP_XM1_XM2,0.0,0.0,0.0,"(165, 1274, 90)","(165.0, 1274.0, 90)"
1454,484,2,XDL_XM3_XM4,-6430.975409955712,6153.0,77270.32854004603,"(1020, 1457, 180)","(1020.0, 1457.0, 180)"
1455,485,0,XDL_XM3_XM4,0.0,0.0,0.0,"(136, 732, 90)","(136.0, 732.0, 90)"
1456,485,1,XDP_XM1_XM2,0.0,0.0,0.0,"(898, 361, 270)","(898.0, 361.0, 270)"
1457,485,2,XM5,-4413.371765787534,4218.0,38170.12686693921,"(1181, 51, 0)","(1181.0, 9.0, 0)"
1458,486,0,XDL_XM3_XM4,0.0,0.0,0.0,"(453, 1267, 180)","(565.5, 1267.0, 180)"
1459,486,1,XDP_XM1_XM2,0.0,0.0,0.0,"(205, 1197, 180)","(205.0, 1197.0, 180)"
1460,486,2,XM5,-4656.00331334762,4428.0,51985.51089749293,"(303, 163, 180)","(303.0, 163.0, 180)"
1461,487,0,XDP_XM1_XM2,0.0,0.0,0.0,"(1403, 1408, 90)","(1425.0, 1408.0, 90)"
1462,487,1,XDL_XM3_XM4,0.0,0.0,0.0,"(946, 77, 90)","(946.0, 77.0, 90)"
1463,487,2,XM5,-5894.818430045441,5592.0,91699.00157518561,"(1146, 1030, 90)","(1146.0, 1030.0, 90)"
1464,488,0,XM5,0.0,0.0,0.0,"(131, 195, 90)","(417.5, 195.0, 90)"
1465,488,1,XDP_XM1_XM2,0.0,0.0,0.0,"(1134, 1262, 180)","(1134.0, 1262.0, 180)"
1466,488,2,XDL_XM3_XM4,-9235.612001660196,8713.0,273123.3042792763,"(130, 355, 0)","(130.0, 355.0, 0)"
1467,489,0,XDP_XM1_XM2,0.0,0.0,0.0,"(1382, 430, 90)","(1382.0, 430.0, 90)"
1468,489,1,XM5,0.0,0.0,0.0,"(394, 1119, 180)","(394.0, 1119.0, 180)"
1469,489,2,XDL_XM3_XM4,-6176.89161527208,5862.0,99156.72936865973,"(1126, 1247, 180)","(1126.0, 1247.0, 180)"
1470,490,0,XDL_XM3_XM4,0.0,0.0,0.0,"(356, 1470, 180)","(356.0, 1470.0, 180)"
1471,490,1,XDP_XM1_XM2,0.0,0.0,0.0,"(327, 373, 0)","(327.0, 373.0, 0)"
1472,490,2,XM5,-7324.691209142542,6995.0,108696.29338587106,"(1349, 1127, 0)","(1349.0, 1127.0, 0)"
1473,491,0,XM5,0.0,0.0,0.0,"(1041, 1331, 0)","(1041.0, 1331.0, 0)"
1474,491,1,XDP_XM1_XM2,0.0,0.0,0.0,"(230, 687, 180)","(230.0, 687.0, 180)"
1475,491,2,XDL_XM3_XM4,-5565.339336025331,5341.0,50328.137688286464,"(1236, 587, 90)","(1236.0, 587.0, 90)"
1476,492,0,XDL_XM3_XM4,0.0,0.0,0.0,"(937, 1277, 90)","(937.0, 1284.5, 90)"
1477,492,1,XDP_XM1_XM2,0.0,0.0,0.0,"(1023, 997, 180)","(1023.0, 997.0, 180)"
1478,492,2,XM5,-5249.082664676644,4979.0,72944.64575883618,"(311, 427, 90)","(311.0, 427.0, 90)"
1479,493,0,XDL_XM3_XM4,0.0,0.0,0.0,"(0, 1067, 90)","(0.0, 1067.0, 90)"
1480,493,1,XDP_XM1_XM2,0.0,0.0,0.0,"(1063, 382, 90)","(1063.0, 382.0, 90)"
1481,493,2,XM5,-5922.768898950782,5626.0,88071.77938445978,"(412, 485, 180)","(412.0, 485.0, 180)"
1482,494,0,XDP_XM1_XM2,0.0,0.0,0.0,"(820, 836, 90)","(820.0, 836.0, 90)"
1483,494,1,XM5,0.0,0.0,0.0,"(267, 76, 180)","(267.0, 76.0, 180)"
1484,494,2,XDL_XM3_XM4,-6062.264197172521,5837.0,50743.95852778047,"(1485, 153, 0)","(1485.0, 153.0, 0)"
1485,495,0,XDP_XM1_XM2,0.0,0.0,0.0,"(117, 3, 90)","(117.0, 3.0, 90)"
1486,495,1,XM5,0.0,0.0,0.0,"(1323, 148, 90)","(1323.0, 148.0, 90)"
1487,495,2,XDL_XM3_XM4,-8053.049132672574,7709.0,118369.80569275032,"(681, 1542, 0)","(681.0, 1542.0, 0)"
1488,496,0,XDP_XM1_XM2,0.0,0.0,0.0,"(1138, 1343, 270)","(1138.0, 1343.0, 270)"
1489,496,1,XM5,0.0,0.0,0.0,"(67, 1242, 90)","(-28.5, 1242.0, 90)"
1490,496,2,XDL_XM3_XM4,-6376.017630976161,6104.0,73993.59156188284,"(259, 989, 0)","(259.0, 989.0, 0)"
1491,497,0,XM5,0.0,0.0,0.0,"(1155, 530, 0)","(1155.0, 530.0, 0)"
1492,497,1,XDP_XM1_XM2,0.0,0.0,0.0,"(1318, 316, 180)","(1318.0, 251.0, 180)"
1493,497,2,XDL_XM3_XM4,-4117.75843257466,3962.0,24260.689318115048,"(1310, 1311, 180)","(1310.0, 1311.0, 180)"
1494,498,0,XM5,0.0,0.0,0.0,"(1515, 457, 90)","(1515.0, 266.5, 90)"
1495,498,1,XDP_XM1_XM2,0.0,0.0,0.0,"(1550, 677, 270)","(1550.0, 677.0, 270)"
1496,498,2,XDL_XM3_XM4,-4301.78988248265,4157.0,20964.110069339637,"(727, 973, 0)","(727.0, 973.0, 0)"
1497,499,0,XDL_XM3_XM4,0.0,0.0,0.0,"(1043, 1333, 0)","(1043.0, 1333.0, 0)"
1498,499,1,XDP_XM1_XM2,0.0,0.0,0.0,"(521, 91, 180)","(521.0, 91.0, 180)"
1499,499,2,XM5,-7525.696570670121,7124.0,161360.1348881356,"(971, 1431, 180)","(697.0, 1431.0, 180)"
1500,500,0,XDL_XM3_XM4,0.0,0.0,0.0,"(503, 1295, 270)","(503.0, 1261.5, 270)"
1501,500,1,XDP_XM1_XM2,0.0,0.0,0.0,"(1354, 991, 180)","(1354.0, 991.0, 180)"
1502,500,2,XM5,-5755.373446066553,5437.0,101361.65116029244,"(644, 1549, 180)","(644.0, 1549.0, 180)"
1503,501,0,XDP_XM1_XM2,0.0,0.0,0.0,"(1297, 1392, 90)","(1297.0, 1392.0, 90)"
1504,501,1,XM5,0.0,0.0,0.0,"(461, 1191, 180)","(461.0, 1191.0, 180)"
1505,501,2,XDL_XM3_XM4,-6088.994269260837,5729.0,129595.87390064426,"(223, 1524, 0)","(115.0, 1524.0, 0)"
1506,502,0,XM5,0.0,0.0,0.0,"(395, 862, 0)","(395.0, 862.0, 0)"
1507,502,1,XDP_XM1_XM2,0.0,0.0,0.0,"(1208, 887, 270)","(1208.0, 887.0, 270)"
1508,502,2,XDL_XM3_XM4,-4606.923447433695,4474.0,17668.642877658403,"(1225, 240, 270)","(1225.0, 240.0, 270)"
1509,503,0,XDP_XM1_XM2,0.0,0.0,0.0,"(38, 1262, 0)","(38.0, 1262.0, 0)"
1510,503,1,XDL_XM3_XM4,0.0,0.0,0.0,"(71, 669, 180)","(71.0, 669.0, 180)"
1511,503,2,XM5,-4951.543322877693,4664.0,82681.16253154518,"(80, 234, 0)","(80.0, 161.0, 0)"
1512,504,0,XDP_XM1_XM2,0.0,0.0,0.0,"(1198, 614, 270)","(1198.0, 614.0, 270)"
1513,504,1,XM5,0.0,0.0,0.0,"(149, 921, 0)","(149.0, 921.0, 0)"
1514,504,2,XDL_XM3_XM4,-6498.034467690401,6152.0,119739.85282977893,"(535, 1183, 180)","(535.0, 1183.0, 180)"
1515,505,0,XM5,0.0,0.0,0.0,"(1505, 648, 0)","(1505.0, 648.0, 0)"
1516,505,1,XDP_XM1_XM2,0.0,0.0,0.0,"(728, 1452, 90)","(728.0, 1452.0, 90)"
1517,505,2,XDL_XM3_XM4,-7312.562602286084,6896.0,173524.40162335467,"(1066, 455, 0)","(1066.0, 455.0, 0)"
1518,506,0,XM5,0.0,0.0,0.0,"(922, 1539, 90)","(922.0, 1539.0, 90)"
1519,506,1,XDL_XM3_XM4,0.0,0.0,0.0,"(569, 281, 180)","(569.0, 281.0, 180)"
1520,506,2,XDP_XM1_XM2,-5678.14204828881,5451.0,51593.51010083614,"(1282, 203, 90)","(1282.0, 203.0, 90)"
1521,507,0,XM5,0.0,0.0,0.0,"(12, 480, 270)","(12.0, 480.0, 270)"
1522,507,1,XDP_XM1_XM2,0.0,0.0,0.0,"(1265, 76, 270)","(1265.0, 76.0, 270)"
1523,507,2,XDL_XM3_XM4,-5301.268698247852,5086.0,46340.61244532448,"(1323, 274, 0)","(1552.5, 274.0, 0)"
1524,508,0,XDP_XM1_XM2,0.0,0.0,0.0,"(684, 1393, 180)","(684.0, 1462.5, 180)"
1525,508,1,XDL_XM3_XM4,0.0,0.0,0.0,"(489, 1175, 90)","(489.0, 1175.0, 90)"
1526,508,2,XM5,-4183.581060246868,3978.0,42263.57233222654,"(863, 566, 90)","(863.0, 566.0, 90)"
1527,509,0,XM5,0.0,0.0,0.0,"(1519, 1506, 180)","(1519.0, 1506.0, 180)"
1528,509,1,XDP_XM1_XM2,0.0,0.0,0.0,"(94, 750, 270)","(94.0, 750.0, 270)"
1529,509,2,XDL_XM3_XM4,-6515.489214429897,6267.0,61746.88968798765,"(69, 358, 90)","(69.0, 358.0, 90)"
1530,510,0,XM5,0.0,0.0,0.0,"(1015, 903, 90)","(1015.0, 903.0, 90)"
1531,510,1,XDL_XM3_XM4,0.0,0.0,0.0,"(391, 366, 180)","(391.0, 366.0, 180)"
1532,510,2,XDP_XM1_XM2,-3310.5020434603625,3173.0,18906.811955775385,"(468, 867, 180)","(468.0, 874.0, 180)"
1533,511,0,XDL_XM3_XM4,0.0,0.0,0.0,"(624, 1245, 90)","(624.0, 1245.0, 90)"
1534,511,1,XM5,0.0,0.0,0.0,"(1362, 1218, 270)","(1362.0, 1218.0, 270)"
1535,511,2,XDP_XM1_XM2,-4901.714312918474,4624.0,77125.23959978008,"(546, 783, 180)","(546.0, 783.0, 180)"
1536,512,0,XDP_XM1_XM2,0.0,0.0,0.0,"(412, 670, 270)","(412.0, 670.0, 270)"
1537,512,1,XM5,0.0,0.0,0.0,"(21, 783, 90)","(21.0, 783.0, 90)"
1538,512,2,XDL_XM3_XM4,-4157.540814711247,3957.0,40216.61836505043,"(293, 1436, 180)","(293.0, 1436.0, 180)"
1539,513,0,XM5,0.0,0.0,0.0,"(1058, 645, 270)","(1058.0, 645.0, 270)"
1540,513,1,XDP_XM1_XM2,0.0,0.0,0.0,"(26, 1341, 180)","(26.0, 1341.0, 180)"
1541,513,2,XDL_XM3_XM4,-6896.436022108845,6561.0,112517.32492820555,"(165, 518, 90)","(165.0, 518.0, 90)"
1542,514,0,XDL_XM3_XM4,0.0,0.0,0.0,"(1316, 1192, 270)","(1316.0, 1192.0, 270)"
1543,514,1,XDP_XM1_XM2,0.0,0.0,0.0,"(984, 1433, 180)","(984.0, 1479.5, 180)"
1544,514,2,XM5,-6686.2637883984025,6386.0,90158.34262336092,"(183, 325, 270)","(183.0, 325.0, 270)"
1545,515,0,XM5,0.0,0.0,0.0,"(801, 1173, 90)","(801.0, 1173.0, 90)"
1546,515,1,XDL_XM3_XM4,0.0,0.0,0.0,"(766, 1386, 270)","(766.0, 1519.0, 270)"
1547,515,2,XDP_XM1_XM2,-6944.651714495016,6527.0,174432.95462062655,"(1434, 558, 180)","(1434.0, 558.0, 180)"
1548,516,0,XDP_XM1_XM2,0.0,0.0,0.0,"(1112, 1464, 180)","(1112.0, 1464.0, 180)"
1549,516,1,XDL_XM3_XM4,0.0,0.0,0.0,"(1439, 191, 180)","(1439.0, 191.0, 180)"
1550,516,2,XM5,-7705.267834358812,7376.0,108417.30674334236,"(320, 830, 90)","(320.0, 830.0, 90)"
1551,517,0,XM5,0.0,0.0,0.0,"(532, 428, 0)","(532.0, 428.0, 0)"
1552,517,1,XDP_XM1_XM2,0.0,0.0,0.0,"(186, 3, 0)","(186.0, 3.0, 0)"
1553,517,2,XDL_XM3_XM4,-4803.1480219525565,4546.0,66125.10519411274,"(415, 483, 90)","(415.0, 715.5, 90)"
1554,518,0,XM5,0.0,0.0,0.0,"(625, 1392, 180)","(625.0, 1392.0, 180)"
1555,518,1,XDP_XM1_XM2,0.0,0.0,0.0,"(1149, 264, 180)","(1149.0, 186.0, 180)"
1556,518,2,XDL_XM3_XM4,-5839.973891599916,5522.0,101107.3957391951,"(1088, 694, 0)","(1088.0, 694.0, 0)"
1557,519,0,XDL_XM3_XM4,0.0,0.0,0.0,"(163, 427, 90)","(163.0, 427.0, 90)"
1558,519,1,XM5,0.0,0.0,0.0,"(26, 286, 270)","(26.0, 81.0, 270)"
1559,519,2,XDP_XM1_XM2,-3097.9281380234374,2927.0,29216.428368159297,"(182, 785, 0)","(182.0, 785.0, 0)"
1560,520,0,XDL_XM3_XM4,0.0,0.0,0.0,"(721, 571, 180)","(721.0, 571.0, 180)"
1561,520,1,XM5,0.0,0.0,0.0,"(222, 507, 270)","(222.0, 507.0, 270)"
1562,520,2,XDP_XM1_XM2,-5007.810856162676,4724.0,80548.60207579088,"(1292, 596, 180)","(1292.0, 596.0, 180)"
1563,521,0,XM5,0.0,0.0,0.0,"(393, 398, 180)","(393.0, 398.0, 180)"
1564,521,1,XDL_XM3_XM4,0.0,0.0,0.0,"(528, 1079, 90)","(528.0, 1079.0, 90)"
1565,521,2,XDP_XM1_XM2,-5918.000759425114,5575.0,117649.52096620503,"(1046, 1433, 90)","(1046.0, 1433.0, 90)"
1566,522,0,XDL_XM3_XM4,0.0,0.0,0.0,"(533, 300, 0)","(533.0, 300.0, 0)"
1567,522,1,XM5,0.0,0.0,0.0,"(889, 573, 90)","(973.0, 573.0, 90)"
1568,522,2,XDP_XM1_XM2,-3260.7118092200844,3081.0,32296.33437315604,"(621, 671, 0)","(621.0, 808.0, 0)"
1569,523,0,XDL_XM3_XM4,0.0,0.0,0.0,"(1294, 325, 90)","(1294.0, 325.0, 90)"
1570,523,1,XDP_XM1_XM2,0.0,0.0,0.0,"(1377, 1263, 270)","(1377.0, 1263.0, 270)"
1571,523,2,XM5,-5998.281456410116,5825.0,30026.46313561111,"(249, 1376, 90)","(249.0, 1376.0, 90)"
1572,524,0,XM5,0.0,0.0,0.0,"(1019, 74, 270)","(1019.0, 74.0, 270)"
1573,524,1,XDL_XM3_XM4,0.0,0.0,0.0,"(407, 1098, 180)","(407.0, 1098.0, 180)"
1574,524,2,XDP_XM1_XM2,-7319.884157379354,6931.0,151230.88786065023,"(231, 1541, 270)","(119.5, 1541.0, 270)"
1575,525,0,XM5,0.0,0.0,0.0,"(1030, 550, 180)","(1030.0, 550.0, 180)"
1576,525,1,XDP_XM1_XM2,0.0,0.0,0.0,"(1182, 195, 180)","(1182.0, 195.0, 180)"
1577,525,2,XDL_XM3_XM4,-3947.8349804282857,3824.0,15335.102377673904,"(410, 77, 0)","(410.0, 77.0, 0)"
1578,526,0,XM5,0.0,0.0,0.0,"(706, 596, 0)","(706.0, 596.0, 0)"
1579,526,1,XDP_XM1_XM2,0.0,0.0,0.0,"(819, 1150, 90)","(819.0, 1150.0, 90)"
1580,526,2,XDL_XM3_XM4,-5334.2470696635755,5035.0,89548.80870223678,"(154, 423, 90)","(139.5, 423.0, 90)"
1581,527,0,XM5,0.0,0.0,0.0,"(1251, 1078, 90)","(1251.0, 1078.0, 90)"
1582,527,1,XDP_XM1_XM2,0.0,0.0,0.0,"(127, 447, 90)","(127.0, 447.0, 90)"
1583,527,2,XDL_XM3_XM4,-6883.7474438161935,6590.0,86287.56074854765,"(1133, 544, 270)","(1133.0, 544.0, 270)"
1584,528,0,XDP_XM1_XM2,0.0,0.0,0.0,"(302, 989, 0)","(302.0, 900.0, 0)"
1585,528,1,XM5,0.0,0.0,0.0,"(595, 1281, 90)","(768.5, 1281.0, 90)"
1586,528,2,XDL_XM3_XM4,-4630.7652444241985,4305.0,106122.99447475765,"(481, 1408, 180)","(481.0, 1408.0, 180)"
1587,529,0,XM5,0.0,0.0,0.0,"(491, 408, 90)","(491.0, 408.0, 90)"
1588,529,1,XDL_XM3_XM4,0.0,0.0,0.0,"(1306, 1220, 0)","(1306.0, 1220.0, 0)"
1589,529,2,XDP_XM1_XM2,-5937.788637490085,5694.0,59432.89976927246,"(318, 1485, 180)","(318.0, 1485.0, 180)"
1590,530,0,XDL_XM3_XM4,0.0,0.0,0.0,"(864, 761, 90)","(864.0, 787.5, 90)"
1591,530,1,XM5,0.0,0.0,0.0,"(957, 44, 0)","(957.0, 44.0, 0)"
1592,530,2,XDP_XM1_XM2,-3638.5283243479234,3455.0,33682.645837956574,"(745, 500, 180)","(745.0, 500.0, 180)"
1593,531,0,XDL_XM3_XM4,0.0,0.0,0.0,"(1232, 1499, 0)","(1232.0, 1499.0, 0)"
1594,531,1,XDP_XM1_XM2,0.0,0.0,0.0,"(1198, 174, 180)","(1198.0, 174.0, 180)"
1595,531,2,XM5,-5086.447030560393,4870.0,46849.31703841171,"(1124, 731, 0)","(1124.0, 731.0, 0)"
1596,532,0,XM5,0.0,0.0,0.0,"(617, 1488, 90)","(617.0, 1488.0, 90)"
1597,532,1,XDP_XM1_XM2,0.0,0.0,0.0,"(1315, 456, 90)","(1315.0, 456.0, 90)"
1598,532,2,XDL_XM3_XM4,-7229.280570411988,6821.0,166693.02417593845,"(945, 1528, 180)","(945.0, 1528.0, 180)"
1599,533,0,XDL_XM3_XM4,0.0,0.0,0.0,"(875, 419, 180)","(875.0, 419.0, 180)"
1600,533,1,XDP_XM1_XM2,0.0,0.0,0.0,"(639, 318, 180)","(514.5, 318.0, 180)"
1601,533,2,XM5,-3700.479834005578,3459.0,58312.510231361644,"(1020, 598, 90)","(1162.5, 598.0, 90)"
1602,534,0,XM5,0.0,0.0,0.0,"(215, 1247, 90)","(215.0, 1247.0, 90)"
1603,534,1,XDP_XM1_XM2,0.0,0.0,0.0,"(137, 1361, 180)","(137.0, 1584.5, 180)"
1604,534,2,XDL_XM3_XM4,-5884.659699815407,5598.0,82173.7834982595,"(1316, 949, 180)","(1316.0, 949.0, 180)"
1605,535,0,XDP_XM1_XM2,0.0,0.0,0.0,"(725, 1516, 270)","(725.0, 1516.0, 270)"
1606,535,1,XDL_XM3_XM4,0.0,0.0,0.0,"(995, 101, 90)","(995.0, 101.0, 90)"
1607,535,2,XM5,-5259.4450654881075,5026.0,54496.59860074696,"(880, 1044, 0)","(880.0, 1044.0, 0)"
1608,536,0,XM5,0.0,0.0,0.0,"(1345, 951, 90)","(1345.0, 951.0, 90)"
1609,536,1,XDL_XM3_XM4,0.0,0.0,0.0,"(1032, 356, 270)","(1032.0, 356.0, 270)"
1610,536,2,XDP_XM1_XM2,-5029.124764362157,4788.0,58141.15198870606,"(543, 626, 90)","(524.0, 626.0, 90)"
1611,537,0,XM5,0.0,0.0,0.0,"(1163, 500, 90)","(1163.0, 500.0, 90)"
1612,537,1,XDL_XM3_XM4,0.0,0.0,0.0,"(759, 504, 0)","(759.0, 504.0, 0)"
1613,537,2,XDP_XM1_XM2,-3536.4909028357265,3366.0,29067.147949741193,"(866, 197, 180)","(866.0, -4.0, 180)"
1614,538,0,XM5,0.0,0.0,0.0,"(405, 221, 180)","(405.0, 221.0, 180)"
1615,538,1,XDL_XM3_XM4,0.0,0.0,0.0,"(1317, 468, 90)","(1317.0, 468.0, 90)"
1616,538,2,XDP_XM1_XM2,-7885.829659791578,7511.0,140497.27385946966,"(1345, 1539, 270)","(1345.0, 1539.0, 270)"
1617,539,0,XDL_XM3_XM4,0.0,0.0,0.0,"(1153, 563, 270)","(1153.0, 563.0, 270)"
1618,539,1,XM5,0.0,0.0,0.0,"(637, 1488, 180)","(637.0, 1488.0, 180)"
1619,539,2,XDP_XM1_XM2,-4390.0621648647175,4190.0,40024.86981035758,"(587, 1166, 180)","(587.0, 1166.0, 180)"
1620,540,0,XDP_XM1_XM2,0.0,0.0,0.0,"(33, 1432, 0)","(-26.0, 1432.0, 0)"
1621,540,1,XM5,0.0,0.0,0.0,"(326, 1408, 90)","(326.0, 1408.0, 90)"
1622,540,2,XDL_XM3_XM4,-7587.531361401663,7266.0,103382.41636480672,"(1407, 161, 180)","(1407.0, 161.0, 180)"
1623,541,0,XDL_XM3_XM4,0.0,0.0,0.0,"(1500, 512, 270)","(1500.0, 512.0, 270)"
1624,541,1,XDP_XM1_XM2,0.0,0.0,0.0,"(270, 295, 180)","(270.0, 295.0, 180)"
1625,541,2,XM5,-7183.854315644902,6822.0,130938.54575084076,"(1534, 542, 90)","(1534.0, 858.0, 90)"
1626,542,0,XM5,0.0,0.0,0.0,"(862, 249, 270)","(862.0, 249.0, 270)"
1627,542,1,XDL_XM3_XM4,0.0,0.0,0.0,"(164, 1532, 180)","(164.0, 1532.0, 180)"
1628,542,2,XDP_XM1_XM2,-4951.735791497859,4785.0,27800.82416641748,"(609, 1323, 180)","(609.0, 1323.0, 180)"
1629,543,0,XDP_XM1_XM2,0.0,0.0,0.0,"(594, 1216, 90)","(594.0, 1216.0, 90)"
1630,543,1,XDL_XM3_XM4,0.0,0.0,0.0,"(1163, 167, 180)","(1163.0, 167.0, 180)"
1631,543,2,XM5,-6575.25091188416,6307.0,71958.55172668338,"(135, 527, 180)","(135.0, 527.0, 180)"
1632,544,0,XM5,0.0,0.0,0.0,"(371, 252, 180)","(371.0, 252.0, 180)"
1633,544,1,XDP_XM1_XM2,0.0,0.0,0.0,"(298, 177, 270)","(33.5, 177.0, 270)"
1634,544,2,XDL_XM3_XM4,-3697.700060799317,3567.0,17082.505892945086,"(889, 306, 0)","(889.0, 306.0, 0)"
1635,545,0,XDL_XM3_XM4,0.0,0.0,0.0,"(824, 1166, 90)","(824.0, 1166.0, 90)"
1636,545,1,XDP_XM1_XM2,0.0,0.0,0.0,"(741, 647, 90)","(741.0, 647.0, 90)"
1637,545,2,XM5,-3184.074840172197,3064.0,14417.967242378638,"(536, 686, 0)","(403.5, 686.0, 0)"
1638,546,0,XM5,0.0,0.0,0.0,"(1332, 817, 90)","(1405.5, 817.0, 90)"
1639,546,1,XDP_XM1_XM2,0.0,0.0,0.0,"(120, 1025, 270)","(120.0, 1025.0, 270)"
1640,546,2,XDL_XM3_XM4,-6693.882512044397,6348.0,119634.71213814248,"(1118, 552, 180)","(1118.0, 552.0, 180)"
1641,547,0,XDP_XM1_XM2,0.0,0.0,0.0,"(1016, 622, 270)","(1016.0, 622.0, 270)"
1642,547,1,XM5,0.0,0.0,0.0,"(1458, 1371, 180)","(1458.0, 1371.0, 180)"
1643,547,2,XDL_XM3_XM4,-4939.74741765578,4739.0,40299.52569546408,"(448, 610, 90)","(448.0, 610.0, 90)"
1644,548,0,XDP_XM1_XM2,0.0,0.0,0.0,"(1192, 872, 90)","(1192.0, 1067.5, 90)"
1645,548,1,XM5,0.0,0.0,0.0,"(663, 1081, 180)","(663.0, 1081.0, 180)"
1646,548,2,XDL_XM3_XM4,-2973.9974737189036,2872.0,10403.484645038392,"(1054, 707, 270)","(1054.0, 707.0, 270)"
1647,549,0,XDL_XM3_XM4,0.0,0.0,0.0,"(1069, 1501, 0)","(1069.0, 1501.0, 0)"
1648,549,1,XM5,0.0,0.0,0.0,"(337, 1215, 180)","(337.0, 1215.0, 180)"
1649,549,2,XDP_XM1_XM2,-2816.48615570944,2697.0,14276.941406220549,"(731, 1540, 270)","(731.0, 1540.0, 270)"
1650,550,0,XM5,0.0,0.0,0.0,"(841, 802, 180)","(841.0, 802.0, 180)"
1651,550,1,XDP_XM1_XM2,0.0,0.0,0.0,"(301, 318, 180)","(301.0, 318.0, 180)"
1652,550,2,XDL_XM3_XM4,-3923.582426259269,3736.0,35187.16664131417,"(322, 233, 90)","(322.0, 30.5, 90)"
1653,551,0,XDL_XM3_XM4,0.0,0.0,0.0,"(350, 1346, 180)","(295.5, 1346.0, 180)"
1654,551,1,XM5,0.0,0.0,0.0,"(583, 1043, 90)","(583.0, 1043.0, 90)"
1655,551,2,XDP_XM1_XM2,-5643.958821158999,5271.0,139098.28228030997,"(6, 545, 90)","(6.0, 545.0, 90)"
1656,552,0,XDL_XM3_XM4,0.0,0.0,0.0,"(1183, 1078, 90)","(1183.0, 1078.0, 90)"
1657,552,1,XDP_XM1_XM2,0.0,0.0,0.0,"(646, 1442, 270)","(646.0, 1442.0, 270)"
1658,552,2,XM5,-3749.670114285565,3565.0,34103.05111024361,"(656, 868, 180)","(616.5, 868.0, 180)"
1659,553,0,XDP_XM1_XM2,0.0,0.0,0.0,"(606, 1529, 90)","(606.0, 1529.0, 90)"
1660,553,1,XDL_XM3_XM4,0.0,0.0,0.0,"(991, 1132, 0)","(991.0, 1132.0, 0)"
1661,553,2,XM5,-5444.262174189116,5256.0,35442.64623041318,"(391, 257, 90)","(391.0, 257.0, 90)"
1662,554,0,XDP_XM1_XM2,0.0,0.0,0.0,"(505, 394, 270)","(505.0, 394.0, 270)"
1663,554,1,XM5,0.0,0.0,0.0,"(286, 856, 0)","(286.0, 856.0, 0)"
1664,554,2,XDL_XM3_XM4,-4381.482841391548,4196.0,34403.884450682315,"(1194, 124, 90)","(1194.0, 124.0, 90)"
1665,555,0,XDL_XM3_XM4,0.0,0.0,0.0,"(595, 1127, 180)","(595.0, 1127.0, 180)"
1666,555,1,XM5,0.0,0.0,0.0,"(114, 216, 0)","(114.0, 216.0, 0)"
1667,555,2,XDP_XM1_XM2,-4931.2606354782865,4707.0,50292.832625125004,"(865, 899, 90)","(882.5, 899.0, 90)"
1668,556,0,XDP_XM1_XM2,0.0,0.0,0.0,"(175, 654, 90)","(175.0, 654.0, 90)"
1669,556,1,XDL_XM3_XM4,0.0,0.0,0.0,"(1291, 281, 270)","(1291.0, 281.0, 270)"
1670,556,2,XM5,-5569.399370024852,5275.0,86670.98907102976,"(457, 507, 270)","(457.0, 507.0, 270)"
1671,557,0,XDL_XM3_XM4,0.0,0.0,0.0,"(220, 1195, 270)","(220.0, 1134.5, 270)"
1672,557,1,XM5,0.0,0.0,0.0,"(1500, 625, 270)","(1500.0, 625.0, 270)"
1673,557,2,XDP_XM1_XM2,-6142.422208187155,5872.0,73128.17068081703,"(679, 1422, 180)","(679.0, 1422.0, 180)"
1674,558,0,XM5,0.0,0.0,0.0,"(782, 35, 0)","(921.5, 35.0, 0)"
1675,558,1,XDL_XM3_XM4,0.0,0.0,0.0,"(355, 169, 270)","(355.0, 169.0, 270)"
1676,558,2,XDP_XM1_XM2,-8623.102426771104,8174.0,201692.98973169408,"(1200, 1224, 180)","(1200.0, 1224.0, 180)"
1677,559,0,XDL_XM3_XM4,0.0,0.0,0.0,"(1061, 1296, 180)","(1061.0, 1296.0, 180)"
1678,559,1,XM5,0.0,0.0,0.0,"(152, 727, 270)","(152.0, 727.0, 270)"
1679,559,2,XDP_XM1_XM2,-6370.09475069689,6095.0,75677.12186098387,"(1419, 414, 180)","(1419.0, 414.0, 180)"
1680,560,0,XM5,0.0,0.0,0.0,"(1004, 12, 0)","(1004.0, 12.0, 0)"
1681,560,1,XDP_XM1_XM2,0.0,0.0,0.0,"(1107, 663, 180)","(1107.0, 663.0, 180)"
1682,560,2,XDL_XM3_XM4,-4490.434250222812,4331.0,25419.28014411024,"(1496, 1126, 270)","(1496.0, 1126.0, 270)"
1683,561,0,XDL_XM3_XM4,0.0,0.0,0.0,"(330, 517, 270)","(330.0, 517.0, 270)"
1684,561,1,XM5,0.0,0.0,0.0,"(881, 573, 90)","(881.0, 573.0, 90)"
1685,561,2,XDP_XM1_XM2,-4892.919238696666,4617.0,76131.42628294787,"(1444, 450, 0)","(1444.0, 450.0, 0)"
1686,562,0,XDL_XM3_XM4,0.0,0.0,0.0,"(704, 980, 180)","(704.0, 980.0, 180)"
1687,562,1,XM5,0.0,0.0,0.0,"(374, 631, 0)","(358.0, 631.0, 0)"
1688,562,2,XDP_XM1_XM2,-4232.7962631124,4008.0,50533.35990929944,"(107, 1188, 270)","(107.0, 1188.0, 270)"
1689,563,0,XDP_XM1_XM2,0.0,0.0,0.0,"(264, 184, 90)","(264.0, 184.0, 90)"
1690,563,1,XM5,0.0,0.0,0.0,"(1165, 1462, 0)","(1165.0, 1462.0, 0)"
1691,563,2,XDL_XM3_XM4,-8100.59376543122,7693.0,166132.6776184007,"(331, 1502, 0)","(331.0, 1502.0, 0)"
1692,564,0,XM5,0.0,0.0,0.0,"(1197, 874, 270)","(1197.0, 874.0, 270)"
1693,564,1,XDL_XM3_XM4,0.0,0.0,0.0,"(797, 324, 0)","(797.0, 324.0, 0)"
1694,564,2,XDP_XM1_XM2,-4547.171569793944,4341.0,42506.716191299456,"(643, 1211, 270)","(643.0, 1211.0, 270)"
1695,565,0,XDL_XM3_XM4,0.0,0.0,0.0,"(826, 611, 0)","(826.0, 611.0, 0)"
1696,565,1,XM5,0.0,0.0,0.0,"(236, 504, 270)","(236.0, 504.0, 270)"
1697,565,2,XDP_XM1_XM2,-5906.330490186854,5668.0,56801.42255270598,"(678, 1522, 90)","(678.0, 1522.0, 90)"
1698,566,0,XM5,0.0,0.0,0.0,"(450, 226, 90)","(450.0, 214.5, 90)"
1699,566,1,XDP_XM1_XM2,0.0,0.0,0.0,"(356, 625, 90)","(356.0, 625.0, 90)"
1700,566,2,XDL_XM3_XM4,-5063.813899485382,4860.0,41540.105623437245,"(1272, 1074, 180)","(1272.0, 1074.0, 180)"
1701,567,0,XDP_XM1_XM2,0.0,0.0,0.0,"(1541, 897, 270)","(1636.5, 897.0, 270)"
1702,567,1,XM5,0.0,0.0,0.0,"(1074, 652, 0)","(1003.0, 652.0, 0)"
1703,567,2,XDL_XM3_XM4,-4001.4649493878956,3791.0,44295.49492084948,"(1349, 953, 180)","(1349.0, 953.0, 180)"
1704,568,0,XDL_XM3_XM4,0.0,0.0,0.0,"(130, 230, 90)","(130.0, 230.0, 90)"
1705,568,1,XM5,0.0,0.0,0.0,"(682, 1491, 180)","(682.0, 1491.0, 180)"
1706,568,2,XDP_XM1_XM2,-5952.840252235924,5706.0,60930.11012389438,"(936, 706, 270)","(936.0, 706.0, 270)"
1707,569,0,XDP_XM1_XM2,0.0,0.0,0.0,"(1553, 775, 90)","(1821.5, 775.0, 90)"
1708,569,1,XM5,0.0,0.0,0.0,"(1014, 553, 180)","(1014.0, 553.0, 180)"
1709,569,2,XDL_XM3_XM4,-4235.335479957696,3925.0,96308.11012057401,"(1534, 818, 0)","(1534.0, 818.0, 0)"
1710,570,0,XDL_XM3_XM4,0.0,0.0,0.0,"(701, 1044, 270)","(701.0, 1044.0, 270)"
1711,570,1,XM5,0.0,0.0,0.0,"(973, 1166, 180)","(973.0, 1331.5, 180)"
1712,570,2,XDP_XM1_XM2,-4859.682568864354,4530.0,108690.59621299921,"(631, 665, 0)","(631.0, 665.0, 0)"
1713,571,0,XDL_XM3_XM4,0.0,0.0,0.0,"(439, 1256, 270)","(439.0, 1256.0, 270)"
1714,571,1,XDP_XM1_XM2,0.0,0.0,0.0,"(1207, 200, 270)","(1207.0, 200.0, 270)"
1715,571,2,XM5,-6535.278064371004,6239.0,87780.69142742896,"(1115, 973, 270)","(1115.0, 973.0, 270)"
1716,572,0,XDL_XM3_XM4,0.0,0.0,0.0,"(72, 1279, 180)","(72.0, 1279.0, 180)"
1717,572,1,XM5,0.0,0.0,0.0,"(186, 578, 180)","(186.0, 578.0, 180)"
1718,572,2,XDP_XM1_XM2,-7523.5993047301345,7191.0,110622.29750696904,"(1376, 731, 180)","(1376.0, 731.0, 180)"
1719,573,0,XDP_XM1_XM2,0.0,0.0,0.0,"(349, 635, 0)","(398.5, 635.0, 0)"
1720,573,1,XDL_XM3_XM4,0.0,0.0,0.0,"(38, 1076, 180)","(38.0, 1076.0, 180)"
1721,573,2,XM5,-4915.584942742732,4700.0,46476.86753738702,"(183, 1487, 180)","(183.0, 1584.0, 180)"
1722,574,0,XDL_XM3_XM4,0.0,0.0,0.0,"(1094, 1113, 0)","(1094.0, 1113.0, 0)"
1723,574,1,XDP_XM1_XM2,0.0,0.0,0.0,"(96, 1094, 90)","(96.0, 1094.0, 90)"
1724,574,2,XM5,-5164.8157439052175,4860.0,92912.63773249088,"(398, 740, 180)","(398.0, 740.0, 180)"
1725,575,0,XM5,0.0,0.0,0.0,"(429, 905, 0)","(429.0, 905.0, 0)"
1726,575,1,XDL_XM3_XM4,0.0,0.0,0.0,"(213, 680, 270)","(213.0, 617.5, 270)"
1727,575,2,XDP_XM1_XM2,-4385.0889615074075,4145.0,57642.70943770556,"(252, 1306, 90)","(252.0, 1306.0, 90)"
1728,576,0,XM5,0.0,0.0,0.0,"(260, 88, 90)","(260.0, 88.0, 90)"
1729,576,1,XDP_XM1_XM2,0.0,0.0,0.0,"(786, 1354, 180)","(786.0, 1354.0, 180)"
1730,576,2,XDL_XM3_XM4,-6608.111799369353,6250.0,128244.06084755613,"(140, 1329, 270)","(140.0, 1329.0, 270)"
1731,577,0,XDP_XM1_XM2,0.0,0.0,0.0,"(916, 1514, 270)","(916.0, 1514.0, 270)"
1732,577,1,XDL_XM3_XM4,0.0,0.0,0.0,"(1290, 1355, 180)","(1290.0, 1355.0, 180)"
1733,577,2,XM5,-5380.833515696954,5125.0,65450.787753863624,"(216, 696, 180)","(216.0, 696.0, 180)"
1734,578,0,XDL_XM3_XM4,0.0,0.0,0.0,"(1436, 853, 90)","(1436.0, 853.0, 90)"
1735,578,1,XM5,0.0,0.0,0.0,"(208, 1095, 90)","(208.0, 1095.0, 90)"
1736,578,2,XDP_XM1_XM2,-7111.227224477658,6776.0,112377.29203099417,"(31, 380, 0)","(31.0, 380.0, 0)"
1737,579,0,XDL_XM3_XM4,0.0,0.0,0.0,"(163, 1343, 270)","(163.0, 1559.5, 270)"
1738,579,1,XDP_XM1_XM2,0.0,0.0,0.0,"(37, 1171, 180)","(37.0, 993.0, 180)"
1739,579,2,XM5,-2511.252160868259,2434.0,5967.8963588153965,"(83, 1272, 0)","(83.0, 1272.0, 0)"
1740,580,0,XDL_XM3_XM4,0.0,0.0,0.0,"(574, 555, 0)","(574.0, 555.0, 0)"
1741,580,1,XM5,0.0,0.0,0.0,"(626, 77, 180)","(626.0, 47.0, 180)"
1742,580,2,XDP_XM1_XM2,-3587.6022795062736,3408.0,32256.978803849674,"(503, 28, 180)","(503.0, -232.0, 180)"
1743,581,0,XDL_XM3_XM4,0.0,0.0,0.0,"(55, 1301, 0)","(55.0, 1301.0, 0)"
1744,581,1,XDP_XM1_XM2,0.0,0.0,0.0,"(352, 747, 270)","(352.0, 747.0, 270)"
1745,581,2,XM5,-6284.766423139782,6024.0,67999.1274371157,"(1380, 1391, 270)","(1380.0, 1391.0, 270)"
1746,582,0,XDL_XM3_XM4,0.0,0.0,0.0,"(741, 1218, 180)","(741.0, 1218.0, 180)"
1747,582,1,XDP_XM1_XM2,0.0,0.0,0.0,"(1177, 770, 180)","(1177.0, 770.0, 180)"
1748,582,2,XM5,-5458.525630858254,5154.0,92735.85984961735,"(86, 1043, 180)","(86.0, 1043.0, 180)"
1749,583,0,XDL_XM3_XM4,0.0,0.0,0.0,"(713, 191, 0)","(713.0, 191.0, 0)"
1750,583,1,XDP_XM1_XM2,0.0,0.0,0.0,"(164, 1507, 180)","(164.0, 1507.0, 180)"
1751,583,2,XM5,-10216.566270040497,9719.0,247572.1930820137,"(1471, 261, 270)","(1471.0, 261.0, 270)"
1752,584,0,XM5,0.0,0.0,0.0,"(628, 1082, 270)","(628.0, 1082.0, 270)"
1753,584,1,XDL_XM3_XM4,0.0,0.0,0.0,"(493, 1331, 180)","(340.5, 1331.0, 180)"
1754,584,2,XDP_XM1_XM2,-5611.704798500826,5335.0,76565.54551338243,"(1398, 1484, 90)","(1398.0, 1484.0, 90)"
1755,585,0,XM5,0.0,0.0,0.0,"(1379, 744, 270)","(1379.0, 744.0, 270)"
1756,585,1,XDL_XM3_XM4,0.0,0.0,0.0,"(300, 1156, 90)","(300.0, 1156.0, 90)"
1757,585,2,XDP_XM1_XM2,-4912.615377596659,4705.0,43104.14501460305,"(135, 871, 270)","(135.0, 795.5, 270)"
1758,586,0,XDP_XM1_XM2,0.0,0.0,0.0,"(1397, 859, 90)","(1397.0, 859.0, 90)"
1759,586,1,XM5,0.0,0.0,0.0,"(1010, 1440, 270)","(1010.0, 1440.0, 270)"
1760,586,2,XDL_XM3_XM4,-3946.0868845979544,3739.0,42884.97777248642,"(1478, 477, 180)","(1478.0, 278.0, 180)"
1761,587,0,XDP_XM1_XM2,0.0,0.0,0.0,"(62, 1229, 180)","(62.0, 1229.0, 180)"
1762,587,1,XM5,0.0,0.0,0.0,"(1178, 523, 270)","(1178.0, 523.0, 270)"
1763,587,2,XDL_XM3_XM4,-7600.221302947576,7243.0,127607.05927956382,"(373, 182, 90)","(373.0, 182.0, 90)"
1764,588,0,XDL_XM3_XM4,0.0,0.0,0.0,"(905, 582, 270)","(905.0, 582.0, 270)"
1765,588,1,XM5,0.0,0.0,0.0,"(1292, 1000, 180)","(1292.0, 1091.0, 180)"
1766,588,2,XDP_XM1_XM2,-3159.632689892883,3006.0,23603.0034037227,"(1361, 739, 90)","(1413.0, 739.0, 90)"
1767,589,0,XDP_XM1_XM2,0.0,0.0,0.0,"(576, 10, 270)","(384.0, 10.0, 270)"
1768,589,1,XM5,0.0,0.0,0.0,"(663, 141, 270)","(663.0, 141.0, 270)"
1769,589,2,XDL_XM3_XM4,-5709.258830167975,5456.0,64140.035058051566,"(860, 1523, 270)","(860.0, 1523.0, 270)"
1770,590,0,XDL_XM3_XM4,0.0,0.0,0.0,"(1185, 1168, 180)","(1185.0, 1168.0, 180)"
1771,590,1,XM5,0.0,0.0,0.0,"(96, 1041, 90)","(96.0, 1041.0, 90)"
1772,590,2,XDP_XM1_XM2,-5397.494789558623,5137.0,67857.53538719103,"(1195, 742, 180)","(1195.0, 660.0, 180)"
1773,591,0,XDL_XM3_XM4,0.0,0.0,0.0,"(920, 102, 270)","(920.0, 102.0, 270)"
1774,591,1,XM5,0.0,0.0,0.0,"(1191, 466, 270)","(1191.0, 466.0, 270)"
1775,591,2,XDP_XM1_XM2,-3542.447807309305,3391.0,22936.438338796353,"(1540, 13, 90)","(1540.0, 13.0, 90)"
1776,592,0,XM5,0.0,0.0,0.0,"(970, 1387, 270)","(970.0, 1387.0, 270)"
1777,592,1,XDL_XM3_XM4,0.0,0.0,0.0,"(581, 1427, 180)","(581.0, 1427.0, 180)"
1778,592,2,XDP_XM1_XM2,-7404.52413517325,6975.0,184490.98269632866,"(1505, 608, 270)","(1505.0, 608.0, 270)"
1779,593,0,XM5,0.0,0.0,0.0,"(1255, 1476, 180)","(1258.5, 1476.0, 180)"
1780,593,1,XDL_XM3_XM4,0.0,0.0,0.0,"(692, 1389, 90)","(692.0, 1389.0, 90)"
1781,593,2,XDP_XM1_XM2,-4749.279122855916,4430.0,101939.15829164315,"(383, 1354, 180)","(383.0, 1101.5, 180)"
1782,594,0,XM5,0.0,0.0,0.0,"(170, 150, 180)","(27.0, 150.0, 180)"
1783,594,1,XDL_XM3_XM4,0.0,0.0,0.0,"(373, 245, 180)","(373.0, 245.0, 180)"
1784,594,2,XDP_XM1_XM2,-4290.209918008834,4011.0,77958.17831450007,"(665, 594, 270)","(665.0, 594.0, 270)"
1785,595,0,XM5,0.0,0.0,0.0,"(1424, 1404, 90)","(1622.0, 1404.0, 90)"
1786,595,1,XDL_XM3_XM4,0.0,0.0,0.0,"(1347, 295, 0)","(1347.0, 295.0, 0)"
1787,595,2,XDP_XM1_XM2,-4059.215039731886,3857.0,40890.9222937683,"(1343, 1303, 90)","(1343.0, 1303.0, 90)"
1788,596,0,XDP_XM1_XM2,0.0,0.0,0.0,"(294, 750, 270)","(243.5, 750.0, 270)"
1789,596,1,XDL_XM3_XM4,0.0,0.0,0.0,"(531, 567, 180)","(531.0, 567.0, 180)"
1790,596,2,XM5,-4907.7948709862085,4596.0,97216.04157330627,"(974, 25, 180)","(974.0, 25.0, 180)"
1791,597,0,XM5,0.0,0.0,0.0,"(1340, 908, 180)","(1340.0, 908.0, 180)"
1792,597,1,XDP_XM1_XM2,0.0,0.0,0.0,"(620, 755, 270)","(620.0, 755.0, 270)"
1793,597,2,XDL_XM3_XM4,-3909.488624010399,3730.0,32216.16614914632,"(460, 702, 180)","(332.5, 702.0, 180)"
1794,598,0,XM5,0.0,0.0,0.0,"(1254, 607, 0)","(1254.0, 607.0, 0)"
1795,598,1,XDP_XM1_XM2,0.0,0.0,0.0,"(1238, 805, 90)","(1238.0, 959.0, 90)"
1796,598,2,XDL_XM3_XM4,-4274.657775327974,4036.0,56957.533724498055,"(1457, 221, 0)","(1457.0, 99.0, 0)"
1797,599,0,XM5,0.0,0.0,0.0,"(211, 718, 180)","(211.0, 718.0, 180)"
1798,599,1,XDP_XM1_XM2,0.0,0.0,0.0,"(793, 1296, 270)","(793.0, 1296.0, 270)"
1799,599,2,XDL_XM3_XM4,-5953.424951302558,5635.0,101394.4496120366,"(624, 220, 270)","(624.0, 220.0, 270)"
1800,600,0,XDL_XM3_XM4,0.0,0.0,0.0,"(1467, 342, 180)","(1467.0, 342.0, 180)"
1801,600,1,XM5,0.0,0.0,0.0,"(345, 834, 270)","(345.0, 834.0, 270)"
1802,600,2,XDP_XM1_XM2,-4575.755805372084,4452.0,15315.499363293156,"(347, 291, 90)","(347.0, 291.0, 90)"
1803,601,0,XDL_XM3_XM4,0.0,0.0,0.0,"(919, 1060, 0)","(862.5, 1060.0, 0)"
1804,601,1,XM5,0.0,0.0,0.0,"(1246, 731, 180)","(1246.0, 508.0, 180)"
1805,601,2,XDP_XM1_XM2,-2734.9028144865993,2614.0,14617.490550780993,"(1150, 860, 270)","(1150.0, 860.0, 270)"
1806,602,0,XDP_XM1_XM2,0.0,0.0,0.0,"(648, 963, 180)","(648.0, 1004.0, 180)"
1807,602,1,XM5,0.0,0.0,0.0,"(1224, 291, 0)","(1224.0, 291.0, 0)"
1808,602,2,XDL_XM3_XM4,-4992.635333279484,4750.0,58871.90495564643,"(646, 496, 0)","(646.0, 496.0, 0)"
1809,603,0,XDL_XM3_XM4,0.0,0.0,0.0,"(157, 1221, 90)","(157.0, 1221.0, 90)"
1810,603,1,XM5,0.0,0.0,0.0,"(918, 568, 180)","(918.0, 568.0, 180)"
1811,603,2,XDP_XM1_XM2,-5248.653759213175,4993.0,65358.84459982837,"(1152, 533, 90)","(1255.5, 533.0, 90)"
1812,604,0,XDL_XM3_XM4,0.0,0.0,0.0,"(305, 656, 180)","(305.0, 656.0, 180)"
1813,604,1,XDP_XM1_XM2,0.0,0.0,0.0,"(1509, 383, 180)","(1509.0, 383.0, 180)"
1814,604,2,XM5,-6019.164661670915,5693.0,106383.38652290245,"(853, 710, 90)","(853.0, 710.0, 90)"
1815,605,0,XM5,0.0,0.0,0.0,"(506, 1543, 90)","(506.0, 1543.0, 90)"
1816,605,1,XDP_XM1_XM2,0.0,0.0,0.0,"(146, 1068, 90)","(146.0, 1068.0, 90)"
1817,605,2,XDL_XM3_XM4,-3503.6729684323673,3359.0,20930.26779503267,"(255, 746, 90)","(255.0, 707.5, 90)"
1818,606,0,XM5,0.0,0.0,0.0,"(1312, 298, 180)","(1598.0, 298.0, 180)"
1819,606,1,XDP_XM1_XM2,0.0,0.0,0.0,"(563, 844, 270)","(563.0, 844.0, 270)"
1820,606,2,XDL_XM3_XM4,-6170.57468789478,5774.0,157271.48307884263,"(1252, 494, 180)","(1252.0, 494.0, 180)"
1821,607,0,XDP_XM1_XM2,0.0,0.0,0.0,"(1179, 1285, 0)","(1179.0, 1285.0, 0)"
1822,607,1,XM5,0.0,0.0,0.0,"(134, 1100, 90)","(134.0, 1100.0, 90)"
1823,607,2,XDL_XM3_XM4,-5693.026357294909,5638.0,3027.8999971469802,"(1453, 151, 90)","(1453.0, 151.0, 90)"
1824,608,0,XDP_XM1_XM2,0.0,0.0,0.0,"(500, 892, 0)","(500.0, 892.0, 0)"
1825,608,1,XM5,0.0,0.0,0.0,"(344, 542, 0)","(344.0, 542.0, 0)"
1826,608,2,XDL_XM3_XM4,-3505.0347000417332,3286.0,47976.19982237209,"(74, 549, 180)","(-2.0, 549.0, 180)"
1827,609,0,XDP_XM1_XM2,0.0,0.0,0.0,"(356, 454, 0)","(356.0, 454.0, 0)"
1828,609,1,XDL_XM3_XM4,0.0,0.0,0.0,"(921, 347, 180)","(921.0, 347.0, 180)"
1829,609,2,XM5,-3235.707186130699,3117.0,14091.396039068386,"(16, 329, 180)","(-54.5, 329.0, 180)"
1830,610,0,XDP_XM1_XM2,0.0,0.0,0.0,"(738, 1202, 0)","(738.0, 1202.0, 0)"
1831,610,1,XM5,0.0,0.0,0.0,"(1009, 401, 180)","(1009.0, 401.0, 180)"
1832,610,2,XDL_XM3_XM4,-5087.5394523250525,4884.0,41428.30865278214,"(1471, 1524, 270)","(1471.0, 1524.0, 270)"
1833,611,0,XDP_XM1_XM2,0.0,0.0,0.0,"(1259, 188, 180)","(1259.0, 188.0, 180)"
1834,611,1,XDL_XM3_XM4,0.0,0.0,0.0,"(55, 897, 0)","(55.0, 897.0, 0)"
1835,611,2,XM5,-5834.647515653311,5563.0,73792.37276061565,"(1438, 420, 180)","(1438.0, 467.0, 180)"
1836,612,0,XDL_XM3_XM4,0.0,0.0,0.0,"(932, 1195, 180)","(932.0, 1195.0, 180)"
1837,612,1,XM5,0.0,0.0,0.0,"(227, 994, 0)","(227.0, 994.0, 0)"
1838,612,2,XDP_XM1_XM2,-4489.807292506874,4297.0,37174.65204383123,"(1360, 989, 90)","(1360.0, 989.0, 90)"
1839,613,0,XDP_XM1_XM2,0.0,0.0,0.0,"(210, 671, 180)","(210.0, 671.0, 180)"
1840,613,1,XDL_XM3_XM4,0.0,0.0,0.0,"(1150, 891, 90)","(1150.0, 1009.5, 90)"
1841,613,2,XM5,-5174.363716308367,4867.0,94472.45410289001,"(932, 722, 0)","(932.0, 722.0, 0)"
1842,614,0,XDL_XM3_XM4,0.0,0.0,0.0,"(1375, 374, 90)","(1375.0, 374.0, 90)"
1843,614,1,XDP_XM1_XM2,0.0,0.0,0.0,"(1391, 1130, 180)","(1391.0, 1130.0, 180)"
1844,614,2,XM5,-4026.513615476949,3828.0,39407.65552972994,"(1483, 1526, 180)","(1483.0, 1526.0, 180)"
1845,615,0,XM5,0.0,0.0,0.0,"(947, 406, 180)","(947.0, 406.0, 180)"
1846,615,1,XDL_XM3_XM4,0.0,0.0,0.0,"(68, 734, 90)","(68.0, 734.0, 90)"
1847,615,2,XDP_XM1_XM2,-4821.503655743125,4594.0,51757.91337648635,"(208, 1035, 180)","(208.0, 1035.0, 180)"
1848,616,0,XM5,0.0,0.0,0.0,"(873, 980, 180)","(873.0, 835.5, 180)"
1849,616,1,XDL_XM3_XM4,0.0,0.0,0.0,"(665, 1123, 270)","(665.0, 1123.0, 270)"
1850,616,2,XDP_XM1_XM2,-3126.004815762846,2989.0,18770.319542211488,"(463, 899, 90)","(463.0, 762.5, 90)"
1851,617,0,XM5,0.0,0.0,0.0,"(1419, 722, 180)","(1419.0, 722.0, 180)"
1852,617,1,XDP_XM1_XM2,0.0,0.0,0.0,"(204, 742, 90)","(204.0, 742.0, 90)"
1853,617,2,XDL_XM3_XM4,-5198.783959559938,5078.0,14588.764886976764,"(128, 200, 270)","(128.0, 200.0, 270)"
1854,618,0,XM5,0.0,0.0,0.0,"(949, 1318, 90)","(949.0, 1318.0, 90)"
1855,618,1,XDP_XM1_XM2,0.0,0.0,0.0,"(395, 1427, 90)","(395.0, 1427.0, 90)"
1856,618,2,XDL_XM3_XM4,-3737.622933684999,3550.0,35202.36524456556,"(169, 1168, 0)","(107.5, 1168.0, 0)"
1857,619,0,XM5,0.0,0.0,0.0,"(334, 1255, 180)","(334.0, 1255.0, 180)"
1858,619,1,XDP_XM1_XM2,0.0,0.0,0.0,"(928, 1184, 270)","(928.0, 1184.0, 270)"
1859,619,2,XDL_XM3_XM4,-4183.203047028467,3940.0,59147.722083930625,"(1313, 1156, 180)","(1313.0, 1156.0, 180)"
1860,620,0,XM5,0.0,0.0,0.0,"(1075, 579, 90)","(1075.0, 579.0, 90)"
1861,620,1,XDL_XM3_XM4,0.0,0.0,0.0,"(297, 1111, 90)","(297.0, 1111.0, 90)"
1862,620,2,XDP_XM1_XM2,-5079.260046460793,4821.0,66698.25159793117,"(27, 965, 90)","(27.0, 750.5, 90)"
1863,621,0,XDP_XM1_XM2,0.0,0.0,0.0,"(619, 240, 0)","(619.0, 240.0, 0)"
1864,621,1,XM5,0.0,0.0,0.0,"(189, 960, 180)","(189.0, 960.0, 180)"
1865,621,2,XDL_XM3_XM4,-6355.4322911611,6130.0,50819.717898142764,"(843, 1483, 270)","(843.0, 1483.0, 270)"
1866,622,0,XDL_XM3_XM4,0.0,0.0,0.0,"(24, 1025, 0)","(24.0, 1025.0, 0)"
1867,622,1,XM5,0.0,0.0,0.0,"(261, 351, 180)","(261.0, 351.0, 180)"
1868,622,2,XDP_XM1_XM2,-8047.077681003322,7691.0,126791.31490870345,"(1496, 278, 90)","(1496.0, 278.0, 90)"
1869,623,0,XDL_XM3_XM4,0.0,0.0,0.0,"(825, 1360, 180)","(825.0, 1360.0, 180)"
1870,623,1,XM5,0.0,0.0,0.0,"(1510, 740, 270)","(1510.0, 740.0, 270)"
1871,623,2,XDP_XM1_XM2,-7489.817499945729,7119.0,137505.61826600033,"(72, 1393, 180)","(72.0, 1393.0, 180)"
1872,624,0,XM5,0.0,0.0,0.0,"(1144, 1280, 180)","(1144.0, 1280.0, 180)"
1873,624,1,XDL_XM3_XM4,0.0,0.0,0.0,"(414, 560, 90)","(414.0, 560.0, 90)"
1874,624,2,XDP_XM1_XM2,-6275.67525375634,5939.0,113350.22649189578,"(126, 392, 180)","(126.0, 272.5, 180)"
1875,625,0,XDL_XM3_XM4,0.0,0.0,0.0,"(1330, 740, 90)","(1330.0, 740.0, 90)"
1876,625,1,XM5,0.0,0.0,0.0,"(579, 461, 90)","(579.0, 461.0, 90)"
1877,625,2,XDP_XM1_XM2,-5359.2859908597175,5095.0,69847.08496470278,"(233, 1113, 270)","(233.0, 1113.0, 270)"
1878,626,0,XM5,0.0,0.0,0.0,"(8, 1169, 0)","(8.0, 1169.0, 0)"
1879,626,1,XDP_XM1_XM2,0.0,0.0,0.0,"(748, 33, 180)","(748.0, 33.0, 180)"
1880,626,2,XDL_XM3_XM4,-7084.231488169699,6668.0,173248.65174396246,"(49, 377, 90)","(49.0, 377.0, 90)"
1881,627,0,XM5,0.0,0.0,0.0,"(114, 514, 90)","(114.0, 500.5, 90)"
1882,627,1,XDL_XM3_XM4,0.0,0.0,0.0,"(692, 271, 90)","(692.0, 271.0, 90)"
1883,627,2,XDP_XM1_XM2,-3435.340530380626,3327.0,11737.670523155402,"(379, 838, 0)","(379.0, 838.0, 0)"
1884,628,0,XDP_XM1_XM2,0.0,0.0,0.0,"(1051, 1116, 90)","(1051.0, 1116.0, 90)"
1885,628,1,XM5,0.0,0.0,0.0,"(962, 1238, 0)","(962.0, 1468.0, 0)"
1886,628,2,XDL_XM3_XM4,-3741.6948766196247,3629.0,12700.13521631244,"(1023, 265, 270)","(1023.0, 265.0, 270)"
1887,629,0,XDP_XM1_XM2,0.0,0.0,0.0,"(794, 1215, 270)","(794.0, 1215.0, 270)"
1888,629,1,XDL_XM3_XM4,0.0,0.0,0.0,"(416, 890, 90)","(416.0, 854.5, 90)"
1889,629,2,XM5,-3106.2903052346774,2983.0,15200.499364859876,"(992, 1243, 270)","(1073.0, 1243.0, 270)"
1890,630,0,XM5,0.0,0.0,0.0,"(44, 534, 90)","(44.0, 534.0, 90)"
1891,630,1,XDP_XM1_XM2,0.0,0.0,0.0,"(654, 439, 0)","(654.0, 439.0, 0)"
1892,630,2,XDL_XM3_XM4,-4103.647548807694,3887.0,46936.16040438216,"(756, 30, 270)","(756.0, 30.0, 270)"
1893,631,0,XDL_XM3_XM4,0.0,0.0,0.0,"(488, 1149, 90)","(488.0, 1149.0, 90)"
1894,631,1,XDP_XM1_XM2,0.0,0.0,0.0,"(925, 450, 270)","(925.0, 450.0, 270)"
1895,631,2,XM5,-7215.316809820572,6750.0,216519.73350159475,"(360, 1506, 0)","(360.0, 1506.0, 0)"
1896,632,0,XDL_XM3_XM4,0.0,0.0,0.0,"(628, 1150, 0)","(628.0, 1150.0, 0)"
1897,632,1,XM5,0.0,0.0,0.0,"(1487, 1116, 270)","(1487.0, 1116.0, 270)"
1898,632,2,XDP_XM1_XM2,-6551.503638836644,6193.0,128524.85905911538,"(205, 1534, 90)","(205.0, 1534.0, 90)"
1899,633,0,XM5,0.0,0.0,0.0,"(231, 1385, 90)","(231.0, 1385.0, 90)"
1900,633,1,XDL_XM3_XM4,0.0,0.0,0.0,"(1157, 898, 90)","(1169.0, 898.0, 90)"
1901,633,2,XDP_XM1_XM2,-4509.338805119344,4295.0,45941.12337998825,"(661, 736, 90)","(661.0, 736.0, 90)"
1902,634,0,XDP_XM1_XM2,0.0,0.0,0.0,"(1133, 682, 180)","(1133.0, 682.0, 180)"
1903,634,1,XM5,0.0,0.0,0.0,"(481, 537, 180)","(481.0, 537.0, 180)"
1904,634,2,XDL_XM3_XM4,-4653.103178057458,4423.0,52947.47255214212,"(822, 1255, 90)","(822.0, 1255.0, 90)"
1905,635,0,XDL_XM3_XM4,0.0,0.0,0.0,"(1372, 845, 180)","(1372.0, 845.0, 180)"
1906,635,1,XDP_XM1_XM2,0.0,0.0,0.0,"(928, 1296, 270)","(928.0, 1296.0, 270)"
1907,635,2,XM5,-5156.1893647736015,4877.0,77946.70140268716,"(1038, 190, 180)","(1038.0, 190.0, 180)"
1908,636,0,XDP_XM1_XM2,0.0,0.0,0.0,"(1160, 201, 90)","(1111.5, 201.0, 90)"
1909,636,1,XM5,0.0,0.0,0.0,"(234, 1451, 270)","(234.0, 1451.0, 270)"
1910,636,2,XDL_XM3_XM4,-6193.414100356367,5947.0,60719.90885443786,"(1399, 520, 180)","(1399.0, 520.0, 180)"
1911,637,0,XM5,0.0,0.0,0.0,"(926, 884, 270)","(926.0, 686.5, 270)"
1912,637,1,XDP_XM1_XM2,0.0,0.0,0.0,"(955, 1097, 270)","(955.0, 1097.0, 270)"
1913,637,2,XDL_XM3_XM4,-3151.592515353212,2992.0,25469.770956765195,"(729, 1311, 90)","(729.0, 1457.5, 90)"
1914,638,0,XDP_XM1_XM2,0.0,0.0,0.0,"(999, 1440, 180)","(999.0, 1440.0, 180)"
1915,638,1,XM5,0.0,0.0,0.0,"(970, 1466, 90)","(970.0, 1777.5, 90)"
1916,638,2,XDL_XM3_XM4,-4423.90778027655,4274.0,22472.342587442214,"(1306, 393, 90)","(1306.0, 393.0, 90)"
1917,639,0,XM5,0.0,0.0,0.0,"(919, 1418, 270)","(919.0, 1418.0, 270)"
1918,639,1,XDP_XM1_XM2,0.0,0.0,0.0,"(24, 795, 180)","(24.0, 795.0, 180)"
1919,639,2,XDL_XM3_XM4,-5950.146718160654,5740.0,44161.64315369342,"(891, 686, 180)","(891.0, 686.0, 180)"
1920,640,0,XDL_XM3_XM4,0.0,0.0,0.0,"(722, 40, 90)","(722.0, 40.0, 90)"
1921,640,1,XDP_XM1_XM2,0.0,0.0,0.0,"(1306, 441, 90)","(1306.0, 441.0, 90)"
1922,640,2,XM5,-6600.283873456553,6336.0,69845.9657691995,"(18, 1199, 0)","(18.0, 1199.0, 0)"
1923,641,0,XDP_XM1_XM2,0.0,0.0,0.0,"(1349, 1497, 90)","(1175.5, 1497.0, 90)"
1924,641,1,XM5,0.0,0.0,0.0,"(1279, 136, 270)","(1279.0, 136.0, 270)"
1925,641,2,XDL_XM3_XM4,-5968.266017845494,5661.0,94412.4057226277,"(1463, 1138, 180)","(1463.0, 1138.0, 180)"
1926,642,0,XDL_XM3_XM4,0.0,0.0,0.0,"(1010, 1149, 90)","(1010.0, 1149.0, 90)"
1927,642,1,XM5,0.0,0.0,0.0,"(1055, 850, 90)","(1055.0, 803.0, 90)"
1928,642,2,XDP_XM1_XM2,-4544.774518158806,4314.0,53256.87823142915,"(288, 854, 270)","(288.0, 854.0, 270)"
1929,643,0,XM5,0.0,0.0,0.0,"(72, 1218, 90)","(72.0, 1218.0, 90)"
1930,643,1,XDL_XM3_XM4,0.0,0.0,0.0,"(1450, 1545, 180)","(1451.5, 1545.0, 180)"
1931,643,2,XDP_XM1_XM2,-4937.3707699984225,4731.0,42588.89470974195,"(1091, 1398, 180)","(1091.0, 1398.0, 180)"
1932,644,0,XDL_XM3_XM4,0.0,0.0,0.0,"(1445, 300, 270)","(1445.0, 300.0, 270)"
1933,644,1,XDP_XM1_XM2,0.0,0.0,0.0,"(1231, 690, 0)","(1231.0, 690.0, 0)"
1934,644,2,XM5,-4898.943063286666,4687.0,44919.862075335936,"(921, 1504, 90)","(921.0, 1504.0, 90)"
1935,645,0,XM5,0.0,0.0,0.0,"(1441, 1247, 0)","(1441.0, 1247.0, 0)"
1936,645,1,XDL_XM3_XM4,0.0,0.0,0.0,"(299, 394, 180)","(299.0, 394.0, 180)"
1937,645,2,XDP_XM1_XM2,-5364.301914551059,5157.0,42974.08377653448,"(186, 1217, 270)","(186.0, 1217.0, 270)"
1938,646,0,XDP_XM1_XM2,0.0,0.0,0.0,"(464, 119, 180)","(464.0, 119.0, 180)"
1939,646,1,XDL_XM3_XM4,0.0,0.0,0.0,"(1143, 1207, 90)","(1143.0, 1207.0, 90)"
1940,646,2,XM5,-7537.262141365407,7092.0,198258.37453330786,"(1233, 1156, 0)","(1233.0, 919.5, 0)"
1941,647,0,XM5,0.0,0.0,0.0,"(1223, 33, 0)","(1223.0, 33.0, 0)"
1942,647,1,XDL_XM3_XM4,0.0,0.0,0.0,"(673, 1499, 90)","(673.0, 1499.0, 90)"
1943,647,2,XDP_XM1_XM2,-5215.2316603186955,5017.0,39295.79115270671,"(1092, 325, 180)","(1092.0, 325.0, 180)"
1944,648,0,XM5,0.0,0.0,0.0,"(1086, 1009, 0)","(812.0, 1009.0, 0)"
1945,648,1,XDP_XM1_XM2,0.0,0.0,0.0,"(157, 120, 0)","(157.0, 120.0, 0)"
1946,648,2,XDL_XM3_XM4,-8216.598751391719,7743.0,224295.77731979595,"(1158, 886, 180)","(1158.0, 886.0, 180)"
1947,649,0,XDL_XM3_XM4,0.0,0.0,0.0,"(316, 752, 180)","(316.0, 752.0, 180)"
1948,649,1,XDP_XM1_XM2,0.0,0.0,0.0,"(87, 1188, 270)","(28.5, 1188.0, 270)"
1949,649,2,XM5,-3722.3574885301696,3482.0,57771.72229253056,"(585, 955, 90)","(603.5, 955.0, 90)"
1950,650,0,XM5,0.0,0.0,0.0,"(1453, 1031, 90)","(1580.0, 1031.0, 90)"
1951,650,1,XDL_XM3_XM4,0.0,0.0,0.0,"(430, 1014, 0)","(430.0, 1014.0, 0)"
1952,650,2,XDP_XM1_XM2,-3789.65394222729,3680.0,12023.987045985805,"(1301, 900, 270)","(1301.0, 900.0, 270)"
1953,651,0,XDL_XM3_XM4,0.0,0.0,0.0,"(795, 1527, 0)","(795.0, 1527.0, 0)"
1954,651,1,XDP_XM1_XM2,0.0,0.0,0.0,"(510, 1391, 180)","(434.5, 1391.0, 180)"
1955,651,2,XM5,-4312.80320662998,4091.0,49196.66247134151,"(1212, 910, 90)","(1212.0, 910.0, 90)"
1956,652,0,XDP_XM1_XM2,0.0,0.0,0.0,"(635, 1085, 90)","(635.0, 1085.0, 90)"
1957,652,1,XDL_XM3_XM4,0.0,0.0,0.0,"(435, 229, 90)","(435.0, 229.0, 90)"
1958,652,2,XM5,-5524.748873248094,5274.0,62874.997435188605,"(1246, 573, 180)","(1246.0, 573.0, 180)"
1959,653,0,XDL_XM3_XM4,0.0,0.0,0.0,"(1168, 194, 180)","(1168.0, 194.0, 180)"
1960,653,1,XM5,0.0,0.0,0.0,"(328, 716, 270)","(328.0, 716.0, 270)"
1961,653,2,XDP_XM1_XM2,-3342.4437549685053,3215.0,16241.910680472489,"(833, 218, 90)","(833.0, 218.0, 90)"
1962,654,0,XDL_XM3_XM4,0.0,0.0,0.0,"(91, 506, 180)","(91.0, 506.0, 180)"
1963,654,1,XM5,0.0,0.0,0.0,"(1324, 229, 270)","(1324.0, 229.0, 270)"
1964,654,2,XDP_XM1_XM2,-7489.838714069911,7153.0,113460.31929627099,"(205, 1306, 0)","(205.0, 1306.0, 0)"
1965,655,0,XDL_XM3_XM4,0.0,0.0,0.0,"(1188, 1313, 180)","(1188.0, 1313.0, 180)"
1966,655,1,XM5,0.0,0.0,0.0,"(696, 911, 270)","(621.5, 911.0, 270)"
1967,655,2,XDP_XM1_XM2,-2970.3203379381425,2827.0,20540.71926670343,"(931, 897, 90)","(900.5, 897.0, 90)"
1968,656,0,XDL_XM3_XM4,0.0,0.0,0.0,"(427, 1248, 270)","(427.0, 1248.0, 270)"
1969,656,1,XDP_XM1_XM2,0.0,0.0,0.0,"(866, 534, 180)","(866.0, 534.0, 180)"
1970,656,2,XM5,-3863.45400847719,3743.0,14509.168158222958,"(1283, 597, 180)","(1283.0, 597.0, 180)"
1971,657,0,XDL_XM3_XM4,0.0,0.0,0.0,"(922, 1389, 180)","(1178.5, 1389.0, 180)"
1972,657,1,XM5,0.0,0.0,0.0,"(891, 1189, 270)","(891.0, 1189.0, 270)"
1973,657,2,XDP_XM1_XM2,-7544.991889186333,7101.0,197128.79766324893,"(551, 227, 270)","(551.0, 227.0, 270)"
1974,658,0,XDL_XM3_XM4,0.0,0.0,0.0,"(532, 1084, 180)","(532.0, 1084.0, 180)"
1975,658,1,XM5,0.0,0.0,0.0,"(954, 384, 270)","(954.0, 384.0, 270)"
1976,658,2,XDP_XM1_XM2,-5939.9782098981095,5696.0,59525.36690508583,"(1101, 1556, 180)","(1101.0, 1556.0, 180)"
1977,659,0,XDP_XM1_XM2,0.0,0.0,0.0,"(156, 800, 90)","(156.0, 800.0, 90)"
1978,659,1,XM5,0.0,0.0,0.0,"(1358, 109, 270)","(1358.0, 109.0, 270)"
1979,659,2,XDL_XM3_XM4,-8531.595632857334,8187.0,118746.15018434601,"(1393, 1044, 180)","(1393.0, 1044.0, 180)"
1980,660,0,XDP_XM1_XM2,0.0,0.0,0.0,"(34, 1251, 180)","(34.0, 1251.0, 180)"
1981,660,1,XDL_XM3_XM4,0.0,0.0,0.0,"(1172, 223, 180)","(1283.0, 223.0, 180)"
1982,660,2,XM5,-9383.433108726695,8858.0,276079.9517461981,"(937, 472, 180)","(937.0, 472.0, 180)"
1983,661,0,XDL_XM3_XM4,0.0,0.0,0.0,"(1199, 820, 90)","(1199.0, 820.0, 90)"
1984,661,1,XDP_XM1_XM2,0.0,0.0,0.0,"(483, 664, 180)","(483.0, 664.0, 180)"
1985,661,2,XM5,-5229.890555015188,4929.0,90535.1260973479,"(1503, 641, 90)","(1503.0, 474.0, 90)"
1986,662,0,XDL_XM3_XM4,0.0,0.0,0.0,"(899, 436, 0)","(899.0, 436.0, 0)"
1987,662,1,XM5,0.0,0.0,0.0,"(168, 227, 90)","(168.0, 227.0, 90)"
1988,662,2,XDP_XM1_XM2,-6073.154916417681,5796.0,76814.84769449194,"(545, 1149, 180)","(545.0, 1149.0, 180)"
1989,663,0,XM5,0.0,0.0,0.0,"(690, 358, 0)","(690.0, 358.0, 0)"
1990,663,1,XDL_XM3_XM4,0.0,0.0,0.0,"(134, 633, 0)","(134.0, 633.0, 0)"
1991,663,2,XDP_XM1_XM2,-5890.908200698955,5603.0,82891.1320297096,"(1307, 817, 0)","(1307.0, 817.0, 0)"
1992,664,0,XDL_XM3_XM4,0.0,0.0,0.0,"(443, 55, 180)","(285.5, 55.0, 180)"
1993,664,1,XDP_XM1_XM2,0.0,0.0,0.0,"(943, 121, 270)","(943.0, 121.0, 270)"
1994,664,2,XM5,-4164.138441545714,3882.0,79602.10019784412,"(573, 157, 90)","(573.0, 157.0, 90)"
1995,665,0,XM5,0.0,0.0,0.0,"(800, 1222, 0)","(800.0, 1222.0, 0)"
1996,665,1,XDL_XM3_XM4,0.0,0.0,0.0,"(480, 999, 180)","(454.0, 999.0, 180)"
1997,665,2,XDP_XM1_XM2,-5441.137499643102,5123.0,101211.4686791647,"(1358, 1467, 90)","(1358.0, 1467.0, 90)"
1998,666,0,XM5,0.0,0.0,0.0,"(1283, 34, 90)","(1283.0, 34.0, 90)"
1999,666,1,XDP_XM1_XM2,0.0,0.0,0.0,"(1465, 801, 270)","(1465.0, 801.0, 270)"
2000,666,2,XDL_XM3_XM4,-6302.451609389263,6066.0,55909.36358277244,"(465, 1501, 180)","(465.0, 1501.0, 180)"
2001,667,0,XM5,0.0,0.0,0.0,"(1028, 799, 180)","(1028.0, 799.0, 180)"
2002,667,1,XDL_XM3_XM4,0.0,0.0,0.0,"(1380, 275, 180)","(1380.0, 275.0, 180)"
2003,667,2,XDP_XM1_XM2,-4386.219582343375,4174.0,45037.151129996455,"(1546, 288, 180)","(1740.5, 288.0, 180)"
2004,668,0,XDL_XM3_XM4,0.0,0.0,0.0,"(143, 1233, 270)","(143.0, 1233.0, 270)"
2005,668,1,XDP_XM1_XM2,0.0,0.0,0.0,"(718, 495, 270)","(718.0, 495.0, 270)"
2006,668,2,XM5,-4684.06920969452,4493.0,36507.442893288484,"(1250, 309, 180)","(1250.0, 309.0, 180)"
2007,669,0,XDP_XM1_XM2,0.0,0.0,0.0,"(965, 1109, 0)","(965.0, 1109.0, 0)"
2008,669,1,XM5,0.0,0.0,0.0,"(455, 113, 90)","(455.0, 113.0, 90)"
2009,669,2,XDL_XM3_XM4,-5562.437497844347,5326.0,55902.69038689534,"(1104, 402, 180)","(1104.0, 402.0, 180)"
2010,670,0,XDP_XM1_XM2,0.0,0.0,0.0,"(377, 395, 0)","(377.0, 395.0, 0)"
2011,670,1,XDL_XM3_XM4,0.0,0.0,0.0,"(50, 213, 180)","(16.5, 213.0, 180)"
2012,670,2,XM5,-4369.6199367191875,4168.0,40650.59888264937,"(60, 1208, 90)","(60.0, 1208.0, 90)"
2013,671,0,XDL_XM3_XM4,0.0,0.0,0.0,"(205, 1183, 90)","(205.0, 1183.0, 90)"
2014,671,1,XM5,0.0,0.0,0.0,"(370, 836, 180)","(370.0, 836.0, 180)"
2015,671,2,XDP_XM1_XM2,-7531.109315343403,7086.0,198122.3026054728,"(991, 97, 90)","(991.0, 97.0, 90)"
2016,672,0,XDL_XM3_XM4,0.0,0.0,0.0,"(230, 263, 90)","(230.0, 263.0, 90)"
2017,672,1,XM5,0.0,0.0,0.0,"(1317, 135, 90)","(1317.0, 135.0, 90)"
2018,672,2,XDP_XM1_XM2,-6992.234093371391,6651.0,116440.70647899508,"(186, 1009, 90)","(186.0, 1009.0, 90)"
2019,673,0,XM5,0.0,0.0,0.0,"(923, 1324, 90)","(923.0, 1499.5, 90)"
2020,673,1,XDP_XM1_XM2,0.0,0.0,0.0,"(1462, 661, 0)","(1462.0, 661.0, 0)"
2021,673,2,XDL_XM3_XM4,-5776.508147549853,5434.0,117311.83113803194,"(836, 933, 180)","(836.0, 933.0, 180)"
2022,674,0,XM5,0.0,0.0,0.0,"(1371, 447, 90)","(1371.0, 447.0, 90)"
2023,674,1,XDL_XM3_XM4,0.0,0.0,0.0,"(74, 742, 90)","(74.0, 742.0, 90)"
2024,674,2,XDP_XM1_XM2,-5321.426355024662,5080.0,58286.68490049452,"(458, 282, 0)","(458.0, 282.0, 0)"
2025,675,0,XM5,0.0,0.0,0.0,"(749, 39, 90)","(667.0, 39.0, 90)"
2026,675,1,XDP_XM1_XM2,0.0,0.0,0.0,"(946, 262, 90)","(946.0, 262.0, 90)"
2027,675,2,XDL_XM3_XM4,-3165.7772115937883,3049.0,13636.917147620403,"(1196, 638, 0)","(1233.5, 638.0, 0)"
2028,676,0,XDL_XM3_XM4,0.0,0.0,0.0,"(296, 179, 270)","(296.0, 179.0, 270)"
2029,676,1,XM5,0.0,0.0,0.0,"(951, 915, 270)","(951.0, 915.0, 270)"
2030,676,2,XDP_XM1_XM2,-8452.666744639926,8024.0,183755.177960192,"(1521, 1522, 0)","(1521.0, 1522.0, 0)"
2031,677,0,XM5,0.0,0.0,0.0,"(118, 513, 0)","(118.0, 513.0, 0)"
2032,677,1,XDP_XM1_XM2,0.0,0.0,0.0,"(458, 1250, 180)","(458.0, 1250.0, 180)"
2033,677,2,XDL_XM3_XM4,-7074.0721617978825,6745.0,108288.48767033158,"(862, 78, 180)","(862.0, 78.0, 180)"
2034,678,0,XM5,0.0,0.0,0.0,"(484, 160, 180)","(484.0, 160.0, 180)"
2035,678,1,XDL_XM3_XM4,0.0,0.0,0.0,"(1534, 1144, 0)","(1669.5, 1144.0, 0)"
2036,678,2,XDP_XM1_XM2,-5684.997704294647,5456.0,52439.94857221861,"(1309, 1128, 180)","(1309.0, 1128.0, 180)"
2037,679,0,XM5,0.0,0.0,0.0,"(449, 529, 180)","(449.0, 529.0, 180)"
2038,679,1,XDL_XM3_XM4,0.0,0.0,0.0,"(828, 1323, 180)","(828.0, 1323.0, 180)"
2039,679,2,XDP_XM1_XM2,-3394.216800228757,3260.0,18014.149463646118,"(903, 481, 90)","(903.0, 481.0, 90)"
2040,680,0,XDP_XM1_XM2,0.0,0.0,0.0,"(1330, 566, 90)","(1330.0, 566.0, 90)"
2041,680,1,XDL_XM3_XM4,0.0,0.0,0.0,"(609, 655, 90)","(609.0, 655.0, 90)"
2042,680,2,XM5,-5128.622208378046,4852.0,76519.84616794721,"(690, 49, 90)","(690.0, 49.0, 90)"
2043,681,0,XDL_XM3_XM4,0.0,0.0,0.0,"(110, 448, 270)","(110.0, 448.0, 270)"
2044,681,1,XDP_XM1_XM2,0.0,0.0,0.0,"(949, 1268, 0)","(949.0, 1268.0, 0)"
2045,681,2,XM5,-6122.86687054353,5756.0,134591.30070240327,"(273, 992, 270)","(273.0, 992.0, 270)"
2046,682,0,XM5,0.0,0.0,0.0,"(291, 1393, 180)","(291.0, 1393.0, 180)"
2047,682,1,XDL_XM3_XM4,0.0,0.0,0.0,"(56, 410, 180)","(56.0, 410.0, 180)"
2048,682,2,XDP_XM1_XM2,-3834.8432995919593,3660.0,30570.179412203626,"(316, 994, 270)","(316.0, 994.0, 270)"
2049,683,0,XM5,0.0,0.0,0.0,"(803, 93, 180)","(803.0, 93.0, 180)"
2050,683,1,XDP_XM1_XM2,0.0,0.0,0.0,"(1201, 864, 90)","(1201.0, 864.0, 90)"
2051,683,2,XDL_XM3_XM4,-4007.0952327122686,3813.0,37672.959361629786,"(812, 985, 180)","(812.0, 985.0, 180)"
2052,684,0,XDL_XM3_XM4,0.0,0.0,0.0,"(606, 900, 180)","(606.0, 900.0, 180)"
2053,684,1,XM5,0.0,0.0,0.0,"(1137, 1433, 0)","(1137.0, 1433.0, 0)"
2054,684,2,XDP_XM1_XM2,-7609.616565615275,7208.0,161295.86577660893,"(1523, 186, 0)","(1523.0, 186.0, 0)"
2055,685,0,XM5,0.0,0.0,0.0,"(399, 716, 90)","(399.0, 716.0, 90)"
2056,685,1,XDP_XM1_XM2,0.0,0.0,0.0,"(1463, 458, 0)","(1463.0, 458.0, 0)"
2057,685,2,XDL_XM3_XM4,-5745.569633633433,5443.0,91548.38319706995,"(1051, 1004, 180)","(1051.0, 1004.0, 180)"
2058,686,0,XM5,0.0,0.0,0.0,"(584, 664, 180)","(584.0, 664.0, 180)"
2059,686,1,XDP_XM1_XM2,0.0,0.0,0.0,"(157, 552, 0)","(157.0, 552.0, 0)"
2060,686,2,XDL_XM3_XM4,-4600.3572999168155,4317.0,80291.35941614816,"(696, 809, 0)","(930.0, 809.0, 0)"
2061,687,0,XDL_XM3_XM4,0.0,0.0,0.0,"(1467, 854, 180)","(1467.0, 854.0, 180)"
2062,687,1,XDP_XM1_XM2,0.0,0.0,0.0,"(361, 1183, 180)","(361.0, 1183.0, 180)"
2063,687,2,XM5,-5108.2338625134125,4839.0,72486.87272389137,"(815, 1065, 90)","(815.0, 1065.0, 90)"
2064,688,0,XDL_XM3_XM4,0.0,0.0,0.0,"(756, 551, 270)","(756.0, 551.0, 270)"
2065,688,1,XM5,0.0,0.0,0.0,"(194, 443, 180)","(189.5, 443.0, 180)"
2066,688,2,XDP_XM1_XM2,-4382.470042777764,4139.0,59277.66173020633,"(1045, 199, 180)","(1045.0, 199.0, 180)"
2067,689,0,XDP_XM1_XM2,0.0,0.0,0.0,"(1311, 23, 270)","(1472.0, 23.0, 270)"
2068,689,1,XM5,0.0,0.0,0.0,"(1006, 1125, 90)","(1006.0, 1125.0, 90)"
2069,689,2,XDL_XM3_XM4,-6108.025204308316,5769.0,114938.08915629536,"(964, 112, 90)","(964.0, 112.0, 90)"
2070,690,0,XDP_XM1_XM2,0.0,0.0,0.0,"(180, 824, 0)","(180.0, 1092.5, 0)"
2071,690,1,XDL_XM3_XM4,0.0,0.0,0.0,"(188, 805, 90)","(188.0, 805.0, 90)"
2072,690,2,XM5,-5272.667650023066,5006.0,71111.63556882422,"(1439, 451, 180)","(1439.0, 451.0, 180)"
2073,691,0,XDP_XM1_XM2,0.0,0.0,0.0,"(1212, 919, 180)","(1212.0, 919.0, 180)"
2074,691,1,XDL_XM3_XM4,0.0,0.0,0.0,"(1047, 1301, 90)","(1047.0, 1301.0, 90)"
2075,691,2,XM5,-3914.6155642696576,3706.0,43520.45365554772,"(1388, 353, 90)","(1388.0, 353.0, 90)"
2076,692,0,XM5,0.0,0.0,0.0,"(912, 1434, 0)","(912.0, 1434.0, 0)"
2077,692,1,XDL_XM3_XM4,0.0,0.0,0.0,"(272, 566, 270)","(272.0, 545.5, 270)"
2078,692,2,XDP_XM1_XM2,-4088.4897912161373,3920.0,28388.809744057544,"(372, 906, 270)","(372.0, 906.0, 270)"
2079,693,0,XDP_XM1_XM2,0.0,0.0,0.0,"(676, 654, 0)","(676.0, 569.0, 0)"
2080,693,1,XM5,0.0,0.0,0.0,"(923, 848, 0)","(923.0, 848.0, 0)"
2081,693,2,XDL_XM3_XM4,-5038.96355759994,4807.0,53807.09205442063,"(94, 1434, 180)","(94.0, 1434.0, 180)"
2082,694,0,XM5,0.0,0.0,0.0,"(751, 580, 90)","(751.0, 580.0, 90)"
2083,694,1,XDP_XM1_XM2,0.0,0.0,0.0,"(1515, 1199, 180)","(1515.0, 1199.0, 180)"
2084,694,2,XDL_XM3_XM4,-6252.988843512561,5946.0,94242.15004117967,"(1414, 335, 180)","(1414.0, 335.0, 180)"
2085,695,0,XDP_XM1_XM2,0.0,0.0,0.0,"(1068, 503, 0)","(1068.0, 503.0, 0)"
2086,695,1,XDL_XM3_XM4,0.0,0.0,0.0,"(334, 16, 180)","(334.0, 16.0, 180)"
2087,695,2,XM5,-5921.058222989514,5661.0,67630.27934446417,"(379, 1012, 90)","(379.0, 1012.0, 90)"
2088,696,0,XM5,0.0,0.0,0.0,"(776, 384, 0)","(776.0, 384.0, 0)"
2089,696,1,XDP_XM1_XM2,0.0,0.0,0.0,"(97, 576, 270)","(97.0, 576.0, 270)"
2090,696,2,XDL_XM3_XM4,-5820.2666458161675,5516.0,92578.19175622101,"(1480, 253, 90)","(1480.0, 253.0, 90)"
2091,697,0,XDL_XM3_XM4,0.0,0.0,0.0,"(1193, 981, 180)","(1193.0, 981.0, 180)"
2092,697,1,XDP_XM1_XM2,0.0,0.0,0.0,"(1038, 655, 180)","(1038.0, 473.0, 180)"
2093,697,2,XM5,-3419.5545931400397,3253.0,27740.432496044195,"(1507, 569, 270)","(1507.0, 569.0, 270)"
2094,698,0,XDP_XM1_XM2,0.0,0.0,0.0,"(1272, 787, 0)","(1272.0, 787.0, 0)"
2095,698,1,XM5,0.0,0.0,0.0,"(636, 1410, 180)","(636.0, 1410.0, 180)"
2096,698,2,XDL_XM3_XM4,-7202.253151297898,6898.0,92569.9800747016,"(307, 46, 270)","(307.0, 46.0, 270)"
2097,699,0,XM5,0.0,0.0,0.0,"(1440, 335, 90)","(1440.0, 335.0, 90)"
2098,699,1,XDL_XM3_XM4,0.0,0.0,0.0,"(625, 7, 180)","(625.0, 7.0, 180)"
2099,699,2,XDP_XM1_XM2,-4595.981102296137,4382.0,45787.91213986953,"(310, 167, 180)","(264.5, 167.0, 180)"
2100,700,0,XDL_XM3_XM4,0.0,0.0,0.0,"(366, 1093, 270)","(366.0, 1093.0, 270)"
2101,700,1,XDP_XM1_XM2,0.0,0.0,0.0,"(913, 655, 270)","(913.0, 655.0, 270)"
2102,700,2,XM5,-4173.7047541953825,4006.0,28124.8845797337,"(1150, 41, 180)","(1150.0, 41.0, 180)"
2103,701,0,XM5,0.0,0.0,0.0,"(1502, 341, 180)","(1502.0, 341.0, 180)"
2104,701,1,XDP_XM1_XM2,0.0,0.0,0.0,"(147, 410, 0)","(147.0, 410.0, 0)"
2105,701,2,XDL_XM3_XM4,-5858.773674188121,5685.0,30197.289840839123,"(215, 1179, 90)","(215.0, 1179.0, 90)"
2106,702,0,XDP_XM1_XM2,0.0,0.0,0.0,"(119, 1468, 180)","(119.0, 1468.0, 180)"
2107,702,1,XM5,0.0,0.0,0.0,"(1328, 953, 0)","(1328.0, 953.0, 0)"
2108,702,2,XDL_XM3_XM4,-9313.124268200394,8838.0,225743.07023295932,"(904, 72, 180)","(904.0, 72.0, 180)"
2109,703,0,XM5,0.0,0.0,0.0,"(1043, 449, 180)","(1043.0, 449.0, 180)"
2110,703,1,XDL_XM3_XM4,0.0,0.0,0.0,"(472, 1434, 0)","(472.0, 1434.0, 0)"
2111,703,2,XDP_XM1_XM2,-4930.664517855269,4749.0,33001.99704758721,"(1180, 1274, 180)","(1180.0, 1274.0, 180)"
2112,704,0,XM5,0.0,0.0,0.0,"(524, 1350, 270)","(524.0, 1350.0, 270)"
2113,704,1,XDL_XM3_XM4,0.0,0.0,0.0,"(451, 1185, 0)","(236.5, 1185.0, 0)"
2114,704,2,XDP_XM1_XM2,-5933.622096420757,5634.0,89773.4006635696,"(1411, 1151, 0)","(1411.0, 1151.0, 0)"
2115,705,0,XM5,0.0,0.0,0.0,"(222, 1356, 90)","(222.0, 1585.5, 90)"
2116,705,1,XDL_XM3_XM4,0.0,0.0,0.0,"(1299, 396, 270)","(1299.0, 396.0, 270)"
2117,705,2,XDP_XM1_XM2,-6047.746418754662,5801.0,60883.795168250974,"(199, 1248, 0)","(199.0, 1248.0, 0)"
2118,706,0,XDP_XM1_XM2,0.0,0.0,0.0,"(615, 679, 180)","(615.0, 679.0, 180)"
2119,706,1,XM5,0.0,0.0,0.0,"(433, 276, 90)","(433.0, 276.0, 90)"
2120,706,2,XDL_XM3_XM4,-4113.97985677542,3906.0,43255.62082432413,"(1152, 380, 90)","(1152.0, 380.0, 90)"
2121,707,0,XDL_XM3_XM4,0.0,0.0,0.0,"(1167, 1414, 270)","(1167.0, 1414.0, 270)"
2122,707,1,XM5,0.0,0.0,0.0,"(147, 1100, 270)","(147.0, 1100.0, 270)"
2123,707,2,XDP_XM1_XM2,-5231.833700119718,5043.0,35658.16630090337,"(1518, 897, 90)","(1518.0, 897.0, 90)"
2124,708,0,XM5,0.0,0.0,0.0,"(714, 537, 90)","(714.0, 537.0, 90)"
2125,708,1,XDL_XM3_XM4,0.0,0.0,0.0,"(132, 493, 0)","(132.0, 493.0, 0)"
2126,708,2,XDP_XM1_XM2,-6972.407214418806,6586.0,149310.5353549007,"(923, 1432, 90)","(923.0, 1432.0, 90)"
2127,709,0,XM5,0.0,0.0,0.0,"(258, 1098, 180)","(258.0, 1098.0, 180)"
2128,709,1,XDP_XM1_XM2,0.0,0.0,0.0,"(476, 506, 90)","(476.0, 506.0, 90)"
2129,709,2,XDL_XM3_XM4,-5267.209204050613,5060.0,42935.65424328847,"(928, 1433, 180)","(928.0, 1433.0, 180)"
2130,710,0,XDP_XM1_XM2,0.0,0.0,0.0,"(1470, 1088, 270)","(1470.0, 1088.0, 270)"
2131,710,1,XM5,0.0,0.0,0.0,"(1072, 1213, 0)","(1072.0, 1213.0, 0)"
2132,710,2,XDL_XM3_XM4,-4396.6517845437775,4170.0,51371.031436878846,"(757, 758, 180)","(726.0, 758.0, 180)"
2133,711,0,XM5,0.0,0.0,0.0,"(1235, 139, 0)","(1235.0, 380.5, 0)"
2134,711,1,XDL_XM3_XM4,0.0,0.0,0.0,"(923, 93, 270)","(923.0, 93.0, 270)"
2135,711,2,XDP_XM1_XM2,-4346.00689352352,4083.0,69172.62604089241,"(606, 319, 90)","(606.0, 453.5, 90)"
2136,712,0,XDL_XM3_XM4,0.0,0.0,0.0,"(1177, 477, 90)","(1177.0, 585.5, 90)"
2137,712,1,XDP_XM1_XM2,0.0,0.0,0.0,"(557, 391, 180)","(454.5, 391.0, 180)"
2138,712,2,XM5,-4053.5763533255576,3809.0,59817.59260602799,"(865, 298, 0)","(865.0, 298.0, 0)"
2139,713,0,XM5,0.0,0.0,0.0,"(576, 1521, 90)","(576.0, 1606.5, 90)"
2140,713,1,XDL_XM3_XM4,0.0,0.0,0.0,"(616, 1040, 180)","(616.0, 1040.0, 180)"
2141,713,2,XDP_XM1_XM2,-5702.627471609556,5350.0,124346.1337337484,"(906, 489, 180)","(906.0, 489.0, 180)"
2142,714,0,XDL_XM3_XM4,0.0,0.0,0.0,"(31, 694, 180)","(31.0, 694.0, 180)"
2143,714,1,XDP_XM1_XM2,0.0,0.0,0.0,"(334, 1418, 90)","(334.0, 1418.0, 90)"
2144,714,2,XM5,-5659.824570336176,5362.0,88699.47469592823,"(219, 308, 270)","(318.5, 308.0, 270)"
2145,715,0,XM5,0.0,0.0,0.0,"(447, 880, 270)","(447.0, 880.0, 270)"
2146,715,1,XDP_XM1_XM2,0.0,0.0,0.0,"(54, 652, 90)","(54.0, 652.0, 90)"
2147,715,2,XDL_XM3_XM4,-4565.044445989965,4358.0,42867.40261529153,"(630, 184, 270)","(630.0, 184.0, 270)"
2148,716,0,XDP_XM1_XM2,0.0,0.0,0.0,"(542, 1378, 270)","(542.0, 1378.0, 270)"
2149,716,1,XM5,0.0,0.0,0.0,"(981, 802, 180)","(981.0, 679.5, 180)"
2150,716,2,XDL_XM3_XM4,-5576.093857064586,5215.0,130388.77360977959,"(1334, 967, 270)","(1334.0, 967.0, 270)"
2151,717,0,XM5,0.0,0.0,0.0,"(381, 1316, 180)","(381.0, 1316.0, 180)"
2152,717,1,XDL_XM3_XM4,0.0,0.0,0.0,"(1203, 1247, 90)","(1203.0, 1247.0, 90)"
2153,717,2,XDP_XM1_XM2,-6732.667750590811,6352.0,144907.93633986777,"(127, 545, 180)","(127.0, 545.0, 180)"
2154,718,0,XDP_XM1_XM2,0.0,0.0,0.0,"(1253, 324, 180)","(1253.0, 324.0, 180)"
2155,718,1,XM5,0.0,0.0,0.0,"(722, 707, 270)","(722.0, 707.0, 270)"
2156,718,2,XDL_XM3_XM4,-5479.672431857534,5143.0,113348.32637286637,"(682, 986, 90)","(682.0, 1053.0, 90)"
2157,719,0,XDL_XM3_XM4,0.0,0.0,0.0,"(944, 960, 0)","(944.0, 960.0, 0)"
2158,719,1,XM5,0.0,0.0,0.0,"(723, 383, 0)","(680.5, 383.0, 0)"
2159,719,2,XDP_XM1_XM2,-3203.54691327976,3010.0,37460.407640122816,"(1018, 442, 90)","(1018.0, 379.0, 90)"
2160,720,0,XM5,0.0,0.0,0.0,"(1312, 143, 90)","(1312.0, 143.0, 90)"
2161,720,1,XDP_XM1_XM2,0.0,0.0,0.0,"(303, 659, 90)","(303.0, 659.0, 90)"
2162,720,2,XDL_XM3_XM4,-8390.312166174523,7926.0,215585.78765767833,"(1405, 78, 180)","(1599.5, 78.0, 180)"
2163,721,0,XM5,0.0,0.0,0.0,"(1021, 406, 180)","(1021.0, 372.0, 180)"
2164,721,1,XDL_XM3_XM4,0.0,0.0,0.0,"(941, 880, 180)","(941.0, 880.0, 180)"
2165,721,2,XDP_XM1_XM2,-4890.354556707201,4607.0,80289.80480673438,"(1163, 1242, 180)","(1301.5, 1242.0, 180)"
2166,722,0,XM5,0.0,0.0,0.0,"(590, 700, 180)","(590.0, 700.0, 180)"
2167,722,1,XDP_XM1_XM2,0.0,0.0,0.0,"(1237, 64, 270)","(1237.0, 64.0, 270)"
2168,722,2,XDL_XM3_XM4,-6441.2869100315875,6142.0,89572.65451625531,"(175, 13, 270)","(175.0, 13.0, 270)"
2169,723,0,XM5,0.0,0.0,0.0,"(1412, 1187, 270)","(1412.0, 1072.5, 270)"
2170,723,1,XDL_XM3_XM4,0.0,0.0,0.0,"(335, 772, 180)","(335.0, 772.0, 180)"
2171,723,2,XDP_XM1_XM2,-5203.549632808213,4988.0,46461.644203755466,"(1197, 1410, 180)","(1197.0, 1410.0, 180)"
2172,724,0,XM5,0.0,0.0,0.0,"(1403, 62, 90)","(1125.5, 62.0, 90)"
2173,724,1,XDL_XM3_XM4,0.0,0.0,0.0,"(1413, 122, 0)","(1413.0, 122.0, 0)"
2174,724,2,XDP_XM1_XM2,-5803.835976633368,5502.0,91104.95679021887,"(949, 977, 180)","(949.0, 977.0, 180)"
2175,725,0,XM5,0.0,0.0,0.0,"(311, 1435, 270)","(311.0, 1439.0, 270)"
2176,725,1,XDL_XM3_XM4,0.0,0.0,0.0,"(595, 1093, 270)","(595.0, 1093.0, 270)"
2177,725,2,XDP_XM1_XM2,-2902.793657369856,2794.0,11836.059883909671,"(744, 1191, 90)","(744.0, 1453.5, 90)"
2178,726,0,XDP_XM1_XM2,0.0,0.0,0.0,"(565, 399, 0)","(565.0, 399.0, 0)"
2179,726,1,XDL_XM3_XM4,0.0,0.0,0.0,"(1213, 732, 180)","(1213.0, 732.0, 180)"
2180,726,2,XM5,-5672.792738356507,5400.0,74415.87810004146,"(599, 1422, 270)","(599.0, 1422.0, 270)"
2181,727,0,XM5,0.0,0.0,0.0,"(110, 532, 0)","(110.0, 532.0, 0)"
2182,727,1,XDP_XM1_XM2,0.0,0.0,0.0,"(703, 1345, 270)","(703.0, 1345.0, 270)"
2183,727,2,XDL_XM3_XM4,-5887.410014965984,5637.0,62705.17559526463,"(20, 1500, 180)","(20.0, 1500.0, 180)"
2184,728,0,XDL_XM3_XM4,0.0,0.0,0.0,"(1252, 1515, 90)","(1252.0, 1515.0, 90)"
2185,728,1,XM5,0.0,0.0,0.0,"(1265, 528, 270)","(1265.0, 528.0, 270)"
2186,728,2,XDP_XM1_XM2,-4737.012387933268,4503.0,54761.79770623034,"(1198, 516, 90)","(986.0, 516.0, 90)"
2187,729,0,XDP_XM1_XM2,0.0,0.0,0.0,"(1421, 104, 270)","(1421.0, 104.0, 270)"
2188,729,1,XDL_XM3_XM4,0.0,0.0,0.0,"(218, 484, 180)","(218.0, 484.0, 180)"
2189,729,2,XM5,-10120.285583223835,9631.0,239400.38195068727,"(221, 1547, 90)","(221.0, 1547.0, 90)"
2190,730,0,XM5,0.0,0.0,0.0,"(472, 1336, 90)","(472.0, 1336.0, 90)"
2191,730,1,XDP_XM1_XM2,0.0,0.0,0.0,"(1094, 1000, 270)","(1094.0, 1000.0, 270)"
2192,730,2,XDL_XM3_XM4,-6461.229533048164,6179.0,79653.5093245844,"(548, 4, 180)","(548.0, 4.0, 180)"
2193,731,0,XDL_XM3_XM4,0.0,0.0,0.0,"(751, 1216, 180)","(751.0, 1216.0, 180)"
2194,731,1,XDP_XM1_XM2,0.0,0.0,0.0,"(795, 793, 180)","(795.0, 708.0, 180)"
2195,731,2,XM5,-4284.028010867163,4082.0,40815.31717494253,"(1200, 1505, 90)","(1200.0, 1505.0, 90)"
2196,732,0,XM5,0.0,0.0,0.0,"(352, 1328, 270)","(352.0, 1328.0, 270)"
2197,732,1,XDL_XM3_XM4,0.0,0.0,0.0,"(54, 1362, 180)","(54.0, 1362.0, 180)"
2198,732,2,XDP_XM1_XM2,-5213.901705165385,4959.0,64974.87929622069,"(1202, 1332, 0)","(1202.0, 1332.0, 0)"
2199,733,0,XDP_XM1_XM2,0.0,0.0,0.0,"(1250, 608, 180)","(1250.0, 608.0, 180)"
2200,733,1,XM5,0.0,0.0,0.0,"(267, 2, 270)","(267.0, 2.0, 270)"
2201,733,2,XDL_XM3_XM4,-6848.304289903257,6548.0,90182.66653429964,"(197, 734, 180)","(197.0, 734.0, 180)"
2202,734,0,XM5,0.0,0.0,0.0,"(612, 528, 180)","(612.0, 528.0, 180)"
2203,734,1,XDL_XM3_XM4,0.0,0.0,0.0,"(1026, 1555, 0)","(1026.0, 1555.0, 0)"
2204,734,2,XDP_XM1_XM2,-6712.773724041421,6364.0,121643.11058172095,"(1390, 251, 180)","(1390.0, 251.0, 180)"
2205,735,0,XDP_XM1_XM2,0.0,0.0,0.0,"(477, 48, 0)","(477.0, 48.0, 0)"
2206,735,1,XDL_XM3_XM4,0.0,0.0,0.0,"(1076, 170, 90)","(1076.0, 170.0, 90)"
2207,735,2,XM5,-5878.026475905144,5554.0,104993.15708750674,"(750, 1169, 270)","(750.0, 1169.0, 270)"
2208,736,0,XDL_XM3_XM4,0.0,0.0,0.0,"(1468, 241, 270)","(1468.0, 241.0, 270)"
2209,736,1,XDP_XM1_XM2,0.0,0.0,0.0,"(624, 207, 180)","(624.0, 207.0, 180)"
2210,736,2,XM5,-3926.4971834231674,3789.0,18905.47544930417,"(849, 827, 0)","(849.0, 827.0, 0)"
2211,737,0,XM5,0.0,0.0,0.0,"(673, 470, 180)","(673.0, 470.0, 180)"
2212,737,1,XDL_XM3_XM4,0.0,0.0,0.0,"(55, 590, 180)","(55.0, 590.0, 180)"
2213,737,2,XDP_XM1_XM2,-7584.9537860896025,7180.0,163987.56886830323,"(1536, 173, 270)","(1536.0, 173.0, 270)"
2214,738,0,XDP_XM1_XM2,0.0,0.0,0.0,"(978, 1421, 270)","(978.0, 1421.0, 270)"
2215,738,1,XDL_XM3_XM4,0.0,0.0,0.0,"(843, 541, 270)","(890.5, 541.0, 270)"
2216,738,2,XM5,-5808.696991913979,5509.0,89818.28696228752,"(324, 757, 180)","(324.0, 757.0, 180)"
2217,739,0,XDL_XM3_XM4,0.0,0.0,0.0,"(249, 1256, 90)","(249.0, 1256.0, 90)"
2218,739,1,XM5,0.0,0.0,0.0,"(799, 1509, 0)","(815.5, 1509.0, 0)"
2219,739,2,XDP_XM1_XM2,-7827.022646699304,7425.0,161622.2084591131,"(923, 82, 90)","(923.0, 82.0, 90)"
2220,740,0,XDP_XM1_XM2,0.0,0.0,0.0,"(1102, 566, 180)","(1102.0, 566.0, 180)"
2221,740,1,XDL_XM3_XM4,0.0,0.0,0.0,"(1468, 681, 0)","(1468.0, 681.0, 0)"
2222,740,2,XM5,-4054.538010456311,3883.0,29425.289031309385,"(697, 129, 0)","(697.0, 129.0, 0)"
2223,741,0,XDL_XM3_XM4,0.0,0.0,0.0,"(1536, 1068, 180)","(1536.0, 1068.0, 180)"
2224,741,1,XDP_XM1_XM2,0.0,0.0,0.0,"(32, 808, 180)","(32.0, 808.0, 180)"
2225,741,2,XM5,-6319.680701655524,6034.0,81613.46329839226,"(534, 497, 180)","(534.0, 497.0, 180)"
2226,742,0,XM5,0.0,0.0,0.0,"(538, 312, 0)","(538.0, 312.0, 0)"
2227,742,1,XDL_XM3_XM4,0.0,0.0,0.0,"(681, 1551, 90)","(681.0, 1551.0, 90)"
2228,742,2,XDP_XM1_XM2,-7210.372875322858,6899.0,96953.06748682405,"(1370, 1010, 180)","(1370.0, 1010.0, 180)"
2229,743,0,XDP_XM1_XM2,0.0,0.0,0.0,"(1407, 1375, 180)","(1491.0, 1375.0, 180)"
2230,743,1,XDL_XM3_XM4,0.0,0.0,0.0,"(910, 1174, 270)","(910.0, 1174.0, 270)"
2231,743,2,XM5,-6964.71233271102,6544.0,176998.8668951479,"(74, 964, 90)","(74.0, 964.0, 90)"
2232,744,0,XM5,0.0,0.0,0.0,"(540, 1062, 180)","(540.0, 1062.0, 180)"
2233,744,1,XDL_XM3_XM4,0.0,0.0,0.0,"(1013, 1155, 90)","(1106.5, 1155.0, 90)"
2234,744,2,XDP_XM1_XM2,-5059.587361719456,4744.0,99595.38287704637,"(118, 886, 270)","(118.0, 886.0, 270)"
2235,745,0,XDL_XM3_XM4,0.0,0.0,0.0,"(1300, 1124, 0)","(1300.0, 1124.0, 0)"
2236,745,1,XDP_XM1_XM2,0.0,0.0,0.0,"(246, 1469, 180)","(246.0, 1469.0, 180)"
2237,745,2,XM5,-4196.934202789285,4036.0,25899.81762742294,"(221, 1503, 0)","(221.0, 1748.0, 0)"
2238,746,0,XM5,0.0,0.0,0.0,"(530, 284, 270)","(338.0, 284.0, 270)"
2239,746,1,XDP_XM1_XM2,0.0,0.0,0.0,"(1366, 1334, 180)","(1366.0, 1334.0, 180)"
2240,746,2,XDL_XM3_XM4,-8978.25262143418,8486.0,242312.6433088226,"(846, 177, 90)","(846.0, 177.0, 90)"
2241,747,0,XDL_XM3_XM4,0.0,0.0,0.0,"(1422, 603, 180)","(1422.0, 603.0, 180)"
2242,747,1,XDP_XM1_XM2,0.0,0.0,0.0,"(481, 1011, 270)","(481.0, 1011.0, 270)"
2243,747,2,XM5,-5214.104509082467,4908.0,93699.97048061843,"(929, 665, 0)","(929.0, 665.0, 0)"
2244,748,0,XDL_XM3_XM4,0.0,0.0,0.0,"(1106, 905, 0)","(1106.0, 964.5, 0)"
2245,748,1,XDP_XM1_XM2,0.0,0.0,0.0,"(191, 51, 270)","(191.0, 51.0, 270)"
2246,748,2,XM5,-6903.517619269878,6513.0,152504.01096021384,"(987, 398, 90)","(987.0, 398.0, 90)"
2247,749,0,XDP_XM1_XM2,0.0,0.0,0.0,"(300, 747, 180)","(300.0, 747.0, 180)"
2248,749,1,XDL_XM3_XM4,0.0,0.0,0.0,"(62, 1147, 180)","(62.0, 1255.0, 180)"
2249,749,2,XM5,-4229.205755432946,4051.0,31757.291269426874,"(1035, 1053, 180)","(1035.0, 1053.0, 180)"
2250,750,0,XDL_XM3_XM4,0.0,0.0,0.0,"(1444, 1103, 180)","(1570.5, 1103.0, 180)"
2251,750,1,XM5,0.0,0.0,0.0,"(278, 1448, 270)","(278.0, 1448.0, 270)"
2252,750,2,XDP_XM1_XM2,-5651.717334822163,5390.0,68495.9633464163,"(1283, 864, 270)","(1283.0, 864.0, 270)"
2253,751,0,XDL_XM3_XM4,0.0,0.0,0.0,"(1261, 405, 180)","(1261.0, 405.0, 180)"
2254,751,1,XM5,0.0,0.0,0.0,"(1282, 1300, 0)","(1282.0, 1300.0, 0)"
2255,751,2,XDP_XM1_XM2,-4889.481750838184,4625.0,69950.59652643114,"(1410, 1534, 90)","(1410.0, 1652.0, 90)"
2256,752,0,XM5,0.0,0.0,0.0,"(1050, 261, 90)","(1050.0, 261.0, 90)"
2257,752,1,XDL_XM3_XM4,0.0,0.0,0.0,"(1213, 396, 270)","(1213.0, 607.0, 270)"
2258,752,2,XDP_XM1_XM2,-5570.491421343103,5229.0,116616.39085093277,"(221, 130, 180)","(221.0, 130.0, 180)"
2259,753,0,XDL_XM3_XM4,0.0,0.0,0.0,"(562, 1319, 270)","(562.0, 1319.0, 270)"
2260,753,1,XDP_XM1_XM2,0.0,0.0,0.0,"(938, 437, 180)","(938.0, 437.0, 180)"
2261,753,2,XM5,-4283.760346349352,4146.0,18977.913026293583,"(1081, 928, 270)","(1081.0, 928.0, 270)"
2262,754,0,XDL_XM3_XM4,0.0,0.0,0.0,"(966, 1347, 0)","(966.0, 1347.0, 0)"
2263,754,1,XM5,0.0,0.0,0.0,"(1539, 212, 180)","(1539.0, 212.0, 180)"
2264,754,2,XDP_XM1_XM2,-7978.946063753643,7652.0,106893.72860400131,"(62, 1008, 180)","(62.0, 1008.0, 180)"
2265,755,0,XM5,0.0,0.0,0.0,"(561, 637, 0)","(561.0, 637.0, 0)"
2266,755,1,XDP_XM1_XM2,0.0,0.0,0.0,"(1338, 1458, 90)","(1338.0, 1458.0, 90)"
2267,755,2,XDL_XM3_XM4,-6546.295854360854,6269.0,76892.99084571596,"(1253, 482, 90)","(1253.0, 482.0, 90)"
2268,756,0,XM5,0.0,0.0,0.0,"(428, 598, 90)","(692.0, 598.0, 90)"
2269,756,1,XDL_XM3_XM4,0.0,0.0,0.0,"(249, 1060, 90)","(249.0, 1060.0, 90)"
2270,756,2,XDP_XM1_XM2,-3326.935652957509,3121.0,42409.49315903563,"(340, 577, 180)","(340.0, 577.0, 180)"
2271,757,0,XDL_XM3_XM4,0.0,0.0,0.0,"(1203, 1063, 90)","(1378.0, 1063.0, 90)"
2272,757,1,XM5,0.0,0.0,0.0,"(870, 1089, 270)","(870.0, 1089.0, 270)"
2273,757,2,XDP_XM1_XM2,-6226.330489825785,5864.0,131283.38385739285,"(664, 401, 0)","(664.0, 401.0, 0)"
2274,758,0,XM5,0.0,0.0,0.0,"(1129, 1481, 270)","(1129.0, 1481.0, 270)"
2275,758,1,XDL_XM3_XM4,0.0,0.0,0.0,"(650, 967, 270)","(377.0, 967.0, 270)"
2276,758,2,XDP_XM1_XM2,-3729.757787779279,3594.0,18430.176942723774,"(885, 984, 90)","(885.0, 984.0, 90)"
2277,759,0,XM5,0.0,0.0,0.0,"(288, 49, 90)","(288.0, 49.0, 90)"
2278,759,1,XDL_XM3_XM4,0.0,0.0,0.0,"(204, 1176, 270)","(204.0, 1176.0, 270)"
2279,759,2,XDP_XM1_XM2,-5542.454988585025,5340.0,40988.02240296233,"(912, 410, 0)","(912.0, 410.0, 0)"
2280,760,0,XDP_XM1_XM2,0.0,0.0,0.0,"(263, 327, 90)","(263.0, 327.0, 90)"
2281,760,1,XM5,0.0,0.0,0.0,"(866, 1034, 180)","(1211.0, 1034.0, 180)"
2282,760,2,XDL_XM3_XM4,-7029.19932327172,6601.0,183354.6604503583,"(865, 929, 0)","(865.0, 929.0, 0)"
2283,761,0,XDP_XM1_XM2,0.0,0.0,0.0,"(800, 113, 270)","(800.0, 113.0, 270)"
2284,761,1,XM5,0.0,0.0,0.0,"(6, 324, 90)","(6.0, 324.0, 90)"
2285,761,2,XDL_XM3_XM4,-5460.721791056998,5237.0,50051.43979375116,"(1164, 803, 0)","(1164.0, 803.0, 0)"
2286,762,0,XDL_XM3_XM4,0.0,0.0,0.0,"(703, 86, 90)","(703.0, 86.0, 90)"
2287,762,1,XM5,0.0,0.0,0.0,"(149, 332, 270)","(149.0, 332.0, 270)"
2288,762,2,XDP_XM1_XM2,-5188.521893055564,4888.0,90313.4082056996,"(1112, 501, 180)","(1112.0, 501.0, 180)"
2289,763,0,XDL_XM3_XM4,0.0,0.0,0.0,"(541, 811, 0)","(541.0, 811.0, 0)"
2290,763,1,XM5,0.0,0.0,0.0,"(1051, 1146, 270)","(1051.0, 1146.0, 270)"
2291,763,2,XDP_XM1_XM2,-5117.41853321225,4853.0,69917.16070611755,"(83, 1343, 270)","(83.0, 1343.0, 270)"
2292,764,0,XM5,0.0,0.0,0.0,"(224, 1137, 0)","(224.0, 1137.0, 0)"
2293,764,1,XDP_XM1_XM2,0.0,0.0,0.0,"(557, 530, 270)","(557.0, 530.0, 270)"
2294,764,2,XDL_XM3_XM4,-4396.632157361138,4190.0,42696.848455717925,"(673, 21, 0)","(673.0, -51.0, 0)"
2295,765,0,XDP_XM1_XM2,0.0,0.0,0.0,"(824, 1466, 270)","(840.5, 1466.0, 270)"
2296,765,1,XDL_XM3_XM4,0.0,0.0,0.0,"(553, 1084, 180)","(553.0, 1084.0, 180)"
2297,765,2,XM5,-4408.831992449875,4210.0,39534.161221586946,"(48, 1207, 90)","(48.0, 1207.0, 90)"
2298,766,0,XDP_XM1_XM2,0.0,0.0,0.0,"(865, 1419, 90)","(865.0, 1419.0, 90)"
2299,766,1,XM5,0.0,0.0,0.0,"(158, 1104, 270)","(158.0, 1104.0, 270)"
2300,766,2,XDL_XM3_XM4,-6466.031046468394,6132.0,111576.7400047707,"(627, 28, 0)","(627.0, 28.0, 0)"
2301,767,0,XDL_XM3_XM4,0.0,0.0,0.0,"(1523, 1305, 0)","(1523.0, 1305.0, 0)"
2302,767,1,XDP_XM1_XM2,0.0,0.0,0.0,"(511, 309, 90)","(511.0, 309.0, 90)"
2303,767,2,XM5,-7403.143332334279,7144.0,67155.26669331461,"(51, 1202, 180)","(51.0, 1202.0, 180)"
2304,768,0,XDL_XM3_XM4,0.0,0.0,0.0,"(638, 281, 90)","(638.0, 281.0, 90)"
2305,768,1,XDP_XM1_XM2,0.0,0.0,0.0,"(1101, 12, 0)","(1101.0, -6.5, 0)"
2306,768,2,XM5,-4487.755210125682,4225.0,69040.30044819132,"(1085, 680, 0)","(1085.0, 680.0, 0)"
2307,769,0,XDL_XM3_XM4,0.0,0.0,0.0,"(1386, 316, 90)","(1386.0, 316.0, 90)"
2308,769,1,XDP_XM1_XM2,0.0,0.0,0.0,"(1484, 434, 180)","(1484.0, 603.5, 180)"
2309,769,2,XM5,-4800.5811800140345,4548.0,63797.25249728229,"(465, 456, 90)","(465.0, 456.0, 90)"
2310,770,0,XDL_XM3_XM4,0.0,0.0,0.0,"(968, 429, 0)","(968.0, 429.0, 0)"
2311,770,1,XM5,0.0,0.0,0.0,"(304, 591, 180)","(304.0, 591.0, 180)"
2312,770,2,XDP_XM1_XM2,-4030.9492756678474,3817.0,45774.29255879654,"(568, 917, 180)","(568.0, 917.0, 180)"
2313,771,0,XDP_XM1_XM2,0.0,0.0,0.0,"(746, 732, 90)","(746.0, 732.0, 90)"
2314,771,1,XDL_XM3_XM4,0.0,0.0,0.0,"(1486, 1028, 270)","(1486.0, 1028.0, 270)"
2315,771,2,XM5,-4489.749990054192,4263.0,51415.557989575966,"(1130, 451, 90)","(1130.0, 451.0, 90)"
2316,772,0,XDL_XM3_XM4,0.0,0.0,0.0,"(1465, 415, 180)","(1465.0, 415.0, 180)"
2317,772,1,XM5,0.0,0.0,0.0,"(580, 1117, 90)","(580.0, 1117.0, 90)"
2318,772,2,XDP_XM1_XM2,-6990.200195015398,6655.0,112359.17073836089,"(316, 1517, 180)","(316.0, 1517.0, 180)"
2319,773,0,XDP_XM1_XM2,0.0,0.0,0.0,"(1426, 883, 90)","(1426.0, 883.0, 90)"
2320,773,1,XDL_XM3_XM4,0.0,0.0,0.0,"(24, 898, 180)","(24.0, 898.0, 180)"
2321,773,2,XM5,-5794.855192059059,5590.0,41965.64971355403,"(827, 1510, 0)","(827.0, 1510.0, 0)"
2322,774,0,XM5,0.0,0.0,0.0,"(984, 176, 180)","(984.0, 176.0, 180)"
2323,774,1,XDP_XM1_XM2,0.0,0.0,0.0,"(1245, 1435, 90)","(1245.0, 1435.0, 90)"
2324,774,2,XDL_XM3_XM4,-5397.601392042128,5179.0,47786.56860275637,"(702, 1136, 180)","(702.0, 1136.0, 180)"
2325,775,0,XM5,0.0,0.0,0.0,"(73, 1518, 90)","(73.0, 1518.0, 90)"
2326,775,1,XDP_XM1_XM2,0.0,0.0,0.0,"(434, 1177, 90)","(434.0, 1177.0, 90)"
2327,775,2,XDL_XM3_XM4,-4329.269172203156,4171.0,25049.13086987224,"(1322, 1404, 270)","(1322.0, 1404.0, 270)"
2328,776,0,XDP_XM1_XM2,0.0,0.0,0.0,"(506, 1068, 0)","(506.0, 1068.0, 0)"
2329,776,1,XDL_XM3_XM4,0.0,0.0,0.0,"(1266, 1246, 90)","(1266.0, 1246.0, 90)"
2330,776,2,XM5,-5052.374380043168,4810.0,58745.34010130977,"(1030, 570, 180)","(1030.0, 570.0, 180)"
2331,777,0,XDL_XM3_XM4,0.0,0.0,0.0,"(179, 1418, 180)","(179.0, 1418.0, 180)"
2332,777,1,XDP_XM1_XM2,0.0,0.0,0.0,"(805, 623, 0)","(805.0, 623.0, 0)"
2333,777,2,XM5,-5742.190958542873,5516.0,51162.34972654358,"(1496, 737, 270)","(1496.0, 737.0, 270)"
2334,778,0,XDP_XM1_XM2,0.0,0.0,0.0,"(557, 804, 0)","(557.0, 804.0, 0)"
2335,778,1,XM5,0.0,0.0,0.0,"(789, 1485, 90)","(789.0, 1485.0, 90)"
2336,778,2,XDL_XM3_XM4,-5288.497344589105,5040.0,61750.930267836025,"(922, 150, 180)","(922.0, 150.0, 180)"
2337,779,0,XDL_XM3_XM4,0.0,0.0,0.0,"(642, 612, 270)","(642.0, 612.0, 270)"
2338,779,1,XM5,0.0,0.0,0.0,"(1546, 207, 270)","(1546.0, 207.0, 270)"
2339,779,2,XDP_XM1_XM2,-5826.728474445573,5577.0,62364.3109489132,"(1028, 1066, 180)","(1028.0, 1066.0, 180)"
2340,780,0,XDL_XM3_XM4,0.0,0.0,0.0,"(300, 423, 180)","(300.0, 423.0, 180)"
2341,780,1,XDP_XM1_XM2,0.0,0.0,0.0,"(1381, 40, 180)","(1381.0, 40.0, 180)"
2342,780,2,XM5,-8321.652647302117,7919.0,162129.15437940267,"(616, 1384, 90)","(616.0, 1384.0, 90)"
2343,781,0,XM5,0.0,0.0,0.0,"(714, 1410, 90)","(714.0, 1410.0, 90)"
2344,781,1,XDP_XM1_XM2,0.0,0.0,0.0,"(723, 100, 270)","(723.0, 100.0, 270)"
2345,781,2,XDL_XM3_XM4,-7324.714176181482,6952.0,138915.85712664097,"(718, 1419, 0)","(1001.5, 1419.0, 0)"
2346,782,0,XM5,0.0,0.0,0.0,"(1062, 74, 0)","(1062.0, 74.0, 0)"
2347,782,1,XDP_XM1_XM2,0.0,0.0,0.0,"(791, 1438, 0)","(791.0, 1438.0, 0)"
2348,782,2,XDL_XM3_XM4,-6528.828224456307,6180.0,121681.13017733982,"(632, 730, 270)","(632.0, 730.0, 270)"
2349,783,0,XDP_XM1_XM2,0.0,0.0,0.0,"(1137, 1264, 0)","(1137.0, 1264.0, 0)"
2350,783,1,XM5,0.0,0.0,0.0,"(1398, 671, 0)","(1398.0, 671.0, 0)"
2351,783,2,XDL_XM3_XM4,-7067.787511259749,6748.0,102264.05235770452,"(147, 193, 270)","(147.0, 193.0, 270)"
2352,784,0,XDL_XM3_XM4,0.0,0.0,0.0,"(789, 1021, 90)","(789.0, 1021.0, 90)"
2353,784,1,XDP_XM1_XM2,0.0,0.0,0.0,"(771, 1151, 270)","(771.0, 1381.5, 270)"
2354,784,2,XM5,-4223.728697096302,4023.0,40292.00983797894,"(1470, 683, 90)","(1470.0, 683.0, 90)"
2355,785,0,XDP_XM1_XM2,0.0,0.0,0.0,"(571, 159, 270)","(571.0, -145.5, 270)"
2356,785,1,XM5,0.0,0.0,0.0,"(507, 108, 90)","(292.0, -131.0, 90)"
2357,785,2,XDL_XM3_XM4,-3177.9110981200683,3035.0,20423.581965883783,"(656, 215, 90)","(656.0, 215.0, 90)"
2358,786,0,XDL_XM3_XM4,0.0,0.0,0.0,"(1002, 134, 270)","(1002.0, 134.0, 270)"
2359,786,1,XDP_XM1_XM2,0.0,0.0,0.0,"(1262, 1527, 180)","(1262.0, 1527.0, 180)"
2360,786,2,XM5,-5864.753692471705,5714.0,22726.675793853476,"(1408, 984, 0)","(1408.0, 984.0, 0)"
2361,787,0,XDP_XM1_XM2,0.0,0.0,0.0,"(1477, 1317, 0)","(1477.0, 1317.0, 0)"
2362,787,1,XM5,0.0,0.0,0.0,"(663, 310, 180)","(525.0, 310.0, 180)"
2363,787,2,XDL_XM3_XM4,-7549.374592092519,7105.0,197468.7780973933,"(871, 409, 180)","(871.0, 409.0, 180)"
2364,788,0,XM5,0.0,0.0,0.0,"(1545, 1173, 90)","(1545.0, 1173.0, 90)"
2365,788,1,XDL_XM3_XM4,0.0,0.0,0.0,"(1157, 588, 90)","(1157.0, 588.0, 90)"
2366,788,2,XDP_XM1_XM2,-4629.795993287444,4413.0,47000.502705489365,"(743, 1033, 90)","(743.0, 1033.0, 90)"
2367,789,0,XDL_XM3_XM4,0.0,0.0,0.0,"(924, 195, 0)","(924.0, 195.0, 0)"
2368,789,1,XDP_XM1_XM2,0.0,0.0,0.0,"(430, 243, 90)","(430.0, 243.0, 90)"
2369,789,2,XM5,-4746.824241364111,4517.0,52819.18191858927,"(1198, 554, 270)","(1211.5, 554.0, 270)"
2370,790,0,XM5,0.0,0.0,0.0,"(845, 235, 180)","(845.0, 235.0, 180)"
2371,790,1,XDL_XM3_XM4,0.0,0.0,0.0,"(400, 652, 270)","(400.0, 652.0, 270)"
2372,790,2,XDP_XM1_XM2,-4746.147569093193,4510.0,55765.67438862443,"(28, 698, 270)","(-108.0, 698.0, 270)"
2373,791,0,XDL_XM3_XM4,0.0,0.0,0.0,"(1362, 1287, 180)","(1362.0, 1287.0, 180)"
2374,791,1,XDP_XM1_XM2,0.0,0.0,0.0,"(1136, 152, 180)","(1136.0, 152.0, 180)"
2375,791,2,XM5,-6589.546395942768,6268.0,103392.08474378331,"(722, 1096, 0)","(722.0, 1096.0, 0)"
2376,792,0,XDP_XM1_XM2,0.0,0.0,0.0,"(789, 637, 0)","(944.0, 637.0, 0)"
2377,792,1,XDL_XM3_XM4,0.0,0.0,0.0,"(549, 929, 90)","(549.0, 929.0, 90)"
2378,792,2,XM5,-3170.992113652428,3013.0,24961.507976361783,"(592, 542, 270)","(592.0, 542.0, 270)"
2379,793,0,XM5,0.0,0.0,0.0,"(747, 156, 270)","(747.0, 156.0, 270)"
2380,793,1,XDP_XM1_XM2,0.0,0.0,0.0,"(1260, 1097, 0)","(1260.0, 1097.0, 0)"
2381,793,2,XDL_XM3_XM4,-6260.082685282786,5910.0,122557.88653480618,"(477, 516, 90)","(477.0, 516.0, 90)"
2382,794,0,XDL_XM3_XM4,0.0,0.0,0.0,"(1056, 1298, 270)","(1056.0, 1298.0, 270)"
2383,794,1,XM5,0.0,0.0,0.0,"(449, 327, 270)","(322.0, 327.0, 270)"
2384,794,2,XDP_XM1_XM2,-4079.7434373298333,3933.0,21533.63639937478,"(674, 403, 0)","(674.0, 403.0, 0)"
2385,795,0,XDL_XM3_XM4,0.0,0.0,0.0,"(740, 217, 0)","(740.0, 217.0, 0)"
2386,795,1,XM5,0.0,0.0,0.0,"(1063, 1115, 180)","(1063.0, 1115.0, 180)"
2387,795,2,XDP_XM1_XM2,-6351.761111804882,6050.0,91059.76859771849,"(245, 1352, 180)","(245.0, 1352.0, 180)"
2388,796,0,XDP_XM1_XM2,0.0,0.0,0.0,"(95, 1206, 90)","(95.0, 1206.0, 90)"
2389,796,1,XM5,0.0,0.0,0.0,"(1099, 426, 180)","(1099.0, 426.0, 180)"
2390,796,2,XDL_XM3_XM4,-6790.778098881679,6436.0,125867.4994460984,"(847, 1266, 90)","(847.0, 1266.0, 90)"
2391,797,0,XDP_XM1_XM2,0.0,0.0,0.0,"(1150, 10, 180)","(1150.0, 10.0, 180)"
2392,797,1,XDL_XM3_XM4,0.0,0.0,0.0,"(494, 1406, 90)","(494.0, 1406.0, 90)"
2393,797,2,XM5,-10854.546526886796,10271.0,340526.54904164065,"(265, 1413, 90)","(-14.0, 1413.0, 90)"
2394,798,0,XDL_XM3_XM4,0.0,0.0,0.0,"(654, 1281, 180)","(886.5, 1281.0, 180)"
2395,798,1,XM5,0.0,0.0,0.0,"(64, 1446, 180)","(64.0, 1446.0, 180)"
2396,798,2,XDP_XM1_XM2,-3272.722909771195,3142.0,17088.47913904809,"(599, 1544, 90)","(599.0, 1544.0, 90)"
2397,799,0,XM5,0.0,0.0,0.0,"(572, 1199, 90)","(572.0, 1199.0, 90)"
2398,799,1,XDL_XM3_XM4,0.0,0.0,0.0,"(552, 590, 90)","(552.0, 590.0, 90)"
2399,799,2,XDP_XM1_XM2,-4381.815812565957,4124.0,66468.99320904433,"(454, 548, 90)","(454.0, 229.5, 90)"
2400,800,0,XM5,0.0,0.0,0.0,"(403, 1090, 90)","(403.0, 1090.0, 90)"
2401,800,1,XDL_XM3_XM4,0.0,0.0,0.0,"(1554, 692, 180)","(1554.0, 692.0, 180)"
2402,800,2,XDP_XM1_XM2,-6189.345803119437,5919.0,73086.85326429314,"(266, 306, 180)","(266.0, 306.0, 180)"
2403,801,0,XDL_XM3_XM4,0.0,0.0,0.0,"(29, 372, 0)","(29.0, 372.0, 0)"
2404,801,1,XDP_XM1_XM2,0.0,0.0,0.0,"(819, 1361, 90)","(819.0, 1361.0, 90)"
2405,801,2,XM5,-6286.972366381584,6002.0,81209.24960111977,"(992, 900, 180)","(992.0, 900.0, 180)"
2406,802,0,XM5,0.0,0.0,0.0,"(1270, 639, 180)","(1270.0, 639.0, 180)"
2407,802,1,XDL_XM3_XM4,0.0,0.0,0.0,"(897, 1349, 0)","(897.0, 1349.0, 0)"
2408,802,2,XDP_XM1_XM2,-5491.673901864459,5192.0,89804.44745866938,"(1518, 394, 180)","(1518.0, 360.0, 180)"
2409,803,0,XDL_XM3_XM4,0.0,0.0,0.0,"(553, 133, 90)","(553.0, 133.0, 90)"
2410,803,1,XDP_XM1_XM2,0.0,0.0,0.0,"(366, 1035, 90)","(366.0, 1035.0, 90)"
2411,803,2,XM5,-5062.530791127297,4928.0,18098.533761336243,"(1204, 986, 180)","(1204.0, 986.0, 180)"
2412,804,0,XDP_XM1_XM2,0.0,0.0,0.0,"(1164, 453, 0)","(1164.0, 453.0, 0)"
2413,804,1,XM5,0.0,0.0,0.0,"(42, 454, 0)","(42.0, 454.0, 0)"
2414,804,2,XDL_XM3_XM4,-4792.023009209504,4632.0,25607.36347646502,"(1379, 893, 180)","(1379.0, 961.0, 180)"
2415,805,0,XDP_XM1_XM2,0.0,0.0,0.0,"(1080, 32, 180)","(1080.0, 32.0, 180)"
2416,805,1,XDL_XM3_XM4,0.0,0.0,0.0,"(446, 1099, 270)","(446.0, 1099.0, 270)"
2417,805,2,XM5,-6878.337955782043,6585.0,86047.15630238774,"(946, 1270, 270)","(954.0, 1270.0, 270)"
2418,806,0,XDL_XM3_XM4,0.0,0.0,0.0,"(758, 323, 180)","(758.0, 323.0, 180)"
2419,806,1,XDP_XM1_XM2,0.0,0.0,0.0,"(700, 199, 270)","(470.5, 199.0, 270)"
2420,806,2,XM5,-4983.2440545280215,4637.0,119884.94529600322,"(1065, 826, 180)","(1065.0, 831.0, 180)"
2421,807,0,XDP_XM1_XM2,0.0,0.0,0.0,"(1496, 1287, 180)","(1722.0, 1287.0, 180)"
2422,807,1,XDL_XM3_XM4,0.0,0.0,0.0,"(494, 80, 0)","(494.0, 80.0, 0)"
2423,807,2,XM5,-7333.385656584153,7022.0,96961.0271263444,"(1370, 1225, 90)","(1370.0, 1225.0, 90)"
2424,808,0,XM5,0.0,0.0,0.0,"(1492, 1277, 90)","(1492.0, 1281.5, 90)"
2425,808,1,XDL_XM3_XM4,0.0,0.0,0.0,"(1552, 715, 180)","(1552.0, 715.0, 180)"
2426,808,2,XDP_XM1_XM2,-10630.944940724869,10091.0,291540.53901438124,"(21, 110, 180)","(21.0, 110.0, 180)"
2427,809,0,XM5,0.0,0.0,0.0,"(1551, 1329, 0)","(1551.0, 1329.0, 0)"
2428,809,1,XDP_XM1_XM2,0.0,0.0,0.0,"(968, 47, 90)","(968.0, 47.0, 90)"
2429,809,2,XDL_XM3_XM4,-7407.216229996359,7089.0,101261.56903309569,"(526, 902, 90)","(526.0, 902.0, 90)"
2430,810,0,XDL_XM3_XM4,0.0,0.0,0.0,"(1408, 728, 0)","(1568.5, 728.0, 0)"
2431,810,1,XM5,0.0,0.0,0.0,"(1281, 229, 90)","(1281.0, 229.0, 90)"
2432,810,2,XDP_XM1_XM2,-7276.796371980258,6946.0,109426.2397153013,"(158, 742, 180)","(158.0, 742.0, 180)"
2433,811,0,XDL_XM3_XM4,0.0,0.0,0.0,"(1021, 170, 270)","(1021.0, -65.5, 270)"
2434,811,1,XM5,0.0,0.0,0.0,"(1053, 222, 180)","(1053.0, 222.0, 180)"
2435,811,2,XDP_XM1_XM2,-7239.5804024226,6809.0,185399.48295040807,"(165, 775, 270)","(165.0, 775.0, 270)"
2436,812,0,XM5,0.0,0.0,0.0,"(873, 773, 0)","(873.0, 773.0, 0)"
2437,812,1,XDP_XM1_XM2,0.0,0.0,0.0,"(528, 472, 180)","(528.0, 472.0, 180)"
2438,812,2,XDL_XM3_XM4,-4083.1344810862547,3844.0,57185.300044392316,"(1237, 757, 270)","(1439.5, 757.0, 270)"
2439,813,0,XDP_XM1_XM2,0.0,0.0,0.0,"(751, 129, 90)","(751.0, 129.0, 90)"
2440,813,1,XDL_XM3_XM4,0.0,0.0,0.0,"(523, 146, 180)","(463.5, 146.0, 180)"
2441,813,2,XM5,-4049.1692615364605,3874.0,30684.27018722894,"(1144, 1103, 0)","(1144.0, 1103.0, 0)"
2442,814,0,XDP_XM1_XM2,0.0,0.0,0.0,"(1358, 133, 180)","(1358.0, 133.0, 180)"
2443,814,1,XM5,0.0,0.0,0.0,"(217, 13, 0)","(217.0, 13.0, 0)"
2444,814,2,XDL_XM3_XM4,-7529.473710293256,7183.0,120044.03192437522,"(246, 662, 0)","(246.0, 662.0, 0)"
2445,815,0,XDP_XM1_XM2,0.0,0.0,0.0,"(1212, 284, 0)","(1212.0, 284.0, 0)"
2446,815,1,XM5,0.0,0.0,0.0,"(1360, 1122, 0)","(1360.0, 1122.0, 0)"
2447,815,2,XDL_XM3_XM4,-5856.4233187179725,5581.0,75858.0044936218,"(691, 1137, 180)","(691.0, 1137.0, 180)"
2448,816,0,XDP_XM1_XM2,0.0,0.0,0.0,"(444, 721, 180)","(444.0, 721.0, 180)"
2449,816,1,XDL_XM3_XM4,0.0,0.0,0.0,"(410, 292, 90)","(410.0, 292.0, 90)"
2450,816,2,XM5,-4350.8739991827515,4109.0,58503.03148065746,"(909, 299, 270)","(918.0, 299.0, 270)"
2451,817,0,XM5,0.0,0.0,0.0,"(386, 568, 180)","(386.0, 568.0, 180)"
2452,817,1,XDP_XM1_XM2,0.0,0.0,0.0,"(436, 424, 180)","(436.0, 289.0, 180)"
2453,817,2,XDL_XM3_XM4,-4778.575391260887,4576.0,41036.78914450145,"(3, 1421, 270)","(3.0, 1421.0, 270)"
2454,818,0,XM5,0.0,0.0,0.0,"(266, 722, 180)","(266.0, 722.0, 180)"
2455,818,1,XDP_XM1_XM2,0.0,0.0,0.0,"(89, 177, 180)","(89.0, 177.0, 180)"
2456,818,2,XDL_XM3_XM4,-4739.926278306122,4475.0,70185.9329371328,"(916, 584, 0)","(916.0, 584.0, 0)"
2457,819,0,XM5,0.0,0.0,0.0,"(451, 556, 90)","(451.0, 556.0, 90)"
2458,819,1,XDL_XM3_XM4,0.0,0.0,0.0,"(1019, 172, 90)","(1019.0, 172.0, 90)"
2459,819,2,XDP_XM1_XM2,-4670.001516938355,4442.0,51984.69172619091,"(405, 909, 180)","(405.0, 909.0, 180)"
2460,820,0,XDP_XM1_XM2,0.0,0.0,0.0,"(198, 1479, 0)","(198.0, 1479.0, 0)"
2461,820,1,XDL_XM3_XM4,0.0,0.0,0.0,"(840, 379, 0)","(840.0, 379.0, 0)"
2462,820,2,XM5,-7039.178506815553,6712.0,107045.77532205488,"(254, 206, 180)","(254.0, 206.0, 180)"
2463,821,0,XDP_XM1_XM2,0.0,0.0,0.0,"(999, 68, 90)","(999.0, 68.0, 90)"
2464,821,1,XDL_XM3_XM4,0.0,0.0,0.0,"(1115, 904, 270)","(1115.0, 904.0, 270)"
2465,821,2,XM5,-5698.901591269733,5515.0,33819.795271540024,"(197, 934, 270)","(197.0, 934.0, 270)"
2466,822,0,XM5,0.0,0.0,0.0,"(941, 955, 90)","(941.0, 955.0, 90)"
2467,822,1,XDL_XM3_XM4,0.0,0.0,0.0,"(1413, 902, 0)","(1413.0, 902.0, 0)"
2468,822,2,XDP_XM1_XM2,-5726.826167092757,5407.0,102288.77715724403,"(1429, 111, 180)","(1429.0, 111.0, 180)"
2469,823,0,XDL_XM3_XM4,0.0,0.0,0.0,"(678, 1483, 90)","(678.0, 1483.0, 90)"
2470,823,1,XDP_XM1_XM2,0.0,0.0,0.0,"(646, 170, 0)","(646.0, 170.0, 0)"
2471,823,2,XM5,-6552.45306003865,6302.0,62726.735282723625,"(1387, 617, 90)","(1387.0, 617.0, 90)"
2472,824,0,XDP_XM1_XM2,0.0,0.0,0.0,"(602, 15, 180)","(602.0, 15.0, 180)"
2473,824,1,XM5,0.0,0.0,0.0,"(1341, 1361, 180)","(1208.0, 1361.0, 180)"
2474,824,2,XDL_XM3_XM4,-9099.564242102784,8603.0,246576.04653511313,"(1554, 1044, 180)","(1554.0, 1044.0, 180)"
2475,825,0,XM5,0.0,0.0,0.0,"(623, 180, 180)","(623.0, 180.0, 180)"
2476,825,1,XDP_XM1_XM2,0.0,0.0,0.0,"(120, 286, 0)","(120.0, 286.0, 0)"
2477,825,2,XDL_XM3_XM4,-5194.145826210199,4959.0,55293.559584077084,"(842, 896, 180)","(842.0, 896.0, 180)"
2478,826,0,XDP_XM1_XM2,0.0,0.0,0.0,"(31, 382, 0)","(31.0, 382.0, 0)"
2479,826,1,XM5,0.0,0.0,0.0,"(505, 1173, 90)","(505.0, 1173.0, 90)"
2480,826,2,XDL_XM3_XM4,-6033.159951360899,5734.0,89496.67649825558,"(1006, 343, 270)","(1006.0, 343.0, 270)"
2481,827,0,XDP_XM1_XM2,0.0,0.0,0.0,"(90, 769, 180)","(90.0, 769.0, 180)"
2482,827,1,XDL_XM3_XM4,0.0,0.0,0.0,"(100, 243, 180)","(100.0, 243.0, 180)"
2483,827,2,XM5,-5986.384702861536,5742.0,59723.88299272164,"(1375, 1468, 90)","(1375.0, 1468.0, 90)"
2484,828,0,XDP_XM1_XM2,0.0,0.0,0.0,"(238, 1181, 180)","(238.0, 1181.0, 180)"
2485,828,1,XDL_XM3_XM4,0.0,0.0,0.0,"(456, 746, 90)","(456.0, 746.0, 90)"
2486,828,2,XM5,-5011.149765406067,4857.0,23762.150174745482,"(1538, 1318, 180)","(1538.0, 1318.0, 180)"
2487,829,0,XDL_XM3_XM4,0.0,0.0,0.0,"(1510, 360, 0)","(1510.0, 360.0, 0)"
2488,829,1,XDP_XM1_XM2,0.0,0.0,0.0,"(1003, 1092, 180)","(1003.0, 1092.0, 180)"
2489,829,2,XM5,-6140.677418910455,5867.0,74899.32962148871,"(279, 552, 180)","(279.0, 552.0, 180)"
2490,830,0,XDL_XM3_XM4,0.0,0.0,0.0,"(1526, 1461, 180)","(1784.5, 1461.0, 180)"
2491,830,1,XDP_XM1_XM2,0.0,0.0,0.0,"(1497, 1186, 90)","(1497.0, 1186.0, 90)"
2492,830,2,XM5,-3795.5459646380323,3642.0,23576.36325662392,"(855, 957, 180)","(855.0, 957.0, 180)"
2493,831,0,XM5,0.0,0.0,0.0,"(1142, 358, 180)","(1142.0, 358.0, 180)"
2494,831,1,XDL_XM3_XM4,0.0,0.0,0.0,"(236, 1258, 180)","(236.0, 1258.0, 180)"
2495,831,2,XDP_XM1_XM2,-5184.19743503549,4970.0,45880.5411757831,"(394, 1482, 270)","(523.5, 1482.0, 270)"
2496,832,0,XM5,0.0,0.0,0.0,"(135, 1273, 180)","(132.0, 1273.0, 180)"
2497,832,1,XDL_XM3_XM4,0.0,0.0,0.0,"(478, 1070, 180)","(478.0, 1070.0, 180)"
2498,832,2,XDP_XM1_XM2,-6116.637843735214,5734.0,146411.71945833438,"(835, 534, 270)","(835.0, 534.0, 270)"
2499,833,0,XDP_XM1_XM2,0.0,0.0,0.0,"(775, 820, 270)","(775.0, 820.0, 270)"
2500,833,1,XM5,0.0,0.0,0.0,"(1276, 1075, 90)","(1276.0, 1075.0, 90)"
2501,833,2,XDL_XM3_XM4,-4466.551477628185,4244.0,49529.16019448876,"(1221, 185, 0)","(1221.0, 185.0, 0)"
2502,834,0,XDL_XM3_XM4,0.0,0.0,0.0,"(765, 1299, 270)","(765.0, 1299.0, 270)"
2503,834,1,XM5,0.0,0.0,0.0,"(262, 1327, 180)","(198.5, 1327.0, 180)"
2504,834,2,XDP_XM1_XM2,-9532.09892008462,9023.0,259181.71043132636,"(1339, 79, 180)","(1339.0, 79.0, 180)"
2505,835,0,XM5,0.0,0.0,0.0,"(771, 394, 180)","(771.0, 547.0, 180)"
2506,835,1,XDP_XM1_XM2,0.0,0.0,0.0,"(643, 592, 0)","(643.0, 826.0, 0)"
2507,835,2,XDL_XM3_XM4,-3646.332770922414,3442.0,41751.8812728318,"(755, 39, 180)","(755.0, 39.0, 180)"
2508,836,0,XDL_XM3_XM4,0.0,0.0,0.0,"(1392, 215, 270)","(1392.0, 453.5, 270)"
2509,836,1,XM5,0.0,0.0,0.0,"(510, 892, 180)","(510.0, 892.0, 180)"
2510,836,2,XDP_XM1_XM2,-5333.305030600804,5087.0,60666.16809926277,"(1191, 93, 270)","(1191.0, 93.0, 270)"
2511,837,0,XDP_XM1_XM2,0.0,0.0,0.0,"(1209, 694, 90)","(1209.0, 694.0, 90)"
2512,837,1,XDL_XM3_XM4,0.0,0.0,0.0,"(737, 651, 270)","(701.0, 651.0, 270)"
2513,837,2,XM5,-3997.33946163416,3841.0,24442.027264058994,"(1444, 1266, 180)","(1444.0, 1266.0, 180)"
2514,838,0,XM5,0.0,0.0,0.0,"(956, 806, 180)","(956.0, 806.0, 180)"
2515,838,1,XDL_XM3_XM4,0.0,0.0,0.0,"(694, 633, 180)","(610.0, 633.0, 180)"
2516,838,2,XDP_XM1_XM2,-5197.379126038668,4923.0,75283.90480574344,"(885, 1540, 180)","(885.0, 1540.0, 180)"
2517,839,0,XM5,0.0,0.0,0.0,"(631, 1173, 0)","(631.0, 1173.0, 0)"
2518,839,1,XDP_XM1_XM2,0.0,0.0,0.0,"(1548, 561, 270)","(1548.0, 561.0, 270)"
2519,839,2,XDL_XM3_XM4,-8352.664794277951,8014.0,114693.84288332636,"(47, 72, 90)","(47.0, 72.0, 90)"
2520,840,0,XM5,0.0,0.0,0.0,"(306, 654, 0)","(306.0, 654.0, 0)"
2521,840,1,XDL_XM3_XM4,0.0,0.0,0.0,"(781, 37, 270)","(781.0, 37.0, 270)"
2522,840,2,XDP_XM1_XM2,-4903.413938839382,4693.0,44274.02565790325,"(526, 962, 90)","(526.0, 1006.0, 90)"
2523,841,0,XDL_XM3_XM4,0.0,0.0,0.0,"(868, 1060, 0)","(868.0, 1060.0, 0)"
2524,841,1,XDP_XM1_XM2,0.0,0.0,0.0,"(127, 1365, 90)","(127.0, 1365.0, 90)"
2525,841,2,XM5,-6128.297171605287,5776.0,124113.2971210851,"(910, 1141, 270)","(1155.5, 1141.0, 270)"
2526,842,0,XDL_XM3_XM4,0.0,0.0,0.0,"(955, 262, 270)","(955.0, 31.5, 270)"
2527,842,1,XM5,0.0,0.0,0.0,"(1361, 265, 270)","(1463.0, 265.0, 270)"
2528,842,2,XDP_XM1_XM2,-3102.65433377019,2945.0,24854.888956522453,"(1112, 392, 270)","(1112.0, 392.0, 270)"
2529,843,0,XDP_XM1_XM2,0.0,0.0,0.0,"(975, 1316, 90)","(975.0, 1316.0, 90)"
2530,843,1,XDL_XM3_XM4,0.0,0.0,0.0,"(579, 863, 180)","(579.0, 863.0, 180)"
2531,843,2,XM5,-4266.1332715674425,4035.0,53422.589225469084,"(700, 585, 90)","(866.5, 585.0, 90)"
2532,844,0,XM5,0.0,0.0,0.0,"(1491, 1420, 90)","(1491.0, 1420.0, 90)"
2533,844,1,XDP_XM1_XM2,0.0,0.0,0.0,"(481, 708, 90)","(481.0, 708.0, 90)"
2534,844,2,XDL_XM3_XM4,-6230.35177188229,5982.0,61678.60259707342,"(926, 224, 90)","(926.0, 224.0, 90)"
2535,845,0,XDL_XM3_XM4,0.0,0.0,0.0,"(137, 636, 270)","(137.0, 636.0, 270)"
2536,845,1,XM5,0.0,0.0,0.0,"(824, 764, 270)","(824.0, 764.0, 270)"
2537,845,2,XDP_XM1_XM2,-7521.041186550612,7107.0,171430.10416023896,"(1471, 55, 0)","(1471.0, 55.0, 0)"
2538,846,0,XM5,0.0,0.0,0.0,"(342, 755, 180)","(342.0, 755.0, 180)"
2539,846,1,XDP_XM1_XM2,0.0,0.0,0.0,"(91, 221, 0)","(91.0, 221.0, 0)"
2540,846,2,XDL_XM3_XM4,-5582.508503533971,5240.0,117312.07499308002,"(515, 874, 270)","(515.0, 1042.5, 270)"
2541,847,0,XDL_XM3_XM4,0.0,0.0,0.0,"(75, 1120, 180)","(75.0, 1120.0, 180)"
2542,847,1,XM5,0.0,0.0,0.0,"(333, 185, 270)","(333.0, 185.0, 270)"
2543,847,2,XDP_XM1_XM2,-4428.7920585207285,4288.0,19822.403742504262,"(183, 1234, 180)","(435.5, 1234.0, 180)"
2544,848,0,XDL_XM3_XM4,0.0,0.0,0.0,"(1083, 1291, 180)","(1083.0, 1291.0, 180)"
2545,848,1,XDP_XM1_XM2,0.0,0.0,0.0,"(122, 1028, 270)","(122.0, 1028.0, 270)"
2546,848,2,XM5,-4738.864769432831,4545.0,37583.54882724473,"(212, 442, 180)","(212.0, 442.0, 180)"
2547,849,0,XM5,0.0,0.0,0.0,"(830, 1126, 90)","(830.0, 1126.0, 90)"
2548,849,1,XDL_XM3_XM4,0.0,0.0,0.0,"(24, 661, 180)","(24.0, 627.0, 180)"
2549,849,2,XDP_XM1_XM2,-3986.282795189486,3805.0,32863.45183171315,"(220, 1208, 90)","(220.0, 1208.0, 90)"
2550,850,0,XDP_XM1_XM2,0.0,0.0,0.0,"(349, 316, 0)","(349.0, 316.0, 0)"
2551,850,1,XM5,0.0,0.0,0.0,"(12, 1449, 270)","(12.0, 1755.0, 270)"
2552,850,2,XDL_XM3_XM4,-7415.7552967930615,7057.0,128705.36297707752,"(102, 1409, 90)","(102.0, 1409.0, 90)"
2553,851,0,XDP_XM1_XM2,0.0,0.0,0.0,"(1116, 548, 180)","(1116.0, 548.0, 180)"
2554,851,1,XM5,0.0,0.0,0.0,"(241, 1499, 90)","(241.0, 1499.0, 90)"
2555,851,2,XDL_XM3_XM4,-7073.895301951038,6809.0,70169.5209957316,"(451, 51, 90)","(451.0, 51.0, 90)"
2556,852,0,XDP_XM1_XM2,0.0,0.0,0.0,"(849, 503, 90)","(849.0, 503.0, 90)"
2557,852,1,XDL_XM3_XM4,0.0,0.0,0.0,"(1330, 1247, 90)","(1330.0, 1247.0, 90)"
2558,852,2,XM5,-5638.133761741012,5359.0,77915.65694368811,"(1156, 75, 270)","(1156.0, 75.0, 270)"
2559,853,0,XM5,0.0,0.0,0.0,"(93, 384, 180)","(-145.0, 384.0, 180)"
2560,853,1,XDL_XM3_XM4,0.0,0.0,0.0,"(201, 130, 180)","(201.0, 130.0, 180)"
2561,853,2,XDP_XM1_XM2,-2941.598337248612,2780.0,26114.022601516175,"(357, 126, 90)","(488.5, 126.0, 90)"
2562,854,0,XM5,0.0,0.0,0.0,"(665, 425, 90)","(665.0, 425.0, 90)"
2563,854,1,XDL_XM3_XM4,0.0,0.0,0.0,"(947, 74, 0)","(952.5, 74.0, 0)"
2564,854,2,XDP_XM1_XM2,-4830.563622007905,4556.0,75385.18253009989,"(365, 831, 0)","(365.0, 831.0, 0)"
2565,855,0,XDP_XM1_XM2,0.0,0.0,0.0,"(85, 1548, 0)","(85.0, 1548.0, 0)"
2566,855,1,XDL_XM3_XM4,0.0,0.0,0.0,"(1556, 472, 270)","(1556.0, 472.0, 270)"
2567,855,2,XM5,-9875.495774611112,9375.0,250496.02040357754,"(553, 392, 270)","(553.0, 392.0, 270)"
2568,856,0,XDL_XM3_XM4,0.0,0.0,0.0,"(1495, 1481, 90)","(1570.0, 1481.0, 90)"
2569,856,1,XDP_XM1_XM2,0.0,0.0,0.0,"(989, 1507, 180)","(989.0, 1507.0, 180)"
2570,856,2,XM5,-6496.024932835909,6231.0,70238.2150246779,"(14, 452, 180)","(14.0, 452.0, 180)"
2571,857,0,XM5,0.0,0.0,0.0,"(499, 1054, 270)","(499.0, 1054.0, 270)"
2572,857,1,XDP_XM1_XM2,0.0,0.0,0.0,"(417, 1499, 90)","(417.0, 1499.0, 90)"
2573,857,2,XDL_XM3_XM4,-5303.015508131339,5027.0,76184.56072900123,"(87, 532, 270)","(87.0, 532.0, 270)"
2574,858,0,XDL_XM3_XM4,0.0,0.0,0.0,"(918, 88, 90)","(908.0, 88.0, 90)"
2575,858,1,XDP_XM1_XM2,0.0,0.0,0.0,"(1137, 505, 90)","(1137.0, 505.0, 90)"
2576,858,2,XM5,-3704.14902767784,3515.0,35777.35467147227,"(1448, 189, 180)","(1474.5, 189.0, 180)"
2577,859,0,XDP_XM1_XM2,0.0,0.0,0.0,"(1204, 560, 0)","(1204.0, 763.5, 0)"
2578,859,1,XM5,0.0,0.0,0.0,"(231, 1031, 180)","(231.0, 1031.0, 180)"
2579,859,2,XDL_XM3_XM4,-4849.557474036494,4600.0,62278.93284747537,"(1145, 476, 270)","(1145.0, 476.0, 270)"
2580,860,0,XDL_XM3_XM4,0.0,0.0,0.0,"(98, 1045, 180)","(98.0, 1045.0, 180)"
2581,860,1,XM5,0.0,0.0,0.0,"(876, 488, 180)","(876.0, 488.0, 180)"
2582,860,2,XDP_XM1_XM2,-4888.309454564499,4713.0,30733.4048597022,"(1219, 1099, 90)","(1219.0, 1099.0, 90)"
2583,861,0,XM5,0.0,0.0,0.0,"(1077, 835, 180)","(1077.0, 863.0, 180)"
2584,861,1,XDP_XM1_XM2,0.0,0.0,0.0,"(813, 584, 180)","(813.0, 584.0, 180)"
2585,861,2,XDL_XM3_XM4,-3061.0026239567105,2933.0,16384.671739803067,"(432, 462, 0)","(432.0, 462.0, 0)"
2586,862,0,XM5,0.0,0.0,0.0,"(1533, 1078, 180)","(1533.0, 1078.0, 180)"
2587,862,1,XDL_XM3_XM4,0.0,0.0,0.0,"(1452, 262, 90)","(1452.0, 262.0, 90)"
2588,862,2,XDP_XM1_XM2,-5284.503657554549,5038.0,60764.05318777028,"(1079, 1272, 90)","(1079.0, 1272.0, 90)"
2589,863,0,XM5,0.0,0.0,0.0,"(572, 367, 90)","(572.0, 367.0, 90)"
2590,863,1,XDL_XM3_XM4,0.0,0.0,0.0,"(951, 1293, 270)","(951.0, 1293.0, 270)"
2591,863,2,XDP_XM1_XM2,-5236.860923237836,5037.0,39944.38863747992,"(92, 1273, 270)","(92.0, 1273.0, 270)"
2592,864,0,XDP_XM1_XM2,0.0,0.0,0.0,"(680, 224, 270)","(680.0, 224.0, 270)"
2593,864,1,XM5,0.0,0.0,0.0,"(1459, 60, 90)","(1631.5, 60.0, 90)"
2594,864,2,XDL_XM3_XM4,-4812.366075461258,4554.0,66753.02894925278,"(1344, 323, 180)","(1344.0, 323.0, 180)"
2595,865,0,XDP_XM1_XM2,0.0,0.0,0.0,"(1334, 66, 180)","(1334.0, 66.0, 180)"
2596,865,1,XM5,0.0,0.0,0.0,"(1389, 1397, 90)","(1389.0, 1397.0, 90)"
2597,865,2,XDL_XM3_XM4,-6305.387514331902,6061.0,59725.257161325666,"(315, 375, 270)","(315.0, 375.0, 270)"
2598,866,0,XDP_XM1_XM2,0.0,0.0,0.0,"(1142, 1117, 0)","(1142.0, 1117.0, 0)"
2599,866,1,XDL_XM3_XM4,0.0,0.0,0.0,"(529, 246, 90)","(529.0, 246.0, 90)"
2600,866,2,XM5,-5498.6090894446,5184.0,98978.87916115999,"(612, 720, 90)","(612.0, 720.0, 90)"
2601,867,0,XDP_XM1_XM2,0.0,0.0,0.0,"(502, 1394, 180)","(502.0, 1394.0, 180)"
2602,867,1,XDL_XM3_XM4,0.0,0.0,0.0,"(932, 880, 180)","(932.0, 880.0, 180)"
2603,867,2,XM5,-6058.686874156687,5642.0,173627.95109447042,"(1209, 647, 90)","(1219.5, 647.0, 90)"
2604,868,0,XDL_XM3_XM4,0.0,0.0,0.0,"(1267, 789, 90)","(1267.0, 612.0, 90)"
2605,868,1,XM5,0.0,0.0,0.0,"(1194, 958, 270)","(1194.0, 958.0, 270)"
2606,868,2,XDP_XM1_XM2,-4800.9924543224715,4501.0,89995.47265042033,"(907, 1292, 90)","(907.0, 1292.0, 90)"
2607,869,0,XM5,0.0,0.0,0.0,"(632, 1196, 270)","(488.5, 1196.0, 270)"
2608,869,1,XDP_XM1_XM2,0.0,0.0,0.0,"(745, 904, 90)","(488.5, 785.5, 90)"
2609,869,2,XDL_XM3_XM4,-3049.444628416457,2883.0,27703.814328692355,"(776, 1145, 0)","(776.0, 1145.0, 0)"
2610,870,0,XDL_XM3_XM4,0.0,0.0,0.0,"(570, 609, 0)","(570.0, 609.0, 0)"
2611,870,1,XM5,0.0,0.0,0.0,"(515, 630, 270)","(282.5, 630.0, 270)"
2612,870,2,XDP_XM1_XM2,-7312.020067727691,6845.0,218107.7436603766,"(1180, 1342, 270)","(1180.0, 1342.0, 270)"
2613,871,0,XDP_XM1_XM2,0.0,0.0,0.0,"(67, 114, 270)","(67.0, 114.0, 270)"
2614,871,1,XDL_XM3_XM4,0.0,0.0,0.0,"(1478, 1343, 180)","(1478.0, 1343.0, 180)"
2615,871,2,XM5,-8477.535287094965,8075.0,162034.65735662603,"(583, 479, 180)","(583.0, 479.0, 180)"
2616,872,0,XM5,0.0,0.0,0.0,"(1380, 667, 0)","(1380.0, 667.0, 0)"
2617,872,1,XDL_XM3_XM4,0.0,0.0,0.0,"(842, 1345, 90)","(687.0, 1345.0, 90)"
2618,872,2,XDP_XM1_XM2,-3577.342044791181,3424.0,23513.78270074046,"(1195, 1155, 270)","(1195.0, 1155.0, 270)"
2619,873,0,XDL_XM3_XM4,0.0,0.0,0.0,"(1155, 1492, 0)","(1155.0, 1720.0, 0)"
2620,873,1,XDP_XM1_XM2,0.0,0.0,0.0,"(1224, 1212, 180)","(1224.0, 1212.0, 180)"
2621,873,2,XM5,-4260.990318035554,4139.0,14881.637694415616,"(1228, 405, 0)","(1228.0, 405.0, 0)"
2622,874,0,XDL_XM3_XM4,0.0,0.0,0.0,"(691, 519, 90)","(691.0, 519.0, 90)"
2623,874,1,XDP_XM1_XM2,0.0,0.0,0.0,"(344, 365, 0)","(344.0, 231.5, 0)"
2624,874,2,XM5,-7559.709685989191,7160.0,159767.83307357752,"(1423, 1480, 90)","(1423.0, 1480.0, 90)"
2625,875,0,XM5,0.0,0.0,0.0,"(1310, 1421, 270)","(1310.0, 1421.0, 270)"
2626,875,1,XDP_XM1_XM2,0.0,0.0,0.0,"(456, 1244, 0)","(250.5, 1244.0, 0)"
2627,875,2,XDL_XM3_XM4,-5099.796430129143,4806.0,86316.34235662853,"(611, 1300, 180)","(611.0, 1300.0, 180)"
2628,876,0,XM5,0.0,0.0,0.0,"(1234, 590, 90)","(1234.0, 590.0, 90)"
2629,876,1,XDP_XM1_XM2,0.0,0.0,0.0,"(1390, 1253, 90)","(1390.0, 1253.0, 90)"
2630,876,2,XDL_XM3_XM4,-3998.653899721125,3814.0,34097.06268221928,"(993, 1374, 90)","(882.0, 1374.0, 90)"
2631,877,0,XM5,0.0,0.0,0.0,"(579, 1052, 90)","(579.0, 1052.0, 90)"
2632,877,1,XDL_XM3_XM4,0.0,0.0,0.0,"(50, 314, 270)","(50.0, 314.0, 270)"
2633,877,2,XDP_XM1_XM2,-7031.188714388479,6674.0,127583.77768649442,"(876, 1459, 180)","(876.0, 1459.0, 180)"
2634,878,0,XM5,0.0,0.0,0.0,"(1364, 545, 270)","(1391.0, 545.0, 270)"
2635,878,1,XDP_XM1_XM2,0.0,0.0,0.0,"(1112, 311, 270)","(1112.0, 311.0, 270)"
2636,878,2,XDL_XM3_XM4,-3783.8132928133086,3594.0,36029.086128630806,"(535, 93, 270)","(535.0, 93.0, 270)"
2637,879,0,XDL_XM3_XM4,0.0,0.0,0.0,"(371, 81, 270)","(371.0, 81.0, 270)"
2638,879,1,XM5,0.0,0.0,0.0,"(824, 892, 270)","(824.0, 892.0, 270)"
2639,879,2,XDP_XM1_XM2,-6206.877444518075,5892.0,99147.80506623368,"(1084, 1072, 180)","(1176.0, 1072.0, 180)"
2640,880,0,XM5,0.0,0.0,0.0,"(1319, 965, 270)","(1319.0, 965.0, 270)"
2641,880,1,XDP_XM1_XM2,0.0,0.0,0.0,"(691, 862, 90)","(691.0, 862.0, 90)"
2642,880,2,XDL_XM3_XM4,-3614.988104156949,3551.0,4094.477473600546,"(195, 1022, 180)","(195.0, 1022.0, 180)"
2643,881,0,XDL_XM3_XM4,0.0,0.0,0.0,"(55, 1190, 180)","(55.0, 1190.0, 180)"
2644,881,1,XDP_XM1_XM2,0.0,0.0,0.0,"(749, 55, 0)","(749.0, 55.0, 0)"
2645,881,2,XM5,-6156.578644672485,5863.0,86188.42060773302,"(738, 612, 0)","(738.0, 612.0, 0)"
2646,882,0,XM5,0.0,0.0,0.0,"(1399, 708, 180)","(1399.0, 708.0, 180)"
2647,882,1,XDL_XM3_XM4,0.0,0.0,0.0,"(1242, 151, 180)","(1242.0, 151.0, 180)"
2648,882,2,XDP_XM1_XM2,-8201.543690983846,7762.0,193198.65628370337,"(152, 994, 0)","(152.0, 994.0, 0)"
2649,883,0,XDL_XM3_XM4,0.0,0.0,0.0,"(255, 22, 0)","(255.0, -225.0, 0)"
2650,883,1,XM5,0.0,0.0,0.0,"(850, 1325, 270)","(850.0, 1325.0, 270)"
2651,883,2,XDP_XM1_XM2,-5187.4164728000915,4972.0,46404.2567536324,"(342, 283, 180)","(342.0, 283.0, 180)"
2652,884,0,XM5,0.0,0.0,0.0,"(975, 1017, 90)","(975.0, 1017.0, 90)"
2653,884,1,XDP_XM1_XM2,0.0,0.0,0.0,"(1338, 1511, 270)","(1338.0, 1511.0, 270)"
2654,884,2,XDL_XM3_XM4,-4614.223449056147,4359.0,65139.00894811549,"(702, 1404, 180)","(687.5, 1404.0, 180)"
2655,885,0,XDP_XM1_XM2,0.0,0.0,0.0,"(634, 391, 0)","(634.0, 391.0, 0)"
2656,885,1,XM5,0.0,0.0,0.0,"(1156, 1481, 0)","(1156.0, 1481.0, 0)"
2657,885,2,XDL_XM3_XM4,-6703.648912626683,6343.0,130067.63817880905,"(665, 1326, 180)","(665.0, 1326.0, 180)"
2658,886,0,XDL_XM3_XM4,0.0,0.0,0.0,"(819, 1319, 90)","(819.0, 1319.0, 90)"
2659,886,1,XM5,0.0,0.0,0.0,"(45, 924, 180)","(45.0, 924.0, 180)"
2660,886,2,XDP_XM1_XM2,-3327.2010303044794,3227.0,10040.246474079244,"(729, 936, 90)","(729.0, 936.0, 90)"
2661,887,0,XDL_XM3_XM4,0.0,0.0,0.0,"(320, 712, 270)","(320.0, 712.0, 270)"
2662,887,1,XM5,0.0,0.0,0.0,"(1512, 1220, 90)","(1512.0, 1220.0, 90)"
2663,887,2,XDP_XM1_XM2,-4507.020347123211,4290.0,47097.83106547871,"(1002, 902, 270)","(1002.0, 902.0, 270)"
2664,888,0,XM5,0.0,0.0,0.0,"(1430, 688, 180)","(1430.0, 688.0, 180)"
2665,888,1,XDL_XM3_XM4,0.0,0.0,0.0,"(1517, 667, 90)","(1517.0, 400.5, 90)"
2666,888,2,XDP_XM1_XM2,-9317.390615128947,8795.0,272891.9547747997,"(225, 1426, 270)","(225.0, 1426.0, 270)"
2667,889,0,XDP_XM1_XM2,0.0,0.0,0.0,"(766, 174, 180)","(511.5, 174.0, 180)"
2668,889,1,XM5,0.0,0.0,0.0,"(272, 1222, 180)","(272.0, 1222.0, 180)"
2669,889,2,XDL_XM3_XM4,-4746.168944532215,4562.0,33918.20013011006,"(872, 345, 180)","(872.0, 345.0, 180)"
2670,890,0,XM5,0.0,0.0,0.0,"(1171, 608, 90)","(1171.0, 608.0, 90)"
2671,890,1,XDL_XM3_XM4,0.0,0.0,0.0,"(426, 288, 0)","(426.0, 288.0, 0)"
2672,890,2,XDP_XM1_XM2,-4386.06884818727,4181.0,42053.23249685375,"(488, 941, 0)","(488.0, 941.0, 0)"
2673,891,0,XDP_XM1_XM2,0.0,0.0,0.0,"(1042, 474, 180)","(1042.0, 474.0, 180)"
2674,891,1,XDL_XM3_XM4,0.0,0.0,0.0,"(174, 28, 90)","(174.0, 28.0, 90)"
2675,891,2,XM5,-5256.86449187876,5013.0,59469.89039928586,"(327, 497, 270)","(327.0, 497.0, 270)"
2676,892,0,XDL_XM3_XM4,0.0,0.0,0.0,"(746, 740, 0)","(746.0, 740.0, 0)"
2677,892,1,XM5,0.0,0.0,0.0,"(816, 1018, 180)","(816.0, 1248.0, 180)"
2678,892,2,XDP_XM1_XM2,-6760.509187892441,6371.0,151717.40745262918,"(26, 377, 90)","(26.0, 377.0, 90)"
2679,893,0,XM5,0.0,0.0,0.0,"(1056, 306, 270)","(1056.0, 306.0, 270)"
2680,893,1,XDP_XM1_XM2,0.0,0.0,0.0,"(1036, 746, 270)","(1036.0, 746.0, 270)"
2681,893,2,XDL_XM3_XM4,-3182.8002590778246,3022.0,25856.723319495566,"(1006, 1283, 0)","(1006.0, 1327.0, 0)"
2682,894,0,XM5,0.0,0.0,0.0,"(1428, 18, 90)","(1428.0, 18.0, 90)"
2683,894,1,XDL_XM3_XM4,0.0,0.0,0.0,"(412, 809, 90)","(412.0, 809.0, 90)"
2684,894,2,XDP_XM1_XM2,-4750.497292454728,4533.0,47305.07222513764,"(623, 399, 180)","(623.0, 399.0, 180)"
2685,895,0,XDP_XM1_XM2,0.0,0.0,0.0,"(1006, 1404, 270)","(1006.0, 1404.0, 270)"
2686,895,1,XM5,0.0,0.0,0.0,"(406, 935, 270)","(406.0, 935.0, 270)"
2687,895,2,XDL_XM3_XM4,-5648.966855292433,5374.0,75606.77150940974,"(1509, 729, 180)","(1509.0, 729.0, 180)"
2688,896,0,XM5,0.0,0.0,0.0,"(279, 781, 270)","(279.0, 781.0, 270)"
2689,896,1,XDP_XM1_XM2,0.0,0.0,0.0,"(902, 1422, 90)","(902.0, 1422.0, 90)"
2690,896,2,XDL_XM3_XM4,-5875.357909529173,5624.0,63180.79868287616,"(1376, 793, 270)","(1376.0, 793.0, 270)"
2691,897,0,XDP_XM1_XM2,0.0,0.0,0.0,"(1005, 978, 270)","(1005.0, 978.0, 270)"
2692,897,1,XM5,0.0,0.0,0.0,"(314, 293, 180)","(314.0, 293.0, 180)"
2693,897,2,XDL_XM3_XM4,-4849.976115737665,4661.0,35711.972319295295,"(1341, 1004, 90)","(1513.0, 1004.0, 90)"
2694,898,0,XM5,0.0,0.0,0.0,"(736, 1125, 180)","(736.0, 1125.0, 180)"
2695,898,1,XDL_XM3_XM4,0.0,0.0,0.0,"(1281, 1336, 0)","(1281.0, 1336.0, 0)"
2696,898,2,XDP_XM1_XM2,-7657.084971266461,7226.0,185834.25245180592,"(1516, 87, 90)","(1516.0, 87.0, 90)"
2697,899,0,XDP_XM1_XM2,0.0,0.0,0.0,"(638, 775, 270)","(638.0, 775.0, 270)"
2698,899,1,XM5,0.0,0.0,0.0,"(1158, 235, 90)","(1158.0, 235.0, 90)"
2699,899,2,XDL_XM3_XM4,-5093.500472790516,4857.0,55932.473630137465,"(1509, 943, 180)","(1509.0, 943.0, 180)"
2700,900,0,XDP_XM1_XM2,0.0,0.0,0.0,"(764, 789, 90)","(764.0, 789.0, 90)"
2701,900,1,XM5,0.0,0.0,0.0,"(914, 927, 270)","(1043.0, 927.0, 270)"
2702,900,2,XDL_XM3_XM4,-4138.982439541842,3946.0,37242.2219715207,"(66, 420, 270)","(66.0, 420.0, 270)"
2703,901,0,XM5,0.0,0.0,0.0,"(1379, 464, 270)","(1571.5, 464.0, 270)"
2704,901,1,XDL_XM3_XM4,0.0,0.0,0.0,"(1284, 705, 0)","(1284.0, 705.0, 0)"
2705,901,2,XDP_XM1_XM2,-4664.419741012145,4441.0,49916.38067393384,"(816, 278, 90)","(816.0, 278.0, 90)"
2706,902,0,XM5,0.0,0.0,0.0,"(1262, 1461, 90)","(1262.0, 1461.0, 90)"
2707,902,1,XDL_XM3_XM4,0.0,0.0,0.0,"(16, 899, 270)","(16.0, 899.0, 270)"
2708,902,2,XDP_XM1_XM2,-7777.541875004934,7468.0,95816.17238157026,"(1083, 91, 90)","(1083.0, 91.0, 90)"
2709,903,0,XDP_XM1_XM2,0.0,0.0,0.0,"(136, 351, 90)","(-45.0, 351.0, 90)"
2710,903,1,XM5,0.0,0.0,0.0,"(778, 1047, 180)","(778.0, 1047.0, 180)"
2711,903,2,XDL_XM3_XM4,-5806.648644733265,5543.0,69510.60786968739,"(463, 178, 270)","(463.0, 178.0, 270)"
2712,904,0,XDP_XM1_XM2,0.0,0.0,0.0,"(1508, 1522, 0)","(1508.0, 1522.0, 0)"
2713,904,1,XM5,0.0,0.0,0.0,"(1290, 800, 90)","(1290.0, 800.0, 90)"
2714,904,2,XDL_XM3_XM4,-6098.011078043119,5758.0,115607.53319204402,"(478, 924, 270)","(478.0, 924.0, 270)"
2715,905,0,XDL_XM3_XM4,0.0,0.0,0.0,"(384, 376, 180)","(384.0, 376.0, 180)"
2716,905,1,XDP_XM1_XM2,0.0,0.0,0.0,"(800, 1219, 270)","(800.0, 1219.0, 270)"
2717,905,2,XM5,-5815.119653327251,5582.0,54344.77276741772,"(1430, 484, 180)","(1430.0, 484.0, 180)"
2718,906,0,XDL_XM3_XM4,0.0,0.0,0.0,"(1553, 1290, 180)","(1649.0, 1290.0, 180)"
2719,906,1,XDP_XM1_XM2,0.0,0.0,0.0,"(154, 1229, 180)","(154.0, 1229.0, 180)"
2720,906,2,XM5,-7170.282797105189,6881.0,83684.53670100195,"(1303, 1483, 180)","(1303.0, 1483.0, 180)"
2721,907,0,XM5,0.0,0.0,0.0,"(427, 1131, 180)","(427.0, 1136.5, 180)"
2722,907,1,XDL_XM3_XM4,0.0,0.0,0.0,"(334, 849, 270)","(334.0, 849.0, 270)"
2723,907,2,XDP_XM1_XM2,-4387.695840918098,4127.0,67962.32147199407,"(789, 621, 0)","(789.0, 561.5, 0)"
2724,908,0,XDP_XM1_XM2,0.0,0.0,0.0,"(764, 8, 90)","(764.0, 8.0, 90)"
2725,908,1,XM5,0.0,0.0,0.0,"(1156, 146, 180)","(1156.0, 146.0, 180)"
2726,908,2,XDL_XM3_XM4,-4379.281509915372,4207.0,29680.918658720642,"(878, 866, 90)","(878.0, 866.0, 90)"
2727,909,0,XDL_XM3_XM4,0.0,0.0,0.0,"(1364, 259, 180)","(1364.0, 259.0, 180)"
2728,909,1,XDP_XM1_XM2,0.0,0.0,0.0,"(550, 266, 270)","(550.0, 577.0, 270)"
2729,909,2,XM5,-4254.936201483707,4044.0,44494.08109637486,"(559, 225, 0)","(559.0, 225.0, 0)"
2730,910,0,XDP_XM1_XM2,0.0,0.0,0.0,"(288, 737, 90)","(288.0, 737.0, 90)"
2731,910,1,XM5,0.0,0.0,0.0,"(173, 1145, 180)","(173.0, 1145.0, 180)"
2732,910,2,XDL_XM3_XM4,-3721.3484971411367,3538.0,33616.67140391348,"(217, 1465, 180)","(217.0, 1653.0, 180)"
2733,911,0,XM5,0.0,0.0,0.0,"(236, 788, 270)","(236.0, 788.0, 270)"
2734,911,1,XDL_XM3_XM4,0.0,0.0,0.0,"(1350, 1330, 270)","(1350.0, 1330.0, 270)"
2735,911,2,XDP_XM1_XM2,-6931.318266423512,6655.0,76351.78435929514,"(826, 66, 180)","(826.0, 66.0, 180)"
2736,912,0,XDP_XM1_XM2,0.0,0.0,0.0,"(668, 327, 0)","(668.0, 327.0, 0)"
2737,912,1,XDL_XM3_XM4,0.0,0.0,0.0,"(250, 1272, 0)","(250.0, 1272.0, 0)"
2738,912,2,XM5,-4589.340880615871,4375.0,45942.01310318736,"(362, 212, 180)","(362.0, 48.0, 180)"
2739,913,0,XDL_XM3_XM4,0.0,0.0,0.0,"(202, 16, 0)","(177.5, 16.0, 0)"
2740,913,1,XDP_XM1_XM2,0.0,0.0,0.0,"(538, 138, 180)","(538.0, 138.0, 180)"
2741,913,2,XM5,-5608.995992087344,5382.0,51527.18042371778,"(184, 1424, 90)","(184.0, 1424.0, 90)"
2742,914,0,XDL_XM3_XM4,0.0,0.0,0.0,"(1253, 328, 90)","(1253.0, 328.0, 90)"
2743,914,1,XM5,0.0,0.0,0.0,"(946, 986, 270)","(946.0, 986.0, 270)"
2744,914,2,XDP_XM1_XM2,-4254.671520664231,4014.0,57922.78085883336,"(1126, 166, 0)","(1126.0, 40.5, 0)"
2745,915,0,XDL_XM3_XM4,0.0,0.0,0.0,"(1098, 1352, 180)","(1098.0, 1352.0, 180)"
2746,915,1,XDP_XM1_XM2,0.0,0.0,0.0,"(266, 394, 90)","(266.0, 394.0, 90)"
2747,915,2,XM5,-7952.661723702003,7608.0,118791.70378523566,"(1273, 5, 180)","(1273.0, 5.0, 180)"
2748,916,0,XM5,0.0,0.0,0.0,"(1489, 664, 270)","(1489.0, 664.0, 270)"
2749,916,1,XDL_XM3_XM4,0.0,0.0,0.0,"(1230, 1054, 180)","(1166.5, 1054.0, 180)"
2750,916,2,XDP_XM1_XM2,-3033.6789454554487,2961.0,5282.229112516085,"(1527, 1114, 180)","(1527.0, 1114.0, 180)"
2751,917,0,XDP_XM1_XM2,0.0,0.0,0.0,"(635, 1055, 90)","(635.0, 1055.0, 90)"
2752,917,1,XDL_XM3_XM4,0.0,0.0,0.0,"(1318, 1346, 90)","(1318.0, 1346.0, 90)"
2753,917,2,XM5,-4241.424383232556,4016.0,50816.15255577788,"(699, 807, 180)","(699.0, 703.0, 180)"
2754,918,0,XDP_XM1_XM2,0.0,0.0,0.0,"(1240, 1053, 180)","(1240.0, 1053.0, 180)"
2755,918,1,XM5,0.0,0.0,0.0,"(1332, 785, 180)","(1332.0, 774.0, 180)"
2756,918,2,XDL_XM3_XM4,-3483.4223422916903,3257.0,51267.07708885525,"(1155, 1469, 90)","(1155.0, 1469.0, 90)"
2757,919,0,XDL_XM3_XM4,0.0,0.0,0.0,"(877, 822, 0)","(877.0, 822.0, 0)"
2758,919,1,XM5,0.0,0.0,0.0,"(110, 288, 180)","(110.0, 288.0, 180)"
2759,919,2,XDP_XM1_XM2,-6629.565232414934,6283.0,120107.46031881757,"(1464, 784, 180)","(1464.0, 784.0, 180)"
2760,920,0,XDL_XM3_XM4,0.0,0.0,0.0,"(676, 963, 270)","(676.0, 963.0, 270)"
2761,920,1,XDP_XM1_XM2,0.0,0.0,0.0,"(21, 1290, 180)","(21.0, 1290.0, 180)"
2762,920,2,XM5,-4254.59827920863,4061.0,37480.29371254242,"(507, 1454, 180)","(507.0, 1454.0, 180)"
2763,921,0,XM5,0.0,0.0,0.0,"(1282, 69, 180)","(1282.0, 69.0, 180)"
2764,921,1,XDP_XM1_XM2,0.0,0.0,0.0,"(532, 197, 90)","(355.5, 197.0, 90)"
2765,921,2,XDL_XM3_XM4,-4164.413899749758,3980.0,34008.486420913476,"(643, 197, 180)","(643.0, 197.0, 180)"
2766,922,0,XDP_XM1_XM2,0.0,0.0,0.0,"(282, 342, 90)","(282.0, 336.0, 90)"
2767,922,1,XDL_XM3_XM4,0.0,0.0,0.0,"(285, 917, 0)","(285.0, 917.0, 0)"
2768,922,2,XM5,-4956.553667836801,4634.0,104040.86863497291,"(663, 1254, 90)","(663.0, 1254.0, 90)"
2769,923,0,XDL_XM3_XM4,0.0,0.0,0.0,"(25, 1093, 180)","(25.0, 1093.0, 180)"
2770,923,1,XDP_XM1_XM2,0.0,0.0,0.0,"(1211, 1126, 270)","(1211.0, 1126.0, 270)"
2771,923,2,XM5,-6192.093660995187,5941.0,63048.02659196598,"(1428, 19, 180)","(1428.0, 19.0, 180)"
2772,924,0,XM5,0.0,0.0,0.0,"(306, 1014, 270)","(306.0, 1014.0, 270)"
2773,924,1,XDP_XM1_XM2,0.0,0.0,0.0,"(542, 476, 180)","(542.0, 476.0, 180)"
2774,924,2,XDL_XM3_XM4,-4635.657143122615,4373.0,68988.77483333396,"(704, 1369, 180)","(704.0, 1369.0, 180)"
2775,925,0,XDL_XM3_XM4,0.0,0.0,0.0,"(1084, 1474, 0)","(1106.5, 1474.0, 0)"
2776,925,1,XDP_XM1_XM2,0.0,0.0,0.0,"(738, 547, 270)","(738.0, 547.0, 270)"
2777,925,2,XM5,-4968.638270756888,4690.0,77639.28593038907,"(819, 1112, 90)","(819.0, 1112.0, 90)"
2778,926,0,XDL_XM3_XM4,0.0,0.0,0.0,"(821, 950, 0)","(747.0, 950.0, 0)"
2779,926,1,XM5,0.0,0.0,0.0,"(1093, 677, 180)","(1093.0, 677.0, 180)"
2780,926,2,XDP_XM1_XM2,-5039.064088700732,4741.0,88842.20097299773,"(885, 72, 90)","(885.0, 72.0, 90)"
2781,927,0,XDP_XM1_XM2,0.0,0.0,0.0,"(763, 1090, 270)","(763.0, 1090.0, 270)"
2782,927,1,XDL_XM3_XM4,0.0,0.0,0.0,"(1455, 1044, 180)","(1455.0, 1044.0, 180)"
2783,927,2,XM5,-5595.954413983392,5227.0,136127.35959782847,"(1418, 1328, 180)","(1418.0, 1552.0, 180)"
2784,928,0,XM5,0.0,0.0,0.0,"(861, 834, 90)","(861.0, 834.0, 90)"
2785,928,1,XDP_XM1_XM2,0.0,0.0,0.0,"(1022, 1305, 0)","(1022.0, 1305.0, 0)"
2786,928,2,XDL_XM3_XM4,-4217.0518954434,4089.0,16397.287926647477,"(1037, 354, 180)","(1037.0, 267.5, 180)"
2787,929,0,XDL_XM3_XM4,0.0,0.0,0.0,"(756, 1176, 180)","(543.5, 1176.0, 180)"
2788,929,1,XDP_XM1_XM2,0.0,0.0,0.0,"(831, 962, 270)","(831.0, 962.0, 270)"
2789,929,2,XM5,-4417.540200790013,4225.0,37071.72892025861,"(454, 186, 90)","(454.0, 186.0, 90)"
2790,930,0,XDP_XM1_XM2,0.0,0.0,0.0,"(782, 197, 90)","(782.0, 197.0, 90)"
2791,930,1,XM5,0.0,0.0,0.0,"(270, 1273, 0)","(270.0, 1273.0, 0)"
2792,930,2,XDL_XM3_XM4,-5778.152726328124,5522.0,65614.21920533101,"(1167, 688, 90)","(1167.0, 688.0, 90)"
2793,931,0,XM5,0.0,0.0,0.0,"(806, 10, 90)","(806.0, 10.0, 90)"
2794,931,1,XDL_XM3_XM4,0.0,0.0,0.0,"(1131, 380, 180)","(1131.0, 380.0, 180)"
2795,931,2,XDP_XM1_XM2,-7358.866783109054,6946.0,170458.98059481868,"(1239, 1469, 270)","(1239.0, 1469.0, 270)"
2796,932,0,XM5,0.0,0.0,0.0,"(288, 438, 0)","(288.0, 328.5, 0)"
2797,932,1,XDL_XM3_XM4,0.0,0.0,0.0,"(504, 616, 90)","(504.0, 616.0, 90)"
2798,932,2,XDP_XM1_XM2,-8040.512937923854,7572.0,219504.37300204145,"(1024, 1544, 90)","(1024.0, 1544.0, 90)"
2799,933,0,XDP_XM1_XM2,0.0,0.0,0.0,"(1507, 1338, 180)","(1507.0, 1619.0, 180)"
2800,933,1,XDL_XM3_XM4,0.0,0.0,0.0,"(1468, 1111, 0)","(1468.0, 1111.0, 0)"
2801,933,2,XM5,-3581.451440420539,3404.0,31489.013707324004,"(1298, 1528, 0)","(1096.5, 1619.0, 0)"
2802,934,0,XDL_XM3_XM4,0.0,0.0,0.0,"(1518, 361, 180)","(1518.0, 361.0, 180)"
2803,934,1,XDP_XM1_XM2,0.0,0.0,0.0,"(857, 1206, 90)","(857.0, 1206.0, 90)"
2804,934,2,XM5,-5922.622650700142,5705.0,47359.61809775614,"(643, 461, 180)","(643.0, 461.0, 180)"
2805,935,0,XDL_XM3_XM4,0.0,0.0,0.0,"(730, 1407, 90)","(730.0, 1459.5, 90)"
2806,935,1,XDP_XM1_XM2,0.0,0.0,0.0,"(917, 1172, 180)","(917.0, 1172.0, 180)"
2807,935,2,XM5,-4273.700812451329,4053.0,48708.848616676405,"(1066, 338, 90)","(1066.0, 338.0, 90)"
2808,936,0,XDL_XM3_XM4,0.0,0.0,0.0,"(1348, 290, 270)","(1555.0, 290.0, 270)"
2809,936,1,XM5,0.0,0.0,0.0,"(1476, 1536, 180)","(1476.0, 1536.0, 180)"
2810,936,2,XDP_XM1_XM2,-6361.361529280392,6037.0,105210.4016771143,"(974, 343, 0)","(974.0, 343.0, 0)"
2811,937,0,XM5,0.0,0.0,0.0,"(194, 208, 0)","(194.0, 208.0, 0)"
2812,937,1,XDP_XM1_XM2,0.0,0.0,0.0,"(1086, 420, 180)","(1086.0, 420.0, 180)"
2813,937,2,XDL_XM3_XM4,-6759.947349239073,6445.0,99191.83279271904,"(155, 918, 90)","(155.0, 918.0, 90)"
2814,938,0,XDL_XM3_XM4,0.0,0.0,0.0,"(515, 948, 90)","(515.0, 956.5, 90)"
2815,938,1,XDP_XM1_XM2,0.0,0.0,0.0,"(609, 669, 180)","(609.0, 669.0, 180)"
2816,938,2,XM5,-4059.0454880474085,3844.0,46244.56192954808,"(1353, 608, 270)","(1353.0, 608.0, 270)"
2817,939,0,XM5,0.0,0.0,0.0,"(737, 304, 180)","(737.0, 304.0, 180)"
2818,939,1,XDP_XM1_XM2,0.0,0.0,0.0,"(690, 1514, 90)","(690.0, 1514.0, 90)"
2819,939,2,XDL_XM3_XM4,-7503.260562303464,7152.0,123383.982629746,"(149, 324, 270)","(149.0, 324.0, 270)"
2820,940,0,XDP_XM1_XM2,0.0,0.0,0.0,"(7, 933, 180)","(7.0, 1122.5, 180)"
2821,940,1,XDL_XM3_XM4,0.0,0.0,0.0,"(165, 835, 90)","(165.0, 835.0, 90)"
2822,940,2,XM5,-4928.768613974981,4684.0,59911.67438723353,"(1268, 957, 180)","(1268.0, 957.0, 180)"
2823,941,0,XM5,0.0,0.0,0.0,"(1194, 922, 180)","(1194.0, 922.0, 180)"
2824,941,1,XDL_XM3_XM4,0.0,0.0,0.0,"(1536, 1342, 180)","(1540.0, 1342.0, 180)"
2825,941,2,XDP_XM1_XM2,-4479.30733086846,4290.0,35837.2655205404,"(727, 1173, 0)","(727.0, 1173.0, 0)"
2826,942,0,XDP_XM1_XM2,0.0,0.0,0.0,"(1377, 1322, 90)","(1377.0, 1322.0, 90)"
2827,942,1,XDL_XM3_XM4,0.0,0.0,0.0,"(560, 1455, 90)","(560.0, 1455.0, 90)"
2828,942,2,XM5,-7850.200301927884,7505.0,119163.24845110181,"(223, 190, 0)","(223.0, 190.0, 0)"
2829,943,0,XDP_XM1_XM2,0.0,0.0,0.0,"(1270, 877, 0)","(1270.0, 877.0, 0)"
2830,943,1,XDL_XM3_XM4,0.0,0.0,0.0,"(534, 960, 270)","(534.0, 960.0, 270)"
2831,943,2,XM5,-3359.9186393067275,3212.0,21879.923854353765,"(1463, 648, 180)","(1463.0, 598.0, 180)"
2832,944,0,XDL_XM3_XM4,0.0,0.0,0.0,"(687, 896, 0)","(687.0, 896.0, 0)"
2833,944,1,XM5,0.0,0.0,0.0,"(674, 1228, 180)","(674.0, 1404.0, 180)"
2834,944,2,XDP_XM1_XM2,-3800.7565529957456,3589.0,44840.83773663997,"(333, 730, 180)","(326.5, 730.0, 180)"
2835,945,0,XM5,0.0,0.0,0.0,"(949, 717, 180)","(949.0, 717.0, 180)"
2836,945,1,XDL_XM3_XM4,0.0,0.0,0.0,"(1325, 1288, 0)","(1325.0, 1288.0, 0)"
2837,945,2,XDP_XM1_XM2,-3887.579371505452,3706.0,32971.06815631489,"(776, 1319, 180)","(776.0, 1319.0, 180)"
2838,946,0,XDP_XM1_XM2,0.0,0.0,0.0,"(1010, 753, 90)","(1010.0, 753.0, 90)"
2839,946,1,XDL_XM3_XM4,0.0,0.0,0.0,"(545, 625, 180)","(545.0, 625.0, 180)"
2840,946,2,XM5,-2863.91797351673,2807.0,3239.655709251173,"(1120, 777, 180)","(1347.5, 777.0, 180)"
2841,947,0,XDP_XM1_XM2,0.0,0.0,0.0,"(715, 1039, 90)","(715.0, 1039.0, 90)"
2842,947,1,XDL_XM3_XM4,0.0,0.0,0.0,"(1369, 726, 180)","(1369.0, 726.0, 180)"
2843,947,2,XM5,-4419.785530699385,4253.0,27817.413250675512,"(295, 1380, 90)","(295.0, 1380.0, 90)"
2844,948,0,XM5,0.0,0.0,0.0,"(1022, 1438, 180)","(1022.0, 1438.0, 180)"
2845,948,1,XDP_XM1_XM2,0.0,0.0,0.0,"(1521, 1326, 180)","(1521.0, 1326.0, 180)"
2846,948,2,XDL_XM3_XM4,-4430.940571315377,4236.0,38001.826344765715,"(843, 986, 270)","(843.0, 986.0, 270)"
2847,949,0,XDP_XM1_XM2,0.0,0.0,0.0,"(22, 451, 0)","(22.0, 451.0, 0)"
2848,949,1,XDL_XM3_XM4,0.0,0.0,0.0,"(16, 1208, 0)","(16.0, 1208.0, 0)"
2849,949,2,XM5,-5896.040488210147,5607.0,83544.40382476013,"(20, 1429, 180)","(20.0, 1716.0, 180)"
2850,950,0,XM5,0.0,0.0,0.0,"(1353, 562, 90)","(1353.0, 562.0, 90)"
2851,950,1,XDL_XM3_XM4,0.0,0.0,0.0,"(1531, 1101, 0)","(1531.0, 1128.5, 0)"
2852,950,2,XDP_XM1_XM2,-4647.833942486921,4502.0,21267.538781278578,"(1391, 69, 0)","(1391.0, 69.0, 0)"
2853,951,0,XM5,0.0,0.0,0.0,"(871, 681, 270)","(871.0, 681.0, 270)"
2854,951,1,XDP_XM1_XM2,0.0,0.0,0.0,"(977, 530, 180)","(977.0, 343.5, 180)"
2855,951,2,XDL_XM3_XM4,-4333.652423538443,4121.0,45221.05323677336,"(1106, 1474, 180)","(1106.0, 1474.0, 180)"
2856,952,0,XDP_XM1_XM2,0.0,0.0,0.0,"(476, 1206, 180)","(476.0, 1206.0, 180)"
2857,952,1,XM5,0.0,0.0,0.0,"(736, 358, 0)","(736.0, 358.0, 0)"
2858,952,2,XDL_XM3_XM4,-5090.001279829684,4914.0,30976.45050168682,"(1149, 1398, 180)","(1149.0, 1398.0, 180)"
2859,953,0,XDL_XM3_XM4,0.0,0.0,0.0,"(372, 178, 180)","(372.0, 178.0, 180)"
2860,953,1,XDP_XM1_XM2,0.0,0.0,0.0,"(645, 131, 90)","(659.5, 131.0, 90)"
2861,953,2,XM5,-2078.92437492343,1995.0,7043.300706288463,"(497, 446, 0)","(718.0, 483.0, 0)"
2862,954,0,XDP_XM1_XM2,0.0,0.0,0.0,"(1311, 820, 0)","(1311.0, 820.0, 0)"
2863,954,1,XDL_XM3_XM4,0.0,0.0,0.0,"(912, 90, 0)","(912.0, 90.0, 0)"
2864,954,2,XM5,-5003.4802999752355,4699.0,92708.25307300914,"(681, 521, 0)","(681.0, 598.0, 0)"
2865,955,0,XDP_XM1_XM2,0.0,0.0,0.0,"(56, 1123, 0)","(56.0, 1123.0, 0)"
2866,955,1,XM5,0.0,0.0,0.0,"(535, 372, 180)","(535.0, 372.0, 180)"
2867,955,2,XDL_XM3_XM4,-7024.999616702249,6594.0,185760.66959748595,"(548, 296, 180)","(881.0, 296.0, 180)"
2868,956,0,XDP_XM1_XM2,0.0,0.0,0.0,"(740, 1459, 0)","(632.5, 1459.0, 0)"
2869,956,1,XDL_XM3_XM4,0.0,0.0,0.0,"(993, 1116, 0)","(993.0, 1116.0, 0)"
2870,956,2,XM5,-4969.394671997073,4772.0,38964.65653283189,"(292, 298, 90)","(292.0, 298.0, 90)"
2871,957,0,XDL_XM3_XM4,0.0,0.0,0.0,"(986, 48, 270)","(986.0, 48.0, 270)"
2872,957,1,XDP_XM1_XM2,0.0,0.0,0.0,"(358, 11, 270)","(358.0, 11.0, 270)"
2873,957,2,XM5,-6910.79294493471,6594.0,100357.76996040637,"(979, 1536, 270)","(979.0, 1536.0, 270)"
2874,958,0,XDP_XM1_XM2,0.0,0.0,0.0,"(69, 936, 180)","(69.0, 936.0, 180)"
2875,958,1,XDL_XM3_XM4,0.0,0.0,0.0,"(1295, 238, 90)","(1295.0, 238.0, 90)"
2876,958,2,XM5,-6323.217860977701,6079.0,59642.36362052393,"(389, 1463, 180)","(389.0, 1463.0, 180)"
2877,959,0,XDL_XM3_XM4,0.0,0.0,0.0,"(932, 501, 270)","(932.0, 501.0, 270)"
2878,959,1,XM5,0.0,0.0,0.0,"(273, 379, 0)","(273.0, 379.0, 0)"
2879,959,2,XDP_XM1_XM2,-8620.009173344712,8121.0,249010.15508217303,"(1549, 1164, 180)","(1549.0, 1164.0, 180)"
2880,960,0,XDP_XM1_XM2,0.0,0.0,0.0,"(1514, 1507, 270)","(1514.0, 1507.0, 270)"
2881,960,1,XM5,0.0,0.0,0.0,"(608, 864, 180)","(608.0, 864.0, 180)"
2882,960,2,XDL_XM3_XM4,-6296.852489061142,5895.0,161485.4229646351,"(1034, 1001, 0)","(1034.0, 1001.0, 0)"
2883,961,0,XDL_XM3_XM4,0.0,0.0,0.0,"(1496, 1531, 90)","(1496.0, 1531.0, 90)"
2884,961,1,XM5,0.0,0.0,0.0,"(20, 1024, 270)","(20.0, 1024.0, 270)"
2885,961,2,XDP_XM1_XM2,-7059.08222190587,6753.0,93686.32656683438,"(626, 506, 180)","(626.0, 506.0, 180)"
2886,962,0,XDL_XM3_XM4,0.0,0.0,0.0,"(94, 1189, 0)","(94.0, 1189.0, 0)"
2887,962,1,XM5,0.0,0.0,0.0,"(1513, 779, 180)","(1513.0, 779.0, 180)"
2888,962,2,XDP_XM1_XM2,-4741.216985699157,4606.0,18283.63322156594,"(1276, 1074, 0)","(1276.0, 1074.0, 0)"
2889,963,0,XM5,0.0,0.0,0.0,"(391, 393, 0)","(316.0, 393.0, 0)"
2890,963,1,XDL_XM3_XM4,0.0,0.0,0.0,"(662, 452, 0)","(662.0, 452.0, 0)"
2891,963,2,XDP_XM1_XM2,-5076.42558736803,4809.0,71516.4447791361,"(526, 1128, 180)","(526.0, 1128.0, 180)"
2892,964,0,XDL_XM3_XM4,0.0,0.0,0.0,"(834, 411, 0)","(834.0, 411.0, 0)"
2893,964,1,XDP_XM1_XM2,0.0,0.0,0.0,"(1015, 530, 0)","(1194.5, 530.0, 0)"
2894,964,2,XM5,-5816.158471157203,5529.0,82459.98755734212,"(279, 1303, 90)","(279.0, 1303.0, 90)"
2895,965,0,XDL_XM3_XM4,0.0,0.0,0.0,"(244, 74, 180)","(244.0, 74.0, 180)"
2896,965,1,XDP_XM1_XM2,0.0,0.0,0.0,"(110, 1309, 0)","(110.0, 1309.0, 0)"
2897,965,2,XM5,-7382.388196380801,7105.0,76944.2114913939,"(1400, 1513, 180)","(1400.0, 1513.0, 180)"
2898,966,0,XDL_XM3_XM4,0.0,0.0,0.0,"(584, 793, 0)","(584.0, 793.0, 0)"
2899,966,1,XDP_XM1_XM2,0.0,0.0,0.0,"(452, 1088, 0)","(452.0, 1301.0, 0)"
2900,966,2,XM5,-6151.616466867105,5826.0,106026.08349501656,"(1469, 392, 180)","(1469.0, 392.0, 180)"
2901,967,0,XM5,0.0,0.0,0.0,"(437, 1169, 90)","(437.0, 1169.0, 90)"
2902,967,1,XDL_XM3_XM4,0.0,0.0,0.0,"(1056, 392, 0)","(1056.0, 392.0, 0)"
2903,967,2,XDP_XM1_XM2,-3571.186604309349,3429.0,20217.03044502341,"(704, 630, 90)","(704.0, 630.0, 90)"
2904,968,0,XM5,0.0,0.0,0.0,"(96, 948, 90)","(96.0, 963.0, 90)"
2905,968,1,XDL_XM3_XM4,0.0,0.0,0.0,"(417, 617, 90)","(417.0, 617.0, 90)"
2906,968,2,XDP_XM1_XM2,-6137.0838945581,5903.0,54795.26969148786,"(1351, 693, 180)","(1351.0, 693.0, 180)"
2907,969,0,XDP_XM1_XM2,0.0,0.0,0.0,"(614, 282, 90)","(614.0, 236.0, 90)"
2908,969,1,XDL_XM3_XM4,0.0,0.0,0.0,"(1522, 1002, 270)","(1522.0, 1002.0, 270)"
2909,969,2,XM5,-5761.156658984791,5449.0,97441.7797485472,"(871, 588, 180)","(871.0, 588.0, 180)"
2910,970,0,XM5,0.0,0.0,0.0,"(540, 476, 0)","(540.0, 476.0, 0)"
2911,970,1,XDL_XM3_XM4,0.0,0.0,0.0,"(1226, 1281, 90)","(1226.0, 1281.0, 90)"
2912,970,2,XDP_XM1_XM2,-4336.787954653109,4179.0,24897.03863361161,"(1326, 743, 0)","(1326.0, 743.0, 0)"
2913,971,0,XDL_XM3_XM4,0.0,0.0,0.0,"(1271, 526, 90)","(1271.0, 526.0, 90)"
2914,971,1,XM5,0.0,0.0,0.0,"(55, 1385, 270)","(55.0, 1385.0, 270)"
2915,971,2,XDP_XM1_XM2,-6960.8640108622985,6595.0,133856.47444424842,"(1254, 229, 180)","(1254.0, 229.0, 180)"
2916,972,0,XDL_XM3_XM4,0.0,0.0,0.0,"(1277, 742, 180)","(1277.0, 742.0, 180)"
2917,972,1,XM5,0.0,0.0,0.0,"(465, 1041, 270)","(465.0, 1041.0, 270)"
2918,972,2,XDP_XM1_XM2,-4715.00408280996,4481.0,54757.91077173043,"(893, 356, 180)","(893.0, 356.0, 180)"
2919,973,0,XM5,0.0,0.0,0.0,"(675, 148, 0)","(675.0, 148.0, 0)"
2920,973,1,XDP_XM1_XM2,0.0,0.0,0.0,"(1459, 1222, 90)","(1459.0, 1222.0, 90)"
2921,973,2,XDL_XM3_XM4,-5611.64303879254,5327.0,81021.65953305177,"(1170, 1092, 180)","(1170.0, 1092.0, 180)"
2922,974,0,XDL_XM3_XM4,0.0,0.0,0.0,"(63, 1279, 180)","(63.0, 1279.0, 180)"
2923,974,1,XDP_XM1_XM2,0.0,0.0,0.0,"(1477, 1318, 0)","(1477.0, 1318.0, 0)"
2924,974,2,XM5,-7714.33699648112,7433.0,79150.50558901767,"(234, 512, 180)","(234.0, 512.0, 180)"
2925,975,0,XDL_XM3_XM4,0.0,0.0,0.0,"(167, 1243, 90)","(167.0, 1243.0, 90)"
2926,975,1,XDP_XM1_XM2,0.0,0.0,0.0,"(527, 157, 0)","(527.0, 127.5, 0)"
2927,975,2,XM5,-5170.300588038674,4934.0,55837.96790742286,"(305, 465, 270)","(305.0, 465.0, 270)"
2928,976,0,XDL_XM3_XM4,0.0,0.0,0.0,"(770, 1054, 90)","(770.0, 1054.0, 90)"
2929,976,1,XDP_XM1_XM2,0.0,0.0,0.0,"(1009, 372, 270)","(1009.0, 372.0, 270)"
2930,976,2,XM5,-3825.8035304150244,3641.0,34152.34485385683,"(1298, 211, 270)","(1298.0, 211.0, 270)"
2931,977,0,XDP_XM1_XM2,0.0,0.0,0.0,"(725, 483, 0)","(725.0, 483.0, 0)"
2932,977,1,XM5,0.0,0.0,0.0,"(998, 1092, 180)","(998.0, 1092.0, 180)"
2933,977,2,XDL_XM3_XM4,-6510.853290790814,6219.0,85178.34334542711,"(246, 1512, 90)","(246.0, 1512.0, 90)"
2934,978,0,XDP_XM1_XM2,0.0,0.0,0.0,"(979, 1164, 90)","(979.0, 1164.0, 90)"
2935,978,1,XDL_XM3_XM4,0.0,0.0,0.0,"(592, 630, 270)","(592.0, 630.0, 270)"
2936,978,2,XM5,-6252.8404527844505,5852.0,160673.06858844304,"(414, 183, 90)","(414.0, 183.0, 90)"
2937,979,0,XDL_XM3_XM4,0.0,0.0,0.0,"(661, 1096, 0)","(661.0, 1096.0, 0)"
2938,979,1,XDP_XM1_XM2,0.0,0.0,0.0,"(833, 432, 90)","(833.0, 432.0, 90)"
2939,979,2,XM5,-4294.02887381251,4080.0,45808.35882545141,"(1281, 704, 270)","(1281.0, 704.0, 270)"
2940,980,0,XDL_XM3_XM4,0.0,0.0,0.0,"(108, 75, 270)","(-125.0, 75.0, 270)"
2941,980,1,XDP_XM1_XM2,0.0,0.0,0.0,"(935, 1344, 0)","(935.0, 1344.0, 0)"
2942,980,2,XM5,-9457.047011951265,8946.0,261169.04842431637,"(383, 19, 270)","(383.0, 19.0, 270)"
2943,981,0,XDL_XM3_XM4,0.0,0.0,0.0,"(1081, 85, 90)","(1081.0, 85.0, 90)"
2944,981,1,XDP_XM1_XM2,0.0,0.0,0.0,"(1414, 595, 270)","(1414.0, 595.0, 270)"
2945,981,2,XM5,-3931.0799816879035,3758.0,29956.68006108499,"(1406, 1044, 180)","(1406.0, 1044.0, 180)"
2946,982,0,XM5,0.0,0.0,0.0,"(736, 672, 180)","(736.0, 672.0, 180)"
2947,982,1,XDP_XM1_XM2,0.0,0.0,0.0,"(1249, 1226, 180)","(1249.0, 1226.0, 180)"
2948,982,2,XDL_XM3_XM4,-6049.547810930713,5795.0,64794.58804961814,"(1362, 20, 0)","(1362.0, 20.0, 0)"
2949,983,0,XDP_XM1_XM2,0.0,0.0,0.0,"(52, 819, 180)","(52.0, 819.0, 180)"
2950,983,1,XM5,0.0,0.0,0.0,"(854, 1006, 0)","(854.0, 1006.0, 0)"
2951,983,2,XDL_XM3_XM4,-6381.386555493941,6032.0,122070.96515992058,"(1468, 1201, 180)","(1468.0, 1201.0, 180)"
2952,984,0,XM5,0.0,0.0,0.0,"(1195, 301, 0)","(1195.0, 301.0, 0)"
2953,984,1,XDL_XM3_XM4,0.0,0.0,0.0,"(569, 1201, 90)","(569.0, 1201.0, 90)"
2954,984,2,XDP_XM1_XM2,-6567.12405880743,6250.0,100567.6686744981,"(350, 1555, 180)","(350.0, 1555.0, 180)"
2955,985,0,XDL_XM3_XM4,0.0,0.0,0.0,"(618, 59, 180)","(618.0, -188.0, 180)"
2956,985,1,XM5,0.0,0.0,0.0,"(191, 1075, 270)","(191.0, 1075.0, 270)"
2957,985,2,XDP_XM1_XM2,-4677.094449042646,4497.0,32434.01057597443,"(725, 320, 180)","(725.0, 320.0, 180)"
2958,986,0,XM5,0.0,0.0,0.0,"(1011, 597, 0)","(979.5, 597.0, 0)"
2959,986,1,XDL_XM3_XM4,0.0,0.0,0.0,"(1253, 1347, 90)","(1253.0, 1347.0, 90)"
2960,986,2,XDP_XM1_XM2,-3482.7413679866977,3392.0,8233.995864097293,"(1390, 680, 0)","(1390.0, 680.0, 0)"
2961,987,0,XDP_XM1_XM2,0.0,0.0,0.0,"(730, 1152, 90)","(730.0, 1152.0, 90)"
2962,987,1,XM5,0.0,0.0,0.0,"(78, 209, 180)","(78.0, 209.0, 180)"
2963,987,2,XDL_XM3_XM4,-6158.097066893965,5907.0,63049.73700275261,"(1173, 624, 270)","(1173.0, 624.0, 270)"
2964,988,0,XM5,0.0,0.0,0.0,"(522, 348, 0)","(522.0, 348.0, 0)"
2965,988,1,XDL_XM3_XM4,0.0,0.0,0.0,"(281, 617, 0)","(176.0, 617.0, 0)"
2966,988,2,XDP_XM1_XM2,-6953.532409687939,6706.0,61272.293845917695,"(1535, 301, 270)","(1535.0, 301.0, 270)"
2967,989,0,XDP_XM1_XM2,0.0,0.0,0.0,"(1132, 353, 270)","(1132.0, 353.0, 270)"
2968,989,1,XM5,0.0,0.0,0.0,"(669, 530, 0)","(669.0, 530.0, 0)"
2969,989,2,XDL_XM3_XM4,-4967.499223874223,4780.0,35155.95895343602,"(1346, 1431, 270)","(1346.0, 1431.0, 270)"
2970,990,0,XM5,0.0,0.0,0.0,"(1122, 486, 90)","(1122.0, 233.5, 90)"
2971,990,1,XDL_XM3_XM4,0.0,0.0,0.0,"(770, 680, 180)","(755.5, 680.0, 180)"
2972,990,2,XDP_XM1_XM2,-2840.20778652849,2736.0,10859.262773167371,"(1116, 571, 180)","(1116.0, 571.0, 180)"
2973,991,0,XDL_XM3_XM4,0.0,0.0,0.0,"(1526, 338, 0)","(1526.0, 338.0, 0)"
2974,991,1,XDP_XM1_XM2,0.0,0.0,0.0,"(636, 75, 270)","(636.0, 75.0, 270)"
2975,991,2,XM5,-4126.842651257368,3946.0,32704.06451379384,"(1012, 139, 270)","(1012.0, 139.0, 270)"
2976,992,0,XDP_XM1_XM2,0.0,0.0,0.0,"(1087, 191, 90)","(1087.0, 191.0, 90)"
2977,992,1,XM5,0.0,0.0,0.0,"(1376, 598, 90)","(1376.0, 598.0, 90)"
2978,992,2,XDL_XM3_XM4,-5553.307885469338,5224.0,108443.68343228655,"(1400, 1454, 0)","(1400.0, 1454.0, 0)"
2979,993,0,XDP_XM1_XM2,0.0,0.0,0.0,"(799, 1421, 0)","(799.0, 1421.0, 0)"
2980,993,1,XDL_XM3_XM4,0.0,0.0,0.0,"(773, 857, 180)","(773.0, 857.0, 180)"
2981,993,2,XM5,-4988.202303989063,4696.0,85382.18645651656,"(1031, 296, 90)","(1031.0, 290.5, 90)"
2982,994,0,XDP_XM1_XM2,0.0,0.0,0.0,"(481, 153, 90)","(481.0, 153.0, 90)"
2983,994,1,XM5,0.0,0.0,0.0,"(8, 722, 0)","(8.0, 722.0, 0)"
2984,994,2,XDL_XM3_XM4,-5581.502031183209,5262.0,102081.54793019597,"(106, 1106, 180)","(106.0, 1230.0, 180)"
2985,995,0,XDP_XM1_XM2,0.0,0.0,0.0,"(1458, 919, 180)","(1458.0, 919.0, 180)"
2986,995,1,XDL_XM3_XM4,0.0,0.0,0.0,"(1002, 654, 180)","(1002.0, 654.0, 180)"
2987,995,2,XM5,-4270.061359271379,4103.0,27909.497761600673,"(737, 1023, 90)","(714.5, 1023.0, 90)"
2988,996,0,XDL_XM3_XM4,0.0,0.0,0.0,"(443, 710, 270)","(443.0, 927.5, 270)"
2989,996,1,XDP_XM1_XM2,0.0,0.0,0.0,"(820, 194, 0)","(820.0, 194.0, 0)"
2990,996,2,XM5,-4524.049925182757,4291.0,54312.26762768844,"(615, 640, 180)","(615.0, 640.0, 180)"
2991,997,0,XDL_XM3_XM4,0.0,0.0,0.0,"(1044, 414, 90)","(1044.0, 414.0, 90)"
2992,997,1,XDP_XM1_XM2,0.0,0.0,0.0,"(887, 790, 180)","(887.0, 790.0, 180)"
2993,997,2,XM5,-4425.833738814649,4157.0,72271.579125063,"(1541, 482, 270)","(1552.0, 482.0, 270)"
2994,998,0,XDP_XM1_XM2,0.0,0.0,0.0,"(1252, 21, 90)","(1252.0, 21.0, 90)"
2995,998,1,XDL_XM3_XM4,0.0,0.0,0.0,"(25, 726, 90)","(25.0, 726.0, 90)"
2996,998,2,XM5,-6112.480325139488,5821.0,84960.77994342128,"(1200, 483, 180)","(1200.0, 483.0, 180)"
2997,999,0,XDP_XM1_XM2,0.0,0.0,0.0,"(1323, 1338, 90)","(1323.0, 1338.0, 90)"
2998,999,1,XDL_XM3_XM4,0.0,0.0,0.0,"(129, 1088, 180)","(129.0, 1088.0, 180)"
2999,999,2,XM5,-4748.465235595926,4607.0,20012.412882210883,"(942, 1555, 90)","(942.0, 1555.0, 90)"
