,n_placement,n_step,placed_dev,reward,HPWL,congestion,action,legalized_action
0,0,0,XDL_XM1_XM2_x3_x1,0.0,0.0,0.0,"(434, 269, 180)","(1045.5, 269.0, 180)"
1,0,1,XM6_x3_x1,0.0,0.0,0.0,"(434, 269, 180)","(434.0, -289.0, 180)"
2,0,2,XM3_x3_x1,0.0,0.0,0.0,"(434, 269, 180)","(434.0, -10.0, 180)"
3,0,3,XR6_x3_x1,0.0,0.0,0.0,"(434, 269, 180)","(732.5, 269.0, 180)"
4,0,4,XM4_x3_x1,-5618.933083668175,5271.0,121057.43071084484,"(434, 269, 180)","(434.0, 269.0, 180)"
5,1,0,XM6_x3_x1,0.0,0.0,0.0,"(434, 269, 180)","(1157.5, -289.0, 180)"
6,1,1,XM3_x3_x1,0.0,0.0,0.0,"(434, 269, 180)","(1157.5, -10.0, 180)"
7,1,2,XM4_x3_x1,0.0,0.0,0.0,"(434, 269, 180)","(1157.5, 269.0, 180)"
8,1,3,XDL_XM1_XM2_x3_x1,0.0,0.0,0.0,"(434, 269, 180)","(747.0, 269.0, 180)"
9,1,4,XR6_x3_x1,-6020.373429494801,5621.0,159499.1361864386,"(434, 269, 180)","(434.0, 269.0, 180)"
10,2,0,XR6_x3_x1,0.0,0.0,0.0,"(434, 269, 180)","(1157.5, 269.0, 180)"
11,2,1,XDL_XM1_XM2_x3_x1,0.0,0.0,0.0,"(434, 269, 180)","(844.5, 269.0, 180)"
12,2,2,XM4_x3_x1,0.0,0.0,0.0,"(434, 269, 180)","(434.0, -289.0, 180)"
13,2,3,XM6_x3_x1,0.0,0.0,0.0,"(434, 269, 180)","(434.0, -10.0, 180)"
14,2,4,XM3_x3_x1,-5991.116672614745,5621.0,136986.35134741,"(434, 269, 180)","(434.0, 269.0, 180)"
15,3,0,XM6_x3_x1,0.0,0.0,0.0,"(434, 269, 180)","(434.0, -289.0, 180)"
16,3,1,XM3_x3_x1,0.0,0.0,0.0,"(434, 269, 180)","(434.0, -10.0, 180)"
17,3,2,XR6_x3_x1,0.0,0.0,0.0,"(434, 269, 180)","(1157.5, 269.0, 180)"
18,3,3,XDL_XM1_XM2_x3_x1,0.0,0.0,0.0,"(434, 269, 180)","(844.5, 269.0, 180)"
19,3,4,XM4_x3_x1,-6133.3948328467195,5719.0,171723.077490061,"(434, 269, 180)","(434.0, 269.0, 180)"
20,4,0,XM3_x3_x1,0.0,0.0,0.0,"(434, 269, 180)","(1045.5, -289.0, 180)"
21,4,1,XM6_x3_x1,0.0,0.0,0.0,"(434, 269, 180)","(1045.5, -10.0, 180)"
22,4,2,XM4_x3_x1,0.0,0.0,0.0,"(434, 269, 180)","(1045.5, 269.0, 180)"
23,4,3,XR6_x3_x1,0.0,0.0,0.0,"(434, 269, 180)","(747.0, 269.0, 180)"
24,4,4,XDL_XM1_XM2_x3_x1,-6057.328464113672,5678.0,143890.08368683775,"(434, 269, 180)","(434.0, 269.0, 180)"
25,5,0,XM3_x3_x1,0.0,0.0,0.0,"(434, 269, 180)","(732.5, -289.0, 180)"
26,5,1,XDL_XM1_XM2_x3_x1,0.0,0.0,0.0,"(434, 269, 180)","(1143.0, 269.0, 180)"
27,5,2,XM4_x3_x1,0.0,0.0,0.0,"(434, 269, 180)","(732.5, -10.0, 180)"
28,5,3,XM6_x3_x1,0.0,0.0,0.0,"(434, 269, 180)","(732.5, 269.0, 180)"
29,5,4,XR6_x3_x1,-5445.254383368909,5161.0,80800.55446443873,"(434, 269, 180)","(434.0, 269.0, 180)"
30,6,0,XR6_x3_x1,0.0,0.0,0.0,"(434, 269, 180)","(1157.5, 269.0, 180)"
31,6,1,XM6_x3_x1,0.0,0.0,0.0,"(434, 269, 180)","(434.0, -289.0, 180)"
32,6,2,XDL_XM1_XM2_x3_x1,0.0,0.0,0.0,"(434, 269, 180)","(844.5, 269.0, 180)"
33,6,3,XM4_x3_x1,0.0,0.0,0.0,"(434, 269, 180)","(434.0, -10.0, 180)"
34,6,4,XM3_x3_x1,-5877.79984782976,5517.0,130176.53019397832,"(434, 269, 180)","(434.0, 269.0, 180)"
35,7,0,XM4_x3_x1,0.0,0.0,0.0,"(434, 269, 180)","(844.5, -289.0, 180)"
36,7,1,XR6_x3_x1,0.0,0.0,0.0,"(434, 269, 180)","(1143.0, 269.0, 180)"
37,7,2,XM3_x3_x1,0.0,0.0,0.0,"(434, 269, 180)","(844.5, -10.0, 180)"
38,7,3,XM6_x3_x1,0.0,0.0,0.0,"(434, 269, 180)","(844.5, 269.0, 180)"
39,7,4,XDL_XM1_XM2_x3_x1,-5493.009207054865,5165.0,107590.03991276152,"(434, 269, 180)","(434.0, 269.0, 180)"
40,8,0,XM4_x3_x1,0.0,0.0,0.0,"(434, 269, 180)","(434.0, -289.0, 180)"
41,8,1,XDL_XM1_XM2_x3_x1,0.0,0.0,0.0,"(434, 269, 180)","(1045.5, 269.0, 180)"
42,8,2,XM3_x3_x1,0.0,0.0,0.0,"(434, 269, 180)","(434.0, -10.0, 180)"
43,8,3,XR6_x3_x1,0.0,0.0,0.0,"(434, 269, 180)","(732.5, 269.0, 180)"
44,8,4,XM6_x3_x1,-5814.418936901573,5452.0,131347.4858248667,"(434, 269, 180)","(434.0, 269.0, 180)"
45,9,0,XDL_XM1_XM2_x3_x1,0.0,0.0,0.0,"(434, 269, 180)","(1045.5, 269.0, 180)"
46,9,1,XR6_x3_x1,0.0,0.0,0.0,"(434, 269, 180)","(732.5, 269.0, 180)"
47,9,2,XM6_x3_x1,0.0,0.0,0.0,"(434, 269, 180)","(434.0, -289.0, 180)"
48,9,3,XM4_x3_x1,0.0,0.0,0.0,"(434, 269, 180)","(434.0, -10.0, 180)"
49,9,4,XM3_x3_x1,-5378.145930611724,5069.0,95571.20641378862,"(434, 269, 180)","(434.0, 269.0, 180)"
50,10,0,XM6_x3_x1,0.0,0.0,0.0,"(434, 269, 180)","(1045.5, -289.0, 180)"
51,10,1,XM4_x3_x1,0.0,0.0,0.0,"(434, 269, 180)","(1045.5, -10.0, 180)"
52,10,2,XM3_x3_x1,0.0,0.0,0.0,"(434, 269, 180)","(1045.5, 269.0, 180)"
53,10,3,XR6_x3_x1,0.0,0.0,0.0,"(434, 269, 180)","(747.0, 269.0, 180)"
54,10,4,XDL_XM1_XM2_x3_x1,-5277.365909637485,4971.0,93860.07058800368,"(434, 269, 180)","(434.0, 269.0, 180)"
55,11,0,XR6_x3_x1,0.0,0.0,0.0,"(434, 269, 180)","(1157.5, 269.0, 180)"
56,11,1,XM3_x3_x1,0.0,0.0,0.0,"(434, 269, 180)","(434.0, -289.0, 180)"
57,11,2,XDL_XM1_XM2_x3_x1,0.0,0.0,0.0,"(434, 269, 180)","(844.5, 269.0, 180)"
58,11,3,XM4_x3_x1,0.0,0.0,0.0,"(434, 269, 180)","(434.0, -10.0, 180)"
59,11,4,XM6_x3_x1,-6689.012581049695,6224.0,216236.70053449858,"(434, 269, 180)","(434.0, 269.0, 180)"
60,12,0,XDL_XM1_XM2_x3_x1,0.0,0.0,0.0,"(434, 269, 180)","(1045.5, 269.0, 180)"
61,12,1,XM4_x3_x1,0.0,0.0,0.0,"(434, 269, 180)","(434.0, -289.0, 180)"
62,12,2,XR6_x3_x1,0.0,0.0,0.0,"(434, 269, 180)","(732.5, 269.0, 180)"
63,12,3,XM6_x3_x1,0.0,0.0,0.0,"(434, 269, 180)","(434.0, -10.0, 180)"
64,12,4,XM3_x3_x1,-5492.8994756073935,5173.0,102335.67449388531,"(434, 269, 180)","(434.0, 269.0, 180)"
65,13,0,XM4_x3_x1,0.0,0.0,0.0,"(434, 269, 180)","(434.0, -289.0, 180)"
66,13,1,XM3_x3_x1,0.0,0.0,0.0,"(434, 269, 180)","(434.0, -10.0, 180)"
67,13,2,XDL_XM1_XM2_x3_x1,0.0,0.0,0.0,"(434, 269, 180)","(1045.5, 269.0, 180)"
68,13,3,XR6_x3_x1,0.0,0.0,0.0,"(434, 269, 180)","(732.5, 269.0, 180)"
69,13,4,XM6_x3_x1,-5814.418936901573,5452.0,131347.4858248667,"(434, 269, 180)","(434.0, 269.0, 180)"
70,14,0,XR6_x3_x1,0.0,0.0,0.0,"(434, 269, 180)","(1143.0, 269.0, 180)"
71,14,1,XM3_x3_x1,0.0,0.0,0.0,"(434, 269, 180)","(844.5, -289.0, 180)"
72,14,2,XM6_x3_x1,0.0,0.0,0.0,"(434, 269, 180)","(844.5, -10.0, 180)"
73,14,3,XM4_x3_x1,0.0,0.0,0.0,"(434, 269, 180)","(844.5, 269.0, 180)"
74,14,4,XDL_XM1_XM2_x3_x1,-5848.834762505618,5489.0,129481.05630747443,"(434, 269, 180)","(434.0, 269.0, 180)"
75,15,0,XM6_x3_x1,0.0,0.0,0.0,"(434, 269, 180)","(434.0, -289.0, 180)"
76,15,1,XDL_XM1_XM2_x3_x1,0.0,0.0,0.0,"(434, 269, 180)","(1045.5, 269.0, 180)"
77,15,2,XM4_x3_x1,0.0,0.0,0.0,"(434, 269, 180)","(434.0, -10.0, 180)"
78,15,3,XR6_x3_x1,0.0,0.0,0.0,"(434, 269, 180)","(732.5, 269.0, 180)"
79,15,4,XM3_x3_x1,-5378.145930611724,5069.0,95571.20641378862,"(434, 269, 180)","(434.0, 269.0, 180)"
80,16,0,XM4_x3_x1,0.0,0.0,0.0,"(434, 269, 180)","(434.0, -289.0, 180)"
81,16,1,XR6_x3_x1,0.0,0.0,0.0,"(434, 269, 180)","(1157.5, 269.0, 180)"
82,16,2,XDL_XM1_XM2_x3_x1,0.0,0.0,0.0,"(434, 269, 180)","(844.5, 269.0, 180)"
83,16,3,XM3_x3_x1,0.0,0.0,0.0,"(434, 269, 180)","(434.0, -10.0, 180)"
84,16,4,XM6_x3_x1,-6325.851349054722,5900.0,181349.37149172637,"(434, 269, 180)","(434.0, 269.0, 180)"
85,17,0,XM3_x3_x1,0.0,0.0,0.0,"(434, 269, 180)","(844.5, -289.0, 180)"
86,17,1,XM6_x3_x1,0.0,0.0,0.0,"(434, 269, 180)","(844.5, -10.0, 180)"
87,17,2,XR6_x3_x1,0.0,0.0,0.0,"(434, 269, 180)","(1143.0, 269.0, 180)"
88,17,3,XM4_x3_x1,0.0,0.0,0.0,"(434, 269, 180)","(844.5, 269.0, 180)"
89,17,4,XDL_XM1_XM2_x3_x1,-5848.834762505618,5489.0,129481.05630747443,"(434, 269, 180)","(434.0, 269.0, 180)"
90,18,0,XDL_XM1_XM2_x3_x1,0.0,0.0,0.0,"(434, 269, 180)","(1045.5, 269.0, 180)"
91,18,1,XM3_x3_x1,0.0,0.0,0.0,"(434, 269, 180)","(434.0, -289.0, 180)"
92,18,2,XM4_x3_x1,0.0,0.0,0.0,"(434, 269, 180)","(434.0, -10.0, 180)"
93,18,3,XR6_x3_x1,0.0,0.0,0.0,"(434, 269, 180)","(732.5, 269.0, 180)"
94,18,4,XM6_x3_x1,-6173.321397057362,5776.0,157864.292559614,"(434, 269, 180)","(434.0, 269.0, 180)"
95,19,0,XM3_x3_x1,0.0,0.0,0.0,"(434, 269, 180)","(434.0, -289.0, 180)"
96,19,1,XDL_XM1_XM2_x3_x1,0.0,0.0,0.0,"(434, 269, 180)","(1045.5, 269.0, 180)"
97,19,2,XR6_x3_x1,0.0,0.0,0.0,"(434, 269, 180)","(732.5, 269.0, 180)"
98,19,3,XM6_x3_x1,0.0,0.0,0.0,"(434, 269, 180)","(434.0, -10.0, 180)"
99,19,4,XM4_x3_x1,-6173.321397057362,5776.0,157864.292559614,"(434, 269, 180)","(434.0, 269.0, 180)"
100,20,0,XM3_x3_x1,0.0,0.0,0.0,"(434, 269, 180)","(434.0, -289.0, 180)"
101,20,1,XR6_x3_x1,0.0,0.0,0.0,"(434, 269, 180)","(1157.5, 269.0, 180)"
102,20,2,XDL_XM1_XM2_x3_x1,0.0,0.0,0.0,"(434, 269, 180)","(844.5, 269.0, 180)"
103,20,3,XM4_x3_x1,0.0,0.0,0.0,"(434, 269, 180)","(434.0, -10.0, 180)"
104,20,4,XM6_x3_x1,-6689.012581049695,6224.0,216236.70053449858,"(434, 269, 180)","(434.0, 269.0, 180)"
105,21,0,XM4_x3_x1,0.0,0.0,0.0,"(434, 269, 180)","(844.5, -289.0, 180)"
106,21,1,XM3_x3_x1,0.0,0.0,0.0,"(434, 269, 180)","(844.5, -10.0, 180)"
107,21,2,XR6_x3_x1,0.0,0.0,0.0,"(434, 269, 180)","(1143.0, 269.0, 180)"
108,21,3,XM6_x3_x1,0.0,0.0,0.0,"(434, 269, 180)","(844.5, 269.0, 180)"
109,21,4,XDL_XM1_XM2_x3_x1,-5493.009207054865,5165.0,107590.03991276152,"(434, 269, 180)","(434.0, 269.0, 180)"
110,22,0,XM4_x3_x1,0.0,0.0,0.0,"(434, 269, 180)","(1157.5, -289.0, 180)"
111,22,1,XM6_x3_x1,0.0,0.0,0.0,"(434, 269, 180)","(1157.5, -10.0, 180)"
112,22,2,XM3_x3_x1,0.0,0.0,0.0,"(434, 269, 180)","(1157.5, 269.0, 180)"
113,22,3,XDL_XM1_XM2_x3_x1,0.0,0.0,0.0,"(434, 269, 180)","(747.0, 269.0, 180)"
114,22,4,XR6_x3_x1,-5890.955954610246,5523.0,135391.58453313747,"(434, 269, 180)","(434.0, 269.0, 180)"
115,23,0,XM6_x3_x1,0.0,0.0,0.0,"(434, 269, 180)","(434.0, -289.0, 180)"
116,23,1,XR6_x3_x1,0.0,0.0,0.0,"(434, 269, 180)","(1157.5, 269.0, 180)"
117,23,2,XM3_x3_x1,0.0,0.0,0.0,"(434, 269, 180)","(434.0, -10.0, 180)"
118,23,3,XDL_XM1_XM2_x3_x1,0.0,0.0,0.0,"(434, 269, 180)","(844.5, 269.0, 180)"
119,23,4,XM4_x3_x1,-6133.3948328467195,5719.0,171723.077490061,"(434, 269, 180)","(434.0, 269.0, 180)"
120,24,0,XR6_x3_x1,0.0,0.0,0.0,"(434, 269, 180)","(1143.0, 269.0, 180)"
121,24,1,XM4_x3_x1,0.0,0.0,0.0,"(434, 269, 180)","(844.5, -289.0, 180)"
122,24,2,XM6_x3_x1,0.0,0.0,0.0,"(434, 269, 180)","(844.5, -10.0, 180)"
123,24,3,XM3_x3_x1,0.0,0.0,0.0,"(434, 269, 180)","(844.5, 269.0, 180)"
124,24,4,XDL_XM1_XM2_x3_x1,-5176.086846074678,4886.0,84150.37826555397,"(434, 269, 180)","(434.0, 269.0, 180)"
125,25,0,XDL_XM1_XM2_x3_x1,0.0,0.0,0.0,"(434, 269, 180)","(1045.5, 269.0, 180)"
126,25,1,XM6_x3_x1,0.0,0.0,0.0,"(434, 269, 180)","(434.0, -289.0, 180)"
127,25,2,XM3_x3_x1,0.0,0.0,0.0,"(434, 269, 180)","(434.0, -10.0, 180)"
128,25,3,XR6_x3_x1,0.0,0.0,0.0,"(434, 269, 180)","(732.5, 269.0, 180)"
129,25,4,XM4_x3_x1,-5618.933083668175,5271.0,121057.43071084484,"(434, 269, 180)","(434.0, 269.0, 180)"
130,26,0,XDL_XM1_XM2_x3_x1,0.0,0.0,0.0,"(434, 269, 180)","(1045.5, 269.0, 180)"
131,26,1,XM4_x3_x1,0.0,0.0,0.0,"(434, 269, 180)","(434.0, -289.0, 180)"
132,26,2,XM3_x3_x1,0.0,0.0,0.0,"(434, 269, 180)","(434.0, -10.0, 180)"
133,26,3,XR6_x3_x1,0.0,0.0,0.0,"(434, 269, 180)","(732.5, 269.0, 180)"
134,26,4,XM6_x3_x1,-5814.418936901573,5452.0,131347.4858248667,"(434, 269, 180)","(434.0, 269.0, 180)"
135,27,0,XM4_x3_x1,0.0,0.0,0.0,"(434, 269, 180)","(1045.5, -289.0, 180)"
136,27,1,XM6_x3_x1,0.0,0.0,0.0,"(434, 269, 180)","(1045.5, -10.0, 180)"
137,27,2,XM3_x3_x1,0.0,0.0,0.0,"(434, 269, 180)","(1045.5, 269.0, 180)"
138,27,3,XR6_x3_x1,0.0,0.0,0.0,"(434, 269, 180)","(747.0, 269.0, 180)"
139,27,4,XDL_XM1_XM2_x3_x1,-5393.507660977564,5075.0,101447.13010139928,"(434, 269, 180)","(434.0, 269.0, 180)"
140,28,0,XDL_XM1_XM2_x3_x1,0.0,0.0,0.0,"(434, 269, 180)","(1045.5, 269.0, 180)"
141,28,1,XM4_x3_x1,0.0,0.0,0.0,"(434, 269, 180)","(434.0, -289.0, 180)"
142,28,2,XR6_x3_x1,0.0,0.0,0.0,"(434, 269, 180)","(732.5, 269.0, 180)"
143,28,3,XM6_x3_x1,0.0,0.0,0.0,"(434, 269, 180)","(434.0, -10.0, 180)"
144,28,4,XM3_x3_x1,-5492.8994756073935,5173.0,102335.67449388531,"(434, 269, 180)","(434.0, 269.0, 180)"
145,29,0,XM3_x3_x1,0.0,0.0,0.0,"(434, 269, 180)","(844.5, -289.0, 180)"
146,29,1,XR6_x3_x1,0.0,0.0,0.0,"(434, 269, 180)","(1143.0, 269.0, 180)"
147,29,2,XM6_x3_x1,0.0,0.0,0.0,"(434, 269, 180)","(844.5, -10.0, 180)"
148,29,3,XM4_x3_x1,0.0,0.0,0.0,"(434, 269, 180)","(844.5, 269.0, 180)"
149,29,4,XDL_XM1_XM2_x3_x1,-5848.834762505618,5489.0,129481.05630747443,"(434, 269, 180)","(434.0, 269.0, 180)"
150,30,0,XM6_x3_x1,0.0,0.0,0.0,"(434, 269, 180)","(844.5, -289.0, 180)"
151,30,1,XM3_x3_x1,0.0,0.0,0.0,"(434, 269, 180)","(844.5, -10.0, 180)"
152,30,2,XR6_x3_x1,0.0,0.0,0.0,"(434, 269, 180)","(1143.0, 269.0, 180)"
153,30,3,XM4_x3_x1,0.0,0.0,0.0,"(434, 269, 180)","(844.5, 269.0, 180)"
154,30,4,XDL_XM1_XM2_x3_x1,-5295.757971858939,4984.0,97193.03301759888,"(434, 269, 180)","(434.0, 269.0, 180)"
155,31,0,XDL_XM1_XM2_x3_x1,0.0,0.0,0.0,"(434, 269, 180)","(1045.5, 269.0, 180)"
156,31,1,XM6_x3_x1,0.0,0.0,0.0,"(434, 269, 180)","(434.0, -289.0, 180)"
157,31,2,XM4_x3_x1,0.0,0.0,0.0,"(434, 269, 180)","(434.0, -10.0, 180)"
158,31,3,XR6_x3_x1,0.0,0.0,0.0,"(434, 269, 180)","(732.5, 269.0, 180)"
159,31,4,XM3_x3_x1,-5378.145930611724,5069.0,95571.20641378862,"(434, 269, 180)","(434.0, 269.0, 180)"
160,32,0,XM3_x3_x1,0.0,0.0,0.0,"(434, 269, 180)","(434.0, -289.0, 180)"
161,32,1,XDL_XM1_XM2_x3_x1,0.0,0.0,0.0,"(434, 269, 180)","(1045.5, 269.0, 180)"
162,32,2,XM6_x3_x1,0.0,0.0,0.0,"(434, 269, 180)","(434.0, -10.0, 180)"
163,32,3,XR6_x3_x1,0.0,0.0,0.0,"(434, 269, 180)","(732.5, 269.0, 180)"
164,32,4,XM4_x3_x1,-6173.321397057362,5776.0,157864.292559614,"(434, 269, 180)","(434.0, 269.0, 180)"
165,33,0,XM6_x3_x1,0.0,0.0,0.0,"(434, 269, 180)","(844.5, -289.0, 180)"
166,33,1,XM4_x3_x1,0.0,0.0,0.0,"(434, 269, 180)","(844.5, -10.0, 180)"
167,33,2,XR6_x3_x1,0.0,0.0,0.0,"(434, 269, 180)","(1143.0, 269.0, 180)"
168,33,3,XM3_x3_x1,0.0,0.0,0.0,"(434, 269, 180)","(844.5, 269.0, 180)"
169,33,4,XDL_XM1_XM2_x3_x1,-5059.945188150568,4782.0,77253.52761605495,"(434, 269, 180)","(434.0, 269.0, 180)"
170,34,0,XM4_x3_x1,0.0,0.0,0.0,"(434, 269, 180)","(434.0, -289.0, 180)"
171,34,1,XM6_x3_x1,0.0,0.0,0.0,"(434, 269, 180)","(434.0, -10.0, 180)"
172,34,2,XDL_XM1_XM2_x3_x1,0.0,0.0,0.0,"(434, 269, 180)","(1045.5, 269.0, 180)"
173,34,3,XR6_x3_x1,0.0,0.0,0.0,"(434, 269, 180)","(732.5, 269.0, 180)"
174,34,4,XM3_x3_x1,-5492.8994756073935,5173.0,102335.67449388531,"(434, 269, 180)","(434.0, 269.0, 180)"
175,35,0,XDL_XM1_XM2_x3_x1,0.0,0.0,0.0,"(434, 269, 180)","(1045.5, 269.0, 180)"
176,35,1,XM6_x3_x1,0.0,0.0,0.0,"(434, 269, 180)","(434.0, -289.0, 180)"
177,35,2,XR6_x3_x1,0.0,0.0,0.0,"(434, 269, 180)","(732.5, 269.0, 180)"
178,35,3,XM4_x3_x1,0.0,0.0,0.0,"(434, 269, 180)","(434.0, -10.0, 180)"
179,35,4,XM3_x3_x1,-5378.145930611724,5069.0,95571.20641378862,"(434, 269, 180)","(434.0, 269.0, 180)"
180,36,0,XM6_x3_x1,0.0,0.0,0.0,"(434, 269, 180)","(434.0, -289.0, 180)"
181,36,1,XR6_x3_x1,0.0,0.0,0.0,"(434, 269, 180)","(1157.5, 269.0, 180)"
182,36,2,XM3_x3_x1,0.0,0.0,0.0,"(434, 269, 180)","(434.0, -10.0, 180)"
183,36,3,XDL_XM1_XM2_x3_x1,0.0,0.0,0.0,"(434, 269, 180)","(844.5, 269.0, 180)"
184,36,4,XM4_x3_x1,-6133.3948328467195,5719.0,171723.077490061,"(434, 269, 180)","(434.0, 269.0, 180)"
185,37,0,XDL_XM1_XM2_x3_x1,0.0,0.0,0.0,"(434, 269, 180)","(1045.5, 269.0, 180)"
186,37,1,XM6_x3_x1,0.0,0.0,0.0,"(434, 269, 180)","(434.0, -289.0, 180)"
187,37,2,XR6_x3_x1,0.0,0.0,0.0,"(434, 269, 180)","(732.5, 269.0, 180)"
188,37,3,XM4_x3_x1,0.0,0.0,0.0,"(434, 269, 180)","(434.0, -10.0, 180)"
189,37,4,XM3_x3_x1,-5378.145930611724,5069.0,95571.20641378862,"(434, 269, 180)","(434.0, 269.0, 180)"
190,38,0,XM4_x3_x1,0.0,0.0,0.0,"(434, 269, 180)","(434.0, -289.0, 180)"
191,38,1,XR6_x3_x1,0.0,0.0,0.0,"(434, 269, 180)","(1157.5, 269.0, 180)"
192,38,2,XDL_XM1_XM2_x3_x1,0.0,0.0,0.0,"(434, 269, 180)","(844.5, 269.0, 180)"
193,38,3,XM3_x3_x1,0.0,0.0,0.0,"(434, 269, 180)","(434.0, -10.0, 180)"
194,38,4,XM6_x3_x1,-6325.851349054722,5900.0,181349.37149172637,"(434, 269, 180)","(434.0, 269.0, 180)"
195,39,0,XM6_x3_x1,0.0,0.0,0.0,"(434, 269, 180)","(1157.5, -289.0, 180)"
196,39,1,XM4_x3_x1,0.0,0.0,0.0,"(434, 269, 180)","(1157.5, -10.0, 180)"
197,39,2,XM3_x3_x1,0.0,0.0,0.0,"(434, 269, 180)","(1157.5, 269.0, 180)"
198,39,3,XDL_XM1_XM2_x3_x1,0.0,0.0,0.0,"(434, 269, 180)","(747.0, 269.0, 180)"
199,39,4,XR6_x3_x1,-5776.761066093991,5419.0,127992.98041270908,"(434, 269, 180)","(434.0, 269.0, 180)"
200,40,0,XR6_x3_x1,0.0,0.0,0.0,"(434, 269, 180)","(1143.0, 269.0, 180)"
201,40,1,XM6_x3_x1,0.0,0.0,0.0,"(434, 269, 180)","(844.5, -289.0, 180)"
202,40,2,XM4_x3_x1,0.0,0.0,0.0,"(434, 269, 180)","(844.5, -10.0, 180)"
203,40,3,XM3_x3_x1,0.0,0.0,0.0,"(434, 269, 180)","(844.5, 269.0, 180)"
204,40,4,XDL_XM1_XM2_x3_x1,-5059.945188150568,4782.0,77253.52761605495,"(434, 269, 180)","(434.0, 269.0, 180)"
205,41,0,XDL_XM1_XM2_x3_x1,0.0,0.0,0.0,"(434, 269, 180)","(1045.5, 269.0, 180)"
206,41,1,XM3_x3_x1,0.0,0.0,0.0,"(434, 269, 180)","(434.0, -289.0, 180)"
207,41,2,XR6_x3_x1,0.0,0.0,0.0,"(434, 269, 180)","(732.5, 269.0, 180)"
208,41,3,XM4_x3_x1,0.0,0.0,0.0,"(434, 269, 180)","(434.0, -10.0, 180)"
209,41,4,XM6_x3_x1,-6173.321397057362,5776.0,157864.292559614,"(434, 269, 180)","(434.0, 269.0, 180)"
210,42,0,XM3_x3_x1,0.0,0.0,0.0,"(434, 269, 180)","(1157.5, -289.0, 180)"
211,42,1,XM4_x3_x1,0.0,0.0,0.0,"(434, 269, 180)","(1157.5, -10.0, 180)"
212,42,2,XM6_x3_x1,0.0,0.0,0.0,"(434, 269, 180)","(1157.5, 269.0, 180)"
213,42,3,XDL_XM1_XM2_x3_x1,0.0,0.0,0.0,"(434, 269, 180)","(747.0, 269.0, 180)"
214,42,4,XR6_x3_x1,-6572.39056819305,6126.0,199264.53937171373,"(434, 269, 180)","(434.0, 269.0, 180)"
215,43,0,XR6_x3_x1,0.0,0.0,0.0,"(434, 269, 180)","(1157.5, 269.0, 180)"
216,43,1,XDL_XM1_XM2_x3_x1,0.0,0.0,0.0,"(434, 269, 180)","(844.5, 269.0, 180)"
217,43,2,XM3_x3_x1,0.0,0.0,0.0,"(434, 269, 180)","(434.0, -289.0, 180)"
218,43,3,XM4_x3_x1,0.0,0.0,0.0,"(434, 269, 180)","(434.0, -10.0, 180)"
219,43,4,XM6_x3_x1,-6689.012581049695,6224.0,216236.70053449858,"(434, 269, 180)","(434.0, 269.0, 180)"
220,44,0,XDL_XM1_XM2_x3_x1,0.0,0.0,0.0,"(434, 269, 180)","(1143.0, 269.0, 180)"
221,44,1,XM6_x3_x1,0.0,0.0,0.0,"(434, 269, 180)","(732.5, -289.0, 180)"
222,44,2,XM3_x3_x1,0.0,0.0,0.0,"(434, 269, 180)","(732.5, -10.0, 180)"
223,44,3,XM4_x3_x1,0.0,0.0,0.0,"(434, 269, 180)","(732.5, 269.0, 180)"
224,44,4,XR6_x3_x1,-4908.420885880822,4656.0,63716.30362885911,"(434, 269, 180)","(434.0, 269.0, 180)"
225,45,0,XDL_XM1_XM2_x3_x1,0.0,0.0,0.0,"(434, 269, 180)","(1045.5, 269.0, 180)"
226,45,1,XM4_x3_x1,0.0,0.0,0.0,"(434, 269, 180)","(434.0, -289.0, 180)"
227,45,2,XR6_x3_x1,0.0,0.0,0.0,"(434, 269, 180)","(732.5, 269.0, 180)"
228,45,3,XM3_x3_x1,0.0,0.0,0.0,"(434, 269, 180)","(434.0, -10.0, 180)"
229,45,4,XM6_x3_x1,-5814.418936901573,5452.0,131347.4858248667,"(434, 269, 180)","(434.0, 269.0, 180)"
230,46,0,XDL_XM1_XM2_x3_x1,0.0,0.0,0.0,"(434, 269, 180)","(1045.5, 269.0, 180)"
231,46,1,XM4_x3_x1,0.0,0.0,0.0,"(434, 269, 180)","(434.0, -289.0, 180)"
232,46,2,XR6_x3_x1,0.0,0.0,0.0,"(434, 269, 180)","(732.5, 269.0, 180)"
233,46,3,XM6_x3_x1,0.0,0.0,0.0,"(434, 269, 180)","(434.0, -10.0, 180)"
234,46,4,XM3_x3_x1,-5492.8994756073935,5173.0,102335.67449388531,"(434, 269, 180)","(434.0, 269.0, 180)"
235,47,0,XDL_XM1_XM2_x3_x1,0.0,0.0,0.0,"(434, 269, 180)","(1045.5, 269.0, 180)"
236,47,1,XM3_x3_x1,0.0,0.0,0.0,"(434, 269, 180)","(434.0, -289.0, 180)"
237,47,2,XR6_x3_x1,0.0,0.0,0.0,"(434, 269, 180)","(732.5, 269.0, 180)"
238,47,3,XM4_x3_x1,0.0,0.0,0.0,"(434, 269, 180)","(434.0, -10.0, 180)"
239,47,4,XM6_x3_x1,-6173.321397057362,5776.0,157864.292559614,"(434, 269, 180)","(434.0, 269.0, 180)"
240,48,0,XR6_x3_x1,0.0,0.0,0.0,"(434, 269, 180)","(1157.5, 269.0, 180)"
241,48,1,XM6_x3_x1,0.0,0.0,0.0,"(434, 269, 180)","(434.0, -289.0, 180)"
242,48,2,XM4_x3_x1,0.0,0.0,0.0,"(434, 269, 180)","(434.0, -10.0, 180)"
243,48,3,XDL_XM1_XM2_x3_x1,0.0,0.0,0.0,"(434, 269, 180)","(844.5, 269.0, 180)"
244,48,4,XM3_x3_x1,-5877.79984782976,5517.0,130176.53019397832,"(434, 269, 180)","(434.0, 269.0, 180)"
245,49,0,XR6_x3_x1,0.0,0.0,0.0,"(434, 269, 180)","(1157.5, 269.0, 180)"
246,49,1,XM4_x3_x1,0.0,0.0,0.0,"(434, 269, 180)","(434.0, -289.0, 180)"
247,49,2,XDL_XM1_XM2_x3_x1,0.0,0.0,0.0,"(434, 269, 180)","(844.5, 269.0, 180)"
248,49,3,XM3_x3_x1,0.0,0.0,0.0,"(434, 269, 180)","(434.0, -10.0, 180)"
249,49,4,XM6_x3_x1,-6325.851349054722,5900.0,181349.37149172637,"(434, 269, 180)","(434.0, 269.0, 180)"
250,50,0,XM3_x3_x1,0.0,0.0,0.0,"(434, 269, 180)","(434.0, -289.0, 180)"
251,50,1,XM6_x3_x1,0.0,0.0,0.0,"(434, 269, 180)","(434.0, -10.0, 180)"
252,50,2,XR6_x3_x1,0.0,0.0,0.0,"(434, 269, 180)","(1157.5, 269.0, 180)"
253,50,3,XDL_XM1_XM2_x3_x1,0.0,0.0,0.0,"(434, 269, 180)","(844.5, 269.0, 180)"
254,50,4,XM4_x3_x1,-6689.012581049695,6224.0,216236.70053449858,"(434, 269, 180)","(434.0, 269.0, 180)"
255,51,0,XR6_x3_x1,0.0,0.0,0.0,"(434, 269, 180)","(1157.5, 269.0, 180)"
256,51,1,XM3_x3_x1,0.0,0.0,0.0,"(434, 269, 180)","(434.0, -289.0, 180)"
257,51,2,XM6_x3_x1,0.0,0.0,0.0,"(434, 269, 180)","(434.0, -10.0, 180)"
258,51,3,XDL_XM1_XM2_x3_x1,0.0,0.0,0.0,"(434, 269, 180)","(844.5, 269.0, 180)"
259,51,4,XM4_x3_x1,-6689.012581049695,6224.0,216236.70053449858,"(434, 269, 180)","(434.0, 269.0, 180)"
260,52,0,XR6_x3_x1,0.0,0.0,0.0,"(434, 269, 180)","(1143.0, 269.0, 180)"
261,52,1,XM6_x3_x1,0.0,0.0,0.0,"(434, 269, 180)","(844.5, -289.0, 180)"
262,52,2,XM4_x3_x1,0.0,0.0,0.0,"(434, 269, 180)","(844.5, -10.0, 180)"
263,52,3,XM3_x3_x1,0.0,0.0,0.0,"(434, 269, 180)","(844.5, 269.0, 180)"
264,52,4,XDL_XM1_XM2_x3_x1,-5059.945188150568,4782.0,77253.52761605495,"(434, 269, 180)","(434.0, 269.0, 180)"
265,53,0,XR6_x3_x1,0.0,0.0,0.0,"(434, 269, 180)","(1157.5, 269.0, 180)"
266,53,1,XM3_x3_x1,0.0,0.0,0.0,"(434, 269, 180)","(434.0, -289.0, 180)"
267,53,2,XDL_XM1_XM2_x3_x1,0.0,0.0,0.0,"(434, 269, 180)","(844.5, 269.0, 180)"
268,53,3,XM6_x3_x1,0.0,0.0,0.0,"(434, 269, 180)","(434.0, -10.0, 180)"
269,53,4,XM4_x3_x1,-6689.012581049695,6224.0,216236.70053449858,"(434, 269, 180)","(434.0, 269.0, 180)"
270,54,0,XM6_x3_x1,0.0,0.0,0.0,"(434, 269, 180)","(434.0, -289.0, 180)"
271,54,1,XDL_XM1_XM2_x3_x1,0.0,0.0,0.0,"(434, 269, 180)","(1045.5, 269.0, 180)"
272,54,2,XM3_x3_x1,0.0,0.0,0.0,"(434, 269, 180)","(434.0, -10.0, 180)"
273,54,3,XR6_x3_x1,0.0,0.0,0.0,"(434, 269, 180)","(732.5, 269.0, 180)"
274,54,4,XM4_x3_x1,-5618.933083668175,5271.0,121057.43071084484,"(434, 269, 180)","(434.0, 269.0, 180)"
275,55,0,XR6_x3_x1,0.0,0.0,0.0,"(434, 269, 180)","(1157.5, 269.0, 180)"
276,55,1,XM4_x3_x1,0.0,0.0,0.0,"(434, 269, 180)","(434.0, -289.0, 180)"
277,55,2,XM3_x3_x1,0.0,0.0,0.0,"(434, 269, 180)","(434.0, -10.0, 180)"
278,55,3,XDL_XM1_XM2_x3_x1,0.0,0.0,0.0,"(434, 269, 180)","(844.5, 269.0, 180)"
279,55,4,XM6_x3_x1,-6325.851349054722,5900.0,181349.37149172637,"(434, 269, 180)","(434.0, 269.0, 180)"
280,56,0,XM4_x3_x1,0.0,0.0,0.0,"(434, 269, 180)","(844.5, -289.0, 180)"
281,56,1,XM6_x3_x1,0.0,0.0,0.0,"(434, 269, 180)","(844.5, -10.0, 180)"
282,56,2,XR6_x3_x1,0.0,0.0,0.0,"(434, 269, 180)","(1143.0, 269.0, 180)"
283,56,3,XM3_x3_x1,0.0,0.0,0.0,"(434, 269, 180)","(844.5, 269.0, 180)"
284,56,4,XDL_XM1_XM2_x3_x1,-5176.086846074678,4886.0,84150.37826555397,"(434, 269, 180)","(434.0, 269.0, 180)"
285,57,0,XR6_x3_x1,0.0,0.0,0.0,"(434, 269, 180)","(1157.5, 269.0, 180)"
286,57,1,XM6_x3_x1,0.0,0.0,0.0,"(434, 269, 180)","(434.0, -289.0, 180)"
287,57,2,XM4_x3_x1,0.0,0.0,0.0,"(434, 269, 180)","(434.0, -10.0, 180)"
288,57,3,XDL_XM1_XM2_x3_x1,0.0,0.0,0.0,"(434, 269, 180)","(844.5, 269.0, 180)"
289,57,4,XM3_x3_x1,-5877.79984782976,5517.0,130176.53019397832,"(434, 269, 180)","(434.0, 269.0, 180)"
290,58,0,XM3_x3_x1,0.0,0.0,0.0,"(434, 269, 180)","(434.0, -289.0, 180)"
291,58,1,XR6_x3_x1,0.0,0.0,0.0,"(434, 269, 180)","(1157.5, 269.0, 180)"
292,58,2,XM6_x3_x1,0.0,0.0,0.0,"(434, 269, 180)","(434.0, -10.0, 180)"
293,58,3,XDL_XM1_XM2_x3_x1,0.0,0.0,0.0,"(434, 269, 180)","(844.5, 269.0, 180)"
294,58,4,XM4_x3_x1,-6689.012581049695,6224.0,216236.70053449858,"(434, 269, 180)","(434.0, 269.0, 180)"
295,59,0,XDL_XM1_XM2_x3_x1,0.0,0.0,0.0,"(434, 269, 180)","(1045.5, 269.0, 180)"
296,59,1,XM3_x3_x1,0.0,0.0,0.0,"(434, 269, 180)","(434.0, -289.0, 180)"
297,59,2,XM4_x3_x1,0.0,0.0,0.0,"(434, 269, 180)","(434.0, -10.0, 180)"
298,59,3,XR6_x3_x1,0.0,0.0,0.0,"(434, 269, 180)","(732.5, 269.0, 180)"
299,59,4,XM6_x3_x1,-6173.321397057362,5776.0,157864.292559614,"(434, 269, 180)","(434.0, 269.0, 180)"
300,60,0,XM3_x3_x1,0.0,0.0,0.0,"(434, 269, 180)","(732.5, -289.0, 180)"
301,60,1,XDL_XM1_XM2_x3_x1,0.0,0.0,0.0,"(434, 269, 180)","(1143.0, 269.0, 180)"
302,60,2,XM4_x3_x1,0.0,0.0,0.0,"(434, 269, 180)","(732.5, -10.0, 180)"
303,60,3,XM6_x3_x1,0.0,0.0,0.0,"(434, 269, 180)","(732.5, 269.0, 180)"
304,60,4,XR6_x3_x1,-5445.254383368909,5161.0,80800.55446443873,"(434, 269, 180)","(434.0, 269.0, 180)"
305,61,0,XM6_x3_x1,0.0,0.0,0.0,"(434, 269, 180)","(434.0, -289.0, 180)"
306,61,1,XR6_x3_x1,0.0,0.0,0.0,"(434, 269, 180)","(1157.5, 269.0, 180)"
307,61,2,XDL_XM1_XM2_x3_x1,0.0,0.0,0.0,"(434, 269, 180)","(844.5, 269.0, 180)"
308,61,3,XM3_x3_x1,0.0,0.0,0.0,"(434, 269, 180)","(434.0, -10.0, 180)"
309,61,4,XM4_x3_x1,-6133.3948328467195,5719.0,171723.077490061,"(434, 269, 180)","(434.0, 269.0, 180)"
310,62,0,XM4_x3_x1,0.0,0.0,0.0,"(434, 269, 180)","(434.0, -289.0, 180)"
311,62,1,XM6_x3_x1,0.0,0.0,0.0,"(434, 269, 180)","(434.0, -10.0, 180)"
312,62,2,XDL_XM1_XM2_x3_x1,0.0,0.0,0.0,"(434, 269, 180)","(1045.5, 269.0, 180)"
313,62,3,XR6_x3_x1,0.0,0.0,0.0,"(434, 269, 180)","(732.5, 269.0, 180)"
314,62,4,XM3_x3_x1,-5492.8994756073935,5173.0,102335.67449388531,"(434, 269, 180)","(434.0, 269.0, 180)"
315,63,0,XDL_XM1_XM2_x3_x1,0.0,0.0,0.0,"(434, 269, 180)","(1045.5, 269.0, 180)"
316,63,1,XM6_x3_x1,0.0,0.0,0.0,"(434, 269, 180)","(434.0, -289.0, 180)"
317,63,2,XR6_x3_x1,0.0,0.0,0.0,"(434, 269, 180)","(732.5, 269.0, 180)"
318,63,3,XM3_x3_x1,0.0,0.0,0.0,"(434, 269, 180)","(434.0, -10.0, 180)"
319,63,4,XM4_x3_x1,-5618.933083668175,5271.0,121057.43071084484,"(434, 269, 180)","(434.0, 269.0, 180)"
320,64,0,XM3_x3_x1,0.0,0.0,0.0,"(434, 269, 180)","(434.0, -289.0, 180)"
321,64,1,XM6_x3_x1,0.0,0.0,0.0,"(434, 269, 180)","(434.0, -10.0, 180)"
322,64,2,XDL_XM1_XM2_x3_x1,0.0,0.0,0.0,"(434, 269, 180)","(1045.5, 269.0, 180)"
323,64,3,XR6_x3_x1,0.0,0.0,0.0,"(434, 269, 180)","(732.5, 269.0, 180)"
324,64,4,XM4_x3_x1,-6173.321397057362,5776.0,157864.292559614,"(434, 269, 180)","(434.0, 269.0, 180)"
325,65,0,XM6_x3_x1,0.0,0.0,0.0,"(434, 269, 180)","(1045.5, -289.0, 180)"
326,65,1,XM3_x3_x1,0.0,0.0,0.0,"(434, 269, 180)","(1045.5, -10.0, 180)"
327,65,2,XM4_x3_x1,0.0,0.0,0.0,"(434, 269, 180)","(1045.5, 269.0, 180)"
328,65,3,XR6_x3_x1,0.0,0.0,0.0,"(434, 269, 180)","(747.0, 269.0, 180)"
329,65,4,XDL_XM1_XM2_x3_x1,-5504.770448058144,5173.0,110071.63020470197,"(434, 269, 180)","(434.0, 269.0, 180)"
330,66,0,XR6_x3_x1,0.0,0.0,0.0,"(434, 269, 180)","(1157.5, 269.0, 180)"
331,66,1,XDL_XM1_XM2_x3_x1,0.0,0.0,0.0,"(434, 269, 180)","(844.5, 269.0, 180)"
332,66,2,XM4_x3_x1,0.0,0.0,0.0,"(434, 269, 180)","(434.0, -289.0, 180)"
333,66,3,XM3_x3_x1,0.0,0.0,0.0,"(434, 269, 180)","(434.0, -10.0, 180)"
334,66,4,XM6_x3_x1,-6325.851349054722,5900.0,181349.37149172637,"(434, 269, 180)","(434.0, 269.0, 180)"
335,67,0,XM3_x3_x1,0.0,0.0,0.0,"(434, 269, 180)","(844.5, -289.0, 180)"
336,67,1,XR6_x3_x1,0.0,0.0,0.0,"(434, 269, 180)","(1143.0, 269.0, 180)"
337,67,2,XM6_x3_x1,0.0,0.0,0.0,"(434, 269, 180)","(844.5, -10.0, 180)"
338,67,3,XM4_x3_x1,0.0,0.0,0.0,"(434, 269, 180)","(844.5, 269.0, 180)"
339,67,4,XDL_XM1_XM2_x3_x1,-5848.834762505618,5489.0,129481.05630747443,"(434, 269, 180)","(434.0, 269.0, 180)"
340,68,0,XR6_x3_x1,0.0,0.0,0.0,"(434, 269, 180)","(1157.5, 269.0, 180)"
341,68,1,XM3_x3_x1,0.0,0.0,0.0,"(434, 269, 180)","(434.0, -289.0, 180)"
342,68,2,XM4_x3_x1,0.0,0.0,0.0,"(434, 269, 180)","(434.0, -10.0, 180)"
343,68,3,XDL_XM1_XM2_x3_x1,0.0,0.0,0.0,"(434, 269, 180)","(844.5, 269.0, 180)"
344,68,4,XM6_x3_x1,-6689.012581049695,6224.0,216236.70053449858,"(434, 269, 180)","(434.0, 269.0, 180)"
345,69,0,XR6_x3_x1,0.0,0.0,0.0,"(434, 269, 180)","(1143.0, 269.0, 180)"
346,69,1,XM4_x3_x1,0.0,0.0,0.0,"(434, 269, 180)","(844.5, -289.0, 180)"
347,69,2,XM6_x3_x1,0.0,0.0,0.0,"(434, 269, 180)","(844.5, -10.0, 180)"
348,69,3,XM3_x3_x1,0.0,0.0,0.0,"(434, 269, 180)","(844.5, 269.0, 180)"
349,69,4,XDL_XM1_XM2_x3_x1,-5176.086846074678,4886.0,84150.37826555397,"(434, 269, 180)","(434.0, 269.0, 180)"
350,70,0,XM4_x3_x1,0.0,0.0,0.0,"(434, 269, 180)","(844.5, -289.0, 180)"
351,70,1,XM3_x3_x1,0.0,0.0,0.0,"(434, 269, 180)","(844.5, -10.0, 180)"
352,70,2,XR6_x3_x1,0.0,0.0,0.0,"(434, 269, 180)","(1143.0, 269.0, 180)"
353,70,3,XM6_x3_x1,0.0,0.0,0.0,"(434, 269, 180)","(844.5, 269.0, 180)"
354,70,4,XDL_XM1_XM2_x3_x1,-5493.009207054865,5165.0,107590.03991276152,"(434, 269, 180)","(434.0, 269.0, 180)"
355,71,0,XM6_x3_x1,0.0,0.0,0.0,"(434, 269, 180)","(434.0, -289.0, 180)"
356,71,1,XDL_XM1_XM2_x3_x1,0.0,0.0,0.0,"(434, 269, 180)","(1045.5, 269.0, 180)"
357,71,2,XR6_x3_x1,0.0,0.0,0.0,"(434, 269, 180)","(732.5, 269.0, 180)"
358,71,3,XM4_x3_x1,0.0,0.0,0.0,"(434, 269, 180)","(434.0, -10.0, 180)"
359,71,4,XM3_x3_x1,-5378.145930611724,5069.0,95571.20641378862,"(434, 269, 180)","(434.0, 269.0, 180)"
360,72,0,XR6_x3_x1,0.0,0.0,0.0,"(434, 269, 180)","(1143.0, 269.0, 180)"
361,72,1,XM6_x3_x1,0.0,0.0,0.0,"(434, 269, 180)","(844.5, -289.0, 180)"
362,72,2,XM3_x3_x1,0.0,0.0,0.0,"(434, 269, 180)","(844.5, -10.0, 180)"
363,72,3,XM4_x3_x1,0.0,0.0,0.0,"(434, 269, 180)","(844.5, 269.0, 180)"
364,72,4,XDL_XM1_XM2_x3_x1,-5295.757971858939,4984.0,97193.03301759888,"(434, 269, 180)","(434.0, 269.0, 180)"
365,73,0,XM3_x3_x1,0.0,0.0,0.0,"(434, 269, 180)","(732.5, -289.0, 180)"
366,73,1,XDL_XM1_XM2_x3_x1,0.0,0.0,0.0,"(434, 269, 180)","(1143.0, 269.0, 180)"
367,73,2,XM4_x3_x1,0.0,0.0,0.0,"(434, 269, 180)","(732.5, -10.0, 180)"
368,73,3,XM6_x3_x1,0.0,0.0,0.0,"(434, 269, 180)","(732.5, 269.0, 180)"
369,73,4,XR6_x3_x1,-5445.254383368909,5161.0,80800.55446443873,"(434, 269, 180)","(434.0, 269.0, 180)"
370,74,0,XDL_XM1_XM2_x3_x1,0.0,0.0,0.0,"(434, 269, 180)","(1045.5, 269.0, 180)"
371,74,1,XR6_x3_x1,0.0,0.0,0.0,"(434, 269, 180)","(732.5, 269.0, 180)"
372,74,2,XM4_x3_x1,0.0,0.0,0.0,"(434, 269, 180)","(434.0, -289.0, 180)"
373,74,3,XM3_x3_x1,0.0,0.0,0.0,"(434, 269, 180)","(434.0, -10.0, 180)"
374,74,4,XM6_x3_x1,-5814.418936901573,5452.0,131347.4858248667,"(434, 269, 180)","(434.0, 269.0, 180)"
375,75,0,XR6_x3_x1,0.0,0.0,0.0,"(434, 269, 180)","(1157.5, 269.0, 180)"
376,75,1,XDL_XM1_XM2_x3_x1,0.0,0.0,0.0,"(434, 269, 180)","(844.5, 269.0, 180)"
377,75,2,XM6_x3_x1,0.0,0.0,0.0,"(434, 269, 180)","(434.0, -289.0, 180)"
378,75,3,XM4_x3_x1,0.0,0.0,0.0,"(434, 269, 180)","(434.0, -10.0, 180)"
379,75,4,XM3_x3_x1,-5877.79984782976,5517.0,130176.53019397832,"(434, 269, 180)","(434.0, 269.0, 180)"
380,76,0,XM4_x3_x1,0.0,0.0,0.0,"(434, 269, 180)","(844.5, -289.0, 180)"
381,76,1,XM3_x3_x1,0.0,0.0,0.0,"(434, 269, 180)","(844.5, -10.0, 180)"
382,76,2,XR6_x3_x1,0.0,0.0,0.0,"(434, 269, 180)","(1143.0, 269.0, 180)"
383,76,3,XM6_x3_x1,0.0,0.0,0.0,"(434, 269, 180)","(844.5, 269.0, 180)"
384,76,4,XDL_XM1_XM2_x3_x1,-5493.009207054865,5165.0,107590.03991276152,"(434, 269, 180)","(434.0, 269.0, 180)"
385,77,0,XM3_x3_x1,0.0,0.0,0.0,"(434, 269, 180)","(434.0, -289.0, 180)"
386,77,1,XDL_XM1_XM2_x3_x1,0.0,0.0,0.0,"(434, 269, 180)","(1045.5, 269.0, 180)"
387,77,2,XR6_x3_x1,0.0,0.0,0.0,"(434, 269, 180)","(732.5, 269.0, 180)"
388,77,3,XM4_x3_x1,0.0,0.0,0.0,"(434, 269, 180)","(434.0, -10.0, 180)"
389,77,4,XM6_x3_x1,-6173.321397057362,5776.0,157864.292559614,"(434, 269, 180)","(434.0, 269.0, 180)"
390,78,0,XM3_x3_x1,0.0,0.0,0.0,"(434, 269, 180)","(434.0, -289.0, 180)"
391,78,1,XM4_x3_x1,0.0,0.0,0.0,"(434, 269, 180)","(434.0, -10.0, 180)"
392,78,2,XR6_x3_x1,0.0,0.0,0.0,"(434, 269, 180)","(1157.5, 269.0, 180)"
393,78,3,XDL_XM1_XM2_x3_x1,0.0,0.0,0.0,"(434, 269, 180)","(844.5, 269.0, 180)"
394,78,4,XM6_x3_x1,-6689.012581049695,6224.0,216236.70053449858,"(434, 269, 180)","(434.0, 269.0, 180)"
395,79,0,XM6_x3_x1,0.0,0.0,0.0,"(434, 269, 180)","(434.0, -289.0, 180)"
396,79,1,XR6_x3_x1,0.0,0.0,0.0,"(434, 269, 180)","(1157.5, 269.0, 180)"
397,79,2,XDL_XM1_XM2_x3_x1,0.0,0.0,0.0,"(434, 269, 180)","(844.5, 269.0, 180)"
398,79,3,XM3_x3_x1,0.0,0.0,0.0,"(434, 269, 180)","(434.0, -10.0, 180)"
399,79,4,XM4_x3_x1,-6133.3948328467195,5719.0,171723.077490061,"(434, 269, 180)","(434.0, 269.0, 180)"
400,80,0,XM3_x3_x1,0.0,0.0,0.0,"(434, 269, 180)","(434.0, -289.0, 180)"
401,80,1,XM6_x3_x1,0.0,0.0,0.0,"(434, 269, 180)","(434.0, -10.0, 180)"
402,80,2,XDL_XM1_XM2_x3_x1,0.0,0.0,0.0,"(434, 269, 180)","(1045.5, 269.0, 180)"
403,80,3,XR6_x3_x1,0.0,0.0,0.0,"(434, 269, 180)","(732.5, 269.0, 180)"
404,80,4,XM4_x3_x1,-6173.321397057362,5776.0,157864.292559614,"(434, 269, 180)","(434.0, 269.0, 180)"
405,81,0,XR6_x3_x1,0.0,0.0,0.0,"(434, 269, 180)","(1157.5, 269.0, 180)"
406,81,1,XDL_XM1_XM2_x3_x1,0.0,0.0,0.0,"(434, 269, 180)","(844.5, 269.0, 180)"
407,81,2,XM3_x3_x1,0.0,0.0,0.0,"(434, 269, 180)","(434.0, -289.0, 180)"
408,81,3,XM6_x3_x1,0.0,0.0,0.0,"(434, 269, 180)","(434.0, -10.0, 180)"
409,81,4,XM4_x3_x1,-6689.012581049695,6224.0,216236.70053449858,"(434, 269, 180)","(434.0, 269.0, 180)"
410,82,0,XR6_x3_x1,0.0,0.0,0.0,"(434, 269, 180)","(1157.5, 269.0, 180)"
411,82,1,XM4_x3_x1,0.0,0.0,0.0,"(434, 269, 180)","(434.0, -289.0, 180)"
412,82,2,XDL_XM1_XM2_x3_x1,0.0,0.0,0.0,"(434, 269, 180)","(844.5, 269.0, 180)"
413,82,3,XM3_x3_x1,0.0,0.0,0.0,"(434, 269, 180)","(434.0, -10.0, 180)"
414,82,4,XM6_x3_x1,-6325.851349054722,5900.0,181349.37149172637,"(434, 269, 180)","(434.0, 269.0, 180)"
415,83,0,XDL_XM1_XM2_x3_x1,0.0,0.0,0.0,"(434, 269, 180)","(1045.5, 269.0, 180)"
416,83,1,XM6_x3_x1,0.0,0.0,0.0,"(434, 269, 180)","(434.0, -289.0, 180)"
417,83,2,XR6_x3_x1,0.0,0.0,0.0,"(434, 269, 180)","(732.5, 269.0, 180)"
418,83,3,XM4_x3_x1,0.0,0.0,0.0,"(434, 269, 180)","(434.0, -10.0, 180)"
419,83,4,XM3_x3_x1,-5378.145930611724,5069.0,95571.20641378862,"(434, 269, 180)","(434.0, 269.0, 180)"
420,84,0,XM3_x3_x1,0.0,0.0,0.0,"(434, 269, 180)","(434.0, -289.0, 180)"
421,84,1,XDL_XM1_XM2_x3_x1,0.0,0.0,0.0,"(434, 269, 180)","(1045.5, 269.0, 180)"
422,84,2,XR6_x3_x1,0.0,0.0,0.0,"(434, 269, 180)","(732.5, 269.0, 180)"
423,84,3,XM6_x3_x1,0.0,0.0,0.0,"(434, 269, 180)","(434.0, -10.0, 180)"
424,84,4,XM4_x3_x1,-6173.321397057362,5776.0,157864.292559614,"(434, 269, 180)","(434.0, 269.0, 180)"
425,85,0,XM4_x3_x1,0.0,0.0,0.0,"(434, 269, 180)","(732.5, -289.0, 180)"
426,85,1,XM3_x3_x1,0.0,0.0,0.0,"(434, 269, 180)","(732.5, -10.0, 180)"
427,85,2,XDL_XM1_XM2_x3_x1,0.0,0.0,0.0,"(434, 269, 180)","(1143.0, 269.0, 180)"
428,85,3,XM6_x3_x1,0.0,0.0,0.0,"(434, 269, 180)","(732.5, 269.0, 180)"
429,85,4,XR6_x3_x1,-5107.732538149987,4837.0,73296.10721313425,"(434, 269, 180)","(434.0, 269.0, 180)"
430,86,0,XM3_x3_x1,0.0,0.0,0.0,"(434, 269, 180)","(732.5, -289.0, 180)"
431,86,1,XDL_XM1_XM2_x3_x1,0.0,0.0,0.0,"(434, 269, 180)","(1143.0, 269.0, 180)"
432,86,2,XM4_x3_x1,0.0,0.0,0.0,"(434, 269, 180)","(732.5, -10.0, 180)"
433,86,3,XM6_x3_x1,0.0,0.0,0.0,"(434, 269, 180)","(732.5, 269.0, 180)"
434,86,4,XR6_x3_x1,-5445.254383368909,5161.0,80800.55446443873,"(434, 269, 180)","(434.0, 269.0, 180)"
435,87,0,XM3_x3_x1,0.0,0.0,0.0,"(434, 269, 180)","(1157.5, -289.0, 180)"
436,87,1,XM6_x3_x1,0.0,0.0,0.0,"(434, 269, 180)","(1157.5, -10.0, 180)"
437,87,2,XM4_x3_x1,0.0,0.0,0.0,"(434, 269, 180)","(1157.5, 269.0, 180)"
438,87,3,XDL_XM1_XM2_x3_x1,0.0,0.0,0.0,"(434, 269, 180)","(747.0, 269.0, 180)"
439,87,4,XR6_x3_x1,-6572.39056819305,6126.0,199264.53937171373,"(434, 269, 180)","(434.0, 269.0, 180)"
440,88,0,XR6_x3_x1,0.0,0.0,0.0,"(434, 269, 180)","(1157.5, 269.0, 180)"
441,88,1,XM4_x3_x1,0.0,0.0,0.0,"(434, 269, 180)","(434.0, -289.0, 180)"
442,88,2,XM3_x3_x1,0.0,0.0,0.0,"(434, 269, 180)","(434.0, -10.0, 180)"
443,88,3,XDL_XM1_XM2_x3_x1,0.0,0.0,0.0,"(434, 269, 180)","(844.5, 269.0, 180)"
444,88,4,XM6_x3_x1,-6325.851349054722,5900.0,181349.37149172637,"(434, 269, 180)","(434.0, 269.0, 180)"
445,89,0,XM6_x3_x1,0.0,0.0,0.0,"(434, 269, 180)","(844.5, -289.0, 180)"
446,89,1,XM4_x3_x1,0.0,0.0,0.0,"(434, 269, 180)","(844.5, -10.0, 180)"
447,89,2,XR6_x3_x1,0.0,0.0,0.0,"(434, 269, 180)","(1143.0, 269.0, 180)"
448,89,3,XM3_x3_x1,0.0,0.0,0.0,"(434, 269, 180)","(844.5, 269.0, 180)"
449,89,4,XDL_XM1_XM2_x3_x1,-5059.945188150568,4782.0,77253.52761605495,"(434, 269, 180)","(434.0, 269.0, 180)"
450,90,0,XM3_x3_x1,0.0,0.0,0.0,"(434, 269, 180)","(1045.5, -289.0, 180)"
451,90,1,XM4_x3_x1,0.0,0.0,0.0,"(434, 269, 180)","(1045.5, -10.0, 180)"
452,90,2,XM6_x3_x1,0.0,0.0,0.0,"(434, 269, 180)","(1045.5, 269.0, 180)"
453,90,3,XR6_x3_x1,0.0,0.0,0.0,"(434, 269, 180)","(747.0, 269.0, 180)"
454,90,4,XDL_XM1_XM2_x3_x1,-6057.328464113672,5678.0,143890.08368683775,"(434, 269, 180)","(434.0, 269.0, 180)"
455,91,0,XM4_x3_x1,0.0,0.0,0.0,"(434, 269, 180)","(1157.5, -289.0, 180)"
456,91,1,XM6_x3_x1,0.0,0.0,0.0,"(434, 269, 180)","(1157.5, -10.0, 180)"
457,91,2,XM3_x3_x1,0.0,0.0,0.0,"(434, 269, 180)","(1157.5, 269.0, 180)"
458,91,3,XDL_XM1_XM2_x3_x1,0.0,0.0,0.0,"(434, 269, 180)","(747.0, 269.0, 180)"
459,91,4,XR6_x3_x1,-5890.955954610246,5523.0,135391.58453313747,"(434, 269, 180)","(434.0, 269.0, 180)"
460,92,0,XM6_x3_x1,0.0,0.0,0.0,"(434, 269, 180)","(1157.5, -289.0, 180)"
461,92,1,XM4_x3_x1,0.0,0.0,0.0,"(434, 269, 180)","(1157.5, -10.0, 180)"
462,92,2,XM3_x3_x1,0.0,0.0,0.0,"(434, 269, 180)","(1157.5, 269.0, 180)"
463,92,3,XDL_XM1_XM2_x3_x1,0.0,0.0,0.0,"(434, 269, 180)","(747.0, 269.0, 180)"
464,92,4,XR6_x3_x1,-5776.761066093991,5419.0,127992.98041270908,"(434, 269, 180)","(434.0, 269.0, 180)"
465,93,0,XDL_XM1_XM2_x3_x1,0.0,0.0,0.0,"(434, 269, 180)","(1143.0, 269.0, 180)"
466,93,1,XM4_x3_x1,0.0,0.0,0.0,"(434, 269, 180)","(732.5, -289.0, 180)"
467,93,2,XM6_x3_x1,0.0,0.0,0.0,"(434, 269, 180)","(732.5, -10.0, 180)"
468,93,3,XM3_x3_x1,0.0,0.0,0.0,"(434, 269, 180)","(732.5, 269.0, 180)"
469,93,4,XR6_x3_x1,-4815.129416239357,4558.0,66115.53669559264,"(434, 269, 180)","(434.0, 269.0, 180)"
470,94,0,XM3_x3_x1,0.0,0.0,0.0,"(434, 269, 180)","(434.0, -289.0, 180)"
471,94,1,XM6_x3_x1,0.0,0.0,0.0,"(434, 269, 180)","(434.0, -10.0, 180)"
472,94,2,XDL_XM1_XM2_x3_x1,0.0,0.0,0.0,"(434, 269, 180)","(1045.5, 269.0, 180)"
473,94,3,XR6_x3_x1,0.0,0.0,0.0,"(434, 269, 180)","(732.5, 269.0, 180)"
474,94,4,XM4_x3_x1,-6173.321397057362,5776.0,157864.292559614,"(434, 269, 180)","(434.0, 269.0, 180)"
475,95,0,XM4_x3_x1,0.0,0.0,0.0,"(434, 269, 180)","(1045.5, -289.0, 180)"
476,95,1,XM3_x3_x1,0.0,0.0,0.0,"(434, 269, 180)","(1045.5, -10.0, 180)"
477,95,2,XM6_x3_x1,0.0,0.0,0.0,"(434, 269, 180)","(1045.5, 269.0, 180)"
478,95,3,XR6_x3_x1,0.0,0.0,0.0,"(434, 269, 180)","(747.0, 269.0, 180)"
479,95,4,XDL_XM1_XM2_x3_x1,-5704.086563804047,5354.0,122560.60215612475,"(434, 269, 180)","(434.0, 269.0, 180)"
480,96,0,XM6_x3_x1,0.0,0.0,0.0,"(434, 269, 180)","(434.0, -289.0, 180)"
481,96,1,XM3_x3_x1,0.0,0.0,0.0,"(434, 269, 180)","(434.0, -10.0, 180)"
482,96,2,XDL_XM1_XM2_x3_x1,0.0,0.0,0.0,"(434, 269, 180)","(1045.5, 269.0, 180)"
483,96,3,XR6_x3_x1,0.0,0.0,0.0,"(434, 269, 180)","(732.5, 269.0, 180)"
484,96,4,XM4_x3_x1,-5618.933083668175,5271.0,121057.43071084484,"(434, 269, 180)","(434.0, 269.0, 180)"
485,97,0,XDL_XM1_XM2_x3_x1,0.0,0.0,0.0,"(434, 269, 180)","(1045.5, 269.0, 180)"
486,97,1,XM3_x3_x1,0.0,0.0,0.0,"(434, 269, 180)","(434.0, -289.0, 180)"
487,97,2,XR6_x3_x1,0.0,0.0,0.0,"(434, 269, 180)","(732.5, 269.0, 180)"
488,97,3,XM4_x3_x1,0.0,0.0,0.0,"(434, 269, 180)","(434.0, -10.0, 180)"
489,97,4,XM6_x3_x1,-6173.321397057362,5776.0,157864.292559614,"(434, 269, 180)","(434.0, 269.0, 180)"
490,98,0,XR6_x3_x1,0.0,0.0,0.0,"(434, 269, 180)","(1157.5, 269.0, 180)"
491,98,1,XM6_x3_x1,0.0,0.0,0.0,"(434, 269, 180)","(434.0, -289.0, 180)"
492,98,2,XM4_x3_x1,0.0,0.0,0.0,"(434, 269, 180)","(434.0, -10.0, 180)"
493,98,3,XDL_XM1_XM2_x3_x1,0.0,0.0,0.0,"(434, 269, 180)","(844.5, 269.0, 180)"
494,98,4,XM3_x3_x1,-5877.79984782976,5517.0,130176.53019397832,"(434, 269, 180)","(434.0, 269.0, 180)"
495,99,0,XM3_x3_x1,0.0,0.0,0.0,"(434, 269, 180)","(732.5, -289.0, 180)"
496,99,1,XDL_XM1_XM2_x3_x1,0.0,0.0,0.0,"(434, 269, 180)","(1143.0, 269.0, 180)"
497,99,2,XM6_x3_x1,0.0,0.0,0.0,"(434, 269, 180)","(732.5, -10.0, 180)"
498,99,3,XM4_x3_x1,0.0,0.0,0.0,"(434, 269, 180)","(732.5, 269.0, 180)"
499,99,4,XR6_x3_x1,-5445.254383368909,5161.0,80800.55446443873,"(434, 269, 180)","(434.0, 269.0, 180)"
500,100,0,XM3_x3_x1,0.0,0.0,0.0,"(2092, 1257, 180)","(2265.5, 1257.0, 180)"
501,100,1,XDL_XM1_XM2_x3_x1,0.0,0.0,0.0,"(84, 194, 180)","(62.5, 194.0, 180)"
502,100,2,XM6_x3_x1,0.0,0.0,0.0,"(473, 25, 180)","(473.0, 25.0, 180)"
503,100,3,XR6_x3_x1,0.0,0.0,0.0,"(1967, 1503, 180)","(1967.0, 1503.0, 180)"
504,100,4,XM4_x3_x1,-15005.753248079927,14370.5,403546.68919609784,"(2205, 2192, 0)","(2205.0, 2192.0, 0)"
505,101,0,XR6_x3_x1,0.0,0.0,0.0,"(1166, 2048, 180)","(1166.0, 2048.0, 180)"
506,101,1,XDL_XM1_XM2_x3_x1,0.0,0.0,0.0,"(112, 1570, 180)","(-177.0, 1570.0, 180)"
507,101,2,XM3_x3_x1,0.0,0.0,0.0,"(2366, 2221, 180)","(2366.0, 2221.0, 180)"
508,101,3,XM4_x3_x1,0.0,0.0,0.0,"(175, 1846, 90)","(175.0, 1846.0, 90)"
509,101,4,XM6_x3_x1,-11955.766246733929,11461.0,244793.6389071781,"(1270, 2226, 180)","(1464.5, 2226.0, 180)"
510,102,0,XM6_x3_x1,0.0,0.0,0.0,"(1297, 1064, 180)","(1297.0, 1064.0, 180)"
511,102,1,XM3_x3_x1,0.0,0.0,0.0,"(425, 231, 180)","(425.0, 231.0, 180)"
512,102,2,XDL_XM1_XM2_x3_x1,0.0,0.0,0.0,"(2326, 896, 180)","(2326.0, 896.0, 180)"
513,102,3,XM4_x3_x1,0.0,0.0,0.0,"(123, 143, 180)","(29.0, 143.0, 180)"
514,102,4,XR6_x3_x1,-12900.439387142558,12286.0,377535.7604721234,"(1723, 1039, 180)","(1723.0, 1039.0, 180)"
515,103,0,XDL_XM1_XM2_x3_x1,0.0,0.0,0.0,"(1997, 935, 180)","(1997.0, 935.0, 180)"
516,103,1,XM6_x3_x1,0.0,0.0,0.0,"(1950, 689, 180)","(1950.0, 427.0, 180)"
517,103,2,XM4_x3_x1,0.0,0.0,0.0,"(2259, 2120, 180)","(2259.0, 2120.0, 180)"
518,103,3,XR6_x3_x1,0.0,0.0,0.0,"(1990, 2359, 0)","(1960.5, 2359.0, 0)"
519,103,4,XM3_x3_x1,-14180.434418477524,13498.5,465034.55110427854,"(618, 1092, 0)","(618.0, 1092.0, 0)"
520,104,0,XM4_x3_x1,0.0,0.0,0.0,"(861, 1934, 180)","(861.0, 2035.5, 180)"
521,104,1,XM3_x3_x1,0.0,0.0,0.0,"(626, 2363, 180)","(626.0, 2363.0, 180)"
522,104,2,XDL_XM1_XM2_x3_x1,0.0,0.0,0.0,"(1837, 611, 180)","(1837.0, 611.0, 180)"
523,104,3,XR6_x3_x1,0.0,0.0,0.0,"(1003, 1555, 180)","(1003.0, 1555.0, 180)"
524,104,4,XM6_x3_x1,-10155.90339729577,9713.0,196163.41933613454,"(610, 1820, 180)","(465.0, 1820.0, 180)"
525,105,0,XM3_x3_x1,0.0,0.0,0.0,"(1130, 1482, 180)","(1130.0, 1482.0, 180)"
526,105,1,XM6_x3_x1,0.0,0.0,0.0,"(69, 1661, 180)","(69.0, 1661.0, 180)"
527,105,2,XM4_x3_x1,0.0,0.0,0.0,"(1525, 821, 180)","(1525.0, 821.0, 180)"
528,105,3,XDL_XM1_XM2_x3_x1,0.0,0.0,0.0,"(2317, 2027, 90)","(2317.0, 2027.0, 90)"
529,105,4,XR6_x3_x1,-11063.001166402837,10638.0,180625.99144377216,"(1174, 2407, 90)","(1174.0, 2407.0, 90)"
530,106,0,XM3_x3_x1,0.0,0.0,0.0,"(2278, 1580, 180)","(2434.0, 1580.0, 180)"
531,106,1,XM6_x3_x1,0.0,0.0,0.0,"(2038, 1279, 180)","(2038.0, 1549.0, 180)"
532,106,2,XR6_x3_x1,0.0,0.0,0.0,"(2600, 706, 0)","(2600.0, 706.0, 0)"
533,106,3,XDL_XM1_XM2_x3_x1,0.0,0.0,0.0,"(1037, 2021, 90)","(1037.0, 2021.0, 90)"
534,106,4,XM4_x3_x1,-9363.65214046913,8966.0,158127.22481968114,"(1959, 1270, 0)","(1959.0, 1270.0, 0)"
535,107,0,XM3_x3_x1,0.0,0.0,0.0,"(2319, 53, 180)","(2319.0, 53.0, 180)"
536,107,1,XDL_XM1_XM2_x3_x1,0.0,0.0,0.0,"(1129, 129, 180)","(1129.0, 129.0, 180)"
537,107,2,XM6_x3_x1,0.0,0.0,0.0,"(1546, 392, 180)","(1546.0, 392.0, 180)"
538,107,3,XR6_x3_x1,0.0,0.0,0.0,"(376, 14, 180)","(376.0, 14.0, 180)"
539,107,4,XM4_x3_x1,-14700.117888648081,14074.0,392023.6104851321,"(1941, 2136, 180)","(1941.0, 2136.0, 180)"
540,108,0,XM6_x3_x1,0.0,0.0,0.0,"(1581, 1256, 180)","(1581.0, 1256.0, 180)"
541,108,1,XDL_XM1_XM2_x3_x1,0.0,0.0,0.0,"(402, 1356, 180)","(402.0, 1356.0, 180)"
542,108,2,XR6_x3_x1,0.0,0.0,0.0,"(538, 664, 180)","(538.0, 646.5, 180)"
543,108,3,XM3_x3_x1,0.0,0.0,0.0,"(1719, 108, 180)","(1719.0, 108.0, 180)"
544,108,4,XM4_x3_x1,-12334.088232578362,11725.5,370379.6368328557,"(2205, 1365, 0)","(2205.0, 1365.0, 0)"
545,109,0,XM3_x3_x1,0.0,0.0,0.0,"(2341, 2049, 180)","(2341.0, 2049.0, 180)"
546,109,1,XR6_x3_x1,0.0,0.0,0.0,"(381, 1178, 180)","(381.0, 1178.0, 180)"
547,109,2,XDL_XM1_XM2_x3_x1,0.0,0.0,0.0,"(1347, 1589, 180)","(1347.0, 1589.0, 180)"
548,109,3,XM6_x3_x1,0.0,0.0,0.0,"(30, 769, 180)","(30.0, 769.0, 180)"
549,109,4,XM4_x3_x1,-15943.52972933037,15271.0,452296.23683318036,"(2522, 196, 180)","(2522.0, 196.0, 180)"
550,110,0,XM3_x3_x1,0.0,0.0,0.0,"(2497, 2316, 180)","(2497.0, 2316.0, 180)"
551,110,1,XM4_x3_x1,0.0,0.0,0.0,"(68, 450, 180)","(68.0, 450.0, 180)"
552,110,2,XDL_XM1_XM2_x3_x1,0.0,0.0,0.0,"(739, 130, 180)","(739.0, 130.0, 180)"
553,110,3,XR6_x3_x1,0.0,0.0,0.0,"(1692, 543, 180)","(1692.0, 543.0, 180)"
554,110,4,XM6_x3_x1,-17575.11140011535,16847.0,530146.2109779388,"(518, 1046, 180)","(518.0, 1046.0, 180)"
555,111,0,XR6_x3_x1,0.0,0.0,0.0,"(1227, 63, 180)","(1227.0, 63.0, 180)"
556,111,1,XM3_x3_x1,0.0,0.0,0.0,"(204, 1028, 180)","(204.0, 1049.0, 180)"
557,111,2,XM6_x3_x1,0.0,0.0,0.0,"(489, 770, 180)","(489.0, 770.0, 180)"
558,111,3,XM4_x3_x1,0.0,0.0,0.0,"(2268, 1192, 180)","(2268.0, 1192.0, 180)"
559,111,4,XDL_XM1_XM2_x3_x1,-13820.406072948743,13357.0,214745.18844577525,"(1259, 2422, 180)","(1259.0, 2422.0, 180)"
560,112,0,XM6_x3_x1,0.0,0.0,0.0,"(1191, 845, 180)","(1191.0, 845.0, 180)"
561,112,1,XM3_x3_x1,0.0,0.0,0.0,"(80, 1555, 180)","(80.0, 1765.5, 180)"
562,112,2,XM4_x3_x1,0.0,0.0,0.0,"(171, 1946, 180)","(171.0, 2044.5, 180)"
563,112,3,XDL_XM1_XM2_x3_x1,0.0,0.0,0.0,"(1785, 876, 180)","(1785.0, 876.0, 180)"
564,112,4,XR6_x3_x1,-10199.656865841243,9730.0,220577.57163181942,"(63, 1285, 180)","(63.0, 1285.0, 180)"
565,113,0,XM4_x3_x1,0.0,0.0,0.0,"(184, 1764, 180)","(184.0, 1764.0, 180)"
566,113,1,XR6_x3_x1,0.0,0.0,0.0,"(2458, 1847, 180)","(2458.0, 1847.0, 180)"
567,113,2,XM6_x3_x1,0.0,0.0,0.0,"(2046, 990, 180)","(2046.0, 990.0, 180)"
568,113,3,XDL_XM1_XM2_x3_x1,0.0,0.0,0.0,"(1013, 2093, 0)","(1013.0, 2093.0, 0)"
569,113,4,XM3_x3_x1,-13335.36361171599,12783.0,305105.559547932,"(2579, 863, 0)","(2579.0, 863.0, 0)"
570,114,0,XM3_x3_x1,0.0,0.0,0.0,"(841, 1552, 180)","(841.0, 1552.0, 180)"
571,114,1,XM6_x3_x1,0.0,0.0,0.0,"(278, 1068, 180)","(278.0, 1068.0, 180)"
572,114,2,XDL_XM1_XM2_x3_x1,0.0,0.0,0.0,"(1549, 553, 180)","(1549.0, 553.0, 180)"
573,114,3,XM4_x3_x1,0.0,0.0,0.0,"(1758, 1984, 180)","(1758.0, 1984.0, 180)"
574,114,4,XR6_x3_x1,-13649.460708376077,13048.0,361754.9837202516,"(2554, 365, 180)","(2554.0, 365.0, 180)"
575,115,0,XDL_XM1_XM2_x3_x1,0.0,0.0,0.0,"(365, 444, 180)","(48.5, 444.0, 180)"
576,115,1,XM4_x3_x1,0.0,0.0,0.0,"(1191, 442, 180)","(999.5, 442.0, 180)"
577,115,2,XM3_x3_x1,0.0,0.0,0.0,"(459, 486, 180)","(459.0, 486.0, 180)"
578,115,3,XR6_x3_x1,0.0,0.0,0.0,"(1298, 577, 180)","(1298.0, 577.0, 180)"
579,115,4,XM6_x3_x1,-12085.151611721789,11681.5,162934.62364559775,"(2349, 2480, 180)","(2349.0, 2480.0, 180)"
580,116,0,XR6_x3_x1,0.0,0.0,0.0,"(2208, 1414, 180)","(2208.0, 1414.0, 180)"
581,116,1,XDL_XM1_XM2_x3_x1,0.0,0.0,0.0,"(615, 2071, 180)","(615.0, 2071.0, 180)"
582,116,2,XM6_x3_x1,0.0,0.0,0.0,"(1512, 1111, 180)","(1512.0, 1111.0, 180)"
583,116,3,XM3_x3_x1,0.0,0.0,0.0,"(2551, 1476, 0)","(2551.0, 1476.0, 0)"
584,116,4,XM4_x3_x1,-11898.576076465357,11364.0,285771.5815290952,"(798, 617, 0)","(798.0, 617.0, 0)"
585,117,0,XM6_x3_x1,0.0,0.0,0.0,"(412, 1652, 180)","(412.0, 1652.0, 180)"
586,117,1,XR6_x3_x1,0.0,0.0,0.0,"(172, 1132, 180)","(172.0, 1132.0, 180)"
587,117,2,XM3_x3_x1,0.0,0.0,0.0,"(2590, 2136, 180)","(2590.0, 2136.0, 180)"
588,117,3,XDL_XM1_XM2_x3_x1,0.0,0.0,0.0,"(2112, 1817, 180)","(2112.0, 1817.0, 180)"
589,117,4,XM4_x3_x1,-16220.126790835682,15512.0,501443.55189924204,"(1209, 296, 180)","(1209.0, 296.0, 180)"
590,118,0,XM3_x3_x1,0.0,0.0,0.0,"(619, 614, 180)","(619.0, 614.0, 180)"
591,118,1,XDL_XM1_XM2_x3_x1,0.0,0.0,0.0,"(693, 363, 180)","(693.0, 106.0, 180)"
592,118,2,XM4_x3_x1,0.0,0.0,0.0,"(2385, 2215, 180)","(2385.0, 2215.0, 180)"
593,118,3,XR6_x3_x1,0.0,0.0,0.0,"(1174, 2108, 180)","(1174.0, 2108.0, 180)"
594,118,4,XM6_x3_x1,-14884.482277766116,14247.0,406383.65446587605,"(1220, 2226, 180)","(1472.5, 2226.0, 180)"
595,119,0,XR6_x3_x1,0.0,0.0,0.0,"(1759, 616, 180)","(1759.0, 616.0, 180)"
596,119,1,XM3_x3_x1,0.0,0.0,0.0,"(1359, 1983, 180)","(1359.0, 1983.0, 180)"
597,119,2,XDL_XM1_XM2_x3_x1,0.0,0.0,0.0,"(459, 733, 180)","(459.0, 733.0, 180)"
598,119,3,XM6_x3_x1,0.0,0.0,0.0,"(1298, 1300, 180)","(1298.0, 1300.0, 180)"
599,119,4,XM4_x3_x1,-12035.47022887158,11511.0,275069.0209726078,"(646, 2553, 180)","(646.0, 2553.0, 180)"
600,120,0,XM4_x3_x1,0.0,0.0,0.0,"(667, 291, 180)","(667.0, 291.0, 180)"
601,120,1,XM3_x3_x1,0.0,0.0,0.0,"(536, 1214, 180)","(536.0, 1214.0, 180)"
602,120,2,XM6_x3_x1,0.0,0.0,0.0,"(2490, 144, 180)","(2490.0, 47.0, 180)"
603,120,3,XDL_XM1_XM2_x3_x1,0.0,0.0,0.0,"(2210, 555, 180)","(2210.0, 555.0, 180)"
604,120,4,XR6_x3_x1,-14332.263875707986,13795.0,288652.4721407659,"(1948, 2421, 180)","(1948.0, 2421.0, 180)"
605,121,0,XDL_XM1_XM2_x3_x1,0.0,0.0,0.0,"(2281, 697, 180)","(2281.0, 697.0, 180)"
606,121,1,XM3_x3_x1,0.0,0.0,0.0,"(514, 791, 180)","(514.0, 791.0, 180)"
607,121,2,XM4_x3_x1,0.0,0.0,0.0,"(2341, 2356, 180)","(2341.0, 2356.0, 180)"
608,121,3,XR6_x3_x1,0.0,0.0,0.0,"(2569, 2270, 180)","(2639.5, 2270.0, 180)"
609,121,4,XM6_x3_x1,-16545.79323838316,15756.0,623773.3593957588,"(1047, 664, 0)","(1047.0, 664.0, 0)"
610,122,0,XM4_x3_x1,0.0,0.0,0.0,"(1743, 2306, 180)","(1743.0, 2306.0, 180)"
611,122,1,XR6_x3_x1,0.0,0.0,0.0,"(2310, 28, 180)","(2310.0, 28.0, 180)"
612,122,2,XM6_x3_x1,0.0,0.0,0.0,"(882, 277, 180)","(882.0, -107.0, 180)"
613,122,3,XM3_x3_x1,0.0,0.0,0.0,"(1523, 1913, 180)","(1523.0, 1913.0, 180)"
614,122,4,XDL_XM1_XM2_x3_x1,-14746.782561366424,14117.0,396626.0746012549,"(809, 401, 180)","(809.0, 401.0, 180)"
615,123,0,XM6_x3_x1,0.0,0.0,0.0,"(833, 2327, 180)","(833.0, 2327.0, 180)"
616,123,1,XDL_XM1_XM2_x3_x1,0.0,0.0,0.0,"(1033, 482, 180)","(1033.0, 482.0, 180)"
617,123,2,XR6_x3_x1,0.0,0.0,0.0,"(2557, 341, 180)","(2557.0, 341.0, 180)"
618,123,3,XM4_x3_x1,0.0,0.0,0.0,"(1141, 1349, 180)","(1141.0, 1349.0, 180)"
619,123,4,XM3_x3_x1,-10892.110734926118,10461.0,185856.46576853812,"(1421, 995, 180)","(1421.0, 995.0, 180)"
620,124,0,XDL_XM1_XM2_x3_x1,0.0,0.0,0.0,"(1459, 729, 180)","(1459.0, 729.0, 180)"
621,124,1,XM3_x3_x1,0.0,0.0,0.0,"(2126, 627, 180)","(2126.0, 627.0, 180)"
622,124,2,XM6_x3_x1,0.0,0.0,0.0,"(1395, 574, 180)","(1048.5, 574.0, 180)"
623,124,3,XR6_x3_x1,0.0,0.0,0.0,"(1330, 2235, 0)","(1330.0, 2235.0, 0)"
624,124,4,XM4_x3_x1,-12552.811863687723,12069.0,234073.91944498764,"(267, 210, 90)","(267.0, 210.0, 90)"
625,125,0,XM6_x3_x1,0.0,0.0,0.0,"(1507, 2219, 180)","(1507.0, 2219.0, 180)"
626,125,1,XM4_x3_x1,0.0,0.0,0.0,"(1128, 1570, 180)","(1128.0, 1570.0, 180)"
627,125,2,XR6_x3_x1,0.0,0.0,0.0,"(86, 706, 90)","(86.0, 706.0, 90)"
628,125,3,XDL_XM1_XM2_x3_x1,0.0,0.0,0.0,"(68, 621, 0)","(68.0, 237.0, 0)"
629,125,4,XM3_x3_x1,-11788.872931817217,11298.0,240956.23519083095,"(618, 621, 90)","(618.0, 621.0, 90)"
630,126,0,XM3_x3_x1,0.0,0.0,0.0,"(1564, 1456, 180)","(1564.0, 1484.0, 180)"
631,126,1,XM4_x3_x1,0.0,0.0,0.0,"(2413, 967, 180)","(2413.0, 967.0, 180)"
632,126,2,XDL_XM1_XM2_x3_x1,0.0,0.0,0.0,"(1629, 1132, 90)","(1629.0, 1132.0, 90)"
633,126,3,XM6_x3_x1,0.0,0.0,0.0,"(2191, 1802, 180)","(2191.0, 1802.0, 180)"
634,126,4,XR6_x3_x1,-9474.4148969348,9072.0,161937.74927504637,"(862, 444, 0)","(862.0, 444.0, 0)"
635,127,0,XM3_x3_x1,0.0,0.0,0.0,"(1928, 2581, 180)","(1928.0, 2581.0, 180)"
636,127,1,XM6_x3_x1,0.0,0.0,0.0,"(780, 2111, 180)","(780.0, 2111.0, 180)"
637,127,2,XM4_x3_x1,0.0,0.0,0.0,"(694, 84, 90)","(694.0, 84.0, 90)"
638,127,3,XR6_x3_x1,0.0,0.0,0.0,"(697, 1397, 180)","(697.0, 1397.0, 180)"
639,127,4,XDL_XM1_XM2_x3_x1,-15195.0629626992,14483.0,507033.6628479609,"(1323, 1403, 180)","(1323.0, 1403.0, 180)"
640,128,0,XM3_x3_x1,0.0,0.0,0.0,"(583, 1061, 180)","(583.0, 1061.0, 180)"
641,128,1,XDL_XM1_XM2_x3_x1,0.0,0.0,0.0,"(2202, 417, 180)","(2202.0, 417.0, 180)"
642,128,2,XM6_x3_x1,0.0,0.0,0.0,"(1234, 2469, 180)","(1234.0, 2469.0, 180)"
643,128,3,XR6_x3_x1,0.0,0.0,0.0,"(1721, 2235, 180)","(1721.0, 2235.0, 180)"
644,128,4,XM4_x3_x1,-13562.662494684673,13031.0,282665.0082543297,"(418, 764, 0)","(418.0, 764.0, 0)"
645,129,0,XM3_x3_x1,0.0,0.0,0.0,"(451, 1476, 180)","(451.0, 1476.0, 180)"
646,129,1,XM4_x3_x1,0.0,0.0,0.0,"(1978, 708, 180)","(1978.0, 708.0, 180)"
647,129,2,XM6_x3_x1,0.0,0.0,0.0,"(1412, 521, 180)","(1412.0, 521.0, 180)"
648,129,3,XDL_XM1_XM2_x3_x1,0.0,0.0,0.0,"(975, 201, 180)","(975.0, 201.0, 180)"
649,129,4,XR6_x3_x1,-12373.504967163606,11905.0,219496.90425697106,"(1735, 2604, 90)","(1735.0, 2604.0, 90)"
650,130,0,XDL_XM1_XM2_x3_x1,0.0,0.0,0.0,"(2032, 1836, 180)","(2032.0, 1836.0, 180)"
651,130,1,XM3_x3_x1,0.0,0.0,0.0,"(2280, 1877, 180)","(2442.5, 1877.0, 180)"
652,130,2,XR6_x3_x1,0.0,0.0,0.0,"(1537, 769, 180)","(1537.0, 769.0, 180)"
653,130,3,XM4_x3_x1,0.0,0.0,0.0,"(459, 1503, 180)","(459.0, 1503.0, 180)"
654,130,4,XM6_x3_x1,-11956.02472470011,11434.0,272509.8131982245,"(743, 2226, 180)","(743.0, 2226.0, 180)"
655,131,0,XM3_x3_x1,0.0,0.0,0.0,"(78, 1164, 180)","(78.0, 1164.0, 180)"
656,131,1,XDL_XM1_XM2_x3_x1,0.0,0.0,0.0,"(411, 346, 180)","(411.0, 346.0, 180)"
657,131,2,XR6_x3_x1,0.0,0.0,0.0,"(801, 1081, 180)","(801.0, 1081.0, 180)"
658,131,3,XM6_x3_x1,0.0,0.0,0.0,"(2080, 2452, 180)","(2080.0, 2452.0, 180)"
659,131,4,XM4_x3_x1,-12709.620798874406,12208.0,251623.42586339673,"(1714, 1720, 180)","(1714.0, 1720.0, 180)"
660,132,0,XM3_x3_x1,0.0,0.0,0.0,"(1956, 518, 180)","(1956.0, 518.0, 180)"
661,132,1,XR6_x3_x1,0.0,0.0,0.0,"(1836, 1814, 180)","(1836.0, 1814.0, 180)"
662,132,2,XM4_x3_x1,0.0,0.0,0.0,"(688, 2488, 0)","(486.5, 2488.0, 0)"
663,132,3,XM6_x3_x1,0.0,0.0,0.0,"(1, 2112, 180)","(1.0, 2112.0, 180)"
664,132,4,XDL_XM1_XM2_x3_x1,-14200.316466906741,13576.5,389146.9843840098,"(897, 2212, 0)","(897.0, 2212.0, 0)"
665,133,0,XM6_x3_x1,0.0,0.0,0.0,"(393, 87, 180)","(393.0, 87.0, 180)"
666,133,1,XR6_x3_x1,0.0,0.0,0.0,"(2425, 916, 180)","(2676.0, 916.0, 180)"
667,133,2,XM3_x3_x1,0.0,0.0,0.0,"(1670, 1232, 180)","(1670.0, 1232.0, 180)"
668,133,3,XDL_XM1_XM2_x3_x1,0.0,0.0,0.0,"(2207, 830, 90)","(2207.0, 830.0, 90)"
669,133,4,XM4_x3_x1,-15925.873275452488,15306.0,384242.8776201961,"(46, 2421, 0)","(46.0, 2421.0, 0)"
670,134,0,XM6_x3_x1,0.0,0.0,0.0,"(1209, 417, 180)","(1209.0, 417.0, 180)"
671,134,1,XR6_x3_x1,0.0,0.0,0.0,"(1684, 694, 180)","(1684.0, 694.0, 180)"
672,134,2,XM4_x3_x1,0.0,0.0,0.0,"(18, 888, 180)","(-6.5, 959.0, 180)"
673,134,3,XM3_x3_x1,0.0,0.0,0.0,"(188, 680, 180)","(-6.5, 680.0, 180)"
674,134,4,XDL_XM1_XM2_x3_x1,-8067.59664603858,7649.0,175223.15207474807,"(404, 792, 180)","(404.0, 792.0, 180)"
675,135,0,XR6_x3_x1,0.0,0.0,0.0,"(2200, 621, 180)","(2200.0, 621.0, 180)"
676,135,1,XM4_x3_x1,0.0,0.0,0.0,"(1827, 1217, 180)","(1827.0, 1217.0, 180)"
677,135,2,XM3_x3_x1,0.0,0.0,0.0,"(742, 803, 90)","(742.0, 803.0, 90)"
678,135,3,XM6_x3_x1,0.0,0.0,0.0,"(388, 654, 180)","(388.0, 654.0, 180)"
679,135,4,XDL_XM1_XM2_x3_x1,-10603.614521588113,10103.0,250614.89922489622,"(580, 102, 180)","(580.0, 102.0, 180)"
680,136,0,XM6_x3_x1,0.0,0.0,0.0,"(733, 2578, 180)","(733.0, 2578.0, 180)"
681,136,1,XR6_x3_x1,0.0,0.0,0.0,"(466, 923, 180)","(466.0, 923.0, 180)"
682,136,2,XM4_x3_x1,0.0,0.0,0.0,"(1326, 97, 180)","(1326.0, 97.0, 180)"
683,136,3,XDL_XM1_XM2_x3_x1,0.0,0.0,0.0,"(517, 254, 180)","(517.0, 213.5, 180)"
684,136,4,XM3_x3_x1,-14582.733878320249,14046.0,288083.2561366951,"(2279, 292, 180)","(2279.0, 292.0, 180)"
685,137,0,XM6_x3_x1,0.0,0.0,0.0,"(2178, 527, 180)","(2178.0, 527.0, 180)"
686,137,1,XDL_XM1_XM2_x3_x1,0.0,0.0,0.0,"(2066, 2349, 180)","(2066.0, 2349.0, 180)"
687,137,2,XM3_x3_x1,0.0,0.0,0.0,"(1189, 1295, 180)","(1189.0, 1295.0, 180)"
688,137,3,XR6_x3_x1,0.0,0.0,0.0,"(1041, 1856, 180)","(1041.0, 1856.0, 180)"
689,137,4,XM4_x3_x1,-11262.680518314422,10753.0,259774.23074925807,"(1485, 201, 180)","(1485.0, 201.0, 180)"
690,138,0,XM4_x3_x1,0.0,0.0,0.0,"(953, 130, 180)","(953.0, 130.0, 180)"
691,138,1,XR6_x3_x1,0.0,0.0,0.0,"(2071, 2098, 180)","(2071.0, 2098.0, 180)"
692,138,2,XM6_x3_x1,0.0,0.0,0.0,"(1379, 859, 180)","(1379.0, 859.0, 180)"
693,138,3,XM3_x3_x1,0.0,0.0,0.0,"(564, 267, 180)","(557.0, 267.0, 180)"
694,138,4,XDL_XM1_XM2_x3_x1,-12173.992430684713,11649.0,275617.0522762432,"(1913, 453, 180)","(1913.0, 453.0, 180)"
695,139,0,XR6_x3_x1,0.0,0.0,0.0,"(541, 1552, 180)","(541.0, 1552.0, 180)"
696,139,1,XM4_x3_x1,0.0,0.0,0.0,"(490, 1015, 180)","(490.0, 1015.0, 180)"
697,139,2,XM3_x3_x1,0.0,0.0,0.0,"(2034, 550, 180)","(2034.0, 550.0, 180)"
698,139,3,XM6_x3_x1,0.0,0.0,0.0,"(404, 1526, 180)","(242.5, 1526.0, 180)"
699,139,4,XDL_XM1_XM2_x3_x1,-14500.208330904974,13828.0,451864.04013805103,"(1110, 2468, 180)","(1110.0, 2468.0, 180)"
700,140,0,XM3_x3_x1,0.0,0.0,0.0,"(2141, 2342, 180)","(2141.0, 2342.0, 180)"
701,140,1,XM4_x3_x1,0.0,0.0,0.0,"(1525, 518, 180)","(1742.5, 518.0, 180)"
702,140,2,XR6_x3_x1,0.0,0.0,0.0,"(1246, 268, 180)","(1246.0, 64.5, 180)"
703,140,3,XDL_XM1_XM2_x3_x1,0.0,0.0,0.0,"(1332, 774, 180)","(1332.0, 774.0, 180)"
704,140,4,XM6_x3_x1,-14313.870255882495,13613.0,491219.1155807934,"(2495, 2360, 180)","(2537.0, 2360.0, 180)"
705,141,0,XR6_x3_x1,0.0,0.0,0.0,"(1697, 561, 180)","(1697.0, 561.0, 180)"
706,141,1,XM3_x3_x1,0.0,0.0,0.0,"(1159, 248, 180)","(1159.0, 248.0, 180)"
707,141,2,XM6_x3_x1,0.0,0.0,0.0,"(311, 2102, 180)","(311.0, 2102.0, 180)"
708,141,3,XDL_XM1_XM2_x3_x1,0.0,0.0,0.0,"(1202, 41, 180)","(1202.0, -260.0, 180)"
709,141,4,XM4_x3_x1,-12630.897151484829,12155.0,226478.09879137395,"(2224, 773, 180)","(2224.0, 773.0, 180)"
710,142,0,XM6_x3_x1,0.0,0.0,0.0,"(140, 2084, 180)","(140.0, 2084.0, 180)"
711,142,1,XM3_x3_x1,0.0,0.0,0.0,"(1666, 279, 180)","(1666.0, 279.0, 180)"
712,142,2,XM4_x3_x1,0.0,0.0,0.0,"(2022, 2233, 180)","(2022.0, 2233.0, 180)"
713,142,3,XR6_x3_x1,0.0,0.0,0.0,"(251, 244, 180)","(251.0, 244.0, 180)"
714,142,4,XDL_XM1_XM2_x3_x1,-13650.824382041617,13157.0,243862.52029878536,"(2358, 863, 90)","(2358.0, 863.0, 90)"
715,143,0,XM3_x3_x1,0.0,0.0,0.0,"(2148, 387, 180)","(2148.0, 387.0, 180)"
716,143,1,XM4_x3_x1,0.0,0.0,0.0,"(182, 1820, 180)","(182.0, 1820.0, 180)"
717,143,2,XDL_XM1_XM2_x3_x1,0.0,0.0,0.0,"(1020, 900, 180)","(1020.0, 900.0, 180)"
718,143,3,XR6_x3_x1,0.0,0.0,0.0,"(1559, 1454, 180)","(1559.0, 1454.0, 180)"
719,143,4,XM6_x3_x1,-13872.288610526204,13230.0,412534.65921168146,"(862, 2076, 90)","(862.0, 2076.0, 90)"
720,144,0,XR6_x3_x1,0.0,0.0,0.0,"(2108, 464, 180)","(2108.0, 464.0, 180)"
721,144,1,XM6_x3_x1,0.0,0.0,0.0,"(241, 1165, 180)","(241.0, 1165.0, 180)"
722,144,2,XM3_x3_x1,0.0,0.0,0.0,"(1646, 934, 180)","(1646.0, 934.0, 180)"
723,144,3,XM4_x3_x1,0.0,0.0,0.0,"(1274, 2096, 180)","(1274.0, 2096.0, 180)"
724,144,4,XDL_XM1_XM2_x3_x1,-12534.032153375168,12060.0,224706.4824334996,"(2522, 2332, 0)","(2522.0, 2332.0, 0)"
725,145,0,XM4_x3_x1,0.0,0.0,0.0,"(2207, 362, 180)","(2337.0, 362.0, 180)"
726,145,1,XDL_XM1_XM2_x3_x1,0.0,0.0,0.0,"(2135, 1648, 180)","(2135.0, 1648.0, 180)"
727,145,2,XM3_x3_x1,0.0,0.0,0.0,"(780, 621, 180)","(780.0, 621.0, 180)"
728,145,3,XR6_x3_x1,0.0,0.0,0.0,"(467, 643, 180)","(467.0, 643.0, 180)"
729,145,4,XM6_x3_x1,-9641.446309801335,9218.0,179306.77728436736,"(1941, 458, 180)","(1941.0, 458.0, 180)"
730,146,0,XM4_x3_x1,0.0,0.0,0.0,"(2457, 38, 180)","(2457.0, 38.0, 180)"
731,146,1,XDL_XM1_XM2_x3_x1,0.0,0.0,0.0,"(2244, 2154, 180)","(2244.0, 2154.0, 180)"
732,146,2,XM6_x3_x1,0.0,0.0,0.0,"(1900, 294, 180)","(1900.0, 294.0, 180)"
733,146,3,XM3_x3_x1,0.0,0.0,0.0,"(1776, 2447, 180)","(1776.0, 2447.0, 180)"
734,146,4,XR6_x3_x1,-11829.95756755362,11262.0,322575.79854142445,"(2337, 1631, 90)","(2337.0, 1631.0, 90)"
735,147,0,XDL_XM1_XM2_x3_x1,0.0,0.0,0.0,"(2329, 2572, 180)","(2329.0, 2572.0, 180)"
736,147,1,XR6_x3_x1,0.0,0.0,0.0,"(359, 788, 180)","(359.0, 788.0, 180)"
737,147,2,XM6_x3_x1,0.0,0.0,0.0,"(498, 2456, 180)","(498.0, 2456.0, 180)"
738,147,3,XM3_x3_x1,0.0,0.0,0.0,"(1767, 75, 180)","(1767.0, 75.0, 180)"
739,147,4,XM4_x3_x1,-16020.095528459153,15372.0,420027.81400874845,"(886, 1731, 180)","(886.0, 1731.0, 180)"
740,148,0,XDL_XM1_XM2_x3_x1,0.0,0.0,0.0,"(288, 1658, 180)","(288.0, 1658.0, 180)"
741,148,1,XM6_x3_x1,0.0,0.0,0.0,"(1825, 401, 180)","(1825.0, 401.0, 180)"
742,148,2,XR6_x3_x1,0.0,0.0,0.0,"(564, 507, 180)","(564.0, 507.0, 180)"
743,148,3,XM3_x3_x1,0.0,0.0,0.0,"(482, 1131, 180)","(482.0, 1131.0, 180)"
744,148,4,XM4_x3_x1,-12489.381393060587,11950.0,290932.28717997845,"(2554, 401, 180)","(2554.0, 401.0, 180)"
745,149,0,XM6_x3_x1,0.0,0.0,0.0,"(1025, 1239, 180)","(1025.0, 1239.0, 180)"
746,149,1,XM3_x3_x1,0.0,0.0,0.0,"(1025, 1214, 180)","(1025.0, 960.0, 180)"
747,149,2,XDL_XM1_XM2_x3_x1,0.0,0.0,0.0,"(1657, 1757, 180)","(1657.0, 1757.0, 180)"
748,149,3,XM4_x3_x1,0.0,0.0,0.0,"(59, 1727, 180)","(59.0, 1727.0, 180)"
749,149,4,XR6_x3_x1,-9335.675780652095,8881.0,206730.06551159135,"(1110, 905, 180)","(1323.5, 758.5, 180)"
750,150,0,XM4_x3_x1,0.0,0.0,0.0,"(1276, 412, 180)","(1276.0, 412.0, 180)"
751,150,1,XM3_x3_x1,0.0,0.0,0.0,"(1554, 2018, 180)","(1554.0, 2018.0, 180)"
752,150,2,XM6_x3_x1,0.0,0.0,0.0,"(1469, 754, 180)","(1469.0, 754.0, 180)"
753,150,3,XDL_XM1_XM2_x3_x1,0.0,0.0,0.0,"(783, 2242, 180)","(783.0, 2242.0, 180)"
754,150,4,XR6_x3_x1,-11291.589043921109,10809.0,232892.18531268975,"(2000, 498, 180)","(2000.0, 498.0, 180)"
755,151,0,XR6_x3_x1,0.0,0.0,0.0,"(627, 2290, 180)","(627.0, 2290.0, 180)"
756,151,1,XM3_x3_x1,0.0,0.0,0.0,"(416, 609, 180)","(416.0, 609.0, 180)"
757,151,2,XM6_x3_x1,0.0,0.0,0.0,"(2295, 483, 180)","(2295.0, 483.0, 180)"
758,151,3,XDL_XM1_XM2_x3_x1,0.0,0.0,0.0,"(1139, 967, 180)","(1139.0, 967.0, 180)"
759,151,4,XM4_x3_x1,-14348.854532368356,13747.0,362228.8781323312,"(1941, 2348, 180)","(1941.0, 2348.0, 180)"
760,152,0,XDL_XM1_XM2_x3_x1,0.0,0.0,0.0,"(1771, 896, 180)","(1771.0, 896.0, 180)"
761,152,1,XR6_x3_x1,0.0,0.0,0.0,"(2353, 1184, 180)","(2353.0, 1184.0, 180)"
762,152,2,XM6_x3_x1,0.0,0.0,0.0,"(109, 820, 180)","(109.0, 820.0, 180)"
763,152,3,XM3_x3_x1,0.0,0.0,0.0,"(718, 904, 180)","(718.0, 904.0, 180)"
764,152,4,XM4_x3_x1,-10227.413423069911,9713.0,264621.16983450303,"(618, 934, 180)","(618.0, 1183.0, 180)"
765,153,0,XDL_XM1_XM2_x3_x1,0.0,0.0,0.0,"(1060, 1113, 180)","(1060.0, 1113.0, 180)"
766,153,1,XM6_x3_x1,0.0,0.0,0.0,"(902, 577, 180)","(902.0, 577.0, 180)"
767,153,2,XM3_x3_x1,0.0,0.0,0.0,"(2316, 1920, 180)","(2316.0, 1920.0, 180)"
768,153,3,XM4_x3_x1,0.0,0.0,0.0,"(2344, 1975, 180)","(2344.0, 2199.0, 180)"
769,153,4,XR6_x3_x1,-16337.924744923423,15640.0,487098.94957642426,"(25, 143, 90)","(25.0, 143.0, 90)"
770,154,0,XM6_x3_x1,0.0,0.0,0.0,"(726, 957, 180)","(726.0, 957.0, 180)"
771,154,1,XR6_x3_x1,0.0,0.0,0.0,"(1340, 2459, 180)","(1340.0, 2459.0, 180)"
772,154,2,XM3_x3_x1,0.0,0.0,0.0,"(1174, 229, 180)","(1174.0, 229.0, 180)"
773,154,3,XM4_x3_x1,0.0,0.0,0.0,"(182, 1002, 0)","(182.0, 1002.0, 0)"
774,154,4,XDL_XM1_XM2_x3_x1,-12841.973083465484,12285.0,310219.01570504985,"(123, 1558, 180)","(123.0, 1558.0, 180)"
775,155,0,XDL_XM1_XM2_x3_x1,0.0,0.0,0.0,"(1229, 1903, 180)","(1229.0, 1903.0, 180)"
776,155,1,XM3_x3_x1,0.0,0.0,0.0,"(927, 1860, 180)","(818.5, 1860.0, 180)"
777,155,2,XM6_x3_x1,0.0,0.0,0.0,"(2467, 2464, 180)","(2467.0, 2464.0, 180)"
778,155,3,XM4_x3_x1,0.0,0.0,0.0,"(862, 2458, 180)","(862.0, 2458.0, 180)"
779,155,4,XR6_x3_x1,-7702.2868488894055,7328.5,139716.60840267153,"(596, 2226, 0)","(520.0, 2226.0, 0)"
780,156,0,XM4_x3_x1,0.0,0.0,0.0,"(459, 442, 180)","(459.0, 442.0, 180)"
781,156,1,XR6_x3_x1,0.0,0.0,0.0,"(1378, 1622, 180)","(1378.0, 1622.0, 180)"
782,156,2,XM3_x3_x1,0.0,0.0,0.0,"(1430, 2557, 180)","(1430.0, 2557.0, 180)"
783,156,3,XDL_XM1_XM2_x3_x1,0.0,0.0,0.0,"(2525, 975, 0)","(2525.0, 975.0, 0)"
784,156,4,XM6_x3_x1,-14980.530439785247,14388.0,351092.322072098,"(1732, 87, 90)","(1732.0, 87.0, 90)"
785,157,0,XM3_x3_x1,0.0,0.0,0.0,"(1793, 527, 180)","(1793.0, 527.0, 180)"
786,157,1,XDL_XM1_XM2_x3_x1,0.0,0.0,0.0,"(356, 2090, 180)","(356.0, 2090.0, 180)"
787,157,2,XR6_x3_x1,0.0,0.0,0.0,"(123, 641, 180)","(123.0, 641.0, 180)"
788,157,3,XM4_x3_x1,0.0,0.0,0.0,"(519, 2364, 180)","(519.0, 2598.0, 180)"
789,157,4,XM6_x3_x1,-14557.653899663206,13888.0,448436.34533414047,"(467, 589, 180)","(467.0, 589.0, 180)"
790,158,0,XDL_XM1_XM2_x3_x1,0.0,0.0,0.0,"(2352, 2089, 180)","(2352.0, 2089.0, 180)"
791,158,1,XR6_x3_x1,0.0,0.0,0.0,"(337, 1002, 180)","(337.0, 1002.0, 180)"
792,158,2,XM3_x3_x1,0.0,0.0,0.0,"(2000, 1558, 180)","(2000.0, 1558.0, 180)"
793,158,3,XM6_x3_x1,0.0,0.0,0.0,"(1047, 716, 180)","(1047.0, 716.0, 180)"
794,158,4,XM4_x3_x1,-14001.109338672997,13369.5,398930.3566989406,"(236, 665, 180)","(236.0, 521.5, 180)"
795,159,0,XM4_x3_x1,0.0,0.0,0.0,"(2063, 126, 180)","(2063.0, 126.0, 180)"
796,159,1,XM6_x3_x1,0.0,0.0,0.0,"(718, 1234, 180)","(718.0, 1234.0, 180)"
797,159,2,XDL_XM1_XM2_x3_x1,0.0,0.0,0.0,"(1141, 2290, 180)","(1457.5, 2290.0, 180)"
798,159,3,XR6_x3_x1,0.0,0.0,0.0,"(2342, 1196, 180)","(2342.0, 1196.0, 180)"
799,159,4,XM3_x3_x1,-13840.373841321807,13219.0,386105.45067901746,"(1047, 2235, 0)","(1047.0, 2235.0, 0)"
800,160,0,XM3_x3_x1,0.0,0.0,0.0,"(2573, 1846, 180)","(2573.0, 1846.0, 180)"
801,160,1,XR6_x3_x1,0.0,0.0,0.0,"(1252, 279, 180)","(1252.0, 279.0, 180)"
802,160,2,XM4_x3_x1,0.0,0.0,0.0,"(1291, 2378, 180)","(1291.0, 2378.0, 180)"
803,160,3,XM6_x3_x1,0.0,0.0,0.0,"(1907, 2219, 180)","(1907.0, 2219.0, 180)"
804,160,4,XDL_XM1_XM2_x3_x1,-13663.91560407798,13151.0,263082.41690667905,"(334, 2254, 0)","(334.0, 2254.0, 0)"
805,161,0,XR6_x3_x1,0.0,0.0,0.0,"(1209, 1425, 180)","(1209.0, 1425.0, 180)"
806,161,1,XM6_x3_x1,0.0,0.0,0.0,"(2250, 632, 180)","(2250.0, 632.0, 180)"
807,161,2,XM4_x3_x1,0.0,0.0,0.0,"(2384, 366, 180)","(2384.0, 353.0, 180)"
808,161,3,XDL_XM1_XM2_x3_x1,0.0,0.0,0.0,"(406, 1503, 0)","(406.0, 1503.0, 0)"
809,161,4,XM3_x3_x1,-13702.949438803218,13083.0,384337.30667242524,"(696, 155, 0)","(696.0, 155.0, 0)"
810,162,0,XDL_XM1_XM2_x3_x1,0.0,0.0,0.0,"(1829, 1135, 180)","(1829.0, 1135.0, 180)"
811,162,1,XM6_x3_x1,0.0,0.0,0.0,"(1259, 1385, 180)","(1259.0, 1385.0, 180)"
812,162,2,XR6_x3_x1,0.0,0.0,0.0,"(1432, 2461, 180)","(1432.0, 2461.0, 180)"
813,162,3,XM4_x3_x1,0.0,0.0,0.0,"(1034, 577, 180)","(1034.0, 577.0, 180)"
814,162,4,XM3_x3_x1,-12760.887047552087,12186.0,330495.11744315596,"(2532, 491, 180)","(2532.0, 491.0, 180)"
815,163,0,XM4_x3_x1,0.0,0.0,0.0,"(1520, 800, 180)","(1520.0, 800.0, 180)"
816,163,1,XM3_x3_x1,0.0,0.0,0.0,"(336, 1867, 180)","(336.0, 1867.0, 180)"
817,163,2,XR6_x3_x1,0.0,0.0,0.0,"(2086, 104, 180)","(2086.0, 104.0, 180)"
818,163,3,XDL_XM1_XM2_x3_x1,0.0,0.0,0.0,"(443, 1270, 180)","(443.0, 1270.0, 180)"
819,163,4,XM6_x3_x1,-13755.17295289463,13115.0,409821.409617832,"(1423, 2180, 180)","(1423.0, 2180.0, 180)"
820,164,0,XM6_x3_x1,0.0,0.0,0.0,"(2102, 1562, 180)","(2102.0, 1562.0, 180)"
821,164,1,XDL_XM1_XM2_x3_x1,0.0,0.0,0.0,"(1340, 1125, 180)","(1340.0, 1125.0, 180)"
822,164,2,XM4_x3_x1,0.0,0.0,0.0,"(526, 1601, 180)","(526.0, 1601.0, 180)"
823,164,3,XR6_x3_x1,0.0,0.0,0.0,"(1150, 2439, 180)","(1150.0, 2439.0, 180)"
824,164,4,XM3_x3_x1,-13482.226774312378,12888.0,353105.4593096925,"(531, 380, 0)","(531.0, 380.0, 0)"
825,165,0,XM3_x3_x1,0.0,0.0,0.0,"(1454, 2491, 180)","(1711.0, 2491.0, 180)"
826,165,1,XM6_x3_x1,0.0,0.0,0.0,"(1315, 2513, 180)","(1315.0, 2513.0, 180)"
827,165,2,XDL_XM1_XM2_x3_x1,0.0,0.0,0.0,"(1024, 971, 0)","(1024.0, 971.0, 0)"
828,165,3,XR6_x3_x1,0.0,0.0,0.0,"(112, 426, 0)","(112.0, 426.0, 0)"
829,165,4,XM4_x3_x1,-15207.14195820048,14550.0,431835.55322756135,"(1990, 2440, 0)","(2107.0, 2440.0, 0)"
830,166,0,XR6_x3_x1,0.0,0.0,0.0,"(1259, 1513, 180)","(1259.0, 1513.0, 180)"
831,166,1,XDL_XM1_XM2_x3_x1,0.0,0.0,0.0,"(843, 1805, 180)","(843.0, 1805.0, 180)"
832,166,2,XM4_x3_x1,0.0,0.0,0.0,"(2063, 2192, 180)","(2063.0, 2192.0, 180)"
833,166,3,XM6_x3_x1,0.0,0.0,0.0,"(404, 1975, 180)","(404.0, 1975.0, 180)"
834,166,4,XM3_x3_x1,-8906.855108950129,8430.0,227390.79493183878,"(1866, 1541, 180)","(1866.0, 1541.0, 180)"
835,167,0,XDL_XM1_XM2_x3_x1,0.0,0.0,0.0,"(1670, 1848, 180)","(1670.0, 1873.0, 180)"
836,167,1,XM4_x3_x1,0.0,0.0,0.0,"(1389, 946, 180)","(1389.0, 946.0, 180)"
837,167,2,XM3_x3_x1,0.0,0.0,0.0,"(1512, 1365, 180)","(1512.0, 1365.0, 180)"
838,167,3,XR6_x3_x1,0.0,0.0,0.0,"(809, 1092, 180)","(809.0, 1092.0, 180)"
839,167,4,XM6_x3_x1,-7827.7598534050685,7490.0,114081.71857221337,"(1251, 163, 90)","(1251.0, 163.0, 90)"
840,168,0,XDL_XM1_XM2_x3_x1,0.0,0.0,0.0,"(2545, 1057, 180)","(2545.0, 1057.0, 180)"
841,168,1,XR6_x3_x1,0.0,0.0,0.0,"(1820, 753, 180)","(1820.0, 753.0, 180)"
842,168,2,XM4_x3_x1,0.0,0.0,0.0,"(710, 2508, 180)","(710.0, 2508.0, 180)"
843,168,3,XM6_x3_x1,0.0,0.0,0.0,"(785, 1820, 180)","(785.0, 1820.0, 180)"
844,168,4,XM3_x3_x1,-17359.89809309637,16661.0,488458.5445337397,"(220, 163, 90)","(220.0, 163.0, 90)"
845,169,0,XM4_x3_x1,0.0,0.0,0.0,"(2108, 577, 180)","(2108.0, 577.0, 180)"
846,169,1,XDL_XM1_XM2_x3_x1,0.0,0.0,0.0,"(2554, 1516, 180)","(2554.0, 1516.0, 180)"
847,169,2,XM6_x3_x1,0.0,0.0,0.0,"(1022, 210, 180)","(1022.0, 210.0, 180)"
848,169,3,XR6_x3_x1,0.0,0.0,0.0,"(1660, 2014, 180)","(1660.0, 2014.0, 180)"
849,169,4,XM3_x3_x1,-11659.03618831325,11175.0,234291.03159681984,"(1010, 1468, 180)","(1010.0, 1468.0, 180)"
850,170,0,XM3_x3_x1,0.0,0.0,0.0,"(2026, 1989, 180)","(2026.0, 1989.0, 180)"
851,170,1,XM6_x3_x1,0.0,0.0,0.0,"(1262, 2328, 180)","(1262.0, 2328.0, 180)"
852,170,2,XR6_x3_x1,0.0,0.0,0.0,"(2416, 1172, 0)","(2442.0, 1172.0, 0)"
853,170,3,XM4_x3_x1,0.0,0.0,0.0,"(459, 1147, 0)","(459.0, 1147.0, 0)"
854,170,4,XDL_XM1_XM2_x3_x1,-12155.425499767196,11579.0,332266.35678186093,"(2129, 1405, 0)","(2129.0, 1405.0, 0)"
855,171,0,XM6_x3_x1,0.0,0.0,0.0,"(2216, 2022, 180)","(2216.0, 2113.5, 180)"
856,171,1,XDL_XM1_XM2_x3_x1,0.0,0.0,0.0,"(1095, 426, 180)","(935.0, 426.0, 180)"
857,171,2,XR6_x3_x1,0.0,0.0,0.0,"(1248, 670, 180)","(1248.0, 670.0, 180)"
858,171,3,XM3_x3_x1,0.0,0.0,0.0,"(2602, 2066, 180)","(2612.0, 2113.5, 180)"
859,171,4,XM4_x3_x1,-14223.871580685505,13533.0,477303.54099888925,"(2342, 1776, 90)","(2342.0, 1776.0, 90)"
860,172,0,XM3_x3_x1,0.0,0.0,0.0,"(869, 2192, 180)","(869.0, 2192.0, 180)"
861,172,1,XM6_x3_x1,0.0,0.0,0.0,"(2560, 925, 180)","(2627.5, 925.0, 180)"
862,172,2,XR6_x3_x1,0.0,0.0,0.0,"(171, 1404, 180)","(171.0, 1404.0, 180)"
863,172,3,XM4_x3_x1,0.0,0.0,0.0,"(618, 2212, 180)","(473.0, 2212.0, 180)"
864,172,4,XDL_XM1_XM2_x3_x1,-13239.508842214738,12650.0,347520.67504936084,"(2061, 956, 90)","(2061.0, 956.0, 90)"
865,173,0,XM3_x3_x1,0.0,0.0,0.0,"(1295, 830, 180)","(1295.0, 830.0, 180)"
866,173,1,XDL_XM1_XM2_x3_x1,0.0,0.0,0.0,"(1534, 667, 180)","(1705.5, 667.0, 180)"
867,173,2,XR6_x3_x1,0.0,0.0,0.0,"(2422, 1288, 180)","(2422.0, 1288.0, 180)"
868,173,3,XM4_x3_x1,0.0,0.0,0.0,"(1900, 2464, 180)","(1900.0, 2464.0, 180)"
869,173,4,XM6_x3_x1,-11632.600767502157,11127.5,255126.78533126923,"(798, 2226, 180)","(798.0, 2226.0, 180)"
870,174,0,XR6_x3_x1,0.0,0.0,0.0,"(630, 1192, 180)","(630.0, 1192.0, 180)"
871,174,1,XM4_x3_x1,0.0,0.0,0.0,"(172, 1159, 180)","(172.0, 1159.0, 180)"
872,174,2,XM3_x3_x1,0.0,0.0,0.0,"(1319, 1442, 180)","(1319.0, 1442.0, 180)"
873,174,3,XDL_XM1_XM2_x3_x1,0.0,0.0,0.0,"(2342, 1919, 180)","(2342.0, 1919.0, 180)"
874,174,4,XM6_x3_x1,-10749.60074888581,10266.0,233869.6843229173,"(697, 2180, 180)","(697.0, 2180.0, 180)"
875,175,0,XR6_x3_x1,0.0,0.0,0.0,"(305, 2317, 180)","(305.0, 2317.0, 180)"
876,175,1,XM3_x3_x1,0.0,0.0,0.0,"(79, 2556, 180)","(6.5, 2556.0, 180)"
877,175,2,XDL_XM1_XM2_x3_x1,0.0,0.0,0.0,"(1451, 567, 180)","(1451.0, 567.0, 180)"
878,175,3,XM6_x3_x1,0.0,0.0,0.0,"(1274, 2130, 180)","(1274.0, 2130.0, 180)"
879,175,4,XM4_x3_x1,-11753.052416038567,11229.0,274630.93475585897,"(832, 625, 180)","(832.0, 625.0, 180)"
880,176,0,XM6_x3_x1,0.0,0.0,0.0,"(2407, 2330, 180)","(2407.0, 2330.0, 180)"
881,176,1,XR6_x3_x1,0.0,0.0,0.0,"(406, 2226, 180)","(406.0, 2226.0, 180)"
882,176,2,XM3_x3_x1,0.0,0.0,0.0,"(501, 1365, 180)","(501.0, 1365.0, 180)"
883,176,3,XDL_XM1_XM2_x3_x1,0.0,0.0,0.0,"(1057, 2336, 180)","(1057.0, 2336.0, 180)"
884,176,4,XM4_x3_x1,-11144.745529825088,10641.0,253759.55881875905,"(2295, 1896, 180)","(2295.0, 1896.0, 180)"
885,177,0,XM3_x3_x1,0.0,0.0,0.0,"(323, 1776, 180)","(323.0, 1776.0, 180)"
886,177,1,XM6_x3_x1,0.0,0.0,0.0,"(2063, 479, 180)","(2063.0, 479.0, 180)"
887,177,2,XM4_x3_x1,0.0,0.0,0.0,"(1471, 208, 180)","(1471.0, 208.0, 180)"
888,177,3,XR6_x3_x1,0.0,0.0,0.0,"(46, 450, 180)","(46.0, 450.0, 180)"
889,177,4,XDL_XM1_XM2_x3_x1,-12222.065335427207,11694.0,278852.9984798488,"(819, 965, 90)","(819.0, 965.0, 90)"
890,178,0,XM3_x3_x1,0.0,0.0,0.0,"(228, 1260, 180)","(228.0, 1260.0, 180)"
891,178,1,XM6_x3_x1,0.0,0.0,0.0,"(325, 2130, 180)","(325.0, 2130.0, 180)"
892,178,2,XDL_XM1_XM2_x3_x1,0.0,0.0,0.0,"(1002, 469, 180)","(1002.0, 469.0, 180)"
893,178,3,XM4_x3_x1,0.0,0.0,0.0,"(907, 1706, 180)","(907.0, 1706.0, 180)"
894,178,4,XR6_x3_x1,-13738.61543387326,13163.0,331333.12771310017,"(2582, 228, 180)","(2582.0, 228.0, 180)"
895,179,0,XM6_x3_x1,0.0,0.0,0.0,"(2361, 212, 180)","(2361.0, 212.0, 180)"
896,179,1,XDL_XM1_XM2_x3_x1,0.0,0.0,0.0,"(293, 1122, 180)","(293.0, 1122.0, 180)"
897,179,2,XM4_x3_x1,0.0,0.0,0.0,"(1998, 1570, 180)","(1998.0, 1570.0, 180)"
898,179,3,XR6_x3_x1,0.0,0.0,0.0,"(1725, 546, 0)","(1725.0, 546.0, 0)"
899,179,4,XM3_x3_x1,-12139.380046481929,11611.0,279185.47352024505,"(698, 619, 90)","(698.0, 619.0, 90)"
900,180,0,XDL_XM1_XM2_x3_x1,0.0,0.0,0.0,"(1508, 1332, 180)","(1508.0, 1332.0, 180)"
901,180,1,XM3_x3_x1,0.0,0.0,0.0,"(1874, 1871, 180)","(1874.0, 1871.0, 180)"
902,180,2,XM4_x3_x1,0.0,0.0,0.0,"(2434, 1172, 180)","(2434.0, 1172.0, 180)"
903,180,3,XM6_x3_x1,0.0,0.0,0.0,"(1330, 2195, 0)","(1330.0, 2195.0, 0)"
904,180,4,XR6_x3_x1,-10490.733675319614,9981.0,259828.41975484093,"(798, 975, 0)","(798.0, 975.0, 0)"
905,181,0,XDL_XM1_XM2_x3_x1,0.0,0.0,0.0,"(354, 203, 180)","(354.0, 203.0, 180)"
906,181,1,XR6_x3_x1,0.0,0.0,0.0,"(1684, 885, 180)","(1693.0, 885.0, 180)"
907,181,2,XM4_x3_x1,0.0,0.0,0.0,"(1185, 9, 180)","(1185.0, 9.0, 180)"
908,181,3,XM3_x3_x1,0.0,0.0,0.0,"(1907, 1808, 180)","(1907.0, 1808.0, 180)"
909,181,4,XM6_x3_x1,-11593.106002776693,11081.0,262252.55807992246,"(1453, 619, 90)","(1453.0, 619.0, 90)"
910,182,0,XM4_x3_x1,0.0,0.0,0.0,"(1597, 873, 180)","(1597.0, 873.0, 180)"
911,182,1,XDL_XM1_XM2_x3_x1,0.0,0.0,0.0,"(631, 262, 180)","(631.0, 262.0, 180)"
912,182,2,XM3_x3_x1,0.0,0.0,0.0,"(2269, 379, 180)","(2269.0, 379.0, 180)"
913,182,3,XM6_x3_x1,0.0,0.0,0.0,"(155, 619, 90)","(155.0, 619.0, 90)"
914,182,4,XR6_x3_x1,-12911.31883731776,12346.0,319585.38782630465,"(445, 1368, 180)","(445.0, 1368.0, 180)"
915,183,0,XM4_x3_x1,0.0,0.0,0.0,"(2054, 2104, 180)","(2054.0, 2104.0, 180)"
916,183,1,XDL_XM1_XM2_x3_x1,0.0,0.0,0.0,"(879, 1816, 180)","(879.0, 1816.0, 180)"
917,183,2,XR6_x3_x1,0.0,0.0,0.0,"(1088, 849, 180)","(1088.0, 849.0, 180)"
918,183,3,XM3_x3_x1,0.0,0.0,0.0,"(24, 1039, 180)","(24.0, 1039.0, 180)"
919,183,4,XM6_x3_x1,-12372.136608001352,11799.0,328485.57143129513,"(92, 1874, 180)","(92.0, 1874.0, 180)"
920,184,0,XM4_x3_x1,0.0,0.0,0.0,"(131, 512, 180)","(131.0, 512.0, 180)"
921,184,1,XDL_XM1_XM2_x3_x1,0.0,0.0,0.0,"(1060, 1320, 180)","(1060.0, 1320.0, 180)"
922,184,2,XR6_x3_x1,0.0,0.0,0.0,"(193, 2184, 180)","(193.0, 2184.0, 180)"
923,184,3,XM3_x3_x1,0.0,0.0,0.0,"(2588, 2582, 180)","(2588.0, 2582.0, 180)"
924,184,4,XM6_x3_x1,-17912.32176302487,17177.0,540698.0951780023,"(151, 976, 180)","(151.0, 976.0, 180)"
925,185,0,XM6_x3_x1,0.0,0.0,0.0,"(730, 2514, 180)","(730.0, 2514.0, 180)"
926,185,1,XM3_x3_x1,0.0,0.0,0.0,"(1455, 1302, 180)","(1455.0, 1302.0, 180)"
927,185,2,XR6_x3_x1,0.0,0.0,0.0,"(333, 1271, 180)","(333.0, 1271.0, 180)"
928,185,3,XM4_x3_x1,0.0,0.0,0.0,"(2350, 27, 180)","(2350.0, 27.0, 180)"
929,185,4,XDL_XM1_XM2_x3_x1,-13900.82971983436,13348.5,305068.11941230256,"(1295, 1492, 180)","(1044.5, 1492.0, 180)"
930,186,0,XDL_XM1_XM2_x3_x1,0.0,0.0,0.0,"(1156, 447, 180)","(1156.0, 447.0, 180)"
931,186,1,XM4_x3_x1,0.0,0.0,0.0,"(2006, 408, 180)","(2006.0, 408.0, 180)"
932,186,2,XM3_x3_x1,0.0,0.0,0.0,"(166, 472, 180)","(166.0, 472.0, 180)"
933,186,3,XR6_x3_x1,0.0,0.0,0.0,"(2148, 2525, 180)","(2148.0, 2525.0, 180)"
934,186,4,XM6_x3_x1,-14089.739312228512,13593.0,246749.9443132544,"(743, 1172, 0)","(743.0, 1172.0, 0)"
935,187,0,XM4_x3_x1,0.0,0.0,0.0,"(2287, 144, 180)","(2287.0, 144.0, 180)"
936,187,1,XR6_x3_x1,0.0,0.0,0.0,"(1556, 26, 180)","(1556.0, 26.0, 180)"
937,187,2,XM3_x3_x1,0.0,0.0,0.0,"(1050, 176, 180)","(1050.0, 176.0, 180)"
938,187,3,XM6_x3_x1,0.0,0.0,0.0,"(29, 1328, 90)","(29.0, 1328.0, 90)"
939,187,4,XDL_XM1_XM2_x3_x1,-12997.705526884325,12451.0,298886.93312586757,"(594, 1660, 0)","(594.0, 1660.0, 0)"
940,188,0,XM4_x3_x1,0.0,0.0,0.0,"(2270, 1509, 180)","(2270.0, 1509.0, 180)"
941,188,1,XDL_XM1_XM2_x3_x1,0.0,0.0,0.0,"(451, 665, 180)","(451.0, 665.0, 180)"
942,188,2,XR6_x3_x1,0.0,0.0,0.0,"(2341, 2419, 180)","(2341.0, 2419.0, 180)"
943,188,3,XM6_x3_x1,0.0,0.0,0.0,"(1961, 2444, 0)","(1961.0, 2444.0, 0)"
944,188,4,XM3_x3_x1,-14789.268802513567,14197.0,350782.334430855,"(1629, 314, 0)","(1629.0, 314.0, 0)"
945,189,0,XDL_XM1_XM2_x3_x1,0.0,0.0,0.0,"(404, 937, 180)","(404.0, 937.0, 180)"
946,189,1,XM4_x3_x1,0.0,0.0,0.0,"(892, 2397, 180)","(892.0, 2397.0, 180)"
947,189,2,XM3_x3_x1,0.0,0.0,0.0,"(1190, 2327, 180)","(1288.0, 2327.0, 180)"
948,189,3,XR6_x3_x1,0.0,0.0,0.0,"(1749, 2224, 0)","(1749.0, 2224.0, 0)"
949,189,4,XM6_x3_x1,-11724.13529473303,11194.0,281043.43072167656,"(221, 491, 0)","(221.0, 429.0, 0)"
950,190,0,XR6_x3_x1,0.0,0.0,0.0,"(2215, 1725, 180)","(2215.0, 1725.0, 180)"
951,190,1,XM4_x3_x1,0.0,0.0,0.0,"(986, 2399, 180)","(986.0, 2399.0, 180)"
952,190,2,XDL_XM1_XM2_x3_x1,0.0,0.0,0.0,"(334, 2018, 0)","(216.5, 2018.0, 0)"
953,190,3,XM3_x3_x1,0.0,0.0,0.0,"(627, 1884, 180)","(627.0, 1884.0, 180)"
954,190,4,XM6_x3_x1,-11941.034950299634,11526.0,172254.00997022007,"(1582, 210, 0)","(1582.0, 210.0, 0)"
955,191,0,XM6_x3_x1,0.0,0.0,0.0,"(311, 215, 180)","(311.0, 215.0, 180)"
956,191,1,XM4_x3_x1,0.0,0.0,0.0,"(2130, 45, 180)","(2141.5, 45.0, 180)"
957,191,2,XDL_XM1_XM2_x3_x1,0.0,0.0,0.0,"(1731, 227, 180)","(1731.0, 227.0, 180)"
958,191,3,XM3_x3_x1,0.0,0.0,0.0,"(2488, 486, 180)","(2488.0, 486.0, 180)"
959,191,4,XR6_x3_x1,-10253.751688953986,9861.0,154253.88917620777,"(793, 975, 0)","(793.0, 975.0, 0)"
960,192,0,XM6_x3_x1,0.0,0.0,0.0,"(1510, 436, 180)","(1510.0, 436.0, 180)"
961,192,1,XR6_x3_x1,0.0,0.0,0.0,"(1684, 408, 180)","(1808.5, 408.0, 180)"
962,192,2,XM3_x3_x1,0.0,0.0,0.0,"(2344, 1485, 180)","(2344.0, 1485.0, 180)"
963,192,3,XDL_XM1_XM2_x3_x1,0.0,0.0,0.0,"(558, 140, 180)","(558.0, 140.0, 180)"
964,192,4,XM4_x3_x1,-12709.71813152924,12139.5,325148.71752469696,"(1571, 1820, 180)","(1571.0, 1820.0, 180)"
965,193,0,XM3_x3_x1,0.0,0.0,0.0,"(718, 1236, 180)","(718.0, 1336.0, 180)"
966,193,1,XM4_x3_x1,0.0,0.0,0.0,"(321, 859, 180)","(321.0, 859.0, 180)"
967,193,2,XDL_XM1_XM2_x3_x1,0.0,0.0,0.0,"(869, 828, 180)","(869.0, 828.0, 180)"
968,193,3,XR6_x3_x1,0.0,0.0,0.0,"(549, 1933, 180)","(549.0, 1933.0, 180)"
969,193,4,XM6_x3_x1,-10020.461475015678,9628.0,154026.00937148154,"(2147, 171, 180)","(2147.0, 171.0, 180)"
970,194,0,XM3_x3_x1,0.0,0.0,0.0,"(1275, 2057, 180)","(1275.0, 2105.0, 180)"
971,194,1,XM4_x3_x1,0.0,0.0,0.0,"(2347, 2005, 180)","(2347.0, 2005.0, 180)"
972,194,2,XR6_x3_x1,0.0,0.0,0.0,"(1714, 1865, 90)","(1714.0, 1865.0, 90)"
973,194,3,XM6_x3_x1,0.0,0.0,0.0,"(1585, 706, 0)","(1585.0, 706.0, 0)"
974,194,4,XDL_XM1_XM2_x3_x1,-9348.720096787001,8964.0,148009.55287179898,"(2487, 2412, 0)","(2487.0, 2513.0, 0)"
975,195,0,XR6_x3_x1,0.0,0.0,0.0,"(401, 747, 180)","(401.0, 747.0, 180)"
976,195,1,XM6_x3_x1,0.0,0.0,0.0,"(884, 1829, 180)","(884.0, 1829.0, 180)"
977,195,2,XM4_x3_x1,0.0,0.0,0.0,"(1678, 161, 180)","(1678.0, 161.0, 180)"
978,195,3,XM3_x3_x1,0.0,0.0,0.0,"(1680, 2108, 180)","(1680.0, 2171.0, 180)"
979,195,4,XDL_XM1_XM2_x3_x1,-12378.560998364152,11796.0,339377.31681503815,"(1414, 1663, 0)","(1414.0, 1663.0, 0)"
980,196,0,XR6_x3_x1,0.0,0.0,0.0,"(123, 2123, 180)","(123.0, 2123.0, 180)"
981,196,1,XM6_x3_x1,0.0,0.0,0.0,"(2319, 1535, 180)","(2319.0, 1535.0, 180)"
982,196,2,XM3_x3_x1,0.0,0.0,0.0,"(1312, 1441, 180)","(1312.0, 1441.0, 180)"
983,196,3,XM4_x3_x1,0.0,0.0,0.0,"(1047, 542, 180)","(1047.0, 542.0, 180)"
984,196,4,XDL_XM1_XM2_x3_x1,-11309.982278609526,10860.5,202034.31878401214,"(1678, 1506, 0)","(1722.5, 1506.0, 0)"
985,197,0,XM4_x3_x1,0.0,0.0,0.0,"(1210, 1669, 180)","(1210.0, 1669.0, 180)"
986,197,1,XR6_x3_x1,0.0,0.0,0.0,"(893, 1490, 180)","(893.0, 1490.0, 180)"
987,197,2,XM3_x3_x1,0.0,0.0,0.0,"(1047, 1109, 180)","(1047.0, 1009.5, 180)"
988,197,3,XDL_XM1_XM2_x3_x1,0.0,0.0,0.0,"(2473, 2546, 180)","(2473.0, 2546.0, 180)"
989,197,4,XM6_x3_x1,-10047.840548727303,9656.0,153539.01562691425,"(578, 1984, 0)","(578.0, 1984.0, 0)"
990,198,0,XR6_x3_x1,0.0,0.0,0.0,"(51, 2567, 180)","(51.0, 2567.0, 180)"
991,198,1,XM6_x3_x1,0.0,0.0,0.0,"(1638, 2013, 180)","(1638.0, 2013.0, 180)"
992,198,2,XM3_x3_x1,0.0,0.0,0.0,"(570, 1411, 180)","(570.0, 1411.0, 180)"
993,198,3,XM4_x3_x1,0.0,0.0,0.0,"(778, 696, 180)","(778.0, 696.0, 180)"
994,198,4,XDL_XM1_XM2_x3_x1,-12691.298838145713,12211.0,230686.97392412144,"(2181, 2072, 180)","(2181.0, 2072.0, 180)"
995,199,0,XM3_x3_x1,0.0,0.0,0.0,"(1663, 634, 180)","(1663.0, 634.0, 180)"
996,199,1,XM4_x3_x1,0.0,0.0,0.0,"(2279, 625, 180)","(2279.0, 625.0, 180)"
997,199,2,XM6_x3_x1,0.0,0.0,0.0,"(1013, 1052, 180)","(1013.0, 1052.0, 180)"
998,199,3,XDL_XM1_XM2_x3_x1,0.0,0.0,0.0,"(2086, 1903, 0)","(2086.0, 1903.0, 0)"
999,199,4,XR6_x3_x1,-10254.634119881792,9781.0,224329.27951619914,"(1075, 2071, 0)","(1075.0, 2071.0, 0)"
1000,200,0,XM4_x3_x1,0.0,0.0,0.0,"(881, 2238, 180)","(881.0, 2238.0, 180)"
1001,200,1,XR6_x3_x1,0.0,0.0,0.0,"(230, 2507, 180)","(230.0, 2507.0, 180)"
1002,200,2,XM3_x3_x1,0.0,0.0,0.0,"(748, 921, 90)","(748.0, 921.0, 90)"
1003,200,3,XDL_XM1_XM2_x3_x1,0.0,0.0,0.0,"(1368, 2030, 180)","(1368.0, 2030.0, 180)"
1004,200,4,XM6_x3_x1,-11180.334103854859,10708.0,223099.50566437244,"(1753, 2234, 0)","(1778.5, 2234.0, 0)"
1005,201,0,XDL_XM1_XM2_x3_x1,0.0,0.0,0.0,"(2260, 826, 180)","(2399.0, 826.0, 180)"
1006,201,1,XM3_x3_x1,0.0,0.0,0.0,"(676, 2330, 180)","(676.0, 2330.0, 180)"
1007,201,2,XM6_x3_x1,0.0,0.0,0.0,"(172, 1809, 180)","(172.0, 1809.0, 180)"
1008,201,3,XM4_x3_x1,0.0,0.0,0.0,"(1870, 160, 180)","(1870.0, 160.0, 180)"
1009,201,4,XR6_x3_x1,-17237.363794449295,16486.0,564547.5516092444,"(2086, 762, 0)","(2086.0, 762.0, 0)"
1010,202,0,XM6_x3_x1,0.0,0.0,0.0,"(130, 894, 0)","(130.0, 894.0, 0)"
1011,202,1,XM4_x3_x1,0.0,0.0,0.0,"(1409, 1065, 180)","(1409.0, 1065.0, 180)"
1012,202,2,XDL_XM1_XM2_x3_x1,0.0,0.0,0.0,"(1753, 2198, 180)","(1753.0, 2198.0, 180)"
1013,202,3,XM3_x3_x1,0.0,0.0,0.0,"(605, 2187, 90)","(605.0, 2187.0, 90)"
1014,202,4,XR6_x3_x1,-13533.338620630764,12862.0,450695.54355041764,"(2034, 727, 180)","(2034.0, 727.0, 180)"
1015,203,0,XDL_XM1_XM2_x3_x1,0.0,0.0,0.0,"(1993, 948, 0)","(1993.0, 948.0, 0)"
1016,203,1,XM3_x3_x1,0.0,0.0,0.0,"(1842, 1228, 180)","(1842.0, 1456.0, 180)"
1017,203,2,XM6_x3_x1,0.0,0.0,0.0,"(2604, 1344, 180)","(2604.0, 1344.0, 180)"
1018,203,3,XR6_x3_x1,0.0,0.0,0.0,"(1434, 590, 180)","(1434.0, 590.0, 180)"
1019,203,4,XM4_x3_x1,-9599.978737135649,9092.5,257534.66864479208,"(1215, 455, 0)","(1135.5, 455.0, 0)"
1020,204,0,XR6_x3_x1,0.0,0.0,0.0,"(210, 2037, 90)","(210.0, 2037.0, 90)"
1021,204,1,XM6_x3_x1,0.0,0.0,0.0,"(1107, 1538, 0)","(1107.0, 1538.0, 0)"
1022,204,2,XDL_XM1_XM2_x3_x1,0.0,0.0,0.0,"(1636, 630, 180)","(1636.0, 630.0, 180)"
1023,204,3,XM4_x3_x1,0.0,0.0,0.0,"(102, 1355, 180)","(102.0, 1355.0, 180)"
1024,204,4,XM3_x3_x1,-10888.315582782341,10412.0,226876.53440128115,"(983, 2209, 180)","(983.0, 2209.0, 180)"
1025,205,0,XM3_x3_x1,0.0,0.0,0.0,"(1349, 2448, 270)","(1349.0, 2448.0, 270)"
1026,205,1,XM4_x3_x1,0.0,0.0,0.0,"(170, 2328, 180)","(170.0, 2328.0, 180)"
1027,205,2,XR6_x3_x1,0.0,0.0,0.0,"(673, 1228, 180)","(673.0, 1228.0, 180)"
1028,205,3,XDL_XM1_XM2_x3_x1,0.0,0.0,0.0,"(1790, 2548, 180)","(1790.0, 2548.0, 180)"
1029,205,4,XM6_x3_x1,-12612.287332380754,12107.0,255315.2882644584,"(467, 321, 180)","(467.0, 321.0, 180)"
1030,206,0,XM3_x3_x1,0.0,0.0,0.0,"(512, 153, 270)","(512.0, 153.0, 270)"
1031,206,1,XDL_XM1_XM2_x3_x1,0.0,0.0,0.0,"(1311, 2409, 180)","(1311.0, 2409.0, 180)"
1032,206,2,XM4_x3_x1,0.0,0.0,0.0,"(1537, 146, 180)","(1537.0, 146.0, 180)"
1033,206,3,XR6_x3_x1,0.0,0.0,0.0,"(81, 2042, 180)","(81.0, 2042.0, 180)"
1034,206,4,XM6_x3_x1,-14455.407575779964,13863.0,350946.7358414941,"(1132, 1851, 180)","(1132.0, 1851.0, 180)"
1035,207,0,XM4_x3_x1,0.0,0.0,0.0,"(526, 2009, 90)","(526.0, 2009.0, 90)"
1036,207,1,XM3_x3_x1,0.0,0.0,0.0,"(373, 566, 90)","(373.0, 566.0, 90)"
1037,207,2,XR6_x3_x1,0.0,0.0,0.0,"(1752, 1506, 180)","(1752.0, 1506.0, 180)"
1038,207,3,XM6_x3_x1,0.0,0.0,0.0,"(2036, 2604, 90)","(2036.0, 2604.0, 90)"
1039,207,4,XDL_XM1_XM2_x3_x1,-14726.502506995006,14053.0,453605.6269285582,"(1839, 1935, 180)","(2065.0, 1935.0, 180)"
1040,208,0,XDL_XM1_XM2_x3_x1,0.0,0.0,0.0,"(284, 1729, 180)","(-159.0, 1729.0, 180)"
1041,208,1,XM4_x3_x1,0.0,0.0,0.0,"(1248, 826, 180)","(1248.0, 826.0, 180)"
1042,208,2,XM3_x3_x1,0.0,0.0,0.0,"(1881, 558, 0)","(1881.0, 558.0, 0)"
1043,208,3,XR6_x3_x1,0.0,0.0,0.0,"(154, 1466, 180)","(154.0, 1466.0, 180)"
1044,208,4,XM6_x3_x1,-14981.907579489285,14278.0,495485.88046246546,"(2301, 721, 180)","(2301.0, 721.0, 180)"
1045,209,0,XM6_x3_x1,0.0,0.0,0.0,"(2165, 277, 180)","(2165.0, 277.0, 180)"
1046,209,1,XDL_XM1_XM2_x3_x1,0.0,0.0,0.0,"(705, 222, 180)","(263.5, 222.0, 180)"
1047,209,2,XR6_x3_x1,0.0,0.0,0.0,"(817, 246, 90)","(817.0, 246.0, 90)"
1048,209,3,XM3_x3_x1,0.0,0.0,0.0,"(549, 2495, 180)","(549.0, 2495.0, 180)"
1049,209,4,XM4_x3_x1,-16176.024545780401,15538.5,406437.54647250805,"(512, 268, 270)","(-88.5, 268.0, 270)"
1050,210,0,XM4_x3_x1,0.0,0.0,0.0,"(772, 233, 0)","(772.0, 233.0, 0)"
1051,210,1,XDL_XM1_XM2_x3_x1,0.0,0.0,0.0,"(983, 1425, 270)","(983.0, 1425.0, 270)"
1052,210,2,XM6_x3_x1,0.0,0.0,0.0,"(2074, 68, 180)","(2074.0, 68.0, 180)"
1053,210,3,XR6_x3_x1,0.0,0.0,0.0,"(1147, 482, 180)","(1147.0, 482.0, 180)"
1054,210,4,XM3_x3_x1,-9957.768661555101,9533.0,180428.4158393123,"(234, 548, 180)","(234.0, 548.0, 180)"
1055,211,0,XDL_XM1_XM2_x3_x1,0.0,0.0,0.0,"(1410, 2428, 90)","(1410.0, 2428.0, 90)"
1056,211,1,XR6_x3_x1,0.0,0.0,0.0,"(314, 101, 90)","(314.0, 101.0, 90)"
1057,211,2,XM6_x3_x1,0.0,0.0,0.0,"(624, 570, 180)","(624.0, 420.0, 180)"
1058,211,3,XM4_x3_x1,0.0,0.0,0.0,"(339, 1105, 180)","(339.0, 1105.0, 180)"
1059,211,4,XM3_x3_x1,-10486.584838898305,10074.0,170226.2492887402,"(775, 699, 180)","(775.0, 699.0, 180)"
1060,212,0,XM4_x3_x1,0.0,0.0,0.0,"(149, 629, 90)","(149.0, 629.0, 90)"
1061,212,1,XM3_x3_x1,0.0,0.0,0.0,"(1861, 492, 90)","(1861.0, 492.0, 90)"
1062,212,2,XR6_x3_x1,0.0,0.0,0.0,"(151, 1402, 180)","(151.0, 1682.5, 180)"
1063,212,3,XM6_x3_x1,0.0,0.0,0.0,"(1393, 491, 180)","(1393.0, 491.0, 180)"
1064,212,4,XDL_XM1_XM2_x3_x1,-12675.194230249865,12039.0,404743.0986032168,"(140, 1129, 270)","(140.0, 1129.0, 270)"
1065,213,0,XR6_x3_x1,0.0,0.0,0.0,"(2308, 2137, 180)","(2308.0, 2266.5, 180)"
1066,213,1,XM3_x3_x1,0.0,0.0,0.0,"(1967, 1860, 90)","(1967.0, 1860.0, 90)"
1067,213,2,XM6_x3_x1,0.0,0.0,0.0,"(1032, 1471, 180)","(1032.0, 1471.0, 180)"
1068,213,3,XDL_XM1_XM2_x3_x1,0.0,0.0,0.0,"(2284, 1557, 180)","(2319.0, 1557.0, 180)"
1069,213,4,XM4_x3_x1,-11850.562670946034,11375.0,226159.8539973262,"(2112, 67, 0)","(2112.0, 67.0, 0)"
1070,214,0,XDL_XM1_XM2_x3_x1,0.0,0.0,0.0,"(363, 1487, 180)","(363.0, 1684.5, 180)"
1071,214,1,XR6_x3_x1,0.0,0.0,0.0,"(70, 975, 0)","(70.0, 975.0, 0)"
1072,214,2,XM4_x3_x1,0.0,0.0,0.0,"(949, 387, 180)","(949.0, 335.5, 180)"
1073,214,3,XM6_x3_x1,0.0,0.0,0.0,"(808, 673, 90)","(808.0, 673.0, 90)"
1074,214,4,XM3_x3_x1,-11644.116640531485,11101.5,294432.8185816743,"(1892, 1021, 90)","(1892.0, 1021.0, 90)"
1075,215,0,XM4_x3_x1,0.0,0.0,0.0,"(173, 1818, 180)","(173.0, 1818.0, 180)"
1076,215,1,XM6_x3_x1,0.0,0.0,0.0,"(2603, 2583, 180)","(2603.0, 2583.0, 180)"
1077,215,2,XM3_x3_x1,0.0,0.0,0.0,"(2175, 1889, 0)","(2175.0, 1889.0, 0)"
1078,215,3,XDL_XM1_XM2_x3_x1,0.0,0.0,0.0,"(1642, 917, 0)","(1642.0, 917.0, 0)"
1079,215,4,XR6_x3_x1,-15169.243846623194,14600.0,324038.55691837,"(1902, 214, 270)","(1902.0, 214.0, 270)"
1080,216,0,XR6_x3_x1,0.0,0.0,0.0,"(663, 729, 90)","(559.5, 729.0, 90)"
1081,216,1,XM4_x3_x1,0.0,0.0,0.0,"(2514, 761, 180)","(2514.0, 761.0, 180)"
1082,216,2,XDL_XM1_XM2_x3_x1,0.0,0.0,0.0,"(2470, 2281, 180)","(2470.0, 2281.0, 180)"
1083,216,3,XM3_x3_x1,0.0,0.0,0.0,"(1436, 279, 270)","(1436.0, 279.0, 270)"
1084,216,4,XM6_x3_x1,-12675.917722779317,12203.0,223651.17251877428,"(1040, 664, 90)","(1040.0, 664.0, 90)"
1085,217,0,XR6_x3_x1,0.0,0.0,0.0,"(2477, 2464, 90)","(2477.0, 2464.0, 90)"
1086,217,1,XM3_x3_x1,0.0,0.0,0.0,"(1739, 271, 90)","(1739.0, 271.0, 90)"
1087,217,2,XM4_x3_x1,0.0,0.0,0.0,"(433, 2186, 270)","(433.0, 2186.0, 270)"
1088,217,3,XM6_x3_x1,0.0,0.0,0.0,"(1194, 403, 180)","(1194.0, 403.0, 180)"
1089,217,4,XDL_XM1_XM2_x3_x1,-15037.93542292758,14423.0,378145.5743711213,"(1803, 1929, 90)","(1803.0, 1929.0, 90)"
1090,218,0,XM6_x3_x1,0.0,0.0,0.0,"(332, 2137, 270)","(332.0, 2137.0, 270)"
1091,218,1,XDL_XM1_XM2_x3_x1,0.0,0.0,0.0,"(362, 1183, 0)","(362.0, 1183.0, 0)"
1092,218,2,XM4_x3_x1,0.0,0.0,0.0,"(1209, 47, 180)","(1209.0, 47.0, 180)"
1093,218,3,XR6_x3_x1,0.0,0.0,0.0,"(2358, 1018, 180)","(2358.0, 1018.0, 180)"
1094,218,4,XM3_x3_x1,-14303.585039388376,13705.0,358304.049379584,"(127, 1781, 180)","(127.0, 1781.0, 180)"
1095,219,0,XM3_x3_x1,0.0,0.0,0.0,"(406, 468, 180)","(406.0, 468.0, 180)"
1096,219,1,XM6_x3_x1,0.0,0.0,0.0,"(67, 1904, 180)","(67.0, 1904.0, 180)"
1097,219,2,XM4_x3_x1,0.0,0.0,0.0,"(71, 468, 180)","(71.0, 182.0, 180)"
1098,219,3,XDL_XM1_XM2_x3_x1,0.0,0.0,0.0,"(169, 1216, 90)","(169.0, 1216.0, 90)"
1099,219,4,XR6_x3_x1,-7635.791504558427,7211.5,180023.2808404532,"(70, 953, 180)","(70.0, 662.5, 180)"
1100,220,0,XM6_x3_x1,0.0,0.0,0.0,"(1104, 2205, 0)","(1093.5, 2205.0, 0)"
1101,220,1,XM3_x3_x1,0.0,0.0,0.0,"(385, 750, 0)","(385.0, 750.0, 0)"
1102,220,2,XR6_x3_x1,0.0,0.0,0.0,"(2353, 108, 180)","(2353.0, 108.0, 180)"
1103,220,3,XM4_x3_x1,0.0,0.0,0.0,"(2201, 2274, 270)","(2201.0, 2274.0, 270)"
1104,220,4,XDL_XM1_XM2_x3_x1,-14685.652837144935,14106.0,335997.41161017306,"(1504, 1956, 180)","(1504.0, 1956.0, 180)"
1105,221,0,XR6_x3_x1,0.0,0.0,0.0,"(1425, 571, 0)","(1425.0, 571.0, 0)"
1106,221,1,XM4_x3_x1,0.0,0.0,0.0,"(179, 206, 90)","(179.0, 206.0, 90)"
1107,221,2,XM6_x3_x1,0.0,0.0,0.0,"(1348, 1857, 0)","(1348.0, 1857.0, 0)"
1108,221,3,XDL_XM1_XM2_x3_x1,0.0,0.0,0.0,"(1758, 1316, 180)","(1758.0, 1316.0, 180)"
1109,221,4,XM3_x3_x1,-14127.110175991756,13474.0,426552.9019839824,"(2223, 1434, 270)","(2223.0, 1434.0, 270)"
1110,222,0,XM4_x3_x1,0.0,0.0,0.0,"(1635, 1370, 270)","(1635.0, 1413.5, 270)"
1111,222,1,XM3_x3_x1,0.0,0.0,0.0,"(1216, 1745, 270)","(1216.0, 1745.0, 270)"
1112,222,2,XR6_x3_x1,0.0,0.0,0.0,"(351, 1012, 180)","(351.0, 1012.0, 180)"
1113,222,3,XDL_XM1_XM2_x3_x1,0.0,0.0,0.0,"(1342, 847, 180)","(1342.0, 847.0, 180)"
1114,222,4,XM6_x3_x1,-8846.824808938974,8442.0,163883.12593247675,"(2160, 723, 180)","(2160.0, 723.0, 180)"
1115,223,0,XM3_x3_x1,0.0,0.0,0.0,"(2070, 592, 180)","(2070.0, 592.0, 180)"
1116,223,1,XR6_x3_x1,0.0,0.0,0.0,"(1907, 1782, 180)","(1907.0, 1782.0, 180)"
1117,223,2,XM6_x3_x1,0.0,0.0,0.0,"(1192, 2538, 0)","(1192.0, 2538.0, 0)"
1118,223,3,XM4_x3_x1,0.0,0.0,0.0,"(2416, 2550, 270)","(2416.0, 2550.0, 270)"
1119,223,4,XDL_XM1_XM2_x3_x1,-15284.04016566754,14684.0,360048.2004143284,"(6, 452, 0)","(6.0, 452.0, 0)"
1120,224,0,XR6_x3_x1,0.0,0.0,0.0,"(1259, 220, 90)","(1259.0, 29.5, 90)"
1121,224,1,XM4_x3_x1,0.0,0.0,0.0,"(1381, 328, 90)","(1381.0, 328.0, 90)"
1122,224,2,XDL_XM1_XM2_x3_x1,0.0,0.0,0.0,"(998, 1199, 180)","(998.0, 1199.0, 180)"
1123,224,3,XM3_x3_x1,0.0,0.0,0.0,"(2278, 2199, 180)","(2278.0, 2199.0, 180)"
1124,224,4,XM6_x3_x1,-15121.064567624097,14371.0,562596.8556051217,"(2106, 309, 180)","(2106.0, 309.0, 180)"
1125,225,0,XM3_x3_x1,0.0,0.0,0.0,"(2107, 1528, 270)","(2107.0, 1528.0, 270)"
1126,225,1,XDL_XM1_XM2_x3_x1,0.0,0.0,0.0,"(2422, 2192, 180)","(2422.0, 2192.0, 180)"
1127,225,2,XM4_x3_x1,0.0,0.0,0.0,"(641, 2269, 180)","(641.0, 2269.0, 180)"
1128,225,3,XM6_x3_x1,0.0,0.0,0.0,"(619, 1353, 180)","(619.0, 1353.0, 180)"
1129,225,4,XR6_x3_x1,-13850.444811393312,13274.0,332288.6205822715,"(23, 777, 180)","(23.0, 777.0, 180)"
1130,226,0,XM6_x3_x1,0.0,0.0,0.0,"(1704, 1225, 180)","(1704.0, 1225.0, 180)"
1131,226,1,XR6_x3_x1,0.0,0.0,0.0,"(1919, 437, 270)","(1919.0, 437.0, 270)"
1132,226,2,XM3_x3_x1,0.0,0.0,0.0,"(2478, 673, 180)","(2478.0, 673.0, 180)"
1133,226,3,XDL_XM1_XM2_x3_x1,0.0,0.0,0.0,"(339, 2445, 180)","(339.0, 2445.0, 180)"
1134,226,4,XM4_x3_x1,-13086.570636402945,12582.0,254591.52712007242,"(411, 1023, 180)","(411.0, 1023.0, 180)"
1135,227,0,XM6_x3_x1,0.0,0.0,0.0,"(1346, 576, 0)","(1346.0, 576.0, 0)"
1136,227,1,XM4_x3_x1,0.0,0.0,0.0,"(995, 1585, 180)","(995.0, 1585.0, 180)"
1137,227,2,XR6_x3_x1,0.0,0.0,0.0,"(393, 1117, 180)","(393.0, 1117.0, 180)"
1138,227,3,XDL_XM1_XM2_x3_x1,0.0,0.0,0.0,"(2591, 1566, 180)","(2591.0, 1566.0, 180)"
1139,227,4,XM3_x3_x1,-12840.549581403742,12223.0,381367.48549193604,"(2597, 777, 180)","(2597.0, 777.0, 180)"
1140,228,0,XR6_x3_x1,0.0,0.0,0.0,"(1139, 743, 270)","(1139.0, 743.0, 270)"
1141,228,1,XDL_XM1_XM2_x3_x1,0.0,0.0,0.0,"(1345, 1728, 180)","(1345.0, 1728.0, 180)"
1142,228,2,XM3_x3_x1,0.0,0.0,0.0,"(1088, 233, 180)","(1088.0, 233.0, 180)"
1143,228,3,XM6_x3_x1,0.0,0.0,0.0,"(441, 1911, 0)","(441.0, 1911.0, 0)"
1144,228,4,XM4_x3_x1,-12620.754155126466,12019.0,362108.0632119667,"(219, 2502, 180)","(219.0, 2502.0, 180)"
1145,229,0,XM3_x3_x1,0.0,0.0,0.0,"(1097, 1083, 180)","(1097.0, 1083.0, 180)"
1146,229,1,XDL_XM1_XM2_x3_x1,0.0,0.0,0.0,"(802, 1408, 0)","(686.5, 1408.0, 0)"
1147,229,2,XM6_x3_x1,0.0,0.0,0.0,"(2223, 1834, 90)","(2515.5, 1834.0, 90)"
1148,229,3,XR6_x3_x1,0.0,0.0,0.0,"(1709, 399, 180)","(1709.0, 399.0, 180)"
1149,229,4,XM4_x3_x1,-10830.66267591943,10370.0,212210.10098524997,"(2178, 1881, 180)","(2178.0, 1881.0, 180)"
1150,230,0,XM4_x3_x1,0.0,0.0,0.0,"(788, 1750, 90)","(788.0, 1750.0, 90)"
1151,230,1,XDL_XM1_XM2_x3_x1,0.0,0.0,0.0,"(1345, 660, 0)","(1345.0, 660.0, 0)"
1152,230,2,XM3_x3_x1,0.0,0.0,0.0,"(923, 1214, 0)","(923.0, 1214.0, 0)"
1153,230,3,XM6_x3_x1,0.0,0.0,0.0,"(1976, 2039, 180)","(1976.0, 2245.5, 180)"
1154,230,4,XR6_x3_x1,-10412.865311851046,9905.0,257927.17498156024,"(1972, 1765, 180)","(1972.0, 1765.0, 180)"
1155,231,0,XM6_x3_x1,0.0,0.0,0.0,"(2099, 1042, 180)","(2099.0, 1042.0, 180)"
1156,231,1,XDL_XM1_XM2_x3_x1,0.0,0.0,0.0,"(1280, 1090, 90)","(1280.0, 1090.0, 90)"
1157,231,2,XM4_x3_x1,0.0,0.0,0.0,"(220, 191, 180)","(220.0, 191.0, 180)"
1158,231,3,XM3_x3_x1,0.0,0.0,0.0,"(1221, 2514, 180)","(1221.0, 2514.0, 180)"
1159,231,4,XR6_x3_x1,-17022.675548589854,16317.0,497977.97987759364,"(1825, 170, 0)","(1825.0, 170.0, 0)"
1160,232,0,XDL_XM1_XM2_x3_x1,0.0,0.0,0.0,"(386, 385, 0)","(356.0, 385.0, 0)"
1161,232,1,XR6_x3_x1,0.0,0.0,0.0,"(669, 499, 180)","(669.0, 499.0, 180)"
1162,232,2,XM6_x3_x1,0.0,0.0,0.0,"(147, 1790, 0)","(147.0, 1790.0, 0)"
1163,232,3,XM4_x3_x1,0.0,0.0,0.0,"(1620, 1077, 180)","(1620.0, 1077.0, 180)"
1164,232,4,XM3_x3_x1,-12852.801262301728,12216.0,405515.8476690736,"(1900, 1444, 180)","(1900.0, 1444.0, 180)"
1165,233,0,XM6_x3_x1,0.0,0.0,0.0,"(2092, 1011, 180)","(2092.0, 1011.0, 180)"
1166,233,1,XR6_x3_x1,0.0,0.0,0.0,"(1138, 470, 180)","(1138.0, 470.0, 180)"
1167,233,2,XM3_x3_x1,0.0,0.0,0.0,"(471, 1735, 180)","(471.0, 1735.0, 180)"
1168,233,3,XM4_x3_x1,0.0,0.0,0.0,"(1004, 402, 180)","(1004.0, -10.5, 180)"
1169,233,4,XDL_XM1_XM2_x3_x1,-13878.730964048787,13301.5,333195.5858566915,"(815, 2482, 270)","(815.0, 2482.0, 270)"
1170,234,0,XR6_x3_x1,0.0,0.0,0.0,"(1993, 1392, 180)","(1993.0, 1392.0, 180)"
1171,234,1,XM4_x3_x1,0.0,0.0,0.0,"(2378, 33, 180)","(2378.0, 33.0, 180)"
1172,234,2,XM3_x3_x1,0.0,0.0,0.0,"(628, 2062, 0)","(628.0, 2062.0, 0)"
1173,234,3,XDL_XM1_XM2_x3_x1,0.0,0.0,0.0,"(553, 7, 180)","(553.0, 7.0, 180)"
1174,234,4,XM6_x3_x1,-14922.029570215685,14261.0,436960.09269953484,"(1454, 1343, 180)","(1454.0, 1343.0, 180)"
1175,235,0,XM6_x3_x1,0.0,0.0,0.0,"(2559, 2416, 180)","(2559.0, 2627.0, 180)"
1176,235,1,XDL_XM1_XM2_x3_x1,0.0,0.0,0.0,"(40, 1652, 180)","(40.0, 1652.0, 180)"
1177,235,2,XR6_x3_x1,0.0,0.0,0.0,"(2507, 2387, 90)","(2507.0, 2387.0, 90)"
1178,235,3,XM3_x3_x1,0.0,0.0,0.0,"(2022, 137, 180)","(2022.0, 137.0, 180)"
1179,235,4,XM4_x3_x1,-17327.984160638232,16686.0,412143.6625103757,"(912, 1400, 0)","(912.0, 1400.0, 0)"
1180,236,0,XM6_x3_x1,0.0,0.0,0.0,"(2328, 200, 270)","(2328.0, 200.0, 270)"
1181,236,1,XM4_x3_x1,0.0,0.0,0.0,"(253, 12, 90)","(253.0, 12.0, 90)"
1182,236,2,XDL_XM1_XM2_x3_x1,0.0,0.0,0.0,"(1541, 2007, 0)","(1541.0, 2007.0, 0)"
1183,236,3,XM3_x3_x1,0.0,0.0,0.0,"(2505, 1604, 0)","(2505.0, 1543.5, 0)"
1184,236,4,XR6_x3_x1,-15192.624434536625,14583.5,371032.5767495632,"(2388, 2024, 180)","(2388.0, 2024.0, 180)"
1185,237,0,XR6_x3_x1,0.0,0.0,0.0,"(1124, 1844, 0)","(1124.0, 1844.0, 0)"
1186,237,1,XDL_XM1_XM2_x3_x1,0.0,0.0,0.0,"(6, 1216, 180)","(6.0, 1216.0, 180)"
1187,237,2,XM6_x3_x1,0.0,0.0,0.0,"(2023, 217, 180)","(2202.0, 217.0, 180)"
1188,237,3,XM4_x3_x1,0.0,0.0,0.0,"(1738, 1592, 0)","(1738.0, 1592.0, 0)"
1189,237,4,XM3_x3_x1,-13138.66579441096,12556.0,339499.42797655513,"(1806, 268, 180)","(1806.0, 268.0, 180)"
1190,238,0,XDL_XM1_XM2_x3_x1,0.0,0.0,0.0,"(2158, 523, 180)","(2158.0, 523.0, 180)"
1191,238,1,XM6_x3_x1,0.0,0.0,0.0,"(238, 1574, 180)","(238.0, 1574.0, 180)"
1192,238,2,XM4_x3_x1,0.0,0.0,0.0,"(1348, 646, 180)","(1348.0, 646.0, 180)"
1193,238,3,XR6_x3_x1,0.0,0.0,0.0,"(22, 938, 180)","(22.0, 938.0, 180)"
1194,238,4,XM3_x3_x1,-9474.649296821868,9086.0,151048.27592013218,"(607, 1245, 180)","(607.0, 1245.0, 180)"
1195,239,0,XDL_XM1_XM2_x3_x1,0.0,0.0,0.0,"(564, 1644, 90)","(564.0, 1830.0, 90)"
1196,239,1,XM4_x3_x1,0.0,0.0,0.0,"(163, 2520, 90)","(163.0, 2520.0, 90)"
1197,239,2,XM6_x3_x1,0.0,0.0,0.0,"(2604, 963, 180)","(2604.0, 963.0, 180)"
1198,239,3,XM3_x3_x1,0.0,0.0,0.0,"(614, 1478, 0)","(614.0, 1478.0, 0)"
1199,239,4,XR6_x3_x1,-12364.724113415023,11867.0,247729.29307476952,"(1695, 1523, 180)","(1695.0, 1523.0, 180)"
1200,240,0,XM3_x3_x1,0.0,0.0,0.0,"(53, 1758, 90)","(53.0, 1758.0, 90)"
1201,240,1,XR6_x3_x1,0.0,0.0,0.0,"(1103, 2160, 90)","(1103.0, 2160.0, 90)"
1202,240,2,XDL_XM1_XM2_x3_x1,0.0,0.0,0.0,"(97, 2514, 0)","(97.0, 2514.0, 0)"
1203,240,3,XM6_x3_x1,0.0,0.0,0.0,"(563, 1140, 180)","(563.0, 1140.0, 180)"
1204,240,4,XM4_x3_x1,-9515.476560919311,9049.0,217600.38188710783,"(237, 836, 180)","(237.0, 836.0, 180)"
1205,241,0,XM4_x3_x1,0.0,0.0,0.0,"(374, 12, 180)","(374.0, 12.0, 180)"
1206,241,1,XM3_x3_x1,0.0,0.0,0.0,"(1471, 218, 180)","(1471.0, 218.0, 180)"
1207,241,2,XDL_XM1_XM2_x3_x1,0.0,0.0,0.0,"(2359, 696, 180)","(2359.0, 696.0, 180)"
1208,241,3,XM6_x3_x1,0.0,0.0,0.0,"(1287, 1573, 270)","(1287.0, 1573.0, 270)"
1209,241,4,XR6_x3_x1,-14013.208589015867,13445.0,322861.00063140225,"(390, 2228, 0)","(390.0, 2228.0, 0)"
1210,242,0,XM4_x3_x1,0.0,0.0,0.0,"(143, 1805, 90)","(143.0, 1805.0, 90)"
1211,242,1,XM3_x3_x1,0.0,0.0,0.0,"(1773, 1615, 180)","(1773.0, 1615.0, 180)"
1212,242,2,XR6_x3_x1,0.0,0.0,0.0,"(1216, 2459, 0)","(1216.0, 2459.0, 0)"
1213,242,3,XDL_XM1_XM2_x3_x1,0.0,0.0,0.0,"(594, 1029, 270)","(594.0, 1029.0, 270)"
1214,242,4,XM6_x3_x1,-11885.338818406897,11416.0,220278.92646358247,"(2434, 1307, 90)","(2434.0, 1307.0, 90)"
1215,243,0,XM4_x3_x1,0.0,0.0,0.0,"(2567, 285, 180)","(2567.0, 285.0, 180)"
1216,243,1,XM6_x3_x1,0.0,0.0,0.0,"(1877, 2576, 270)","(1877.0, 2576.0, 270)"
1217,243,2,XM3_x3_x1,0.0,0.0,0.0,"(438, 2280, 270)","(438.0, 2280.0, 270)"
1218,243,3,XR6_x3_x1,0.0,0.0,0.0,"(1772, 3, 90)","(1772.0, 3.0, 90)"
1219,243,4,XDL_XM1_XM2_x3_x1,-18201.591213324846,17426.0,601541.730186709,"(653, 1864, 90)","(653.0, 1864.0, 90)"
1220,244,0,XM3_x3_x1,0.0,0.0,0.0,"(150, 233, 180)","(95.5, 233.0, 180)"
1221,244,1,XR6_x3_x1,0.0,0.0,0.0,"(2341, 2475, 180)","(2341.0, 2475.0, 180)"
1222,244,2,XM4_x3_x1,0.0,0.0,0.0,"(433, 151, 90)","(433.0, 151.0, 90)"
1223,244,3,XDL_XM1_XM2_x3_x1,0.0,0.0,0.0,"(1056, 1938, 270)","(1056.0, 1938.0, 270)"
1224,244,4,XM6_x3_x1,-16956.883965602676,16244.5,507490.91444779217,"(914, 2182, 90)","(914.0, 2348.5, 90)"
1225,245,0,XDL_XM1_XM2_x3_x1,0.0,0.0,0.0,"(774, 1232, 270)","(774.0, 1232.0, 270)"
1226,245,1,XM3_x3_x1,0.0,0.0,0.0,"(1725, 1202, 90)","(1725.0, 1202.0, 90)"
1227,245,2,XR6_x3_x1,0.0,0.0,0.0,"(1075, 106, 180)","(1075.0, 106.0, 180)"
1228,245,3,XM6_x3_x1,0.0,0.0,0.0,"(1978, 285, 180)","(1978.0, 285.0, 180)"
1229,245,4,XM4_x3_x1,-9161.876182988435,8721.0,194371.80872645165,"(1926, 1305, 180)","(2062.5, 1305.0, 180)"
1230,246,0,XR6_x3_x1,0.0,0.0,0.0,"(1082, 1308, 90)","(1082.0, 1308.0, 90)"
1231,246,1,XM6_x3_x1,0.0,0.0,0.0,"(181, 1125, 0)","(181.0, 1125.0, 0)"
1232,246,2,XDL_XM1_XM2_x3_x1,0.0,0.0,0.0,"(526, 456, 270)","(526.0, 456.0, 270)"
1233,246,3,XM4_x3_x1,0.0,0.0,0.0,"(2373, 1770, 90)","(2373.0, 1770.0, 90)"
1234,246,4,XM3_x3_x1,-15521.812052359679,14870.0,424858.9516013379,"(615, 2574, 180)","(615.0, 2574.0, 180)"
1235,247,0,XM6_x3_x1,0.0,0.0,0.0,"(470, 1732, 180)","(470.0, 1732.0, 180)"
1236,247,1,XM3_x3_x1,0.0,0.0,0.0,"(2026, 2245, 270)","(2026.0, 2409.5, 270)"
1237,247,2,XDL_XM1_XM2_x3_x1,0.0,0.0,0.0,"(2405, 2015, 180)","(2405.0, 2015.0, 180)"
1238,247,3,XM4_x3_x1,0.0,0.0,0.0,"(1922, 2072, 180)","(1922.0, 2072.0, 180)"
1239,247,4,XR6_x3_x1,-10232.438847665388,9773.0,211084.0547440988,"(2562, 1081, 180)","(2562.0, 1081.0, 180)"
1240,248,0,XM6_x3_x1,0.0,0.0,0.0,"(2268, 1973, 180)","(2268.0, 1973.0, 180)"
1241,248,1,XDL_XM1_XM2_x3_x1,0.0,0.0,0.0,"(2286, 2306, 90)","(2286.0, 2624.5, 90)"
1242,248,2,XM4_x3_x1,0.0,0.0,0.0,"(2486, 1396, 180)","(2486.0, 1396.0, 180)"
1243,248,3,XM3_x3_x1,0.0,0.0,0.0,"(565, 1295, 0)","(565.0, 1295.0, 0)"
1244,248,4,XR6_x3_x1,-13885.724659093677,13231.5,428009.9045662394,"(2561, 2071, 0)","(2566.5, 2071.0, 0)"
1245,249,0,XM6_x3_x1,0.0,0.0,0.0,"(1223, 208, 180)","(1223.0, 208.0, 180)"
1246,249,1,XM4_x3_x1,0.0,0.0,0.0,"(744, 900, 180)","(744.0, 900.0, 180)"
1247,249,2,XDL_XM1_XM2_x3_x1,0.0,0.0,0.0,"(1693, 1239, 180)","(1693.0, 1239.0, 180)"
1248,249,3,XM3_x3_x1,0.0,0.0,0.0,"(894, 1631, 0)","(894.0, 1631.0, 0)"
1249,249,4,XR6_x3_x1,-9761.341305545244,9308.0,205518.33931346587,"(1682, 1689, 180)","(1682.0, 1948.5, 180)"
1250,250,0,XDL_XM1_XM2_x3_x1,0.0,0.0,0.0,"(1956, 2076, 270)","(1956.0, 2076.0, 270)"
1251,250,1,XM4_x3_x1,0.0,0.0,0.0,"(1887, 2583, 180)","(1887.0, 2583.0, 180)"
1252,250,2,XR6_x3_x1,0.0,0.0,0.0,"(2458, 518, 180)","(2458.0, 518.0, 180)"
1253,250,3,XM3_x3_x1,0.0,0.0,0.0,"(352, 507, 180)","(352.0, 507.0, 180)"
1254,250,4,XM6_x3_x1,-15444.941516500498,14792.0,426332.6239699692,"(659, 1718, 180)","(659.0, 1718.0, 180)"
1255,251,0,XM4_x3_x1,0.0,0.0,0.0,"(2495, 172, 90)","(2495.0, 172.0, 90)"
1256,251,1,XR6_x3_x1,0.0,0.0,0.0,"(2147, 567, 270)","(2147.0, 567.0, 270)"
1257,251,2,XM3_x3_x1,0.0,0.0,0.0,"(930, 484, 90)","(868.0, 484.0, 90)"
1258,251,3,XM6_x3_x1,0.0,0.0,0.0,"(1309, 1778, 180)","(1309.0, 1778.0, 180)"
1259,251,4,XDL_XM1_XM2_x3_x1,-11487.83820580925,10958.0,280728.5243351656,"(1220, 581, 180)","(1220.0, 581.0, 180)"
1260,252,0,XDL_XM1_XM2_x3_x1,0.0,0.0,0.0,"(2041, 1279, 90)","(2041.0, 1279.0, 90)"
1261,252,1,XR6_x3_x1,0.0,0.0,0.0,"(388, 1157, 180)","(368.5, 1157.0, 180)"
1262,252,2,XM6_x3_x1,0.0,0.0,0.0,"(397, 2185, 180)","(397.0, 2185.0, 180)"
1263,252,3,XM3_x3_x1,0.0,0.0,0.0,"(2531, 546, 90)","(2531.0, 546.0, 90)"
1264,252,4,XM4_x3_x1,-14445.605664872306,13782.5,439709.1227857429,"(667, 1399, 180)","(667.0, 1399.0, 180)"
1265,253,0,XM6_x3_x1,0.0,0.0,0.0,"(100, 2509, 0)","(100.0, 2509.0, 0)"
1266,253,1,XR6_x3_x1,0.0,0.0,0.0,"(2262, 1696, 180)","(2262.0, 1696.0, 180)"
1267,253,2,XM4_x3_x1,0.0,0.0,0.0,"(1509, 1835, 90)","(1509.0, 1835.0, 90)"
1268,253,3,XM3_x3_x1,0.0,0.0,0.0,"(849, 1771, 180)","(849.0, 1771.0, 180)"
1269,253,4,XDL_XM1_XM2_x3_x1,-11783.573694888802,11384.0,159659.13764709004,"(1312, 206, 180)","(1312.0, 206.0, 180)"
1270,254,0,XM4_x3_x1,0.0,0.0,0.0,"(1584, 2588, 180)","(1584.0, 2588.0, 180)"
1271,254,1,XM3_x3_x1,0.0,0.0,0.0,"(1801, 1088, 180)","(1801.0, 1088.0, 180)"
1272,254,2,XDL_XM1_XM2_x3_x1,0.0,0.0,0.0,"(2076, 1968, 180)","(2076.0, 1968.0, 180)"
1273,254,3,XR6_x3_x1,0.0,0.0,0.0,"(644, 1545, 270)","(644.0, 1545.0, 270)"
1274,254,4,XM6_x3_x1,-12318.115015422149,11826.0,242177.18840394157,"(785, 195, 180)","(785.0, 195.0, 180)"
1275,255,0,XM6_x3_x1,0.0,0.0,0.0,"(230, 36, 180)","(230.0, 36.0, 180)"
1276,255,1,XR6_x3_x1,0.0,0.0,0.0,"(1193, 776, 180)","(1193.0, 776.0, 180)"
1277,255,2,XDL_XM1_XM2_x3_x1,0.0,0.0,0.0,"(1008, 1835, 90)","(1008.0, 1835.0, 90)"
1278,255,3,XM3_x3_x1,0.0,0.0,0.0,"(674, 1048, 180)","(674.0, 1048.0, 180)"
1279,255,4,XM4_x3_x1,-10749.133222854687,10318.0,185875.85584906902,"(690, 2559, 180)","(690.0, 2559.0, 180)"
1280,256,0,XR6_x3_x1,0.0,0.0,0.0,"(2026, 296, 90)","(2026.0, 296.0, 90)"
1281,256,1,XM4_x3_x1,0.0,0.0,0.0,"(545, 1337, 270)","(545.0, 1337.0, 270)"
1282,256,2,XDL_XM1_XM2_x3_x1,0.0,0.0,0.0,"(1906, 2333, 180)","(1906.0, 2333.0, 180)"
1283,256,3,XM6_x3_x1,0.0,0.0,0.0,"(2022, 1520, 0)","(2022.0, 1520.0, 0)"
1284,256,4,XM3_x3_x1,-11953.009165423684,11488.5,215768.7647626067,"(519, 1011, 180)","(519.0, 999.5, 180)"
1285,257,0,XDL_XM1_XM2_x3_x1,0.0,0.0,0.0,"(896, 592, 180)","(896.0, 592.0, 180)"
1286,257,1,XM6_x3_x1,0.0,0.0,0.0,"(1794, 586, 270)","(1794.0, 586.0, 270)"
1287,257,2,XM4_x3_x1,0.0,0.0,0.0,"(1397, 2538, 270)","(1397.0, 2538.0, 270)"
1288,257,3,XM3_x3_x1,0.0,0.0,0.0,"(745, 2402, 180)","(745.0, 2402.0, 180)"
1289,257,4,XR6_x3_x1,-11594.449199643399,11102.0,242506.2142294242,"(238, 2516, 180)","(238.0, 2516.0, 180)"
1290,258,0,XM3_x3_x1,0.0,0.0,0.0,"(2175, 248, 180)","(2175.0, 248.0, 180)"
1291,258,1,XDL_XM1_XM2_x3_x1,0.0,0.0,0.0,"(1170, 0, 180)","(1170.0, 0.0, 180)"
1292,258,2,XM4_x3_x1,0.0,0.0,0.0,"(2249, 2494, 180)","(2249.0, 2494.0, 180)"
1293,258,3,XM6_x3_x1,0.0,0.0,0.0,"(1852, 1285, 180)","(1852.0, 1285.0, 180)"
1294,258,4,XR6_x3_x1,-15044.631458238986,14413.0,398958.2990371072,"(498, 1064, 0)","(498.0, 1064.0, 0)"
1295,259,0,XM4_x3_x1,0.0,0.0,0.0,"(1394, 2319, 90)","(1394.0, 2319.0, 90)"
1296,259,1,XR6_x3_x1,0.0,0.0,0.0,"(528, 606, 90)","(528.0, 606.0, 90)"
1297,259,2,XDL_XM1_XM2_x3_x1,0.0,0.0,0.0,"(2173, 1717, 90)","(2173.0, 1717.0, 90)"
1298,259,3,XM3_x3_x1,0.0,0.0,0.0,"(741, 1733, 180)","(684.0, 1733.0, 180)"
1299,259,4,XM6_x3_x1,-9569.48001497988,9212.0,127791.96111001447,"(1080, 1698, 180)","(1080.0, 1698.0, 180)"
1300,260,0,XM4_x3_x1,0.0,0.0,0.0,"(556, 859, 180)","(556.0, 859.0, 180)"
1301,260,1,XM3_x3_x1,0.0,0.0,0.0,"(988, 398, 180)","(988.0, 398.0, 180)"
1302,260,2,XM6_x3_x1,0.0,0.0,0.0,"(13, 1080, 90)","(13.0, 1080.0, 90)"
1303,260,3,XDL_XM1_XM2_x3_x1,0.0,0.0,0.0,"(2048, 2114, 180)","(2048.0, 2114.0, 180)"
1304,260,4,XR6_x3_x1,-11849.764051314522,11364.0,235966.71354949643,"(1577, 472, 180)","(1577.0, 472.0, 180)"
1305,261,0,XM4_x3_x1,0.0,0.0,0.0,"(425, 1137, 180)","(425.0, 1137.0, 180)"
1306,261,1,XR6_x3_x1,0.0,0.0,0.0,"(2427, 1605, 180)","(2427.0, 1605.0, 180)"
1307,261,2,XM6_x3_x1,0.0,0.0,0.0,"(2253, 198, 90)","(2253.0, 198.0, 90)"
1308,261,3,XM3_x3_x1,0.0,0.0,0.0,"(1951, 1415, 180)","(1951.0, 1415.0, 180)"
1309,261,4,XDL_XM1_XM2_x3_x1,-13767.181894924342,13224.0,295046.57097359985,"(2132, 2597, 90)","(2132.0, 2597.0, 90)"
1310,262,0,XR6_x3_x1,0.0,0.0,0.0,"(599, 2063, 180)","(599.0, 2063.0, 180)"
1311,262,1,XM6_x3_x1,0.0,0.0,0.0,"(1617, 1601, 90)","(1617.0, 1601.0, 90)"
1312,262,2,XM3_x3_x1,0.0,0.0,0.0,"(959, 11, 180)","(959.0, 11.0, 180)"
1313,262,3,XM4_x3_x1,0.0,0.0,0.0,"(576, 1281, 180)","(576.0, 1281.0, 180)"
1314,262,4,XDL_XM1_XM2_x3_x1,-13993.014297511236,13426.0,321505.21358216,"(2420, 52, 180)","(2420.0, 52.0, 180)"
1315,263,0,XDL_XM1_XM2_x3_x1,0.0,0.0,0.0,"(1325, 1112, 0)","(1325.0, 1112.0, 0)"
1316,263,1,XM3_x3_x1,0.0,0.0,0.0,"(2131, 930, 180)","(2131.0, 930.0, 180)"
1317,263,2,XM6_x3_x1,0.0,0.0,0.0,"(96, 549, 180)","(96.0, 549.0, 180)"
1318,263,3,XR6_x3_x1,0.0,0.0,0.0,"(1540, 2555, 90)","(1540.0, 2555.0, 90)"
1319,263,4,XM4_x3_x1,-11806.410433033117,11351.0,207398.6625154115,"(2202, 1210, 180)","(2202.0, 1210.0, 180)"
1320,264,0,XM4_x3_x1,0.0,0.0,0.0,"(2397, 2119, 270)","(2397.0, 2119.0, 270)"
1321,264,1,XR6_x3_x1,0.0,0.0,0.0,"(2353, 1776, 90)","(2353.0, 1776.0, 90)"
1322,264,2,XDL_XM1_XM2_x3_x1,0.0,0.0,0.0,"(272, 1702, 90)","(272.0, 1702.0, 90)"
1323,264,3,XM3_x3_x1,0.0,0.0,0.0,"(150, 399, 0)","(150.0, 399.0, 0)"
1324,264,4,XM6_x3_x1,-17346.363317330157,16537.0,655068.979439676,"(600, 379, 180)","(600.0, 379.0, 180)"
1325,265,0,XM4_x3_x1,0.0,0.0,0.0,"(296, 983, 0)","(296.0, 983.0, 0)"
1326,265,1,XDL_XM1_XM2_x3_x1,0.0,0.0,0.0,"(1177, 2251, 90)","(1177.0, 2251.0, 90)"
1327,265,2,XM6_x3_x1,0.0,0.0,0.0,"(1983, 403, 180)","(1983.0, 403.0, 180)"
1328,265,3,XR6_x3_x1,0.0,0.0,0.0,"(2120, 725, 180)","(2281.5, 725.0, 180)"
1329,265,4,XM3_x3_x1,-13183.683138188258,12661.0,273197.662946326,"(80, 669, 180)","(80.0, 669.0, 180)"
1330,266,0,XR6_x3_x1,0.0,0.0,0.0,"(127, 2160, 180)","(127.0, 2160.0, 180)"
1331,266,1,XDL_XM1_XM2_x3_x1,0.0,0.0,0.0,"(916, 794, 180)","(916.0, 794.0, 180)"
1332,266,2,XM6_x3_x1,0.0,0.0,0.0,"(1039, 391, 0)","(1039.0, 286.0, 0)"
1333,266,3,XM4_x3_x1,0.0,0.0,0.0,"(2274, 632, 180)","(2274.0, 632.0, 180)"
1334,266,4,XM3_x3_x1,-14460.986765868794,13870.0,349265.3574320584,"(1337, 2531, 180)","(1337.0, 2531.0, 180)"
1335,267,0,XM3_x3_x1,0.0,0.0,0.0,"(1144, 846, 270)","(1144.0, 846.0, 270)"
1336,267,1,XR6_x3_x1,0.0,0.0,0.0,"(1681, 147, 180)","(1681.0, 147.0, 180)"
1337,267,2,XM4_x3_x1,0.0,0.0,0.0,"(1451, 2572, 90)","(1451.0, 2572.0, 90)"
1338,267,3,XM6_x3_x1,0.0,0.0,0.0,"(2330, 2041, 180)","(2330.0, 2338.0, 180)"
1339,267,4,XDL_XM1_XM2_x3_x1,-12589.097636331979,12051.0,289549.0662260629,"(2475, 1830, 180)","(2475.0, 1830.0, 180)"
1340,268,0,XM4_x3_x1,0.0,0.0,0.0,"(2201, 300, 180)","(2201.0, 300.0, 180)"
1341,268,1,XM6_x3_x1,0.0,0.0,0.0,"(276, 2231, 90)","(276.0, 2231.0, 90)"
1342,268,2,XM3_x3_x1,0.0,0.0,0.0,"(669, 1073, 270)","(669.0, 1073.0, 270)"
1343,268,3,XDL_XM1_XM2_x3_x1,0.0,0.0,0.0,"(1748, 1811, 180)","(1748.0, 1811.0, 180)"
1344,268,4,XR6_x3_x1,-14964.818859386167,14303.0,438004.20263920655,"(2495, 1786, 180)","(2495.0, 1786.0, 180)"
1345,269,0,XR6_x3_x1,0.0,0.0,0.0,"(1332, 876, 270)","(1332.0, 876.0, 270)"
1346,269,1,XM6_x3_x1,0.0,0.0,0.0,"(808, 556, 270)","(808.0, 556.0, 270)"
1347,269,2,XM3_x3_x1,0.0,0.0,0.0,"(2441, 971, 180)","(2441.0, 971.0, 180)"
1348,269,3,XM4_x3_x1,0.0,0.0,0.0,"(1554, 560, 90)","(1554.0, 560.0, 90)"
1349,269,4,XDL_XM1_XM2_x3_x1,-10443.073437530324,9989.0,206182.68667060515,"(1817, 2132, 180)","(1817.0, 2132.0, 180)"
1350,270,0,XDL_XM1_XM2_x3_x1,0.0,0.0,0.0,"(2559, 1292, 90)","(2559.0, 1177.0, 90)"
1351,270,1,XM4_x3_x1,0.0,0.0,0.0,"(901, 1310, 180)","(901.0, 1310.0, 180)"
1352,270,2,XM3_x3_x1,0.0,0.0,0.0,"(1734, 1323, 0)","(1734.0, 1238.5, 0)"
1353,270,3,XM6_x3_x1,0.0,0.0,0.0,"(2332, 1529, 180)","(2332.0, 1529.0, 180)"
1354,270,4,XR6_x3_x1,-7848.400998263861,7462.0,149305.73145930792,"(1667, 1719, 0)","(1667.0, 1719.0, 0)"
1355,271,0,XR6_x3_x1,0.0,0.0,0.0,"(1670, 904, 180)","(1670.0, 904.0, 180)"
1356,271,1,XDL_XM1_XM2_x3_x1,0.0,0.0,0.0,"(2364, 437, 90)","(2364.0, 437.0, 90)"
1357,271,2,XM6_x3_x1,0.0,0.0,0.0,"(2286, 198, 180)","(2286.0, 85.0, 180)"
1358,271,3,XM4_x3_x1,0.0,0.0,0.0,"(1225, 1364, 180)","(1225.0, 1364.0, 180)"
1359,271,4,XM3_x3_x1,-14367.17651148717,13708.0,434513.67329639674,"(563, 2005, 180)","(563.0, 2005.0, 180)"
1360,272,0,XM6_x3_x1,0.0,0.0,0.0,"(1704, 1907, 0)","(1704.0, 1907.0, 0)"
1361,272,1,XDL_XM1_XM2_x3_x1,0.0,0.0,0.0,"(500, 1027, 0)","(500.0, 1027.0, 0)"
1362,272,2,XR6_x3_x1,0.0,0.0,0.0,"(1102, 1065, 90)","(1102.0, 1065.0, 90)"
1363,272,3,XM4_x3_x1,0.0,0.0,0.0,"(249, 293, 90)","(249.0, 293.0, 90)"
1364,272,4,XM3_x3_x1,-11653.331925687726,11103.0,302865.2284311603,"(10, 1791, 180)","(10.0, 1791.0, 180)"
1365,273,0,XM3_x3_x1,0.0,0.0,0.0,"(1652, 1111, 0)","(1652.0, 1111.0, 0)"
1366,273,1,XR6_x3_x1,0.0,0.0,0.0,"(1797, 2532, 180)","(1862.0, 2532.0, 180)"
1367,273,2,XM4_x3_x1,0.0,0.0,0.0,"(909, 287, 0)","(909.0, 287.0, 0)"
1368,273,3,XM6_x3_x1,0.0,0.0,0.0,"(499, 2527, 180)","(499.0, 2527.0, 180)"
1369,273,4,XDL_XM1_XM2_x3_x1,-13208.338386273825,12670.0,289808.21813590475,"(1549, 2064, 180)","(1549.0, 2064.0, 180)"
1370,274,0,XR6_x3_x1,0.0,0.0,0.0,"(2273, 1753, 270)","(2273.0, 1753.0, 270)"
1371,274,1,XM4_x3_x1,0.0,0.0,0.0,"(2030, 871, 180)","(2030.0, 871.0, 180)"
1372,274,2,XDL_XM1_XM2_x3_x1,0.0,0.0,0.0,"(1141, 695, 90)","(1141.0, 695.0, 90)"
1373,274,3,XM6_x3_x1,0.0,0.0,0.0,"(1532, 2382, 90)","(1532.0, 2382.0, 90)"
1374,274,4,XM3_x3_x1,-11466.913414578768,11011.0,207857.0415928715,"(2322, 224, 90)","(2322.0, 224.0, 90)"
1375,275,0,XR6_x3_x1,0.0,0.0,0.0,"(2355, 402, 270)","(2355.0, 402.0, 270)"
1376,275,1,XDL_XM1_XM2_x3_x1,0.0,0.0,0.0,"(1969, 1841, 0)","(1969.0, 1841.0, 0)"
1377,275,2,XM6_x3_x1,0.0,0.0,0.0,"(2245, 711, 0)","(2245.0, 711.0, 0)"
1378,275,3,XM4_x3_x1,0.0,0.0,0.0,"(189, 2006, 180)","(189.0, 2006.0, 180)"
1379,275,4,XM3_x3_x1,-13817.395171476279,13217.0,360474.3619320293,"(1629, 395, 270)","(1629.0, 395.0, 270)"
1380,276,0,XDL_XM1_XM2_x3_x1,0.0,0.0,0.0,"(736, 138, 90)","(736.0, 138.0, 90)"
1381,276,1,XM4_x3_x1,0.0,0.0,0.0,"(2092, 75, 180)","(2092.0, 75.0, 180)"
1382,276,2,XM3_x3_x1,0.0,0.0,0.0,"(1505, 775, 180)","(1505.0, 775.0, 180)"
1383,276,3,XM6_x3_x1,0.0,0.0,0.0,"(622, 870, 90)","(622.0, 870.0, 90)"
1384,276,4,XR6_x3_x1,-10125.919780168704,9686.0,193529.41298368026,"(1900, 1384, 180)","(1900.0, 1384.0, 180)"
1385,277,0,XR6_x3_x1,0.0,0.0,0.0,"(458, 2035, 180)","(171.5, 2035.0, 180)"
1386,277,1,XDL_XM1_XM2_x3_x1,0.0,0.0,0.0,"(775, 2422, 180)","(775.0, 2493.0, 180)"
1387,277,2,XM6_x3_x1,0.0,0.0,0.0,"(1522, 262, 180)","(1522.0, 262.0, 180)"
1388,277,3,XM3_x3_x1,0.0,0.0,0.0,"(470, 1985, 180)","(470.0, 1985.0, 180)"
1389,277,4,XM4_x3_x1,-13974.15064486896,13412.0,316013.3475265875,"(2450, 825, 180)","(2450.0, 825.0, 180)"
1390,278,0,XM4_x3_x1,0.0,0.0,0.0,"(1883, 973, 90)","(1883.0, 973.0, 90)"
1391,278,1,XDL_XM1_XM2_x3_x1,0.0,0.0,0.0,"(687, 109, 180)","(687.0, 109.0, 180)"
1392,278,2,XM6_x3_x1,0.0,0.0,0.0,"(2020, 997, 90)","(2162.0, 997.0, 90)"
1393,278,3,XM3_x3_x1,0.0,0.0,0.0,"(2540, 854, 180)","(2540.0, 854.0, 180)"
1394,278,4,XR6_x3_x1,-14406.283919131321,13910.0,246297.72838834324,"(149, 2125, 0)","(149.0, 2125.0, 0)"
1395,279,0,XR6_x3_x1,0.0,0.0,0.0,"(2331, 2258, 0)","(2331.0, 2258.0, 0)"
1396,279,1,XM3_x3_x1,0.0,0.0,0.0,"(72, 2348, 0)","(72.0, 2348.0, 0)"
1397,279,2,XM6_x3_x1,0.0,0.0,0.0,"(1660, 1989, 180)","(1660.0, 1989.0, 180)"
1398,279,3,XDL_XM1_XM2_x3_x1,0.0,0.0,0.0,"(2587, 2299, 180)","(2644.0, 2299.0, 180)"
1399,279,4,XM4_x3_x1,-14517.480866851718,13865.0,425731.2816075694,"(119, 1373, 180)","(119.0, 1373.0, 180)"
1400,280,0,XM6_x3_x1,0.0,0.0,0.0,"(189, 304, 180)","(189.0, 304.0, 180)"
1401,280,1,XM3_x3_x1,0.0,0.0,0.0,"(1794, 1739, 0)","(1794.0, 1739.0, 0)"
1402,280,2,XM4_x3_x1,0.0,0.0,0.0,"(1709, 2566, 180)","(1709.0, 2566.0, 180)"
1403,280,3,XDL_XM1_XM2_x3_x1,0.0,0.0,0.0,"(1346, 729, 0)","(1346.0, 729.0, 0)"
1404,280,4,XR6_x3_x1,-14708.70902632773,14078.0,397793.8758912717,"(239, 2574, 180)","(239.0, 2574.0, 180)"
1405,281,0,XM4_x3_x1,0.0,0.0,0.0,"(323, 1840, 90)","(323.0, 1803.5, 90)"
1406,281,1,XR6_x3_x1,0.0,0.0,0.0,"(1264, 1237, 270)","(1264.0, 1237.0, 270)"
1407,281,2,XDL_XM1_XM2_x3_x1,0.0,0.0,0.0,"(609, 2214, 90)","(609.0, 2214.0, 90)"
1408,281,3,XM3_x3_x1,0.0,0.0,0.0,"(412, 1730, 180)","(412.0, 1466.0, 180)"
1409,281,4,XM6_x3_x1,-8525.081536224572,8089.0,190167.10623598308,"(1579, 2272, 90)","(1579.0, 2272.0, 90)"
1410,282,0,XM4_x3_x1,0.0,0.0,0.0,"(332, 2029, 180)","(332.0, 2090.0, 180)"
1411,282,1,XM3_x3_x1,0.0,0.0,0.0,"(1462, 19, 180)","(1462.0, 19.0, 180)"
1412,282,2,XM6_x3_x1,0.0,0.0,0.0,"(159, 1811, 180)","(159.0, 1811.0, 180)"
1413,282,3,XR6_x3_x1,0.0,0.0,0.0,"(1918, 319, 180)","(1918.0, 319.0, 180)"
1414,282,4,XDL_XM1_XM2_x3_x1,-12881.604600939776,12314.0,322174.9830080034,"(870, 1276, 0)","(870.0, 1276.0, 0)"
1415,283,0,XM4_x3_x1,0.0,0.0,0.0,"(449, 1254, 90)","(449.0, 1254.0, 90)"
1416,283,1,XR6_x3_x1,0.0,0.0,0.0,"(299, 1206, 180)","(209.0, 1206.0, 180)"
1417,283,2,XM3_x3_x1,0.0,0.0,0.0,"(2358, 1198, 180)","(2358.0, 1198.0, 180)"
1418,283,3,XDL_XM1_XM2_x3_x1,0.0,0.0,0.0,"(171, 1424, 180)","(-104.0, 1424.0, 180)"
1419,283,4,XM6_x3_x1,-13586.5173672487,13015.0,326632.1010668859,"(288, 391, 90)","(288.0, 391.0, 90)"
1420,284,0,XM3_x3_x1,0.0,0.0,0.0,"(692, 2378, 90)","(692.0, 2378.0, 90)"
1421,284,1,XM4_x3_x1,0.0,0.0,0.0,"(881, 2435, 90)","(971.0, 2435.0, 90)"
1422,284,2,XR6_x3_x1,0.0,0.0,0.0,"(663, 1331, 180)","(663.0, 1331.0, 180)"
1423,284,3,XDL_XM1_XM2_x3_x1,0.0,0.0,0.0,"(1259, 239, 180)","(1259.0, 239.0, 180)"
1424,284,4,XM6_x3_x1,-10418.356506177106,9972.0,199234.1306066333,"(1614, 2382, 90)","(1614.0, 2382.0, 90)"
1425,285,0,XM6_x3_x1,0.0,0.0,0.0,"(1558, 2450, 180)","(1558.0, 2450.0, 180)"
1426,285,1,XDL_XM1_XM2_x3_x1,0.0,0.0,0.0,"(1363, 508, 90)","(1363.0, 508.0, 90)"
1427,285,2,XM3_x3_x1,0.0,0.0,0.0,"(1426, 378, 180)","(1426.0, 156.0, 180)"
1428,285,3,XM4_x3_x1,0.0,0.0,0.0,"(263, 1436, 270)","(263.0, 1436.0, 270)"
1429,285,4,XR6_x3_x1,-12590.440146059736,12064.0,277139.2273833957,"(2091, 215, 180)","(2091.0, 215.0, 180)"
1430,286,0,XM6_x3_x1,0.0,0.0,0.0,"(527, 1079, 180)","(527.0, 1079.0, 180)"
1431,286,1,XR6_x3_x1,0.0,0.0,0.0,"(2548, 1116, 180)","(2548.0, 1116.0, 180)"
1432,286,2,XM4_x3_x1,0.0,0.0,0.0,"(504, 1825, 90)","(504.0, 1825.0, 90)"
1433,286,3,XDL_XM1_XM2_x3_x1,0.0,0.0,0.0,"(428, 1607, 180)","(152.0, 1607.0, 180)"
1434,286,4,XM3_x3_x1,-12493.315219375061,11996.0,247322.4274220656,"(1086, 2499, 180)","(1086.0, 2499.0, 180)"
1435,287,0,XM3_x3_x1,0.0,0.0,0.0,"(2165, 957, 180)","(2165.0, 957.0, 180)"
1436,287,1,XDL_XM1_XM2_x3_x1,0.0,0.0,0.0,"(98, 2552, 180)","(98.0, 2552.0, 180)"
1437,287,2,XR6_x3_x1,0.0,0.0,0.0,"(2450, 911, 90)","(2450.0, 717.0, 90)"
1438,287,3,XM6_x3_x1,0.0,0.0,0.0,"(477, 955, 180)","(477.0, 955.0, 180)"
1439,287,4,XM4_x3_x1,-13380.454945371626,12838.0,294257.36775813374,"(581, 2126, 180)","(581.0, 2126.0, 180)"
1440,288,0,XM6_x3_x1,0.0,0.0,0.0,"(856, 540, 180)","(856.0, 540.0, 180)"
1441,288,1,XDL_XM1_XM2_x3_x1,0.0,0.0,0.0,"(816, 1904, 90)","(816.0, 1904.0, 90)"
1442,288,2,XR6_x3_x1,0.0,0.0,0.0,"(1779, 503, 90)","(1779.0, 503.0, 90)"
1443,288,3,XM3_x3_x1,0.0,0.0,0.0,"(1096, 2520, 180)","(1096.0, 2520.0, 180)"
1444,288,4,XM4_x3_x1,-11836.259878322837,11265.0,326337.8485814219,"(1666, 2279, 180)","(1666.0, 2279.0, 180)"
1445,289,0,XM4_x3_x1,0.0,0.0,0.0,"(798, 2192, 90)","(798.0, 2192.0, 90)"
1446,289,1,XM6_x3_x1,0.0,0.0,0.0,"(2257, 1769, 0)","(2257.0, 1769.0, 0)"
1447,289,2,XR6_x3_x1,0.0,0.0,0.0,"(2388, 291, 180)","(2388.0, 291.0, 180)"
1448,289,3,XDL_XM1_XM2_x3_x1,0.0,0.0,0.0,"(491, 2225, 180)","(446.0, 2225.0, 180)"
1449,289,4,XM3_x3_x1,-11713.940738125244,11275.0,192668.9715859345,"(1685, 2062, 180)","(1685.0, 2062.0, 180)"
1450,290,0,XM4_x3_x1,0.0,0.0,0.0,"(1926, 839, 180)","(1926.0, 839.0, 180)"
1451,290,1,XM3_x3_x1,0.0,0.0,0.0,"(1690, 1333, 180)","(1690.0, 1333.0, 180)"
1452,290,2,XDL_XM1_XM2_x3_x1,0.0,0.0,0.0,"(1066, 46, 90)","(1066.0, 46.0, 90)"
1453,290,3,XR6_x3_x1,0.0,0.0,0.0,"(907, 2238, 180)","(907.0, 2238.0, 180)"
1454,290,4,XM6_x3_x1,-11022.126926227147,10651.0,137735.1953708104,"(490, 1069, 0)","(490.0, 1069.0, 0)"
1455,291,0,XR6_x3_x1,0.0,0.0,0.0,"(1025, 1780, 180)","(1025.0, 1780.0, 180)"
1456,291,1,XM6_x3_x1,0.0,0.0,0.0,"(828, 1279, 180)","(828.0, 1279.0, 180)"
1457,291,2,XM4_x3_x1,0.0,0.0,0.0,"(1793, 1297, 0)","(1793.0, 1297.0, 0)"
1458,291,3,XM3_x3_x1,0.0,0.0,0.0,"(291, 2072, 180)","(291.0, 2072.0, 180)"
1459,291,4,XDL_XM1_XM2_x3_x1,-10545.68302908856,10059.0,236860.3708028146,"(1575, 593, 270)","(1575.0, 593.0, 270)"
1460,292,0,XM4_x3_x1,0.0,0.0,0.0,"(2136, 2062, 180)","(2136.0, 2062.0, 180)"
1461,292,1,XDL_XM1_XM2_x3_x1,0.0,0.0,0.0,"(214, 737, 180)","(214.0, 737.0, 180)"
1462,292,2,XM6_x3_x1,0.0,0.0,0.0,"(1707, 518, 0)","(1707.0, 518.0, 0)"
1463,292,3,XR6_x3_x1,0.0,0.0,0.0,"(63, 1448, 0)","(63.0, 1448.0, 0)"
1464,292,4,XM3_x3_x1,-13922.09550831048,13262.0,435726.0800916715,"(716, 559, 270)","(716.0, 559.0, 270)"
1465,293,0,XM4_x3_x1,0.0,0.0,0.0,"(1104, 1063, 180)","(1104.0, 1063.0, 180)"
1466,293,1,XDL_XM1_XM2_x3_x1,0.0,0.0,0.0,"(451, 1642, 270)","(451.0, 1642.0, 270)"
1467,293,2,XR6_x3_x1,0.0,0.0,0.0,"(1121, 330, 180)","(1121.0, 330.0, 180)"
1468,293,3,XM3_x3_x1,0.0,0.0,0.0,"(2288, 2233, 180)","(2288.0, 2233.0, 180)"
1469,293,4,XM6_x3_x1,-16317.21319099731,15606.0,505824.2030485778,"(128, 179, 180)","(128.0, 179.0, 180)"
1470,294,0,XR6_x3_x1,0.0,0.0,0.0,"(1474, 270, 180)","(1474.0, 270.0, 180)"
1471,294,1,XDL_XM1_XM2_x3_x1,0.0,0.0,0.0,"(1150, 2344, 0)","(1150.0, 2344.0, 0)"
1472,294,2,XM4_x3_x1,0.0,0.0,0.0,"(2080, 492, 180)","(2080.0, 437.5, 180)"
1473,294,3,XM3_x3_x1,0.0,0.0,0.0,"(2037, 775, 270)","(2037.0, 775.0, 270)"
1474,294,4,XM6_x3_x1,-12250.027781495719,11698.0,304734.67154308606,"(745, 2250, 0)","(739.5, 2250.0, 0)"
1475,295,0,XM6_x3_x1,0.0,0.0,0.0,"(1772, 728, 180)","(1777.5, 728.0, 180)"
1476,295,1,XR6_x3_x1,0.0,0.0,0.0,"(1398, 918, 180)","(1200.0, 918.0, 180)"
1477,295,2,XM4_x3_x1,0.0,0.0,0.0,"(1440, 915, 270)","(1440.0, 915.0, 270)"
1478,295,3,XDL_XM1_XM2_x3_x1,0.0,0.0,0.0,"(989, 1118, 180)","(887.0, 1118.0, 180)"
1479,295,4,XM3_x3_x1,-7918.473514864705,7447.0,222287.27521887928,"(2061, 667, 180)","(2173.5, 667.0, 180)"
1480,296,0,XM6_x3_x1,0.0,0.0,0.0,"(1316, 2269, 90)","(1316.0, 2508.5, 90)"
1481,296,1,XM4_x3_x1,0.0,0.0,0.0,"(817, 1009, 180)","(817.0, 1009.0, 180)"
1482,296,2,XR6_x3_x1,0.0,0.0,0.0,"(1953, 1937, 0)","(1953.0, 1937.0, 0)"
1483,296,3,XDL_XM1_XM2_x3_x1,0.0,0.0,0.0,"(91, 696, 180)","(91.0, 696.0, 180)"
1484,296,4,XM3_x3_x1,-10388.041484560861,9999.0,151353.27670931834,"(1502, 2171, 0)","(1502.0, 2171.0, 0)"
1485,297,0,XM3_x3_x1,0.0,0.0,0.0,"(897, 893, 0)","(897.0, 893.0, 0)"
1486,297,1,XM6_x3_x1,0.0,0.0,0.0,"(1799, 4, 270)","(1799.0, 4.0, 270)"
1487,297,2,XR6_x3_x1,0.0,0.0,0.0,"(1359, 1970, 180)","(1359.0, 1970.0, 180)"
1488,297,3,XM4_x3_x1,0.0,0.0,0.0,"(488, 566, 180)","(488.0, 566.0, 180)"
1489,297,4,XDL_XM1_XM2_x3_x1,-12350.99404598297,11899.0,204298.6176040557,"(2513, 940, 180)","(2513.0, 940.0, 180)"
1490,298,0,XR6_x3_x1,0.0,0.0,0.0,"(2363, 167, 180)","(2363.0, 167.0, 180)"
1491,298,1,XM6_x3_x1,0.0,0.0,0.0,"(2582, 912, 0)","(2582.0, 912.0, 0)"
1492,298,2,XM3_x3_x1,0.0,0.0,0.0,"(1625, 1520, 180)","(1625.0, 1520.0, 180)"
1493,298,3,XDL_XM1_XM2_x3_x1,0.0,0.0,0.0,"(1038, 1786, 180)","(1038.0, 1786.0, 180)"
1494,298,4,XM4_x3_x1,-10701.600762383128,10243.0,210314.6592583865,"(1228, 849, 180)","(1228.0, 849.0, 180)"
1495,299,0,XDL_XM1_XM2_x3_x1,0.0,0.0,0.0,"(242, 1208, 180)","(242.0, 1208.0, 180)"
1496,299,1,XR6_x3_x1,0.0,0.0,0.0,"(1304, 2210, 180)","(1304.0, 2210.0, 180)"
1497,299,2,XM6_x3_x1,0.0,0.0,0.0,"(1650, 567, 180)","(1650.0, 567.0, 180)"
1498,299,3,XM4_x3_x1,0.0,0.0,0.0,"(532, 84, 90)","(532.0, 84.0, 90)"
1499,299,4,XM3_x3_x1,-14061.324598598987,13505.0,309497.0590063248,"(2144, 1641, 180)","(2144.0, 1641.0, 180)"
1500,300,0,XR6_x3_x1,0.0,0.0,0.0,"(1575, 1678, 180)","(1575.0, 1678.0, 180)"
1501,300,1,XDL_XM1_XM2_x3_x1,0.0,0.0,0.0,"(34, 791, 270)","(34.0, 791.0, 270)"
1502,300,2,XM3_x3_x1,0.0,0.0,0.0,"(2271, 2268, 90)","(2271.0, 2268.0, 90)"
1503,300,3,XM6_x3_x1,0.0,0.0,0.0,"(159, 1739, 0)","(14.0, 1739.0, 0)"
1504,300,4,XM4_x3_x1,-13285.495370584274,12715.0,325464.9678580897,"(410, 1743, 0)","(410.0, 1743.0, 0)"
1505,301,0,XM3_x3_x1,0.0,0.0,0.0,"(584, 740, 180)","(584.0, 740.0, 180)"
1506,301,1,XDL_XM1_XM2_x3_x1,0.0,0.0,0.0,"(1546, 2148, 0)","(1546.0, 2365.0, 0)"
1507,301,2,XM4_x3_x1,0.0,0.0,0.0,"(452, 298, 90)","(452.0, 298.0, 90)"
1508,301,3,XR6_x3_x1,0.0,0.0,0.0,"(1816, 25, 180)","(1816.0, 25.0, 180)"
1509,301,4,XM6_x3_x1,-13346.28012896038,12737.0,371222.2755459756,"(1492, 1857, 0)","(1492.0, 1857.0, 0)"
1510,302,0,XM4_x3_x1,0.0,0.0,0.0,"(1300, 2104, 0)","(1300.0, 2318.0, 0)"
1511,302,1,XM6_x3_x1,0.0,0.0,0.0,"(1411, 2039, 0)","(1411.0, 2039.0, 0)"
1512,302,2,XM3_x3_x1,0.0,0.0,0.0,"(1591, 1486, 0)","(1591.0, 1486.0, 0)"
1513,302,3,XR6_x3_x1,0.0,0.0,0.0,"(311, 161, 0)","(311.0, 161.0, 0)"
1514,302,4,XDL_XM1_XM2_x3_x1,-11742.495266929009,11271.0,222307.78673645787,"(325, 2198, 90)","(325.0, 2198.0, 90)"
1515,303,0,XDL_XM1_XM2_x3_x1,0.0,0.0,0.0,"(1909, 2077, 0)","(1909.0, 2077.0, 0)"
1516,303,1,XR6_x3_x1,0.0,0.0,0.0,"(650, 1505, 90)","(650.0, 1505.0, 90)"
1517,303,2,XM6_x3_x1,0.0,0.0,0.0,"(585, 667, 270)","(585.0, 667.0, 270)"
1518,303,3,XM4_x3_x1,0.0,0.0,0.0,"(789, 1916, 90)","(789.0, 1916.0, 90)"
1519,303,4,XM3_x3_x1,-12868.4364745692,12286.0,339232.2469085979,"(1334, 130, 180)","(1334.0, 130.0, 180)"
1520,304,0,XM4_x3_x1,0.0,0.0,0.0,"(1585, 2364, 90)","(1585.0, 2364.0, 90)"
1521,304,1,XDL_XM1_XM2_x3_x1,0.0,0.0,0.0,"(1822, 1303, 0)","(1901.5, 1303.0, 0)"
1522,304,2,XR6_x3_x1,0.0,0.0,0.0,"(115, 530, 180)","(115.0, 530.0, 180)"
1523,304,3,XM6_x3_x1,0.0,0.0,0.0,"(434, 1828, 0)","(434.0, 1828.0, 0)"
1524,304,4,XM3_x3_x1,-11172.80296334856,10758.0,172061.49840274727,"(1491, 1417, 180)","(1491.0, 1417.0, 180)"
1525,305,0,XM3_x3_x1,0.0,0.0,0.0,"(2247, 1649, 0)","(2247.0, 1649.0, 0)"
1526,305,1,XM4_x3_x1,0.0,0.0,0.0,"(2182, 694, 180)","(2182.0, 694.0, 180)"
1527,305,2,XM6_x3_x1,0.0,0.0,0.0,"(976, 440, 0)","(976.0, 440.0, 0)"
1528,305,3,XDL_XM1_XM2_x3_x1,0.0,0.0,0.0,"(680, 109, 180)","(565.5, 109.0, 180)"
1529,305,4,XR6_x3_x1,-14781.245322011655,14052.0,531798.7396758818,"(288, 319, 180)","(252.5, 319.0, 180)"
1530,306,0,XR6_x3_x1,0.0,0.0,0.0,"(1309, 898, 180)","(1309.0, 898.0, 180)"
1531,306,1,XM4_x3_x1,0.0,0.0,0.0,"(1252, 2029, 0)","(1252.0, 2361.0, 0)"
1532,306,2,XM3_x3_x1,0.0,0.0,0.0,"(1916, 1358, 270)","(1916.0, 1358.0, 270)"
1533,306,3,XM6_x3_x1,0.0,0.0,0.0,"(158, 1906, 180)","(158.0, 1906.0, 180)"
1534,306,4,XDL_XM1_XM2_x3_x1,-10413.300713645123,9943.0,221182.7612551117,"(1140, 2009, 270)","(1140.0, 2009.0, 270)"
1535,307,0,XM6_x3_x1,0.0,0.0,0.0,"(1393, 1737, 180)","(1393.0, 1737.0, 180)"
1536,307,1,XR6_x3_x1,0.0,0.0,0.0,"(2484, 1314, 0)","(2484.0, 1314.0, 0)"
1537,307,2,XM3_x3_x1,0.0,0.0,0.0,"(374, 824, 0)","(374.0, 824.0, 0)"
1538,307,3,XDL_XM1_XM2_x3_x1,0.0,0.0,0.0,"(131, 1920, 270)","(131.0, 1920.0, 270)"
1539,307,4,XM4_x3_x1,-12594.535748338707,12043.0,304191.68169553846,"(1463, 1916, 90)","(1463.0, 2074.5, 90)"
1540,308,0,XM6_x3_x1,0.0,0.0,0.0,"(1237, 934, 0)","(1237.0, 934.0, 0)"
1541,308,1,XDL_XM1_XM2_x3_x1,0.0,0.0,0.0,"(1007, 1159, 270)","(1007.0, 1286.0, 270)"
1542,308,2,XM4_x3_x1,0.0,0.0,0.0,"(1819, 434, 180)","(1819.0, 434.0, 180)"
1543,308,3,XM3_x3_x1,0.0,0.0,0.0,"(1120, 433, 90)","(1120.0, 433.0, 90)"
1544,308,4,XR6_x3_x1,-11357.933048888188,10817.0,292608.5633794715,"(2559, 2171, 0)","(2559.0, 2171.0, 0)"
1545,309,0,XDL_XM1_XM2_x3_x1,0.0,0.0,0.0,"(2560, 569, 180)","(2560.0, 569.0, 180)"
1546,309,1,XM4_x3_x1,0.0,0.0,0.0,"(1695, 2268, 0)","(1695.0, 2363.0, 0)"
1547,309,2,XM3_x3_x1,0.0,0.0,0.0,"(1571, 1103, 180)","(1571.0, 1103.0, 180)"
1548,309,3,XR6_x3_x1,0.0,0.0,0.0,"(669, 1093, 0)","(669.0, 1093.0, 0)"
1549,309,4,XM6_x3_x1,-10577.425690574886,10198.0,143963.85466822938,"(1414, 2084, 0)","(1414.0, 2084.0, 0)"
1550,310,0,XM3_x3_x1,0.0,0.0,0.0,"(2378, 1215, 90)","(2378.0, 1385.5, 90)"
1551,310,1,XM6_x3_x1,0.0,0.0,0.0,"(122, 2322, 0)","(122.0, 2322.0, 0)"
1552,310,2,XR6_x3_x1,0.0,0.0,0.0,"(2484, 108, 180)","(2484.0, 34.5, 180)"
1553,310,3,XDL_XM1_XM2_x3_x1,0.0,0.0,0.0,"(2233, 588, 270)","(2233.0, 588.0, 270)"
1554,310,4,XM4_x3_x1,-13030.959659201058,12528.0,252968.41878364538,"(2470, 1048, 0)","(2470.0, 1048.0, 0)"
1555,311,0,XM3_x3_x1,0.0,0.0,0.0,"(477, 1155, 90)","(477.0, 1155.0, 90)"
1556,311,1,XR6_x3_x1,0.0,0.0,0.0,"(2540, 1887, 270)","(2540.0, 1887.0, 270)"
1557,311,2,XM6_x3_x1,0.0,0.0,0.0,"(1815, 1602, 0)","(1815.0, 1602.0, 0)"
1558,311,3,XM4_x3_x1,0.0,0.0,0.0,"(767, 2133, 180)","(767.0, 2133.0, 180)"
1559,311,4,XDL_XM1_XM2_x3_x1,-16103.80029784426,15428.0,456706.04256638954,"(2523, 191, 90)","(2523.0, 191.0, 90)"
1560,312,0,XM3_x3_x1,0.0,0.0,0.0,"(983, 1219, 180)","(983.0, 1219.0, 180)"
1561,312,1,XR6_x3_x1,0.0,0.0,0.0,"(2395, 38, 90)","(2395.0, 38.0, 90)"
1562,312,2,XDL_XM1_XM2_x3_x1,0.0,0.0,0.0,"(66, 1061, 90)","(66.0, 1061.0, 90)"
1563,312,3,XM4_x3_x1,0.0,0.0,0.0,"(1727, 605, 180)","(1727.0, 605.0, 180)"
1564,312,4,XM6_x3_x1,-14002.000350284363,13493.0,259081.35658960382,"(1948, 2387, 180)","(1948.0, 2387.0, 180)"
1565,313,0,XDL_XM1_XM2_x3_x1,0.0,0.0,0.0,"(1019, 1920, 180)","(1019.0, 1920.0, 180)"
1566,313,1,XM6_x3_x1,0.0,0.0,0.0,"(1049, 565, 180)","(1049.0, 565.0, 180)"
1567,313,2,XM4_x3_x1,0.0,0.0,0.0,"(2369, 135, 270)","(2369.0, 135.0, 270)"
1568,313,3,XR6_x3_x1,0.0,0.0,0.0,"(2060, 2235, 0)","(2060.0, 2235.0, 0)"
1569,313,4,XM3_x3_x1,-14795.327346661565,14144.0,424227.31250919314,"(689, 1788, 0)","(608.5, 1788.0, 0)"
1570,314,0,XM3_x3_x1,0.0,0.0,0.0,"(2408, 921, 180)","(2408.0, 921.0, 180)"
1571,314,1,XDL_XM1_XM2_x3_x1,0.0,0.0,0.0,"(1575, 1515, 90)","(1575.0, 1515.0, 90)"
1572,314,2,XM6_x3_x1,0.0,0.0,0.0,"(1098, 2463, 180)","(1098.0, 2463.0, 180)"
1573,314,3,XR6_x3_x1,0.0,0.0,0.0,"(472, 235, 90)","(472.0, 235.0, 90)"
1574,314,4,XM4_x3_x1,-13134.87519510036,12649.0,236074.70521381195,"(2369, 1569, 180)","(2369.0, 1569.0, 180)"
1575,315,0,XM4_x3_x1,0.0,0.0,0.0,"(429, 1912, 0)","(429.0, 1912.0, 0)"
1576,315,1,XR6_x3_x1,0.0,0.0,0.0,"(1753, 1178, 90)","(1753.0, 1089.5, 90)"
1577,315,2,XDL_XM1_XM2_x3_x1,0.0,0.0,0.0,"(1277, 1410, 270)","(1277.0, 1402.5, 270)"
1578,315,3,XM6_x3_x1,0.0,0.0,0.0,"(1184, 1813, 90)","(1184.0, 1813.0, 90)"
1579,315,4,XM3_x3_x1,-9831.078948224082,9337.0,244114.00707821455,"(1732, 2313, 0)","(1732.0, 2313.0, 0)"
1580,316,0,XDL_XM1_XM2_x3_x1,0.0,0.0,0.0,"(1086, 2022, 90)","(1086.0, 2022.0, 90)"
1581,316,1,XR6_x3_x1,0.0,0.0,0.0,"(510, 143, 180)","(510.0, 143.0, 180)"
1582,316,2,XM3_x3_x1,0.0,0.0,0.0,"(48, 2410, 90)","(48.0, 2410.0, 90)"
1583,316,3,XM4_x3_x1,0.0,0.0,0.0,"(1444, 1052, 0)","(1444.0, 1052.0, 0)"
1584,316,4,XM6_x3_x1,-14048.885513423102,13426.5,387363.7273189387,"(1603, 765, 90)","(1603.0, 714.5, 90)"
1585,317,0,XM4_x3_x1,0.0,0.0,0.0,"(2219, 191, 90)","(2219.0, 191.0, 90)"
1586,317,1,XR6_x3_x1,0.0,0.0,0.0,"(658, 2268, 0)","(658.0, 2268.0, 0)"
1587,317,2,XDL_XM1_XM2_x3_x1,0.0,0.0,0.0,"(1211, 90, 90)","(1211.0, 90.0, 90)"
1588,317,3,XM3_x3_x1,0.0,0.0,0.0,"(2141, 2478, 90)","(2141.0, 2478.0, 90)"
1589,317,4,XM6_x3_x1,-14314.69767815743,13702.0,375398.4448195064,"(1809, 132, 90)","(1809.0, 132.0, 90)"
1590,318,0,XDL_XM1_XM2_x3_x1,0.0,0.0,0.0,"(376, 1353, 90)","(376.0, 1353.0, 90)"
1591,318,1,XM4_x3_x1,0.0,0.0,0.0,"(2504, 395, 90)","(2505.0, 395.0, 90)"
1592,318,2,XR6_x3_x1,0.0,0.0,0.0,"(2265, 499, 0)","(2265.0, 499.0, 0)"
1593,318,3,XM3_x3_x1,0.0,0.0,0.0,"(1562, 1239, 0)","(1562.0, 1239.0, 0)"
1594,318,4,XM6_x3_x1,-11665.573101683387,11116.0,302030.59409389785,"(1156, 268, 180)","(1156.0, 268.0, 180)"
1595,319,0,XR6_x3_x1,0.0,0.0,0.0,"(2292, 715, 180)","(2292.0, 715.0, 180)"
1596,319,1,XM4_x3_x1,0.0,0.0,0.0,"(612, 1739, 0)","(612.0, 2043.0, 0)"
1597,319,2,XM3_x3_x1,0.0,0.0,0.0,"(2358, 781, 270)","(2532.0, 781.0, 270)"
1598,319,3,XM6_x3_x1,0.0,0.0,0.0,"(2477, 1601, 0)","(2477.0, 1601.0, 0)"
1599,319,4,XDL_XM1_XM2_x3_x1,-11442.162079003534,10898.0,296112.36822544836,"(810, 1691, 270)","(810.0, 1691.0, 270)"
1600,320,0,XDL_XM1_XM2_x3_x1,0.0,0.0,0.0,"(1935, 776, 90)","(1935.0, 776.0, 90)"
1601,320,1,XR6_x3_x1,0.0,0.0,0.0,"(2067, 2390, 270)","(2067.0, 2390.0, 270)"
1602,320,2,XM4_x3_x1,0.0,0.0,0.0,"(1338, 1680, 0)","(1338.0, 1680.0, 0)"
1603,320,3,XM3_x3_x1,0.0,0.0,0.0,"(2416, 2208, 180)","(2606.0, 2208.0, 180)"
1604,320,4,XM6_x3_x1,-10051.956231952525,9618.0,188318.0112504343,"(2563, 1902, 90)","(2943.5, 1902.0, 90)"
1605,321,0,XDL_XM1_XM2_x3_x1,0.0,0.0,0.0,"(1813, 2495, 270)","(1813.0, 2495.0, 270)"
1606,321,1,XM6_x3_x1,0.0,0.0,0.0,"(727, 1263, 180)","(727.0, 1263.0, 180)"
1607,321,2,XM4_x3_x1,0.0,0.0,0.0,"(395, 643, 90)","(395.0, 643.0, 90)"
1608,321,3,XM3_x3_x1,0.0,0.0,0.0,"(919, 905, 180)","(919.0, 905.0, 180)"
1609,321,4,XR6_x3_x1,-10624.316072364027,10157.0,218384.31148974094,"(944, 884, 0)","(1217.5, 884.0, 0)"
1610,322,0,XM4_x3_x1,0.0,0.0,0.0,"(1642, 1445, 180)","(1642.0, 1445.0, 180)"
1611,322,1,XDL_XM1_XM2_x3_x1,0.0,0.0,0.0,"(193, 2560, 270)","(193.0, 2560.0, 270)"
1612,322,2,XM3_x3_x1,0.0,0.0,0.0,"(234, 1371, 180)","(215.0, 1371.0, 180)"
1613,322,3,XR6_x3_x1,0.0,0.0,0.0,"(754, 1468, 90)","(754.0, 1468.0, 90)"
1614,322,4,XM6_x3_x1,-10603.440195433192,10198.0,164381.75207290432,"(734, 478, 180)","(734.0, 478.0, 180)"
1615,323,0,XR6_x3_x1,0.0,0.0,0.0,"(1464, 1408, 90)","(1464.0, 1408.0, 90)"
1616,323,1,XDL_XM1_XM2_x3_x1,0.0,0.0,0.0,"(673, 2348, 90)","(673.0, 2348.0, 90)"
1617,323,2,XM4_x3_x1,0.0,0.0,0.0,"(1805, 486, 180)","(1832.0, 486.0, 180)"
1618,323,3,XM3_x3_x1,0.0,0.0,0.0,"(1516, 2341, 180)","(1516.0, 2341.0, 180)"
1619,323,4,XM6_x3_x1,-11389.794922860245,10871.0,269148.17198556685,"(1436, 571, 180)","(1436.0, 571.0, 180)"
1620,324,0,XM4_x3_x1,0.0,0.0,0.0,"(1719, 1624, 270)","(1719.0, 1624.0, 270)"
1621,324,1,XM6_x3_x1,0.0,0.0,0.0,"(1295, 563, 270)","(1295.0, 563.0, 270)"
1622,324,2,XR6_x3_x1,0.0,0.0,0.0,"(1871, 93, 180)","(1871.0, 93.0, 180)"
1623,324,3,XM3_x3_x1,0.0,0.0,0.0,"(1855, 842, 90)","(1855.0, 842.0, 90)"
1624,324,4,XDL_XM1_XM2_x3_x1,-10189.003576975496,9727.0,213447.3051381534,"(400, 129, 90)","(400.0, 129.0, 90)"
1625,325,0,XM4_x3_x1,0.0,0.0,0.0,"(2305, 2135, 0)","(2614.0, 2135.0, 0)"
1626,325,1,XDL_XM1_XM2_x3_x1,0.0,0.0,0.0,"(179, 2367, 180)","(179.0, 2367.0, 180)"
1627,325,2,XM6_x3_x1,0.0,0.0,0.0,"(891, 2175, 0)","(891.0, 2175.0, 0)"
1628,325,3,XR6_x3_x1,0.0,0.0,0.0,"(241, 1014, 90)","(241.0, 1014.0, 90)"
1629,325,4,XM3_x3_x1,-13966.82483535496,13524.0,196093.83480714756,"(2218, 2081, 0)","(2218.0, 2081.0, 0)"
1630,326,0,XM4_x3_x1,0.0,0.0,0.0,"(2299, 512, 90)","(2299.0, 512.0, 90)"
1631,326,1,XM3_x3_x1,0.0,0.0,0.0,"(610, 425, 0)","(610.0, 425.0, 0)"
1632,326,2,XR6_x3_x1,0.0,0.0,0.0,"(2325, 211, 0)","(2539.0, 211.0, 0)"
1633,326,3,XDL_XM1_XM2_x3_x1,0.0,0.0,0.0,"(1066, 1522, 180)","(1066.0, 1522.0, 180)"
1634,326,4,XM6_x3_x1,-13992.214085032598,13434.0,311602.96472878,"(2403, 2076, 0)","(2403.0, 2076.0, 0)"
1635,327,0,XR6_x3_x1,0.0,0.0,0.0,"(2142, 864, 90)","(2142.0, 864.0, 90)"
1636,327,1,XM6_x3_x1,0.0,0.0,0.0,"(2604, 1651, 0)","(2604.0, 1548.0, 0)"
1637,327,2,XM4_x3_x1,0.0,0.0,0.0,"(1348, 2105, 270)","(1348.0, 2105.0, 270)"
1638,327,3,XDL_XM1_XM2_x3_x1,0.0,0.0,0.0,"(813, 1886, 90)","(813.0, 1886.0, 90)"
1639,327,4,XM3_x3_x1,-9721.608698267986,9315.0,165330.63350718658,"(2561, 1827, 180)","(2561.0, 1827.0, 180)"
1640,328,0,XR6_x3_x1,0.0,0.0,0.0,"(898, 387, 90)","(898.0, 387.0, 90)"
1641,328,1,XDL_XM1_XM2_x3_x1,0.0,0.0,0.0,"(1057, 168, 270)","(1057.0, 74.0, 270)"
1642,328,2,XM3_x3_x1,0.0,0.0,0.0,"(1229, 749, 270)","(1229.0, 749.0, 270)"
1643,328,3,XM6_x3_x1,0.0,0.0,0.0,"(1892, 2320, 0)","(1892.0, 2320.0, 0)"
1644,328,4,XM4_x3_x1,-12491.478005480176,11979.0,262633.7061009384,"(838, 2591, 270)","(838.0, 2591.0, 270)"
1645,329,0,XR6_x3_x1,0.0,0.0,0.0,"(2553, 730, 0)","(2553.0, 730.0, 0)"
1646,329,1,XM6_x3_x1,0.0,0.0,0.0,"(2270, 2278, 0)","(2270.0, 2278.0, 0)"
1647,329,2,XM4_x3_x1,0.0,0.0,0.0,"(586, 1885, 0)","(586.0, 1885.0, 0)"
1648,329,3,XDL_XM1_XM2_x3_x1,0.0,0.0,0.0,"(1666, 2029, 90)","(1666.0, 2029.0, 90)"
1649,329,4,XM3_x3_x1,-13558.670510476086,12986.0,327951.51356894156,"(1737, 204, 270)","(1737.0, 204.0, 270)"
1650,330,0,XM3_x3_x1,0.0,0.0,0.0,"(2078, 2375, 90)","(2078.0, 2375.0, 90)"
1651,330,1,XR6_x3_x1,0.0,0.0,0.0,"(810, 717, 180)","(810.0, 717.0, 180)"
1652,330,2,XDL_XM1_XM2_x3_x1,0.0,0.0,0.0,"(842, 183, 180)","(842.0, 7.5, 180)"
1653,330,3,XM6_x3_x1,0.0,0.0,0.0,"(301, 733, 180)","(301.0, 733.0, 180)"
1654,330,4,XM4_x3_x1,-16478.946912804506,15747.5,535014.5862512407,"(1568, 57, 0)","(1568.0, 57.0, 0)"
1655,331,0,XM6_x3_x1,0.0,0.0,0.0,"(1370, 156, 90)","(1338.5, 156.0, 90)"
1656,331,1,XM3_x3_x1,0.0,0.0,0.0,"(2496, 2380, 90)","(2496.0, 2380.0, 90)"
1657,331,2,XR6_x3_x1,0.0,0.0,0.0,"(2494, 883, 180)","(2494.0, 883.0, 180)"
1658,331,3,XM4_x3_x1,0.0,0.0,0.0,"(1676, 392, 180)","(1676.0, 392.0, 180)"
1659,331,4,XDL_XM1_XM2_x3_x1,-13533.120818505828,12919.5,376530.5089037626,"(1196, 2100, 180)","(1196.0, 2100.0, 180)"
1660,332,0,XDL_XM1_XM2_x3_x1,0.0,0.0,0.0,"(1253, 285, 90)","(1253.0, 285.0, 90)"
1661,332,1,XM6_x3_x1,0.0,0.0,0.0,"(1058, 1712, 270)","(1058.0, 1712.0, 270)"
1662,332,2,XR6_x3_x1,0.0,0.0,0.0,"(135, 143, 180)","(135.0, 143.0, 180)"
1663,332,3,XM3_x3_x1,0.0,0.0,0.0,"(2187, 1171, 90)","(2187.0, 1171.0, 90)"
1664,332,4,XM4_x3_x1,-16195.5639940376,15516.0,461807.22199233586,"(962, 2577, 180)","(962.0, 2577.0, 180)"
1665,333,0,XM6_x3_x1,0.0,0.0,0.0,"(1056, 1434, 180)","(1056.0, 1434.0, 180)"
1666,333,1,XM3_x3_x1,0.0,0.0,0.0,"(1603, 2373, 0)","(1603.0, 2373.0, 0)"
1667,333,2,XR6_x3_x1,0.0,0.0,0.0,"(1941, 504, 90)","(1941.0, 504.0, 90)"
1668,333,3,XDL_XM1_XM2_x3_x1,0.0,0.0,0.0,"(2337, 1486, 180)","(2337.0, 1486.0, 180)"
1669,333,4,XM4_x3_x1,-11253.253252345805,10765.0,238391.2384262556,"(1496, 2596, 0)","(1496.0, 2652.0, 0)"
1670,334,0,XM6_x3_x1,0.0,0.0,0.0,"(2016, 2261, 180)","(2016.0, 2261.0, 180)"
1671,334,1,XM4_x3_x1,0.0,0.0,0.0,"(464, 13, 90)","(464.0, 13.0, 90)"
1672,334,2,XDL_XM1_XM2_x3_x1,0.0,0.0,0.0,"(1811, 309, 180)","(1811.0, 309.0, 180)"
1673,334,3,XR6_x3_x1,0.0,0.0,0.0,"(108, 876, 90)","(108.0, 876.0, 90)"
1674,334,4,XM3_x3_x1,-16319.285497477429,15643.0,457362.07409829414,"(2262, 1546, 0)","(2262.0, 1546.0, 0)"
1675,335,0,XM4_x3_x1,0.0,0.0,0.0,"(2150, 2047, 180)","(2150.0, 2047.0, 180)"
1676,335,1,XDL_XM1_XM2_x3_x1,0.0,0.0,0.0,"(324, 1262, 180)","(324.0, 1262.0, 180)"
1677,335,2,XR6_x3_x1,0.0,0.0,0.0,"(2080, 1445, 180)","(2080.0, 1445.0, 180)"
1678,335,3,XM6_x3_x1,0.0,0.0,0.0,"(932, 1966, 180)","(932.0, 1966.0, 180)"
1679,335,4,XM3_x3_x1,-13465.555904983583,12805.0,436334.1036086801,"(623, 879, 90)","(623.0, 695.5, 90)"
1680,336,0,XDL_XM1_XM2_x3_x1,0.0,0.0,0.0,"(1430, 840, 90)","(1430.0, 840.0, 90)"
1681,336,1,XR6_x3_x1,0.0,0.0,0.0,"(204, 1113, 270)","(204.0, 1113.0, 270)"
1682,336,2,XM6_x3_x1,0.0,0.0,0.0,"(1895, 2532, 180)","(1895.0, 2532.0, 180)"
1683,336,3,XM4_x3_x1,0.0,0.0,0.0,"(1986, 2426, 270)","(2232.5, 2426.0, 270)"
1684,336,4,XM3_x3_x1,-12974.485215432933,12441.5,284073.2398700898,"(730, 2298, 180)","(730.0, 2298.0, 180)"
1685,337,0,XM4_x3_x1,0.0,0.0,0.0,"(1562, 1802, 0)","(1562.0, 1802.0, 0)"
1686,337,1,XR6_x3_x1,0.0,0.0,0.0,"(330, 1706, 270)","(330.0, 1706.0, 270)"
1687,337,2,XM6_x3_x1,0.0,0.0,0.0,"(1661, 1203, 270)","(1661.0, 1203.0, 270)"
1688,337,3,XDL_XM1_XM2_x3_x1,0.0,0.0,0.0,"(1141, 81, 0)","(1141.0, 81.0, 0)"
1689,337,4,XM3_x3_x1,-11312.52865292817,10837.0,226127.4997556795,"(1915, 1930, 180)","(1958.0, 1930.0, 180)"
1690,338,0,XM3_x3_x1,0.0,0.0,0.0,"(1122, 648, 0)","(1122.0, 648.0, 0)"
1691,338,1,XM4_x3_x1,0.0,0.0,0.0,"(1251, 2289, 90)","(1251.0, 2289.0, 90)"
1692,338,2,XM6_x3_x1,0.0,0.0,0.0,"(2158, 1370, 180)","(2336.5, 1370.0, 180)"
1693,338,3,XDL_XM1_XM2_x3_x1,0.0,0.0,0.0,"(1926, 1153, 0)","(1926.0, 1153.0, 0)"
1694,338,4,XR6_x3_x1,-13075.98082989798,12417.5,433597.00334313244,"(2548, 1718, 180)","(2635.0, 1718.0, 180)"
1695,339,0,XM6_x3_x1,0.0,0.0,0.0,"(1117, 362, 90)","(1117.0, 362.0, 90)"
1696,339,1,XDL_XM1_XM2_x3_x1,0.0,0.0,0.0,"(1724, 462, 180)","(1724.0, 462.0, 180)"
1697,339,2,XM3_x3_x1,0.0,0.0,0.0,"(587, 1777, 0)","(587.0, 1777.0, 0)"
1698,339,3,XM4_x3_x1,0.0,0.0,0.0,"(1968, 1433, 180)","(1968.0, 1433.0, 180)"
1699,339,4,XR6_x3_x1,-11642.587469885868,11123.0,269971.1388623986,"(649, 1990, 180)","(649.0, 2257.5, 180)"
1700,340,0,XR6_x3_x1,0.0,0.0,0.0,"(1743, 186, 180)","(1743.0, 186.0, 180)"
1701,340,1,XM3_x3_x1,0.0,0.0,0.0,"(1879, 1690, 90)","(1879.0, 1690.0, 90)"
1702,340,2,XDL_XM1_XM2_x3_x1,0.0,0.0,0.0,"(1678, 2045, 0)","(1527.0, 2045.0, 0)"
1703,340,3,XM4_x3_x1,0.0,0.0,0.0,"(370, 141, 90)","(370.0, 141.0, 90)"
1704,340,4,XM6_x3_x1,-13580.259821298694,12979.0,361513.3727081377,"(2151, 426, 0)","(2151.0, 426.0, 0)"
1705,341,0,XDL_XM1_XM2_x3_x1,0.0,0.0,0.0,"(966, 2053, 270)","(966.0, 2053.0, 270)"
1706,341,1,XM3_x3_x1,0.0,0.0,0.0,"(93, 1234, 180)","(93.0, 1234.0, 180)"
1707,341,2,XM6_x3_x1,0.0,0.0,0.0,"(2027, 1988, 90)","(2027.0, 1988.0, 90)"
1708,341,3,XM4_x3_x1,0.0,0.0,0.0,"(2221, 1285, 90)","(2221.0, 1285.0, 90)"
1709,341,4,XR6_x3_x1,-14924.971532056832,14203.0,521242.89310048963,"(2454, 2495, 270)","(2454.0, 2495.0, 270)"
1710,342,0,XM4_x3_x1,0.0,0.0,0.0,"(2073, 2266, 180)","(2073.0, 2266.0, 180)"
1711,342,1,XDL_XM1_XM2_x3_x1,0.0,0.0,0.0,"(1830, 1149, 270)","(1830.0, 960.0, 270)"
1712,342,2,XR6_x3_x1,0.0,0.0,0.0,"(1777, 581, 180)","(1777.0, 406.5, 180)"
1713,342,3,XM3_x3_x1,0.0,0.0,0.0,"(2525, 1843, 180)","(2525.0, 1843.0, 180)"
1714,342,4,XM6_x3_x1,-10889.901421360975,10295.0,353907.70113730937,"(1837, 1312, 0)","(1837.0, 1312.0, 0)"
1715,343,0,XM6_x3_x1,0.0,0.0,0.0,"(1395, 1641, 180)","(1395.0, 1741.5, 180)"
1716,343,1,XM4_x3_x1,0.0,0.0,0.0,"(1668, 902, 180)","(1668.0, 902.0, 180)"
1717,343,2,XDL_XM1_XM2_x3_x1,0.0,0.0,0.0,"(619, 1256, 180)","(619.0, 1256.0, 180)"
1718,343,3,XR6_x3_x1,0.0,0.0,0.0,"(1979, 878, 270)","(1979.0, 662.0, 270)"
1719,343,4,XM3_x3_x1,-8040.572341551087,7713.0,107303.63894926259,"(1625, 1404, 270)","(1625.0, 1404.0, 270)"
1720,344,0,XDL_XM1_XM2_x3_x1,0.0,0.0,0.0,"(1183, 1604, 0)","(1183.0, 1604.0, 0)"
1721,344,1,XR6_x3_x1,0.0,0.0,0.0,"(92, 551, 0)","(92.0, 551.0, 0)"
1722,344,2,XM3_x3_x1,0.0,0.0,0.0,"(272, 1713, 90)","(272.0, 1713.0, 90)"
1723,344,3,XM4_x3_x1,0.0,0.0,0.0,"(1492, 1588, 90)","(1535.0, 1588.0, 90)"
1724,344,4,XM6_x3_x1,-11013.168328763568,10605.0,166601.38460564468,"(2427, 892, 270)","(2427.0, 892.0, 270)"
1725,345,0,XR6_x3_x1,0.0,0.0,0.0,"(1541, 1868, 180)","(1541.0, 1868.0, 180)"
1726,345,1,XDL_XM1_XM2_x3_x1,0.0,0.0,0.0,"(2048, 2156, 90)","(2048.0, 2156.0, 90)"
1727,345,2,XM4_x3_x1,0.0,0.0,0.0,"(2140, 1702, 90)","(2140.0, 1702.0, 90)"
1728,345,3,XM6_x3_x1,0.0,0.0,0.0,"(719, 1317, 180)","(719.0, 1317.0, 180)"
1729,345,4,XM3_x3_x1,-7861.86652281956,7443.0,175449.16393894894,"(1338, 1710, 90)","(1301.0, 1710.0, 90)"
1730,346,0,XM3_x3_x1,0.0,0.0,0.0,"(2080, 504, 180)","(2080.0, 504.0, 180)"
1731,346,1,XDL_XM1_XM2_x3_x1,0.0,0.0,0.0,"(1408, 2559, 0)","(1408.0, 2559.0, 0)"
1732,346,2,XR6_x3_x1,0.0,0.0,0.0,"(1145, 340, 180)","(1145.0, 340.0, 180)"
1733,346,3,XM4_x3_x1,0.0,0.0,0.0,"(2150, 2224, 90)","(2150.0, 2224.0, 90)"
1734,346,4,XM6_x3_x1,-12792.254998828868,12263.0,280110.8537853451,"(450, 566, 180)","(450.0, 566.0, 180)"
1735,347,0,XR6_x3_x1,0.0,0.0,0.0,"(1191, 1905, 90)","(1191.0, 1905.0, 90)"
1736,347,1,XM3_x3_x1,0.0,0.0,0.0,"(1902, 2297, 90)","(1902.0, 2297.0, 90)"
1737,347,2,XM6_x3_x1,0.0,0.0,0.0,"(1458, 361, 90)","(1458.0, 323.5, 90)"
1738,347,3,XM4_x3_x1,0.0,0.0,0.0,"(1367, 1558, 0)","(1367.0, 1558.0, 0)"
1739,347,4,XDL_XM1_XM2_x3_x1,-10332.317355433386,9827.0,255345.629702192,"(1306, 890, 0)","(1306.0, 890.0, 0)"
1740,348,0,XDL_XM1_XM2_x3_x1,0.0,0.0,0.0,"(761, 2496, 180)","(761.0, 2496.0, 180)"
1741,348,1,XM4_x3_x1,0.0,0.0,0.0,"(1710, 2035, 0)","(1710.0, 2035.0, 0)"
1742,348,2,XR6_x3_x1,0.0,0.0,0.0,"(1615, 1789, 270)","(1657.5, 1789.0, 270)"
1743,348,3,XM3_x3_x1,0.0,0.0,0.0,"(1177, 1874, 270)","(1177.0, 1874.0, 270)"
1744,348,4,XM6_x3_x1,-9304.425759559013,8902.0,161946.4919566483,"(617, 845, 90)","(617.0, 845.0, 90)"
1745,349,0,XR6_x3_x1,0.0,0.0,0.0,"(616, 2295, 0)","(616.0, 2295.0, 0)"
1746,349,1,XM4_x3_x1,0.0,0.0,0.0,"(2182, 2217, 0)","(2353.0, 2217.0, 0)"
1747,349,2,XM6_x3_x1,0.0,0.0,0.0,"(3, 2248, 180)","(3.0, 2248.0, 180)"
1748,349,3,XDL_XM1_XM2_x3_x1,0.0,0.0,0.0,"(1069, 413, 270)","(1069.0, 413.0, 270)"
1749,349,4,XM3_x3_x1,-13271.796099395735,12789.0,233092.07359173716,"(1957, 2318, 180)","(1957.0, 2318.0, 180)"
1750,350,0,XM3_x3_x1,0.0,0.0,0.0,"(356, 1156, 270)","(356.0, 1141.5, 270)"
1751,350,1,XDL_XM1_XM2_x3_x1,0.0,0.0,0.0,"(2523, 2430, 90)","(2523.0, 2430.0, 90)"
1752,350,2,XM6_x3_x1,0.0,0.0,0.0,"(1140, 1983, 0)","(1140.0, 1983.0, 0)"
1753,350,3,XR6_x3_x1,0.0,0.0,0.0,"(657, 2153, 0)","(657.0, 2153.0, 0)"
1754,350,4,XM4_x3_x1,-11499.540296112535,10994.0,255570.9909935489,"(476, 1479, 180)","(476.0, 1479.0, 180)"
1755,351,0,XDL_XM1_XM2_x3_x1,0.0,0.0,0.0,"(1780, 2210, 0)","(1859.5, 2210.0, 0)"
1756,351,1,XM3_x3_x1,0.0,0.0,0.0,"(1223, 1716, 270)","(1223.0, 1716.0, 270)"
1757,351,2,XM6_x3_x1,0.0,0.0,0.0,"(1666, 1039, 180)","(1666.0, 1039.0, 180)"
1758,351,3,XM4_x3_x1,0.0,0.0,0.0,"(60, 2060, 0)","(60.0, 2060.0, 0)"
1759,351,4,XR6_x3_x1,-10366.412958268971,9914.0,204677.48480968236,"(1306, 2319, 270)","(1306.0, 2319.0, 270)"
1760,352,0,XM3_x3_x1,0.0,0.0,0.0,"(1532, 1816, 0)","(1532.0, 1816.0, 0)"
1761,352,1,XM4_x3_x1,0.0,0.0,0.0,"(1911, 485, 90)","(1911.0, 485.0, 90)"
1762,352,2,XDL_XM1_XM2_x3_x1,0.0,0.0,0.0,"(206, 338, 90)","(206.0, 338.0, 90)"
1763,352,3,XR6_x3_x1,0.0,0.0,0.0,"(1383, 352, 0)","(1383.0, 352.0, 0)"
1764,352,4,XM6_x3_x1,-12873.863836280709,12317.0,310097.33215726854,"(2144, 715, 180)","(2248.5, 715.0, 180)"
1765,353,0,XM6_x3_x1,0.0,0.0,0.0,"(2045, 311, 270)","(2045.0, 301.5, 270)"
1766,353,1,XM3_x3_x1,0.0,0.0,0.0,"(902, 1110, 270)","(902.0, 1110.0, 270)"
1767,353,2,XR6_x3_x1,0.0,0.0,0.0,"(2559, 1815, 180)","(2559.0, 1815.0, 180)"
1768,353,3,XM4_x3_x1,0.0,0.0,0.0,"(2279, 125, 90)","(2324.0, 125.0, 90)"
1769,353,4,XDL_XM1_XM2_x3_x1,-11733.421810418566,11245.0,238555.86489254932,"(2037, 868, 0)","(2037.0, 868.0, 0)"
1770,354,0,XR6_x3_x1,0.0,0.0,0.0,"(559, 2604, 0)","(540.0, 2604.0, 0)"
1771,354,1,XDL_XM1_XM2_x3_x1,0.0,0.0,0.0,"(1151, 2316, 90)","(1288.0, 2316.0, 90)"
1772,354,2,XM6_x3_x1,0.0,0.0,0.0,"(164, 1709, 90)","(157.0, 1709.0, 90)"
1773,354,3,XM4_x3_x1,0.0,0.0,0.0,"(436, 1526, 90)","(436.0, 1526.0, 90)"
1774,354,4,XM3_x3_x1,-7229.353873928556,6878.0,123449.54472460326,"(780, 2216, 90)","(780.0, 2216.0, 90)"
1775,355,0,XM3_x3_x1,0.0,0.0,0.0,"(2072, 2274, 90)","(2072.0, 2274.0, 90)"
1776,355,1,XDL_XM1_XM2_x3_x1,0.0,0.0,0.0,"(1936, 794, 0)","(1936.0, 794.0, 0)"
1777,355,2,XM4_x3_x1,0.0,0.0,0.0,"(47, 66, 90)","(47.0, 66.0, 90)"
1778,355,3,XR6_x3_x1,0.0,0.0,0.0,"(813, 2586, 90)","(813.0, 2586.0, 90)"
1779,355,4,XM6_x3_x1,-16280.212198802697,15611.0,447844.96702634083,"(596, 1980, 180)","(596.0, 1980.0, 180)"
1780,356,0,XR6_x3_x1,0.0,0.0,0.0,"(345, 428, 90)","(345.0, 428.0, 90)"
1781,356,1,XM4_x3_x1,0.0,0.0,0.0,"(532, 1048, 180)","(532.0, 1048.0, 180)"
1782,356,2,XM6_x3_x1,0.0,0.0,0.0,"(1135, 51, 90)","(1135.0, 51.0, 90)"
1783,356,3,XDL_XM1_XM2_x3_x1,0.0,0.0,0.0,"(944, 2249, 180)","(944.0, 2249.0, 180)"
1784,356,4,XM3_x3_x1,-9967.052824830924,9529.0,191890.27734235278,"(1002, 595, 270)","(1002.0, 595.0, 270)"
1785,357,0,XM3_x3_x1,0.0,0.0,0.0,"(2562, 1144, 90)","(2562.0, 1144.0, 90)"
1786,357,1,XM4_x3_x1,0.0,0.0,0.0,"(666, 541, 180)","(666.0, 541.0, 180)"
1787,357,2,XR6_x3_x1,0.0,0.0,0.0,"(1954, 2044, 90)","(1954.0, 2044.0, 90)"
1788,357,3,XDL_XM1_XM2_x3_x1,0.0,0.0,0.0,"(860, 2429, 90)","(860.0, 2429.0, 90)"
1789,357,4,XM6_x3_x1,-14110.66745532627,13470.0,410454.7883142369,"(2427, 639, 90)","(2427.0, 639.0, 90)"
1790,358,0,XM3_x3_x1,0.0,0.0,0.0,"(1999, 1109, 0)","(1999.0, 1109.0, 0)"
1791,358,1,XM4_x3_x1,0.0,0.0,0.0,"(2379, 1596, 180)","(2379.0, 1596.0, 180)"
1792,358,2,XM6_x3_x1,0.0,0.0,0.0,"(778, 1740, 90)","(778.0, 1740.0, 90)"
1793,358,3,XR6_x3_x1,0.0,0.0,0.0,"(1960, 385, 90)","(1960.0, 385.0, 90)"
1794,358,4,XDL_XM1_XM2_x3_x1,-12872.884889596848,12414.0,210575.34190031176,"(222, 2578, 90)","(222.0, 2578.0, 90)"
1795,359,0,XM6_x3_x1,0.0,0.0,0.0,"(670, 2251, 180)","(670.0, 2251.0, 180)"
1796,359,1,XR6_x3_x1,0.0,0.0,0.0,"(1630, 2349, 90)","(1630.0, 2349.0, 90)"
1797,359,2,XM3_x3_x1,0.0,0.0,0.0,"(2019, 673, 270)","(2019.0, 673.0, 270)"
1798,359,3,XDL_XM1_XM2_x3_x1,0.0,0.0,0.0,"(301, 638, 180)","(301.0, 638.0, 180)"
1799,359,4,XM4_x3_x1,-13495.455998045802,12972.0,274006.1818901255,"(1243, 64, 180)","(1243.0, 64.0, 180)"
1800,360,0,XDL_XM1_XM2_x3_x1,0.0,0.0,0.0,"(701, 511, 90)","(701.0, 511.0, 90)"
1801,360,1,XM4_x3_x1,0.0,0.0,0.0,"(615, 482, 180)","(615.0, 159.0, 180)"
1802,360,2,XM3_x3_x1,0.0,0.0,0.0,"(1572, 769, 0)","(1572.0, 769.0, 0)"
1803,360,3,XR6_x3_x1,0.0,0.0,0.0,"(687, 1467, 180)","(687.0, 1467.0, 180)"
1804,360,4,XM6_x3_x1,-9060.94652450427,8601.0,211550.80540355752,"(1348, 1397, 0)","(1348.0, 1397.0, 0)"
1805,361,0,XR6_x3_x1,0.0,0.0,0.0,"(2579, 1233, 270)","(2579.0, 1233.0, 270)"
1806,361,1,XM6_x3_x1,0.0,0.0,0.0,"(652, 1281, 0)","(652.0, 1281.0, 0)"
1807,361,2,XDL_XM1_XM2_x3_x1,0.0,0.0,0.0,"(1301, 2465, 0)","(1301.0, 2465.0, 0)"
1808,361,3,XM4_x3_x1,0.0,0.0,0.0,"(842, 2288, 180)","(842.0, 2288.0, 180)"
1809,361,4,XM3_x3_x1,-11182.774881136957,10721.0,213236.04084905103,"(538, 1925, 0)","(538.0, 1925.0, 0)"
1810,362,0,XDL_XM1_XM2_x3_x1,0.0,0.0,0.0,"(76, 1098, 270)","(76.0, 1098.0, 270)"
1811,362,1,XM3_x3_x1,0.0,0.0,0.0,"(1367, 563, 90)","(1367.0, 563.0, 90)"
1812,362,2,XM6_x3_x1,0.0,0.0,0.0,"(2548, 468, 180)","(2548.0, 468.0, 180)"
1813,362,3,XM4_x3_x1,0.0,0.0,0.0,"(1741, 566, 180)","(1741.0, 566.0, 180)"
1814,362,4,XR6_x3_x1,-10440.127716344141,9992.0,200818.45015581485,"(1152, 1455, 270)","(1152.0, 1455.0, 270)"
1815,363,0,XR6_x3_x1,0.0,0.0,0.0,"(830, 2232, 90)","(830.0, 2232.0, 90)"
1816,363,1,XM4_x3_x1,0.0,0.0,0.0,"(181, 690, 180)","(181.0, 690.0, 180)"
1817,363,2,XM3_x3_x1,0.0,0.0,0.0,"(1125, 942, 180)","(1125.0, 942.0, 180)"
1818,363,3,XDL_XM1_XM2_x3_x1,0.0,0.0,0.0,"(1977, 675, 0)","(1977.0, 675.0, 0)"
1819,363,4,XM6_x3_x1,-11126.90879667945,10684.0,196168.20217603847,"(1613, 1966, 90)","(1613.0, 1966.0, 90)"
1820,364,0,XM6_x3_x1,0.0,0.0,0.0,"(538, 2411, 90)","(538.0, 2411.0, 90)"
1821,364,1,XM4_x3_x1,0.0,0.0,0.0,"(835, 2332, 90)","(835.0, 2332.0, 90)"
1822,364,2,XM3_x3_x1,0.0,0.0,0.0,"(2424, 1331, 90)","(2424.0, 1331.0, 90)"
1823,364,3,XDL_XM1_XM2_x3_x1,0.0,0.0,0.0,"(1906, 2194, 180)","(1906.0, 2194.0, 180)"
1824,364,4,XR6_x3_x1,-11185.243943583726,10671.0,264446.83351254254,"(1435, 1159, 90)","(1435.0, 1159.0, 90)"
1825,365,0,XDL_XM1_XM2_x3_x1,0.0,0.0,0.0,"(697, 2399, 180)","(697.0, 2399.0, 180)"
1826,365,1,XM3_x3_x1,0.0,0.0,0.0,"(76, 2416, 0)","(76.0, 2416.0, 0)"
1827,365,2,XM4_x3_x1,0.0,0.0,0.0,"(339, 539, 90)","(339.0, 339.5, 90)"
1828,365,3,XR6_x3_x1,0.0,0.0,0.0,"(58, 638, 90)","(58.0, 638.0, 90)"
1829,365,4,XM6_x3_x1,-14057.18904833162,13487.5,324545.61178898794,"(1739, 1459, 180)","(1739.0, 1459.0, 180)"
1830,366,0,XR6_x3_x1,0.0,0.0,0.0,"(2210, 596, 180)","(2210.0, 596.0, 180)"
1831,366,1,XM3_x3_x1,0.0,0.0,0.0,"(673, 642, 180)","(673.0, 642.0, 180)"
1832,366,2,XM6_x3_x1,0.0,0.0,0.0,"(328, 402, 90)","(328.0, 402.0, 90)"
1833,366,3,XM4_x3_x1,0.0,0.0,0.0,"(2270, 1508, 270)","(2358.0, 1508.0, 270)"
1834,366,4,XDL_XM1_XM2_x3_x1,-12498.114269835161,11964.0,285278.0532415479,"(2006, 1848, 0)","(2006.0, 1848.0, 0)"
1835,367,0,XM4_x3_x1,0.0,0.0,0.0,"(1737, 2333, 180)","(1737.0, 2333.0, 180)"
1836,367,1,XR6_x3_x1,0.0,0.0,0.0,"(1039, 2425, 270)","(1039.0, 2425.0, 270)"
1837,367,2,XM3_x3_x1,0.0,0.0,0.0,"(1354, 2514, 180)","(1354.0, 2665.0, 180)"
1838,367,3,XDL_XM1_XM2_x3_x1,0.0,0.0,0.0,"(1242, 1800, 270)","(1242.0, 1800.0, 270)"
1839,367,4,XM6_x3_x1,-8206.920360964337,7796.0,168855.5430550617,"(1266, 944, 0)","(1266.0, 944.0, 0)"
1840,368,0,XM4_x3_x1,0.0,0.0,0.0,"(2326, 1850, 0)","(2326.0, 1850.0, 0)"
1841,368,1,XM3_x3_x1,0.0,0.0,0.0,"(2576, 29, 90)","(2576.0, 29.0, 90)"
1842,368,2,XDL_XM1_XM2_x3_x1,0.0,0.0,0.0,"(232, 1008, 180)","(232.0, 1008.0, 180)"
1843,368,3,XM6_x3_x1,0.0,0.0,0.0,"(663, 1028, 180)","(663.0, 1028.0, 180)"
1844,368,4,XR6_x3_x1,-18832.61903536057,18033.0,639390.6017109687,"(831, 2604, 90)","(831.0, 2604.0, 90)"
1845,369,0,XM6_x3_x1,0.0,0.0,0.0,"(2071, 231, 270)","(2071.0, 231.0, 270)"
1846,369,1,XM4_x3_x1,0.0,0.0,0.0,"(97, 832, 270)","(24.5, 832.0, 270)"
1847,369,2,XR6_x3_x1,0.0,0.0,0.0,"(1767, 1053, 270)","(1767.0, 1053.0, 270)"
1848,369,3,XM3_x3_x1,0.0,0.0,0.0,"(362, 708, 180)","(362.0, 708.0, 180)"
1849,369,4,XDL_XM1_XM2_x3_x1,-10816.89349217343,10368.0,201505.3673156573,"(128, 1590, 0)","(128.0, 1590.0, 0)"
1850,370,0,XM3_x3_x1,0.0,0.0,0.0,"(339, 1402, 270)","(339.0, 1402.0, 270)"
1851,370,1,XDL_XM1_XM2_x3_x1,0.0,0.0,0.0,"(48, 1919, 90)","(-14.0, 1919.0, 90)"
1852,370,2,XM4_x3_x1,0.0,0.0,0.0,"(494, 2061, 270)","(494.0, 2061.0, 270)"
1853,370,3,XR6_x3_x1,0.0,0.0,0.0,"(905, 1320, 180)","(905.0, 1320.0, 180)"
1854,370,4,XM6_x3_x1,-8077.364401566544,7750.0,107167.45141302145,"(1994, 1962, 90)","(1994.0, 1962.0, 90)"
1855,371,0,XM4_x3_x1,0.0,0.0,0.0,"(1722, 176, 90)","(1722.0, 176.0, 90)"
1856,371,1,XM3_x3_x1,0.0,0.0,0.0,"(2064, 335, 90)","(2064.0, 335.0, 90)"
1857,371,2,XDL_XM1_XM2_x3_x1,0.0,0.0,0.0,"(280, 2255, 90)","(280.0, 2255.0, 90)"
1858,371,3,XR6_x3_x1,0.0,0.0,0.0,"(1646, 2148, 180)","(1646.0, 2148.0, 180)"
1859,371,4,XM6_x3_x1,-15813.189188327899,15121.0,479125.8724380357,"(464, 887, 180)","(464.0, 887.0, 180)"
1860,372,0,XR6_x3_x1,0.0,0.0,0.0,"(1353, 747, 180)","(1353.0, 747.0, 180)"
1861,372,1,XM6_x3_x1,0.0,0.0,0.0,"(1383, 2042, 270)","(1383.0, 2042.0, 270)"
1862,372,2,XM3_x3_x1,0.0,0.0,0.0,"(1675, 1667, 180)","(1675.0, 1667.0, 180)"
1863,372,3,XDL_XM1_XM2_x3_x1,0.0,0.0,0.0,"(2597, 1971, 180)","(2597.0, 1971.0, 180)"
1864,372,4,XM4_x3_x1,-11447.270358171781,10956.0,241346.56481823017,"(2330, 112, 0)","(2330.0, 112.0, 0)"
1865,373,0,XR6_x3_x1,0.0,0.0,0.0,"(55, 1030, 0)","(55.0, 1030.0, 0)"
1866,373,1,XDL_XM1_XM2_x3_x1,0.0,0.0,0.0,"(2583, 92, 180)","(2583.0, -67.0, 180)"
1867,373,2,XM3_x3_x1,0.0,0.0,0.0,"(2409, 441, 180)","(2409.0, 441.0, 180)"
1868,373,3,XM4_x3_x1,0.0,0.0,0.0,"(1594, 1129, 180)","(1594.0, 1129.0, 180)"
1869,373,4,XM6_x3_x1,-11989.432069591203,11482.0,257487.30524961103,"(2005, 278, 270)","(2005.0, 278.0, 270)"
1870,374,0,XM4_x3_x1,0.0,0.0,0.0,"(548, 1961, 0)","(548.0, 1961.0, 0)"
1871,374,1,XDL_XM1_XM2_x3_x1,0.0,0.0,0.0,"(935, 2499, 90)","(935.0, 2499.0, 90)"
1872,374,2,XR6_x3_x1,0.0,0.0,0.0,"(23, 190, 180)","(23.0, 190.0, 180)"
1873,374,3,XM3_x3_x1,0.0,0.0,0.0,"(310, 1901, 270)","(210.5, 1901.0, 270)"
1874,374,4,XM6_x3_x1,-12351.948028649014,11981.5,137231.74192994155,"(2418, 1351, 90)","(2418.0, 1351.0, 90)"
1875,375,0,XR6_x3_x1,0.0,0.0,0.0,"(1963, 1289, 270)","(1963.0, 1289.0, 270)"
1876,375,1,XDL_XM1_XM2_x3_x1,0.0,0.0,0.0,"(87, 2574, 270)","(87.0, 2574.0, 270)"
1877,375,2,XM3_x3_x1,0.0,0.0,0.0,"(2519, 528, 90)","(2519.0, 528.0, 90)"
1878,375,3,XM6_x3_x1,0.0,0.0,0.0,"(528, 2037, 270)","(528.0, 2037.0, 270)"
1879,375,4,XM4_x3_x1,-16513.886790266497,15865.0,421054.06658235536,"(1768, 43, 180)","(1768.0, 43.0, 180)"
1880,376,0,XM3_x3_x1,0.0,0.0,0.0,"(136, 1207, 180)","(136.0, 1207.0, 180)"
1881,376,1,XR6_x3_x1,0.0,0.0,0.0,"(1035, 695, 90)","(1035.0, 901.0, 90)"
1882,376,2,XM4_x3_x1,0.0,0.0,0.0,"(1292, 661, 180)","(1292.0, 661.0, 180)"
1883,376,3,XM6_x3_x1,0.0,0.0,0.0,"(1890, 2524, 180)","(1890.0, 2524.0, 180)"
1884,376,4,XDL_XM1_XM2_x3_x1,-13397.181439165479,12909.0,238321.1175456777,"(2486, 503, 180)","(2486.0, 503.0, 180)"
1885,377,0,XM4_x3_x1,0.0,0.0,0.0,"(463, 1772, 90)","(463.0, 1772.0, 90)"
1886,377,1,XM6_x3_x1,0.0,0.0,0.0,"(1439, 1667, 90)","(1439.0, 1667.0, 90)"
1887,377,2,XR6_x3_x1,0.0,0.0,0.0,"(462, 141, 180)","(462.0, 141.0, 180)"
1888,377,3,XDL_XM1_XM2_x3_x1,0.0,0.0,0.0,"(2044, 1795, 270)","(2044.0, 1795.0, 270)"
1889,377,4,XM3_x3_x1,-12803.103232615767,12241.0,315960.04411709495,"(2021, 2185, 0)","(2021.0, 2185.0, 0)"
1890,378,0,XR6_x3_x1,0.0,0.0,0.0,"(721, 2421, 180)","(721.0, 2421.0, 180)"
1891,378,1,XDL_XM1_XM2_x3_x1,0.0,0.0,0.0,"(2289, 617, 180)","(2289.0, 617.0, 180)"
1892,378,2,XM4_x3_x1,0.0,0.0,0.0,"(45, 239, 180)","(45.0, 239.0, 180)"
1893,378,3,XM3_x3_x1,0.0,0.0,0.0,"(2568, 292, 90)","(2641.0, 292.0, 90)"
1894,378,4,XM6_x3_x1,-17516.10607917666,16844.0,451726.58166622446,"(1945, 1730, 270)","(1945.0, 1730.0, 270)"
1895,379,0,XM3_x3_x1,0.0,0.0,0.0,"(1632, 1094, 180)","(1632.0, 1094.0, 180)"
1896,379,1,XDL_XM1_XM2_x3_x1,0.0,0.0,0.0,"(482, 2297, 180)","(482.0, 2297.0, 180)"
1897,379,2,XR6_x3_x1,0.0,0.0,0.0,"(2006, 29, 90)","(2006.0, 29.0, 90)"
1898,379,3,XM6_x3_x1,0.0,0.0,0.0,"(153, 615, 0)","(29.0, 615.0, 0)"
1899,379,4,XM4_x3_x1,-12440.638622805409,11994.0,199486.0593815131,"(425, 721, 0)","(425.0, 721.0, 0)"
1900,380,0,XM3_x3_x1,0.0,0.0,0.0,"(1294, 2405, 270)","(1294.0, 2572.5, 270)"
1901,380,1,XM4_x3_x1,0.0,0.0,0.0,"(1272, 2235, 180)","(1272.0, 2235.0, 180)"
1902,380,2,XR6_x3_x1,0.0,0.0,0.0,"(1400, 415, 90)","(1400.0, 178.0, 90)"
1903,380,3,XDL_XM1_XM2_x3_x1,0.0,0.0,0.0,"(1580, 926, 180)","(1580.0, 926.0, 180)"
1904,380,4,XM6_x3_x1,-11576.989108056041,11015.0,315831.75757362513,"(1663, 483, 180)","(1663.0, 418.0, 180)"
1905,381,0,XM6_x3_x1,0.0,0.0,0.0,"(1860, 562, 180)","(1860.0, 562.0, 180)"
1906,381,1,XDL_XM1_XM2_x3_x1,0.0,0.0,0.0,"(645, 2134, 90)","(645.0, 2134.0, 90)"
1907,381,2,XR6_x3_x1,0.0,0.0,0.0,"(496, 840, 180)","(496.0, 840.0, 180)"
1908,381,3,XM4_x3_x1,0.0,0.0,0.0,"(1852, 119, 0)","(1852.0, 119.0, 0)"
1909,381,4,XM3_x3_x1,-12373.84170792129,11798.0,331593.6725817094,"(1215, 161, 90)","(1215.0, 161.0, 90)"
1910,382,0,XDL_XM1_XM2_x3_x1,0.0,0.0,0.0,"(30, 1291, 180)","(30.0, 1291.0, 180)"
1911,382,1,XM6_x3_x1,0.0,0.0,0.0,"(956, 1398, 0)","(956.0, 1409.5, 0)"
1912,382,2,XM3_x3_x1,0.0,0.0,0.0,"(62, 658, 270)","(62.0, 658.0, 270)"
1913,382,3,XR6_x3_x1,0.0,0.0,0.0,"(1068, 929, 180)","(1068.0, 929.0, 180)"
1914,382,4,XM4_x3_x1,-13318.513869594377,12701.0,381323.3791414204,"(2289, 1790, 180)","(2289.0, 1790.0, 180)"
1915,383,0,XM4_x3_x1,0.0,0.0,0.0,"(602, 477, 90)","(602.0, 477.0, 90)"
1916,383,1,XDL_XM1_XM2_x3_x1,0.0,0.0,0.0,"(1299, 922, 180)","(1299.0, 922.0, 180)"
1917,383,2,XM3_x3_x1,0.0,0.0,0.0,"(1720, 1623, 0)","(1720.0, 1447.0, 0)"
1918,383,3,XR6_x3_x1,0.0,0.0,0.0,"(795, 2488, 180)","(795.0, 2488.0, 180)"
1919,383,4,XM6_x3_x1,-11250.066947828192,10753.0,247075.55062323585,"(1618, 1726, 180)","(1618.0, 1726.0, 180)"
1920,384,0,XM6_x3_x1,0.0,0.0,0.0,"(277, 1034, 180)","(277.0, 1034.0, 180)"
1921,384,1,XM3_x3_x1,0.0,0.0,0.0,"(1323, 713, 270)","(1323.0, 713.0, 270)"
1922,384,2,XR6_x3_x1,0.0,0.0,0.0,"(1311, 2341, 0)","(1311.0, 2341.0, 0)"
1923,384,3,XM4_x3_x1,0.0,0.0,0.0,"(1993, 1362, 180)","(1993.0, 1296.0, 180)"
1924,384,4,XDL_XM1_XM2_x3_x1,-10991.455851805904,10518.0,224160.44360925365,"(1600, 1648, 90)","(1600.0, 1648.0, 90)"
1925,385,0,XDL_XM1_XM2_x3_x1,0.0,0.0,0.0,"(16, 1508, 90)","(16.0, 1508.0, 90)"
1926,385,1,XM3_x3_x1,0.0,0.0,0.0,"(1178, 307, 270)","(1178.0, 307.0, 270)"
1927,385,2,XM4_x3_x1,0.0,0.0,0.0,"(2313, 1409, 180)","(2313.0, 1409.0, 180)"
1928,385,3,XM6_x3_x1,0.0,0.0,0.0,"(858, 1620, 90)","(858.0, 1620.0, 90)"
1929,385,4,XR6_x3_x1,-14926.522266135471,14343.0,340498.2350758759,"(1095, 2424, 0)","(1095.0, 2424.0, 0)"
1930,386,0,XR6_x3_x1,0.0,0.0,0.0,"(1454, 737, 90)","(1454.0, 737.0, 90)"
1931,386,1,XM3_x3_x1,0.0,0.0,0.0,"(539, 2373, 270)","(539.0, 2373.0, 270)"
1932,386,2,XM6_x3_x1,0.0,0.0,0.0,"(1029, 561, 180)","(1029.0, 497.0, 180)"
1933,386,3,XDL_XM1_XM2_x3_x1,0.0,0.0,0.0,"(1904, 1404, 180)","(1904.0, 1404.0, 180)"
1934,386,4,XM4_x3_x1,-13261.342861583149,12614.0,419052.78044265904,"(1739, 545, 90)","(1739.0, 438.5, 90)"
1935,387,0,XM3_x3_x1,0.0,0.0,0.0,"(834, 1237, 0)","(834.0, 1144.0, 0)"
1936,387,1,XM6_x3_x1,0.0,0.0,0.0,"(1810, 1849, 270)","(1810.0, 1849.0, 270)"
1937,387,2,XM4_x3_x1,0.0,0.0,0.0,"(2321, 1635, 0)","(2321.0, 1635.0, 0)"
1938,387,3,XDL_XM1_XM2_x3_x1,0.0,0.0,0.0,"(1232, 1496, 270)","(1232.0, 1496.0, 270)"
1939,387,4,XR6_x3_x1,-9344.109572596,8889.0,207124.72306851353,"(226, 1193, 180)","(226.0, 1193.0, 180)"
1940,388,0,XM6_x3_x1,0.0,0.0,0.0,"(1552, 2163, 180)","(1552.0, 2163.0, 180)"
1941,388,1,XR6_x3_x1,0.0,0.0,0.0,"(1239, 1282, 0)","(1239.0, 1282.0, 0)"
1942,388,2,XM4_x3_x1,0.0,0.0,0.0,"(2196, 1893, 90)","(2196.0, 1893.0, 90)"
1943,388,3,XM3_x3_x1,0.0,0.0,0.0,"(1857, 1742, 0)","(1857.0, 1742.0, 0)"
1944,388,4,XDL_XM1_XM2_x3_x1,-10257.073652589597,9812.0,198090.55622944547,"(2344, 122, 0)","(2344.0, 122.0, 0)"
1945,389,0,XDL_XM1_XM2_x3_x1,0.0,0.0,0.0,"(1040, 1667, 90)","(1040.0, 1667.0, 90)"
1946,389,1,XM6_x3_x1,0.0,0.0,0.0,"(2169, 1219, 0)","(2169.0, 1219.0, 0)"
1947,389,2,XM4_x3_x1,0.0,0.0,0.0,"(1753, 159, 180)","(1753.0, 159.0, 180)"
1948,389,3,XM3_x3_x1,0.0,0.0,0.0,"(2056, 956, 90)","(2056.0, 881.5, 90)"
1949,389,4,XR6_x3_x1,-11890.352076494843,11397.5,242903.16930527767,"(215, 774, 90)","(215.0, 774.0, 90)"
1950,390,0,XM6_x3_x1,0.0,0.0,0.0,"(396, 33, 90)","(396.0, 33.0, 90)"
1951,390,1,XR6_x3_x1,0.0,0.0,0.0,"(2525, 157, 90)","(2525.0, 157.0, 90)"
1952,390,2,XDL_XM1_XM2_x3_x1,0.0,0.0,0.0,"(1556, 2321, 90)","(1444.5, 2321.0, 90)"
1953,390,3,XM4_x3_x1,0.0,0.0,0.0,"(2194, 1756, 0)","(2194.0, 1756.0, 0)"
1954,390,4,XM3_x3_x1,-13894.25328495579,13391.5,252760.8655338377,"(2011, 2286, 0)","(2011.0, 2286.0, 0)"
1955,391,0,XDL_XM1_XM2_x3_x1,0.0,0.0,0.0,"(1645, 72, 90)","(1645.0, -261.0, 90)"
1956,391,1,XM3_x3_x1,0.0,0.0,0.0,"(39, 388, 90)","(39.0, 351.0, 90)"
1957,391,2,XR6_x3_x1,0.0,0.0,0.0,"(104, 890, 0)","(104.0, 890.0, 0)"
1958,391,3,XM6_x3_x1,0.0,0.0,0.0,"(1544, 487, 180)","(1544.0, 487.0, 180)"
1959,391,4,XM4_x3_x1,-9077.473809677364,8712.5,133205.88175040853,"(1682, 181, 90)","(1682.0, 149.5, 90)"
1960,392,0,XR6_x3_x1,0.0,0.0,0.0,"(122, 1247, 180)","(122.0, 1247.0, 180)"
1961,392,1,XM4_x3_x1,0.0,0.0,0.0,"(47, 2459, 90)","(47.0, 2459.0, 90)"
1962,392,2,XM3_x3_x1,0.0,0.0,0.0,"(1503, 2413, 180)","(1503.0, 2413.0, 180)"
1963,392,3,XM6_x3_x1,0.0,0.0,0.0,"(1365, 1494, 0)","(1365.0, 1494.0, 0)"
1964,392,4,XDL_XM1_XM2_x3_x1,-12345.121691972341,11792.0,305943.60613034543,"(1862, 2348, 270)","(2069.5, 2348.0, 270)"
1965,393,0,XM3_x3_x1,0.0,0.0,0.0,"(827, 643, 270)","(827.0, 643.0, 270)"
1966,393,1,XDL_XM1_XM2_x3_x1,0.0,0.0,0.0,"(2173, 967, 90)","(2173.0, 967.0, 90)"
1967,393,2,XM4_x3_x1,0.0,0.0,0.0,"(2390, 1187, 0)","(2390.0, 1319.0, 0)"
1968,393,3,XR6_x3_x1,0.0,0.0,0.0,"(1107, 648, 180)","(1107.0, 648.0, 180)"
1969,393,4,XM6_x3_x1,-9958.780917547176,9488.0,221634.67232656007,"(1712, 2093, 180)","(1712.0, 2093.0, 180)"
1970,394,0,XM4_x3_x1,0.0,0.0,0.0,"(2154, 2122, 270)","(2154.0, 2122.0, 270)"
1971,394,1,XDL_XM1_XM2_x3_x1,0.0,0.0,0.0,"(1971, 1283, 90)","(1971.0, 1261.0, 90)"
1972,394,2,XM3_x3_x1,0.0,0.0,0.0,"(1567, 1613, 180)","(1567.0, 1613.0, 180)"
1973,394,3,XM6_x3_x1,0.0,0.0,0.0,"(348, 299, 180)","(348.0, 299.0, 180)"
1974,394,4,XR6_x3_x1,-12395.867225243866,11886.0,259964.58737787936,"(159, 2289, 0)","(159.0, 2289.0, 0)"
1975,395,0,XM6_x3_x1,0.0,0.0,0.0,"(20, 461, 180)","(20.0, 621.0, 180)"
1976,395,1,XM4_x3_x1,0.0,0.0,0.0,"(1231, 43, 270)","(1231.0, 43.0, 270)"
1977,395,2,XR6_x3_x1,0.0,0.0,0.0,"(341, 381, 90)","(341.0, 381.0, 90)"
1978,395,3,XDL_XM1_XM2_x3_x1,0.0,0.0,0.0,"(2113, 642, 0)","(2113.0, 642.0, 0)"
1979,395,4,XM3_x3_x1,-12642.060291894575,12044.0,357676.11274102476,"(2231, 806, 0)","(2523.5, 806.0, 0)"
1980,396,0,XR6_x3_x1,0.0,0.0,0.0,"(1977, 128, 180)","(1977.0, 128.0, 180)"
1981,396,1,XDL_XM1_XM2_x3_x1,0.0,0.0,0.0,"(432, 443, 90)","(432.0, 443.0, 90)"
1982,396,2,XM4_x3_x1,0.0,0.0,0.0,"(1173, 1415, 180)","(1173.0, 1415.0, 180)"
1983,396,3,XM3_x3_x1,0.0,0.0,0.0,"(2363, 1878, 270)","(2363.0, 1878.0, 270)"
1984,396,4,XM6_x3_x1,-14971.444964119692,14340.0,398722.7427121192,"(568, 2231, 270)","(568.0, 2231.0, 270)"
1985,397,0,XM3_x3_x1,0.0,0.0,0.0,"(939, 2093, 180)","(939.0, 2093.0, 180)"
1986,397,1,XDL_XM1_XM2_x3_x1,0.0,0.0,0.0,"(1561, 1192, 90)","(1561.0, 1192.0, 90)"
1987,397,2,XM4_x3_x1,0.0,0.0,0.0,"(1473, 149, 0)","(1473.0, 149.0, 0)"
1988,397,3,XM6_x3_x1,0.0,0.0,0.0,"(370, 1385, 180)","(370.0, 1385.0, 180)"
1989,397,4,XR6_x3_x1,-10855.55183771725,10409.0,199408.5437686537,"(941, 1363, 180)","(941.0, 1363.0, 180)"
1990,398,0,XR6_x3_x1,0.0,0.0,0.0,"(2548, 1451, 0)","(2548.0, 1451.0, 0)"
1991,398,1,XM4_x3_x1,0.0,0.0,0.0,"(1930, 2593, 90)","(1930.0, 2593.0, 90)"
1992,398,2,XM6_x3_x1,0.0,0.0,0.0,"(2052, 511, 0)","(2052.0, 511.0, 0)"
1993,398,3,XM3_x3_x1,0.0,0.0,0.0,"(711, 2171, 90)","(711.0, 2171.0, 90)"
1994,398,4,XDL_XM1_XM2_x3_x1,-16457.451745548675,15779.0,460296.771038044,"(206, 504, 90)","(206.0, 504.0, 90)"
1995,399,0,XDL_XM1_XM2_x3_x1,0.0,0.0,0.0,"(2143, 1599, 180)","(2143.0, 1599.0, 180)"
1996,399,1,XM3_x3_x1,0.0,0.0,0.0,"(204, 1087, 270)","(204.0, 1087.0, 270)"
1997,399,2,XR6_x3_x1,0.0,0.0,0.0,"(215, 1159, 180)","(-36.0, 1159.0, 180)"
1998,399,3,XM4_x3_x1,0.0,0.0,0.0,"(622, 385, 270)","(622.0, 385.0, 270)"
1999,399,4,XM6_x3_x1,-12048.335283456303,11515.0,284446.52457941556,"(2364, 501, 90)","(2364.0, 501.0, 90)"
2000,400,0,XM4_x3_x1,0.0,0.0,0.0,"(2197, 1005, 90)","(2197.0, 1005.0, 90)"
2001,400,1,XM3_x3_x1,0.0,0.0,0.0,"(962, 148, 90)","(962.0, 148.0, 90)"
2002,400,2,XR6_x3_x1,0.0,0.0,0.0,"(411, 1824, 180)","(411.0, 1824.0, 180)"
2003,400,3,XM6_x3_x1,0.0,0.0,0.0,"(2001, 1839, 0)","(2001.0, 1839.0, 0)"
2004,400,4,XDL_XM1_XM2_x3_x1,-13271.028717603922,12724.0,299240.4178833919,"(1479, 1966, 180)","(1479.0, 1966.0, 180)"
2005,401,0,XM3_x3_x1,0.0,0.0,0.0,"(1383, 1510, 90)","(1383.0, 1510.0, 90)"
2006,401,1,XR6_x3_x1,0.0,0.0,0.0,"(162, 1995, 180)","(162.0, 1995.0, 180)"
2007,401,2,XDL_XM1_XM2_x3_x1,0.0,0.0,0.0,"(584, 1178, 0)","(584.0, 1178.0, 0)"
2008,401,3,XM4_x3_x1,0.0,0.0,0.0,"(1979, 1011, 180)","(1979.0, 1011.0, 180)"
2009,401,4,XM6_x3_x1,-12118.10869357314,11611.0,257159.2270974569,"(1914, 278, 180)","(1914.0, 278.0, 180)"
2010,402,0,XM6_x3_x1,0.0,0.0,0.0,"(1160, 1812, 90)","(1160.0, 1812.0, 90)"
2011,402,1,XDL_XM1_XM2_x3_x1,0.0,0.0,0.0,"(145, 1607, 90)","(145.0, 1574.0, 90)"
2012,402,2,XM3_x3_x1,0.0,0.0,0.0,"(28, 347, 270)","(28.0, 347.0, 270)"
2013,402,3,XR6_x3_x1,0.0,0.0,0.0,"(813, 1887, 90)","(679.5, 1887.0, 90)"
2014,402,4,XM4_x3_x1,-14295.187201976574,13642.5,426000.5836240097,"(2208, 1540, 0)","(2208.0, 1540.0, 0)"
2015,403,0,XM4_x3_x1,0.0,0.0,0.0,"(2375, 1166, 270)","(2375.0, 1166.0, 270)"
2016,403,1,XDL_XM1_XM2_x3_x1,0.0,0.0,0.0,"(1121, 2440, 270)","(1121.0, 2440.0, 270)"
2017,403,2,XR6_x3_x1,0.0,0.0,0.0,"(585, 1104, 180)","(585.0, 1104.0, 180)"
2018,403,3,XM6_x3_x1,0.0,0.0,0.0,"(1023, 436, 270)","(1023.0, 436.0, 270)"
2019,403,4,XM3_x3_x1,-12988.195681927094,12460.0,278990.6784064277,"(640, 327, 90)","(640.0, 327.0, 90)"
2020,404,0,XM4_x3_x1,0.0,0.0,0.0,"(642, 2207, 0)","(642.0, 2207.0, 0)"
2021,404,1,XM6_x3_x1,0.0,0.0,0.0,"(674, 1099, 180)","(674.0, 1099.0, 180)"
2022,404,2,XM3_x3_x1,0.0,0.0,0.0,"(1165, 429, 90)","(1165.0, 429.0, 90)"
2023,404,3,XDL_XM1_XM2_x3_x1,0.0,0.0,0.0,"(1127, 1239, 180)","(1127.0, 1239.0, 180)"
2024,404,4,XR6_x3_x1,-11893.356146578228,11318.0,331034.6954053472,"(86, 2429, 270)","(86.0, 2429.0, 270)"
2025,405,0,XM3_x3_x1,0.0,0.0,0.0,"(332, 679, 180)","(332.0, 679.0, 180)"
2026,405,1,XDL_XM1_XM2_x3_x1,0.0,0.0,0.0,"(1766, 2160, 270)","(1766.0, 2160.0, 270)"
2027,405,2,XR6_x3_x1,0.0,0.0,0.0,"(1652, 820, 90)","(1652.0, 820.0, 90)"
2028,405,3,XM6_x3_x1,0.0,0.0,0.0,"(604, 2220, 90)","(604.0, 2220.0, 90)"
2029,405,4,XM4_x3_x1,-12124.626634962204,11546.0,334808.78268768365,"(312, 2159, 90)","(312.0, 2159.0, 90)"
2030,406,0,XM4_x3_x1,0.0,0.0,0.0,"(737, 2098, 90)","(737.0, 2098.0, 90)"
2031,406,1,XR6_x3_x1,0.0,0.0,0.0,"(2602, 2540, 90)","(2602.0, 2540.0, 90)"
2032,406,2,XDL_XM1_XM2_x3_x1,0.0,0.0,0.0,"(1136, 1630, 0)","(1136.0, 1630.0, 0)"
2033,406,3,XM3_x3_x1,0.0,0.0,0.0,"(373, 1551, 270)","(373.0, 1551.0, 270)"
2034,406,4,XM6_x3_x1,-10909.8388422536,10378.0,282852.5541296509,"(1351, 2264, 270)","(1351.0, 2264.0, 270)"
2035,407,0,XDL_XM1_XM2_x3_x1,0.0,0.0,0.0,"(249, 1739, 270)","(249.0, 1739.0, 270)"
2036,407,1,XM4_x3_x1,0.0,0.0,0.0,"(1078, 1351, 90)","(1078.0, 1351.0, 90)"
2037,407,2,XM6_x3_x1,0.0,0.0,0.0,"(1407, 1262, 180)","(1415.5, 1262.0, 180)"
2038,407,3,XM3_x3_x1,0.0,0.0,0.0,"(1083, 2275, 270)","(1083.0, 2275.0, 270)"
2039,407,4,XR6_x3_x1,-9037.520932097112,8649.5,150560.24374551116,"(1959, 1173, 180)","(1959.0, 1173.0, 180)"
2040,408,0,XR6_x3_x1,0.0,0.0,0.0,"(2268, 2090, 270)","(2268.0, 2090.0, 270)"
2041,408,1,XM3_x3_x1,0.0,0.0,0.0,"(1920, 1181, 90)","(1920.0, 1181.0, 90)"
2042,408,2,XM4_x3_x1,0.0,0.0,0.0,"(2152, 1623, 90)","(2152.0, 1623.0, 90)"
2043,408,3,XM6_x3_x1,0.0,0.0,0.0,"(2244, 417, 90)","(2244.0, 417.0, 90)"
2044,408,4,XDL_XM1_XM2_x3_x1,-10410.65807268122,9983.0,182891.42712941577,"(753, 917, 90)","(753.0, 917.0, 90)"
2045,409,0,XM6_x3_x1,0.0,0.0,0.0,"(2585, 1163, 270)","(2585.0, 1163.0, 270)"
2046,409,1,XM3_x3_x1,0.0,0.0,0.0,"(1239, 561, 180)","(1239.0, 561.0, 180)"
2047,409,2,XR6_x3_x1,0.0,0.0,0.0,"(1748, 1260, 0)","(1748.0, 1260.0, 0)"
2048,409,3,XDL_XM1_XM2_x3_x1,0.0,0.0,0.0,"(187, 984, 180)","(187.0, 984.0, 180)"
2049,409,4,XM4_x3_x1,-12631.84266772794,12115.0,267126.3431841339,"(1982, 2056, 90)","(1982.0, 2056.0, 90)"
2050,410,0,XDL_XM1_XM2_x3_x1,0.0,0.0,0.0,"(2078, 340, 270)","(2078.0, 340.0, 270)"
2051,410,1,XM4_x3_x1,0.0,0.0,0.0,"(447, 907, 90)","(447.0, 907.0, 90)"
2052,410,2,XR6_x3_x1,0.0,0.0,0.0,"(2158, 350, 90)","(2158.0, 27.0, 90)"
2053,410,3,XM3_x3_x1,0.0,0.0,0.0,"(485, 2206, 90)","(485.0, 2468.0, 90)"
2054,410,4,XM6_x3_x1,-18039.854060798887,17204.0,698652.0109539892,"(649, 2072, 90)","(649.0, 2072.0, 90)"
2055,411,0,XM4_x3_x1,0.0,0.0,0.0,"(928, 1079, 180)","(928.0, 1079.0, 180)"
2056,411,1,XM3_x3_x1,0.0,0.0,0.0,"(1146, 603, 0)","(1146.0, 603.0, 0)"
2057,411,2,XR6_x3_x1,0.0,0.0,0.0,"(2515, 523, 90)","(2515.0, 523.0, 90)"
2058,411,3,XM6_x3_x1,0.0,0.0,0.0,"(408, 2146, 90)","(408.0, 2146.0, 90)"
2059,411,4,XDL_XM1_XM2_x3_x1,-10631.272425431996,10263.0,135624.57933356552,"(16, 926, 180)","(16.0, 926.0, 180)"
2060,412,0,XM3_x3_x1,0.0,0.0,0.0,"(2542, 1717, 90)","(2542.0, 1717.0, 90)"
2061,412,1,XM4_x3_x1,0.0,0.0,0.0,"(1595, 2474, 180)","(1595.0, 2474.0, 180)"
2062,412,2,XDL_XM1_XM2_x3_x1,0.0,0.0,0.0,"(98, 1965, 90)","(98.0, 1965.0, 90)"
2063,412,3,XR6_x3_x1,0.0,0.0,0.0,"(2575, 1682, 90)","(2575.0, 2015.5, 90)"
2064,412,4,XM6_x3_x1,-11576.277517057008,11129.5,199610.14974762415,"(1511, 1089, 0)","(1511.0, 1089.0, 0)"
2065,413,0,XDL_XM1_XM2_x3_x1,0.0,0.0,0.0,"(142, 2123, 270)","(142.0, 2152.5, 270)"
2066,413,1,XM6_x3_x1,0.0,0.0,0.0,"(281, 1742, 90)","(281.0, 1742.0, 90)"
2067,413,2,XM3_x3_x1,0.0,0.0,0.0,"(1301, 1965, 180)","(1301.0, 1965.0, 180)"
2068,413,3,XM4_x3_x1,0.0,0.0,0.0,"(1774, 101, 180)","(1774.0, 101.0, 180)"
2069,413,4,XR6_x3_x1,-13370.522970895483,12780.0,348717.37915522646,"(1109, 1178, 270)","(1109.0, 1178.0, 270)"
2070,414,0,XR6_x3_x1,0.0,0.0,0.0,"(2007, 1405, 180)","(2007.0, 1405.0, 180)"
2071,414,1,XDL_XM1_XM2_x3_x1,0.0,0.0,0.0,"(1171, 1523, 180)","(1171.0, 1523.0, 180)"
2072,414,2,XM3_x3_x1,0.0,0.0,0.0,"(1298, 372, 270)","(1298.0, 372.0, 270)"
2073,414,3,XM6_x3_x1,0.0,0.0,0.0,"(1488, 1168, 270)","(1523.0, 1168.0, 270)"
2074,414,4,XM4_x3_x1,-12722.289539293673,12171.0,303920.15613463067,"(165, 2164, 270)","(165.0, 2164.0, 270)"
2075,415,0,XR6_x3_x1,0.0,0.0,0.0,"(1173, 1198, 270)","(1074.5, 1198.0, 270)"
2076,415,1,XDL_XM1_XM2_x3_x1,0.0,0.0,0.0,"(1784, 1290, 270)","(1784.0, 1290.0, 270)"
2077,415,2,XM6_x3_x1,0.0,0.0,0.0,"(1179, 2376, 90)","(1179.0, 2376.0, 90)"
2078,415,3,XM4_x3_x1,0.0,0.0,0.0,"(2239, 856, 90)","(2239.0, 856.0, 90)"
2079,415,4,XM3_x3_x1,-10473.898746893807,9993.5,230782.95601713943,"(691, 1278, 180)","(535.5, 1278.0, 180)"
2080,416,0,XM4_x3_x1,0.0,0.0,0.0,"(1669, 1387, 180)","(1827.5, 1387.0, 180)"
2081,416,1,XM6_x3_x1,0.0,0.0,0.0,"(753, 822, 90)","(753.0, 822.0, 90)"
2082,416,2,XDL_XM1_XM2_x3_x1,0.0,0.0,0.0,"(1417, 1626, 0)","(1417.0, 1626.0, 0)"
2083,416,3,XR6_x3_x1,0.0,0.0,0.0,"(1725, 976, 270)","(1725.0, 976.0, 270)"
2084,416,4,XM3_x3_x1,-11525.736077869651,10914.0,374221.02896734286,"(231, 1877, 180)","(231.0, 1877.0, 180)"
2085,417,0,XM4_x3_x1,0.0,0.0,0.0,"(1586, 1645, 180)","(1586.0, 1645.0, 180)"
2086,417,1,XDL_XM1_XM2_x3_x1,0.0,0.0,0.0,"(1692, 1757, 0)","(1996.5, 1757.0, 0)"
2087,417,2,XM6_x3_x1,0.0,0.0,0.0,"(2184, 1137, 0)","(2184.0, 1137.0, 0)"
2088,417,3,XM3_x3_x1,0.0,0.0,0.0,"(2217, 689, 0)","(2217.0, 689.0, 0)"
2089,417,4,XR6_x3_x1,-10609.348448167235,10074.5,286062.8625068986,"(621, 1590, 90)","(621.0, 1590.0, 90)"
2090,418,0,XM4_x3_x1,0.0,0.0,0.0,"(182, 1679, 0)","(182.0, 1679.0, 0)"
2091,418,1,XM6_x3_x1,0.0,0.0,0.0,"(1833, 1918, 270)","(1833.0, 1918.0, 270)"
2092,418,2,XR6_x3_x1,0.0,0.0,0.0,"(1451, 2306, 180)","(1451.0, 2306.0, 180)"
2093,418,3,XDL_XM1_XM2_x3_x1,0.0,0.0,0.0,"(632, 2560, 180)","(632.0, 2560.0, 180)"
2094,418,4,XM3_x3_x1,-12854.279452860073,12232.0,387231.71745183214,"(2162, 1318, 90)","(2162.0, 1318.0, 90)"
2095,419,0,XDL_XM1_XM2_x3_x1,0.0,0.0,0.0,"(1927, 2529, 270)","(1927.0, 2534.5, 270)"
2096,419,1,XM6_x3_x1,0.0,0.0,0.0,"(1740, 2124, 90)","(1740.0, 2124.0, 90)"
2097,419,2,XM4_x3_x1,0.0,0.0,0.0,"(1156, 2134, 180)","(1156.0, 2134.0, 180)"
2098,419,3,XM3_x3_x1,0.0,0.0,0.0,"(2402, 644, 270)","(2402.0, 644.0, 270)"
2099,419,4,XR6_x3_x1,-15774.309992264076,15073.0,491835.7052494382,"(155, 1951, 180)","(155.0, 1951.0, 180)"
2100,420,0,XM3_x3_x1,0.0,0.0,0.0,"(844, 880, 90)","(844.0, 880.0, 90)"
2101,420,1,XDL_XM1_XM2_x3_x1,0.0,0.0,0.0,"(897, 1963, 270)","(897.0, 1963.0, 270)"
2102,420,2,XM4_x3_x1,0.0,0.0,0.0,"(8, 219, 90)","(8.0, 219.0, 90)"
2103,420,3,XR6_x3_x1,0.0,0.0,0.0,"(1618, 423, 90)","(1618.0, 423.0, 90)"
2104,420,4,XM6_x3_x1,-12910.186343739257,12429.0,231540.2974011545,"(2541, 800, 180)","(2541.0, 800.0, 180)"
2105,421,0,XM4_x3_x1,0.0,0.0,0.0,"(1936, 2307, 90)","(1936.0, 2307.0, 90)"
2106,421,1,XDL_XM1_XM2_x3_x1,0.0,0.0,0.0,"(2032, 957, 90)","(2032.0, 957.0, 90)"
2107,421,2,XR6_x3_x1,0.0,0.0,0.0,"(921, 2102, 90)","(921.0, 2102.0, 90)"
2108,421,3,XM6_x3_x1,0.0,0.0,0.0,"(1847, 56, 90)","(1847.0, 56.0, 90)"
2109,421,4,XM3_x3_x1,-15491.364277131792,14814.0,458822.3639342757,"(279, 196, 270)","(279.0, 196.0, 270)"
2110,422,0,XM4_x3_x1,0.0,0.0,0.0,"(2073, 1771, 270)","(1822.0, 1771.0, 270)"
2111,422,1,XDL_XM1_XM2_x3_x1,0.0,0.0,0.0,"(2412, 493, 90)","(2412.0, 493.0, 90)"
2112,422,2,XM6_x3_x1,0.0,0.0,0.0,"(2385, 2333, 90)","(2385.0, 2333.0, 90)"
2113,422,3,XR6_x3_x1,0.0,0.0,0.0,"(2062, 1696, 180)","(2062.0, 1874.5, 180)"
2114,422,4,XM3_x3_x1,-7677.2504986826525,7314.5,131587.92429451284,"(2112, 1394, 180)","(2112.0, 1394.0, 180)"
2115,423,0,XDL_XM1_XM2_x3_x1,0.0,0.0,0.0,"(527, 746, 90)","(527.0, 746.0, 90)"
2116,423,1,XR6_x3_x1,0.0,0.0,0.0,"(1432, 215, 90)","(1432.0, 215.0, 90)"
2117,423,2,XM4_x3_x1,0.0,0.0,0.0,"(1897, 495, 270)","(1912.5, 495.0, 270)"
2118,423,3,XM6_x3_x1,0.0,0.0,0.0,"(289, 1789, 180)","(289.0, 1789.0, 180)"
2119,423,4,XM3_x3_x1,-11763.013572434895,11237.0,276690.27838572045,"(2173, 1017, 90)","(2173.0, 1017.0, 90)"
2120,424,0,XM6_x3_x1,0.0,0.0,0.0,"(1598, 490, 90)","(1598.0, 490.0, 90)"
2121,424,1,XM3_x3_x1,0.0,0.0,0.0,"(633, 292, 90)","(633.0, 292.0, 90)"
2122,424,2,XR6_x3_x1,0.0,0.0,0.0,"(1333, 1878, 0)","(1333.0, 1878.0, 0)"
2123,424,3,XM4_x3_x1,0.0,0.0,0.0,"(2206, 941, 90)","(2206.0, 941.0, 90)"
2124,424,4,XDL_XM1_XM2_x3_x1,-14312.243885930136,13656.0,430656.03782068565,"(1388, 2083, 270)","(1388.0, 2431.5, 270)"
2125,425,0,XM6_x3_x1,0.0,0.0,0.0,"(636, 2111, 90)","(310.0, 2111.0, 90)"
2126,425,1,XR6_x3_x1,0.0,0.0,0.0,"(2147, 452, 180)","(2147.0, 452.0, 180)"
2127,425,2,XDL_XM1_XM2_x3_x1,0.0,0.0,0.0,"(662, 1959, 0)","(662.0, 1959.0, 0)"
2128,425,3,XM4_x3_x1,0.0,0.0,0.0,"(2224, 2174, 0)","(2224.0, 2174.0, 0)"
2129,425,4,XM3_x3_x1,-12377.60958889116,11872.0,255641.05637868887,"(1777, 2404, 180)","(1777.0, 2404.0, 180)"
2130,426,0,XM4_x3_x1,0.0,0.0,0.0,"(2428, 47, 270)","(2428.0, 47.0, 270)"
2131,426,1,XM6_x3_x1,0.0,0.0,0.0,"(2231, 395, 0)","(2231.0, 395.0, 0)"
2132,426,2,XR6_x3_x1,0.0,0.0,0.0,"(2353, 2149, 180)","(2353.0, 2149.0, 180)"
2133,426,3,XDL_XM1_XM2_x3_x1,0.0,0.0,0.0,"(869, 602, 270)","(869.0, 602.0, 270)"
2134,426,4,XM3_x3_x1,-13471.834100640312,12925.0,299027.5336230989,"(990, 1065, 90)","(990.0, 1065.0, 90)"
2135,427,0,XR6_x3_x1,0.0,0.0,0.0,"(82, 1495, 270)","(38.5, 1495.0, 270)"
2136,427,1,XDL_XM1_XM2_x3_x1,0.0,0.0,0.0,"(1634, 1422, 90)","(1634.0, 1422.0, 90)"
2137,427,2,XM6_x3_x1,0.0,0.0,0.0,"(2442, 2138, 90)","(2442.0, 2138.0, 90)"
2138,427,3,XM4_x3_x1,0.0,0.0,0.0,"(519, 1583, 270)","(519.0, 1583.0, 270)"
2139,427,4,XM3_x3_x1,-11974.949424019862,11485.0,240050.43809739442,"(391, 621, 180)","(391.0, 621.0, 180)"
2140,428,0,XM4_x3_x1,0.0,0.0,0.0,"(172, 30, 270)","(172.0, 30.0, 270)"
2141,428,1,XM6_x3_x1,0.0,0.0,0.0,"(1998, 924, 0)","(1998.0, 924.0, 0)"
2142,428,2,XDL_XM1_XM2_x3_x1,0.0,0.0,0.0,"(490, 1479, 180)","(490.0, 1479.0, 180)"
2143,428,3,XR6_x3_x1,0.0,0.0,0.0,"(321, 1443, 90)","(-63.5, 1443.0, 90)"
2144,428,4,XM3_x3_x1,-13364.205042991984,12778.0,343636.35242923326,"(1413, 1017, 180)","(1413.0, 1017.0, 180)"
2145,429,0,XM4_x3_x1,0.0,0.0,0.0,"(1266, 2229, 0)","(1266.0, 2496.0, 0)"
2146,429,1,XM6_x3_x1,0.0,0.0,0.0,"(1301, 2217, 0)","(1301.0, 2217.0, 0)"
2147,429,2,XM3_x3_x1,0.0,0.0,0.0,"(422, 1195, 270)","(422.0, 1195.0, 270)"
2148,429,3,XDL_XM1_XM2_x3_x1,0.0,0.0,0.0,"(2115, 2076, 180)","(2115.0, 2076.0, 180)"
2149,429,4,XR6_x3_x1,-11364.105526395178,10813.0,303717.30122330587,"(1738, 1338, 90)","(1738.0, 1338.0, 90)"
2150,430,0,XM6_x3_x1,0.0,0.0,0.0,"(2183, 287, 0)","(2183.0, 287.0, 0)"
2151,430,1,XDL_XM1_XM2_x3_x1,0.0,0.0,0.0,"(411, 1861, 270)","(411.0, 1861.0, 270)"
2152,430,2,XR6_x3_x1,0.0,0.0,0.0,"(1956, 1917, 270)","(1956.0, 1917.0, 270)"
2153,430,3,XM3_x3_x1,0.0,0.0,0.0,"(1655, 1087, 180)","(1655.0, 1087.0, 180)"
2154,430,4,XM4_x3_x1,-12810.37482375532,12317.0,243418.71671559344,"(2157, 2570, 90)","(2157.0, 2570.0, 90)"
2155,431,0,XR6_x3_x1,0.0,0.0,0.0,"(592, 1797, 270)","(592.0, 1797.0, 270)"
2156,431,1,XDL_XM1_XM2_x3_x1,0.0,0.0,0.0,"(2091, 486, 270)","(2091.0, 486.0, 270)"
2157,431,2,XM6_x3_x1,0.0,0.0,0.0,"(295, 1241, 270)","(295.0, 1241.0, 270)"
2158,431,3,XM4_x3_x1,0.0,0.0,0.0,"(2582, 142, 180)","(2582.0, 134.0, 180)"
2159,431,4,XM3_x3_x1,-13713.10308476781,13164.0,301514.19770152465,"(263, 270, 90)","(263.0, 270.0, 90)"
2160,432,0,XDL_XM1_XM2_x3_x1,0.0,0.0,0.0,"(510, 1494, 90)","(510.0, 1494.0, 90)"
2161,432,1,XM3_x3_x1,0.0,0.0,0.0,"(1903, 2039, 270)","(1903.0, 2039.0, 270)"
2162,432,2,XM6_x3_x1,0.0,0.0,0.0,"(661, 294, 270)","(661.0, 294.0, 270)"
2163,432,3,XR6_x3_x1,0.0,0.0,0.0,"(2158, 1808, 180)","(2158.0, 1808.0, 180)"
2164,432,4,XM4_x3_x1,-10844.61015016714,10364.0,230986.1164436814,"(456, 954, 270)","(456.0, 954.0, 270)"
2165,433,0,XM4_x3_x1,0.0,0.0,0.0,"(2089, 236, 0)","(2089.0, 236.0, 0)"
2166,433,1,XM3_x3_x1,0.0,0.0,0.0,"(1363, 1215, 180)","(1363.0, 1215.0, 180)"
2167,433,2,XM6_x3_x1,0.0,0.0,0.0,"(2327, 1784, 0)","(2327.0, 1784.0, 0)"
2168,433,3,XR6_x3_x1,0.0,0.0,0.0,"(736, 2256, 180)","(736.0, 2256.0, 180)"
2169,433,4,XDL_XM1_XM2_x3_x1,-12916.67169404525,12343.0,329099.21254874696,"(1059, 1786, 0)","(1059.0, 1786.0, 0)"
2170,434,0,XM3_x3_x1,0.0,0.0,0.0,"(110, 247, 270)","(110.0, 247.0, 270)"
2171,434,1,XR6_x3_x1,0.0,0.0,0.0,"(529, 897, 0)","(529.0, 897.0, 0)"
2172,434,2,XDL_XM1_XM2_x3_x1,0.0,0.0,0.0,"(554, 1106, 180)","(842.0, 1106.0, 180)"
2173,434,3,XM6_x3_x1,0.0,0.0,0.0,"(65, 1740, 0)","(65.0, 1740.0, 0)"
2174,434,4,XM4_x3_x1,-8512.228539223059,8075.0,191168.79551112943,"(521, 133, 0)","(521.0, 133.0, 0)"
2175,435,0,XDL_XM1_XM2_x3_x1,0.0,0.0,0.0,"(566, 492, 180)","(566.0, 404.5, 180)"
2176,435,1,XM3_x3_x1,0.0,0.0,0.0,"(635, 971, 270)","(635.0, 971.0, 270)"
2177,435,2,XM6_x3_x1,0.0,0.0,0.0,"(1981, 571, 270)","(1981.0, 571.0, 270)"
2178,435,3,XM4_x3_x1,0.0,0.0,0.0,"(1600, 1782, 90)","(1600.0, 1782.0, 90)"
2179,435,4,XR6_x3_x1,-10634.64344727771,10138.5,246158.32027660962,"(646, 317, 180)","(879.0, 317.0, 180)"
2180,436,0,XM6_x3_x1,0.0,0.0,0.0,"(2214, 784, 0)","(2214.0, 751.0, 0)"
2181,436,1,XM4_x3_x1,0.0,0.0,0.0,"(1130, 521, 180)","(1130.0, 521.0, 180)"
2182,436,2,XDL_XM1_XM2_x3_x1,0.0,0.0,0.0,"(2324, 1116, 180)","(2624.5, 1116.0, 180)"
2183,436,3,XM3_x3_x1,0.0,0.0,0.0,"(1018, 2418, 270)","(1018.0, 2418.0, 270)"
2184,436,4,XR6_x3_x1,-13567.199241166009,12921.0,417573.45928352483,"(1962, 991, 90)","(1962.0, 991.0, 90)"
2185,437,0,XM3_x3_x1,0.0,0.0,0.0,"(1289, 1983, 180)","(1289.0, 1983.0, 180)"
2186,437,1,XM6_x3_x1,0.0,0.0,0.0,"(391, 2087, 270)","(391.0, 2087.0, 270)"
2187,437,2,XDL_XM1_XM2_x3_x1,0.0,0.0,0.0,"(443, 1362, 0)","(443.0, 1362.0, 0)"
2188,437,3,XR6_x3_x1,0.0,0.0,0.0,"(2236, 1609, 90)","(2480.0, 1609.0, 90)"
2189,437,4,XM4_x3_x1,-10249.749631291848,9759.0,240835.2006130852,"(1941, 1601, 180)","(1941.0, 1601.0, 180)"
2190,438,0,XM6_x3_x1,0.0,0.0,0.0,"(2302, 604, 180)","(2302.0, 604.0, 180)"
2191,438,1,XR6_x3_x1,0.0,0.0,0.0,"(945, 2239, 0)","(945.0, 2239.0, 0)"
2192,438,2,XM4_x3_x1,0.0,0.0,0.0,"(585, 1729, 270)","(585.0, 1729.0, 270)"
2193,438,3,XM3_x3_x1,0.0,0.0,0.0,"(2286, 2063, 0)","(2286.0, 2063.0, 0)"
2194,438,4,XDL_XM1_XM2_x3_x1,-14144.737449241597,13560.0,341917.88454556925,"(2574, 405, 270)","(2574.0, 252.0, 270)"
2195,439,0,XM3_x3_x1,0.0,0.0,0.0,"(1173, 1291, 180)","(1006.5, 1291.0, 180)"
2196,439,1,XDL_XM1_XM2_x3_x1,0.0,0.0,0.0,"(1573, 1571, 90)","(1573.0, 1571.0, 90)"
2197,439,2,XM6_x3_x1,0.0,0.0,0.0,"(2013, 537, 0)","(2013.0, 537.0, 0)"
2198,439,3,XR6_x3_x1,0.0,0.0,0.0,"(1330, 283, 180)","(1330.0, 283.0, 180)"
2199,439,4,XM4_x3_x1,-9169.042063853074,8699.5,220469.7497274037,"(1259, 312, 270)","(1090.0, 312.0, 270)"
2200,440,0,XM6_x3_x1,0.0,0.0,0.0,"(642, 606, 180)","(642.0, 606.0, 180)"
2201,440,1,XR6_x3_x1,0.0,0.0,0.0,"(1060, 151, 270)","(1060.0, 151.0, 270)"
2202,440,2,XM3_x3_x1,0.0,0.0,0.0,"(1407, 318, 0)","(1599.0, 318.0, 0)"
2203,440,3,XDL_XM1_XM2_x3_x1,0.0,0.0,0.0,"(333, 2100, 180)","(333.0, 2100.0, 180)"
2204,440,4,XM4_x3_x1,-11629.140393068445,11122.0,257191.37828161637,"(1772, 1737, 180)","(1772.0, 1737.0, 180)"
2205,441,0,XDL_XM1_XM2_x3_x1,0.0,0.0,0.0,"(2136, 1525, 180)","(2136.0, 1525.0, 180)"
2206,441,1,XM3_x3_x1,0.0,0.0,0.0,"(1872, 543, 90)","(1872.0, 543.0, 90)"
2207,441,2,XM4_x3_x1,0.0,0.0,0.0,"(2134, 1665, 90)","(1784.0, 1665.0, 90)"
2208,441,3,XM6_x3_x1,0.0,0.0,0.0,"(1166, 1444, 270)","(1166.0, 1444.0, 270)"
2209,441,4,XR6_x3_x1,-9375.114374622768,8875.0,250114.38770432316,"(2256, 1674, 90)","(2256.0, 1994.0, 90)"
2210,442,0,XDL_XM1_XM2_x3_x1,0.0,0.0,0.0,"(2121, 1960, 180)","(2121.0, 1960.0, 180)"
2211,442,1,XM3_x3_x1,0.0,0.0,0.0,"(1660, 2079, 90)","(1660.0, 2079.0, 90)"
2212,442,2,XM4_x3_x1,0.0,0.0,0.0,"(1015, 2199, 180)","(1015.0, 2199.0, 180)"
2213,442,3,XR6_x3_x1,0.0,0.0,0.0,"(652, 2182, 0)","(652.0, 2182.0, 0)"
2214,442,4,XM6_x3_x1,-8094.5152541083335,7715.0,144031.82810091294,"(2411, 2382, 270)","(2473.0, 2382.0, 270)"
2215,443,0,XM4_x3_x1,0.0,0.0,0.0,"(1480, 2007, 270)","(1480.0, 2007.0, 270)"
2216,443,1,XM3_x3_x1,0.0,0.0,0.0,"(2215, 2095, 90)","(2215.0, 2095.0, 90)"
2217,443,2,XM6_x3_x1,0.0,0.0,0.0,"(562, 611, 0)","(562.0, 611.0, 0)"
2218,443,3,XR6_x3_x1,0.0,0.0,0.0,"(2264, 2453, 0)","(2264.0, 2634.0, 0)"
2219,443,4,XDL_XM1_XM2_x3_x1,-11681.870127587836,11175.0,256917.32624090917,"(723, 1221, 0)","(723.0, 1221.0, 0)"
2220,444,0,XM4_x3_x1,0.0,0.0,0.0,"(474, 440, 0)","(474.0, 440.0, 0)"
2221,444,1,XDL_XM1_XM2_x3_x1,0.0,0.0,0.0,"(1879, 1282, 270)","(1879.0, 1260.5, 270)"
2222,444,2,XM6_x3_x1,0.0,0.0,0.0,"(1630, 1671, 90)","(1630.0, 1671.0, 90)"
2223,444,3,XM3_x3_x1,0.0,0.0,0.0,"(111, 641, 180)","(78.0, 641.0, 180)"
2224,444,4,XR6_x3_x1,-13018.38810486381,12414.5,364680.8431960039,"(2224, 718, 180)","(2224.0, 707.0, 180)"
2225,445,0,XR6_x3_x1,0.0,0.0,0.0,"(1125, 2294, 270)","(1125.0, 2294.0, 270)"
2226,445,1,XM3_x3_x1,0.0,0.0,0.0,"(1800, 1554, 90)","(1800.0, 1554.0, 90)"
2227,445,2,XM6_x3_x1,0.0,0.0,0.0,"(867, 1699, 180)","(867.0, 1699.0, 180)"
2228,445,3,XM4_x3_x1,0.0,0.0,0.0,"(650, 2368, 90)","(644.5, 2368.0, 90)"
2229,445,4,XDL_XM1_XM2_x3_x1,-10441.116596065356,9946.5,244645.57710327915,"(292, 998, 180)","(292.0, 998.0, 180)"
2230,446,0,XM3_x3_x1,0.0,0.0,0.0,"(63, 81, 0)","(63.0, 81.0, 0)"
2231,446,1,XDL_XM1_XM2_x3_x1,0.0,0.0,0.0,"(901, 649, 270)","(901.0, 649.0, 270)"
2232,446,2,XM4_x3_x1,0.0,0.0,0.0,"(848, 553, 180)","(848.0, 297.0, 180)"
2233,446,3,XR6_x3_x1,0.0,0.0,0.0,"(2151, 1087, 180)","(2151.0, 1087.0, 180)"
2234,446,4,XM6_x3_x1,-13449.621037280276,12844.0,366776.84079643735,"(2571, 703, 180)","(2571.0, 703.0, 180)"
2235,447,0,XM4_x3_x1,0.0,0.0,0.0,"(2318, 563, 0)","(2318.0, 563.0, 0)"
2236,447,1,XM6_x3_x1,0.0,0.0,0.0,"(2064, 1959, 180)","(2064.0, 1959.0, 180)"
2237,447,2,XM3_x3_x1,0.0,0.0,0.0,"(1224, 2472, 90)","(864.0, 2472.0, 90)"
2238,447,3,XDL_XM1_XM2_x3_x1,0.0,0.0,0.0,"(1372, 2483, 90)","(1372.0, 2483.0, 90)"
2239,447,4,XR6_x3_x1,-15588.045748261731,14992.0,355270.5340208866,"(244, 108, 180)","(244.0, 108.0, 180)"
2240,448,0,XM3_x3_x1,0.0,0.0,0.0,"(1229, 182, 0)","(1229.0, 182.0, 0)"
2241,448,1,XDL_XM1_XM2_x3_x1,0.0,0.0,0.0,"(1201, 1218, 270)","(1201.0, 1218.0, 270)"
2242,448,2,XM4_x3_x1,0.0,0.0,0.0,"(383, 1055, 90)","(383.0, 1055.0, 90)"
2243,448,3,XM6_x3_x1,0.0,0.0,0.0,"(2263, 2010, 0)","(2263.0, 2010.0, 0)"
2244,448,4,XR6_x3_x1,-14235.989210384716,13687.0,301389.15311883495,"(1537, 2354, 180)","(1537.0, 2354.0, 180)"
2245,449,0,XM6_x3_x1,0.0,0.0,0.0,"(2375, 1839, 180)","(2375.0, 1839.0, 180)"
2246,449,1,XDL_XM1_XM2_x3_x1,0.0,0.0,0.0,"(1373, 284, 270)","(1373.0, 284.0, 270)"
2247,449,2,XM4_x3_x1,0.0,0.0,0.0,"(2078, 2542, 0)","(2078.0, 2542.0, 0)"
2248,449,3,XM3_x3_x1,0.0,0.0,0.0,"(1188, 268, 90)","(865.0, 268.0, 90)"
2249,449,4,XR6_x3_x1,-14709.485295826094,14087.0,387487.9435196999,"(1160, 2220, 90)","(1160.0, 2220.0, 90)"
2250,450,0,XR6_x3_x1,0.0,0.0,0.0,"(1820, 835, 90)","(1820.0, 835.0, 90)"
2251,450,1,XDL_XM1_XM2_x3_x1,0.0,0.0,0.0,"(1230, 2247, 90)","(1230.0, 2247.0, 90)"
2252,450,2,XM4_x3_x1,0.0,0.0,0.0,"(193, 1248, 180)","(193.0, 1248.0, 180)"
2253,450,3,XM3_x3_x1,0.0,0.0,0.0,"(686, 1985, 270)","(686.0, 1985.0, 270)"
2254,450,4,XM6_x3_x1,-10361.370371851863,9895.0,217501.3237412454,"(695, 1331, 0)","(695.0, 1331.0, 0)"
2255,451,0,XM6_x3_x1,0.0,0.0,0.0,"(802, 304, 270)","(802.0, 94.5, 270)"
2256,451,1,XM3_x3_x1,0.0,0.0,0.0,"(828, 432, 180)","(828.0, 432.0, 180)"
2257,451,2,XM4_x3_x1,0.0,0.0,0.0,"(817, 2426, 90)","(817.0, 2426.0, 90)"
2258,451,3,XR6_x3_x1,0.0,0.0,0.0,"(678, 78, 0)","(562.0, -48.5, 0)"
2259,451,4,XDL_XM1_XM2_x3_x1,-11991.661815083124,11478.0,263848.46027448855,"(765, 41, 0)","(249.0, -76.0, 0)"
2260,452,0,XR6_x3_x1,0.0,0.0,0.0,"(336, 1470, 270)","(336.0, 1470.0, 270)"
2261,452,1,XM4_x3_x1,0.0,0.0,0.0,"(272, 627, 90)","(272.0, 627.0, 90)"
2262,452,2,XDL_XM1_XM2_x3_x1,0.0,0.0,0.0,"(2392, 1842, 90)","(2392.0, 1842.0, 90)"
2263,452,3,XM6_x3_x1,0.0,0.0,0.0,"(1328, 991, 180)","(1328.0, 991.0, 180)"
2264,452,4,XM3_x3_x1,-11366.769040156109,10847.0,270159.8551048031,"(937, 752, 270)","(937.0, 752.0, 270)"
2265,453,0,XM6_x3_x1,0.0,0.0,0.0,"(2456, 409, 270)","(2456.0, 409.0, 270)"
2266,453,1,XM3_x3_x1,0.0,0.0,0.0,"(1254, 2384, 90)","(1254.0, 2384.0, 90)"
2267,453,2,XDL_XM1_XM2_x3_x1,0.0,0.0,0.0,"(76, 1563, 180)","(76.0, 1563.0, 180)"
2268,453,3,XR6_x3_x1,0.0,0.0,0.0,"(806, 338, 90)","(806.0, 338.0, 90)"
2269,453,4,XM4_x3_x1,-15777.33209993856,15136.0,411306.8624116034,"(9, 1209, 180)","(9.0, 1055.0, 180)"
2270,454,0,XM4_x3_x1,0.0,0.0,0.0,"(225, 584, 0)","(225.0, 584.0, 0)"
2271,454,1,XM3_x3_x1,0.0,0.0,0.0,"(2313, 1957, 90)","(2313.0, 1892.5, 90)"
2272,454,2,XR6_x3_x1,0.0,0.0,0.0,"(2050, 2191, 90)","(2050.0, 2191.0, 90)"
2273,454,3,XM6_x3_x1,0.0,0.0,0.0,"(2596, 2589, 90)","(2596.0, 2589.0, 90)"
2274,454,4,XDL_XM1_XM2_x3_x1,-14651.925248900096,14048.0,364725.7062590418,"(943, 688, 0)","(943.0, 688.0, 0)"
2275,455,0,XM4_x3_x1,0.0,0.0,0.0,"(2194, 516, 180)","(2194.0, 473.0, 180)"
2276,455,1,XDL_XM1_XM2_x3_x1,0.0,0.0,0.0,"(1740, 825, 90)","(1740.0, 825.0, 90)"
2277,455,2,XM3_x3_x1,0.0,0.0,0.0,"(879, 2317, 180)","(879.0, 2317.0, 180)"
2278,455,3,XM6_x3_x1,0.0,0.0,0.0,"(1426, 64, 90)","(1426.0, 64.0, 90)"
2279,455,4,XR6_x3_x1,-14807.742984496977,14240.0,322332.09644553496,"(393, 610, 90)","(393.0, 610.0, 90)"
2280,456,0,XM4_x3_x1,0.0,0.0,0.0,"(2280, 2081, 270)","(2280.0, 2081.0, 270)"
2281,456,1,XM3_x3_x1,0.0,0.0,0.0,"(2485, 18, 90)","(2485.0, 18.0, 90)"
2282,456,2,XM6_x3_x1,0.0,0.0,0.0,"(2551, 2576, 180)","(2551.0, 2576.0, 180)"
2283,456,3,XDL_XM1_XM2_x3_x1,0.0,0.0,0.0,"(476, 167, 0)","(476.0, 167.0, 0)"
2284,456,4,XR6_x3_x1,-14492.097570445556,13954.0,289548.99531941034,"(2392, 1092, 90)","(2392.0, 1092.0, 90)"
2285,457,0,XDL_XM1_XM2_x3_x1,0.0,0.0,0.0,"(1809, 554, 180)","(1809.0, 554.0, 180)"
2286,457,1,XM3_x3_x1,0.0,0.0,0.0,"(1019, 1432, 0)","(1019.0, 1432.0, 0)"
2287,457,2,XM4_x3_x1,0.0,0.0,0.0,"(2122, 1784, 180)","(2122.0, 1784.0, 180)"
2288,457,3,XR6_x3_x1,0.0,0.0,0.0,"(878, 39, 0)","(878.0, 39.0, 0)"
2289,457,4,XM6_x3_x1,-12188.959771845824,11659.0,280857.35977487743,"(2526, 1613, 270)","(2526.0, 1613.0, 270)"
2290,458,0,XM3_x3_x1,0.0,0.0,0.0,"(1853, 2317, 0)","(1853.0, 2317.0, 0)"
2291,458,1,XM4_x3_x1,0.0,0.0,0.0,"(2422, 1025, 270)","(2503.0, 1025.0, 270)"
2292,458,2,XR6_x3_x1,0.0,0.0,0.0,"(983, 2118, 90)","(983.0, 2118.0, 90)"
2293,458,3,XDL_XM1_XM2_x3_x1,0.0,0.0,0.0,"(2151, 1148, 180)","(2151.0, 1148.0, 180)"
2294,458,4,XM6_x3_x1,-10431.97550735103,9959.0,223705.83055396302,"(1144, 1702, 180)","(1144.0, 1702.0, 180)"
2295,459,0,XM6_x3_x1,0.0,0.0,0.0,"(417, 564, 270)","(417.0, 564.0, 270)"
2296,459,1,XDL_XM1_XM2_x3_x1,0.0,0.0,0.0,"(89, 133, 90)","(89.0, 133.0, 90)"
2297,459,2,XM3_x3_x1,0.0,0.0,0.0,"(637, 237, 90)","(696.0, 237.0, 90)"
2298,459,3,XR6_x3_x1,0.0,0.0,0.0,"(2515, 610, 180)","(2515.0, 610.0, 180)"
2299,459,4,XM4_x3_x1,-12621.716084905374,12162.0,211338.87872072545,"(9, 1720, 90)","(9.0, 1720.0, 90)"
2300,460,0,XDL_XM1_XM2_x3_x1,0.0,0.0,0.0,"(1578, 2078, 0)","(1578.0, 2078.0, 0)"
2301,460,1,XM3_x3_x1,0.0,0.0,0.0,"(40, 294, 180)","(40.0, 294.0, 180)"
2302,460,2,XR6_x3_x1,0.0,0.0,0.0,"(141, 1524, 180)","(141.0, 1524.0, 180)"
2303,460,3,XM6_x3_x1,0.0,0.0,0.0,"(130, 880, 270)","(130.0, 880.0, 270)"
2304,460,4,XM4_x3_x1,-15130.39328706057,14512.0,382410.257481576,"(2078, 2370, 180)","(2078.0, 2370.0, 180)"
2305,461,0,XM4_x3_x1,0.0,0.0,0.0,"(66, 631, 0)","(66.0, 631.0, 0)"
2306,461,1,XDL_XM1_XM2_x3_x1,0.0,0.0,0.0,"(145, 2549, 270)","(145.0, 2549.0, 270)"
2307,461,2,XM3_x3_x1,0.0,0.0,0.0,"(1830, 799, 90)","(1830.0, 799.0, 90)"
2308,461,3,XM6_x3_x1,0.0,0.0,0.0,"(2267, 1883, 180)","(2267.0, 1883.0, 180)"
2309,461,4,XR6_x3_x1,-14303.430940226253,13752.0,304076.08183880994,"(2300, 327, 90)","(2300.0, 327.0, 90)"
2310,462,0,XDL_XM1_XM2_x3_x1,0.0,0.0,0.0,"(1094, 2269, 270)","(1094.0, 2269.0, 270)"
2311,462,1,XR6_x3_x1,0.0,0.0,0.0,"(1744, 401, 180)","(1744.0, 401.0, 180)"
2312,462,2,XM6_x3_x1,0.0,0.0,0.0,"(471, 2451, 90)","(471.0, 2451.0, 90)"
2313,462,3,XM3_x3_x1,0.0,0.0,0.0,"(757, 860, 180)","(757.0, 860.0, 180)"
2314,462,4,XM4_x3_x1,-13753.68116609946,13184.0,324536.6310084418,"(2443, 2114, 0)","(2443.0, 2114.0, 0)"
2315,463,0,XR6_x3_x1,0.0,0.0,0.0,"(267, 215, 270)","(267.0, 215.0, 270)"
2316,463,1,XM6_x3_x1,0.0,0.0,0.0,"(940, 407, 0)","(940.0, 407.0, 0)"
2317,463,2,XM4_x3_x1,0.0,0.0,0.0,"(105, 1714, 0)","(105.0, 1714.0, 0)"
2318,463,3,XDL_XM1_XM2_x3_x1,0.0,0.0,0.0,"(1256, 296, 0)","(1350.5, 296.0, 0)"
2319,463,4,XM3_x3_x1,-13848.680831224394,13135.0,509340.32885714143,"(1775, 1603, 270)","(1775.0, 1603.0, 270)"
2320,464,0,XM3_x3_x1,0.0,0.0,0.0,"(780, 173, 180)","(780.0, 173.0, 180)"
2321,464,1,XM6_x3_x1,0.0,0.0,0.0,"(413, 1998, 180)","(413.0, 1998.0, 180)"
2322,464,2,XDL_XM1_XM2_x3_x1,0.0,0.0,0.0,"(1742, 1350, 180)","(1742.0, 1350.0, 180)"
2323,464,3,XR6_x3_x1,0.0,0.0,0.0,"(169, 49, 180)","(169.0, 49.0, 180)"
2324,464,4,XM4_x3_x1,-13442.263459894039,12882.0,313895.14449243946,"(2192, 2278, 90)","(2192.0, 2278.0, 90)"
2325,465,0,XM4_x3_x1,0.0,0.0,0.0,"(1774, 1971, 90)","(1774.0, 1971.0, 90)"
2326,465,1,XM3_x3_x1,0.0,0.0,0.0,"(824, 1218, 270)","(824.0, 1218.0, 270)"
2327,465,2,XM6_x3_x1,0.0,0.0,0.0,"(2031, 1205, 90)","(2031.0, 1205.0, 90)"
2328,465,3,XR6_x3_x1,0.0,0.0,0.0,"(784, 588, 270)","(784.0, 588.0, 270)"
2329,465,4,XDL_XM1_XM2_x3_x1,-10140.618597916355,9631.0,259711.1153422312,"(1647, 570, 90)","(1647.0, 570.0, 90)"
2330,466,0,XM3_x3_x1,0.0,0.0,0.0,"(2533, 703, 0)","(2533.0, 774.0, 0)"
2331,466,1,XM6_x3_x1,0.0,0.0,0.0,"(1017, 520, 270)","(1017.0, 520.0, 270)"
2332,466,2,XDL_XM1_XM2_x3_x1,0.0,0.0,0.0,"(81, 2196, 180)","(81.0, 2196.0, 180)"
2333,466,3,XR6_x3_x1,0.0,0.0,0.0,"(2085, 2479, 180)","(2085.0, 2479.0, 180)"
2334,466,4,XM4_x3_x1,-16171.644139195036,15550.0,386441.43579553696,"(2290, 495, 0)","(2290.0, 495.0, 0)"
2335,467,0,XM6_x3_x1,0.0,0.0,0.0,"(612, 347, 90)","(612.0, 347.0, 90)"
2336,467,1,XR6_x3_x1,0.0,0.0,0.0,"(2252, 1171, 180)","(2252.0, 1171.0, 180)"
2337,467,2,XM4_x3_x1,0.0,0.0,0.0,"(145, 82, 90)","(145.0, 82.0, 90)"
2338,467,3,XM3_x3_x1,0.0,0.0,0.0,"(1743, 382, 90)","(1743.0, 382.0, 90)"
2339,467,4,XDL_XM1_XM2_x3_x1,-13804.784130036513,13246.0,312239.7039806619,"(1151, 2040, 180)","(1151.0, 2040.0, 180)"
2340,468,0,XM4_x3_x1,0.0,0.0,0.0,"(56, 1395, 270)","(56.0, 1395.0, 270)"
2341,468,1,XDL_XM1_XM2_x3_x1,0.0,0.0,0.0,"(1506, 1493, 0)","(1380.0, 1493.0, 0)"
2342,468,2,XR6_x3_x1,0.0,0.0,0.0,"(2576, 485, 90)","(2576.0, 485.0, 90)"
2343,468,3,XM3_x3_x1,0.0,0.0,0.0,"(1732, 1286, 90)","(1732.0, 1286.0, 90)"
2344,468,4,XM6_x3_x1,-10601.440573085576,10172.0,184419.20581206854,"(2117, 1562, 270)","(2117.0, 1562.0, 270)"
2345,469,0,XM4_x3_x1,0.0,0.0,0.0,"(1389, 1951, 270)","(1389.0, 2061.5, 270)"
2346,469,1,XR6_x3_x1,0.0,0.0,0.0,"(882, 42, 90)","(882.0, 42.0, 90)"
2347,469,2,XDL_XM1_XM2_x3_x1,0.0,0.0,0.0,"(1240, 1495, 0)","(1240.0, 1495.0, 0)"
2348,469,3,XM6_x3_x1,0.0,0.0,0.0,"(165, 2162, 270)","(165.0, 2162.0, 270)"
2349,469,4,XM3_x3_x1,-13668.44077815639,13124.0,296415.7609195346,"(2156, 136, 0)","(2156.0, 136.0, 0)"
2350,470,0,XM3_x3_x1,0.0,0.0,0.0,"(8, 1817, 90)","(8.0, 1817.0, 90)"
2351,470,1,XM4_x3_x1,0.0,0.0,0.0,"(2314, 2475, 180)","(2314.0, 2475.0, 180)"
2352,470,2,XR6_x3_x1,0.0,0.0,0.0,"(1258, 1637, 0)","(1258.0, 1637.0, 0)"
2353,470,3,XDL_XM1_XM2_x3_x1,0.0,0.0,0.0,"(2357, 1879, 0)","(2357.0, 1879.0, 0)"
2354,470,4,XM6_x3_x1,-14906.582615553309,14324.0,339402.50394493376,"(1081, 573, 0)","(1081.0, 573.0, 0)"
2355,471,0,XM4_x3_x1,0.0,0.0,0.0,"(1519, 389, 90)","(1519.0, 389.0, 90)"
2356,471,1,XM3_x3_x1,0.0,0.0,0.0,"(951, 2213, 270)","(951.0, 2213.0, 270)"
2357,471,2,XDL_XM1_XM2_x3_x1,0.0,0.0,0.0,"(365, 2162, 180)","(203.0, 2162.0, 180)"
2358,471,3,XR6_x3_x1,0.0,0.0,0.0,"(414, 617, 270)","(414.0, 617.0, 270)"
2359,471,4,XM6_x3_x1,-13169.899458967948,12535.0,403097.3229977929,"(781, 2307, 180)","(613.5, 2307.0, 180)"
2360,472,0,XM4_x3_x1,0.0,0.0,0.0,"(2187, 413, 90)","(2187.0, 413.0, 90)"
2361,472,1,XM3_x3_x1,0.0,0.0,0.0,"(109, 2374, 180)","(109.0, 2374.0, 180)"
2362,472,2,XR6_x3_x1,0.0,0.0,0.0,"(1696, 2543, 180)","(1696.0, 2543.0, 180)"
2363,472,3,XM6_x3_x1,0.0,0.0,0.0,"(373, 662, 180)","(373.0, 662.0, 180)"
2364,472,4,XDL_XM1_XM2_x3_x1,-15612.8633585768,14983.0,396727.85047764605,"(827, 2345, 90)","(827.0, 2345.0, 90)"
2365,473,0,XM6_x3_x1,0.0,0.0,0.0,"(1889, 2145, 270)","(1889.0, 2145.0, 270)"
2366,473,1,XM4_x3_x1,0.0,0.0,0.0,"(392, 331, 180)","(392.0, 331.0, 180)"
2367,473,2,XR6_x3_x1,0.0,0.0,0.0,"(2042, 2151, 270)","(2042.0, 2443.5, 270)"
2368,473,3,XM3_x3_x1,0.0,0.0,0.0,"(1432, 1176, 0)","(1432.0, 1176.0, 0)"
2369,473,4,XDL_XM1_XM2_x3_x1,-13019.710238221112,12488.0,282715.77742915304,"(1926, 455, 180)","(1926.0, 455.0, 180)"
2370,474,0,XDL_XM1_XM2_x3_x1,0.0,0.0,0.0,"(918, 954, 270)","(918.0, 470.5, 270)"
2371,474,1,XM6_x3_x1,0.0,0.0,0.0,"(2147, 1193, 270)","(2370.5, 1193.0, 270)"
2372,474,2,XM4_x3_x1,0.0,0.0,0.0,"(2033, 1171, 180)","(2033.0, 1171.0, 180)"
2373,474,3,XR6_x3_x1,0.0,0.0,0.0,"(1050, 1024, 180)","(884.5, 1024.0, 180)"
2374,474,4,XM3_x3_x1,-8069.608944673513,7677.0,154141.78343764937,"(1183, 1062, 0)","(1183.0, 1062.0, 0)"
2375,475,0,XR6_x3_x1,0.0,0.0,0.0,"(378, 1761, 90)","(378.0, 1761.0, 90)"
2376,475,1,XDL_XM1_XM2_x3_x1,0.0,0.0,0.0,"(405, 784, 180)","(405.0, 784.0, 180)"
2377,475,2,XM6_x3_x1,0.0,0.0,0.0,"(1208, 2295, 0)","(1208.0, 2295.0, 0)"
2378,475,3,XM3_x3_x1,0.0,0.0,0.0,"(2513, 2196, 180)","(2513.0, 2196.0, 180)"
2379,475,4,XM4_x3_x1,-15218.130825112752,14554.0,441069.75286494603,"(2535, 2327, 0)","(2535.0, 2475.0, 0)"
2380,476,0,XM4_x3_x1,0.0,0.0,0.0,"(2372, 1571, 90)","(2372.0, 1571.0, 90)"
2381,476,1,XR6_x3_x1,0.0,0.0,0.0,"(1215, 529, 270)","(1215.0, 529.0, 270)"
2382,476,2,XM3_x3_x1,0.0,0.0,0.0,"(1913, 1980, 180)","(1913.0, 1661.0, 180)"
2383,476,3,XM6_x3_x1,0.0,0.0,0.0,"(618, 690, 90)","(618.0, 690.0, 90)"
2384,476,4,XDL_XM1_XM2_x3_x1,-10045.437353759293,9619.0,181848.81668122867,"(1794, 2013, 90)","(1794.0, 2013.0, 90)"
2385,477,0,XM4_x3_x1,0.0,0.0,0.0,"(1966, 2564, 90)","(2156.0, 2564.0, 90)"
2386,477,1,XDL_XM1_XM2_x3_x1,0.0,0.0,0.0,"(1648, 2501, 270)","(1648.0, 2501.0, 270)"
2387,477,2,XM6_x3_x1,0.0,0.0,0.0,"(1236, 2536, 0)","(1081.5, 2536.0, 0)"
2388,477,3,XR6_x3_x1,0.0,0.0,0.0,"(2592, 2080, 180)","(2592.0, 2080.0, 180)"
2389,477,4,XM3_x3_x1,-15257.03993717938,14531.0,527133.9903794358,"(1012, 400, 180)","(1012.0, 400.0, 180)"
2390,478,0,XM3_x3_x1,0.0,0.0,0.0,"(146, 788, 0)","(146.0, 788.0, 0)"
2391,478,1,XM4_x3_x1,0.0,0.0,0.0,"(69, 1219, 180)","(69.0, 1219.0, 180)"
2392,478,2,XDL_XM1_XM2_x3_x1,0.0,0.0,0.0,"(550, 245, 90)","(550.0, 245.0, 90)"
2393,478,3,XM6_x3_x1,0.0,0.0,0.0,"(14, 1280, 270)","(14.0, 1556.5, 270)"
2394,478,4,XR6_x3_x1,-8995.948788391643,8635.0,130284.02784139532,"(1765, 971, 0)","(1765.0, 971.0, 0)"
2395,479,0,XR6_x3_x1,0.0,0.0,0.0,"(2304, 2103, 0)","(2304.0, 2103.0, 0)"
2396,479,1,XM3_x3_x1,0.0,0.0,0.0,"(438, 575, 0)","(438.0, 575.0, 0)"
2397,479,2,XM4_x3_x1,0.0,0.0,0.0,"(1224, 2428, 180)","(1224.0, 2428.0, 180)"
2398,479,3,XDL_XM1_XM2_x3_x1,0.0,0.0,0.0,"(1196, 2551, 0)","(813.5, 2551.0, 0)"
2399,479,4,XM6_x3_x1,-14470.015964716094,13822.0,419924.69052693114,"(1266, 1068, 180)","(1266.0, 1068.0, 180)"
2400,480,0,XR6_x3_x1,0.0,0.0,0.0,"(1567, 1297, 90)","(1567.0, 1297.0, 90)"
2401,480,1,XDL_XM1_XM2_x3_x1,0.0,0.0,0.0,"(1178, 945, 90)","(1178.0, 945.0, 90)"
2402,480,2,XM4_x3_x1,0.0,0.0,0.0,"(2241, 2040, 180)","(2241.0, 2040.0, 180)"
2403,480,3,XM3_x3_x1,0.0,0.0,0.0,"(1494, 2255, 90)","(1494.0, 2255.0, 90)"
2404,480,4,XM6_x3_x1,-10693.076125959973,10183.0,260177.6542743336,"(1930, 452, 180)","(1930.0, 452.0, 180)"
2405,481,0,XR6_x3_x1,0.0,0.0,0.0,"(1287, 934, 0)","(1287.0, 934.0, 0)"
2406,481,1,XM6_x3_x1,0.0,0.0,0.0,"(2375, 29, 180)","(2375.0, 29.0, 180)"
2407,481,2,XDL_XM1_XM2_x3_x1,0.0,0.0,0.0,"(2213, 1166, 0)","(2213.0, 1166.0, 0)"
2408,481,3,XM4_x3_x1,0.0,0.0,0.0,"(1575, 2573, 0)","(1575.0, 2573.0, 0)"
2409,481,4,XM3_x3_x1,-14460.283437643622,13872.0,346077.4030057974,"(484, 872, 90)","(484.0, 872.0, 90)"
2410,482,0,XR6_x3_x1,0.0,0.0,0.0,"(200, 949, 90)","(200.0, 949.0, 90)"
2411,482,1,XM6_x3_x1,0.0,0.0,0.0,"(33, 538, 270)","(33.0, 538.0, 270)"
2412,482,2,XM4_x3_x1,0.0,0.0,0.0,"(861, 1246, 0)","(861.0, 1246.0, 0)"
2413,482,3,XM3_x3_x1,0.0,0.0,0.0,"(2146, 1647, 270)","(2146.0, 1647.0, 270)"
2414,482,4,XDL_XM1_XM2_x3_x1,-13342.618638179709,12764.0,334799.52844894136,"(1198, 1894, 180)","(1198.0, 1894.0, 180)"
2415,483,0,XR6_x3_x1,0.0,0.0,0.0,"(928, 901, 270)","(928.0, 901.0, 270)"
2416,483,1,XM3_x3_x1,0.0,0.0,0.0,"(193, 786, 90)","(193.0, 786.0, 90)"
2417,483,2,XDL_XM1_XM2_x3_x1,0.0,0.0,0.0,"(115, 1018, 270)","(115.0, 1196.5, 270)"
2418,483,3,XM6_x3_x1,0.0,0.0,0.0,"(1317, 1141, 180)","(1317.0, 1141.0, 180)"
2419,483,4,XM4_x3_x1,-9804.928692292437,9409.0,156759.52938039956,"(100, 2365, 180)","(100.0, 2365.0, 180)"
2420,484,0,XM6_x3_x1,0.0,0.0,0.0,"(1815, 214, 270)","(1815.0, 214.0, 270)"
2421,484,1,XM3_x3_x1,0.0,0.0,0.0,"(1150, 751, 270)","(1150.0, 751.0, 270)"
2422,484,2,XM4_x3_x1,0.0,0.0,0.0,"(168, 1098, 270)","(168.0, 1098.0, 270)"
2423,484,3,XDL_XM1_XM2_x3_x1,0.0,0.0,0.0,"(2089, 988, 90)","(2089.0, 988.0, 90)"
2424,484,4,XR6_x3_x1,-12032.983007967725,11576.0,208833.46957122983,"(1310, 2462, 90)","(1310.0, 2462.0, 90)"
2425,485,0,XM4_x3_x1,0.0,0.0,0.0,"(1278, 589, 180)","(1164.5, 589.0, 180)"
2426,485,1,XR6_x3_x1,0.0,0.0,0.0,"(2469, 1375, 90)","(2469.0, 1375.0, 90)"
2427,485,2,XM6_x3_x1,0.0,0.0,0.0,"(1416, 1055, 270)","(1416.0, 1055.0, 270)"
2428,485,3,XM3_x3_x1,0.0,0.0,0.0,"(1502, 816, 90)","(1502.0, 659.0, 90)"
2429,485,4,XDL_XM1_XM2_x3_x1,-10201.801445651348,9810.5,153116.82136883473,"(580, 2176, 180)","(580.0, 2176.0, 180)"
2430,486,0,XM3_x3_x1,0.0,0.0,0.0,"(2091, 67, 0)","(2091.0, 67.0, 0)"
2431,486,1,XM6_x3_x1,0.0,0.0,0.0,"(1073, 1606, 180)","(1073.0, 1606.0, 180)"
2432,486,2,XDL_XM1_XM2_x3_x1,0.0,0.0,0.0,"(1400, 2574, 90)","(1400.0, 2574.0, 90)"
2433,486,3,XM4_x3_x1,0.0,0.0,0.0,"(560, 203, 180)","(560.0, 203.0, 180)"
2434,486,4,XR6_x3_x1,-13791.80253154069,13234.0,311143.6641932027,"(999, 239, 0)","(999.0, 239.0, 0)"
2435,487,0,XM6_x3_x1,0.0,0.0,0.0,"(208, 1964, 180)","(208.0, 1964.0, 180)"
2436,487,1,XM4_x3_x1,0.0,0.0,0.0,"(633, 652, 270)","(633.0, 652.0, 270)"
2437,487,2,XR6_x3_x1,0.0,0.0,0.0,"(1853, 1110, 90)","(1853.0, 1110.0, 90)"
2438,487,3,XDL_XM1_XM2_x3_x1,0.0,0.0,0.0,"(149, 747, 0)","(-115.0, 747.0, 0)"
2439,487,4,XM3_x3_x1,-9916.224013346256,9527.5,151106.35855202083,"(491, 697, 180)","(295.5, 697.0, 180)"
2440,488,0,XM4_x3_x1,0.0,0.0,0.0,"(1554, 1742, 90)","(1879.5, 1742.0, 90)"
2441,488,1,XM6_x3_x1,0.0,0.0,0.0,"(471, 800, 270)","(471.0, 800.0, 270)"
2442,488,2,XR6_x3_x1,0.0,0.0,0.0,"(1399, 1855, 270)","(1399.0, 1855.0, 270)"
2443,488,3,XDL_XM1_XM2_x3_x1,0.0,0.0,0.0,"(1463, 168, 0)","(1463.0, 168.0, 0)"
2444,488,4,XM3_x3_x1,-13170.090321395488,12521.5,420669.4050079016,"(246, 494, 180)","(246.0, 462.5, 180)"
2445,489,0,XM4_x3_x1,0.0,0.0,0.0,"(924, 908, 180)","(960.5, 908.0, 180)"
2446,489,1,XDL_XM1_XM2_x3_x1,0.0,0.0,0.0,"(176, 1616, 270)","(176.0, 1616.0, 270)"
2447,489,2,XM6_x3_x1,0.0,0.0,0.0,"(810, 143, 0)","(810.0, 143.0, 0)"
2448,489,3,XM3_x3_x1,0.0,0.0,0.0,"(311, 1188, 90)","(311.0, 1188.0, 90)"
2449,489,4,XR6_x3_x1,-7881.598708484832,7499.5,145999.42302577678,"(662, 700, 180)","(662.0, 700.0, 180)"
2450,490,0,XR6_x3_x1,0.0,0.0,0.0,"(1357, 2073, 90)","(1357.0, 2073.0, 90)"
2451,490,1,XM4_x3_x1,0.0,0.0,0.0,"(493, 1423, 0)","(493.0, 1423.0, 0)"
2452,490,2,XM6_x3_x1,0.0,0.0,0.0,"(2188, 1790, 90)","(2188.0, 1790.0, 90)"
2453,490,3,XDL_XM1_XM2_x3_x1,0.0,0.0,0.0,"(1094, 426, 90)","(1094.0, 426.0, 90)"
2454,490,4,XM3_x3_x1,-11546.611718111513,11034.0,262770.7735452377,"(321, 1011, 270)","(321.0, 1011.0, 270)"
2455,491,0,XDL_XM1_XM2_x3_x1,0.0,0.0,0.0,"(2061, 1681, 90)","(2224.0, 1496.0, 90)"
2456,491,1,XM6_x3_x1,0.0,0.0,0.0,"(1936, 1848, 0)","(2053.5, 1848.0, 0)"
2457,491,2,XR6_x3_x1,0.0,0.0,0.0,"(1755, 1845, 180)","(1755.0, 1845.0, 180)"
2458,491,3,XM4_x3_x1,0.0,0.0,0.0,"(453, 1454, 90)","(453.0, 1454.0, 90)"
2459,491,4,XM3_x3_x1,-12566.597328363232,11965.0,361919.34549377894,"(2555, 2589, 90)","(2555.0, 2589.0, 90)"
2460,492,0,XR6_x3_x1,0.0,0.0,0.0,"(2311, 596, 0)","(2311.0, 596.0, 0)"
2461,492,1,XDL_XM1_XM2_x3_x1,0.0,0.0,0.0,"(18, 2120, 90)","(18.0, 2120.0, 90)"
2462,492,2,XM6_x3_x1,0.0,0.0,0.0,"(75, 423, 180)","(75.0, 423.0, 180)"
2463,492,3,XM3_x3_x1,0.0,0.0,0.0,"(756, 1085, 270)","(756.0, 1085.0, 270)"
2464,492,4,XM4_x3_x1,-12211.743870579434,11758.0,205883.50008840626,"(908, 1576, 90)","(908.0, 1576.0, 90)"
2465,493,0,XR6_x3_x1,0.0,0.0,0.0,"(1930, 142, 270)","(1930.0, 142.0, 270)"
2466,493,1,XDL_XM1_XM2_x3_x1,0.0,0.0,0.0,"(639, 41, 270)","(639.0, 41.0, 270)"
2467,493,2,XM3_x3_x1,0.0,0.0,0.0,"(2069, 2050, 180)","(2069.0, 2050.0, 180)"
2468,493,3,XM4_x3_x1,0.0,0.0,0.0,"(3, 2551, 180)","(3.0, 2551.0, 180)"
2469,493,4,XM6_x3_x1,-17755.24167052497,17037.0,515871.09727849846,"(866, 2159, 90)","(866.0, 2159.0, 90)"
2470,494,0,XR6_x3_x1,0.0,0.0,0.0,"(117, 346, 90)","(117.0, 346.0, 90)"
2471,494,1,XM6_x3_x1,0.0,0.0,0.0,"(2234, 2319, 90)","(2234.0, 2319.0, 90)"
2472,494,2,XM4_x3_x1,0.0,0.0,0.0,"(550, 1837, 270)","(550.0, 1837.0, 270)"
2473,494,3,XM3_x3_x1,0.0,0.0,0.0,"(265, 625, 180)","(265.0, 625.0, 180)"
2474,494,4,XDL_XM1_XM2_x3_x1,-12004.30564267562,11543.5,212341.84032169034,"(287, 2243, 90)","(287.0, 2247.5, 90)"
2475,495,0,XR6_x3_x1,0.0,0.0,0.0,"(2202, 1230, 180)","(2202.0, 1230.0, 180)"
2476,495,1,XM3_x3_x1,0.0,0.0,0.0,"(1371, 2100, 180)","(1371.0, 2100.0, 180)"
2477,495,2,XDL_XM1_XM2_x3_x1,0.0,0.0,0.0,"(868, 2545, 90)","(868.0, 2545.0, 90)"
2478,495,3,XM6_x3_x1,0.0,0.0,0.0,"(1963, 174, 180)","(1963.0, 174.0, 180)"
2479,495,4,XM4_x3_x1,-11585.632465710203,11136.0,202169.35422063683,"(2034, 2438, 180)","(2034.0, 2438.0, 180)"
2480,496,0,XM6_x3_x1,0.0,0.0,0.0,"(2420, 627, 180)","(2420.0, 627.0, 180)"
2481,496,1,XM3_x3_x1,0.0,0.0,0.0,"(909, 639, 90)","(909.0, 639.0, 90)"
2482,496,2,XDL_XM1_XM2_x3_x1,0.0,0.0,0.0,"(2321, 2246, 0)","(2321.0, 2334.5, 0)"
2483,496,3,XM4_x3_x1,0.0,0.0,0.0,"(2585, 1768, 90)","(2585.0, 1768.0, 90)"
2484,496,4,XR6_x3_x1,-12424.159912208634,11860.0,318276.4065432535,"(2028, 1203, 0)","(2028.0, 1203.0, 0)"
2485,497,0,XDL_XM1_XM2_x3_x1,0.0,0.0,0.0,"(1252, 1576, 90)","(1252.0, 1576.0, 90)"
2486,497,1,XM4_x3_x1,0.0,0.0,0.0,"(1216, 2216, 0)","(1216.0, 2216.0, 0)"
2487,497,2,XM3_x3_x1,0.0,0.0,0.0,"(2300, 1205, 90)","(2300.0, 1205.0, 90)"
2488,497,3,XR6_x3_x1,0.0,0.0,0.0,"(792, 101, 0)","(792.0, 101.0, 0)"
2489,497,4,XM6_x3_x1,-12275.153168937077,11775.0,250153.19239779987,"(2281, 2314, 90)","(2281.0, 2314.0, 90)"
2490,498,0,XM3_x3_x1,0.0,0.0,0.0,"(574, 1617, 90)","(517.0, 1617.0, 90)"
2491,498,1,XDL_XM1_XM2_x3_x1,0.0,0.0,0.0,"(832, 2363, 0)","(832.0, 2363.0, 0)"
2492,498,2,XM6_x3_x1,0.0,0.0,0.0,"(796, 1581, 90)","(796.0, 1581.0, 90)"
2493,498,3,XM4_x3_x1,0.0,0.0,0.0,"(1351, 1541, 270)","(1687.0, 1541.0, 270)"
2494,498,4,XR6_x3_x1,-7925.623434206432,7548.0,142599.45806185924,"(1447, 1666, 0)","(1447.0, 1666.0, 0)"
2495,499,0,XM3_x3_x1,0.0,0.0,0.0,"(2287, 1868, 90)","(2287.0, 1868.0, 90)"
2496,499,1,XM6_x3_x1,0.0,0.0,0.0,"(2230, 2419, 90)","(2230.0, 2419.0, 90)"
2497,499,2,XR6_x3_x1,0.0,0.0,0.0,"(1164, 761, 90)","(1164.0, 761.0, 90)"
2498,499,3,XDL_XM1_XM2_x3_x1,0.0,0.0,0.0,"(2401, 1538, 0)","(2401.0, 1301.5, 0)"
2499,499,4,XM4_x3_x1,-9870.947833311908,9528.0,117613.21637333253,"(2296, 974, 90)","(2296.0, 735.0, 90)"
2500,500,0,XDL_XM1_XM2_x3_x1,0.0,0.0,0.0,"(2606, 195, 90)","(2606.0, 195.0, 90)"
2501,500,1,XM4_x3_x1,0.0,0.0,0.0,"(917, 1320, 90)","(917.0, 1320.0, 90)"
2502,500,2,XM3_x3_x1,0.0,0.0,0.0,"(2483, 1844, 90)","(2483.0, 1844.0, 90)"
2503,500,3,XM6_x3_x1,0.0,0.0,0.0,"(743, 1739, 90)","(743.0, 1739.0, 90)"
2504,500,4,XR6_x3_x1,-14143.383051079743,13480.0,440077.0724598698,"(1174, 818, 0)","(1174.0, 818.0, 0)"
2505,501,0,XM6_x3_x1,0.0,0.0,0.0,"(2504, 63, 180)","(2504.0, -71.5, 180)"
2506,501,1,XDL_XM1_XM2_x3_x1,0.0,0.0,0.0,"(1417, 1169, 270)","(1417.0, 1169.0, 270)"
2507,501,2,XR6_x3_x1,0.0,0.0,0.0,"(1108, 2111, 0)","(1108.0, 2111.0, 0)"
2508,501,3,XM3_x3_x1,0.0,0.0,0.0,"(2584, 266, 90)","(2584.0, 266.0, 90)"
2509,501,4,XM4_x3_x1,-13376.469476209128,12713.0,440191.7458612138,"(1378, 146, 90)","(1378.0, 146.0, 90)"
2510,502,0,XM4_x3_x1,0.0,0.0,0.0,"(1445, 1801, 90)","(1445.0, 1801.0, 90)"
2511,502,1,XM6_x3_x1,0.0,0.0,0.0,"(539, 328, 180)","(539.0, 328.0, 180)"
2512,502,2,XDL_XM1_XM2_x3_x1,0.0,0.0,0.0,"(2546, 72, 90)","(2546.0, -287.0, 90)"
2513,502,3,XR6_x3_x1,0.0,0.0,0.0,"(2298, 305, 90)","(2298.0, 305.0, 90)"
2514,502,4,XM3_x3_x1,-13280.647639278412,12755.0,276305.44067896745,"(2330, 138, 0)","(2330.0, 65.0, 0)"
2515,503,0,XM6_x3_x1,0.0,0.0,0.0,"(215, 2342, 270)","(215.0, 2342.0, 270)"
2516,503,1,XDL_XM1_XM2_x3_x1,0.0,0.0,0.0,"(1649, 2292, 90)","(1649.0, 2292.0, 90)"
2517,503,2,XM3_x3_x1,0.0,0.0,0.0,"(2269, 1616, 0)","(2269.0, 1616.0, 0)"
2518,503,3,XR6_x3_x1,0.0,0.0,0.0,"(937, 2331, 90)","(937.0, 2331.0, 90)"
2519,503,4,XM4_x3_x1,-10675.499575600825,10118.0,310805.7767950998,"(2199, 2193, 0)","(2215.5, 2193.0, 0)"
2520,504,0,XM3_x3_x1,0.0,0.0,0.0,"(1616, 379, 90)","(1616.0, 379.0, 90)"
2521,504,1,XDL_XM1_XM2_x3_x1,0.0,0.0,0.0,"(315, 116, 180)","(315.0, 116.0, 180)"
2522,504,2,XM4_x3_x1,0.0,0.0,0.0,"(2047, 1582, 0)","(2047.0, 1582.0, 0)"
2523,504,3,XR6_x3_x1,0.0,0.0,0.0,"(1610, 1815, 180)","(1610.0, 1815.0, 180)"
2524,504,4,XM6_x3_x1,-12259.579688429567,11750.5,259162.12917154474,"(1338, 1798, 180)","(1311.5, 1798.0, 180)"
2525,505,0,XM6_x3_x1,0.0,0.0,0.0,"(2159, 1630, 0)","(2159.0, 1630.0, 0)"
2526,505,1,XR6_x3_x1,0.0,0.0,0.0,"(1994, 242, 180)","(1994.0, 242.0, 180)"
2527,505,2,XDL_XM1_XM2_x3_x1,0.0,0.0,0.0,"(2096, 1792, 90)","(2096.0, 1982.0, 90)"
2528,505,3,XM3_x3_x1,0.0,0.0,0.0,"(2533, 2597, 180)","(2533.0, 2597.0, 180)"
2529,505,4,XM4_x3_x1,-15029.743709137314,14442.0,345442.66763048706,"(323, 2251, 180)","(323.0, 2251.0, 180)"
2530,506,0,XM6_x3_x1,0.0,0.0,0.0,"(844, 423, 90)","(844.0, 423.0, 90)"
2531,506,1,XM4_x3_x1,0.0,0.0,0.0,"(461, 1777, 270)","(461.0, 1777.0, 270)"
2532,506,2,XR6_x3_x1,0.0,0.0,0.0,"(1596, 226, 180)","(1596.0, 226.0, 180)"
2533,506,3,XM3_x3_x1,0.0,0.0,0.0,"(2581, 636, 0)","(2581.0, 636.0, 0)"
2534,506,4,XDL_XM1_XM2_x3_x1,-12637.975739661884,12092.0,298089.50829934067,"(1499, 1594, 180)","(1499.0, 1594.0, 180)"
2535,507,0,XM3_x3_x1,0.0,0.0,0.0,"(2410, 1839, 90)","(2410.0, 1839.0, 90)"
2536,507,1,XR6_x3_x1,0.0,0.0,0.0,"(613, 2435, 180)","(613.0, 2435.0, 180)"
2537,507,2,XM4_x3_x1,0.0,0.0,0.0,"(2446, 978, 270)","(2446.0, 978.0, 270)"
2538,507,3,XDL_XM1_XM2_x3_x1,0.0,0.0,0.0,"(3, 585, 180)","(3.0, 585.0, 180)"
2539,507,4,XM6_x3_x1,-15464.635140601038,14886.0,334818.62593838316,"(1738, 1349, 180)","(1738.0, 1349.0, 180)"
2540,508,0,XM6_x3_x1,0.0,0.0,0.0,"(2575, 642, 0)","(2697.5, 642.0, 0)"
2541,508,1,XM3_x3_x1,0.0,0.0,0.0,"(2433, 1771, 90)","(2433.0, 1818.0, 90)"
2542,508,2,XDL_XM1_XM2_x3_x1,0.0,0.0,0.0,"(1190, 520, 180)","(1190.0, 520.0, 180)"
2543,508,3,XR6_x3_x1,0.0,0.0,0.0,"(2399, 639, 180)","(2399.0, 639.0, 180)"
2544,508,4,XM4_x3_x1,-9651.645707435646,9246.0,164548.43996096624,"(2316, 1422, 270)","(2316.0, 1422.0, 270)"
2545,509,0,XR6_x3_x1,0.0,0.0,0.0,"(1637, 981, 90)","(1637.0, 981.0, 90)"
2546,509,1,XM6_x3_x1,0.0,0.0,0.0,"(1803, 1521, 0)","(1803.0, 1521.0, 0)"
2547,509,2,XM4_x3_x1,0.0,0.0,0.0,"(412, 1091, 180)","(412.0, 1197.0, 180)"
2548,509,3,XM3_x3_x1,0.0,0.0,0.0,"(1200, 1789, 0)","(1200.0, 1789.0, 0)"
2549,509,4,XDL_XM1_XM2_x3_x1,-8600.762855085639,8197.0,163024.44314690703,"(592, 689, 0)","(592.0, 689.0, 0)"
2550,510,0,XM6_x3_x1,0.0,0.0,0.0,"(1165, 2000, 270)","(1165.0, 2000.0, 270)"
2551,510,1,XDL_XM1_XM2_x3_x1,0.0,0.0,0.0,"(2057, 1370, 90)","(2057.0, 1370.0, 90)"
2552,510,2,XM4_x3_x1,0.0,0.0,0.0,"(399, 1543, 180)","(399.0, 1543.0, 180)"
2553,510,3,XM3_x3_x1,0.0,0.0,0.0,"(43, 463, 180)","(43.0, 463.0, 180)"
2554,510,4,XR6_x3_x1,-12325.0078339495,11767.0,311372.74274901225,"(1320, 1176, 0)","(1320.0, 1176.0, 0)"
2555,511,0,XR6_x3_x1,0.0,0.0,0.0,"(2101, 1265, 90)","(2101.0, 1265.0, 90)"
2556,511,1,XM6_x3_x1,0.0,0.0,0.0,"(2290, 1665, 180)","(2290.0, 1784.0, 180)"
2557,511,2,XM3_x3_x1,0.0,0.0,0.0,"(928, 346, 180)","(928.0, 346.0, 180)"
2558,511,3,XDL_XM1_XM2_x3_x1,0.0,0.0,0.0,"(629, 2527, 180)","(629.0, 2527.0, 180)"
2559,511,4,XM4_x3_x1,-14060.241130081962,13441.0,383459.57718518504,"(2180, 1356, 0)","(2180.0, 1505.0, 0)"
2560,512,0,XM6_x3_x1,0.0,0.0,0.0,"(97, 1253, 90)","(97.0, 1253.0, 90)"
2561,512,1,XM3_x3_x1,0.0,0.0,0.0,"(704, 2315, 0)","(704.0, 2315.0, 0)"
2562,512,2,XR6_x3_x1,0.0,0.0,0.0,"(931, 1566, 180)","(931.0, 1566.0, 180)"
2563,512,3,XM4_x3_x1,0.0,0.0,0.0,"(2547, 574, 90)","(2547.0, 574.0, 90)"
2564,512,4,XDL_XM1_XM2_x3_x1,-15219.449979702023,14596.0,388689.87719045294,"(109, 2557, 90)","(109.0, 2557.0, 90)"
2565,513,0,XM3_x3_x1,0.0,0.0,0.0,"(1841, 1677, 90)","(1841.0, 1677.0, 90)"
2566,513,1,XM4_x3_x1,0.0,0.0,0.0,"(2242, 290, 180)","(2242.0, 290.0, 180)"
2567,513,2,XM6_x3_x1,0.0,0.0,0.0,"(1301, 542, 90)","(1301.0, 542.0, 90)"
2568,513,3,XR6_x3_x1,0.0,0.0,0.0,"(515, 2226, 90)","(515.0, 2226.0, 90)"
2569,513,4,XDL_XM1_XM2_x3_x1,-13398.735077440131,12910.0,238861.97592041048,"(2003, 2575, 270)","(2003.0, 2575.0, 270)"
2570,514,0,XM3_x3_x1,0.0,0.0,0.0,"(1774, 722, 270)","(1774.0, 722.0, 270)"
2571,514,1,XM4_x3_x1,0.0,0.0,0.0,"(2175, 168, 0)","(2175.0, 168.0, 0)"
2572,514,2,XDL_XM1_XM2_x3_x1,0.0,0.0,0.0,"(2181, 2532, 90)","(2181.0, 2532.0, 90)"
2573,514,3,XM6_x3_x1,0.0,0.0,0.0,"(1361, 2209, 0)","(1361.0, 2209.0, 0)"
2574,514,4,XR6_x3_x1,-11020.157208149816,10567.0,205351.45529813637,"(1364, 756, 180)","(1364.0, 756.0, 180)"
2575,515,0,XM6_x3_x1,0.0,0.0,0.0,"(22, 1846, 180)","(22.0, 1846.0, 180)"
2576,515,1,XM4_x3_x1,0.0,0.0,0.0,"(1485, 1174, 180)","(1485.0, 1174.0, 180)"
2577,515,2,XDL_XM1_XM2_x3_x1,0.0,0.0,0.0,"(1922, 411, 90)","(1922.0, 411.0, 90)"
2578,515,3,XR6_x3_x1,0.0,0.0,0.0,"(2426, 1996, 270)","(2426.0, 1996.0, 270)"
2579,515,4,XM3_x3_x1,-14072.618262160753,13492.0,337117.56635457283,"(1193, 256, 90)","(1193.0, 256.0, 90)"
2580,516,0,XR6_x3_x1,0.0,0.0,0.0,"(2543, 905, 90)","(2543.0, 905.0, 90)"
2581,516,1,XDL_XM1_XM2_x3_x1,0.0,0.0,0.0,"(1636, 1518, 90)","(1636.0, 1518.0, 90)"
2582,516,2,XM6_x3_x1,0.0,0.0,0.0,"(2210, 1640, 270)","(2210.0, 1640.0, 270)"
2583,516,3,XM4_x3_x1,0.0,0.0,0.0,"(1988, 777, 180)","(1988.0, 777.0, 180)"
2584,516,4,XM3_x3_x1,-13168.106364465857,12481.0,472115.15608948644,"(257, 1713, 180)","(257.0, 1713.0, 180)"
2585,517,0,XM4_x3_x1,0.0,0.0,0.0,"(43, 571, 90)","(43.0, 571.0, 90)"
2586,517,1,XM3_x3_x1,0.0,0.0,0.0,"(1925, 544, 90)","(2112.0, 544.0, 90)"
2587,517,2,XM6_x3_x1,0.0,0.0,0.0,"(438, 566, 90)","(438.0, 566.0, 90)"
2588,517,3,XDL_XM1_XM2_x3_x1,0.0,0.0,0.0,"(1604, 268, 90)","(1604.0, 268.0, 90)"
2589,517,4,XR6_x3_x1,-13552.068194862357,13027.0,275696.6092560138,"(707, 2199, 90)","(707.0, 2199.0, 90)"
2590,518,0,XM6_x3_x1,0.0,0.0,0.0,"(2474, 119, 0)","(2474.0, 119.0, 0)"
2591,518,1,XDL_XM1_XM2_x3_x1,0.0,0.0,0.0,"(2150, 1113, 180)","(2444.0, 1113.0, 180)"
2592,518,2,XM4_x3_x1,0.0,0.0,0.0,"(1760, 926, 270)","(1760.0, 926.0, 270)"
2593,518,3,XR6_x3_x1,0.0,0.0,0.0,"(2131, 789, 0)","(2131.0, 789.0, 0)"
2594,518,4,XM3_x3_x1,-8241.30588162412,7793.0,200978.16349877944,"(1546, 1095, 90)","(1481.0, 1095.0, 90)"
2595,519,0,XDL_XM1_XM2_x3_x1,0.0,0.0,0.0,"(2103, 671, 90)","(2103.0, 671.0, 90)"
2596,519,1,XM4_x3_x1,0.0,0.0,0.0,"(2301, 1769, 0)","(2301.0, 1769.0, 0)"
2597,519,2,XR6_x3_x1,0.0,0.0,0.0,"(1597, 2116, 0)","(1597.0, 2116.0, 0)"
2598,519,3,XM6_x3_x1,0.0,0.0,0.0,"(2402, 1709, 270)","(2638.5, 1709.0, 270)"
2599,519,4,XM3_x3_x1,-13000.817431862442,12493.0,257878.54410336702,"(289, 2019, 0)","(289.0, 2019.0, 0)"
2600,520,0,XM3_x3_x1,0.0,0.0,0.0,"(1035, 163, 0)","(1035.0, 163.0, 0)"
2601,520,1,XM6_x3_x1,0.0,0.0,0.0,"(1605, 937, 270)","(1605.0, 1459.5, 270)"
2602,520,2,XR6_x3_x1,0.0,0.0,0.0,"(1251, 877, 180)","(1251.0, 877.0, 180)"
2603,520,3,XDL_XM1_XM2_x3_x1,0.0,0.0,0.0,"(1469, 1049, 90)","(1720.0, 1049.0, 90)"
2604,520,4,XM4_x3_x1,-9640.680094613768,9136.0,254701.99789936136,"(1272, 1794, 180)","(1272.0, 1797.0, 180)"
2605,521,0,XM4_x3_x1,0.0,0.0,0.0,"(2, 739, 180)","(2.0, 739.0, 180)"
2606,521,1,XR6_x3_x1,0.0,0.0,0.0,"(700, 2241, 180)","(700.0, 2241.0, 180)"
2607,521,2,XM3_x3_x1,0.0,0.0,0.0,"(2413, 799, 90)","(2463.5, 799.0, 90)"
2608,521,3,XM6_x3_x1,0.0,0.0,0.0,"(2126, 612, 0)","(2126.0, 612.0, 0)"
2609,521,4,XDL_XM1_XM2_x3_x1,-15471.184106472258,14954.0,267479.3999875066,"(1775, 62, 180)","(1775.0, 62.0, 180)"
2610,522,0,XM3_x3_x1,0.0,0.0,0.0,"(1414, 670, 270)","(1307.5, 670.0, 270)"
2611,522,1,XDL_XM1_XM2_x3_x1,0.0,0.0,0.0,"(2467, 1410, 180)","(2467.0, 1410.0, 180)"
2612,522,2,XM4_x3_x1,0.0,0.0,0.0,"(2121, 627, 90)","(2121.0, 627.0, 90)"
2613,522,3,XR6_x3_x1,0.0,0.0,0.0,"(458, 2393, 0)","(458.0, 2393.0, 0)"
2614,522,4,XM6_x3_x1,-11530.882090623238,11081.5,201944.26337291152,"(1645, 675, 0)","(1645.0, 675.0, 0)"
2615,523,0,XR6_x3_x1,0.0,0.0,0.0,"(805, 2149, 90)","(805.0, 2149.0, 90)"
2616,523,1,XM6_x3_x1,0.0,0.0,0.0,"(2185, 429, 270)","(2185.0, 429.0, 270)"
2617,523,2,XM4_x3_x1,0.0,0.0,0.0,"(2131, 1476, 270)","(2131.0, 1476.0, 270)"
2618,523,3,XM3_x3_x1,0.0,0.0,0.0,"(2375, 979, 180)","(2375.0, 979.0, 180)"
2619,523,4,XDL_XM1_XM2_x3_x1,-11539.79278351477,11082.0,209574.23263819973,"(2520, 2025, 180)","(2520.0, 2025.0, 180)"
2620,524,0,XDL_XM1_XM2_x3_x1,0.0,0.0,0.0,"(366, 432, 90)","(366.0, 432.0, 90)"
2621,524,1,XM3_x3_x1,0.0,0.0,0.0,"(1084, 842, 0)","(1084.0, 842.0, 0)"
2622,524,2,XM4_x3_x1,0.0,0.0,0.0,"(2237, 286, 0)","(2237.0, 286.0, 0)"
2623,524,3,XR6_x3_x1,0.0,0.0,0.0,"(199, 1592, 180)","(199.0, 1592.0, 180)"
2624,524,4,XM6_x3_x1,-12039.359278977929,11531.0,258429.1565229603,"(1882, 947, 180)","(1882.0, 947.0, 180)"
2625,525,0,XM3_x3_x1,0.0,0.0,0.0,"(1462, 644, 180)","(1462.0, 644.0, 180)"
2626,525,1,XDL_XM1_XM2_x3_x1,0.0,0.0,0.0,"(411, 614, 90)","(411.0, 614.0, 90)"
2627,525,2,XM4_x3_x1,0.0,0.0,0.0,"(836, 1844, 90)","(836.0, 1844.0, 90)"
2628,525,3,XM6_x3_x1,0.0,0.0,0.0,"(728, 2397, 90)","(728.0, 2397.0, 90)"
2629,525,4,XR6_x3_x1,-12651.486421561098,12087.0,318644.9201268538,"(201, 259, 90)","(201.0, 259.0, 90)"
2630,526,0,XM6_x3_x1,0.0,0.0,0.0,"(419, 237, 90)","(419.0, 237.0, 90)"
2631,526,1,XR6_x3_x1,0.0,0.0,0.0,"(398, 1382, 270)","(398.0, 1382.0, 270)"
2632,526,2,XDL_XM1_XM2_x3_x1,0.0,0.0,0.0,"(194, 1438, 90)","(194.0, 1695.0, 90)"
2633,526,3,XM3_x3_x1,0.0,0.0,0.0,"(2292, 1272, 180)","(2292.0, 1272.0, 180)"
2634,526,4,XM4_x3_x1,-15947.934433664695,15319.0,395558.521849132,"(2450, 2490, 180)","(2450.0, 2490.0, 180)"
2635,527,0,XM4_x3_x1,0.0,0.0,0.0,"(247, 1914, 270)","(247.0, 1914.0, 270)"
2636,527,1,XM3_x3_x1,0.0,0.0,0.0,"(8, 323, 180)","(8.0, 323.0, 180)"
2637,527,2,XR6_x3_x1,0.0,0.0,0.0,"(2223, 1995, 270)","(2223.0, 2259.0, 270)"
2638,527,3,XDL_XM1_XM2_x3_x1,0.0,0.0,0.0,"(2100, 1946, 90)","(2100.0, 1946.0, 90)"
2639,527,4,XM6_x3_x1,-17901.999661405007,17084.0,669123.4460587061,"(428, 2304, 0)","(428.0, 2304.0, 0)"
2640,528,0,XM6_x3_x1,0.0,0.0,0.0,"(1099, 2404, 0)","(1099.0, 2404.0, 0)"
2641,528,1,XM3_x3_x1,0.0,0.0,0.0,"(1548, 2445, 0)","(1548.0, 2445.0, 0)"
2642,528,2,XM4_x3_x1,0.0,0.0,0.0,"(373, 1581, 90)","(373.0, 1617.5, 90)"
2643,528,3,XR6_x3_x1,0.0,0.0,0.0,"(482, 1319, 90)","(482.0, 1319.0, 90)"
2644,528,4,XDL_XM1_XM2_x3_x1,-12853.781991644402,12236.0,381654.5892001253,"(1298, 232, 0)","(1298.0, 232.0, 0)"
2645,529,0,XM3_x3_x1,0.0,0.0,0.0,"(626, 1499, 90)","(626.0, 1499.0, 90)"
2646,529,1,XM6_x3_x1,0.0,0.0,0.0,"(130, 1513, 90)","(130.0, 1513.0, 90)"
2647,529,2,XDL_XM1_XM2_x3_x1,0.0,0.0,0.0,"(454, 2236, 90)","(454.0, 2236.0, 90)"
2648,529,3,XR6_x3_x1,0.0,0.0,0.0,"(781, 339, 90)","(781.0, 339.0, 90)"
2649,529,4,XM4_x3_x1,-12355.421555613699,11832.0,273970.1248810651,"(1967, 648, 0)","(1967.0, 648.0, 0)"
2650,530,0,XM3_x3_x1,0.0,0.0,0.0,"(1363, 85, 90)","(1363.0, 85.0, 90)"
2651,530,1,XM6_x3_x1,0.0,0.0,0.0,"(1867, 315, 90)","(1867.0, 315.0, 90)"
2652,530,2,XM4_x3_x1,0.0,0.0,0.0,"(1148, 2003, 0)","(1148.0, 2003.0, 0)"
2653,530,3,XDL_XM1_XM2_x3_x1,0.0,0.0,0.0,"(623, 2382, 90)","(623.0, 2382.0, 90)"
2654,530,4,XR6_x3_x1,-14626.840580429269,13988.0,408117.28720320493,"(123, 1872, 0)","(123.0, 1872.0, 0)"
2655,531,0,XM6_x3_x1,0.0,0.0,0.0,"(1850, 650, 90)","(1850.0, 650.0, 90)"
2656,531,1,XR6_x3_x1,0.0,0.0,0.0,"(1935, 195, 180)","(1935.0, 111.0, 180)"
2657,531,2,XDL_XM1_XM2_x3_x1,0.0,0.0,0.0,"(1725, 1820, 90)","(1725.0, 1820.0, 90)"
2658,531,3,XM3_x3_x1,0.0,0.0,0.0,"(1358, 735, 180)","(1358.0, 735.0, 180)"
2659,531,4,XM4_x3_x1,-8583.230936233611,8195.5,150335.27891259294,"(1153, 692, 90)","(1020.5, 692.0, 90)"
2660,532,0,XM6_x3_x1,0.0,0.0,0.0,"(2061, 1341, 90)","(2061.0, 1341.0, 90)"
2661,532,1,XR6_x3_x1,0.0,0.0,0.0,"(1230, 1357, 0)","(1230.0, 1357.0, 0)"
2662,532,2,XM4_x3_x1,0.0,0.0,0.0,"(2168, 744, 270)","(2168.0, 744.0, 270)"
2663,532,3,XM3_x3_x1,0.0,0.0,0.0,"(641, 1044, 0)","(641.0, 1044.0, 0)"
2664,532,4,XDL_XM1_XM2_x3_x1,-9865.255218185517,9376.0,239370.66852175788,"(1133, 1737, 180)","(917.0, 1737.0, 180)"
2665,533,0,XR6_x3_x1,0.0,0.0,0.0,"(1561, 447, 180)","(1561.0, 447.0, 180)"
2666,533,1,XM6_x3_x1,0.0,0.0,0.0,"(1138, 1552, 270)","(1138.0, 1552.0, 270)"
2667,533,2,XDL_XM1_XM2_x3_x1,0.0,0.0,0.0,"(813, 2060, 180)","(786.0, 2060.0, 180)"
2668,533,3,XM4_x3_x1,0.0,0.0,0.0,"(428, 1667, 180)","(375.5, 1667.0, 180)"
2669,533,4,XM3_x3_x1,-9721.892099445384,9309.5,170067.2436849717,"(1331, 2424, 0)","(1331.0, 2424.0, 0)"
2670,534,0,XM6_x3_x1,0.0,0.0,0.0,"(1902, 28, 180)","(1902.0, -88.5, 180)"
2671,534,1,XM4_x3_x1,0.0,0.0,0.0,"(2122, 1468, 180)","(2122.0, 1468.0, 180)"
2672,534,2,XDL_XM1_XM2_x3_x1,0.0,0.0,0.0,"(1372, 1911, 0)","(1372.0, 1973.0, 0)"
2673,534,3,XM3_x3_x1,0.0,0.0,0.0,"(1674, 1465, 0)","(1674.0, 1465.0, 0)"
2674,534,4,XR6_x3_x1,-9006.801615327417,8645.0,130900.40885352826,"(2195, 392, 180)","(2195.0, 392.0, 180)"
2675,535,0,XM3_x3_x1,0.0,0.0,0.0,"(638, 2540, 90)","(638.0, 2540.0, 90)"
2676,535,1,XM6_x3_x1,0.0,0.0,0.0,"(213, 2000, 270)","(213.0, 2000.0, 270)"
2677,535,2,XDL_XM1_XM2_x3_x1,0.0,0.0,0.0,"(1257, 1648, 90)","(1257.0, 1648.0, 90)"
2678,535,3,XR6_x3_x1,0.0,0.0,0.0,"(1912, 1358, 180)","(2005.0, 1358.0, 180)"
2679,535,4,XM4_x3_x1,-11678.519151758435,11051.0,393780.2858236267,"(1517, 1679, 90)","(1765.0, 1679.0, 90)"
2680,536,0,XM6_x3_x1,0.0,0.0,0.0,"(2360, 2594, 90)","(2360.0, 2594.0, 90)"
2681,536,1,XM3_x3_x1,0.0,0.0,0.0,"(1153, 297, 180)","(1153.0, 297.0, 180)"
2682,536,2,XR6_x3_x1,0.0,0.0,0.0,"(1961, 1145, 270)","(1961.0, 1145.0, 270)"
2683,536,3,XDL_XM1_XM2_x3_x1,0.0,0.0,0.0,"(1982, 2272, 180)","(1982.0, 2272.0, 180)"
2684,536,4,XM4_x3_x1,-13077.841621116271,12451.0,392930.417963674,"(2271, 789, 90)","(2271.0, 789.0, 90)"
2685,537,0,XM6_x3_x1,0.0,0.0,0.0,"(1130, 2046, 0)","(1130.0, 2046.0, 0)"
2686,537,1,XDL_XM1_XM2_x3_x1,0.0,0.0,0.0,"(2181, 2156, 270)","(2181.0, 2156.0, 270)"
2687,537,2,XM3_x3_x1,0.0,0.0,0.0,"(2503, 2233, 90)","(2689.0, 2233.0, 90)"
2688,537,3,XM4_x3_x1,0.0,0.0,0.0,"(282, 706, 0)","(282.0, 706.0, 0)"
2689,537,4,XR6_x3_x1,-15488.095042106746,14788.0,490133.0679824469,"(1410, 1350, 180)","(1410.0, 1350.0, 180)"
2690,538,0,XDL_XM1_XM2_x3_x1,0.0,0.0,0.0,"(2279, 14, 90)","(2279.0, 14.0, 90)"
2691,538,1,XM4_x3_x1,0.0,0.0,0.0,"(1797, 1206, 0)","(1797.0, 1206.0, 0)"
2692,538,2,XM6_x3_x1,0.0,0.0,0.0,"(607, 1262, 90)","(607.0, 1262.0, 90)"
2693,538,3,XM3_x3_x1,0.0,0.0,0.0,"(2487, 2459, 0)","(2487.0, 2459.0, 0)"
2694,538,4,XR6_x3_x1,-18337.78412815175,17591.0,557686.5340593677,"(281, 228, 90)","(281.0, 228.0, 90)"
2695,539,0,XM6_x3_x1,0.0,0.0,0.0,"(1020, 451, 90)","(1020.0, 451.0, 90)"
2696,539,1,XM3_x3_x1,0.0,0.0,0.0,"(1886, 1567, 180)","(1886.0, 1567.0, 180)"
2697,539,2,XM4_x3_x1,0.0,0.0,0.0,"(340, 1085, 90)","(340.0, 1085.0, 90)"
2698,539,3,XDL_XM1_XM2_x3_x1,0.0,0.0,0.0,"(42, 1933, 270)","(42.0, 1933.0, 270)"
2699,539,4,XR6_x3_x1,-11508.305668297337,11008.0,250305.76173044514,"(997, 1415, 180)","(997.0, 1415.0, 180)"
2700,540,0,XM4_x3_x1,0.0,0.0,0.0,"(1309, 2391, 270)","(1309.0, 2391.0, 270)"
2701,540,1,XM6_x3_x1,0.0,0.0,0.0,"(614, 1724, 270)","(614.0, 1724.0, 270)"
2702,540,2,XM3_x3_x1,0.0,0.0,0.0,"(1063, 1873, 90)","(1063.0, 1873.0, 90)"
2703,540,3,XR6_x3_x1,0.0,0.0,0.0,"(2055, 1151, 90)","(2055.0, 1151.0, 90)"
2704,540,4,XDL_XM1_XM2_x3_x1,-9636.0377595771,9163.0,223764.72198572266,"(1989, 1650, 0)","(1989.0, 1650.0, 0)"
2705,541,0,XM4_x3_x1,0.0,0.0,0.0,"(1375, 2430, 180)","(1375.0, 2430.0, 180)"
2706,541,1,XM6_x3_x1,0.0,0.0,0.0,"(2502, 2159, 270)","(2502.0, 2159.0, 270)"
2707,541,2,XR6_x3_x1,0.0,0.0,0.0,"(2037, 2184, 270)","(2021.5, 2184.0, 270)"
2708,541,3,XDL_XM1_XM2_x3_x1,0.0,0.0,0.0,"(1460, 876, 0)","(1460.0, 876.0, 0)"
2709,541,4,XM3_x3_x1,-9697.146838076746,9233.5,214968.3904585636,"(2426, 1673, 0)","(2426.0, 1673.0, 0)"
2710,542,0,XDL_XM1_XM2_x3_x1,0.0,0.0,0.0,"(1770, 986, 90)","(1539.0, 986.0, 90)"
2711,542,1,XR6_x3_x1,0.0,0.0,0.0,"(2008, 942, 0)","(2008.0, 942.0, 0)"
2712,542,2,XM4_x3_x1,0.0,0.0,0.0,"(1899, 1563, 0)","(1899.0, 1563.0, 0)"
2713,542,3,XM3_x3_x1,0.0,0.0,0.0,"(2579, 1424, 270)","(2579.0, 1424.0, 270)"
2714,542,4,XM6_x3_x1,-7819.539435937663,7355.0,215796.8875412823,"(2478, 919, 0)","(2478.0, 919.0, 0)"
2715,543,0,XR6_x3_x1,0.0,0.0,0.0,"(2253, 1674, 90)","(2253.0, 1674.0, 90)"
2716,543,1,XDL_XM1_XM2_x3_x1,0.0,0.0,0.0,"(79, 1329, 90)","(79.0, 1329.0, 90)"
2717,543,2,XM4_x3_x1,0.0,0.0,0.0,"(1222, 1699, 180)","(1222.0, 1699.0, 180)"
2718,543,3,XM3_x3_x1,0.0,0.0,0.0,"(138, 906, 270)","(138.0, 906.0, 270)"
2719,543,4,XM6_x3_x1,-12578.131614421482,11960.0,382086.69274730736,"(2413, 1677, 90)","(2413.0, 1375.5, 90)"
2720,544,0,XM6_x3_x1,0.0,0.0,0.0,"(410, 1531, 180)","(410.0, 1531.0, 180)"
2721,544,1,XR6_x3_x1,0.0,0.0,0.0,"(14, 590, 0)","(14.0, 590.0, 0)"
2722,544,2,XDL_XM1_XM2_x3_x1,0.0,0.0,0.0,"(666, 887, 0)","(666.0, 887.0, 0)"
2723,544,3,XM4_x3_x1,0.0,0.0,0.0,"(1096, 1936, 180)","(1096.0, 1936.0, 180)"
2724,544,4,XM3_x3_x1,-9719.395951897122,9261.0,210126.8487156691,"(1302, 941, 90)","(1302.0, 941.0, 90)"
2725,545,0,XM4_x3_x1,0.0,0.0,0.0,"(1207, 2270, 0)","(1207.0, 2270.0, 0)"
2726,545,1,XDL_XM1_XM2_x3_x1,0.0,0.0,0.0,"(644, 9, 180)","(644.0, 9.0, 180)"
2727,545,2,XM3_x3_x1,0.0,0.0,0.0,"(1174, 1261, 90)","(1174.0, 1261.0, 90)"
2728,545,3,XR6_x3_x1,0.0,0.0,0.0,"(1720, 1144, 180)","(1720.0, 1144.0, 180)"
2729,545,4,XM6_x3_x1,-10723.254031734354,10277.0,199142.66083916542,"(311, 1414, 90)","(311.0, 1414.0, 90)"
2730,546,0,XR6_x3_x1,0.0,0.0,0.0,"(2347, 1067, 270)","(2347.0, 1067.0, 270)"
2731,546,1,XM4_x3_x1,0.0,0.0,0.0,"(535, 1230, 90)","(535.0, 1230.0, 90)"
2732,546,2,XDL_XM1_XM2_x3_x1,0.0,0.0,0.0,"(858, 1714, 270)","(858.0, 1714.0, 270)"
2733,546,3,XM3_x3_x1,0.0,0.0,0.0,"(1903, 756, 180)","(1903.0, 756.0, 180)"
2734,546,4,XM6_x3_x1,-9923.664931050675,9466.0,209457.18911361895,"(1921, 1434, 0)","(1921.0, 1434.0, 0)"
2735,547,0,XR6_x3_x1,0.0,0.0,0.0,"(537, 257, 90)","(537.0, 257.0, 90)"
2736,547,1,XDL_XM1_XM2_x3_x1,0.0,0.0,0.0,"(1467, 1082, 0)","(1467.0, 1082.0, 0)"
2737,547,2,XM6_x3_x1,0.0,0.0,0.0,"(72, 769, 90)","(72.0, 769.0, 90)"
2738,547,3,XM4_x3_x1,0.0,0.0,0.0,"(1116, 180, 180)","(1116.0, 180.0, 180)"
2739,547,4,XM3_x3_x1,-13232.098631601375,12623.0,371001.1430186667,"(223, 2165, 0)","(223.0, 2165.0, 0)"
2740,548,0,XDL_XM1_XM2_x3_x1,0.0,0.0,0.0,"(1215, 381, 270)","(1215.0, 381.0, 270)"
2741,548,1,XM6_x3_x1,0.0,0.0,0.0,"(729, 1389, 270)","(729.0, 1389.0, 270)"
2742,548,2,XM4_x3_x1,0.0,0.0,0.0,"(2476, 1372, 90)","(2476.0, 1372.0, 90)"
2743,548,3,XM3_x3_x1,0.0,0.0,0.0,"(2197, 2212, 180)","(2197.0, 2212.0, 180)"
2744,548,4,XR6_x3_x1,-11500.72615725636,11045.0,207686.3304076482,"(1548, 2449, 0)","(1548.0, 2449.0, 0)"
2745,549,0,XR6_x3_x1,0.0,0.0,0.0,"(173, 1310, 180)","(173.0, 1310.0, 180)"
2746,549,1,XM4_x3_x1,0.0,0.0,0.0,"(1070, 877, 0)","(1070.0, 877.0, 0)"
2747,549,2,XDL_XM1_XM2_x3_x1,0.0,0.0,0.0,"(1951, 537, 0)","(1951.0, 537.0, 0)"
2748,549,3,XM3_x3_x1,0.0,0.0,0.0,"(2185, 1447, 270)","(2185.0, 1447.0, 270)"
2749,549,4,XM6_x3_x1,-11866.083866876266,11418.0,200779.15175478812,"(2025, 2329, 0)","(2025.0, 2329.0, 0)"
2750,550,0,XM6_x3_x1,0.0,0.0,0.0,"(1868, 1657, 90)","(1868.0, 1657.0, 90)"
2751,550,1,XM4_x3_x1,0.0,0.0,0.0,"(1562, 1018, 90)","(1562.0, 1018.0, 90)"
2752,550,2,XM3_x3_x1,0.0,0.0,0.0,"(698, 770, 90)","(698.0, 770.0, 90)"
2753,550,3,XR6_x3_x1,0.0,0.0,0.0,"(2503, 2184, 270)","(2503.0, 2184.0, 270)"
2754,550,4,XDL_XM1_XM2_x3_x1,-14330.14126709772,13788.0,293917.15349032247,"(37, 348, 90)","(37.0, 348.0, 90)"
2755,551,0,XM4_x3_x1,0.0,0.0,0.0,"(1192, 2254, 0)","(1192.0, 2254.0, 0)"
2756,551,1,XM6_x3_x1,0.0,0.0,0.0,"(1340, 139, 90)","(1340.0, 139.0, 90)"
2757,551,2,XDL_XM1_XM2_x3_x1,0.0,0.0,0.0,"(346, 1120, 180)","(346.0, 1120.0, 180)"
2758,551,3,XR6_x3_x1,0.0,0.0,0.0,"(2385, 715, 0)","(2385.0, 715.0, 0)"
2759,551,4,XM3_x3_x1,-15908.723930461067,15221.0,472964.2045288175,"(101, 2274, 90)","(101.0, 2274.0, 90)"
2760,552,0,XR6_x3_x1,0.0,0.0,0.0,"(1321, 553, 180)","(1321.0, 553.0, 180)"
2761,552,1,XDL_XM1_XM2_x3_x1,0.0,0.0,0.0,"(1736, 814, 180)","(1736.0, 814.0, 180)"
2762,552,2,XM4_x3_x1,0.0,0.0,0.0,"(474, 2438, 90)","(303.0, 2438.0, 90)"
2763,552,3,XM3_x3_x1,0.0,0.0,0.0,"(582, 2448, 90)","(582.0, 2448.0, 90)"
2764,552,4,XM6_x3_x1,-13600.783246511568,12954.0,418328.56796804385,"(1360, 2101, 180)","(1360.0, 2101.0, 180)"
2765,553,0,XDL_XM1_XM2_x3_x1,0.0,0.0,0.0,"(282, 756, 90)","(282.0, 756.0, 90)"
2766,553,1,XM4_x3_x1,0.0,0.0,0.0,"(1569, 1249, 90)","(1569.0, 1249.0, 90)"
2767,553,2,XM6_x3_x1,0.0,0.0,0.0,"(795, 1417, 180)","(795.0, 1417.0, 180)"
2768,553,3,XR6_x3_x1,0.0,0.0,0.0,"(1314, 38, 90)","(1314.0, 38.0, 90)"
2769,553,4,XM3_x3_x1,-11634.590856582407,11032.0,363115.7404367181,"(111, 1612, 180)","(111.0, 1612.0, 180)"
2770,554,0,XM4_x3_x1,0.0,0.0,0.0,"(1413, 1621, 90)","(1413.0, 1621.0, 90)"
2771,554,1,XR6_x3_x1,0.0,0.0,0.0,"(971, 116, 0)","(971.0, 116.0, 0)"
2772,554,2,XDL_XM1_XM2_x3_x1,0.0,0.0,0.0,"(326, 1383, 90)","(326.0, 1383.0, 90)"
2773,554,3,XM3_x3_x1,0.0,0.0,0.0,"(1403, 164, 90)","(1403.0, 164.0, 90)"
2774,554,4,XM6_x3_x1,-11693.512692915334,11248.0,198481.55954867328,"(2590, 1617, 90)","(2590.0, 1617.0, 90)"
2775,555,0,XM4_x3_x1,0.0,0.0,0.0,"(1115, 1638, 270)","(1115.0, 1638.0, 270)"
2776,555,1,XR6_x3_x1,0.0,0.0,0.0,"(1125, 2209, 270)","(1125.0, 2430.5, 270)"
2777,555,2,XM3_x3_x1,0.0,0.0,0.0,"(1191, 2132, 270)","(1191.0, 2132.0, 270)"
2778,555,3,XDL_XM1_XM2_x3_x1,0.0,0.0,0.0,"(2003, 574, 180)","(2003.0, 574.0, 180)"
2779,555,4,XM6_x3_x1,-10450.253276885142,10016.0,188575.9084854841,"(713, 210, 0)","(713.0, 210.0, 0)"
2780,556,0,XDL_XM1_XM2_x3_x1,0.0,0.0,0.0,"(83, 1148, 180)","(83.0, 1148.0, 180)"
2781,556,1,XM4_x3_x1,0.0,0.0,0.0,"(1434, 2075, 90)","(1434.0, 2075.0, 90)"
2782,556,2,XM6_x3_x1,0.0,0.0,0.0,"(2602, 1750, 0)","(2602.0, 1750.0, 0)"
2783,556,3,XM3_x3_x1,0.0,0.0,0.0,"(194, 2156, 90)","(194.0, 2156.0, 90)"
2784,556,4,XR6_x3_x1,-15245.80770124783,14647.0,358570.66307370993,"(1125, 38, 90)","(1125.0, 38.0, 90)"
2785,557,0,XDL_XM1_XM2_x3_x1,0.0,0.0,0.0,"(2334, 2044, 180)","(2363.5, 2044.0, 180)"
2786,557,1,XM6_x3_x1,0.0,0.0,0.0,"(659, 1502, 90)","(659.0, 1502.0, 90)"
2787,557,2,XM4_x3_x1,0.0,0.0,0.0,"(1833, 508, 90)","(1833.0, 508.0, 90)"
2788,557,3,XM3_x3_x1,0.0,0.0,0.0,"(455, 1527, 180)","(321.5, 1527.0, 180)"
2789,557,4,XR6_x3_x1,-13613.678585112277,13008.0,366846.54846360994,"(1810, 1807, 270)","(1810.0, 1807.0, 270)"
2790,558,0,XDL_XM1_XM2_x3_x1,0.0,0.0,0.0,"(833, 1070, 90)","(833.0, 1070.0, 90)"
2791,558,1,XM4_x3_x1,0.0,0.0,0.0,"(1376, 1183, 90)","(1376.0, 1183.0, 90)"
2792,558,2,XM6_x3_x1,0.0,0.0,0.0,"(1623, 1628, 90)","(1623.0, 1628.0, 90)"
2793,558,3,XR6_x3_x1,0.0,0.0,0.0,"(293, 1895, 180)","(293.0, 1895.0, 180)"
2794,558,4,XM3_x3_x1,-11075.27819715204,10630.0,198272.6728589706,"(2303, 1618, 180)","(2303.0, 1618.0, 180)"
2795,559,0,XM6_x3_x1,0.0,0.0,0.0,"(286, 2463, 0)","(286.0, 2463.0, 0)"
2796,559,1,XR6_x3_x1,0.0,0.0,0.0,"(127, 1696, 90)","(127.0, 1696.0, 90)"
2797,559,2,XDL_XM1_XM2_x3_x1,0.0,0.0,0.0,"(2348, 237, 0)","(2348.0, 237.0, 0)"
2798,559,3,XM3_x3_x1,0.0,0.0,0.0,"(1405, 198, 90)","(1405.0, 198.0, 90)"
2799,559,4,XM4_x3_x1,-16920.24152028153,16320.0,360289.882669882,"(1971, 2575, 90)","(1971.0, 2575.0, 90)"
2800,560,0,XM6_x3_x1,0.0,0.0,0.0,"(1510, 1804, 90)","(1510.0, 1804.0, 90)"
2801,560,1,XDL_XM1_XM2_x3_x1,0.0,0.0,0.0,"(1534, 291, 270)","(1534.0, 291.0, 270)"
2802,560,2,XM4_x3_x1,0.0,0.0,0.0,"(801, 872, 90)","(801.0, 872.0, 90)"
2803,560,3,XM3_x3_x1,0.0,0.0,0.0,"(173, 169, 90)","(173.0, 169.0, 90)"
2804,560,4,XR6_x3_x1,-14638.624575386846,13970.0,447058.82281124045,"(2125, 1872, 180)","(2125.0, 1872.0, 180)"
2805,561,0,XDL_XM1_XM2_x3_x1,0.0,0.0,0.0,"(2041, 1677, 90)","(2041.0, 1450.0, 90)"
2806,561,1,XM6_x3_x1,0.0,0.0,0.0,"(1766, 1802, 180)","(1766.0, 1802.0, 180)"
2807,561,2,XM3_x3_x1,0.0,0.0,0.0,"(702, 2142, 0)","(702.0, 2142.0, 0)"
2808,561,3,XM4_x3_x1,0.0,0.0,0.0,"(603, 2149, 90)","(364.5, 2149.0, 90)"
2809,561,4,XR6_x3_x1,-10861.537428243275,10320.0,293262.78618834034,"(126, 1112, 270)","(126.0, 1112.0, 270)"
2810,562,0,XM4_x3_x1,0.0,0.0,0.0,"(966, 2496, 90)","(966.0, 2496.0, 90)"
2811,562,1,XDL_XM1_XM2_x3_x1,0.0,0.0,0.0,"(203, 769, 90)","(203.0, 769.0, 90)"
2812,562,2,XM3_x3_x1,0.0,0.0,0.0,"(1369, 2130, 180)","(1369.0, 2130.0, 180)"
2813,562,3,XM6_x3_x1,0.0,0.0,0.0,"(209, 681, 180)","(209.0, 417.0, 180)"
2814,562,4,XR6_x3_x1,-14500.932571135247,13835.0,443466.1892988002,"(686, 92, 180)","(686.0, 92.0, 180)"
2815,563,0,XM3_x3_x1,0.0,0.0,0.0,"(776, 494, 180)","(776.0, 494.0, 180)"
2816,563,1,XR6_x3_x1,0.0,0.0,0.0,"(235, 387, 90)","(235.0, 387.0, 90)"
2817,563,2,XM4_x3_x1,0.0,0.0,0.0,"(817, 281, 90)","(817.0, 156.5, 90)"
2818,563,3,XM6_x3_x1,0.0,0.0,0.0,"(871, 1439, 270)","(871.0, 1439.0, 270)"
2819,563,4,XDL_XM1_XM2_x3_x1,-9567.243334770494,9125.5,195137.1738141562,"(546, 2263, 180)","(546.0, 2263.0, 180)"
2820,564,0,XR6_x3_x1,0.0,0.0,0.0,"(1962, 695, 0)","(1962.0, 695.0, 0)"
2821,564,1,XM3_x3_x1,0.0,0.0,0.0,"(52, 1275, 0)","(52.0, 1275.0, 0)"
2822,564,2,XDL_XM1_XM2_x3_x1,0.0,0.0,0.0,"(2491, 1021, 0)","(2491.0, 1021.0, 0)"
2823,564,3,XM6_x3_x1,0.0,0.0,0.0,"(856, 2483, 90)","(856.0, 2483.0, 90)"
2824,564,4,XM4_x3_x1,-15813.48440793659,15202.0,373913.18114956137,"(1008, 1888, 90)","(1008.0, 1888.0, 90)"
2825,565,0,XM3_x3_x1,0.0,0.0,0.0,"(97, 959, 0)","(97.0, 959.0, 0)"
2826,565,1,XM6_x3_x1,0.0,0.0,0.0,"(407, 2411, 90)","(407.0, 2411.0, 90)"
2827,565,2,XM4_x3_x1,0.0,0.0,0.0,"(238, 1896, 180)","(238.0, 1695.0, 180)"
2828,565,3,XR6_x3_x1,0.0,0.0,0.0,"(321, 1935, 90)","(321.0, 1935.0, 90)"
2829,565,4,XDL_XM1_XM2_x3_x1,-9271.584312389217,8810.0,213060.07744382575,"(607, 2574, 180)","(759.0, 2574.0, 180)"
2830,566,0,XM3_x3_x1,0.0,0.0,0.0,"(1132, 2207, 270)","(1132.0, 2207.0, 270)"
2831,566,1,XM4_x3_x1,0.0,0.0,0.0,"(255, 1746, 90)","(255.0, 1746.0, 90)"
2832,566,2,XR6_x3_x1,0.0,0.0,0.0,"(146, 1748, 90)","(146.0, 2044.5, 90)"
2833,566,3,XDL_XM1_XM2_x3_x1,0.0,0.0,0.0,"(1900, 438, 180)","(1900.0, 438.0, 180)"
2834,566,4,XM6_x3_x1,-11326.432948646372,10902.5,179719.14494800754,"(976, 1702, 270)","(976.0, 1702.0, 270)"
2835,567,0,XM3_x3_x1,0.0,0.0,0.0,"(1793, 2215, 270)","(1793.0, 2215.0, 270)"
2836,567,1,XDL_XM1_XM2_x3_x1,0.0,0.0,0.0,"(882, 113, 270)","(882.0, 113.0, 270)"
2837,567,2,XM4_x3_x1,0.0,0.0,0.0,"(889, 2206, 0)","(889.0, 2206.0, 0)"
2838,567,3,XM6_x3_x1,0.0,0.0,0.0,"(2031, 884, 270)","(2031.0, 884.0, 270)"
2839,567,4,XR6_x3_x1,-12876.721661892314,12376.0,250722.18268820085,"(2287, 849, 90)","(2511.5, 849.0, 90)"
2840,568,0,XM6_x3_x1,0.0,0.0,0.0,"(2100, 2581, 0)","(2100.0, 2581.0, 0)"
2841,568,1,XDL_XM1_XM2_x3_x1,0.0,0.0,0.0,"(2320, 55, 90)","(2320.0, -5.5, 90)"
2842,568,2,XM3_x3_x1,0.0,0.0,0.0,"(611, 1003, 0)","(611.0, 1003.0, 0)"
2843,568,3,XM4_x3_x1,0.0,0.0,0.0,"(2059, 405, 90)","(2059.0, 405.0, 90)"
2844,568,4,XR6_x3_x1,-13520.636566123783,13031.0,239743.9668854895,"(516, 1865, 180)","(516.0, 1865.0, 180)"
2845,569,0,XM6_x3_x1,0.0,0.0,0.0,"(2298, 1837, 180)","(2298.0, 1837.0, 180)"
2846,569,1,XDL_XM1_XM2_x3_x1,0.0,0.0,0.0,"(677, 660, 180)","(677.0, 660.0, 180)"
2847,569,2,XR6_x3_x1,0.0,0.0,0.0,"(2177, 277, 0)","(2177.0, 277.0, 0)"
2848,569,3,XM4_x3_x1,0.0,0.0,0.0,"(2057, 2337, 180)","(2057.0, 2337.0, 180)"
2849,569,4,XM3_x3_x1,-14066.906056120788,13499.0,322517.2885786674,"(2487, 2452, 90)","(2487.0, 2452.0, 90)"
2850,570,0,XM4_x3_x1,0.0,0.0,0.0,"(1672, 700, 90)","(1672.0, 700.0, 90)"
2851,570,1,XDL_XM1_XM2_x3_x1,0.0,0.0,0.0,"(2522, 2373, 90)","(2522.0, 2373.0, 90)"
2852,570,2,XR6_x3_x1,0.0,0.0,0.0,"(2068, 1400, 90)","(2068.0, 1400.0, 90)"
2853,570,3,XM3_x3_x1,0.0,0.0,0.0,"(2587, 1771, 90)","(2587.0, 1771.0, 90)"
2854,570,4,XM6_x3_x1,-10649.42070675651,10140.0,259509.45647230136,"(1733, 253, 180)","(1733.0, 253.0, 180)"
2855,571,0,XDL_XM1_XM2_x3_x1,0.0,0.0,0.0,"(544, 1776, 270)","(544.0, 1776.0, 270)"
2856,571,1,XM4_x3_x1,0.0,0.0,0.0,"(254, 217, 0)","(254.0, 217.0, 0)"
2857,571,2,XR6_x3_x1,0.0,0.0,0.0,"(985, 1924, 180)","(1013.0, 1924.0, 180)"
2858,571,3,XM6_x3_x1,0.0,0.0,0.0,"(652, 1011, 90)","(652.0, 1011.0, 90)"
2859,571,4,XM3_x3_x1,-9658.589209499962,9192.0,217705.49042179962,"(396, 1404, 180)","(396.0, 1404.0, 180)"
2860,572,0,XM3_x3_x1,0.0,0.0,0.0,"(2082, 1715, 180)","(2082.0, 1572.0, 180)"
2861,572,1,XR6_x3_x1,0.0,0.0,0.0,"(640, 1724, 0)","(640.0, 1724.0, 0)"
2862,572,2,XM6_x3_x1,0.0,0.0,0.0,"(81, 2158, 90)","(81.0, 2158.0, 90)"
2863,572,3,XDL_XM1_XM2_x3_x1,0.0,0.0,0.0,"(1804, 1924, 270)","(1804.0, 1924.0, 270)"
2864,572,4,XM4_x3_x1,-13580.240498193918,12962.0,382221.31360706326,"(504, 587, 0)","(504.0, 587.0, 0)"
2865,573,0,XM4_x3_x1,0.0,0.0,0.0,"(1707, 1613, 90)","(1707.0, 1613.0, 90)"
2866,573,1,XM6_x3_x1,0.0,0.0,0.0,"(2480, 2374, 180)","(2480.0, 2374.0, 180)"
2867,573,2,XR6_x3_x1,0.0,0.0,0.0,"(1342, 223, 90)","(1342.0, 223.0, 90)"
2868,573,3,XM3_x3_x1,0.0,0.0,0.0,"(704, 1625, 180)","(704.0, 1625.0, 180)"
2869,573,4,XDL_XM1_XM2_x3_x1,-15003.923024061207,14408.0,355124.25060625403,"(417, 33, 270)","(417.0, 33.0, 270)"
2870,574,0,XM4_x3_x1,0.0,0.0,0.0,"(671, 2147, 90)","(671.0, 2147.0, 90)"
2871,574,1,XM3_x3_x1,0.0,0.0,0.0,"(231, 2036, 90)","(231.0, 2036.0, 90)"
2872,574,2,XM6_x3_x1,0.0,0.0,0.0,"(440, 1396, 0)","(440.0, 1396.0, 0)"
2873,574,3,XR6_x3_x1,0.0,0.0,0.0,"(2242, 542, 90)","(2242.0, 542.0, 90)"
2874,574,4,XDL_XM1_XM2_x3_x1,-17293.15494218801,16524.0,591599.3250922442,"(2358, 383, 180)","(2358.0, 73.0, 180)"
2875,575,0,XR6_x3_x1,0.0,0.0,0.0,"(613, 935, 90)","(613.0, 935.0, 90)"
2876,575,1,XDL_XM1_XM2_x3_x1,0.0,0.0,0.0,"(1116, 164, 180)","(1116.0, 164.0, 180)"
2877,575,2,XM4_x3_x1,0.0,0.0,0.0,"(2088, 573, 180)","(2088.0, 573.0, 180)"
2878,575,3,XM6_x3_x1,0.0,0.0,0.0,"(1610, 560, 90)","(1610.0, 560.0, 90)"
2879,575,4,XM3_x3_x1,-11920.58126290218,11356.0,318752.0024202208,"(1964, 1708, 180)","(1964.0, 1708.0, 180)"
2880,576,0,XR6_x3_x1,0.0,0.0,0.0,"(1214, 982, 180)","(1312.0, 982.0, 180)"
2881,576,1,XDL_XM1_XM2_x3_x1,0.0,0.0,0.0,"(999, 1013, 180)","(999.0, 1013.0, 180)"
2882,576,2,XM6_x3_x1,0.0,0.0,0.0,"(1445, 1249, 90)","(1552.0, 1249.0, 90)"
2883,576,3,XM4_x3_x1,0.0,0.0,0.0,"(483, 1001, 180)","(483.0, 1001.0, 180)"
2884,576,4,XM3_x3_x1,-7409.909235020779,6974.0,190016.86117640111,"(821, 471, 270)","(821.0, 446.5, 270)"
2885,577,0,XDL_XM1_XM2_x3_x1,0.0,0.0,0.0,"(550, 1914, 90)","(550.0, 1914.0, 90)"
2886,577,1,XM6_x3_x1,0.0,0.0,0.0,"(1167, 1536, 0)","(1167.0, 1536.0, 0)"
2887,577,2,XM3_x3_x1,0.0,0.0,0.0,"(1947, 1287, 0)","(1947.0, 1287.0, 0)"
2888,577,3,XM4_x3_x1,0.0,0.0,0.0,"(1176, 1166, 0)","(1176.0, 1166.0, 0)"
2889,577,4,XR6_x3_x1,-9498.277334473485,8976.0,272773.614104729,"(1340, 2152, 90)","(1340.0, 2152.0, 90)"
2890,578,0,XM4_x3_x1,0.0,0.0,0.0,"(1838, 1806, 90)","(1838.0, 1806.0, 90)"
2891,578,1,XM3_x3_x1,0.0,0.0,0.0,"(1238, 1596, 270)","(1238.0, 1596.0, 270)"
2892,578,2,XDL_XM1_XM2_x3_x1,0.0,0.0,0.0,"(2527, 1843, 0)","(2527.0, 1843.0, 0)"
2893,578,3,XM6_x3_x1,0.0,0.0,0.0,"(396, 1757, 180)","(396.0, 1757.0, 180)"
2894,578,4,XR6_x3_x1,-10443.729966436891,10021.0,178700.62452373505,"(1943, 678, 270)","(1943.0, 678.0, 270)"
2895,579,0,XR6_x3_x1,0.0,0.0,0.0,"(6, 904, 90)","(6.0, 904.0, 90)"
2896,579,1,XM4_x3_x1,0.0,0.0,0.0,"(2366, 0, 90)","(2366.0, 0.0, 90)"
2897,579,2,XM6_x3_x1,0.0,0.0,0.0,"(729, 729, 90)","(729.0, 729.0, 90)"
2898,579,3,XM3_x3_x1,0.0,0.0,0.0,"(993, 1492, 90)","(993.0, 1492.0, 90)"
2899,579,4,XDL_XM1_XM2_x3_x1,-14878.208808128496,14331.0,299437.47969341034,"(1980, 2358, 90)","(1980.0, 2358.0, 90)"
2900,580,0,XDL_XM1_XM2_x3_x1,0.0,0.0,0.0,"(2228, 867, 0)","(2228.0, 867.0, 0)"
2901,580,1,XM3_x3_x1,0.0,0.0,0.0,"(1937, 2338, 90)","(1937.0, 2338.0, 90)"
2902,580,2,XR6_x3_x1,0.0,0.0,0.0,"(2283, 411, 270)","(2283.0, 398.0, 270)"
2903,580,3,XM4_x3_x1,0.0,0.0,0.0,"(2082, 1958, 180)","(2082.0, 1958.0, 180)"
2904,580,4,XM6_x3_x1,-14297.524511178524,13701.0,355841.49243677827,"(48, 807, 180)","(48.0, 807.0, 180)"
2905,581,0,XDL_XM1_XM2_x3_x1,0.0,0.0,0.0,"(1280, 239, 0)","(1032.0, 239.0, 0)"
2906,581,1,XM4_x3_x1,0.0,0.0,0.0,"(252, 1127, 180)","(252.0, 1127.0, 180)"
2907,581,2,XM6_x3_x1,0.0,0.0,0.0,"(1049, 1463, 90)","(1049.0, 1463.0, 90)"
2908,581,3,XR6_x3_x1,0.0,0.0,0.0,"(1912, 1061, 270)","(1912.0, 1061.0, 270)"
2909,581,4,XM3_x3_x1,-10224.076507472082,9779.0,198093.0975035459,"(1384, 302, 270)","(1384.0, 302.0, 270)"
2910,582,0,XR6_x3_x1,0.0,0.0,0.0,"(1579, 2088, 180)","(1579.0, 2088.0, 180)"
2911,582,1,XM4_x3_x1,0.0,0.0,0.0,"(1357, 2560, 90)","(1339.0, 2560.0, 90)"
2912,582,2,XDL_XM1_XM2_x3_x1,0.0,0.0,0.0,"(2469, 1952, 270)","(2469.0, 1952.0, 270)"
2913,582,3,XM6_x3_x1,0.0,0.0,0.0,"(725, 1537, 180)","(725.0, 1537.0, 180)"
2914,582,4,XM3_x3_x1,-12321.053328585516,11754.0,321549.47745991306,"(100, 1788, 270)","(100.0, 1788.0, 270)"
2915,583,0,XM6_x3_x1,0.0,0.0,0.0,"(842, 2039, 90)","(842.0, 2039.0, 90)"
2916,583,1,XR6_x3_x1,0.0,0.0,0.0,"(1393, 2563, 270)","(1393.0, 2563.0, 270)"
2917,583,2,XM3_x3_x1,0.0,0.0,0.0,"(1491, 1918, 180)","(1491.0, 1918.0, 180)"
2918,583,3,XM4_x3_x1,0.0,0.0,0.0,"(2543, 412, 90)","(2543.0, 412.0, 90)"
2919,583,4,XDL_XM1_XM2_x3_x1,-11949.771615831361,11435.0,264989.8164656308,"(1431, 1080, 270)","(1431.0, 1080.0, 270)"
2920,584,0,XR6_x3_x1,0.0,0.0,0.0,"(2327, 2428, 90)","(2327.0, 2428.0, 90)"
2921,584,1,XM4_x3_x1,0.0,0.0,0.0,"(1496, 951, 0)","(1496.0, 951.0, 0)"
2922,584,2,XDL_XM1_XM2_x3_x1,0.0,0.0,0.0,"(809, 1613, 270)","(809.0, 1613.0, 270)"
2923,584,3,XM6_x3_x1,0.0,0.0,0.0,"(1901, 1941, 180)","(1901.0, 1941.0, 180)"
2924,584,4,XM3_x3_x1,-12949.951352569547,12319.0,398099.60930934217,"(353, 1161, 90)","(353.0, 1161.0, 90)"
2925,585,0,XR6_x3_x1,0.0,0.0,0.0,"(2234, 435, 270)","(2234.0, 435.0, 270)"
2926,585,1,XDL_XM1_XM2_x3_x1,0.0,0.0,0.0,"(1878, 1826, 90)","(1878.0, 1826.0, 90)"
2927,585,2,XM3_x3_x1,0.0,0.0,0.0,"(1662, 2550, 90)","(1662.0, 2550.0, 90)"
2928,585,3,XM4_x3_x1,0.0,0.0,0.0,"(431, 1420, 180)","(431.0, 1420.0, 180)"
2929,585,4,XM6_x3_x1,-14652.393833107972,14068.0,341516.15217462735,"(492, 524, 0)","(492.0, 524.0, 0)"
2930,586,0,XM4_x3_x1,0.0,0.0,0.0,"(2535, 1832, 90)","(2535.0, 1832.0, 90)"
2931,586,1,XM3_x3_x1,0.0,0.0,0.0,"(945, 2014, 0)","(945.0, 2014.0, 0)"
2932,586,2,XDL_XM1_XM2_x3_x1,0.0,0.0,0.0,"(873, 303, 90)","(873.0, 303.0, 90)"
2933,586,3,XM6_x3_x1,0.0,0.0,0.0,"(1962, 1819, 90)","(1962.0, 1819.0, 90)"
2934,586,4,XR6_x3_x1,-11951.708324479307,11445.0,256753.32609662574,"(497, 1406, 270)","(497.0, 1406.0, 270)"
2935,587,0,XM6_x3_x1,0.0,0.0,0.0,"(2409, 676, 180)","(2409.0, 676.0, 180)"
2936,587,1,XR6_x3_x1,0.0,0.0,0.0,"(975, 866, 90)","(975.0, 866.0, 90)"
2937,587,2,XM4_x3_x1,0.0,0.0,0.0,"(2505, 2178, 0)","(2505.0, 2178.0, 0)"
2938,587,3,XDL_XM1_XM2_x3_x1,0.0,0.0,0.0,"(484, 1385, 270)","(484.0, 1385.0, 270)"
2939,587,4,XM3_x3_x1,-14364.434734840974,13754.0,372630.56550036976,"(171, 1446, 0)","(-82.5, 1446.0, 0)"
2940,588,0,XM4_x3_x1,0.0,0.0,0.0,"(146, 284, 90)","(146.0, 284.0, 90)"
2941,588,1,XM6_x3_x1,0.0,0.0,0.0,"(915, 2258, 180)","(915.0, 2258.0, 180)"
2942,588,2,XR6_x3_x1,0.0,0.0,0.0,"(560, 2551, 270)","(560.0, 2551.0, 270)"
2943,588,3,XM3_x3_x1,0.0,0.0,0.0,"(1033, 1617, 180)","(1033.0, 1617.0, 180)"
2944,588,4,XDL_XM1_XM2_x3_x1,-14088.650094497874,13566.0,273163.1212786365,"(2564, 1140, 0)","(2564.0, 1140.0, 0)"
2945,589,0,XM6_x3_x1,0.0,0.0,0.0,"(2113, 2232, 0)","(2113.0, 2232.0, 0)"
2946,589,1,XR6_x3_x1,0.0,0.0,0.0,"(788, 1851, 90)","(788.0, 1851.0, 90)"
2947,589,2,XM4_x3_x1,0.0,0.0,0.0,"(1388, 2428, 90)","(1388.0, 2428.0, 90)"
2948,589,3,XDL_XM1_XM2_x3_x1,0.0,0.0,0.0,"(2492, 2083, 0)","(2523.5, 2083.0, 0)"
2949,589,4,XM3_x3_x1,-12030.754673788302,11534.0,246765.20593052343,"(1100, 853, 90)","(1100.0, 853.0, 90)"
2950,590,0,XM4_x3_x1,0.0,0.0,0.0,"(770, 955, 270)","(770.0, 955.0, 270)"
2951,590,1,XM6_x3_x1,0.0,0.0,0.0,"(2257, 118, 0)","(2257.0, 118.0, 0)"
2952,590,2,XDL_XM1_XM2_x3_x1,0.0,0.0,0.0,"(271, 830, 270)","(262.0, 830.0, 270)"
2953,590,3,XM3_x3_x1,0.0,0.0,0.0,"(2180, 1836, 0)","(2180.0, 1836.0, 0)"
2954,590,4,XR6_x3_x1,-12649.743979184977,12106.0,295657.5148999125,"(1028, 1303, 180)","(1028.0, 1303.0, 180)"
2955,591,0,XM6_x3_x1,0.0,0.0,0.0,"(1105, 2139, 0)","(1105.0, 2333.0, 0)"
2956,591,1,XR6_x3_x1,0.0,0.0,0.0,"(24, 1271, 270)","(24.0, 1271.0, 270)"
2957,591,2,XDL_XM1_XM2_x3_x1,0.0,0.0,0.0,"(1205, 2416, 90)","(1205.0, 2685.0, 90)"
2958,591,3,XM4_x3_x1,0.0,0.0,0.0,"(1038, 2054, 180)","(1038.0, 2054.0, 180)"
2959,591,4,XM3_x3_x1,-10827.299745619817,10396.0,186019.47057171975,"(2037, 1937, 180)","(2037.0, 1937.0, 180)"
2960,592,0,XM6_x3_x1,0.0,0.0,0.0,"(2416, 2185, 270)","(2416.0, 2185.0, 270)"
2961,592,1,XDL_XM1_XM2_x3_x1,0.0,0.0,0.0,"(2414, 2549, 180)","(2414.0, 2751.5, 180)"
2962,592,2,XR6_x3_x1,0.0,0.0,0.0,"(832, 535, 270)","(832.0, 535.0, 270)"
2963,592,3,XM3_x3_x1,0.0,0.0,0.0,"(1887, 911, 0)","(1887.0, 911.0, 0)"
2964,592,4,XM4_x3_x1,-15722.694295691706,15063.5,434537.11947248457,"(628, 593, 90)","(351.5, 593.0, 90)"
2965,593,0,XDL_XM1_XM2_x3_x1,0.0,0.0,0.0,"(2240, 1793, 270)","(2240.0, 1807.5, 270)"
2966,593,1,XM6_x3_x1,0.0,0.0,0.0,"(887, 2573, 0)","(887.0, 2573.0, 0)"
2967,593,2,XR6_x3_x1,0.0,0.0,0.0,"(1769, 1766, 180)","(1769.0, 1766.0, 180)"
2968,593,3,XM4_x3_x1,0.0,0.0,0.0,"(1304, 1491, 90)","(1304.0, 1491.0, 90)"
2969,593,4,XM3_x3_x1,-8138.649916054064,7752.5,149111.7576685611,"(2029, 1397, 90)","(2029.0, 1397.0, 90)"
2970,594,0,XM3_x3_x1,0.0,0.0,0.0,"(106, 98, 0)","(106.0, 98.0, 0)"
2971,594,1,XM4_x3_x1,0.0,0.0,0.0,"(378, 1460, 90)","(378.0, 1460.0, 90)"
2972,594,2,XDL_XM1_XM2_x3_x1,0.0,0.0,0.0,"(53, 2023, 180)","(53.0, 2026.5, 180)"
2973,594,3,XM6_x3_x1,0.0,0.0,0.0,"(1085, 98, 90)","(1085.0, 98.0, 90)"
2974,594,4,XR6_x3_x1,-13570.711761778248,12951.0,384042.6676862994,"(121, 2555, 90)","(121.0, 2555.0, 90)"
2975,595,0,XR6_x3_x1,0.0,0.0,0.0,"(2323, 400, 180)","(2323.0, 400.0, 180)"
2976,595,1,XM3_x3_x1,0.0,0.0,0.0,"(2336, 1349, 0)","(2336.0, 1349.0, 0)"
2977,595,2,XM4_x3_x1,0.0,0.0,0.0,"(905, 943, 0)","(905.0, 1275.0, 0)"
2978,595,3,XM6_x3_x1,0.0,0.0,0.0,"(1030, 2596, 180)","(1030.0, 2596.0, 180)"
2979,595,4,XDL_XM1_XM2_x3_x1,-11245.153994540995,10794.0,203539.9267902955,"(964, 923, 90)","(964.0, 923.0, 90)"
2980,596,0,XDL_XM1_XM2_x3_x1,0.0,0.0,0.0,"(561, 1948, 90)","(561.0, 1948.0, 90)"
2981,596,1,XR6_x3_x1,0.0,0.0,0.0,"(721, 2190, 180)","(1030.0, 2190.0, 180)"
2982,596,2,XM3_x3_x1,0.0,0.0,0.0,"(2292, 2077, 0)","(2292.0, 2077.0, 0)"
2983,596,3,XM6_x3_x1,0.0,0.0,0.0,"(1665, 92, 0)","(1665.0, 92.0, 0)"
2984,596,4,XM4_x3_x1,-13966.814738973739,13427.5,290860.3876743121,"(271, 1720, 90)","(271.0, 1537.5, 90)"
2985,597,0,XR6_x3_x1,0.0,0.0,0.0,"(667, 1410, 90)","(667.0, 1747.0, 90)"
2986,597,1,XM4_x3_x1,0.0,0.0,0.0,"(1985, 304, 270)","(1985.0, 304.0, 270)"
2987,597,2,XM6_x3_x1,0.0,0.0,0.0,"(162, 835, 90)","(162.0, 835.0, 90)"
2988,597,3,XDL_XM1_XM2_x3_x1,0.0,0.0,0.0,"(725, 1278, 0)","(619.5, 1278.0, 0)"
2989,597,4,XM3_x3_x1,-11483.044616568368,10953.5,280417.5009365392,"(1030, 1233, 0)","(1030.0, 1233.0, 0)"
2990,598,0,XR6_x3_x1,0.0,0.0,0.0,"(262, 1024, 180)","(262.0, 1024.0, 180)"
2991,598,1,XM3_x3_x1,0.0,0.0,0.0,"(447, 607, 270)","(447.0, 485.0, 270)"
2992,598,2,XM4_x3_x1,0.0,0.0,0.0,"(2451, 2097, 270)","(2451.0, 2097.0, 270)"
2993,598,3,XDL_XM1_XM2_x3_x1,0.0,0.0,0.0,"(808, 1156, 0)","(808.0, 1156.0, 0)"
2994,598,4,XM6_x3_x1,-14126.460311972938,13516.0,372661.79249409674,"(1321, 175, 90)","(1321.0, 175.0, 90)"
2995,599,0,XM4_x3_x1,0.0,0.0,0.0,"(1755, 1162, 0)","(1755.0, 1162.0, 0)"
2996,599,1,XR6_x3_x1,0.0,0.0,0.0,"(1829, 929, 180)","(2053.5, 929.0, 180)"
2997,599,2,XM3_x3_x1,0.0,0.0,0.0,"(2548, 2583, 270)","(2548.0, 2583.0, 270)"
2998,599,3,XDL_XM1_XM2_x3_x1,0.0,0.0,0.0,"(315, 1807, 180)","(315.0, 1807.0, 180)"
2999,599,4,XM6_x3_x1,-14305.023841553262,13691.5,376411.5041542725,"(1303, 866, 180)","(1303.0, 866.0, 180)"
3000,600,0,XDL_XM1_XM2_x3_x1,0.0,0.0,0.0,"(2327, 23, 90)","(2327.0, 23.0, 90)"
3001,600,1,XM3_x3_x1,0.0,0.0,0.0,"(229, 729, 0)","(229.0, 729.0, 0)"
3002,600,2,XM6_x3_x1,0.0,0.0,0.0,"(2399, 780, 90)","(2399.0, 780.0, 90)"
3003,600,3,XR6_x3_x1,0.0,0.0,0.0,"(1197, 2045, 90)","(1197.0, 2045.0, 90)"
3004,600,4,XM4_x3_x1,-14236.577754271533,13763.5,223802.561586597,"(2496, 738, 0)","(2736.5, 738.0, 0)"
3005,601,0,XDL_XM1_XM2_x3_x1,0.0,0.0,0.0,"(958, 1955, 90)","(958.0, 1955.0, 90)"
3006,601,1,XM4_x3_x1,0.0,0.0,0.0,"(415, 224, 90)","(415.0, 224.0, 90)"
3007,601,2,XM6_x3_x1,0.0,0.0,0.0,"(1978, 1372, 270)","(1978.0, 1372.0, 270)"
3008,601,3,XR6_x3_x1,0.0,0.0,0.0,"(1960, 1071, 90)","(1960.0, 1071.0, 90)"
3009,601,4,XM3_x3_x1,-12413.838017155871,11822.0,350272.23855099245,"(1908, 1912, 90)","(1908.0, 1912.0, 90)"
3010,602,0,XM4_x3_x1,0.0,0.0,0.0,"(356, 2067, 90)","(356.0, 2067.0, 90)"
3011,602,1,XM3_x3_x1,0.0,0.0,0.0,"(1472, 668, 90)","(1472.0, 668.0, 90)"
3012,602,2,XM6_x3_x1,0.0,0.0,0.0,"(840, 998, 90)","(840.0, 998.0, 90)"
3013,602,3,XR6_x3_x1,0.0,0.0,0.0,"(718, 1397, 270)","(718.0, 1397.0, 270)"
3014,602,4,XDL_XM1_XM2_x3_x1,-11584.165175989203,11035.0,301582.3905192531,"(381, 142, 90)","(381.0, 142.0, 90)"
3015,603,0,XM6_x3_x1,0.0,0.0,0.0,"(721, 280, 90)","(721.0, 280.0, 90)"
3016,603,1,XR6_x3_x1,0.0,0.0,0.0,"(519, 343, 90)","(519.0, 578.5, 90)"
3017,603,2,XM4_x3_x1,0.0,0.0,0.0,"(2202, 205, 270)","(2202.0, 205.0, 270)"
3018,603,3,XM3_x3_x1,0.0,0.0,0.0,"(1480, 135, 180)","(1480.0, 135.0, 180)"
3019,603,4,XDL_XM1_XM2_x3_x1,-11274.50201378458,10709.0,319792.52759441553,"(257, 573, 90)","(213.0, 891.5, 90)"
3020,604,0,XDL_XM1_XM2_x3_x1,0.0,0.0,0.0,"(1309, 1809, 180)","(1309.0, 1809.0, 180)"
3021,604,1,XM4_x3_x1,0.0,0.0,0.0,"(1339, 2143, 0)","(1339.0, 2317.0, 0)"
3022,604,2,XM6_x3_x1,0.0,0.0,0.0,"(2106, 1598, 0)","(2106.0, 1598.0, 0)"
3023,604,3,XM3_x3_x1,0.0,0.0,0.0,"(615, 63, 0)","(615.0, 63.0, 0)"
3024,604,4,XR6_x3_x1,-14143.914323144283,13521.0,388022.25397830113,"(903, 1721, 180)","(903.0, 1721.0, 180)"
3025,605,0,XM4_x3_x1,0.0,0.0,0.0,"(1463, 841, 180)","(1463.0, 841.0, 180)"
3026,605,1,XDL_XM1_XM2_x3_x1,0.0,0.0,0.0,"(607, 1782, 180)","(607.0, 1782.0, 180)"
3027,605,2,XM6_x3_x1,0.0,0.0,0.0,"(86, 1838, 90)","(-7.0, 1838.0, 90)"
3028,605,3,XR6_x3_x1,0.0,0.0,0.0,"(233, 2008, 0)","(233.0, 2008.0, 0)"
3029,605,4,XM3_x3_x1,-13663.874866291602,13016.0,419741.8423723605,"(2261, 1271, 180)","(2261.0, 1271.0, 180)"
3030,606,0,XM6_x3_x1,0.0,0.0,0.0,"(344, 2181, 90)","(344.0, 2181.0, 90)"
3031,606,1,XR6_x3_x1,0.0,0.0,0.0,"(892, 1041, 90)","(892.0, 1041.0, 90)"
3032,606,2,XM3_x3_x1,0.0,0.0,0.0,"(970, 2527, 270)","(970.0, 2527.0, 270)"
3033,606,3,XDL_XM1_XM2_x3_x1,0.0,0.0,0.0,"(94, 1981, 90)","(94.0, 1770.5, 90)"
3034,606,4,XM4_x3_x1,-9333.635964405827,8860.0,224331.0267786376,"(316, 2344, 90)","(316.0, 2577.0, 90)"
3035,607,0,XM3_x3_x1,0.0,0.0,0.0,"(2313, 1228, 90)","(2313.0, 1228.0, 90)"
3036,607,1,XR6_x3_x1,0.0,0.0,0.0,"(791, 2008, 270)","(791.0, 2008.0, 270)"
3037,607,2,XDL_XM1_XM2_x3_x1,0.0,0.0,0.0,"(504, 2232, 270)","(504.0, 2321.0, 270)"
3038,607,3,XM4_x3_x1,0.0,0.0,0.0,"(716, 1312, 0)","(716.0, 1312.0, 0)"
3039,607,4,XM6_x3_x1,-13225.702728512368,12596.0,396525.5262959207,"(17, 1589, 0)","(17.0, 1589.0, 0)"
3040,608,0,XDL_XM1_XM2_x3_x1,0.0,0.0,0.0,"(1591, 1159, 90)","(1591.0, 1159.0, 90)"
3041,608,1,XR6_x3_x1,0.0,0.0,0.0,"(2152, 2036, 90)","(2152.0, 2036.0, 90)"
3042,608,2,XM4_x3_x1,0.0,0.0,0.0,"(2578, 244, 90)","(2578.0, 244.0, 90)"
3043,608,3,XM3_x3_x1,0.0,0.0,0.0,"(680, 1436, 270)","(680.0, 1436.0, 270)"
3044,608,4,XM6_x3_x1,-12431.545296204005,11904.0,278304.0395469712,"(1767, 1077, 180)","(1767.0, 807.0, 180)"
3045,609,0,XM6_x3_x1,0.0,0.0,0.0,"(805, 1068, 180)","(805.0, 1068.0, 180)"
3046,609,1,XM3_x3_x1,0.0,0.0,0.0,"(1957, 840, 270)","(1957.0, 840.0, 270)"
3047,609,2,XM4_x3_x1,0.0,0.0,0.0,"(15, 1832, 90)","(15.0, 1832.0, 90)"
3048,609,3,XR6_x3_x1,0.0,0.0,0.0,"(1696, 2250, 0)","(1696.0, 2250.0, 0)"
3049,609,4,XDL_XM1_XM2_x3_x1,-13085.740092253682,12514.0,326886.733090249,"(466, 621, 90)","(466.0, 621.0, 90)"
3050,610,0,XR6_x3_x1,0.0,0.0,0.0,"(2585, 1647, 180)","(2585.0, 1647.0, 180)"
3051,610,1,XDL_XM1_XM2_x3_x1,0.0,0.0,0.0,"(2297, 2530, 0)","(2297.0, 2530.0, 0)"
3052,610,2,XM6_x3_x1,0.0,0.0,0.0,"(528, 2108, 270)","(528.0, 2108.0, 270)"
3053,610,3,XM3_x3_x1,0.0,0.0,0.0,"(77, 644, 180)","(77.0, 644.0, 180)"
3054,610,4,XM4_x3_x1,-17327.133670591913,16556.0,594647.137920558,"(652, 1593, 90)","(652.0, 1593.0, 90)"
3055,611,0,XM3_x3_x1,0.0,0.0,0.0,"(1077, 2517, 180)","(1077.0, 2517.0, 180)"
3056,611,1,XDL_XM1_XM2_x3_x1,0.0,0.0,0.0,"(1576, 2567, 90)","(1643.5, 2567.0, 90)"
3057,611,2,XM4_x3_x1,0.0,0.0,0.0,"(949, 702, 0)","(949.0, 702.0, 0)"
3058,611,3,XM6_x3_x1,0.0,0.0,0.0,"(1709, 307, 90)","(1709.0, 307.0, 90)"
3059,611,4,XR6_x3_x1,-11999.62263692394,11506.5,243169.93504681927,"(545, 2164, 90)","(545.0, 2164.0, 90)"
3060,612,0,XR6_x3_x1,0.0,0.0,0.0,"(490, 1698, 180)","(490.0, 1779.5, 180)"
3061,612,1,XDL_XM1_XM2_x3_x1,0.0,0.0,0.0,"(707, 1226, 90)","(707.0, 1226.0, 90)"
3062,612,2,XM6_x3_x1,0.0,0.0,0.0,"(1583, 486, 270)","(1583.0, 486.0, 270)"
3063,612,3,XM3_x3_x1,0.0,0.0,0.0,"(1713, 362, 180)","(1920.5, 362.0, 180)"
3064,612,4,XM4_x3_x1,-13792.300762506717,13111.0,464170.7289922341,"(69, 1472, 270)","(69.0, 1472.0, 270)"
3065,613,0,XM6_x3_x1,0.0,0.0,0.0,"(1069, 36, 180)","(1069.0, 36.0, 180)"
3066,613,1,XM4_x3_x1,0.0,0.0,0.0,"(419, 459, 90)","(419.0, 459.0, 90)"
3067,613,2,XDL_XM1_XM2_x3_x1,0.0,0.0,0.0,"(1960, 435, 0)","(1960.0, 435.0, 0)"
3068,613,3,XM3_x3_x1,0.0,0.0,0.0,"(1015, 2471, 0)","(1015.0, 2471.0, 0)"
3069,613,4,XR6_x3_x1,-14260.574254718178,13651.0,371580.77201522316,"(416, 1007, 270)","(416.0, 1007.0, 270)"
3070,614,0,XM6_x3_x1,0.0,0.0,0.0,"(2118, 493, 90)","(2118.0, 493.0, 90)"
3071,614,1,XR6_x3_x1,0.0,0.0,0.0,"(358, 1496, 0)","(358.0, 1496.0, 0)"
3072,614,2,XM3_x3_x1,0.0,0.0,0.0,"(1175, 1715, 180)","(1175.0, 1715.0, 180)"
3073,614,3,XDL_XM1_XM2_x3_x1,0.0,0.0,0.0,"(1099, 2008, 180)","(1099.0, 2223.0, 180)"
3074,614,4,XM4_x3_x1,-10877.73703420178,10431.0,199573.97772740183,"(270, 2173, 270)","(270.0, 2173.0, 270)"
3075,615,0,XM6_x3_x1,0.0,0.0,0.0,"(1301, 1132, 90)","(1301.0, 1132.0, 90)"
3076,615,1,XDL_XM1_XM2_x3_x1,0.0,0.0,0.0,"(2265, 1533, 180)","(2265.0, 1533.0, 180)"
3077,615,2,XM3_x3_x1,0.0,0.0,0.0,"(596, 2043, 0)","(596.0, 2043.0, 0)"
3078,615,3,XR6_x3_x1,0.0,0.0,0.0,"(2213, 234, 180)","(2213.0, 234.0, 180)"
3079,615,4,XM4_x3_x1,-13982.590007331866,13314.0,447012.59790402534,"(879, 911, 270)","(879.0, 911.0, 270)"
3080,616,0,XM3_x3_x1,0.0,0.0,0.0,"(622, 2368, 90)","(622.0, 2368.0, 90)"
3081,616,1,XM6_x3_x1,0.0,0.0,0.0,"(336, 731, 180)","(336.0, 731.0, 180)"
3082,616,2,XDL_XM1_XM2_x3_x1,0.0,0.0,0.0,"(240, 225, 180)","(240.0, 223.0, 180)"
3083,616,3,XR6_x3_x1,0.0,0.0,0.0,"(1387, 2365, 270)","(1387.0, 2365.0, 270)"
3084,616,4,XM4_x3_x1,-10801.465055918317,10381.0,176790.8632483941,"(139, 2027, 270)","(139.0, 2027.0, 270)"
3085,617,0,XR6_x3_x1,0.0,0.0,0.0,"(1681, 2026, 180)","(1546.0, 2026.0, 180)"
3086,617,1,XM4_x3_x1,0.0,0.0,0.0,"(2049, 1788, 180)","(1844.5, 1954.5, 180)"
3087,617,2,XM6_x3_x1,0.0,0.0,0.0,"(2161, 1617, 90)","(1903.0, 1617.0, 90)"
3088,617,3,XDL_XM1_XM2_x3_x1,0.0,0.0,0.0,"(2255, 1510, 180)","(2255.0, 1510.0, 180)"
3089,617,4,XM3_x3_x1,-11569.604859121844,11025.5,296050.0977200018,"(1495, 117, 270)","(1495.0, 117.0, 270)"
3090,618,0,XDL_XM1_XM2_x3_x1,0.0,0.0,0.0,"(871, 662, 180)","(871.0, 354.0, 180)"
3091,618,1,XM3_x3_x1,0.0,0.0,0.0,"(2241, 34, 270)","(2241.0, 34.0, 270)"
3092,618,2,XM6_x3_x1,0.0,0.0,0.0,"(1641, 2572, 180)","(1641.0, 2572.0, 180)"
3093,618,3,XR6_x3_x1,0.0,0.0,0.0,"(1082, 823, 90)","(1082.0, 823.0, 90)"
3094,618,4,XM4_x3_x1,-14572.270359320612,13920.0,425456.6216482388,"(1510, 1326, 270)","(1510.0, 1326.0, 270)"
3095,619,0,XM6_x3_x1,0.0,0.0,0.0,"(1246, 479, 90)","(1246.0, 334.5, 90)"
3096,619,1,XM3_x3_x1,0.0,0.0,0.0,"(550, 49, 0)","(550.0, 49.0, 0)"
3097,619,2,XM4_x3_x1,0.0,0.0,0.0,"(213, 682, 0)","(213.0, 682.0, 0)"
3098,619,3,XR6_x3_x1,0.0,0.0,0.0,"(1232, 2247, 180)","(1232.0, 2247.0, 180)"
3099,619,4,XDL_XM1_XM2_x3_x1,-12114.139084778482,11587.0,277875.61470109574,"(1438, 745, 270)","(1438.0, 745.0, 270)"
3100,620,0,XM4_x3_x1,0.0,0.0,0.0,"(2264, 845, 90)","(2389.0, 845.0, 90)"
3101,620,1,XM6_x3_x1,0.0,0.0,0.0,"(818, 137, 180)","(818.0, 137.0, 180)"
3102,620,2,XR6_x3_x1,0.0,0.0,0.0,"(234, 717, 90)","(234.0, 717.0, 90)"
3103,620,3,XDL_XM1_XM2_x3_x1,0.0,0.0,0.0,"(1881, 643, 90)","(1881.0, 643.0, 90)"
3104,620,4,XM3_x3_x1,-15003.154562058071,14383.0,384591.680841437,"(2160, 2190, 0)","(2160.0, 2190.0, 0)"
3105,621,0,XDL_XM1_XM2_x3_x1,0.0,0.0,0.0,"(1726, 2267, 270)","(1726.0, 2267.0, 270)"
3106,621,1,XM6_x3_x1,0.0,0.0,0.0,"(2430, 2165, 270)","(2430.0, 2165.0, 270)"
3107,621,2,XM4_x3_x1,0.0,0.0,0.0,"(794, 434, 180)","(794.0, 434.0, 180)"
3108,621,3,XM3_x3_x1,0.0,0.0,0.0,"(1081, 1539, 180)","(1081.0, 1539.0, 180)"
3109,621,4,XR6_x3_x1,-14848.586235688741,14273.0,331299.5147143347,"(179, 2, 180)","(179.0, 2.0, 180)"
3110,622,0,XDL_XM1_XM2_x3_x1,0.0,0.0,0.0,"(1101, 1331, 180)","(1101.0, 1331.0, 180)"
3111,622,1,XM3_x3_x1,0.0,0.0,0.0,"(1746, 30, 270)","(1746.0, 30.0, 270)"
3112,622,2,XM6_x3_x1,0.0,0.0,0.0,"(1600, 1956, 180)","(1600.0, 1956.0, 180)"
3113,622,3,XM4_x3_x1,0.0,0.0,0.0,"(685, 872, 0)","(685.0, 872.0, 0)"
3114,622,4,XR6_x3_x1,-13488.907796317613,12968.0,271344.9322644722,"(2355, 2287, 0)","(2355.0, 2287.0, 0)"
3115,623,0,XM3_x3_x1,0.0,0.0,0.0,"(1203, 346, 180)","(1311.5, 346.0, 180)"
3116,623,1,XM6_x3_x1,0.0,0.0,0.0,"(1630, 342, 180)","(1707.5, 342.0, 180)"
3117,623,2,XR6_x3_x1,0.0,0.0,0.0,"(480, 580, 270)","(480.0, 580.0, 270)"
3118,623,3,XDL_XM1_XM2_x3_x1,0.0,0.0,0.0,"(901, 77, 180)","(901.0, 77.0, 180)"
3119,623,4,XM4_x3_x1,-11635.150693240525,11132.0,253160.62010842137,"(881, 2458, 0)","(881.0, 2458.0, 0)"
3120,624,0,XM4_x3_x1,0.0,0.0,0.0,"(834, 2288, 270)","(834.0, 2288.0, 270)"
3121,624,1,XDL_XM1_XM2_x3_x1,0.0,0.0,0.0,"(1045, 369, 180)","(1045.0, 369.0, 180)"
3122,624,2,XM3_x3_x1,0.0,0.0,0.0,"(1681, 2018, 90)","(1681.0, 2018.0, 90)"
3123,624,3,XM6_x3_x1,0.0,0.0,0.0,"(1951, 2316, 270)","(1960.0, 2316.0, 270)"
3124,624,4,XR6_x3_x1,-10277.13318682091,9849.0,183298.02565742936,"(531, 2075, 0)","(531.0, 2075.0, 0)"
3125,625,0,XM3_x3_x1,0.0,0.0,0.0,"(1388, 60, 270)","(1388.0, 60.0, 270)"
3126,625,1,XM4_x3_x1,0.0,0.0,0.0,"(860, 1623, 270)","(860.0, 1623.0, 270)"
3127,625,2,XDL_XM1_XM2_x3_x1,0.0,0.0,0.0,"(2385, 1914, 180)","(2385.0, 1914.0, 180)"
3128,625,3,XM6_x3_x1,0.0,0.0,0.0,"(129, 110, 90)","(129.0, 110.0, 90)"
3129,625,4,XR6_x3_x1,-15156.08394964723,14526.0,397005.78360305337,"(718, 1865, 270)","(718.0, 1921.5, 270)"
3130,626,0,XR6_x3_x1,0.0,0.0,0.0,"(331, 2132, 270)","(331.0, 2132.0, 270)"
3131,626,1,XDL_XM1_XM2_x3_x1,0.0,0.0,0.0,"(1510, 1713, 180)","(1510.0, 1713.0, 180)"
3132,626,2,XM6_x3_x1,0.0,0.0,0.0,"(407, 11, 90)","(407.0, 11.0, 90)"
3133,626,3,XM4_x3_x1,0.0,0.0,0.0,"(286, 1007, 270)","(286.0, 1007.0, 270)"
3134,626,4,XM3_x3_x1,-12043.794469371729,11520.0,274360.64614441176,"(1366, 1964, 90)","(1366.0, 2279.5, 90)"
3135,627,0,XM3_x3_x1,0.0,0.0,0.0,"(1211, 1040, 90)","(1211.0, 1040.0, 90)"
3136,627,1,XR6_x3_x1,0.0,0.0,0.0,"(2472, 145, 0)","(2472.0, 145.0, 0)"
3137,627,2,XM4_x3_x1,0.0,0.0,0.0,"(884, 2074, 90)","(884.0, 2074.0, 90)"
3138,627,3,XDL_XM1_XM2_x3_x1,0.0,0.0,0.0,"(1668, 2527, 0)","(1668.0, 2527.0, 0)"
3139,627,4,XM6_x3_x1,-12527.71410940972,12057.0,221571.77279738674,"(2108, 1969, 90)","(2108.0, 1969.0, 90)"
3140,628,0,XDL_XM1_XM2_x3_x1,0.0,0.0,0.0,"(2356, 518, 180)","(2356.0, 518.0, 180)"
3141,628,1,XM6_x3_x1,0.0,0.0,0.0,"(2500, 185, 180)","(2500.0, 10.0, 180)"
3142,628,2,XR6_x3_x1,0.0,0.0,0.0,"(2295, 2126, 90)","(2295.0, 2126.0, 90)"
3143,628,3,XM4_x3_x1,0.0,0.0,0.0,"(630, 1389, 270)","(630.0, 1389.0, 270)"
3144,628,4,XM3_x3_x1,-12353.525401445122,11825.0,279339.0999727273,"(1860, 1248, 270)","(1860.0, 1248.0, 270)"
3145,629,0,XDL_XM1_XM2_x3_x1,0.0,0.0,0.0,"(104, 2513, 180)","(104.0, 2513.0, 180)"
3146,629,1,XM4_x3_x1,0.0,0.0,0.0,"(1504, 1618, 0)","(1504.0, 1618.0, 0)"
3147,629,2,XM6_x3_x1,0.0,0.0,0.0,"(38, 1549, 90)","(38.0, 1549.0, 90)"
3148,629,3,XM3_x3_x1,0.0,0.0,0.0,"(2118, 2244, 0)","(2118.0, 2244.0, 0)"
3149,629,4,XR6_x3_x1,-11952.137869359201,11431.0,271584.6788802477,"(2150, 2546, 180)","(2150.0, 2724.5, 180)"
3150,630,0,XM6_x3_x1,0.0,0.0,0.0,"(684, 1169, 0)","(684.0, 1169.0, 0)"
3151,630,1,XM4_x3_x1,0.0,0.0,0.0,"(1116, 1189, 270)","(1116.0, 1189.0, 270)"
3152,630,2,XR6_x3_x1,0.0,0.0,0.0,"(2226, 2512, 0)","(2226.0, 2512.0, 0)"
3153,630,3,XDL_XM1_XM2_x3_x1,0.0,0.0,0.0,"(2188, 682, 180)","(2188.0, 682.0, 180)"
3154,630,4,XM3_x3_x1,-11027.842018927493,10562.0,217008.78659844224,"(1612, 746, 90)","(1612.0, 746.0, 90)"
3155,631,0,XM4_x3_x1,0.0,0.0,0.0,"(1666, 373, 0)","(1666.0, 373.0, 0)"
3156,631,1,XM6_x3_x1,0.0,0.0,0.0,"(130, 1257, 90)","(130.0, 1257.0, 90)"
3157,631,2,XDL_XM1_XM2_x3_x1,0.0,0.0,0.0,"(723, 858, 270)","(723.0, 858.0, 270)"
3158,631,3,XR6_x3_x1,0.0,0.0,0.0,"(928, 282, 270)","(928.0, 282.0, 270)"
3159,631,4,XM3_x3_x1,-11560.74317613563,11000.0,314432.90958267276,"(1142, 1835, 270)","(1142.0, 1835.0, 270)"
3160,632,0,XM6_x3_x1,0.0,0.0,0.0,"(769, 664, 90)","(769.0, 664.0, 90)"
3161,632,1,XM3_x3_x1,0.0,0.0,0.0,"(272, 278, 90)","(272.0, 278.0, 90)"
3162,632,2,XM4_x3_x1,0.0,0.0,0.0,"(2551, 1562, 270)","(2551.0, 1562.0, 270)"
3163,632,3,XDL_XM1_XM2_x3_x1,0.0,0.0,0.0,"(2257, 2196, 270)","(2257.0, 2196.0, 270)"
3164,632,4,XR6_x3_x1,-17014.722955971956,16274.0,548670.497503835,"(929, 2232, 0)","(929.0, 2232.0, 0)"
3165,633,0,XDL_XM1_XM2_x3_x1,0.0,0.0,0.0,"(413, 275, 180)","(279.5, 275.0, 180)"
3166,633,1,XM3_x3_x1,0.0,0.0,0.0,"(1347, 1231, 270)","(1347.0, 1231.0, 270)"
3167,633,2,XM4_x3_x1,0.0,0.0,0.0,"(2275, 2234, 180)","(2275.0, 2298.5, 180)"
3168,633,3,XR6_x3_x1,0.0,0.0,0.0,"(2070, 1818, 0)","(2070.0, 1818.0, 0)"
3169,633,4,XM6_x3_x1,-15109.768028449518,14467.5,412508.22036843206,"(690, 82, 180)","(690.0, 82.0, 180)"
3170,634,0,XM4_x3_x1,0.0,0.0,0.0,"(1564, 2468, 180)","(1564.0, 2683.0, 180)"
3171,634,1,XDL_XM1_XM2_x3_x1,0.0,0.0,0.0,"(699, 997, 270)","(699.0, 997.0, 270)"
3172,634,2,XR6_x3_x1,0.0,0.0,0.0,"(2, 2591, 270)","(2.0, 2591.0, 270)"
3173,634,3,XM6_x3_x1,0.0,0.0,0.0,"(54, 50, 180)","(54.0, 50.0, 180)"
3174,634,4,XM3_x3_x1,-14210.002200842238,13624.0,343398.5793919464,"(1484, 2404, 180)","(1484.0, 2404.0, 180)"
3175,635,0,XM3_x3_x1,0.0,0.0,0.0,"(1346, 41, 90)","(1346.0, -187.5, 90)"
3176,635,1,XR6_x3_x1,0.0,0.0,0.0,"(1446, 111, 270)","(1446.0, 111.0, 270)"
3177,635,2,XDL_XM1_XM2_x3_x1,0.0,0.0,0.0,"(1951, 833, 90)","(1951.0, 833.0, 90)"
3178,635,3,XM6_x3_x1,0.0,0.0,0.0,"(2061, 1681, 0)","(2061.0, 1681.0, 0)"
3179,635,4,XM4_x3_x1,-9778.581960087902,9300.5,228562.3605614899,"(1081, 270, 270)","(965.5, 270.0, 270)"
3180,636,0,XDL_XM1_XM2_x3_x1,0.0,0.0,0.0,"(760, 2107, 180)","(760.0, 2107.0, 180)"
3181,636,1,XM4_x3_x1,0.0,0.0,0.0,"(383, 2559, 270)","(383.0, 2559.0, 270)"
3182,636,2,XR6_x3_x1,0.0,0.0,0.0,"(1434, 2031, 0)","(1469.0, 2031.0, 0)"
3183,636,3,XM6_x3_x1,0.0,0.0,0.0,"(977, 1467, 180)","(977.0, 1467.0, 180)"
3184,636,4,XM3_x3_x1,-7350.370248887391,6945.5,163919.9184341386,"(937, 2312, 180)","(1170.5, 2312.0, 180)"
3185,637,0,XM6_x3_x1,0.0,0.0,0.0,"(2062, 1111, 180)","(2062.0, 1111.0, 180)"
3186,637,1,XR6_x3_x1,0.0,0.0,0.0,"(407, 2117, 270)","(407.0, 2117.0, 270)"
3187,637,2,XDL_XM1_XM2_x3_x1,0.0,0.0,0.0,"(351, 2176, 180)","(351.0, 2586.0, 180)"
3188,637,3,XM3_x3_x1,0.0,0.0,0.0,"(53, 425, 0)","(53.0, 425.0, 0)"
3189,637,4,XM4_x3_x1,-15339.584274930976,14703.0,405239.5390893969,"(1358, 828, 270)","(1358.0, 828.0, 270)"
3190,638,0,XR6_x3_x1,0.0,0.0,0.0,"(1952, 1334, 270)","(1952.0, 1334.0, 270)"
3191,638,1,XM4_x3_x1,0.0,0.0,0.0,"(1708, 2175, 180)","(1708.0, 2175.0, 180)"
3192,638,2,XM6_x3_x1,0.0,0.0,0.0,"(946, 1631, 90)","(946.0, 1631.0, 90)"
3193,638,3,XM3_x3_x1,0.0,0.0,0.0,"(502, 27, 180)","(502.0, 27.0, 180)"
3194,638,4,XDL_XM1_XM2_x3_x1,-14922.710504513558,14243.0,462006.36994607566,"(645, 1930, 180)","(594.0, 1930.0, 180)"
3195,639,0,XR6_x3_x1,0.0,0.0,0.0,"(2552, 20, 90)","(2552.0, 20.0, 90)"
3196,639,1,XM4_x3_x1,0.0,0.0,0.0,"(37, 2320, 180)","(37.0, 2320.0, 180)"
3197,639,2,XM3_x3_x1,0.0,0.0,0.0,"(2008, 727, 0)","(2008.0, 727.0, 0)"
3198,639,3,XDL_XM1_XM2_x3_x1,0.0,0.0,0.0,"(591, 867, 0)","(591.0, 867.0, 0)"
3199,639,4,XM6_x3_x1,-14266.10202396001,13705.0,314835.4812920194,"(489, 2197, 270)","(489.0, 2197.0, 270)"
3200,640,0,XR6_x3_x1,0.0,0.0,0.0,"(1866, 68, 0)","(1866.0, 68.0, 0)"
3201,640,1,XM3_x3_x1,0.0,0.0,0.0,"(1274, 1165, 180)","(1274.0, 1165.0, 180)"
3202,640,2,XDL_XM1_XM2_x3_x1,0.0,0.0,0.0,"(2532, 1045, 270)","(2532.0, 1045.0, 270)"
3203,640,3,XM6_x3_x1,0.0,0.0,0.0,"(1052, 880, 180)","(1052.0, 880.0, 180)"
3204,640,4,XM4_x3_x1,-11536.49453102062,11050.0,236676.92871297334,"(268, 1062, 180)","(268.0, 1062.0, 180)"
3205,641,0,XR6_x3_x1,0.0,0.0,0.0,"(1033, 2085, 180)","(1033.0, 2085.0, 180)"
3206,641,1,XM3_x3_x1,0.0,0.0,0.0,"(2452, 1744, 270)","(2500.0, 1744.0, 270)"
3207,641,2,XM4_x3_x1,0.0,0.0,0.0,"(1516, 1234, 270)","(1516.0, 1234.0, 270)"
3208,641,3,XM6_x3_x1,0.0,0.0,0.0,"(2221, 1790, 90)","(2221.0, 1790.0, 90)"
3209,641,4,XDL_XM1_XM2_x3_x1,-13322.357960448766,12720.0,362835.11251599685,"(109, 2316, 90)","(109.0, 2316.0, 90)"
3210,642,0,XM3_x3_x1,0.0,0.0,0.0,"(2438, 413, 0)","(2438.0, 124.0, 0)"
3211,642,1,XR6_x3_x1,0.0,0.0,0.0,"(1161, 2482, 180)","(1161.0, 2482.0, 180)"
3212,642,2,XM4_x3_x1,0.0,0.0,0.0,"(17, 1330, 180)","(17.0, 1330.0, 180)"
3213,642,3,XM6_x3_x1,0.0,0.0,0.0,"(2437, 1782, 180)","(2437.0, 1782.0, 180)"
3214,642,4,XDL_XM1_XM2_x3_x1,-18469.766555615708,17732.0,544299.490585066,"(2458, 632, 0)","(2458.0, 632.0, 0)"
3215,643,0,XR6_x3_x1,0.0,0.0,0.0,"(658, 1719, 90)","(658.0, 1719.0, 90)"
3216,643,1,XM3_x3_x1,0.0,0.0,0.0,"(1912, 1177, 90)","(1912.0, 1177.0, 90)"
3217,643,2,XDL_XM1_XM2_x3_x1,0.0,0.0,0.0,"(1089, 884, 90)","(1089.0, 884.0, 90)"
3218,643,3,XM4_x3_x1,0.0,0.0,0.0,"(2570, 520, 180)","(2570.0, 520.0, 180)"
3219,643,4,XM6_x3_x1,-13451.581750920308,12913.0,290070.3024243856,"(1143, 2530, 180)","(1143.0, 2530.0, 180)"
3220,644,0,XR6_x3_x1,0.0,0.0,0.0,"(1956, 203, 270)","(2001.5, 203.0, 270)"
3221,644,1,XM6_x3_x1,0.0,0.0,0.0,"(1203, 246, 0)","(1203.0, -31.0, 0)"
3222,644,2,XM3_x3_x1,0.0,0.0,0.0,"(1966, 1028, 180)","(1966.0, 1028.0, 180)"
3223,644,3,XM4_x3_x1,0.0,0.0,0.0,"(1545, 673, 0)","(1545.0, 673.0, 0)"
3224,644,4,XDL_XM1_XM2_x3_x1,-8181.258687093545,7737.0,197365.78105807988,"(1292, 549, 90)","(1292.0, 321.0, 90)"
3225,645,0,XM4_x3_x1,0.0,0.0,0.0,"(1803, 1921, 270)","(1803.0, 1921.0, 270)"
3226,645,1,XDL_XM1_XM2_x3_x1,0.0,0.0,0.0,"(1013, 447, 90)","(1013.0, 447.0, 90)"
3227,645,2,XM6_x3_x1,0.0,0.0,0.0,"(679, 2557, 90)","(679.0, 2557.0, 90)"
3228,645,3,XR6_x3_x1,0.0,0.0,0.0,"(718, 1993, 180)","(718.0, 1993.0, 180)"
3229,645,4,XM3_x3_x1,-13312.325021461185,12690.0,387288.4323366649,"(1990, 774, 180)","(1990.0, 774.0, 180)"
3230,646,0,XDL_XM1_XM2_x3_x1,0.0,0.0,0.0,"(1243, 2050, 90)","(1243.0, 2050.0, 90)"
3231,646,1,XM3_x3_x1,0.0,0.0,0.0,"(404, 124, 270)","(404.0, 124.0, 270)"
3232,646,2,XM6_x3_x1,0.0,0.0,0.0,"(459, 2428, 90)","(459.0, 2768.5, 90)"
3233,646,3,XR6_x3_x1,0.0,0.0,0.0,"(503, 2470, 270)","(503.0, 2470.0, 270)"
3234,646,4,XM4_x3_x1,-13805.580516214095,13181.0,390100.82123426604,"(967, 410, 270)","(967.0, 410.0, 270)"
3235,647,0,XM6_x3_x1,0.0,0.0,0.0,"(190, 993, 180)","(190.0, 993.0, 180)"
3236,647,1,XM3_x3_x1,0.0,0.0,0.0,"(1749, 881, 90)","(1749.0, 881.0, 90)"
3237,647,2,XR6_x3_x1,0.0,0.0,0.0,"(2375, 1598, 90)","(2375.0, 1598.0, 90)"
3238,647,3,XM4_x3_x1,0.0,0.0,0.0,"(177, 949, 180)","(177.0, 714.0, 180)"
3239,647,4,XDL_XM1_XM2_x3_x1,-12418.06527834257,11915.0,253074.67427388707,"(1348, 2332, 180)","(1348.0, 2332.0, 180)"
3240,648,0,XR6_x3_x1,0.0,0.0,0.0,"(2359, 2409, 90)","(2359.0, 2409.0, 90)"
3241,648,1,XDL_XM1_XM2_x3_x1,0.0,0.0,0.0,"(1809, 1300, 90)","(1809.0, 1300.0, 90)"
3242,648,2,XM6_x3_x1,0.0,0.0,0.0,"(2028, 1348, 180)","(2028.0, 1652.0, 180)"
3243,648,3,XM3_x3_x1,0.0,0.0,0.0,"(633, 1730, 180)","(633.0, 1730.0, 180)"
3244,648,4,XM4_x3_x1,-10831.733053112739,10376.0,207692.61569945846,"(2284, 1449, 0)","(2424.0, 1449.0, 0)"
3245,649,0,XM4_x3_x1,0.0,0.0,0.0,"(2260, 1174, 90)","(2260.0, 1174.0, 90)"
3246,649,1,XM6_x3_x1,0.0,0.0,0.0,"(781, 1029, 0)","(781.0, 1029.0, 0)"
3247,649,2,XR6_x3_x1,0.0,0.0,0.0,"(1936, 841, 270)","(1936.0, 841.0, 270)"
3248,649,3,XM3_x3_x1,0.0,0.0,0.0,"(645, 396, 0)","(645.0, 278.0, 0)"
3249,649,4,XDL_XM1_XM2_x3_x1,-11163.650839693168,10548.0,379025.9564149028,"(935, 630, 270)","(935.0, 630.0, 270)"
3250,650,0,XR6_x3_x1,0.0,0.0,0.0,"(2167, 222, 180)","(2898.5, 222.0, 180)"
3251,650,1,XM6_x3_x1,0.0,0.0,0.0,"(139, 1210, 90)","(139.0, 1210.0, 90)"
3252,650,2,XM4_x3_x1,0.0,0.0,0.0,"(921, 1391, 90)","(921.0, 1391.0, 90)"
3253,650,3,XDL_XM1_XM2_x3_x1,0.0,0.0,0.0,"(2255, 356, 180)","(2585.5, 356.0, 180)"
3254,650,4,XM3_x3_x1,-12938.214749354667,12385.0,306046.5589035478,"(2175, 273, 0)","(2175.0, 273.0, 0)"
3255,651,0,XR6_x3_x1,0.0,0.0,0.0,"(736, 1910, 180)","(736.0, 1910.0, 180)"
3256,651,1,XM3_x3_x1,0.0,0.0,0.0,"(935, 1198, 90)","(935.0, 1198.0, 90)"
3257,651,2,XM4_x3_x1,0.0,0.0,0.0,"(437, 903, 180)","(437.0, 903.0, 180)"
3258,651,3,XM6_x3_x1,0.0,0.0,0.0,"(1468, 381, 90)","(1468.0, 381.0, 90)"
3259,651,4,XDL_XM1_XM2_x3_x1,-8754.285900943532,8383.0,137853.22023945043,"(1654, 1051, 90)","(1654.0, 1051.0, 90)"
3260,652,0,XM4_x3_x1,0.0,0.0,0.0,"(472, 2479, 270)","(472.0, 2479.0, 270)"
3261,652,1,XDL_XM1_XM2_x3_x1,0.0,0.0,0.0,"(2286, 464, 90)","(2286.0, 133.5, 90)"
3262,652,2,XR6_x3_x1,0.0,0.0,0.0,"(1278, 344, 180)","(1278.0, 344.0, 180)"
3263,652,3,XM6_x3_x1,0.0,0.0,0.0,"(2174, 1402, 0)","(2174.0, 1402.0, 0)"
3264,652,4,XM3_x3_x1,-14972.896982185352,14337.0,404364.9719524377,"(2186, 544, 270)","(2186.0, 544.0, 270)"
3265,653,0,XR6_x3_x1,0.0,0.0,0.0,"(2123, 569, 270)","(2123.0, 569.0, 270)"
3266,653,1,XDL_XM1_XM2_x3_x1,0.0,0.0,0.0,"(1758, 1160, 180)","(1758.0, 1160.0, 180)"
3267,653,2,XM3_x3_x1,0.0,0.0,0.0,"(2003, 2014, 270)","(2003.0, 2014.0, 270)"
3268,653,3,XM6_x3_x1,0.0,0.0,0.0,"(493, 392, 90)","(493.0, 392.0, 90)"
3269,653,4,XM4_x3_x1,-13037.871682745068,12541.0,246881.4691139151,"(2067, 2524, 180)","(2067.0, 2524.0, 180)"
3270,654,0,XM6_x3_x1,0.0,0.0,0.0,"(970, 2052, 180)","(918.0, 2052.0, 180)"
3271,654,1,XDL_XM1_XM2_x3_x1,0.0,0.0,0.0,"(709, 2553, 90)","(709.0, 2553.0, 90)"
3272,654,2,XM3_x3_x1,0.0,0.0,0.0,"(1314, 2043, 180)","(1314.0, 2043.0, 180)"
3273,654,3,XR6_x3_x1,0.0,0.0,0.0,"(2435, 782, 270)","(2435.0, 782.0, 270)"
3274,654,4,XM4_x3_x1,-12734.785571978584,12231.0,253799.90253378951,"(935, 696, 90)","(935.0, 696.0, 90)"
3275,655,0,XM4_x3_x1,0.0,0.0,0.0,"(927, 1749, 180)","(927.0, 1749.0, 180)"
3276,655,1,XR6_x3_x1,0.0,0.0,0.0,"(1297, 1927, 90)","(1297.0, 1989.0, 90)"
3277,655,2,XDL_XM1_XM2_x3_x1,0.0,0.0,0.0,"(1104, 1172, 0)","(1104.0, 1172.0, 0)"
3278,655,3,XM3_x3_x1,0.0,0.0,0.0,"(192, 901, 90)","(192.0, 901.0, 90)"
3279,655,4,XM6_x3_x1,-11444.872885460205,10858.0,344419.7836883866,"(1772, 506, 0)","(1772.0, 506.0, 0)"
3280,656,0,XM3_x3_x1,0.0,0.0,0.0,"(608, 2344, 90)","(608.0, 2734.5, 90)"
3281,656,1,XM6_x3_x1,0.0,0.0,0.0,"(653, 1071, 270)","(534.0, 1071.0, 270)"
3282,656,2,XR6_x3_x1,0.0,0.0,0.0,"(1622, 126, 0)","(1622.0, 126.0, 0)"
3283,656,3,XDL_XM1_XM2_x3_x1,0.0,0.0,0.0,"(553, 2168, 0)","(553.0, 2168.0, 0)"
3284,656,4,XM4_x3_x1,-13336.224641014815,12763.0,328586.4890665629,"(813, 1141, 90)","(813.0, 1141.0, 90)"
3285,657,0,XM3_x3_x1,0.0,0.0,0.0,"(860, 829, 90)","(860.0, 829.0, 90)"
3286,657,1,XDL_XM1_XM2_x3_x1,0.0,0.0,0.0,"(886, 228, 180)","(886.0, 228.0, 180)"
3287,657,2,XM6_x3_x1,0.0,0.0,0.0,"(2073, 606, 0)","(2073.0, 606.0, 0)"
3288,657,3,XR6_x3_x1,0.0,0.0,0.0,"(2550, 2408, 0)","(2550.0, 2408.0, 0)"
3289,657,4,XM4_x3_x1,-12207.354739930755,11724.0,233631.80461352886,"(735, 1302, 90)","(735.0, 1302.0, 90)"
3290,658,0,XDL_XM1_XM2_x3_x1,0.0,0.0,0.0,"(1251, 1427, 270)","(1251.0, 1427.0, 270)"
3291,658,1,XM6_x3_x1,0.0,0.0,0.0,"(116, 256, 90)","(116.0, 256.0, 90)"
3292,658,2,XM4_x3_x1,0.0,0.0,0.0,"(1232, 2548, 90)","(1232.0, 2548.0, 90)"
3293,658,3,XR6_x3_x1,0.0,0.0,0.0,"(159, 2010, 0)","(159.0, 2010.0, 0)"
3294,658,4,XM3_x3_x1,-14803.081431890923,14192.0,373420.5164018607,"(2025, 2438, 180)","(2025.0, 2438.0, 180)"
3295,659,0,XM6_x3_x1,0.0,0.0,0.0,"(413, 2107, 0)","(413.0, 2107.0, 0)"
3296,659,1,XDL_XM1_XM2_x3_x1,0.0,0.0,0.0,"(937, 678, 90)","(937.0, 678.0, 90)"
3297,659,2,XM3_x3_x1,0.0,0.0,0.0,"(237, 2319, 270)","(237.0, 2444.5, 270)"
3298,659,3,XM4_x3_x1,0.0,0.0,0.0,"(1349, 263, 180)","(1349.0, 263.0, 180)"
3299,659,4,XR6_x3_x1,-14276.104965456556,13701.0,330745.72129278694,"(2352, 1819, 180)","(2352.0, 1819.0, 180)"
3300,660,0,XM4_x3_x1,0.0,0.0,0.0,"(1649, 1071, 180)","(1649.0, 1071.0, 180)"
3301,660,1,XDL_XM1_XM2_x3_x1,0.0,0.0,0.0,"(1627, 2167, 90)","(1627.0, 2167.0, 90)"
3302,660,2,XR6_x3_x1,0.0,0.0,0.0,"(1872, 2071, 270)","(1872.0, 1854.0, 270)"
3303,660,3,XM3_x3_x1,0.0,0.0,0.0,"(488, 1824, 90)","(488.0, 1824.0, 90)"
3304,660,4,XM6_x3_x1,-10923.247925775255,10386.0,288635.33374981396,"(2137, 1264, 180)","(2137.0, 1264.0, 180)"
3305,661,0,XDL_XM1_XM2_x3_x1,0.0,0.0,0.0,"(344, 2250, 90)","(344.0, 2250.0, 90)"
3306,661,1,XM3_x3_x1,0.0,0.0,0.0,"(2098, 1514, 90)","(2098.0, 1514.0, 90)"
3307,661,2,XM6_x3_x1,0.0,0.0,0.0,"(559, 318, 0)","(559.0, 318.0, 0)"
3308,661,3,XR6_x3_x1,0.0,0.0,0.0,"(257, 1402, 270)","(257.0, 1402.0, 270)"
3309,661,4,XM4_x3_x1,-13894.508816797224,13340.0,307480.0279058573,"(1010, 2480, 180)","(1010.0, 2480.0, 180)"
3310,662,0,XM3_x3_x1,0.0,0.0,0.0,"(2153, 2359, 270)","(2153.0, 2359.0, 270)"
3311,662,1,XDL_XM1_XM2_x3_x1,0.0,0.0,0.0,"(352, 1534, 180)","(352.0, 1534.0, 180)"
3312,662,2,XR6_x3_x1,0.0,0.0,0.0,"(1716, 1191, 90)","(1716.0, 1191.0, 90)"
3313,662,3,XM6_x3_x1,0.0,0.0,0.0,"(1202, 657, 180)","(1202.0, 657.0, 180)"
3314,662,4,XM4_x3_x1,-13293.764175845383,12683.0,373032.878496089,"(728, 642, 180)","(728.0, 642.0, 180)"
3315,663,0,XR6_x3_x1,0.0,0.0,0.0,"(1567, 928, 90)","(1546.0, 928.0, 90)"
3316,663,1,XM3_x3_x1,0.0,0.0,0.0,"(2012, 2403, 180)","(2012.0, 2403.0, 180)"
3317,663,2,XDL_XM1_XM2_x3_x1,0.0,0.0,0.0,"(2288, 2588, 180)","(2422.5, 2588.0, 180)"
3318,663,3,XM4_x3_x1,0.0,0.0,0.0,"(636, 1979, 0)","(636.0, 1979.0, 0)"
3319,663,4,XM6_x3_x1,-13012.389726432788,12463.0,301829.07150989445,"(2085, 869, 0)","(2085.0, 869.0, 0)"
3320,664,0,XM3_x3_x1,0.0,0.0,0.0,"(2603, 1049, 180)","(2890.5, 1049.0, 180)"
3321,664,1,XDL_XM1_XM2_x3_x1,0.0,0.0,0.0,"(2324, 1220, 90)","(2324.0, 1220.0, 90)"
3322,664,2,XM6_x3_x1,0.0,0.0,0.0,"(299, 1772, 0)","(299.0, 1772.0, 0)"
3323,664,3,XR6_x3_x1,0.0,0.0,0.0,"(1502, 241, 0)","(1502.0, 241.0, 0)"
3324,664,4,XM4_x3_x1,-14160.01842178138,13623.0,288388.78533256473,"(921, 1618, 180)","(921.0, 1618.0, 180)"
3325,665,0,XM4_x3_x1,0.0,0.0,0.0,"(1909, 2437, 270)","(1909.0, 2437.0, 270)"
3326,665,1,XR6_x3_x1,0.0,0.0,0.0,"(534, 1720, 90)","(534.0, 1720.0, 90)"
3327,665,2,XM3_x3_x1,0.0,0.0,0.0,"(391, 2076, 270)","(391.0, 2076.0, 270)"
3328,665,3,XDL_XM1_XM2_x3_x1,0.0,0.0,0.0,"(713, 975, 270)","(713.0, 975.0, 270)"
3329,665,4,XM6_x3_x1,-10460.783281896465,9977.0,234046.26384251434,"(1199, 2359, 0)","(1199.0, 2359.0, 0)"
3330,666,0,XDL_XM1_XM2_x3_x1,0.0,0.0,0.0,"(2560, 905, 180)","(2560.0, 905.0, 180)"
3331,666,1,XM3_x3_x1,0.0,0.0,0.0,"(2411, 2029, 270)","(2411.0, 2029.0, 270)"
3332,666,2,XR6_x3_x1,0.0,0.0,0.0,"(573, 1822, 90)","(573.0, 1822.0, 90)"
3333,666,3,XM6_x3_x1,0.0,0.0,0.0,"(11, 1581, 90)","(11.0, 1581.0, 90)"
3334,666,4,XM4_x3_x1,-14039.454067394963,13460.0,335767.0162205657,"(787, 2129, 90)","(787.0, 2129.0, 90)"
3335,667,0,XDL_XM1_XM2_x3_x1,0.0,0.0,0.0,"(764, 2145, 90)","(764.0, 2264.0, 90)"
3336,667,1,XR6_x3_x1,0.0,0.0,0.0,"(1018, 1951, 270)","(1018.0, 1951.0, 270)"
3337,667,2,XM6_x3_x1,0.0,0.0,0.0,"(2595, 1960, 90)","(2595.0, 1960.0, 90)"
3338,667,3,XM3_x3_x1,0.0,0.0,0.0,"(924, 398, 90)","(924.0, 398.0, 90)"
3339,667,4,XM4_x3_x1,-13226.611848860693,12650.0,332481.2242465469,"(1676, 1233, 90)","(1676.0, 1233.0, 90)"
3340,668,0,XR6_x3_x1,0.0,0.0,0.0,"(1450, 1630, 180)","(1450.0, 1630.0, 180)"
3341,668,1,XM6_x3_x1,0.0,0.0,0.0,"(2460, 2425, 0)","(2608.5, 2425.0, 0)"
3342,668,2,XM4_x3_x1,0.0,0.0,0.0,"(2357, 2023, 0)","(2608.5, 2023.0, 0)"
3343,668,3,XM3_x3_x1,0.0,0.0,0.0,"(1321, 861, 180)","(1321.0, 861.0, 180)"
3344,668,4,XDL_XM1_XM2_x3_x1,-10742.41723560097,10222.5,270313.9318749537,"(2042, 2343, 90)","(2042.0, 2343.0, 90)"
3345,669,0,XM4_x3_x1,0.0,0.0,0.0,"(360, 2244, 180)","(360.0, 2244.0, 180)"
3346,669,1,XDL_XM1_XM2_x3_x1,0.0,0.0,0.0,"(2604, 599, 90)","(2604.0, 599.0, 90)"
3347,669,2,XM6_x3_x1,0.0,0.0,0.0,"(637, 1517, 180)","(637.0, 1517.0, 180)"
3348,669,3,XM3_x3_x1,0.0,0.0,0.0,"(808, 1072, 90)","(808.0, 1072.0, 90)"
3349,669,4,XR6_x3_x1,-13330.938944401832,12784.0,299142.20890339004,"(1901, 1162, 90)","(1901.0, 1162.0, 90)"
3350,670,0,XR6_x3_x1,0.0,0.0,0.0,"(537, 281, 90)","(537.0, 281.0, 90)"
3351,670,1,XM6_x3_x1,0.0,0.0,0.0,"(262, 1091, 0)","(262.0, 1091.0, 0)"
3352,670,2,XM3_x3_x1,0.0,0.0,0.0,"(623, 679, 270)","(623.0, 679.0, 270)"
3353,670,3,XM4_x3_x1,0.0,0.0,0.0,"(2316, 2018, 180)","(2316.0, 2018.0, 180)"
3354,670,4,XDL_XM1_XM2_x3_x1,-14582.34082405363,14004.0,334478.10876703233,"(167, 2605, 0)","(167.0, 2605.0, 0)"
3355,671,0,XM4_x3_x1,0.0,0.0,0.0,"(1322, 1278, 180)","(1322.0, 1278.0, 180)"
3356,671,1,XM3_x3_x1,0.0,0.0,0.0,"(1556, 717, 0)","(1556.0, 717.0, 0)"
3357,671,2,XR6_x3_x1,0.0,0.0,0.0,"(800, 507, 180)","(800.0, 507.0, 180)"
3358,671,3,XDL_XM1_XM2_x3_x1,0.0,0.0,0.0,"(172, 976, 180)","(91.0, 976.0, 180)"
3359,671,4,XM6_x3_x1,-8072.318930726101,7676.5,156672.62592115413,"(537, 925, 0)","(501.5, 925.0, 0)"
3360,672,0,XM6_x3_x1,0.0,0.0,0.0,"(1855, 1876, 270)","(1855.0, 1876.0, 270)"
3361,672,1,XR6_x3_x1,0.0,0.0,0.0,"(2345, 860, 90)","(2345.0, 860.0, 90)"
3362,672,2,XM4_x3_x1,0.0,0.0,0.0,"(237, 201, 90)","(237.0, 201.0, 90)"
3363,672,3,XM3_x3_x1,0.0,0.0,0.0,"(726, 1341, 270)","(726.0, 1341.0, 270)"
3364,672,4,XDL_XM1_XM2_x3_x1,-14437.509266135923,13802.0,403872.0273446186,"(2249, 547, 180)","(2249.0, 391.0, 180)"
3365,673,0,XDL_XM1_XM2_x3_x1,0.0,0.0,0.0,"(1359, 2223, 90)","(1359.0, 2370.0, 90)"
3366,673,1,XM6_x3_x1,0.0,0.0,0.0,"(1393, 2018, 180)","(1393.0, 2018.0, 180)"
3367,673,2,XM4_x3_x1,0.0,0.0,0.0,"(2541, 748, 0)","(2541.0, 748.0, 0)"
3368,673,3,XM3_x3_x1,0.0,0.0,0.0,"(2112, 1938, 180)","(2112.0, 1938.0, 180)"
3369,673,4,XR6_x3_x1,-13046.325169439291,12507.0,290871.6383907196,"(493, 1710, 90)","(493.0, 1710.0, 90)"
3370,674,0,XM3_x3_x1,0.0,0.0,0.0,"(929, 2284, 180)","(929.0, 2284.0, 180)"
3371,674,1,XR6_x3_x1,0.0,0.0,0.0,"(2305, 756, 270)","(2305.0, 603.0, 270)"
3372,674,2,XM6_x3_x1,0.0,0.0,0.0,"(2577, 285, 90)","(2577.0, 285.0, 90)"
3373,674,3,XM4_x3_x1,0.0,0.0,0.0,"(1102, 61, 180)","(1102.0, 61.0, 180)"
3374,674,4,XDL_XM1_XM2_x3_x1,-15934.926349445517,15172.0,582056.6146782646,"(2182, 916, 90)","(2182.0, 916.0, 90)"
3375,675,0,XR6_x3_x1,0.0,0.0,0.0,"(860, 1754, 90)","(860.0, 1754.0, 90)"
3376,675,1,XM4_x3_x1,0.0,0.0,0.0,"(773, 426, 270)","(773.0, 426.0, 270)"
3377,675,2,XM3_x3_x1,0.0,0.0,0.0,"(556, 28, 270)","(556.0, 28.0, 270)"
3378,675,3,XDL_XM1_XM2_x3_x1,0.0,0.0,0.0,"(1011, 2325, 270)","(1011.0, 2325.0, 270)"
3379,675,4,XM6_x3_x1,-11285.459443208962,10734.0,304107.51750433794,"(669, 1122, 180)","(669.0, 1122.0, 180)"
3380,676,0,XR6_x3_x1,0.0,0.0,0.0,"(1967, 1742, 180)","(1967.0, 1742.0, 180)"
3381,676,1,XM3_x3_x1,0.0,0.0,0.0,"(229, 2512, 90)","(229.0, 2512.0, 90)"
3382,676,2,XM4_x3_x1,0.0,0.0,0.0,"(1560, 1847, 90)","(1560.0, 1847.0, 90)"
3383,676,3,XDL_XM1_XM2_x3_x1,0.0,0.0,0.0,"(1615, 2509, 180)","(1615.0, 2509.0, 180)"
3384,676,4,XM6_x3_x1,-11900.921583836285,11296.0,365930.1225909993,"(1002, 1322, 90)","(1002.0, 1322.0, 90)"
3385,677,0,XDL_XM1_XM2_x3_x1,0.0,0.0,0.0,"(1745, 898, 270)","(1745.0, 898.0, 270)"
3386,677,1,XR6_x3_x1,0.0,0.0,0.0,"(27, 1828, 0)","(27.0, 1828.0, 0)"
3387,677,2,XM3_x3_x1,0.0,0.0,0.0,"(121, 597, 180)","(30.0, 597.0, 180)"
3388,677,3,XM4_x3_x1,0.0,0.0,0.0,"(1883, 284, 270)","(1883.0, 284.0, 270)"
3389,677,4,XM6_x3_x1,-11133.358337816493,10676.0,209176.64917026556,"(426, 655, 0)","(426.0, 655.0, 0)"
3390,678,0,XDL_XM1_XM2_x3_x1,0.0,0.0,0.0,"(2331, 1242, 0)","(2331.0, 1242.0, 0)"
3391,678,1,XM6_x3_x1,0.0,0.0,0.0,"(1011, 2592, 270)","(1011.0, 2592.0, 270)"
3392,678,2,XR6_x3_x1,0.0,0.0,0.0,"(727, 1404, 90)","(727.0, 1404.0, 90)"
3393,678,3,XM4_x3_x1,0.0,0.0,0.0,"(692, 83, 180)","(692.0, 83.0, 180)"
3394,678,4,XM3_x3_x1,-12396.220145238196,11946.0,202698.17917830154,"(719, 1675, 180)","(719.0, 1675.0, 180)"
3395,679,0,XM3_x3_x1,0.0,0.0,0.0,"(2223, 528, 90)","(2223.0, 528.0, 90)"
3396,679,1,XR6_x3_x1,0.0,0.0,0.0,"(1198, 772, 90)","(1198.0, 772.0, 90)"
3397,679,2,XM4_x3_x1,0.0,0.0,0.0,"(286, 1568, 0)","(286.0, 1568.0, 0)"
3398,679,3,XDL_XM1_XM2_x3_x1,0.0,0.0,0.0,"(291, 2000, 0)","(291.0, 2076.0, 0)"
3399,679,4,XM6_x3_x1,-12713.195225853655,12164.0,301615.39610044594,"(2063, 1648, 90)","(2063.0, 1648.0, 90)"
3400,680,0,XDL_XM1_XM2_x3_x1,0.0,0.0,0.0,"(168, 1680, 270)","(168.0, 1680.0, 270)"
3401,680,1,XM3_x3_x1,0.0,0.0,0.0,"(971, 1724, 180)","(971.0, 1724.0, 180)"
3402,680,2,XM4_x3_x1,0.0,0.0,0.0,"(71, 2590, 0)","(71.0, 2590.0, 0)"
3403,680,3,XR6_x3_x1,0.0,0.0,0.0,"(389, 2297, 180)","(389.0, 2297.0, 180)"
3404,680,4,XM6_x3_x1,-9463.385131922714,8946.0,267687.37473468465,"(1570, 1734, 90)","(1570.0, 1734.0, 90)"
3405,681,0,XM6_x3_x1,0.0,0.0,0.0,"(727, 638, 90)","(727.0, 638.0, 90)"
3406,681,1,XM4_x3_x1,0.0,0.0,0.0,"(1617, 985, 0)","(1617.0, 985.0, 0)"
3407,681,2,XR6_x3_x1,0.0,0.0,0.0,"(1994, 2355, 0)","(1994.0, 2355.0, 0)"
3408,681,3,XM3_x3_x1,0.0,0.0,0.0,"(1849, 1007, 0)","(2013.0, 1007.0, 0)"
3409,681,4,XDL_XM1_XM2_x3_x1,-9336.875927055436,8960.0,142035.46439389448,"(1404, 1569, 90)","(1404.0, 1569.0, 90)"
3410,682,0,XM3_x3_x1,0.0,0.0,0.0,"(492, 1607, 90)","(492.0, 1607.0, 90)"
3411,682,1,XM6_x3_x1,0.0,0.0,0.0,"(719, 326, 180)","(719.0, 326.0, 180)"
3412,682,2,XDL_XM1_XM2_x3_x1,0.0,0.0,0.0,"(1656, 139, 0)","(1832.5, 139.0, 0)"
3413,682,3,XM4_x3_x1,0.0,0.0,0.0,"(1154, 54, 90)","(1154.0, -49.5, 90)"
3414,682,4,XR6_x3_x1,-12786.121246181807,12142.5,414248.30853662174,"(1279, 249, 270)","(1279.0, 249.0, 270)"
3415,683,0,XM4_x3_x1,0.0,0.0,0.0,"(440, 2010, 180)","(440.0, 2010.0, 180)"
3416,683,1,XR6_x3_x1,0.0,0.0,0.0,"(2044, 1327, 180)","(2044.0, 1327.0, 180)"
3417,683,2,XM6_x3_x1,0.0,0.0,0.0,"(9, 2324, 180)","(9.0, 2324.0, 180)"
3418,683,3,XM3_x3_x1,0.0,0.0,0.0,"(1262, 1018, 0)","(1262.0, 1018.0, 0)"
3419,683,4,XDL_XM1_XM2_x3_x1,-13889.261724179602,13335.0,307206.0588905438,"(1982, 133, 90)","(1982.0, 133.0, 90)"
3420,684,0,XM6_x3_x1,0.0,0.0,0.0,"(1136, 1889, 270)","(1136.0, 1889.0, 270)"
3421,684,1,XM4_x3_x1,0.0,0.0,0.0,"(2516, 1007, 180)","(2516.0, 1007.0, 180)"
3422,684,2,XDL_XM1_XM2_x3_x1,0.0,0.0,0.0,"(645, 437, 0)","(645.0, 437.0, 0)"
3423,684,3,XM3_x3_x1,0.0,0.0,0.0,"(509, 1981, 90)","(509.0, 1981.0, 90)"
3424,684,4,XR6_x3_x1,-15091.590038356195,14380.0,506360.3826877714,"(2127, 693, 90)","(2127.0, 693.0, 90)"
3425,685,0,XM4_x3_x1,0.0,0.0,0.0,"(2145, 2008, 90)","(2145.0, 2008.0, 90)"
3426,685,1,XR6_x3_x1,0.0,0.0,0.0,"(169, 1255, 0)","(169.0, 1255.0, 0)"
3427,685,2,XDL_XM1_XM2_x3_x1,0.0,0.0,0.0,"(1081, 2352, 270)","(1081.0, 2352.0, 270)"
3428,685,3,XM6_x3_x1,0.0,0.0,0.0,"(2214, 1758, 180)","(2482.5, 1758.0, 180)"
3429,685,4,XM3_x3_x1,-10367.24725869614,9950.0,174095.27488944234,"(770, 1545, 90)","(770.0, 1545.0, 90)"
3430,686,0,XM6_x3_x1,0.0,0.0,0.0,"(927, 1282, 90)","(927.0, 1282.0, 90)"
3431,686,1,XM3_x3_x1,0.0,0.0,0.0,"(1565, 959, 270)","(1565.0, 959.0, 270)"
3432,686,2,XR6_x3_x1,0.0,0.0,0.0,"(2449, 165, 90)","(2449.0, 165.0, 90)"
3433,686,3,XM4_x3_x1,0.0,0.0,0.0,"(743, 967, 0)","(589.5, 967.0, 0)"
3434,686,4,XDL_XM1_XM2_x3_x1,-9014.715160581372,8642.5,138544.12576661736,"(1476, 1150, 90)","(1476.0, 1369.5, 90)"
3435,687,0,XDL_XM1_XM2_x3_x1,0.0,0.0,0.0,"(1985, 1142, 270)","(1985.0, 1142.0, 270)"
3436,687,1,XM6_x3_x1,0.0,0.0,0.0,"(984, 122, 90)","(984.0, 122.0, 90)"
3437,687,2,XM3_x3_x1,0.0,0.0,0.0,"(1072, 1352, 90)","(1072.0, 1352.0, 90)"
3438,687,3,XR6_x3_x1,0.0,0.0,0.0,"(417, 1953, 0)","(417.0, 1953.0, 0)"
3439,687,4,XM4_x3_x1,-9576.367067264327,9274.0,91425.84336603034,"(1200, 1878, 90)","(1200.0, 1878.0, 90)"
3440,688,0,XDL_XM1_XM2_x3_x1,0.0,0.0,0.0,"(1772, 91, 90)","(1772.0, 91.0, 90)"
3441,688,1,XM3_x3_x1,0.0,0.0,0.0,"(660, 948, 90)","(660.0, 948.0, 90)"
3442,688,2,XR6_x3_x1,0.0,0.0,0.0,"(350, 1668, 0)","(350.0, 1668.0, 0)"
3443,688,3,XM6_x3_x1,0.0,0.0,0.0,"(525, 2104, 180)","(525.0, 2148.5, 180)"
3444,688,4,XM4_x3_x1,-10979.234174799467,10534.0,198233.47040936156,"(1678, 1873, 90)","(1678.0, 1873.0, 90)"
3445,689,0,XDL_XM1_XM2_x3_x1,0.0,0.0,0.0,"(2544, 1407, 270)","(2544.0, 1407.0, 270)"
3446,689,1,XM4_x3_x1,0.0,0.0,0.0,"(2389, 1786, 90)","(2389.0, 1817.5, 90)"
3447,689,2,XR6_x3_x1,0.0,0.0,0.0,"(1931, 1705, 270)","(1908.5, 1720.0, 270)"
3448,689,3,XM6_x3_x1,0.0,0.0,0.0,"(1360, 68, 90)","(1360.0, 68.0, 90)"
3449,689,4,XM3_x3_x1,-11982.786167952481,11412.0,325796.8495258782,"(1195, 711, 90)","(1195.0, 711.0, 90)"
3450,690,0,XDL_XM1_XM2_x3_x1,0.0,0.0,0.0,"(442, 180, 0)","(442.0, 180.0, 0)"
3451,690,1,XR6_x3_x1,0.0,0.0,0.0,"(1292, 764, 0)","(1292.0, 764.0, 0)"
3452,690,2,XM6_x3_x1,0.0,0.0,0.0,"(625, 932, 270)","(625.0, 932.0, 270)"
3453,690,3,XM4_x3_x1,0.0,0.0,0.0,"(1923, 353, 270)","(1923.0, 353.0, 270)"
3454,690,4,XM3_x3_x1,-13041.965783071058,12431.0,373279.1880836307,"(1714, 1926, 90)","(1714.0, 1926.0, 90)"
3455,691,0,XM6_x3_x1,0.0,0.0,0.0,"(2257, 1317, 180)","(2257.0, 1317.0, 180)"
3456,691,1,XM4_x3_x1,0.0,0.0,0.0,"(652, 2554, 270)","(652.0, 2554.0, 270)"
3457,691,2,XDL_XM1_XM2_x3_x1,0.0,0.0,0.0,"(1120, 1523, 0)","(1120.0, 1523.0, 0)"
3458,691,3,XM3_x3_x1,0.0,0.0,0.0,"(2605, 1851, 0)","(2605.0, 1851.0, 0)"
3459,691,4,XR6_x3_x1,-14916.376531686907,14338.0,334519.4124061747,"(1385, 122, 0)","(1385.0, 122.0, 0)"
3460,692,0,XM3_x3_x1,0.0,0.0,0.0,"(2511, 2196, 90)","(2521.5, 2196.0, 90)"
3461,692,1,XDL_XM1_XM2_x3_x1,0.0,0.0,0.0,"(1783, 2349, 270)","(1783.0, 2496.0, 270)"
3462,692,2,XM6_x3_x1,0.0,0.0,0.0,"(1950, 712, 90)","(1950.0, 712.0, 90)"
3463,692,3,XR6_x3_x1,0.0,0.0,0.0,"(311, 104, 90)","(311.0, 104.0, 90)"
3464,692,4,XM4_x3_x1,-13983.633354141335,13497.0,236812.0213628456,"(2184, 2144, 180)","(2184.0, 2144.0, 180)"
3465,693,0,XR6_x3_x1,0.0,0.0,0.0,"(2471, 1710, 270)","(2471.0, 1710.0, 270)"
3466,693,1,XM4_x3_x1,0.0,0.0,0.0,"(2375, 2437, 180)","(2375.0, 2437.0, 180)"
3467,693,2,XM3_x3_x1,0.0,0.0,0.0,"(2604, 1611, 0)","(2604.0, 1470.0, 0)"
3468,693,3,XDL_XM1_XM2_x3_x1,0.0,0.0,0.0,"(317, 888, 90)","(317.0, 888.0, 90)"
3469,693,4,XM6_x3_x1,-11484.233685699764,11068.5,172834.4974255104,"(2487, 1275, 90)","(2487.0, 1132.5, 90)"
3470,694,0,XDL_XM1_XM2_x3_x1,0.0,0.0,0.0,"(1130, 691, 0)","(1130.0, 691.0, 0)"
3471,694,1,XM3_x3_x1,0.0,0.0,0.0,"(1586, 1151, 90)","(1586.0, 1151.0, 90)"
3472,694,2,XM4_x3_x1,0.0,0.0,0.0,"(2119, 1112, 180)","(2119.0, 1112.0, 180)"
3473,694,3,XR6_x3_x1,0.0,0.0,0.0,"(1192, 1459, 0)","(1192.0, 1459.0, 0)"
3474,694,4,XM6_x3_x1,-8468.396299373282,8102.0,134246.2481944355,"(669, 1790, 180)","(669.0, 1790.0, 180)"
3475,695,0,XM4_x3_x1,0.0,0.0,0.0,"(2326, 1989, 90)","(2326.0, 1989.0, 90)"
3476,695,1,XR6_x3_x1,0.0,0.0,0.0,"(604, 379, 270)","(604.0, 379.0, 270)"
3477,695,2,XM3_x3_x1,0.0,0.0,0.0,"(2515, 13, 90)","(2515.0, 13.0, 90)"
3478,695,3,XDL_XM1_XM2_x3_x1,0.0,0.0,0.0,"(514, 2400, 270)","(514.0, 2413.0, 270)"
3479,695,4,XM6_x3_x1,-16402.6802195922,15747.0,429916.55036447424,"(958, 2061, 180)","(958.0, 2061.0, 180)"
3480,696,0,XM4_x3_x1,0.0,0.0,0.0,"(1107, 1909, 90)","(1107.0, 1909.0, 90)"
3481,696,1,XR6_x3_x1,0.0,0.0,0.0,"(1423, 2582, 90)","(1423.0, 2582.0, 90)"
3482,696,2,XDL_XM1_XM2_x3_x1,0.0,0.0,0.0,"(1529, 1280, 90)","(1529.0, 1280.0, 90)"
3483,696,3,XM6_x3_x1,0.0,0.0,0.0,"(1000, 228, 0)","(1000.0, 228.0, 0)"
3484,696,4,XM3_x3_x1,-12302.89867460493,11804.0,248899.88752255583,"(2433, 1911, 270)","(2433.0, 1911.0, 270)"
3485,697,0,XR6_x3_x1,0.0,0.0,0.0,"(1986, 683, 90)","(1986.0, 683.0, 90)"
3486,697,1,XM6_x3_x1,0.0,0.0,0.0,"(879, 2560, 0)","(879.0, 2560.0, 0)"
3487,697,2,XM3_x3_x1,0.0,0.0,0.0,"(2135, 1431, 90)","(2135.0, 1431.0, 90)"
3488,697,3,XDL_XM1_XM2_x3_x1,0.0,0.0,0.0,"(1838, 1013, 90)","(1471.0, 1013.0, 90)"
3489,697,4,XM4_x3_x1,-9503.858293498832,9051.0,205080.63399067332,"(1979, 1015, 90)","(1979.0, 1015.0, 90)"
3490,698,0,XDL_XM1_XM2_x3_x1,0.0,0.0,0.0,"(499, 515, 270)","(499.0, 515.0, 270)"
3491,698,1,XM6_x3_x1,0.0,0.0,0.0,"(334, 2427, 180)","(334.0, 2427.0, 180)"
3492,698,2,XR6_x3_x1,0.0,0.0,0.0,"(878, 87, 180)","(968.0, 87.0, 180)"
3493,698,3,XM4_x3_x1,0.0,0.0,0.0,"(1128, 1940, 270)","(1128.0, 1940.0, 270)"
3494,698,4,XM3_x3_x1,-11658.179814475043,11113.0,297221.0301110416,"(244, 138, 0)","(244.0, 138.0, 0)"
3495,699,0,XM3_x3_x1,0.0,0.0,0.0,"(864, 1520, 90)","(864.0, 1520.0, 90)"
3496,699,1,XR6_x3_x1,0.0,0.0,0.0,"(2204, 1313, 270)","(2361.5, 1313.0, 270)"
3497,699,2,XM6_x3_x1,0.0,0.0,0.0,"(1881, 1310, 90)","(1881.0, 1310.0, 90)"
3498,699,3,XDL_XM1_XM2_x3_x1,0.0,0.0,0.0,"(444, 1893, 90)","(444.0, 1930.5, 90)"
3499,699,4,XM4_x3_x1,-11427.681555937414,10917.5,260285.22001872084,"(2583, 1982, 90)","(2583.0, 1982.0, 90)"
3500,700,0,XM6_x3_x1,0.0,0.0,0.0,"(1084, 681, 0)","(1084.0, 681.0, 0)"
3501,700,1,XR6_x3_x1,0.0,0.0,0.0,"(1051, 1422, 90)","(1051.0, 1422.0, 90)"
3502,700,2,XM3_x3_x1,0.0,0.0,0.0,"(1835, 472, 0)","(1835.0, 472.0, 0)"
3503,700,3,XM4_x3_x1,0.0,0.0,0.0,"(2203, 1235, 0)","(2203.0, 1235.0, 0)"
3504,700,4,XDL_XM1_XM2_x3_x1,-9542.777904284812,8979.0,317845.52535977605,"(1313, 1093, 270)","(1313.0, 1093.0, 270)"
3505,701,0,XM4_x3_x1,0.0,0.0,0.0,"(2335, 472, 180)","(2335.0, 472.0, 180)"
3506,701,1,XM6_x3_x1,0.0,0.0,0.0,"(458, 1950, 90)","(458.0, 1950.0, 90)"
3507,701,2,XM3_x3_x1,0.0,0.0,0.0,"(764, 802, 0)","(764.0, 802.0, 0)"
3508,701,3,XDL_XM1_XM2_x3_x1,0.0,0.0,0.0,"(2502, 1670, 270)","(2502.0, 1670.0, 270)"
3509,701,4,XR6_x3_x1,-13005.934871587318,12446.0,313527.060419506,"(323, 1016, 90)","(323.0, 1042.0, 90)"
3510,702,0,XDL_XM1_XM2_x3_x1,0.0,0.0,0.0,"(2285, 2082, 270)","(2285.0, 2082.0, 270)"
3511,702,1,XR6_x3_x1,0.0,0.0,0.0,"(602, 102, 0)","(602.0, 102.0, 0)"
3512,702,2,XM3_x3_x1,0.0,0.0,0.0,"(1682, 45, 90)","(1682.0, 45.0, 90)"
3513,702,3,XM4_x3_x1,0.0,0.0,0.0,"(1071, 1511, 0)","(1071.0, 1511.0, 0)"
3514,702,4,XM6_x3_x1,-13221.034689067772,12759.0,213476.0539019532,"(117, 1501, 0)","(117.0, 1501.0, 0)"
3515,703,0,XDL_XM1_XM2_x3_x1,0.0,0.0,0.0,"(2374, 32, 180)","(2374.0, 32.0, 180)"
3516,703,1,XM6_x3_x1,0.0,0.0,0.0,"(97, 1138, 90)","(97.0, 1138.0, 90)"
3517,703,2,XR6_x3_x1,0.0,0.0,0.0,"(1611, 2444, 90)","(1611.0, 2444.0, 90)"
3518,703,3,XM3_x3_x1,0.0,0.0,0.0,"(904, 715, 90)","(904.0, 715.0, 90)"
3519,703,4,XM4_x3_x1,-17139.38936638322,16477.0,438759.67269756395,"(1908, 2462, 180)","(1908.0, 2684.0, 180)"
3520,704,0,XM6_x3_x1,0.0,0.0,0.0,"(1897, 1497, 90)","(1897.0, 1497.0, 90)"
3521,704,1,XM3_x3_x1,0.0,0.0,0.0,"(2526, 1724, 0)","(2526.0, 1724.0, 0)"
3522,704,2,XDL_XM1_XM2_x3_x1,0.0,0.0,0.0,"(1920, 1618, 270)","(1920.0, 1907.5, 270)"
3523,704,3,XR6_x3_x1,0.0,0.0,0.0,"(2545, 818, 90)","(2545.0, 818.0, 90)"
3524,704,4,XM4_x3_x1,-9620.351880421622,9200.0,176695.70337399413,"(840, 2184, 270)","(840.0, 2184.0, 270)"
3525,705,0,XDL_XM1_XM2_x3_x1,0.0,0.0,0.0,"(899, 787, 270)","(752.5, 787.0, 270)"
3526,705,1,XM4_x3_x1,0.0,0.0,0.0,"(1319, 825, 0)","(1319.0, 825.0, 0)"
3527,705,2,XM6_x3_x1,0.0,0.0,0.0,"(1872, 2476, 270)","(1872.0, 2476.0, 270)"
3528,705,3,XR6_x3_x1,0.0,0.0,0.0,"(2520, 821, 0)","(2520.0, 821.0, 0)"
3529,705,4,XM3_x3_x1,-10577.587844429212,10193.0,147907.81008270787,"(1522, 349, 180)","(1522.0, 349.0, 180)"
3530,706,0,XM4_x3_x1,0.0,0.0,0.0,"(2256, 891, 90)","(2256.0, 891.0, 90)"
3531,706,1,XR6_x3_x1,0.0,0.0,0.0,"(2305, 14, 180)","(2305.0, 14.0, 180)"
3532,706,2,XM3_x3_x1,0.0,0.0,0.0,"(1812, 171, 180)","(1812.0, 171.0, 180)"
3533,706,3,XM6_x3_x1,0.0,0.0,0.0,"(2366, 820, 180)","(2593.5, 820.0, 180)"
3534,706,4,XDL_XM1_XM2_x3_x1,-7566.853617383937,7191.0,141265.94170059028,"(1378, 815, 90)","(1378.0, 815.0, 90)"
3535,707,0,XM4_x3_x1,0.0,0.0,0.0,"(696, 973, 90)","(696.0, 838.0, 90)"
3536,707,1,XDL_XM1_XM2_x3_x1,0.0,0.0,0.0,"(194, 2440, 90)","(194.0, 2728.5, 90)"
3537,707,2,XM6_x3_x1,0.0,0.0,0.0,"(752, 1234, 90)","(752.0, 1234.0, 90)"
3538,707,3,XR6_x3_x1,0.0,0.0,0.0,"(32, 2175, 180)","(32.0, 2175.0, 180)"
3539,707,4,XM3_x3_x1,-12782.25312945505,12143.0,408644.5635180757,"(1255, 1278, 180)","(1255.0, 1278.0, 180)"
3540,708,0,XM3_x3_x1,0.0,0.0,0.0,"(528, 1274, 180)","(528.0, 1274.0, 180)"
3541,708,1,XR6_x3_x1,0.0,0.0,0.0,"(932, 2200, 270)","(932.0, 2200.0, 270)"
3542,708,2,XM6_x3_x1,0.0,0.0,0.0,"(306, 556, 90)","(202.0, 556.0, 90)"
3543,708,3,XM4_x3_x1,0.0,0.0,0.0,"(715, 811, 270)","(715.0, 811.0, 270)"
3544,708,4,XDL_XM1_XM2_x3_x1,-8311.19237745606,7953.0,128301.7792676242,"(554, 532, 180)","(554.0, 244.5, 180)"
3545,709,0,XR6_x3_x1,0.0,0.0,0.0,"(1329, 1514, 90)","(1329.0, 1514.0, 90)"
3546,709,1,XM3_x3_x1,0.0,0.0,0.0,"(909, 1723, 90)","(848.5, 1723.0, 90)"
3547,709,2,XM6_x3_x1,0.0,0.0,0.0,"(2186, 2158, 90)","(2186.0, 2158.0, 90)"
3548,709,3,XDL_XM1_XM2_x3_x1,0.0,0.0,0.0,"(841, 2465, 90)","(841.0, 2465.0, 90)"
3549,709,4,XM4_x3_x1,-7531.145793569552,7205.0,106371.07866311252,"(619, 1954, 90)","(569.5, 1954.0, 90)"
3550,710,0,XM3_x3_x1,0.0,0.0,0.0,"(1453, 959, 270)","(1453.0, 959.0, 270)"
3551,710,1,XM6_x3_x1,0.0,0.0,0.0,"(1440, 2557, 0)","(1440.0, 2557.0, 0)"
3552,710,2,XR6_x3_x1,0.0,0.0,0.0,"(2594, 718, 90)","(2594.0, 718.0, 90)"
3553,710,3,XM4_x3_x1,0.0,0.0,0.0,"(2521, 2602, 90)","(2521.0, 2602.0, 90)"
3554,710,4,XDL_XM1_XM2_x3_x1,-14343.90705963448,13778.0,320250.8001441439,"(130, 2180, 180)","(130.0, 2180.0, 180)"
3555,711,0,XR6_x3_x1,0.0,0.0,0.0,"(2245, 208, 90)","(2245.0, 208.0, 90)"
3556,711,1,XM6_x3_x1,0.0,0.0,0.0,"(1068, 1567, 90)","(1068.0, 1567.0, 90)"
3557,711,2,XM3_x3_x1,0.0,0.0,0.0,"(1406, 917, 270)","(1406.0, 917.0, 270)"
3558,711,3,XDL_XM1_XM2_x3_x1,0.0,0.0,0.0,"(423, 1704, 180)","(423.0, 1704.0, 180)"
3559,711,4,XM4_x3_x1,-10788.966393427414,10330.0,210650.1502957681,"(1999, 1623, 90)","(1999.0, 1623.0, 90)"
3560,712,0,XDL_XM1_XM2_x3_x1,0.0,0.0,0.0,"(2197, 1748, 0)","(2256.5, 1748.0, 0)"
3561,712,1,XM4_x3_x1,0.0,0.0,0.0,"(1846, 2186, 0)","(1846.0, 2186.0, 0)"
3562,712,2,XM3_x3_x1,0.0,0.0,0.0,"(2589, 1853, 0)","(2667.0, 1853.0, 0)"
3563,712,3,XR6_x3_x1,0.0,0.0,0.0,"(1614, 1936, 90)","(1614.0, 1936.0, 90)"
3564,712,4,XM6_x3_x1,-9953.55776845026,9483.0,221424.61344888827,"(333, 2314, 180)","(333.0, 2314.0, 180)"
3565,713,0,XM6_x3_x1,0.0,0.0,0.0,"(2318, 1900, 270)","(2318.0, 1900.0, 270)"
3566,713,1,XR6_x3_x1,0.0,0.0,0.0,"(344, 1289, 90)","(344.0, 1289.0, 90)"
3567,713,2,XM3_x3_x1,0.0,0.0,0.0,"(2457, 643, 90)","(2457.0, 643.0, 90)"
3568,713,3,XM4_x3_x1,0.0,0.0,0.0,"(286, 1682, 270)","(286.0, 1682.0, 270)"
3569,713,4,XDL_XM1_XM2_x3_x1,-15853.015239931985,15169.0,467876.84845920966,"(2563, 2014, 90)","(2826.0, 2014.0, 90)"
3570,714,0,XR6_x3_x1,0.0,0.0,0.0,"(157, 1342, 180)","(-39.0, 1342.0, 180)"
3571,714,1,XM6_x3_x1,0.0,0.0,0.0,"(2326, 894, 270)","(2326.0, 894.0, 270)"
3572,714,2,XDL_XM1_XM2_x3_x1,0.0,0.0,0.0,"(2036, 1953, 270)","(2036.0, 1953.0, 270)"
3573,714,3,XM4_x3_x1,0.0,0.0,0.0,"(201, 1560, 90)","(201.0, 1560.0, 90)"
3574,714,4,XM3_x3_x1,-12127.390706536318,11585.0,294187.6785369661,"(1277, 1861, 90)","(1277.0, 1861.0, 90)"
3575,715,0,XR6_x3_x1,0.0,0.0,0.0,"(649, 467, 180)","(582.0, 467.0, 180)"
3576,715,1,XM3_x3_x1,0.0,0.0,0.0,"(2363, 1211, 270)","(2363.0, 1211.0, 270)"
3577,715,2,XM6_x3_x1,0.0,0.0,0.0,"(822, 643, 90)","(822.0, 643.0, 90)"
3578,715,3,XDL_XM1_XM2_x3_x1,0.0,0.0,0.0,"(1926, 2074, 270)","(1926.0, 2074.0, 270)"
3579,715,4,XM4_x3_x1,-12930.676822487754,12383.0,299949.9018902836,"(536, 994, 180)","(536.0, 994.0, 180)"
3580,716,0,XM6_x3_x1,0.0,0.0,0.0,"(2119, 1617, 90)","(2119.0, 1617.0, 90)"
3581,716,1,XM3_x3_x1,0.0,0.0,0.0,"(814, 2394, 180)","(814.0, 2394.0, 180)"
3582,716,2,XDL_XM1_XM2_x3_x1,0.0,0.0,0.0,"(1342, 266, 270)","(1342.0, 266.0, 270)"
3583,716,3,XM4_x3_x1,0.0,0.0,0.0,"(2572, 1408, 180)","(2572.0, 1408.0, 180)"
3584,716,4,XR6_x3_x1,-13860.0014227775,13271.0,346922.6760339189,"(1490, 1584, 0)","(1490.0, 1584.0, 0)"
3585,717,0,XM3_x3_x1,0.0,0.0,0.0,"(2325, 2522, 180)","(2325.0, 2522.0, 180)"
3586,717,1,XDL_XM1_XM2_x3_x1,0.0,0.0,0.0,"(215, 2153, 0)","(215.0, 2153.0, 0)"
3587,717,2,XM4_x3_x1,0.0,0.0,0.0,"(810, 1582, 180)","(810.0, 1582.0, 180)"
3588,717,3,XR6_x3_x1,0.0,0.0,0.0,"(2429, 1012, 90)","(2429.0, 1012.0, 90)"
3589,717,4,XM6_x3_x1,-12620.558778578876,12081.0,291123.6755415291,"(1411, 1499, 0)","(1411.0, 1499.0, 0)"
3590,718,0,XDL_XM1_XM2_x3_x1,0.0,0.0,0.0,"(1103, 1481, 270)","(1103.0, 1481.0, 270)"
3591,718,1,XM6_x3_x1,0.0,0.0,0.0,"(1420, 1660, 90)","(1611.0, 1660.0, 90)"
3592,718,2,XM3_x3_x1,0.0,0.0,0.0,"(1443, 2510, 0)","(1443.0, 2510.0, 0)"
3593,718,3,XM4_x3_x1,0.0,0.0,0.0,"(185, 498, 270)","(185.0, 498.0, 270)"
3594,718,4,XR6_x3_x1,-14090.243244293559,13513.0,333209.7630825536,"(1681, 97, 90)","(1681.0, 97.0, 90)"
3595,719,0,XDL_XM1_XM2_x3_x1,0.0,0.0,0.0,"(1884, 1926, 270)","(1884.0, 1926.0, 270)"
3596,719,1,XR6_x3_x1,0.0,0.0,0.0,"(1897, 2352, 180)","(1897.0, 2758.5, 180)"
3597,719,2,XM6_x3_x1,0.0,0.0,0.0,"(2017, 2194, 0)","(2017.0, 2278.0, 0)"
3598,719,3,XM4_x3_x1,0.0,0.0,0.0,"(2215, 1165, 90)","(2215.0, 1165.0, 90)"
3599,719,4,XM3_x3_x1,-8173.775353724998,7732.0,195165.46315884736,"(2125, 1865, 90)","(2392.0, 1865.0, 90)"
3600,720,0,XM3_x3_x1,0.0,0.0,0.0,"(1832, 1214, 180)","(1832.0, 1214.0, 180)"
3601,720,1,XDL_XM1_XM2_x3_x1,0.0,0.0,0.0,"(119, 445, 180)","(119.0, 445.0, 180)"
3602,720,2,XM6_x3_x1,0.0,0.0,0.0,"(2011, 555, 270)","(2011.0, 555.0, 270)"
3603,720,3,XM4_x3_x1,0.0,0.0,0.0,"(509, 2159, 180)","(509.0, 2455.0, 180)"
3604,720,4,XR6_x3_x1,-15300.67088443114,14618.0,466039.5364499936,"(745, 2215, 90)","(745.0, 2215.0, 90)"
3605,721,0,XDL_XM1_XM2_x3_x1,0.0,0.0,0.0,"(356, 1246, 270)","(263.0, 1246.0, 270)"
3606,721,1,XR6_x3_x1,0.0,0.0,0.0,"(732, 831, 180)","(732.0, 831.0, 180)"
3607,721,2,XM4_x3_x1,0.0,0.0,0.0,"(1972, 1975, 270)","(1972.0, 1975.0, 270)"
3608,721,3,XM3_x3_x1,0.0,0.0,0.0,"(199, 1406, 180)","(199.0, 1598.0, 180)"
3609,721,4,XM6_x3_x1,-10990.373820754729,10456.0,285555.38030800683,"(1933, 1123, 180)","(1933.0, 1123.0, 180)"
3610,722,0,XDL_XM1_XM2_x3_x1,0.0,0.0,0.0,"(523, 1279, 90)","(523.0, 1279.0, 90)"
3611,722,1,XM4_x3_x1,0.0,0.0,0.0,"(1555, 1249, 90)","(1555.0, 1249.0, 90)"
3612,722,2,XM6_x3_x1,0.0,0.0,0.0,"(212, 2269, 90)","(212.0, 2269.0, 90)"
3613,722,3,XR6_x3_x1,0.0,0.0,0.0,"(2292, 2057, 0)","(2292.0, 2057.0, 0)"
3614,722,4,XM3_x3_x1,-11618.323423456752,11110.0,258392.70283479203,"(2425, 1974, 180)","(2590.5, 1974.0, 180)"
3615,723,0,XR6_x3_x1,0.0,0.0,0.0,"(578, 1115, 0)","(578.0, 1115.0, 0)"
3616,723,1,XM4_x3_x1,0.0,0.0,0.0,"(618, 2265, 0)","(685.5, 2265.0, 0)"
3617,723,2,XM6_x3_x1,0.0,0.0,0.0,"(348, 2180, 90)","(348.0, 2180.0, 90)"
3618,723,3,XDL_XM1_XM2_x3_x1,0.0,0.0,0.0,"(1732, 746, 90)","(1732.0, 746.0, 90)"
3619,723,4,XM3_x3_x1,-14358.711779225874,13646.5,507245.6184680841,"(2061, 2445, 0)","(2061.0, 2445.0, 0)"
3620,724,0,XDL_XM1_XM2_x3_x1,0.0,0.0,0.0,"(2279, 246, 270)","(2279.0, 246.0, 270)"
3621,724,1,XM6_x3_x1,0.0,0.0,0.0,"(52, 2198, 0)","(52.0, 2198.0, 0)"
3622,724,2,XM4_x3_x1,0.0,0.0,0.0,"(1214, 1857, 180)","(1214.0, 1857.0, 180)"
3623,724,3,XR6_x3_x1,0.0,0.0,0.0,"(7, 761, 90)","(7.0, 761.0, 90)"
3624,724,4,XM3_x3_x1,-15727.031060308904,15091.0,404535.50967766746,"(1693, 2125, 270)","(1693.0, 2125.0, 270)"
3625,725,0,XR6_x3_x1,0.0,0.0,0.0,"(179, 1085, 180)","(116.0, 1085.0, 180)"
3626,725,1,XM6_x3_x1,0.0,0.0,0.0,"(158, 1967, 90)","(-108.0, 1967.0, 90)"
3627,725,2,XM3_x3_x1,0.0,0.0,0.0,"(930, 2394, 90)","(930.0, 2394.0, 90)"
3628,725,3,XM4_x3_x1,0.0,0.0,0.0,"(356, 1135, 270)","(356.0, 1135.0, 270)"
3629,725,4,XDL_XM1_XM2_x3_x1,-10156.825611438544,9571.0,343191.64701734454,"(244, 1801, 180)","(244.0, 1801.0, 180)"
3630,726,0,XR6_x3_x1,0.0,0.0,0.0,"(975, 400, 180)","(975.0, 400.0, 180)"
3631,726,1,XM6_x3_x1,0.0,0.0,0.0,"(483, 609, 90)","(483.0, 609.0, 90)"
3632,726,2,XM4_x3_x1,0.0,0.0,0.0,"(1827, 658, 270)","(1827.0, 658.0, 270)"
3633,726,3,XM3_x3_x1,0.0,0.0,0.0,"(1259, 1186, 0)","(1259.0, 1186.0, 0)"
3634,726,4,XDL_XM1_XM2_x3_x1,-9800.812236870514,9306.0,244839.14975680102,"(230, 650, 90)","(-25.0, 650.0, 90)"
3635,727,0,XDL_XM1_XM2_x3_x1,0.0,0.0,0.0,"(2598, 1809, 180)","(2852.0, 1809.0, 180)"
3636,727,1,XM3_x3_x1,0.0,0.0,0.0,"(2500, 1527, 270)","(2500.0, 1527.0, 270)"
3637,727,2,XM4_x3_x1,0.0,0.0,0.0,"(931, 1082, 180)","(931.0, 1082.0, 180)"
3638,727,3,XM6_x3_x1,0.0,0.0,0.0,"(2073, 961, 90)","(2073.0, 961.0, 90)"
3639,727,4,XR6_x3_x1,-11542.129165158725,11095.0,199924.49033553898,"(2384, 151, 180)","(2384.0, 151.0, 180)"
3640,728,0,XM4_x3_x1,0.0,0.0,0.0,"(1511, 1539, 0)","(1511.0, 1539.0, 0)"
3641,728,1,XR6_x3_x1,0.0,0.0,0.0,"(2222, 1868, 180)","(2222.0, 1868.0, 180)"
3642,728,2,XDL_XM1_XM2_x3_x1,0.0,0.0,0.0,"(467, 1559, 0)","(467.0, 1559.0, 0)"
3643,728,3,XM3_x3_x1,0.0,0.0,0.0,"(1445, 1264, 180)","(1445.0, 1260.0, 180)"
3644,728,4,XM6_x3_x1,-8827.57332513964,8471.0,127144.53620113934,"(2517, 1396, 0)","(2520.5, 1396.0, 0)"
3645,729,0,XDL_XM1_XM2_x3_x1,0.0,0.0,0.0,"(2162, 1535, 270)","(2162.0, 1535.0, 270)"
3646,729,1,XM3_x3_x1,0.0,0.0,0.0,"(1371, 1698, 180)","(1371.0, 1698.0, 180)"
3647,729,2,XM4_x3_x1,0.0,0.0,0.0,"(704, 60, 0)","(704.0, 60.0, 0)"
3648,729,3,XR6_x3_x1,0.0,0.0,0.0,"(1239, 784, 0)","(1239.0, 784.0, 0)"
3649,729,4,XM6_x3_x1,-12250.298397531791,11672.0,334429.0365878372,"(2094, 199, 0)","(2094.0, 199.0, 0)"
3650,730,0,XM4_x3_x1,0.0,0.0,0.0,"(1059, 2232, 90)","(1059.0, 2232.0, 90)"
3651,730,1,XR6_x3_x1,0.0,0.0,0.0,"(61, 60, 180)","(61.0, 60.0, 180)"
3652,730,2,XDL_XM1_XM2_x3_x1,0.0,0.0,0.0,"(1053, 546, 270)","(1053.0, 546.0, 270)"
3653,730,3,XM6_x3_x1,0.0,0.0,0.0,"(1621, 2526, 180)","(1621.0, 2526.0, 180)"
3654,730,4,XM3_x3_x1,-15870.916143469258,15224.0,418500.49668113684,"(2239, 922, 180)","(2239.0, 922.0, 180)"
3655,731,0,XM4_x3_x1,0.0,0.0,0.0,"(1712, 1437, 180)","(1893.5, 1437.0, 180)"
3656,731,1,XR6_x3_x1,0.0,0.0,0.0,"(86, 2571, 90)","(86.0, 2571.0, 90)"
3657,731,2,XM6_x3_x1,0.0,0.0,0.0,"(1116, 2394, 180)","(1116.0, 2394.0, 180)"
3658,731,3,XM3_x3_x1,0.0,0.0,0.0,"(2092, 1483, 0)","(2289.5, 1483.0, 0)"
3659,731,4,XDL_XM1_XM2_x3_x1,-11777.928315164296,11275.0,252936.89019399695,"(1327, 1369, 90)","(1327.0, 1369.0, 90)"
3660,732,0,XR6_x3_x1,0.0,0.0,0.0,"(1336, 46, 90)","(1336.0, 46.0, 90)"
3661,732,1,XM4_x3_x1,0.0,0.0,0.0,"(1892, 320, 270)","(1892.0, 320.0, 270)"
3662,732,2,XM3_x3_x1,0.0,0.0,0.0,"(275, 2359, 90)","(275.0, 2359.0, 90)"
3663,732,3,XM6_x3_x1,0.0,0.0,0.0,"(1274, 2294, 180)","(1274.0, 2294.0, 180)"
3664,732,4,XDL_XM1_XM2_x3_x1,-16972.767477828078,16225.0,559156.2008973672,"(1010, 2428, 90)","(1010.0, 2646.0, 90)"
3665,733,0,XM4_x3_x1,0.0,0.0,0.0,"(2029, 2525, 180)","(2029.0, 2525.0, 180)"
3666,733,1,XDL_XM1_XM2_x3_x1,0.0,0.0,0.0,"(1449, 719, 180)","(1449.0, 719.0, 180)"
3667,733,2,XR6_x3_x1,0.0,0.0,0.0,"(174, 2484, 0)","(174.0, 2484.0, 0)"
3668,733,3,XM3_x3_x1,0.0,0.0,0.0,"(1439, 1856, 0)","(1439.0, 1856.0, 0)"
3669,733,4,XM6_x3_x1,-13349.157091769042,12804.0,297196.2547060796,"(2300, 480, 90)","(2300.0, 480.0, 90)"
3670,734,0,XR6_x3_x1,0.0,0.0,0.0,"(1194, 300, 180)","(1194.0, 300.0, 180)"
3671,734,1,XM3_x3_x1,0.0,0.0,0.0,"(2487, 1606, 270)","(2487.0, 1606.0, 270)"
3672,734,2,XM6_x3_x1,0.0,0.0,0.0,"(2068, 1964, 90)","(2068.0, 1964.0, 90)"
3673,734,3,XM4_x3_x1,0.0,0.0,0.0,"(699, 2582, 90)","(699.0, 2582.0, 90)"
3674,734,4,XDL_XM1_XM2_x3_x1,-15149.612737647847,14551.0,358337.2096742505,"(404, 1487, 90)","(404.0, 1487.0, 90)"
3675,735,0,XM6_x3_x1,0.0,0.0,0.0,"(319, 2217, 270)","(319.0, 2217.0, 270)"
3676,735,1,XDL_XM1_XM2_x3_x1,0.0,0.0,0.0,"(116, 902, 90)","(-83.0, 902.0, 90)"
3677,735,2,XM3_x3_x1,0.0,0.0,0.0,"(88, 848, 0)","(87.5, 550.0, 0)"
3678,735,3,XR6_x3_x1,0.0,0.0,0.0,"(2494, 962, 270)","(2494.0, 962.0, 270)"
3679,735,4,XM4_x3_x1,-11961.3714700863,11563.0,158699.8281787205,"(425, 908, 90)","(425.0, 908.0, 90)"
3680,736,0,XM6_x3_x1,0.0,0.0,0.0,"(984, 2294, 90)","(984.0, 2294.0, 90)"
3681,736,1,XM3_x3_x1,0.0,0.0,0.0,"(2081, 1854, 0)","(2081.0, 1854.0, 0)"
3682,736,2,XM4_x3_x1,0.0,0.0,0.0,"(1698, 41, 90)","(1698.0, 41.0, 90)"
3683,736,3,XDL_XM1_XM2_x3_x1,0.0,0.0,0.0,"(2439, 1548, 180)","(2491.5, 1548.0, 180)"
3684,736,4,XR6_x3_x1,-12719.42984837794,12216.0,253441.6122378363,"(979, 1610, 0)","(979.0, 1610.0, 0)"
3685,737,0,XM3_x3_x1,0.0,0.0,0.0,"(2182, 1212, 0)","(2182.0, 1212.0, 0)"
3686,737,1,XR6_x3_x1,0.0,0.0,0.0,"(106, 2, 180)","(106.0, 2.0, 180)"
3687,737,2,XDL_XM1_XM2_x3_x1,0.0,0.0,0.0,"(2571, 129, 270)","(2571.0, 129.0, 270)"
3688,737,3,XM6_x3_x1,0.0,0.0,0.0,"(1973, 456, 180)","(1973.0, 456.0, 180)"
3689,737,4,XM4_x3_x1,-13531.468180180806,12925.0,367803.65357181896,"(1170, 1231, 90)","(1170.0, 1231.0, 90)"
3690,738,0,XDL_XM1_XM2_x3_x1,0.0,0.0,0.0,"(2012, 1978, 180)","(2012.0, 1978.0, 180)"
3691,738,1,XM4_x3_x1,0.0,0.0,0.0,"(844, 855, 270)","(844.0, 765.0, 270)"
3692,738,2,XM3_x3_x1,0.0,0.0,0.0,"(1944, 2533, 180)","(1944.0, 2533.0, 180)"
3693,738,3,XM6_x3_x1,0.0,0.0,0.0,"(642, 1161, 90)","(642.0, 1161.0, 90)"
3694,738,4,XR6_x3_x1,-13447.396676278648,12830.0,381178.65587992064,"(2461, 1448, 0)","(2461.0, 1448.0, 0)"
3695,739,0,XM4_x3_x1,0.0,0.0,0.0,"(1491, 2152, 0)","(1491.0, 2152.0, 0)"
3696,739,1,XR6_x3_x1,0.0,0.0,0.0,"(1797, 2529, 90)","(1797.0, 2529.0, 90)"
3697,739,2,XM6_x3_x1,0.0,0.0,0.0,"(2448, 812, 0)","(2448.0, 812.0, 0)"
3698,739,3,XDL_XM1_XM2_x3_x1,0.0,0.0,0.0,"(783, 402, 0)","(783.0, 402.0, 0)"
3699,739,4,XM3_x3_x1,-12603.446786655319,12106.0,247453.30555370194,"(1360, 946, 90)","(1360.0, 946.0, 90)"
3700,740,0,XM6_x3_x1,0.0,0.0,0.0,"(100, 761, 90)","(100.0, 761.0, 90)"
3701,740,1,XM3_x3_x1,0.0,0.0,0.0,"(1711, 972, 270)","(1711.0, 972.0, 270)"
3702,740,2,XM4_x3_x1,0.0,0.0,0.0,"(2418, 2468, 180)","(2418.0, 2468.0, 180)"
3703,740,3,XR6_x3_x1,0.0,0.0,0.0,"(2335, 857, 90)","(2335.0, 857.0, 90)"
3704,740,4,XDL_XM1_XM2_x3_x1,-12679.804618666762,12156.0,274371.2785366321,"(1998, 1476, 90)","(1998.0, 1476.0, 90)"
3705,741,0,XM4_x3_x1,0.0,0.0,0.0,"(798, 1004, 0)","(798.0, 1004.0, 0)"
3706,741,1,XR6_x3_x1,0.0,0.0,0.0,"(633, 793, 90)","(633.0, 764.0, 90)"
3707,741,2,XM6_x3_x1,0.0,0.0,0.0,"(1666, 818, 180)","(1666.0, 818.0, 180)"
3708,741,3,XM3_x3_x1,0.0,0.0,0.0,"(746, 2191, 90)","(746.0, 2191.0, 90)"
3709,741,4,XDL_XM1_XM2_x3_x1,-10607.790535648774,10131.0,227329.21488424504,"(1797, 1604, 180)","(1797.0, 1604.0, 180)"
3710,742,0,XDL_XM1_XM2_x3_x1,0.0,0.0,0.0,"(1451, 260, 0)","(1451.0, 260.0, 0)"
3711,742,1,XR6_x3_x1,0.0,0.0,0.0,"(1518, 959, 90)","(1518.0, 959.0, 90)"
3712,742,2,XM6_x3_x1,0.0,0.0,0.0,"(803, 2098, 0)","(803.0, 2098.0, 0)"
3713,742,3,XM4_x3_x1,0.0,0.0,0.0,"(299, 95, 270)","(299.0, 95.0, 270)"
3714,742,4,XM3_x3_x1,-14260.670658708677,13586.0,455180.4977224003,"(944, 2238, 180)","(944.0, 2377.0, 180)"
3715,743,0,XM3_x3_x1,0.0,0.0,0.0,"(1164, 2294, 270)","(1036.0, 2294.0, 270)"
3716,743,1,XM6_x3_x1,0.0,0.0,0.0,"(1825, 2459, 90)","(1825.0, 2459.0, 90)"
3717,743,2,XDL_XM1_XM2_x3_x1,0.0,0.0,0.0,"(2256, 2120, 270)","(2256.0, 2048.5, 270)"
3718,743,3,XR6_x3_x1,0.0,0.0,0.0,"(1276, 2548, 180)","(1276.0, 2548.0, 180)"
3719,743,4,XM4_x3_x1,-8274.390514684184,7908.0,134242.00925054163,"(677, 1792, 90)","(677.0, 1792.0, 90)"
3720,744,0,XDL_XM1_XM2_x3_x1,0.0,0.0,0.0,"(1297, 1745, 90)","(1297.0, 1925.0, 90)"
3721,744,1,XR6_x3_x1,0.0,0.0,0.0,"(1958, 157, 0)","(1958.0, 157.0, 0)"
3722,744,2,XM3_x3_x1,0.0,0.0,0.0,"(90, 326, 270)","(90.0, 326.0, 270)"
3723,744,3,XM4_x3_x1,0.0,0.0,0.0,"(2433, 1914, 0)","(2433.0, 1914.0, 0)"
3724,744,4,XM6_x3_x1,-15957.261527842695,15314.0,413785.3932025177,"(1587, 1573, 180)","(1587.0, 1573.0, 180)"
3725,745,0,XR6_x3_x1,0.0,0.0,0.0,"(509, 1272, 270)","(509.0, 1272.0, 270)"
3726,745,1,XM4_x3_x1,0.0,0.0,0.0,"(942, 2478, 90)","(942.0, 2591.0, 90)"
3727,745,2,XM6_x3_x1,0.0,0.0,0.0,"(1037, 2195, 90)","(1037.0, 2195.0, 90)"
3728,745,3,XM3_x3_x1,0.0,0.0,0.0,"(2502, 821, 0)","(2502.0, 821.0, 0)"
3729,745,4,XDL_XM1_XM2_x3_x1,-15502.453641424305,14845.0,432245.29062207876,"(2216, 383, 90)","(2216.0, 383.0, 90)"
3730,746,0,XR6_x3_x1,0.0,0.0,0.0,"(1944, 1349, 90)","(1944.0, 1349.0, 90)"
3731,746,1,XM4_x3_x1,0.0,0.0,0.0,"(1731, 1736, 0)","(1731.0, 1736.0, 0)"
3732,746,2,XM3_x3_x1,0.0,0.0,0.0,"(322, 2082, 90)","(322.0, 2082.0, 90)"
3733,746,3,XDL_XM1_XM2_x3_x1,0.0,0.0,0.0,"(1486, 181, 90)","(1486.0, 181.0, 90)"
3734,746,4,XM6_x3_x1,-13859.45779646273,13248.0,373880.63685505674,"(1064, 2436, 90)","(1064.0, 2436.0, 90)"
3735,747,0,XM4_x3_x1,0.0,0.0,0.0,"(1485, 1267, 0)","(1485.0, 1267.0, 0)"
3736,747,1,XR6_x3_x1,0.0,0.0,0.0,"(341, 2069, 180)","(341.0, 2069.0, 180)"
3737,747,2,XDL_XM1_XM2_x3_x1,0.0,0.0,0.0,"(329, 771, 180)","(329.0, 771.0, 180)"
3738,747,3,XM3_x3_x1,0.0,0.0,0.0,"(1845, 2336, 180)","(1845.0, 2336.0, 180)"
3739,747,4,XM6_x3_x1,-13502.623681829402,12921.0,338286.10726478836,"(2424, 2397, 180)","(2424.0, 2397.0, 180)"
3740,748,0,XM3_x3_x1,0.0,0.0,0.0,"(1807, 1498, 90)","(1807.0, 1498.0, 90)"
3741,748,1,XM6_x3_x1,0.0,0.0,0.0,"(1541, 2275, 90)","(1541.0, 2275.0, 90)"
3742,748,2,XM4_x3_x1,0.0,0.0,0.0,"(1036, 1329, 180)","(1036.0, 1329.0, 180)"
3743,748,3,XDL_XM1_XM2_x3_x1,0.0,0.0,0.0,"(1198, 461, 180)","(1198.0, 461.0, 180)"
3744,748,4,XR6_x3_x1,-9138.97904053554,8728.0,168903.77175951353,"(2050, 748, 90)","(2050.0, 748.0, 90)"
3745,749,0,XM3_x3_x1,0.0,0.0,0.0,"(514, 1865, 180)","(514.0, 1865.0, 180)"
3746,749,1,XDL_XM1_XM2_x3_x1,0.0,0.0,0.0,"(2102, 2363, 270)","(2102.0, 2363.0, 270)"
3747,749,2,XM4_x3_x1,0.0,0.0,0.0,"(531, 1043, 180)","(531.0, 1043.0, 180)"
3748,749,3,XM6_x3_x1,0.0,0.0,0.0,"(1965, 1814, 0)","(1965.0, 1814.0, 0)"
3749,749,4,XR6_x3_x1,-12458.204308295526,11847.0,373570.70647901145,"(1566, 873, 270)","(1566.0, 873.0, 270)"
3750,750,0,XM4_x3_x1,0.0,0.0,0.0,"(1126, 452, 90)","(1126.0, 452.0, 90)"
3751,750,1,XDL_XM1_XM2_x3_x1,0.0,0.0,0.0,"(462, 2171, 90)","(462.0, 2171.0, 90)"
3752,750,2,XM6_x3_x1,0.0,0.0,0.0,"(186, 1105, 180)","(186.0, 1105.0, 180)"
3753,750,3,XR6_x3_x1,0.0,0.0,0.0,"(1802, 1758, 180)","(1802.0, 1758.0, 180)"
3754,750,4,XM3_x3_x1,-13836.899952466261,13213.0,389251.15068740427,"(140, 2513, 90)","(140.0, 2581.5, 90)"
3755,751,0,XM3_x3_x1,0.0,0.0,0.0,"(2224, 2016, 90)","(2224.0, 2016.0, 90)"
3756,751,1,XM6_x3_x1,0.0,0.0,0.0,"(2449, 2371, 90)","(2559.0, 2412.0, 90)"
3757,751,2,XR6_x3_x1,0.0,0.0,0.0,"(309, 2504, 180)","(309.0, 2504.0, 180)"
3758,751,3,XM4_x3_x1,0.0,0.0,0.0,"(1721, 197, 90)","(1721.0, 197.0, 90)"
3759,751,4,XDL_XM1_XM2_x3_x1,-14746.176580685891,14180.0,320555.9205171672,"(2051, 2265, 90)","(2051.0, 2426.5, 90)"
3760,752,0,XR6_x3_x1,0.0,0.0,0.0,"(395, 471, 180)","(395.0, 471.0, 180)"
3761,752,1,XDL_XM1_XM2_x3_x1,0.0,0.0,0.0,"(1748, 104, 180)","(1748.0, 104.0, 180)"
3762,752,2,XM6_x3_x1,0.0,0.0,0.0,"(2460, 1559, 90)","(2460.0, 1559.0, 90)"
3763,752,3,XM4_x3_x1,0.0,0.0,0.0,"(901, 1269, 180)","(901.0, 1269.0, 180)"
3764,752,4,XM3_x3_x1,-11913.058016710034,11361.0,304768.05381381745,"(1776, 1125, 270)","(1776.0, 1125.0, 270)"
3765,753,0,XR6_x3_x1,0.0,0.0,0.0,"(243, 1296, 180)","(243.0, 1296.0, 180)"
3766,753,1,XM6_x3_x1,0.0,0.0,0.0,"(2190, 2283, 90)","(2190.0, 2283.0, 90)"
3767,753,2,XM4_x3_x1,0.0,0.0,0.0,"(846, 1547, 0)","(846.0, 1547.0, 0)"
3768,753,3,XM3_x3_x1,0.0,0.0,0.0,"(2071, 580, 180)","(2071.0, 580.0, 180)"
3769,753,4,XDL_XM1_XM2_x3_x1,-13168.688281530054,12551.0,381538.8131395514,"(1967, 1696, 0)","(1967.0, 1696.0, 0)"
3770,754,0,XR6_x3_x1,0.0,0.0,0.0,"(598, 323, 90)","(598.0, 323.0, 90)"
3771,754,1,XM6_x3_x1,0.0,0.0,0.0,"(2473, 677, 90)","(2473.0, 677.0, 90)"
3772,754,2,XM4_x3_x1,0.0,0.0,0.0,"(1849, 1679, 0)","(1849.0, 1679.0, 0)"
3773,754,3,XDL_XM1_XM2_x3_x1,0.0,0.0,0.0,"(834, 835, 180)","(834.0, 835.0, 180)"
3774,754,4,XM3_x3_x1,-14477.480116005094,13826.0,424426.3415500098,"(1333, 2328, 270)","(1333.0, 2328.0, 270)"
3775,755,0,XM3_x3_x1,0.0,0.0,0.0,"(1199, 87, 90)","(1199.0, 87.0, 90)"
3776,755,1,XM6_x3_x1,0.0,0.0,0.0,"(1852, 588, 180)","(1852.0, 588.0, 180)"
3777,755,2,XM4_x3_x1,0.0,0.0,0.0,"(655, 808, 270)","(655.0, 808.0, 270)"
3778,755,3,XR6_x3_x1,0.0,0.0,0.0,"(293, 965, 90)","(174.5, 965.0, 90)"
3779,755,4,XDL_XM1_XM2_x3_x1,-12103.698025530166,11616.0,237849.36410602214,"(1345, 2087, 270)","(1345.0, 2087.0, 270)"
3780,756,0,XM3_x3_x1,0.0,0.0,0.0,"(957, 2073, 0)","(957.0, 2073.0, 0)"
3781,756,1,XM4_x3_x1,0.0,0.0,0.0,"(1578, 219, 180)","(1578.0, 219.0, 180)"
3782,756,2,XM6_x3_x1,0.0,0.0,0.0,"(2568, 2599, 90)","(2568.0, 2599.0, 90)"
3783,756,3,XR6_x3_x1,0.0,0.0,0.0,"(837, 785, 180)","(837.0, 785.0, 180)"
3784,756,4,XDL_XM1_XM2_x3_x1,-14341.066796188245,13765.0,331852.9536705875,"(823, 2113, 180)","(546.5, 2113.0, 180)"
3785,757,0,XM3_x3_x1,0.0,0.0,0.0,"(431, 1691, 180)","(431.0, 1691.0, 180)"
3786,757,1,XR6_x3_x1,0.0,0.0,0.0,"(1353, 2547, 0)","(1353.0, 2547.0, 0)"
3787,757,2,XM6_x3_x1,0.0,0.0,0.0,"(1657, 2352, 270)","(1657.0, 2352.0, 270)"
3788,757,3,XDL_XM1_XM2_x3_x1,0.0,0.0,0.0,"(1131, 119, 180)","(1131.0, 119.0, 180)"
3789,757,4,XM4_x3_x1,-11642.909351997783,11143.0,249909.36021484382,"(709, 2486, 180)","(709.0, 2486.0, 180)"
3790,758,0,XM4_x3_x1,0.0,0.0,0.0,"(1850, 834, 90)","(1850.0, 834.0, 90)"
3791,758,1,XM3_x3_x1,0.0,0.0,0.0,"(2064, 1062, 90)","(2129.0, 1062.0, 90)"
3792,758,2,XR6_x3_x1,0.0,0.0,0.0,"(2373, 863, 270)","(2609.5, 863.0, 270)"
3793,758,3,XM6_x3_x1,0.0,0.0,0.0,"(702, 2367, 180)","(702.0, 2367.0, 180)"
3794,758,4,XDL_XM1_XM2_x3_x1,-12798.023485989143,12371.0,182349.0575863198,"(490, 48, 180)","(490.0, 48.0, 180)"
3795,759,0,XM3_x3_x1,0.0,0.0,0.0,"(2530, 675, 270)","(2530.0, 675.0, 270)"
3796,759,1,XM6_x3_x1,0.0,0.0,0.0,"(323, 1296, 0)","(323.0, 1296.0, 0)"
3797,759,2,XR6_x3_x1,0.0,0.0,0.0,"(1477, 127, 180)","(1477.0, 127.0, 180)"
3798,759,3,XM4_x3_x1,0.0,0.0,0.0,"(757, 600, 0)","(757.0, 600.0, 0)"
3799,759,4,XDL_XM1_XM2_x3_x1,-13547.794482212805,12956.0,350220.7091775217,"(101, 60, 90)","(101.0, 60.0, 90)"
3800,760,0,XDL_XM1_XM2_x3_x1,0.0,0.0,0.0,"(2522, 2578, 270)","(2522.0, 2578.0, 270)"
3801,760,1,XM4_x3_x1,0.0,0.0,0.0,"(1766, 392, 90)","(1766.0, 392.0, 90)"
3802,760,2,XM3_x3_x1,0.0,0.0,0.0,"(1820, 2336, 270)","(1820.0, 2336.0, 270)"
3803,760,3,XM6_x3_x1,0.0,0.0,0.0,"(136, 1857, 180)","(136.0, 1857.0, 180)"
3804,760,4,XR6_x3_x1,-14296.463136254748,13804.0,242519.94056986299,"(1227, 1726, 90)","(1227.0, 1726.0, 90)"
3805,761,0,XR6_x3_x1,0.0,0.0,0.0,"(79, 1231, 90)","(27.0, 1231.0, 90)"
3806,761,1,XM3_x3_x1,0.0,0.0,0.0,"(566, 1061, 180)","(566.0, 1061.0, 180)"
3807,761,2,XM6_x3_x1,0.0,0.0,0.0,"(209, 1363, 90)","(209.0, 1529.5, 90)"
3808,761,3,XDL_XM1_XM2_x3_x1,0.0,0.0,0.0,"(2118, 450, 0)","(2118.0, 450.0, 0)"
3809,761,4,XM4_x3_x1,-9551.662411534277,9212.0,115370.55380927969,"(838, 384, 0)","(838.0, 384.0, 0)"
3810,762,0,XM4_x3_x1,0.0,0.0,0.0,"(1002, 670, 180)","(1002.0, 670.0, 180)"
3811,762,1,XDL_XM1_XM2_x3_x1,0.0,0.0,0.0,"(2510, 603, 90)","(2510.0, 603.0, 90)"
3812,762,2,XR6_x3_x1,0.0,0.0,0.0,"(1835, 1383, 270)","(1835.0, 1383.0, 270)"
3813,762,3,XM3_x3_x1,0.0,0.0,0.0,"(1475, 134, 0)","(1475.0, 134.0, 0)"
3814,762,4,XM6_x3_x1,-12519.028564861344,12003.0,266285.4797528584,"(2281, 2487, 90)","(2281.0, 2487.0, 90)"
3815,763,0,XM3_x3_x1,0.0,0.0,0.0,"(1594, 1377, 180)","(1594.0, 1377.0, 180)"
3816,763,1,XR6_x3_x1,0.0,0.0,0.0,"(153, 1390, 270)","(153.0, 1390.0, 270)"
3817,763,2,XM4_x3_x1,0.0,0.0,0.0,"(2173, 102, 180)","(2173.0, 102.0, 180)"
3818,763,3,XM6_x3_x1,0.0,0.0,0.0,"(466, 1716, 180)","(466.0, 1716.0, 180)"
3819,763,4,XDL_XM1_XM2_x3_x1,-11552.804664067246,11072.0,231173.1249888176,"(1593, 858, 0)","(1593.0, 858.0, 0)"
3820,764,0,XM3_x3_x1,0.0,0.0,0.0,"(241, 2533, 0)","(241.0, 2533.0, 0)"
3821,764,1,XDL_XM1_XM2_x3_x1,0.0,0.0,0.0,"(1353, 1981, 270)","(1353.0, 1981.0, 270)"
3822,764,2,XR6_x3_x1,0.0,0.0,0.0,"(1837, 1618, 180)","(1837.0, 1618.0, 180)"
3823,764,3,XM6_x3_x1,0.0,0.0,0.0,"(1227, 1243, 270)","(1227.0, 1243.0, 270)"
3824,764,4,XM4_x3_x1,-13028.07672674578,12400.0,394480.3746796918,"(61, 849, 270)","(61.0, 849.0, 270)"
3825,765,0,XM3_x3_x1,0.0,0.0,0.0,"(1931, 1928, 90)","(1931.0, 1928.0, 90)"
3826,765,1,XDL_XM1_XM2_x3_x1,0.0,0.0,0.0,"(89, 1849, 90)","(89.0, 1849.0, 90)"
3827,765,2,XR6_x3_x1,0.0,0.0,0.0,"(992, 2241, 90)","(992.0, 2241.0, 90)"
3828,765,3,XM4_x3_x1,0.0,0.0,0.0,"(394, 2521, 270)","(394.0, 2521.0, 270)"
3829,765,4,XM6_x3_x1,-10004.308786232259,9498.0,256348.58701598278,"(975, 2597, 0)","(975.0, 2597.0, 0)"
3830,766,0,XM4_x3_x1,0.0,0.0,0.0,"(584, 237, 270)","(584.0, 237.0, 270)"
3831,766,1,XDL_XM1_XM2_x3_x1,0.0,0.0,0.0,"(2432, 1582, 90)","(2432.0, 1582.0, 90)"
3832,766,2,XR6_x3_x1,0.0,0.0,0.0,"(2128, 2602, 180)","(2128.0, 2602.0, 180)"
3833,766,3,XM6_x3_x1,0.0,0.0,0.0,"(1058, 1267, 180)","(1058.0, 1267.0, 180)"
3834,766,4,XM3_x3_x1,-15111.82201585212,14479.0,400463.7037471409,"(975, 856, 0)","(975.0, 856.0, 0)"
3835,767,0,XM4_x3_x1,0.0,0.0,0.0,"(1406, 14, 0)","(1406.0, 14.0, 0)"
3836,767,1,XDL_XM1_XM2_x3_x1,0.0,0.0,0.0,"(212, 2104, 270)","(212.0, 2276.5, 270)"
3837,767,2,XM6_x3_x1,0.0,0.0,0.0,"(834, 604, 90)","(834.0, 604.0, 90)"
3838,767,3,XR6_x3_x1,0.0,0.0,0.0,"(2094, 2226, 180)","(2094.0, 2226.0, 180)"
3839,767,4,XM3_x3_x1,-15529.433607971829,14879.0,423063.87837925093,"(352, 1866, 90)","(352.0, 1866.0, 90)"
3840,768,0,XR6_x3_x1,0.0,0.0,0.0,"(1002, 82, 180)","(1002.0, 82.0, 180)"
3841,768,1,XM4_x3_x1,0.0,0.0,0.0,"(1865, 717, 270)","(1865.0, 717.0, 270)"
3842,768,2,XM3_x3_x1,0.0,0.0,0.0,"(317, 799, 90)","(317.0, 799.0, 90)"
3843,768,3,XDL_XM1_XM2_x3_x1,0.0,0.0,0.0,"(444, 1839, 180)","(444.0, 1839.0, 180)"
3844,768,4,XM6_x3_x1,-11244.806987824808,10780.0,216045.53593077106,"(1391, 1554, 0)","(1391.0, 1554.0, 0)"
3845,769,0,XR6_x3_x1,0.0,0.0,0.0,"(2365, 469, 270)","(2365.0, 469.0, 270)"
3846,769,1,XM3_x3_x1,0.0,0.0,0.0,"(1365, 854, 90)","(1365.0, 854.0, 90)"
3847,769,2,XM6_x3_x1,0.0,0.0,0.0,"(410, 1019, 0)","(410.0, 1019.0, 0)"
3848,769,3,XDL_XM1_XM2_x3_x1,0.0,0.0,0.0,"(515, 193, 0)","(515.0, 193.0, 0)"
3849,769,4,XM4_x3_x1,-14067.930919295035,13541.0,277656.1937091103,"(370, 2508, 180)","(370.0, 2508.0, 180)"
3850,770,0,XM6_x3_x1,0.0,0.0,0.0,"(2538, 2486, 90)","(2538.0, 2486.0, 90)"
3851,770,1,XM3_x3_x1,0.0,0.0,0.0,"(379, 1771, 90)","(379.0, 1771.0, 90)"
3852,770,2,XR6_x3_x1,0.0,0.0,0.0,"(999, 683, 0)","(1294.0, 683.0, 0)"
3853,770,3,XDL_XM1_XM2_x3_x1,0.0,0.0,0.0,"(981, 905, 180)","(981.0, 905.0, 180)"
3854,770,4,XM4_x3_x1,-14621.65598188825,13994.0,393952.03160010395,"(1932, 2390, 0)","(1932.0, 2390.0, 0)"
3855,771,0,XR6_x3_x1,0.0,0.0,0.0,"(355, 1200, 90)","(355.0, 1200.0, 90)"
3856,771,1,XDL_XM1_XM2_x3_x1,0.0,0.0,0.0,"(991, 269, 180)","(991.0, 269.0, 180)"
3857,771,2,XM6_x3_x1,0.0,0.0,0.0,"(2583, 717, 270)","(2583.0, 717.0, 270)"
3858,771,3,XM3_x3_x1,0.0,0.0,0.0,"(127, 1802, 90)","(127.0, 1802.0, 90)"
3859,771,4,XM4_x3_x1,-13591.248250881812,13021.0,325183.0676337658,"(2111, 407, 180)","(2111.0, 407.0, 180)"
3860,772,0,XM6_x3_x1,0.0,0.0,0.0,"(1550, 806, 270)","(1550.0, 806.0, 270)"
3861,772,1,XR6_x3_x1,0.0,0.0,0.0,"(1324, 1768, 90)","(1324.0, 1768.0, 90)"
3862,772,2,XM4_x3_x1,0.0,0.0,0.0,"(907, 1819, 180)","(785.0, 1819.0, 180)"
3863,772,3,XM3_x3_x1,0.0,0.0,0.0,"(2225, 59, 0)","(2225.0, 59.0, 0)"
3864,772,4,XDL_XM1_XM2_x3_x1,-14304.31701101787,13613.0,477919.2097226832,"(615, 171, 90)","(615.0, 171.0, 90)"
3865,773,0,XM3_x3_x1,0.0,0.0,0.0,"(1913, 709, 180)","(2197.0, 709.0, 180)"
3866,773,1,XR6_x3_x1,0.0,0.0,0.0,"(1658, 498, 90)","(1658.0, 498.0, 90)"
3867,773,2,XM4_x3_x1,0.0,0.0,0.0,"(2127, 1028, 270)","(2534.5, 1028.0, 270)"
3868,773,3,XDL_XM1_XM2_x3_x1,0.0,0.0,0.0,"(111, 2396, 90)","(111.0, 2396.0, 90)"
3869,773,4,XM6_x3_x1,-14555.680614244748,13980.5,330832.73900296615,"(113, 1776, 0)","(113.0, 1776.0, 0)"
3870,774,0,XM6_x3_x1,0.0,0.0,0.0,"(1438, 462, 90)","(1438.0, 462.0, 90)"
3871,774,1,XM3_x3_x1,0.0,0.0,0.0,"(2444, 2500, 0)","(2444.0, 2500.0, 0)"
3872,774,2,XR6_x3_x1,0.0,0.0,0.0,"(1867, 73, 90)","(1867.0, -233.0, 90)"
3873,774,3,XDL_XM1_XM2_x3_x1,0.0,0.0,0.0,"(1919, 236, 180)","(1919.0, 236.0, 180)"
3874,774,4,XM4_x3_x1,-14700.697483425614,14013.0,472927.82870992407,"(1692, 1551, 270)","(1692.0, 1551.0, 270)"
3875,775,0,XM3_x3_x1,0.0,0.0,0.0,"(223, 2225, 180)","(223.0, 2225.0, 180)"
3876,775,1,XM6_x3_x1,0.0,0.0,0.0,"(1352, 489, 90)","(1352.0, 489.0, 90)"
3877,775,2,XR6_x3_x1,0.0,0.0,0.0,"(64, 2368, 0)","(-75.5, 2368.0, 0)"
3878,775,3,XDL_XM1_XM2_x3_x1,0.0,0.0,0.0,"(1436, 2515, 180)","(1436.0, 2515.0, 180)"
3879,775,4,XM4_x3_x1,-10205.61334280342,9790.0,172734.45071623358,"(1183, 1864, 90)","(1183.0, 1864.0, 90)"
3880,776,0,XR6_x3_x1,0.0,0.0,0.0,"(227, 2380, 270)","(227.0, 2380.0, 270)"
3881,776,1,XM6_x3_x1,0.0,0.0,0.0,"(2148, 1656, 90)","(2148.0, 1656.0, 90)"
3882,776,2,XM4_x3_x1,0.0,0.0,0.0,"(1461, 210, 0)","(1461.0, 210.0, 0)"
3883,776,3,XM3_x3_x1,0.0,0.0,0.0,"(1171, 1765, 0)","(1171.0, 1765.0, 0)"
3884,776,4,XDL_XM1_XM2_x3_x1,-14426.17431747727,13886.0,291788.2932620344,"(2537, 2233, 180)","(2537.0, 2233.0, 180)"
3885,777,0,XDL_XM1_XM2_x3_x1,0.0,0.0,0.0,"(146, 2103, 270)","(146.0, 2103.0, 270)"
3886,777,1,XM3_x3_x1,0.0,0.0,0.0,"(2411, 1043, 90)","(2411.0, 1043.0, 90)"
3887,777,2,XM6_x3_x1,0.0,0.0,0.0,"(981, 31, 90)","(981.0, 31.0, 90)"
3888,777,3,XR6_x3_x1,0.0,0.0,0.0,"(1559, 27, 270)","(1559.0, 27.0, 270)"
3889,777,4,XM4_x3_x1,-14984.059821092445,14421.0,317036.36212865624,"(69, 1576, 90)","(69.0, 1576.0, 90)"
3890,778,0,XM3_x3_x1,0.0,0.0,0.0,"(126, 1679, 180)","(126.0, 1679.0, 180)"
3891,778,1,XM6_x3_x1,0.0,0.0,0.0,"(1172, 1204, 180)","(1172.0, 1204.0, 180)"
3892,778,2,XR6_x3_x1,0.0,0.0,0.0,"(369, 736, 270)","(369.0, 736.0, 270)"
3893,778,3,XDL_XM1_XM2_x3_x1,0.0,0.0,0.0,"(1361, 2599, 270)","(1361.0, 2599.0, 270)"
3894,778,4,XM4_x3_x1,-13057.96740929152,12545.0,263135.5629952534,"(2231, 1233, 180)","(2231.0, 1233.0, 180)"
3895,779,0,XM4_x3_x1,0.0,0.0,0.0,"(1275, 1063, 0)","(1275.0, 1063.0, 0)"
3896,779,1,XR6_x3_x1,0.0,0.0,0.0,"(1355, 27, 90)","(1355.0, 27.0, 90)"
3897,779,2,XM3_x3_x1,0.0,0.0,0.0,"(616, 1896, 180)","(616.0, 1896.0, 180)"
3898,779,3,XDL_XM1_XM2_x3_x1,0.0,0.0,0.0,"(2093, 2027, 0)","(2093.0, 2027.0, 0)"
3899,779,4,XM6_x3_x1,-11766.081922273966,11252.0,264280.2228088973,"(963, 1973, 270)","(963.0, 1973.0, 270)"
3900,780,0,XDL_XM1_XM2_x3_x1,0.0,0.0,0.0,"(1520, 397, 270)","(1520.0, 397.0, 270)"
3901,780,1,XR6_x3_x1,0.0,0.0,0.0,"(1279, 1212, 90)","(1279.0, 1212.0, 90)"
3902,780,2,XM6_x3_x1,0.0,0.0,0.0,"(283, 2592, 0)","(283.0, 2592.0, 0)"
3903,780,3,XM4_x3_x1,0.0,0.0,0.0,"(2446, 794, 270)","(2446.0, 581.5, 270)"
3904,780,4,XM3_x3_x1,-13403.83323850922,12895.5,258402.68137327186,"(2404, 919, 180)","(2404.0, 919.0, 180)"
3905,781,0,XR6_x3_x1,0.0,0.0,0.0,"(598, 2044, 90)","(598.0, 2044.0, 90)"
3906,781,1,XDL_XM1_XM2_x3_x1,0.0,0.0,0.0,"(874, 593, 90)","(634.0, 593.0, 90)"
3907,781,2,XM6_x3_x1,0.0,0.0,0.0,"(1142, 714, 90)","(1142.0, 714.0, 90)"
3908,781,3,XM3_x3_x1,0.0,0.0,0.0,"(385, 1629, 180)","(385.0, 1629.0, 180)"
3909,781,4,XM4_x3_x1,-7571.608505876811,7174.0,158092.52394559057,"(1034, 1537, 270)","(1034.0, 1537.0, 270)"
3910,782,0,XR6_x3_x1,0.0,0.0,0.0,"(2532, 1550, 270)","(2532.0, 1550.0, 270)"
3911,782,1,XM3_x3_x1,0.0,0.0,0.0,"(1633, 377, 90)","(1633.0, 377.0, 90)"
3912,782,2,XM4_x3_x1,0.0,0.0,0.0,"(68, 1026, 0)","(68.0, 1026.0, 0)"
3913,782,3,XM6_x3_x1,0.0,0.0,0.0,"(903, 926, 270)","(721.0, 926.0, 270)"
3914,782,4,XDL_XM1_XM2_x3_x1,-11801.514359734349,11323.0,228975.99247197353,"(1229, 853, 90)","(1229.0, 853.0, 90)"
3915,783,0,XM3_x3_x1,0.0,0.0,0.0,"(2514, 1109, 0)","(2514.0, 1109.0, 0)"
3916,783,1,XM6_x3_x1,0.0,0.0,0.0,"(2247, 42, 270)","(2247.0, 42.0, 270)"
3917,783,2,XR6_x3_x1,0.0,0.0,0.0,"(910, 101, 90)","(910.0, 101.0, 90)"
3918,783,3,XDL_XM1_XM2_x3_x1,0.0,0.0,0.0,"(1251, 2432, 0)","(1251.0, 2432.0, 0)"
3919,783,4,XM4_x3_x1,-16107.468508736709,15482.0,391210.85542132275,"(395, 2062, 180)","(395.0, 2062.0, 180)"
3920,784,0,XR6_x3_x1,0.0,0.0,0.0,"(2575, 957, 270)","(2575.0, 957.0, 270)"
3921,784,1,XDL_XM1_XM2_x3_x1,0.0,0.0,0.0,"(908, 784, 180)","(908.0, 784.0, 180)"
3922,784,2,XM4_x3_x1,0.0,0.0,0.0,"(1323, 2123, 180)","(1323.0, 2123.0, 180)"
3923,784,3,XM3_x3_x1,0.0,0.0,0.0,"(140, 2061, 180)","(140.0, 2061.0, 180)"
3924,784,4,XM6_x3_x1,-14186.783542248419,13547.0,409322.9809319344,"(114, 1558, 270)","(114.0, 1558.0, 270)"
3925,785,0,XM3_x3_x1,0.0,0.0,0.0,"(854, 2026, 270)","(854.0, 2026.0, 270)"
3926,785,1,XM4_x3_x1,0.0,0.0,0.0,"(1835, 1070, 0)","(1835.0, 1070.0, 0)"
3927,785,2,XR6_x3_x1,0.0,0.0,0.0,"(261, 8, 90)","(261.0, 8.0, 90)"
3928,785,3,XM6_x3_x1,0.0,0.0,0.0,"(1533, 64, 90)","(1533.0, 64.0, 90)"
3929,785,4,XDL_XM1_XM2_x3_x1,-16195.198649182443,15485.0,504382.1213005656,"(19, 277, 0)","(-292.5, 277.0, 0)"
3930,786,0,XR6_x3_x1,0.0,0.0,0.0,"(1794, 408, 0)","(1794.0, 408.0, 0)"
3931,786,1,XM4_x3_x1,0.0,0.0,0.0,"(2369, 24, 180)","(2369.0, 24.0, 180)"
3932,786,2,XDL_XM1_XM2_x3_x1,0.0,0.0,0.0,"(130, 2226, 90)","(130.0, 2226.0, 90)"
3933,786,3,XM3_x3_x1,0.0,0.0,0.0,"(957, 808, 180)","(957.0, 808.0, 180)"
3934,786,4,XM6_x3_x1,-15160.257130185208,14552.0,369976.73642114544,"(1669, 1747, 90)","(1669.0, 1747.0, 90)"
3935,787,0,XM6_x3_x1,0.0,0.0,0.0,"(573, 436, 270)","(573.0, 436.0, 270)"
3936,787,1,XM3_x3_x1,0.0,0.0,0.0,"(2297, 1017, 90)","(2297.0, 1017.0, 90)"
3937,787,2,XR6_x3_x1,0.0,0.0,0.0,"(2169, 2299, 270)","(2169.0, 2299.0, 270)"
3938,787,3,XDL_XM1_XM2_x3_x1,0.0,0.0,0.0,"(304, 334, 90)","(65.0, 334.0, 90)"
3939,787,4,XM4_x3_x1,-14450.717827002882,13871.0,336072.758944943,"(799, 1840, 270)","(799.0, 1840.0, 270)"
3940,788,0,XR6_x3_x1,0.0,0.0,0.0,"(541, 1217, 270)","(541.0, 1217.0, 270)"
3941,788,1,XM4_x3_x1,0.0,0.0,0.0,"(2297, 1015, 270)","(2297.0, 1015.0, 270)"
3942,788,2,XDL_XM1_XM2_x3_x1,0.0,0.0,0.0,"(1588, 780, 180)","(1588.0, 686.0, 180)"
3943,788,3,XM3_x3_x1,0.0,0.0,0.0,"(1374, 1285, 180)","(1374.0, 1473.0, 180)"
3944,788,4,XM6_x3_x1,-8035.674525840731,7660.0,141131.34936565772,"(1394, 1194, 0)","(1394.0, 1194.0, 0)"
3945,789,0,XDL_XM1_XM2_x3_x1,0.0,0.0,0.0,"(2262, 1147, 90)","(2262.0, 1147.0, 90)"
3946,789,1,XM3_x3_x1,0.0,0.0,0.0,"(482, 1512, 90)","(482.0, 1512.0, 90)"
3947,789,2,XM6_x3_x1,0.0,0.0,0.0,"(1515, 589, 0)","(1515.0, 589.0, 0)"
3948,789,3,XR6_x3_x1,0.0,0.0,0.0,"(914, 2382, 90)","(914.0, 2382.0, 90)"
3949,789,4,XM4_x3_x1,-10592.99704687123,10170.0,178926.5016617825,"(1192, 1113, 270)","(1192.0, 1113.0, 270)"
3950,790,0,XM3_x3_x1,0.0,0.0,0.0,"(1499, 960, 270)","(1499.0, 960.0, 270)"
3951,790,1,XM6_x3_x1,0.0,0.0,0.0,"(150, 1773, 90)","(150.0, 1773.0, 90)"
3952,790,2,XM4_x3_x1,0.0,0.0,0.0,"(1827, 1, 180)","(1908.0, 1.0, 180)"
3953,790,3,XDL_XM1_XM2_x3_x1,0.0,0.0,0.0,"(12, 508, 90)","(12.0, 508.0, 90)"
3954,790,4,XR6_x3_x1,-12935.427370898455,12378.0,310725.2738267639,"(1369, 60, 90)","(1369.0, 60.0, 90)"
3955,791,0,XM6_x3_x1,0.0,0.0,0.0,"(2499, 1503, 90)","(2499.0, 1503.0, 90)"
3956,791,1,XDL_XM1_XM2_x3_x1,0.0,0.0,0.0,"(746, 1025, 180)","(746.0, 1025.0, 180)"
3957,791,2,XM3_x3_x1,0.0,0.0,0.0,"(1357, 1313, 180)","(1357.0, 1313.0, 180)"
3958,791,3,XR6_x3_x1,0.0,0.0,0.0,"(494, 915, 180)","(433.0, 915.0, 180)"
3959,791,4,XM4_x3_x1,-9893.216502486359,9411.0,232532.7552701772,"(1906, 1795, 0)","(1906.0, 1795.0, 0)"
3960,792,0,XM4_x3_x1,0.0,0.0,0.0,"(304, 2604, 270)","(304.0, 2604.0, 270)"
3961,792,1,XR6_x3_x1,0.0,0.0,0.0,"(780, 391, 0)","(780.0, 391.0, 0)"
3962,792,2,XM3_x3_x1,0.0,0.0,0.0,"(2090, 2280, 90)","(2090.0, 2280.0, 90)"
3963,792,3,XDL_XM1_XM2_x3_x1,0.0,0.0,0.0,"(1335, 2234, 180)","(1335.0, 2234.0, 180)"
3964,792,4,XM6_x3_x1,-14327.616428372341,13794.0,284746.4926288547,"(3, 1704, 90)","(3.0, 1704.0, 90)"
3965,793,0,XM3_x3_x1,0.0,0.0,0.0,"(1480, 771, 180)","(1480.0, 771.0, 180)"
3966,793,1,XR6_x3_x1,0.0,0.0,0.0,"(79, 162, 90)","(79.0, 162.0, 90)"
3967,793,2,XDL_XM1_XM2_x3_x1,0.0,0.0,0.0,"(2450, 358, 270)","(2450.0, 358.0, 270)"
3968,793,3,XM4_x3_x1,0.0,0.0,0.0,"(1606, 1018, 90)","(1606.0, 1108.5, 90)"
3969,793,4,XM6_x3_x1,-11274.745651005125,10907.5,134869.36818217824,"(1252, 1691, 90)","(1252.0, 1691.0, 90)"
3970,794,0,XM4_x3_x1,0.0,0.0,0.0,"(287, 1351, 90)","(287.0, 1351.0, 90)"
3971,794,1,XDL_XM1_XM2_x3_x1,0.0,0.0,0.0,"(1476, 600, 270)","(1476.0, 600.0, 270)"
3972,794,2,XM6_x3_x1,0.0,0.0,0.0,"(646, 2217, 180)","(646.0, 2217.0, 180)"
3973,794,3,XM3_x3_x1,0.0,0.0,0.0,"(1219, 2317, 180)","(1219.0, 2317.0, 180)"
3974,794,4,XR6_x3_x1,-11919.281246743767,11436.0,233560.76345420943,"(2320, 2292, 0)","(2320.0, 2292.0, 0)"
3975,795,0,XR6_x3_x1,0.0,0.0,0.0,"(2095, 1198, 270)","(2095.0, 1198.0, 270)"
3976,795,1,XM4_x3_x1,0.0,0.0,0.0,"(1100, 108, 180)","(1100.0, 108.0, 180)"
3977,795,2,XM3_x3_x1,0.0,0.0,0.0,"(1354, 548, 90)","(1354.0, 548.0, 90)"
3978,795,3,XDL_XM1_XM2_x3_x1,0.0,0.0,0.0,"(2536, 1344, 90)","(2536.0, 1511.0, 90)"
3979,795,4,XM6_x3_x1,-12138.623150404332,11539.0,359547.92250081466,"(2336, 1907, 0)","(2336.0, 1907.0, 0)"
3980,796,0,XDL_XM1_XM2_x3_x1,0.0,0.0,0.0,"(961, 209, 270)","(961.0, 209.0, 270)"
3981,796,1,XM6_x3_x1,0.0,0.0,0.0,"(1548, 2317, 270)","(1548.0, 2605.5, 270)"
3982,796,2,XR6_x3_x1,0.0,0.0,0.0,"(1495, 568, 90)","(1495.0, 568.0, 90)"
3983,796,3,XM4_x3_x1,0.0,0.0,0.0,"(1537, 2268, 180)","(1537.0, 2268.0, 180)"
3984,796,4,XM3_x3_x1,-12406.162644478922,11826.5,336008.7814042964,"(1300, 2456, 180)","(1210.5, 2547.0, 180)"
3985,797,0,XDL_XM1_XM2_x3_x1,0.0,0.0,0.0,"(1567, 270, 270)","(1716.0, 270.0, 270)"
3986,797,1,XM3_x3_x1,0.0,0.0,0.0,"(1401, 92, 90)","(1401.0, -140.5, 90)"
3987,797,2,XR6_x3_x1,0.0,0.0,0.0,"(1247, 613, 180)","(1247.0, 613.0, 180)"
3988,797,3,XM4_x3_x1,0.0,0.0,0.0,"(2027, 1658, 0)","(2027.0, 1658.0, 0)"
3989,797,4,XM6_x3_x1,-9719.682990134208,9253.0,217793.0132806052,"(2071, 449, 270)","(2224.0, 449.0, 270)"
3990,798,0,XR6_x3_x1,0.0,0.0,0.0,"(812, 2520, 90)","(812.0, 2520.0, 90)"
3991,798,1,XM3_x3_x1,0.0,0.0,0.0,"(824, 2532, 90)","(824.0, 2818.5, 90)"
3992,798,2,XM6_x3_x1,0.0,0.0,0.0,"(2418, 508, 90)","(2418.0, 508.0, 90)"
3993,798,3,XDL_XM1_XM2_x3_x1,0.0,0.0,0.0,"(2486, 472, 180)","(2770.0, 472.0, 180)"
3994,798,4,XM4_x3_x1,-16834.26597321347,16178.0,430685.0275978239,"(160, 621, 0)","(160.0, 621.0, 0)"
3995,799,0,XM6_x3_x1,0.0,0.0,0.0,"(425, 407, 90)","(425.0, 407.0, 90)"
3996,799,1,XR6_x3_x1,0.0,0.0,0.0,"(266, 195, 270)","(266.0, 108.5, 270)"
3997,799,2,XM4_x3_x1,0.0,0.0,0.0,"(2291, 1514, 180)","(2291.0, 1514.0, 180)"
3998,799,3,XDL_XM1_XM2_x3_x1,0.0,0.0,0.0,"(42, 2037, 180)","(42.0, 2037.0, 180)"
3999,799,4,XM3_x3_x1,-17087.996151906344,16374.0,509790.5049370648,"(2068, 2282, 180)","(2068.0, 2282.0, 180)"
4000,800,0,XM3_x3_x1,0.0,0.0,0.0,"(1517, 16, 180)","(1517.0, -172.5, 180)"
4001,800,1,XM4_x3_x1,0.0,0.0,0.0,"(1301, 905, 0)","(1301.0, 905.0, 0)"
4002,800,2,XDL_XM1_XM2_x3_x1,0.0,0.0,0.0,"(2483, 1174, 0)","(2483.0, 1174.0, 0)"
4003,800,3,XR6_x3_x1,0.0,0.0,0.0,"(1670, 308, 0)","(1670.0, 308.0, 0)"
4004,800,4,XM6_x3_x1,-11522.46541517591,11054.0,219459.8452159376,"(89, 1244, 0)","(89.0, 1244.0, 0)"
4005,801,0,XR6_x3_x1,0.0,0.0,0.0,"(2525, 2464, 90)","(2525.0, 2464.0, 90)"
4006,801,1,XM3_x3_x1,0.0,0.0,0.0,"(851, 684, 0)","(851.0, 684.0, 0)"
4007,801,2,XM6_x3_x1,0.0,0.0,0.0,"(1760, 1914, 270)","(1760.0, 1914.0, 270)"
4008,801,3,XM4_x3_x1,0.0,0.0,0.0,"(2063, 808, 0)","(2063.0, 808.0, 0)"
4009,801,4,XDL_XM1_XM2_x3_x1,-14396.766427497132,13839.0,311103.38764291414,"(417, 245, 0)","(417.0, 245.0, 0)"
4010,802,0,XR6_x3_x1,0.0,0.0,0.0,"(781, 1482, 90)","(781.0, 1482.0, 90)"
4011,802,1,XM4_x3_x1,0.0,0.0,0.0,"(54, 1533, 180)","(54.0, 1533.0, 180)"
4012,802,2,XDL_XM1_XM2_x3_x1,0.0,0.0,0.0,"(2107, 1689, 180)","(2107.0, 1689.0, 180)"
4013,802,3,XM3_x3_x1,0.0,0.0,0.0,"(1036, 2438, 90)","(1036.0, 2438.0, 90)"
4014,802,4,XM6_x3_x1,-13598.853763930903,13070.0,279686.3036238842,"(1081, 89, 180)","(1081.0, 89.0, 180)"
4015,803,0,XDL_XM1_XM2_x3_x1,0.0,0.0,0.0,"(569, 238, 0)","(569.0, 238.0, 0)"
4016,803,1,XM3_x3_x1,0.0,0.0,0.0,"(1949, 1899, 90)","(1949.0, 1899.0, 90)"
4017,803,2,XM4_x3_x1,0.0,0.0,0.0,"(1613, 1033, 270)","(1613.0, 1033.0, 270)"
4018,803,3,XM6_x3_x1,0.0,0.0,0.0,"(1294, 546, 90)","(1294.0, 546.0, 90)"
4019,803,4,XR6_x3_x1,-14349.58523694908,13689.0,436372.8552750719,"(123, 923, 90)","(123.0, 923.0, 90)"
4020,804,0,XR6_x3_x1,0.0,0.0,0.0,"(691, 163, 180)","(691.0, 163.0, 180)"
4021,804,1,XM4_x3_x1,0.0,0.0,0.0,"(2212, 1296, 180)","(2212.0, 1296.0, 180)"
4022,804,2,XM3_x3_x1,0.0,0.0,0.0,"(1085, 2206, 90)","(1085.0, 2206.0, 90)"
4023,804,3,XM6_x3_x1,0.0,0.0,0.0,"(1679, 2109, 180)","(1679.0, 2109.0, 180)"
4024,804,4,XDL_XM1_XM2_x3_x1,-11671.238569258348,11188.0,233519.51481885568,"(2262, 1500, 180)","(2262.0, 1804.0, 180)"
4025,805,0,XM4_x3_x1,0.0,0.0,0.0,"(1180, 1177, 180)","(1180.0, 1177.0, 180)"
4026,805,1,XM3_x3_x1,0.0,0.0,0.0,"(164, 364, 90)","(164.0, 364.0, 90)"
4027,805,2,XDL_XM1_XM2_x3_x1,0.0,0.0,0.0,"(1485, 2274, 90)","(1485.0, 2274.0, 90)"
4028,805,3,XR6_x3_x1,0.0,0.0,0.0,"(1195, 21, 0)","(1195.0, 21.0, 0)"
4029,805,4,XM6_x3_x1,-11939.441241155644,11483.0,208338.6066277042,"(1214, 1051, 270)","(1214.0, 839.5, 270)"
4030,806,0,XM3_x3_x1,0.0,0.0,0.0,"(916, 1362, 0)","(916.0, 1362.0, 0)"
4031,806,1,XM6_x3_x1,0.0,0.0,0.0,"(1174, 376, 90)","(1174.0, 376.0, 90)"
4032,806,2,XM4_x3_x1,0.0,0.0,0.0,"(1321, 1618, 90)","(1321.0, 1618.0, 90)"
4033,806,3,XDL_XM1_XM2_x3_x1,0.0,0.0,0.0,"(499, 2355, 90)","(499.0, 2355.0, 90)"
4034,806,4,XR6_x3_x1,-10046.788415001058,9647.0,159830.77676905828,"(1446, 257, 90)","(1446.0, 77.5, 90)"
4035,807,0,XR6_x3_x1,0.0,0.0,0.0,"(168, 1949, 180)","(168.0, 1949.0, 180)"
4036,807,1,XM4_x3_x1,0.0,0.0,0.0,"(1435, 2020, 180)","(1435.0, 2020.0, 180)"
4037,807,2,XDL_XM1_XM2_x3_x1,0.0,0.0,0.0,"(1511, 1543, 270)","(1511.0, 1543.0, 270)"
4038,807,3,XM6_x3_x1,0.0,0.0,0.0,"(1727, 102, 90)","(1727.0, 102.0, 90)"
4039,807,4,XM3_x3_x1,-9597.167806715117,9231.5,133712.9448678445,"(1208, 2044, 90)","(1097.5, 2044.0, 90)"
4040,808,0,XM3_x3_x1,0.0,0.0,0.0,"(1425, 537, 0)","(1425.0, 537.0, 0)"
4041,808,1,XM6_x3_x1,0.0,0.0,0.0,"(268, 321, 90)","(268.0, 321.0, 90)"
4042,808,2,XR6_x3_x1,0.0,0.0,0.0,"(1178, 1968, 90)","(1178.0, 1968.0, 90)"
4043,808,3,XDL_XM1_XM2_x3_x1,0.0,0.0,0.0,"(1702, 345, 0)","(1835.5, 345.0, 0)"
4044,808,4,XM4_x3_x1,-11077.649819551385,10666.0,169455.5739366879,"(2482, 274, 90)","(2482.0, 274.0, 90)"
4045,809,0,XM3_x3_x1,0.0,0.0,0.0,"(2305, 7, 180)","(2305.0, 7.0, 180)"
4046,809,1,XM4_x3_x1,0.0,0.0,0.0,"(1679, 1610, 0)","(1679.0, 1610.0, 0)"
4047,809,2,XDL_XM1_XM2_x3_x1,0.0,0.0,0.0,"(371, 16, 90)","(371.0, 16.0, 90)"
4048,809,3,XM6_x3_x1,0.0,0.0,0.0,"(1230, 2338, 90)","(1230.0, 2338.0, 90)"
4049,809,4,XR6_x3_x1,-14436.879417167565,13856.0,337420.89728893014,"(1722, 651, 90)","(1722.0, 651.0, 90)"
4050,810,0,XM6_x3_x1,0.0,0.0,0.0,"(279, 1283, 90)","(279.0, 1283.0, 90)"
4051,810,1,XDL_XM1_XM2_x3_x1,0.0,0.0,0.0,"(1289, 1323, 90)","(1289.0, 1323.0, 90)"
4052,810,2,XR6_x3_x1,0.0,0.0,0.0,"(145, 2485, 180)","(-86.0, 2485.0, 180)"
4053,810,3,XM3_x3_x1,0.0,0.0,0.0,"(154, 2217, 270)","(154.0, 2217.0, 270)"
4054,810,4,XM4_x3_x1,-14051.245460285505,13474.0,333212.321420225,"(2327, 557, 180)","(2327.0, 557.0, 180)"
4055,811,0,XM6_x3_x1,0.0,0.0,0.0,"(2262, 2031, 0)","(2262.0, 2031.0, 0)"
4056,811,1,XR6_x3_x1,0.0,0.0,0.0,"(2576, 1800, 90)","(2801.0, 1800.0, 90)"
4057,811,2,XM4_x3_x1,0.0,0.0,0.0,"(1695, 637, 90)","(1702.0, 637.0, 90)"
4058,811,3,XDL_XM1_XM2_x3_x1,0.0,0.0,0.0,"(1350, 818, 180)","(1350.0, 818.0, 180)"
4059,811,4,XM3_x3_x1,-15163.666358433808,14532.0,399002.3883770269,"(144, 2087, 90)","(144.0, 2087.0, 90)"
4060,812,0,XM6_x3_x1,0.0,0.0,0.0,"(839, 2165, 90)","(839.0, 2411.5, 90)"
4061,812,1,XR6_x3_x1,0.0,0.0,0.0,"(1771, 1109, 270)","(1771.0, 1109.0, 270)"
4062,812,2,XDL_XM1_XM2_x3_x1,0.0,0.0,0.0,"(816, 1845, 180)","(816.0, 1845.0, 180)"
4063,812,3,XM4_x3_x1,0.0,0.0,0.0,"(481, 1485, 180)","(405.5, 1485.0, 180)"
4064,812,4,XM3_x3_x1,-10615.74128174511,10131.0,234974.11022789238,"(6, 1892, 90)","(6.0, 1892.0, 90)"
4065,813,0,XR6_x3_x1,0.0,0.0,0.0,"(1032, 545, 180)","(1032.0, 545.0, 180)"
4066,813,1,XM4_x3_x1,0.0,0.0,0.0,"(923, 2387, 270)","(923.0, 2387.0, 270)"
4067,813,2,XDL_XM1_XM2_x3_x1,0.0,0.0,0.0,"(1557, 1692, 180)","(1557.0, 1692.0, 180)"
4068,813,3,XM6_x3_x1,0.0,0.0,0.0,"(1940, 821, 270)","(1940.0, 821.0, 270)"
4069,813,4,XM3_x3_x1,-11845.644528527655,11268.0,333673.2013379365,"(1970, 753, 270)","(2219.0, 753.0, 270)"
4070,814,0,XM6_x3_x1,0.0,0.0,0.0,"(2308, 576, 180)","(2308.0, 576.0, 180)"
4071,814,1,XM3_x3_x1,0.0,0.0,0.0,"(1686, 2335, 90)","(1482.0, 2335.0, 90)"
4072,814,2,XDL_XM1_XM2_x3_x1,0.0,0.0,0.0,"(971, 2506, 270)","(971.0, 2506.0, 270)"
4073,814,3,XR6_x3_x1,0.0,0.0,0.0,"(1722, 2232, 0)","(1722.0, 2232.0, 0)"
4074,814,4,XM4_x3_x1,-12920.699033113313,12403.0,268012.2888864588,"(11, 1571, 90)","(11.0, 1571.0, 90)"
4075,815,0,XM4_x3_x1,0.0,0.0,0.0,"(961, 838, 90)","(961.0, 838.0, 90)"
4076,815,1,XM6_x3_x1,0.0,0.0,0.0,"(2292, 612, 90)","(2292.0, 612.0, 90)"
4077,815,2,XDL_XM1_XM2_x3_x1,0.0,0.0,0.0,"(2535, 2226, 180)","(2535.0, 2226.0, 180)"
4078,815,3,XM3_x3_x1,0.0,0.0,0.0,"(158, 442, 0)","(158.0, 442.0, 0)"
4079,815,4,XR6_x3_x1,-16139.299988014227,15447.0,479279.2734044979,"(1678, 1326, 180)","(1678.0, 1326.0, 180)"
4080,816,0,XDL_XM1_XM2_x3_x1,0.0,0.0,0.0,"(1678, 1620, 180)","(1678.0, 1620.0, 180)"
4081,816,1,XM3_x3_x1,0.0,0.0,0.0,"(2124, 992, 90)","(2124.0, 992.0, 90)"
4082,816,2,XR6_x3_x1,0.0,0.0,0.0,"(527, 2419, 180)","(527.0, 2419.0, 180)"
4083,816,3,XM6_x3_x1,0.0,0.0,0.0,"(7, 2031, 0)","(7.0, 2031.0, 0)"
4084,816,4,XM4_x3_x1,-16418.793300877795,15741.0,459403.75871481816,"(989, 93, 0)","(989.0, 93.0, 0)"
4085,817,0,XDL_XM1_XM2_x3_x1,0.0,0.0,0.0,"(648, 1455, 90)","(648.0, 1455.0, 90)"
4086,817,1,XM3_x3_x1,0.0,0.0,0.0,"(2564, 204, 0)","(2564.0, 204.0, 0)"
4087,817,2,XR6_x3_x1,0.0,0.0,0.0,"(400, 200, 0)","(400.0, 200.0, 0)"
4088,817,3,XM4_x3_x1,0.0,0.0,0.0,"(1356, 2093, 90)","(1356.0, 2093.0, 90)"
4089,817,4,XM6_x3_x1,-15671.083723879283,15060.0,373423.3175901708,"(1838, 2001, 0)","(1838.0, 2001.0, 0)"
4090,818,0,XM3_x3_x1,0.0,0.0,0.0,"(1865, 588, 90)","(1865.0, 588.0, 90)"
4091,818,1,XM6_x3_x1,0.0,0.0,0.0,"(2556, 2418, 90)","(2556.0, 2418.0, 90)"
4092,818,2,XM4_x3_x1,0.0,0.0,0.0,"(5, 1767, 180)","(5.0, 1767.0, 180)"
4093,818,3,XDL_XM1_XM2_x3_x1,0.0,0.0,0.0,"(1786, 2279, 90)","(1786.0, 2279.0, 90)"
4094,818,4,XR6_x3_x1,-15041.480797286938,14453.0,346309.6487754699,"(720, 550, 90)","(720.0, 550.0, 90)"
4095,819,0,XM6_x3_x1,0.0,0.0,0.0,"(691, 366, 90)","(691.0, 366.0, 90)"
4096,819,1,XM3_x3_x1,0.0,0.0,0.0,"(2191, 1791, 0)","(2191.0, 1791.0, 0)"
4097,819,2,XDL_XM1_XM2_x3_x1,0.0,0.0,0.0,"(198, 2000, 90)","(198.0, 2000.0, 90)"
4098,819,3,XR6_x3_x1,0.0,0.0,0.0,"(612, 2170, 270)","(612.0, 2313.0, 270)"
4099,819,4,XM4_x3_x1,-15446.626352398078,14786.0,436427.17748279026,"(2224, 288, 270)","(2224.0, 288.0, 270)"
4100,820,0,XDL_XM1_XM2_x3_x1,0.0,0.0,0.0,"(1750, 1804, 90)","(1750.0, 1804.0, 90)"
4101,820,1,XM4_x3_x1,0.0,0.0,0.0,"(2331, 505, 90)","(2331.0, 505.0, 90)"
4102,820,2,XM3_x3_x1,0.0,0.0,0.0,"(2224, 444, 270)","(2224.0, 109.0, 270)"
4103,820,3,XM6_x3_x1,0.0,0.0,0.0,"(771, 555, 0)","(771.0, 555.0, 0)"
4104,820,4,XR6_x3_x1,-12655.357663958575,12101.0,307312.41958960827,"(1939, 1781, 180)","(2219.0, 1781.0, 180)"
4105,821,0,XM4_x3_x1,0.0,0.0,0.0,"(1745, 2035, 90)","(1745.0, 2035.0, 90)"
4106,821,1,XM3_x3_x1,0.0,0.0,0.0,"(101, 1864, 270)","(101.0, 1864.0, 270)"
4107,821,2,XR6_x3_x1,0.0,0.0,0.0,"(88, 287, 90)","(88.0, 287.0, 90)"
4108,821,3,XM6_x3_x1,0.0,0.0,0.0,"(1318, 1314, 270)","(1318.0, 1314.0, 270)"
4109,821,4,XDL_XM1_XM2_x3_x1,-13303.561059097721,12775.0,279376.79319450515,"(2179, 1003, 90)","(2179.0, 1003.0, 90)"
4110,822,0,XDL_XM1_XM2_x3_x1,0.0,0.0,0.0,"(863, 674, 0)","(863.0, 674.0, 0)"
4111,822,1,XM6_x3_x1,0.0,0.0,0.0,"(966, 404, 0)","(966.0, 166.0, 0)"
4112,822,2,XM3_x3_x1,0.0,0.0,0.0,"(2291, 717, 90)","(2291.0, 717.0, 90)"
4113,822,3,XM4_x3_x1,0.0,0.0,0.0,"(1399, 2414, 0)","(1399.0, 2414.0, 0)"
4114,822,4,XR6_x3_x1,-13751.952904531412,13117.0,403165.1909728765,"(1127, 1516, 270)","(1127.0, 1516.0, 270)"
4115,823,0,XDL_XM1_XM2_x3_x1,0.0,0.0,0.0,"(1006, 1955, 0)","(1006.0, 1955.0, 0)"
4116,823,1,XM6_x3_x1,0.0,0.0,0.0,"(1454, 3, 270)","(1454.0, 3.0, 270)"
4117,823,2,XM4_x3_x1,0.0,0.0,0.0,"(518, 2605, 0)","(518.0, 2605.0, 0)"
4118,823,3,XR6_x3_x1,0.0,0.0,0.0,"(1154, 1278, 270)","(1154.0, 1278.0, 270)"
4119,823,4,XM3_x3_x1,-12480.848084544506,11917.0,317924.66244450974,"(1418, 426, 90)","(1418.0, 426.0, 90)"
4120,824,0,XM6_x3_x1,0.0,0.0,0.0,"(233, 1182, 270)","(233.0, 1182.0, 270)"
4121,824,1,XM4_x3_x1,0.0,0.0,0.0,"(1382, 1257, 270)","(1382.0, 1257.0, 270)"
4122,824,2,XR6_x3_x1,0.0,0.0,0.0,"(2137, 7, 90)","(2137.0, 7.0, 90)"
4123,824,3,XDL_XM1_XM2_x3_x1,0.0,0.0,0.0,"(2413, 693, 90)","(2413.0, 693.0, 90)"
4124,824,4,XM3_x3_x1,-12099.857531639878,11583.0,267141.70801286807,"(625, 156, 90)","(625.0, 156.0, 90)"
4125,825,0,XM3_x3_x1,0.0,0.0,0.0,"(1703, 1321, 270)","(1703.0, 1321.0, 270)"
4126,825,1,XM4_x3_x1,0.0,0.0,0.0,"(2475, 835, 180)","(2475.0, 835.0, 180)"
4127,825,2,XM6_x3_x1,0.0,0.0,0.0,"(1598, 2309, 90)","(1598.0, 2309.0, 90)"
4128,825,3,XDL_XM1_XM2_x3_x1,0.0,0.0,0.0,"(2566, 2426, 90)","(2566.0, 2426.0, 90)"
4129,825,4,XR6_x3_x1,-10611.959457891873,10142.0,220861.89206202346,"(1391, 530, 270)","(1391.0, 530.0, 270)"
4130,826,0,XM6_x3_x1,0.0,0.0,0.0,"(105, 1884, 90)","(105.0, 1884.0, 90)"
4131,826,1,XDL_XM1_XM2_x3_x1,0.0,0.0,0.0,"(2125, 2047, 270)","(2125.0, 2047.0, 270)"
4132,826,2,XM3_x3_x1,0.0,0.0,0.0,"(2258, 415, 270)","(2258.0, 415.0, 270)"
4133,826,3,XR6_x3_x1,0.0,0.0,0.0,"(1436, 2347, 0)","(1436.0, 2347.0, 0)"
4134,826,4,XM4_x3_x1,-15416.147058094064,14727.0,474923.667679703,"(1185, 2069, 270)","(1185.0, 2069.0, 270)"
4135,827,0,XM6_x3_x1,0.0,0.0,0.0,"(877, 2330, 90)","(877.0, 2330.0, 90)"
4136,827,1,XM4_x3_x1,0.0,0.0,0.0,"(1819, 2084, 270)","(1819.0, 2084.0, 270)"
4137,827,2,XM3_x3_x1,0.0,0.0,0.0,"(366, 2349, 90)","(366.0, 2349.0, 90)"
4138,827,3,XR6_x3_x1,0.0,0.0,0.0,"(592, 1296, 270)","(592.0, 1296.0, 270)"
4139,827,4,XDL_XM1_XM2_x3_x1,-12822.005682314384,12232.0,348106.70516326255,"(11, 823, 0)","(11.0, 823.0, 0)"
4140,828,0,XM3_x3_x1,0.0,0.0,0.0,"(1943, 991, 90)","(1943.0, 991.0, 90)"
4141,828,1,XR6_x3_x1,0.0,0.0,0.0,"(1939, 1567, 270)","(1939.0, 1567.0, 270)"
4142,828,2,XDL_XM1_XM2_x3_x1,0.0,0.0,0.0,"(2048, 795, 180)","(2295.0, 795.0, 180)"
4143,828,3,XM6_x3_x1,0.0,0.0,0.0,"(1492, 2479, 180)","(1492.0, 2479.0, 180)"
4144,828,4,XM4_x3_x1,-9850.603864831672,9385.0,216786.9589461898,"(2424, 2565, 180)","(2424.0, 2565.0, 180)"
4145,829,0,XDL_XM1_XM2_x3_x1,0.0,0.0,0.0,"(2178, 1216, 270)","(2352.0, 1216.0, 270)"
4146,829,1,XM3_x3_x1,0.0,0.0,0.0,"(522, 1529, 270)","(522.0, 1529.0, 270)"
4147,829,2,XR6_x3_x1,0.0,0.0,0.0,"(1883, 942, 180)","(1883.0, 942.0, 180)"
4148,829,3,XM4_x3_x1,0.0,0.0,0.0,"(702, 2600, 180)","(702.0, 2600.0, 180)"
4149,829,4,XM6_x3_x1,-14676.980277393264,14033.0,414710.59767150437,"(2105, 474, 0)","(2105.0, 461.5, 0)"
4150,830,0,XM6_x3_x1,0.0,0.0,0.0,"(201, 119, 0)","(201.0, 119.0, 0)"
4151,830,1,XR6_x3_x1,0.0,0.0,0.0,"(1615, 1780, 270)","(1615.0, 1780.0, 270)"
4152,830,2,XM4_x3_x1,0.0,0.0,0.0,"(1091, 2592, 90)","(1091.0, 2592.0, 90)"
4153,830,3,XM3_x3_x1,0.0,0.0,0.0,"(30, 2403, 90)","(30.0, 2403.0, 90)"
4154,830,4,XDL_XM1_XM2_x3_x1,-16269.011008801463,15613.0,430350.44366871315,"(2078, 1597, 270)","(2078.0, 1467.0, 270)"
4155,831,0,XDL_XM1_XM2_x3_x1,0.0,0.0,0.0,"(2065, 1566, 90)","(2065.0, 1566.0, 90)"
4156,831,1,XM4_x3_x1,0.0,0.0,0.0,"(720, 1185, 90)","(720.0, 1185.0, 90)"
4157,831,2,XM3_x3_x1,0.0,0.0,0.0,"(1809, 2355, 90)","(1677.5, 2355.0, 90)"
4158,831,3,XM6_x3_x1,0.0,0.0,0.0,"(2015, 2156, 180)","(2015.0, 2156.0, 180)"
4159,831,4,XR6_x3_x1,-11731.381788035034,11167.5,317962.67087758664,"(1556, 667, 90)","(1556.0, 667.0, 90)"
4160,832,0,XM4_x3_x1,0.0,0.0,0.0,"(1571, 516, 90)","(1571.0, 516.0, 90)"
4161,832,1,XR6_x3_x1,0.0,0.0,0.0,"(1831, 1572, 90)","(1831.0, 1572.0, 90)"
4162,832,2,XDL_XM1_XM2_x3_x1,0.0,0.0,0.0,"(92, 730, 90)","(91.5, 730.0, 90)"
4163,832,3,XM3_x3_x1,0.0,0.0,0.0,"(1901, 2476, 0)","(1901.0, 2476.0, 0)"
4164,832,4,XM6_x3_x1,-13263.111556504586,12700.0,317094.6250690177,"(658, 673, 180)","(658.0, 673.0, 180)"
4165,833,0,XM3_x3_x1,0.0,0.0,0.0,"(1403, 2044, 270)","(1403.0, 2074.0, 270)"
4166,833,1,XR6_x3_x1,0.0,0.0,0.0,"(979, 547, 270)","(979.0, 547.0, 270)"
4167,833,2,XDL_XM1_XM2_x3_x1,0.0,0.0,0.0,"(2382, 2499, 180)","(2382.0, 2499.0, 180)"
4168,833,3,XM6_x3_x1,0.0,0.0,0.0,"(1617, 1678, 90)","(1617.0, 1678.0, 90)"
4169,833,4,XM4_x3_x1,-11430.170622712223,10968.0,213601.6844982043,"(2588, 2586, 90)","(2734.0, 2586.0, 90)"
4170,834,0,XM6_x3_x1,0.0,0.0,0.0,"(873, 1202, 90)","(873.0, 1202.0, 90)"
4171,834,1,XR6_x3_x1,0.0,0.0,0.0,"(1021, 632, 90)","(1021.0, 632.0, 90)"
4172,834,2,XM4_x3_x1,0.0,0.0,0.0,"(1993, 1462, 0)","(1993.0, 1462.0, 0)"
4173,834,3,XDL_XM1_XM2_x3_x1,0.0,0.0,0.0,"(1673, 8, 90)","(1673.0, 8.0, 90)"
4174,834,4,XM3_x3_x1,-11037.147609058109,10511.0,276831.30651756487,"(731, 1787, 270)","(731.0, 1787.0, 270)"
4175,835,0,XDL_XM1_XM2_x3_x1,0.0,0.0,0.0,"(1652, 220, 270)","(1652.0, 220.0, 270)"
4176,835,1,XM4_x3_x1,0.0,0.0,0.0,"(1030, 1946, 270)","(1030.0, 1946.0, 270)"
4177,835,2,XR6_x3_x1,0.0,0.0,0.0,"(2488, 239, 90)","(2488.0, 239.0, 90)"
4178,835,3,XM3_x3_x1,0.0,0.0,0.0,"(994, 1542, 90)","(994.0, 1542.0, 90)"
4179,835,4,XM6_x3_x1,-13167.132761957617,12570.0,356567.53540313215,"(1401, 2253, 180)","(1401.0, 2253.0, 180)"
4180,836,0,XDL_XM1_XM2_x3_x1,0.0,0.0,0.0,"(197, 2597, 0)","(197.0, 2597.0, 0)"
4181,836,1,XM4_x3_x1,0.0,0.0,0.0,"(543, 1735, 0)","(421.5, 1735.0, 0)"
4182,836,2,XM3_x3_x1,0.0,0.0,0.0,"(221, 1382, 270)","(221.0, 1382.0, 270)"
4183,836,3,XR6_x3_x1,0.0,0.0,0.0,"(2478, 1777, 180)","(2478.0, 1777.0, 180)"
4184,836,4,XM6_x3_x1,-10308.612927202075,9905.0,162903.39500462785,"(759, 1887, 90)","(759.0, 1887.0, 90)"
4185,837,0,XM4_x3_x1,0.0,0.0,0.0,"(1096, 471, 270)","(1096.0, 471.0, 270)"
4186,837,1,XM3_x3_x1,0.0,0.0,0.0,"(1478, 228, 90)","(1478.0, 228.0, 90)"
4187,837,2,XM6_x3_x1,0.0,0.0,0.0,"(754, 341, 90)","(754.0, 341.0, 90)"
4188,837,3,XDL_XM1_XM2_x3_x1,0.0,0.0,0.0,"(181, 2470, 90)","(181.0, 2470.0, 90)"
4189,837,4,XR6_x3_x1,-12984.528010228958,12497.0,237683.56075780772,"(1895, 1295, 270)","(1895.0, 1295.0, 270)"
4190,838,0,XR6_x3_x1,0.0,0.0,0.0,"(1935, 90, 90)","(1935.0, 90.0, 90)"
4191,838,1,XDL_XM1_XM2_x3_x1,0.0,0.0,0.0,"(1352, 1676, 0)","(1352.0, 1676.0, 0)"
4192,838,2,XM3_x3_x1,0.0,0.0,0.0,"(747, 715, 0)","(747.0, 694.5, 0)"
4193,838,3,XM4_x3_x1,0.0,0.0,0.0,"(856, 1032, 90)","(856.0, 1032.0, 90)"
4194,838,4,XM6_x3_x1,-10725.339716782275,10264.5,212373.24456396664,"(290, 1907, 90)","(290.0, 1907.0, 90)"
4195,839,0,XM6_x3_x1,0.0,0.0,0.0,"(1606, 616, 270)","(1606.0, 616.0, 270)"
4196,839,1,XDL_XM1_XM2_x3_x1,0.0,0.0,0.0,"(1960, 1337, 90)","(1960.0, 1337.0, 90)"
4197,839,2,XR6_x3_x1,0.0,0.0,0.0,"(682, 950, 0)","(682.0, 950.0, 0)"
4198,839,3,XM4_x3_x1,0.0,0.0,0.0,"(1732, 1726, 0)","(1732.0, 1726.0, 0)"
4199,839,4,XM3_x3_x1,-8802.73696268688,8435.0,135230.47372617194,"(1586, 1992, 270)","(1586.0, 2063.5, 270)"
4200,840,0,XM6_x3_x1,0.0,0.0,0.0,"(1954, 881, 90)","(1954.0, 881.0, 90)"
4201,840,1,XM4_x3_x1,0.0,0.0,0.0,"(1936, 87, 90)","(1936.0, 87.0, 90)"
4202,840,2,XM3_x3_x1,0.0,0.0,0.0,"(1526, 240, 270)","(1526.0, 158.0, 270)"
4203,840,3,XR6_x3_x1,0.0,0.0,0.0,"(1516, 697, 180)","(1516.0, 697.0, 180)"
4204,840,4,XDL_XM1_XM2_x3_x1,-6910.282034222492,6520.0,152320.06623684664,"(1349, 700, 90)","(1047.0, 700.0, 90)"
4205,841,0,XM4_x3_x1,0.0,0.0,0.0,"(994, 1152, 270)","(994.0, 1152.0, 270)"
4206,841,1,XR6_x3_x1,0.0,0.0,0.0,"(1882, 899, 0)","(1882.0, 899.0, 0)"
4207,841,2,XM6_x3_x1,0.0,0.0,0.0,"(289, 475, 180)","(289.0, 475.0, 180)"
4208,841,3,XM3_x3_x1,0.0,0.0,0.0,"(932, 2543, 90)","(932.0, 2543.0, 90)"
4209,841,4,XDL_XM1_XM2_x3_x1,-14292.297527547948,13736.0,309466.9391559586,"(563, 47, 90)","(563.0, 47.0, 90)"
4210,842,0,XM3_x3_x1,0.0,0.0,0.0,"(1112, 2014, 270)","(1112.0, 2014.0, 270)"
4211,842,1,XDL_XM1_XM2_x3_x1,0.0,0.0,0.0,"(2004, 2228, 270)","(2004.0, 2228.0, 270)"
4212,842,2,XR6_x3_x1,0.0,0.0,0.0,"(1291, 399, 0)","(1291.0, 399.0, 0)"
4213,842,3,XM6_x3_x1,0.0,0.0,0.0,"(2172, 1304, 90)","(2172.0, 1304.0, 90)"
4214,842,4,XM4_x3_x1,-10682.145277452017,10211.0,221977.87246533748,"(1630, 993, 90)","(1630.0, 993.0, 90)"
4215,843,0,XM3_x3_x1,0.0,0.0,0.0,"(1911, 2073, 90)","(1911.0, 2073.0, 90)"
4216,843,1,XM4_x3_x1,0.0,0.0,0.0,"(2341, 2438, 0)","(2341.0, 2438.0, 0)"
4217,843,2,XR6_x3_x1,0.0,0.0,0.0,"(1549, 404, 0)","(1549.0, 404.0, 0)"
4218,843,3,XM6_x3_x1,0.0,0.0,0.0,"(173, 438, 0)","(173.0, 438.0, 0)"
4219,843,4,XDL_XM1_XM2_x3_x1,-14338.41671603856,13830.0,258487.5571474335,"(181, 2249, 90)","(181.0, 2249.0, 90)"
4220,844,0,XM4_x3_x1,0.0,0.0,0.0,"(2115, 128, 180)","(2115.0, 128.0, 180)"
4221,844,1,XDL_XM1_XM2_x3_x1,0.0,0.0,0.0,"(433, 1821, 90)","(433.0, 1821.0, 90)"
4222,844,2,XR6_x3_x1,0.0,0.0,0.0,"(2267, 2026, 270)","(2267.0, 2026.0, 270)"
4223,844,3,XM3_x3_x1,0.0,0.0,0.0,"(2168, 554, 180)","(2168.0, 554.0, 180)"
4224,844,4,XM6_x3_x1,-13739.898653234466,13245.0,244924.67697328917,"(2297, 2438, 90)","(2297.0, 2438.0, 90)"
4225,845,0,XR6_x3_x1,0.0,0.0,0.0,"(2077, 1793, 270)","(2077.0, 1793.0, 270)"
4226,845,1,XDL_XM1_XM2_x3_x1,0.0,0.0,0.0,"(1281, 1054, 90)","(1281.0, 1054.0, 90)"
4227,845,2,XM3_x3_x1,0.0,0.0,0.0,"(1472, 1593, 90)","(1472.0, 1593.0, 90)"
4228,845,3,XM6_x3_x1,0.0,0.0,0.0,"(756, 1344, 90)","(756.0, 1344.0, 90)"
4229,845,4,XM4_x3_x1,-9684.52914929551,9184.0,250529.42929448633,"(2340, 1785, 0)","(2340.0, 2033.0, 0)"
4230,846,0,XM4_x3_x1,0.0,0.0,0.0,"(1822, 1932, 270)","(1950.0, 1932.0, 270)"
4231,846,1,XM3_x3_x1,0.0,0.0,0.0,"(514, 259, 90)","(514.0, 259.0, 90)"
4232,846,2,XM6_x3_x1,0.0,0.0,0.0,"(1455, 1983, 180)","(1455.0, 2216.0, 180)"
4233,846,3,XR6_x3_x1,0.0,0.0,0.0,"(935, 2447, 90)","(935.0, 2456.0, 90)"
4234,846,4,XDL_XM1_XM2_x3_x1,-14092.323148249612,13457.0,403635.50270179793,"(1442, 1864, 90)","(1442.0, 1864.0, 90)"
4235,847,0,XM3_x3_x1,0.0,0.0,0.0,"(1125, 441, 270)","(1125.0, 441.0, 270)"
4236,847,1,XDL_XM1_XM2_x3_x1,0.0,0.0,0.0,"(1088, 2191, 0)","(1088.0, 2380.5, 0)"
4237,847,2,XM4_x3_x1,0.0,0.0,0.0,"(1565, 2355, 180)","(1565.0, 2355.0, 180)"
4238,847,3,XR6_x3_x1,0.0,0.0,0.0,"(1295, 922, 270)","(1295.0, 922.0, 270)"
4239,847,4,XM6_x3_x1,-9816.549400639353,9332.5,234303.82225931692,"(1142, 1814, 270)","(1142.0, 1814.0, 270)"
4240,848,0,XM4_x3_x1,0.0,0.0,0.0,"(1733, 732, 180)","(1775.0, 732.0, 180)"
4241,848,1,XR6_x3_x1,0.0,0.0,0.0,"(467, 1126, 90)","(467.0, 1126.0, 90)"
4242,848,2,XDL_XM1_XM2_x3_x1,0.0,0.0,0.0,"(1599, 1626, 0)","(1599.0, 1626.0, 0)"
4243,848,3,XM3_x3_x1,0.0,0.0,0.0,"(919, 6, 270)","(919.0, 6.0, 270)"
4244,848,4,XM6_x3_x1,-10924.402009382751,10452.0,223163.65846886078,"(1379, 628, 180)","(1379.0, 628.0, 180)"
4245,849,0,XR6_x3_x1,0.0,0.0,0.0,"(883, 1534, 90)","(883.0, 1534.0, 90)"
4246,849,1,XM3_x3_x1,0.0,0.0,0.0,"(926, 2269, 270)","(926.0, 2269.0, 270)"
4247,849,2,XM6_x3_x1,0.0,0.0,0.0,"(1496, 2468, 270)","(1496.0, 2468.0, 270)"
4248,849,3,XM4_x3_x1,0.0,0.0,0.0,"(1570, 495, 90)","(1570.0, 495.0, 90)"
4249,849,4,XDL_XM1_XM2_x3_x1,-10556.76449575559,10036.0,271195.6600395739,"(868, 1796, 90)","(868.0, 1847.0, 90)"
4250,850,0,XR6_x3_x1,0.0,0.0,0.0,"(622, 2116, 270)","(622.0, 2116.0, 270)"
4251,850,1,XM3_x3_x1,0.0,0.0,0.0,"(1577, 14, 90)","(1577.0, 14.0, 90)"
4252,850,2,XDL_XM1_XM2_x3_x1,0.0,0.0,0.0,"(2158, 2337, 180)","(2158.0, 2337.0, 180)"
4253,850,3,XM6_x3_x1,0.0,0.0,0.0,"(2555, 1101, 0)","(2555.0, 1101.0, 0)"
4254,850,4,XM4_x3_x1,-19143.711081880778,18368.0,601727.6825526485,"(68, 2590, 0)","(68.0, 2590.0, 0)"
4255,851,0,XM6_x3_x1,0.0,0.0,0.0,"(59, 1784, 90)","(59.0, 1784.0, 90)"
4256,851,1,XM3_x3_x1,0.0,0.0,0.0,"(2380, 1662, 90)","(2380.0, 1662.0, 90)"
4257,851,2,XR6_x3_x1,0.0,0.0,0.0,"(1414, 18, 180)","(1414.0, 18.0, 180)"
4258,851,3,XDL_XM1_XM2_x3_x1,0.0,0.0,0.0,"(1674, 765, 270)","(1674.0, 765.0, 270)"
4259,851,4,XM4_x3_x1,-13379.48887925787,12794.0,342797.2277346368,"(1563, 1349, 270)","(1563.0, 1349.0, 270)"
4260,852,0,XR6_x3_x1,0.0,0.0,0.0,"(2282, 945, 270)","(2282.0, 945.0, 270)"
4261,852,1,XM6_x3_x1,0.0,0.0,0.0,"(2206, 1258, 270)","(2206.0, 1258.0, 270)"
4262,852,2,XM4_x3_x1,0.0,0.0,0.0,"(2257, 2355, 90)","(2257.0, 2355.0, 90)"
4263,852,3,XM3_x3_x1,0.0,0.0,0.0,"(259, 688, 90)","(259.0, 688.0, 90)"
4264,852,4,XDL_XM1_XM2_x3_x1,-15138.448949994814,14513.0,391186.38904961507,"(861, 1513, 180)","(861.0, 1513.0, 180)"
4265,853,0,XM6_x3_x1,0.0,0.0,0.0,"(2349, 251, 180)","(2349.0, 251.0, 180)"
4266,853,1,XR6_x3_x1,0.0,0.0,0.0,"(162, 234, 90)","(162.0, 234.0, 90)"
4267,853,2,XDL_XM1_XM2_x3_x1,0.0,0.0,0.0,"(1071, 1180, 270)","(1071.0, 1180.0, 270)"
4268,853,3,XM4_x3_x1,0.0,0.0,0.0,"(523, 2470, 0)","(523.0, 2470.0, 0)"
4269,853,4,XM3_x3_x1,-14694.184216784237,14130.0,318303.8304684426,"(871, 2011, 0)","(871.0, 2011.0, 0)"
4270,854,0,XR6_x3_x1,0.0,0.0,0.0,"(202, 0, 90)","(202.0, -199.5, 90)"
4271,854,1,XM6_x3_x1,0.0,0.0,0.0,"(428, 99, 270)","(428.0, 99.0, 270)"
4272,854,2,XM3_x3_x1,0.0,0.0,0.0,"(1723, 1056, 90)","(1723.0, 1056.0, 90)"
4273,854,3,XDL_XM1_XM2_x3_x1,0.0,0.0,0.0,"(1071, 1031, 90)","(1071.0, 1031.0, 90)"
4274,854,4,XM4_x3_x1,-12645.637349739642,12089.0,309845.1391251727,"(770, 1720, 180)","(770.0, 1720.0, 180)"
4275,855,0,XM4_x3_x1,0.0,0.0,0.0,"(158, 1129, 270)","(158.0, 1129.0, 270)"
4276,855,1,XDL_XM1_XM2_x3_x1,0.0,0.0,0.0,"(117, 973, 90)","(117.0, 718.5, 90)"
4277,855,2,XM6_x3_x1,0.0,0.0,0.0,"(587, 1834, 270)","(587.0, 1834.0, 270)"
4278,855,3,XM3_x3_x1,0.0,0.0,0.0,"(2284, 902, 270)","(2284.0, 902.0, 270)"
4279,855,4,XR6_x3_x1,-11399.640473432144,10951.0,201278.2744014185,"(2404, 1278, 270)","(2404.0, 1278.0, 270)"
4280,856,0,XM3_x3_x1,0.0,0.0,0.0,"(631, 678, 0)","(631.0, 678.0, 0)"
4281,856,1,XDL_XM1_XM2_x3_x1,0.0,0.0,0.0,"(1237, 456, 270)","(1237.0, 456.0, 270)"
4282,856,2,XM6_x3_x1,0.0,0.0,0.0,"(1352, 2574, 270)","(1352.0, 2574.0, 270)"
4283,856,3,XR6_x3_x1,0.0,0.0,0.0,"(1836, 1339, 0)","(1836.0, 1339.0, 0)"
4284,856,4,XM4_x3_x1,-13503.966422499885,12892.5,373891.185844807,"(2104, 1789, 0)","(2134.5, 1789.0, 0)"
4285,857,0,XM4_x3_x1,0.0,0.0,0.0,"(329, 336, 90)","(329.0, 336.0, 90)"
4286,857,1,XM3_x3_x1,0.0,0.0,0.0,"(465, 2537, 90)","(465.0, 2537.0, 90)"
4287,857,2,XDL_XM1_XM2_x3_x1,0.0,0.0,0.0,"(80, 925, 90)","(80.0, 925.0, 90)"
4288,857,3,XR6_x3_x1,0.0,0.0,0.0,"(835, 666, 90)","(835.0, 666.0, 90)"
4289,857,4,XM6_x3_x1,-16030.820078553063,15471.0,313398.5203511568,"(2505, 98, 270)","(2505.0, 98.0, 270)"
4290,858,0,XM4_x3_x1,0.0,0.0,0.0,"(2164, 1324, 90)","(2164.0, 1324.0, 90)"
4291,858,1,XR6_x3_x1,0.0,0.0,0.0,"(695, 1684, 90)","(695.0, 1684.0, 90)"
4292,858,2,XM6_x3_x1,0.0,0.0,0.0,"(1331, 1188, 90)","(1331.0, 1188.0, 90)"
4293,858,3,XM3_x3_x1,0.0,0.0,0.0,"(1913, 2032, 90)","(1913.0, 2032.0, 90)"
4294,858,4,XDL_XM1_XM2_x3_x1,-13419.470089049431,12836.0,340437.3448153518,"(227, 281, 0)","(227.0, 281.0, 0)"
4295,859,0,XM4_x3_x1,0.0,0.0,0.0,"(1300, 892, 0)","(1300.0, 892.0, 0)"
4296,859,1,XDL_XM1_XM2_x3_x1,0.0,0.0,0.0,"(963, 782, 180)","(889.5, 782.0, 180)"
4297,859,2,XM6_x3_x1,0.0,0.0,0.0,"(1995, 1645, 0)","(1995.0, 1645.0, 0)"
4298,859,3,XR6_x3_x1,0.0,0.0,0.0,"(2288, 50, 180)","(2288.0, 50.0, 180)"
4299,859,4,XM3_x3_x1,-12244.801901156008,11715.0,280690.05446852127,"(1721, 2109, 180)","(1721.0, 2109.0, 180)"
4300,860,0,XR6_x3_x1,0.0,0.0,0.0,"(2563, 2274, 90)","(2563.0, 2274.0, 90)"
4301,860,1,XM3_x3_x1,0.0,0.0,0.0,"(2563, 701, 180)","(2563.0, 701.0, 180)"
4302,860,2,XM6_x3_x1,0.0,0.0,0.0,"(1502, 652, 180)","(1502.0, 652.0, 180)"
4303,860,3,XDL_XM1_XM2_x3_x1,0.0,0.0,0.0,"(1642, 2257, 0)","(1300.5, 2257.0, 0)"
4304,860,4,XM4_x3_x1,-11710.14286429617,11151.0,312640.74269332516,"(1711, 2171, 0)","(1711.0, 2171.0, 0)"
4305,861,0,XM6_x3_x1,0.0,0.0,0.0,"(1536, 48, 90)","(1536.0, 48.0, 90)"
4306,861,1,XM4_x3_x1,0.0,0.0,0.0,"(716, 885, 270)","(716.0, 885.0, 270)"
4307,861,2,XDL_XM1_XM2_x3_x1,0.0,0.0,0.0,"(2425, 1500, 270)","(2425.0, 1500.0, 270)"
4308,861,3,XM3_x3_x1,0.0,0.0,0.0,"(1662, 1497, 90)","(1662.0, 1497.0, 90)"
4309,861,4,XR6_x3_x1,-13099.52893528263,12553.0,298693.8771011642,"(54, 360, 0)","(54.0, 360.0, 0)"
4310,862,0,XM4_x3_x1,0.0,0.0,0.0,"(1940, 2506, 90)","(1940.0, 2506.0, 90)"
4311,862,1,XDL_XM1_XM2_x3_x1,0.0,0.0,0.0,"(1904, 69, 90)","(1904.0, 69.0, 90)"
4312,862,2,XM3_x3_x1,0.0,0.0,0.0,"(1220, 1026, 90)","(1220.0, 1026.0, 90)"
4313,862,3,XM6_x3_x1,0.0,0.0,0.0,"(1086, 77, 90)","(1086.0, 77.0, 90)"
4314,862,4,XR6_x3_x1,-13487.082698236953,12953.0,285244.3285560642,"(943, 17, 90)","(943.0, -221.5, 90)"
4315,863,0,XM4_x3_x1,0.0,0.0,0.0,"(1361, 966, 270)","(1361.0, 966.0, 270)"
4316,863,1,XDL_XM1_XM2_x3_x1,0.0,0.0,0.0,"(45, 1552, 270)","(45.0, 1552.0, 270)"
4317,863,2,XR6_x3_x1,0.0,0.0,0.0,"(1445, 899, 180)","(1601.0, 899.0, 180)"
4318,863,3,XM3_x3_x1,0.0,0.0,0.0,"(1482, 449, 0)","(1482.0, 418.5, 0)"
4319,863,4,XM6_x3_x1,-8674.242108397042,8331.0,117815.14497684703,"(1858, 793, 90)","(1858.0, 793.0, 90)"
4320,864,0,XM6_x3_x1,0.0,0.0,0.0,"(574, 697, 270)","(574.0, 697.0, 270)"
4321,864,1,XM4_x3_x1,0.0,0.0,0.0,"(1132, 1659, 90)","(1132.0, 1659.0, 90)"
4322,864,2,XM3_x3_x1,0.0,0.0,0.0,"(1418, 238, 270)","(1418.0, 238.0, 270)"
4323,864,3,XR6_x3_x1,0.0,0.0,0.0,"(809, 2535, 90)","(809.0, 2535.0, 90)"
4324,864,4,XDL_XM1_XM2_x3_x1,-15916.512659456343,15275.0,411538.49224274996,"(2551, 2421, 90)","(2551.0, 2421.0, 90)"
4325,865,0,XM4_x3_x1,0.0,0.0,0.0,"(1488, 1228, 180)","(1488.0, 1228.0, 180)"
4326,865,1,XM3_x3_x1,0.0,0.0,0.0,"(1056, 962, 270)","(1056.0, 962.0, 270)"
4327,865,2,XM6_x3_x1,0.0,0.0,0.0,"(385, 741, 270)","(385.0, 741.0, 270)"
4328,865,3,XR6_x3_x1,0.0,0.0,0.0,"(2085, 1273, 180)","(2085.0, 1273.0, 180)"
4329,865,4,XDL_XM1_XM2_x3_x1,-9187.80932420658,8715.0,223548.65705668434,"(1727, 1671, 0)","(1727.0, 1736.0, 0)"
4330,866,0,XM4_x3_x1,0.0,0.0,0.0,"(875, 939, 270)","(875.0, 939.0, 270)"
4331,866,1,XDL_XM1_XM2_x3_x1,0.0,0.0,0.0,"(2285, 1309, 180)","(2285.0, 1309.0, 180)"
4332,866,2,XR6_x3_x1,0.0,0.0,0.0,"(1264, 417, 0)","(1264.0, 417.0, 0)"
4333,866,3,XM3_x3_x1,0.0,0.0,0.0,"(180, 1264, 180)","(180.0, 1264.0, 180)"
4334,866,4,XM6_x3_x1,-12910.19099393877,12312.0,357832.46522945346,"(2400, 224, 90)","(2400.0, 224.0, 90)"
4335,867,0,XM3_x3_x1,0.0,0.0,0.0,"(187, 2542, 90)","(187.0, 2542.0, 90)"
4336,867,1,XR6_x3_x1,0.0,0.0,0.0,"(1998, 702, 180)","(1998.0, 702.0, 180)"
4337,867,2,XM6_x3_x1,0.0,0.0,0.0,"(90, 1639, 270)","(90.0, 1639.0, 270)"
4338,867,3,XDL_XM1_XM2_x3_x1,0.0,0.0,0.0,"(1542, 2048, 0)","(1542.0, 2048.0, 0)"
4339,867,4,XM4_x3_x1,-15309.634719809832,14557.0,566459.0214632249,"(1522, 937, 180)","(1522.0, 937.0, 180)"
4340,868,0,XR6_x3_x1,0.0,0.0,0.0,"(2072, 1875, 180)","(2072.0, 1875.0, 180)"
4341,868,1,XDL_XM1_XM2_x3_x1,0.0,0.0,0.0,"(1594, 1326, 90)","(1594.0, 1004.0, 90)"
4342,868,2,XM4_x3_x1,0.0,0.0,0.0,"(1825, 2387, 90)","(1825.0, 2387.0, 90)"
4343,868,3,XM6_x3_x1,0.0,0.0,0.0,"(2231, 1907, 90)","(2312.0, 1907.0, 90)"
4344,868,4,XM3_x3_x1,-7894.159078678645,7493.0,160928.606406299,"(1800, 1356, 180)","(1800.0, 1356.0, 180)"
4345,869,0,XDL_XM1_XM2_x3_x1,0.0,0.0,0.0,"(1916, 734, 0)","(1916.0, 734.0, 0)"
4346,869,1,XM3_x3_x1,0.0,0.0,0.0,"(1844, 1374, 90)","(1844.0, 1374.0, 90)"
4347,869,2,XR6_x3_x1,0.0,0.0,0.0,"(2128, 560, 90)","(2128.0, 265.0, 90)"
4348,869,3,XM6_x3_x1,0.0,0.0,0.0,"(1417, 74, 90)","(1417.0, 74.0, 90)"
4349,869,4,XM4_x3_x1,-11507.951503643148,10971.0,288316.9172646369,"(314, 1422, 0)","(314.0, 1422.0, 0)"
4350,870,0,XM3_x3_x1,0.0,0.0,0.0,"(570, 465, 0)","(445.5, 465.0, 0)"
4351,870,1,XR6_x3_x1,0.0,0.0,0.0,"(344, 906, 90)","(302.5, 906.0, 90)"
4352,870,2,XM6_x3_x1,0.0,0.0,0.0,"(335, 79, 180)","(335.0, 79.0, 180)"
4353,870,3,XDL_XM1_XM2_x3_x1,0.0,0.0,0.0,"(856, 836, 0)","(856.0, 836.0, 0)"
4354,870,4,XM4_x3_x1,-11087.954157614642,10580.0,258017.42623800106,"(2487, 88, 90)","(2487.0, 88.0, 90)"
4355,871,0,XM3_x3_x1,0.0,0.0,0.0,"(1736, 2369, 0)","(1736.0, 2369.0, 0)"
4356,871,1,XM6_x3_x1,0.0,0.0,0.0,"(1978, 1862, 0)","(1978.0, 1862.0, 0)"
4357,871,2,XM4_x3_x1,0.0,0.0,0.0,"(2529, 1771, 0)","(2529.0, 1771.0, 0)"
4358,871,3,XDL_XM1_XM2_x3_x1,0.0,0.0,0.0,"(925, 1286, 180)","(925.0, 1286.0, 180)"
4359,871,4,XR6_x3_x1,-11343.12027137925,10839.0,254137.24801548815,"(375, 2410, 0)","(375.0, 2410.0, 0)"
4360,872,0,XR6_x3_x1,0.0,0.0,0.0,"(2462, 1472, 0)","(2462.0, 1472.0, 0)"
4361,872,1,XM4_x3_x1,0.0,0.0,0.0,"(867, 1154, 0)","(867.0, 1154.0, 0)"
4362,872,2,XM6_x3_x1,0.0,0.0,0.0,"(1630, 311, 90)","(1630.0, 311.0, 90)"
4363,872,3,XM3_x3_x1,0.0,0.0,0.0,"(1337, 790, 0)","(1337.0, 790.0, 0)"
4364,872,4,XDL_XM1_XM2_x3_x1,-10424.969023088992,10007.0,174698.10426196642,"(381, 1573, 90)","(381.0, 1573.0, 90)"
4365,873,0,XDL_XM1_XM2_x3_x1,0.0,0.0,0.0,"(492, 1773, 180)","(492.0, 1773.0, 180)"
4366,873,1,XR6_x3_x1,0.0,0.0,0.0,"(934, 2591, 0)","(934.0, 2591.0, 0)"
4367,873,2,XM3_x3_x1,0.0,0.0,0.0,"(2110, 1389, 90)","(2110.0, 1389.0, 90)"
4368,873,3,XM6_x3_x1,0.0,0.0,0.0,"(1453, 1276, 270)","(1453.0, 1276.0, 270)"
4369,873,4,XM4_x3_x1,-12017.590053627808,11461.0,309792.48779740575,"(1981, 908, 270)","(1981.0, 908.0, 270)"
4370,874,0,XM3_x3_x1,0.0,0.0,0.0,"(1256, 1431, 90)","(1256.0, 1431.0, 90)"
4371,874,1,XDL_XM1_XM2_x3_x1,0.0,0.0,0.0,"(2000, 403, 90)","(2000.0, 403.0, 90)"
4372,874,2,XM6_x3_x1,0.0,0.0,0.0,"(1921, 1742, 0)","(1921.0, 1742.0, 0)"
4373,874,3,XR6_x3_x1,0.0,0.0,0.0,"(2135, 2017, 180)","(2219.5, 2017.0, 180)"
4374,874,4,XM4_x3_x1,-11406.022579265187,10870.0,287320.2054821034,"(968, 2265, 90)","(968.0, 2265.0, 90)"
4375,875,0,XM6_x3_x1,0.0,0.0,0.0,"(1196, 2162, 90)","(1196.0, 2162.0, 90)"
4376,875,1,XM3_x3_x1,0.0,0.0,0.0,"(1139, 2206, 180)","(858.5, 2206.0, 180)"
4377,875,2,XM4_x3_x1,0.0,0.0,0.0,"(368, 1352, 90)","(368.0, 1352.0, 90)"
4378,875,3,XR6_x3_x1,0.0,0.0,0.0,"(2062, 2384, 180)","(2062.0, 2384.0, 180)"
4379,875,4,XDL_XM1_XM2_x3_x1,-11385.771377400744,10965.0,177048.55203971986,"(821, 283, 270)","(821.0, 283.0, 270)"
4380,876,0,XR6_x3_x1,0.0,0.0,0.0,"(1757, 1460, 270)","(1757.0, 1460.0, 270)"
4381,876,1,XDL_XM1_XM2_x3_x1,0.0,0.0,0.0,"(2084, 1228, 270)","(2084.0, 1147.0, 270)"
4382,876,2,XM4_x3_x1,0.0,0.0,0.0,"(2020, 1908, 90)","(2020.0, 1908.0, 90)"
4383,876,3,XM3_x3_x1,0.0,0.0,0.0,"(1838, 2221, 90)","(1838.0, 2304.0, 90)"
4384,876,4,XM6_x3_x1,-9082.246135394102,8662.0,176606.81431367743,"(689, 1195, 180)","(689.0, 1195.0, 180)"
4385,877,0,XR6_x3_x1,0.0,0.0,0.0,"(1442, 67, 90)","(1442.0, 67.0, 90)"
4386,877,1,XDL_XM1_XM2_x3_x1,0.0,0.0,0.0,"(1794, 1248, 180)","(1794.0, 1248.0, 180)"
4387,877,2,XM4_x3_x1,0.0,0.0,0.0,"(612, 2327, 90)","(612.0, 2327.0, 90)"
4388,877,3,XM6_x3_x1,0.0,0.0,0.0,"(2332, 2349, 90)","(2332.0, 2349.0, 90)"
4389,877,4,XM3_x3_x1,-14569.134514446834,13962.0,368612.31863259204,"(2451, 1090, 270)","(2451.0, 1090.0, 270)"
4390,878,0,XDL_XM1_XM2_x3_x1,0.0,0.0,0.0,"(1585, 1604, 180)","(1585.0, 1604.0, 180)"
4391,878,1,XM6_x3_x1,0.0,0.0,0.0,"(182, 1735, 90)","(182.0, 1735.0, 90)"
4392,878,2,XR6_x3_x1,0.0,0.0,0.0,"(1841, 1098, 90)","(1841.0, 1098.0, 90)"
4393,878,3,XM4_x3_x1,0.0,0.0,0.0,"(2255, 849, 180)","(2272.0, 849.0, 180)"
4394,878,4,XM3_x3_x1,-9276.952105147024,8854.0,178888.4832482985,"(1876, 828, 180)","(1876.0, 828.0, 180)"
4395,879,0,XM4_x3_x1,0.0,0.0,0.0,"(1958, 1252, 270)","(1958.0, 1252.0, 270)"
4396,879,1,XM3_x3_x1,0.0,0.0,0.0,"(1469, 2080, 180)","(1469.0, 2080.0, 180)"
4397,879,2,XDL_XM1_XM2_x3_x1,0.0,0.0,0.0,"(403, 528, 0)","(403.0, 528.0, 0)"
4398,879,3,XR6_x3_x1,0.0,0.0,0.0,"(621, 1155, 90)","(621.0, 1155.0, 90)"
4399,879,4,XM6_x3_x1,-13732.522188987645,13117.0,378867.56513614266,"(2340, 2316, 90)","(2340.0, 2316.0, 90)"
4400,880,0,XM6_x3_x1,0.0,0.0,0.0,"(1618, 506, 270)","(1618.0, 506.0, 270)"
4401,880,1,XM4_x3_x1,0.0,0.0,0.0,"(2019, 2379, 90)","(2019.0, 2379.0, 90)"
4402,880,2,XDL_XM1_XM2_x3_x1,0.0,0.0,0.0,"(2475, 789, 180)","(2475.0, 789.0, 180)"
4403,880,3,XR6_x3_x1,0.0,0.0,0.0,"(868, 330, 270)","(868.0, 330.0, 270)"
4404,880,4,XM3_x3_x1,-14940.136877800996,14309.0,398333.75852038997,"(401, 1586, 90)","(401.0, 1586.0, 90)"
4405,881,0,XM4_x3_x1,0.0,0.0,0.0,"(2184, 373, 180)","(2184.0, 373.0, 180)"
4406,881,1,XM6_x3_x1,0.0,0.0,0.0,"(638, 344, 270)","(638.0, 344.0, 270)"
4407,881,2,XR6_x3_x1,0.0,0.0,0.0,"(1652, 1495, 90)","(1652.0, 1778.0, 90)"
4408,881,3,XDL_XM1_XM2_x3_x1,0.0,0.0,0.0,"(1812, 1309, 180)","(1812.0, 1309.0, 180)"
4409,881,4,XM3_x3_x1,-10306.08907893401,9819.0,237255.77081678304,"(1213, 679, 180)","(1213.0, 679.0, 180)"
4410,882,0,XR6_x3_x1,0.0,0.0,0.0,"(183, 2392, 90)","(183.0, 2392.0, 90)"
4411,882,1,XM3_x3_x1,0.0,0.0,0.0,"(2073, 273, 270)","(2073.0, 273.0, 270)"
4412,882,2,XM6_x3_x1,0.0,0.0,0.0,"(2422, 1297, 90)","(2422.0, 1297.0, 90)"
4413,882,3,XDL_XM1_XM2_x3_x1,0.0,0.0,0.0,"(1263, 469, 0)","(1263.0, 469.0, 0)"
4414,882,4,XM4_x3_x1,-14596.079047793248,13984.0,374640.760747488,"(1834, 1139, 90)","(1834.0, 1139.0, 90)"
4415,883,0,XM3_x3_x1,0.0,0.0,0.0,"(1698, 496, 270)","(1698.0, 455.5, 270)"
4416,883,1,XDL_XM1_XM2_x3_x1,0.0,0.0,0.0,"(291, 917, 90)","(291.0, 917.0, 90)"
4417,883,2,XR6_x3_x1,0.0,0.0,0.0,"(1955, 1560, 270)","(1955.0, 1560.0, 270)"
4418,883,3,XM6_x3_x1,0.0,0.0,0.0,"(1807, 793, 180)","(1807.0, 793.0, 180)"
4419,883,4,XM4_x3_x1,-10736.425651669262,10283.0,205594.82159169434,"(1150, 1622, 90)","(1150.0, 1622.0, 90)"
4420,884,0,XR6_x3_x1,0.0,0.0,0.0,"(1759, 1008, 0)","(1759.0, 1008.0, 0)"
4421,884,1,XM3_x3_x1,0.0,0.0,0.0,"(566, 382, 90)","(566.0, 382.0, 90)"
4422,884,2,XDL_XM1_XM2_x3_x1,0.0,0.0,0.0,"(1922, 2460, 90)","(1922.0, 2460.0, 90)"
4423,884,3,XM4_x3_x1,0.0,0.0,0.0,"(2472, 59, 180)","(2472.0, 59.0, 180)"
4424,884,4,XM6_x3_x1,-15891.52546629125,15217.0,454984.6046754295,"(834, 1971, 90)","(834.0, 1971.0, 90)"
4425,885,0,XDL_XM1_XM2_x3_x1,0.0,0.0,0.0,"(570, 1277, 90)","(413.0, 1277.0, 90)"
4426,885,1,XM4_x3_x1,0.0,0.0,0.0,"(1091, 2098, 270)","(1091.0, 2098.0, 270)"
4427,885,2,XM6_x3_x1,0.0,0.0,0.0,"(1883, 2129, 90)","(1883.0, 2129.0, 90)"
4428,885,3,XR6_x3_x1,0.0,0.0,0.0,"(1641, 875, 180)","(1641.0, 875.0, 180)"
4429,885,4,XM3_x3_x1,-8622.43204570267,8260.0,131356.98775222205,"(921, 1142, 90)","(921.0, 1142.0, 90)"
4430,886,0,XM4_x3_x1,0.0,0.0,0.0,"(659, 773, 90)","(659.0, 773.0, 90)"
4431,886,1,XM3_x3_x1,0.0,0.0,0.0,"(2233, 2362, 90)","(2233.0, 2362.0, 90)"
4432,886,2,XR6_x3_x1,0.0,0.0,0.0,"(548, 170, 270)","(548.0, 49.5, 270)"
4433,886,3,XDL_XM1_XM2_x3_x1,0.0,0.0,0.0,"(274, 474, 270)","(274.0, 362.5, 270)"
4434,886,4,XM6_x3_x1,-17578.74983000103,16777.0,642802.789906678,"(1244, 2352, 180)","(1244.0, 2352.0, 180)"
4435,887,0,XM6_x3_x1,0.0,0.0,0.0,"(268, 1734, 270)","(268.0, 1734.0, 270)"
4436,887,1,XR6_x3_x1,0.0,0.0,0.0,"(2257, 2280, 270)","(2257.0, 2280.0, 270)"
4437,887,2,XDL_XM1_XM2_x3_x1,0.0,0.0,0.0,"(7, 2261, 90)","(7.0, 2261.0, 90)"
4438,887,3,XM4_x3_x1,0.0,0.0,0.0,"(1427, 880, 90)","(1427.0, 880.0, 90)"
4439,887,4,XM3_x3_x1,-12229.394367030382,11738.0,241468.4239491886,"(1108, 2175, 180)","(1108.0, 2175.0, 180)"
4440,888,0,XM3_x3_x1,0.0,0.0,0.0,"(1794, 800, 0)","(1794.0, 800.0, 0)"
4441,888,1,XM4_x3_x1,0.0,0.0,0.0,"(272, 435, 0)","(272.0, 435.0, 0)"
4442,888,2,XR6_x3_x1,0.0,0.0,0.0,"(852, 2540, 180)","(852.0, 2540.0, 180)"
4443,888,3,XDL_XM1_XM2_x3_x1,0.0,0.0,0.0,"(2218, 613, 0)","(2218.0, 613.0, 0)"
4444,888,4,XM6_x3_x1,-14515.441650254676,13964.0,304087.89363560005,"(2146, 1667, 180)","(2146.0, 1667.0, 180)"
4445,889,0,XM3_x3_x1,0.0,0.0,0.0,"(164, 2511, 270)","(164.0, 2511.0, 270)"
4446,889,1,XDL_XM1_XM2_x3_x1,0.0,0.0,0.0,"(754, 1627, 270)","(754.0, 1627.0, 270)"
4447,889,2,XM4_x3_x1,0.0,0.0,0.0,"(1039, 2197, 270)","(1039.0, 2197.0, 270)"
4448,889,3,XM6_x3_x1,0.0,0.0,0.0,"(1322, 287, 90)","(1322.0, 287.0, 90)"
4449,889,4,XR6_x3_x1,-13977.29159952507,13492.0,235507.93656960016,"(2505, 2190, 270)","(2505.0, 2190.0, 270)"
4450,890,0,XM6_x3_x1,0.0,0.0,0.0,"(2269, 2233, 180)","(2269.0, 2233.0, 180)"
4451,890,1,XR6_x3_x1,0.0,0.0,0.0,"(2222, 854, 180)","(2222.0, 854.0, 180)"
4452,890,2,XM4_x3_x1,0.0,0.0,0.0,"(1018, 1600, 90)","(1018.0, 1600.0, 90)"
4453,890,3,XDL_XM1_XM2_x3_x1,0.0,0.0,0.0,"(1382, 1113, 270)","(1382.0, 1113.0, 270)"
4454,890,4,XM3_x3_x1,-9896.97469124043,9395.0,251978.59064592578,"(1222, 1819, 0)","(1222.0, 1937.5, 0)"
4455,891,0,XM6_x3_x1,0.0,0.0,0.0,"(1750, 600, 180)","(2083.5, 600.0, 180)"
4456,891,1,XM4_x3_x1,0.0,0.0,0.0,"(2093, 1141, 0)","(2093.0, 1317.5, 0)"
4457,891,2,XR6_x3_x1,0.0,0.0,0.0,"(1156, 335, 90)","(1119.5, 335.0, 90)"
4458,891,3,XM3_x3_x1,0.0,0.0,0.0,"(1950, 980, 270)","(2025.0, 980.0, 270)"
4459,891,4,XDL_XM1_XM2_x3_x1,-7854.016238500167,7383.5,221385.53069234602,"(1673, 762, 180)","(1673.0, 762.0, 180)"
4460,892,0,XM4_x3_x1,0.0,0.0,0.0,"(1287, 2228, 90)","(1287.0, 2228.0, 90)"
4461,892,1,XDL_XM1_XM2_x3_x1,0.0,0.0,0.0,"(231, 2340, 180)","(231.0, 2340.0, 180)"
4462,892,2,XR6_x3_x1,0.0,0.0,0.0,"(2603, 2246, 180)","(2603.0, 2246.0, 180)"
4463,892,3,XM3_x3_x1,0.0,0.0,0.0,"(599, 2594, 270)","(599.0, 2594.0, 270)"
4464,892,4,XM6_x3_x1,-10812.25055335069,10412.0,160200.50545753413,"(1699, 1403, 90)","(1699.0, 1403.0, 90)"
4465,893,0,XM6_x3_x1,0.0,0.0,0.0,"(975, 204, 90)","(975.0, 204.0, 90)"
4466,893,1,XR6_x3_x1,0.0,0.0,0.0,"(1339, 1514, 0)","(1339.0, 1514.0, 0)"
4467,893,2,XM4_x3_x1,0.0,0.0,0.0,"(163, 597, 270)","(163.0, 597.0, 270)"
4468,893,3,XM3_x3_x1,0.0,0.0,0.0,"(821, 1080, 0)","(821.0, 1080.0, 0)"
4469,893,4,XDL_XM1_XM2_x3_x1,-9267.305254087903,8816.0,203676.43236734674,"(1170, 136, 90)","(1483.0, 136.0, 90)"
4470,894,0,XDL_XM1_XM2_x3_x1,0.0,0.0,0.0,"(284, 1498, 180)","(284.0, 1498.0, 180)"
4471,894,1,XM3_x3_x1,0.0,0.0,0.0,"(290, 2173, 0)","(290.0, 2351.0, 0)"
4472,894,2,XM6_x3_x1,0.0,0.0,0.0,"(1696, 921, 270)","(1696.0, 921.0, 270)"
4473,894,3,XR6_x3_x1,0.0,0.0,0.0,"(459, 2111, 90)","(459.0, 2111.0, 90)"
4474,894,4,XM4_x3_x1,-12260.073680020972,11677.0,339974.9163332,"(2058, 691, 0)","(2058.0, 691.0, 0)"
4475,895,0,XDL_XM1_XM2_x3_x1,0.0,0.0,0.0,"(1383, 1161, 0)","(1383.0, 1161.0, 0)"
4476,895,1,XM3_x3_x1,0.0,0.0,0.0,"(845, 859, 180)","(845.0, 859.0, 180)"
4477,895,2,XM6_x3_x1,0.0,0.0,0.0,"(597, 2342, 180)","(597.0, 2342.0, 180)"
4478,895,3,XR6_x3_x1,0.0,0.0,0.0,"(1875, 1346, 0)","(1875.0, 1346.0, 0)"
4479,895,4,XM4_x3_x1,-10281.399812942182,9804.0,227910.5813972302,"(195, 949, 180)","(195.0, 949.0, 180)"
4480,896,0,XM3_x3_x1,0.0,0.0,0.0,"(524, 1169, 0)","(524.0, 1169.0, 0)"
4481,896,1,XR6_x3_x1,0.0,0.0,0.0,"(1836, 1280, 0)","(1836.0, 1280.0, 0)"
4482,896,2,XM4_x3_x1,0.0,0.0,0.0,"(2382, 2537, 0)","(2382.0, 2537.0, 0)"
4483,896,3,XDL_XM1_XM2_x3_x1,0.0,0.0,0.0,"(696, 1962, 180)","(696.0, 1962.0, 180)"
4484,896,4,XM6_x3_x1,-12683.863489098923,12120.0,317942.0343388119,"(648, 2569, 90)","(648.0, 2569.0, 90)"
4485,897,0,XDL_XM1_XM2_x3_x1,0.0,0.0,0.0,"(1250, 932, 270)","(1250.0, 932.0, 270)"
4486,897,1,XM4_x3_x1,0.0,0.0,0.0,"(1247, 19, 90)","(1247.0, 19.0, 90)"
4487,897,2,XM3_x3_x1,0.0,0.0,0.0,"(705, 2290, 270)","(705.0, 2290.0, 270)"
4488,897,3,XR6_x3_x1,0.0,0.0,0.0,"(227, 64, 90)","(227.0, 64.0, 90)"
4489,897,4,XM6_x3_x1,-16029.344342836508,15458.0,326434.35809128184,"(2524, 19, 180)","(2524.0, 19.0, 180)"
4490,898,0,XM6_x3_x1,0.0,0.0,0.0,"(2463, 1884, 0)","(2463.0, 1884.0, 0)"
4491,898,1,XR6_x3_x1,0.0,0.0,0.0,"(1306, 2518, 0)","(1306.0, 2518.0, 0)"
4492,898,2,XM3_x3_x1,0.0,0.0,0.0,"(1570, 1126, 180)","(1570.0, 1126.0, 180)"
4493,898,3,XM4_x3_x1,0.0,0.0,0.0,"(74, 1221, 90)","(74.0, 1221.0, 90)"
4494,898,4,XDL_XM1_XM2_x3_x1,-12139.401768905425,11630.0,259490.16216397646,"(484, 1712, 90)","(484.0, 1712.0, 90)"
4495,899,0,XDL_XM1_XM2_x3_x1,0.0,0.0,0.0,"(754, 2116, 180)","(754.0, 2116.0, 180)"
4496,899,1,XM6_x3_x1,0.0,0.0,0.0,"(436, 160, 90)","(436.0, 160.0, 90)"
4497,899,2,XM4_x3_x1,0.0,0.0,0.0,"(1419, 1311, 0)","(1419.0, 1311.0, 0)"
4498,899,3,XR6_x3_x1,0.0,0.0,0.0,"(1473, 2036, 0)","(1473.0, 2036.0, 0)"
4499,899,4,XM3_x3_x1,-14176.372816380177,13577.0,359247.77301550476,"(2417, 2384, 90)","(2417.0, 2384.0, 90)"
4500,900,0,XM6_x3_x1,0.0,0.0,0.0,"(1174, 94, 90)","(1174.0, 94.0, 90)"
4501,900,1,XR6_x3_x1,0.0,0.0,0.0,"(898, 92, 0)","(898.0, 92.0, 0)"
4502,900,2,XM3_x3_x1,0.0,0.0,0.0,"(534, 351, 0)","(534.0, 351.0, 0)"
4503,900,3,XM4_x3_x1,0.0,0.0,0.0,"(1972, 842, 90)","(1972.0, 842.0, 90)"
4504,900,4,XDL_XM1_XM2_x3_x1,-11471.025257394409,11005.0,217179.54052952558,"(1598, 2168, 90)","(1598.0, 2168.0, 90)"
4505,901,0,XR6_x3_x1,0.0,0.0,0.0,"(1262, 899, 270)","(1262.0, 862.0, 270)"
4506,901,1,XM4_x3_x1,0.0,0.0,0.0,"(561, 2272, 90)","(561.0, 2453.0, 90)"
4507,901,2,XM6_x3_x1,0.0,0.0,0.0,"(464, 2057, 90)","(464.0, 2057.0, 90)"
4508,901,3,XM3_x3_x1,0.0,0.0,0.0,"(1456, 275, 0)","(1456.0, 275.0, 0)"
4509,901,4,XDL_XM1_XM2_x3_x1,-11699.891110863166,11162.0,289326.84714560973,"(805, 1175, 270)","(805.0, 1175.0, 270)"
4510,902,0,XM6_x3_x1,0.0,0.0,0.0,"(841, 779, 0)","(841.0, 779.0, 0)"
4511,902,1,XDL_XM1_XM2_x3_x1,0.0,0.0,0.0,"(631, 645, 270)","(631.0, 427.0, 270)"
4512,902,2,XM3_x3_x1,0.0,0.0,0.0,"(1920, 1615, 0)","(1920.0, 1615.0, 0)"
4513,902,3,XR6_x3_x1,0.0,0.0,0.0,"(577, 2157, 180)","(577.0, 2157.0, 180)"
4514,902,4,XM4_x3_x1,-11845.578144366686,11325.0,271001.6043922616,"(1291, 1748, 180)","(1291.0, 1748.0, 180)"
4515,903,0,XM4_x3_x1,0.0,0.0,0.0,"(315, 179, 90)","(315.0, 179.0, 90)"
4516,903,1,XM6_x3_x1,0.0,0.0,0.0,"(2605, 237, 180)","(2605.0, 237.0, 180)"
4517,903,2,XM3_x3_x1,0.0,0.0,0.0,"(1467, 19, 90)","(1467.0, 19.0, 90)"
4518,903,3,XDL_XM1_XM2_x3_x1,0.0,0.0,0.0,"(2054, 1230, 180)","(2054.0, 1230.0, 180)"
4519,903,4,XR6_x3_x1,-16664.478018579684,15992.0,452226.6854728565,"(156, 2455, 270)","(156.0, 2455.0, 270)"
4520,904,0,XM4_x3_x1,0.0,0.0,0.0,"(1725, 179, 180)","(1725.0, 112.0, 180)"
4521,904,1,XDL_XM1_XM2_x3_x1,0.0,0.0,0.0,"(1486, 620, 0)","(1486.0, 620.0, 0)"
4522,904,2,XM3_x3_x1,0.0,0.0,0.0,"(667, 274, 0)","(667.0, 274.0, 0)"
4523,904,3,XM6_x3_x1,0.0,0.0,0.0,"(1531, 1459, 0)","(1531.0, 1459.0, 0)"
4524,904,4,XR6_x3_x1,-9966.198262062273,9451.5,264914.3009699236,"(1449, 1572, 0)","(1232.5, 1572.0, 0)"
4525,905,0,XM4_x3_x1,0.0,0.0,0.0,"(917, 1131, 180)","(917.0, 1131.0, 180)"
4526,905,1,XDL_XM1_XM2_x3_x1,0.0,0.0,0.0,"(2012, 929, 90)","(2012.0, 929.0, 90)"
4527,905,2,XM6_x3_x1,0.0,0.0,0.0,"(362, 2414, 270)","(362.0, 2414.0, 270)"
4528,905,3,XR6_x3_x1,0.0,0.0,0.0,"(1462, 953, 180)","(1462.0, 953.0, 180)"
4529,905,4,XM3_x3_x1,-10184.227356948908,9742.0,195565.0352340173,"(771, 651, 180)","(771.0, 651.0, 180)"
4530,906,0,XM6_x3_x1,0.0,0.0,0.0,"(2079, 1410, 270)","(2142.5, 1410.0, 270)"
4531,906,1,XM4_x3_x1,0.0,0.0,0.0,"(1636, 2164, 270)","(1636.0, 2396.5, 270)"
4532,906,2,XR6_x3_x1,0.0,0.0,0.0,"(1662, 1361, 90)","(1662.0, 1361.0, 90)"
4533,906,3,XDL_XM1_XM2_x3_x1,0.0,0.0,0.0,"(1612, 1436, 0)","(1612.0, 1830.0, 0)"
4534,906,4,XM3_x3_x1,-9337.313060769155,8835.5,251816.34795850684,"(1840, 609, 180)","(1840.0, 609.0, 180)"
4535,907,0,XM3_x3_x1,0.0,0.0,0.0,"(1488, 1539, 270)","(1488.0, 1539.0, 270)"
4536,907,1,XM6_x3_x1,0.0,0.0,0.0,"(1456, 2485, 0)","(1456.0, 2485.0, 0)"
4537,907,2,XR6_x3_x1,0.0,0.0,0.0,"(831, 1933, 270)","(831.0, 1933.0, 270)"
4538,907,3,XDL_XM1_XM2_x3_x1,0.0,0.0,0.0,"(1839, 250, 90)","(1839.0, 250.0, 90)"
4539,907,4,XM4_x3_x1,-11515.496188882951,11081.0,188786.93815380917,"(2586, 767, 180)","(2586.0, 767.0, 180)"
4540,908,0,XM4_x3_x1,0.0,0.0,0.0,"(677, 1127, 0)","(677.0, 1127.0, 0)"
4541,908,1,XM3_x3_x1,0.0,0.0,0.0,"(141, 2408, 270)","(88.0, 2408.0, 270)"
4542,908,2,XM6_x3_x1,0.0,0.0,0.0,"(64, 1872, 90)","(64.0, 1872.0, 90)"
4543,908,3,XR6_x3_x1,0.0,0.0,0.0,"(730, 1813, 180)","(730.0, 1813.0, 180)"
4544,908,4,XDL_XM1_XM2_x3_x1,-8421.136052422846,7931.0,240233.34988464974,"(596, 2160, 270)","(596.0, 2366.5, 270)"
4545,909,0,XM6_x3_x1,0.0,0.0,0.0,"(2360, 1697, 0)","(2360.0, 1697.0, 0)"
4546,909,1,XDL_XM1_XM2_x3_x1,0.0,0.0,0.0,"(255, 160, 90)","(255.0, 160.0, 90)"
4547,909,2,XM4_x3_x1,0.0,0.0,0.0,"(2453, 2594, 270)","(2453.0, 2594.0, 270)"
4548,909,3,XR6_x3_x1,0.0,0.0,0.0,"(1139, 964, 180)","(1139.0, 964.0, 180)"
4549,909,4,XM3_x3_x1,-16880.406335387976,16221.0,434816.7151497981,"(23, 1245, 90)","(23.0, 1245.0, 90)"
4550,910,0,XDL_XM1_XM2_x3_x1,0.0,0.0,0.0,"(2170, 187, 90)","(2170.0, 187.0, 90)"
4551,910,1,XM4_x3_x1,0.0,0.0,0.0,"(1287, 115, 90)","(1197.0, 115.0, 90)"
4552,910,2,XM6_x3_x1,0.0,0.0,0.0,"(2054, 754, 180)","(2054.0, 754.0, 180)"
4553,910,3,XR6_x3_x1,0.0,0.0,0.0,"(1437, 298, 180)","(1437.0, 298.0, 180)"
4554,910,4,XM3_x3_x1,-14351.636215307382,13684.0,445738.1159899659,"(1879, 2535, 180)","(1879.0, 2535.0, 180)"
4555,911,0,XDL_XM1_XM2_x3_x1,0.0,0.0,0.0,"(1440, 1222, 270)","(1767.0, 1222.0, 270)"
4556,911,1,XM6_x3_x1,0.0,0.0,0.0,"(1260, 1832, 0)","(1260.0, 1832.0, 0)"
4557,911,2,XR6_x3_x1,0.0,0.0,0.0,"(1298, 1066, 0)","(1298.0, 1066.0, 0)"
4558,911,3,XM4_x3_x1,0.0,0.0,0.0,"(425, 1380, 0)","(425.0, 1380.0, 0)"
4559,911,4,XM3_x3_x1,-11395.817145645557,10843.0,305606.7965197002,"(338, 269, 0)","(338.0, 269.0, 0)"
4560,912,0,XR6_x3_x1,0.0,0.0,0.0,"(1470, 2503, 90)","(1470.0, 2503.0, 90)"
4561,912,1,XDL_XM1_XM2_x3_x1,0.0,0.0,0.0,"(1345, 44, 90)","(1345.0, 44.0, 90)"
4562,912,2,XM6_x3_x1,0.0,0.0,0.0,"(2018, 759, 180)","(2018.0, 740.0, 180)"
4563,912,3,XM4_x3_x1,0.0,0.0,0.0,"(1689, 1019, 0)","(1689.0, 1019.0, 0)"
4564,912,4,XM3_x3_x1,-11315.362355658172,10917.0,158692.56640552706,"(542, 1192, 180)","(542.0, 1192.0, 180)"
4565,913,0,XM3_x3_x1,0.0,0.0,0.0,"(1813, 310, 180)","(1813.0, 310.0, 180)"
4566,913,1,XM4_x3_x1,0.0,0.0,0.0,"(515, 675, 270)","(515.0, 675.0, 270)"
4567,913,2,XM6_x3_x1,0.0,0.0,0.0,"(2047, 2533, 270)","(2047.0, 2533.0, 270)"
4568,913,3,XR6_x3_x1,0.0,0.0,0.0,"(19, 1096, 270)","(19.0, 1096.0, 270)"
4569,913,4,XDL_XM1_XM2_x3_x1,-14899.428998655789,14258.0,411431.1603165685,"(1768, 1840, 90)","(1768.0, 1840.0, 90)"
4570,914,0,XM4_x3_x1,0.0,0.0,0.0,"(1358, 1094, 270)","(1358.0, 1094.0, 270)"
4571,914,1,XDL_XM1_XM2_x3_x1,0.0,0.0,0.0,"(1976, 541, 270)","(1976.0, 541.0, 270)"
4572,914,2,XR6_x3_x1,0.0,0.0,0.0,"(2284, 23, 270)","(2284.0, 23.0, 270)"
4573,914,3,XM6_x3_x1,0.0,0.0,0.0,"(490, 1127, 180)","(490.0, 1127.0, 180)"
4574,914,4,XM3_x3_x1,-14622.965919601702,14086.0,288332.3988137018,"(2196, 2412, 0)","(2196.0, 2412.0, 0)"
4575,915,0,XM3_x3_x1,0.0,0.0,0.0,"(169, 2532, 90)","(169.0, 2532.0, 90)"
4576,915,1,XM6_x3_x1,0.0,0.0,0.0,"(602, 1031, 90)","(602.0, 1031.0, 90)"
4577,915,2,XM4_x3_x1,0.0,0.0,0.0,"(1302, 1820, 0)","(1302.0, 1820.0, 0)"
4578,915,3,XR6_x3_x1,0.0,0.0,0.0,"(2200, 2230, 90)","(2200.0, 2230.0, 90)"
4579,915,4,XDL_XM1_XM2_x3_x1,-12013.36658357276,11480.0,284479.91247207846,"(1180, 2269, 90)","(1180.0, 2269.0, 90)"
4580,916,0,XM3_x3_x1,0.0,0.0,0.0,"(1813, 2416, 0)","(1813.0, 2416.0, 0)"
4581,916,1,XDL_XM1_XM2_x3_x1,0.0,0.0,0.0,"(1708, 2001, 90)","(1708.0, 2001.0, 90)"
4582,916,2,XM4_x3_x1,0.0,0.0,0.0,"(764, 1122, 180)","(764.0, 1122.0, 180)"
4583,916,3,XR6_x3_x1,0.0,0.0,0.0,"(2253, 1376, 180)","(2253.0, 1376.0, 180)"
4584,916,4,XM6_x3_x1,-9725.587816937832,9252.0,224285.4203519407,"(1316, 2288, 180)","(1316.0, 2353.0, 180)"
4585,917,0,XDL_XM1_XM2_x3_x1,0.0,0.0,0.0,"(929, 481, 270)","(929.0, 481.0, 270)"
4586,917,1,XM4_x3_x1,0.0,0.0,0.0,"(2206, 1511, 180)","(2206.0, 1511.0, 180)"
4587,917,2,XM6_x3_x1,0.0,0.0,0.0,"(969, 2379, 90)","(969.0, 2379.0, 90)"
4588,917,3,XR6_x3_x1,0.0,0.0,0.0,"(926, 1509, 90)","(926.0, 1509.0, 90)"
4589,917,4,XM3_x3_x1,-10645.569659155186,10229.0,173530.28092866714,"(1149, 1141, 90)","(1149.0, 1141.0, 90)"
4590,918,0,XM4_x3_x1,0.0,0.0,0.0,"(1029, 513, 180)","(1029.0, 513.0, 180)"
4591,918,1,XM3_x3_x1,0.0,0.0,0.0,"(612, 2012, 270)","(612.0, 2012.0, 270)"
4592,918,2,XDL_XM1_XM2_x3_x1,0.0,0.0,0.0,"(1743, 135, 90)","(1743.0, 135.0, 90)"
4593,918,3,XM6_x3_x1,0.0,0.0,0.0,"(1965, 1644, 180)","(1965.0, 1724.5, 180)"
4594,918,4,XR6_x3_x1,-13001.682985451293,12372.0,396500.66216685233,"(2092, 1244, 0)","(2092.0, 1244.0, 0)"
4595,919,0,XM3_x3_x1,0.0,0.0,0.0,"(1601, 169, 180)","(1601.0, 169.0, 180)"
4596,919,1,XM6_x3_x1,0.0,0.0,0.0,"(1472, 2324, 180)","(1472.0, 2324.0, 180)"
4597,919,2,XM4_x3_x1,0.0,0.0,0.0,"(857, 2205, 270)","(857.0, 2205.0, 270)"
4598,919,3,XDL_XM1_XM2_x3_x1,0.0,0.0,0.0,"(1666, 1837, 90)","(1666.0, 1837.0, 90)"
4599,919,4,XR6_x3_x1,-14755.846594772498,14088.0,446019.07414922153,"(348, 2524, 180)","(348.0, 2524.0, 180)"
4600,920,0,XM3_x3_x1,0.0,0.0,0.0,"(368, 2333, 0)","(368.0, 2333.0, 0)"
4601,920,1,XM6_x3_x1,0.0,0.0,0.0,"(1157, 2431, 90)","(1157.0, 2431.0, 90)"
4602,920,2,XDL_XM1_XM2_x3_x1,0.0,0.0,0.0,"(1075, 1904, 90)","(1075.0, 1904.0, 90)"
4603,920,3,XR6_x3_x1,0.0,0.0,0.0,"(1896, 2358, 270)","(1896.0, 2358.0, 270)"
4604,920,4,XM4_x3_x1,-10609.194883223488,10082.5,277407.5000138049,"(2241, 2327, 90)","(2376.5, 2327.0, 90)"
4605,921,0,XM3_x3_x1,0.0,0.0,0.0,"(434, 2038, 90)","(434.0, 2038.0, 90)"
4606,921,1,XM6_x3_x1,0.0,0.0,0.0,"(1892, 1671, 90)","(1892.0, 1671.0, 90)"
4607,921,2,XDL_XM1_XM2_x3_x1,0.0,0.0,0.0,"(471, 1091, 90)","(471.0, 1091.0, 90)"
4608,921,3,XR6_x3_x1,0.0,0.0,0.0,"(2415, 1956, 0)","(2415.0, 1956.0, 0)"
4609,921,4,XM4_x3_x1,-12181.170863080912,11619.0,316036.0792971377,"(1632, 830, 90)","(1632.0, 830.0, 90)"
4610,922,0,XM6_x3_x1,0.0,0.0,0.0,"(570, 1844, 0)","(570.0, 1844.0, 0)"
4611,922,1,XM4_x3_x1,0.0,0.0,0.0,"(94, 954, 0)","(94.0, 954.0, 0)"
4612,922,2,XDL_XM1_XM2_x3_x1,0.0,0.0,0.0,"(653, 405, 0)","(653.0, 405.0, 0)"
4613,922,3,XR6_x3_x1,0.0,0.0,0.0,"(1933, 2033, 270)","(1933.0, 2033.0, 270)"
4614,922,4,XM3_x3_x1,-12040.771909041023,11583.0,209555.12070706295,"(2114, 1119, 180)","(2114.0, 1119.0, 180)"
4615,923,0,XM6_x3_x1,0.0,0.0,0.0,"(2085, 1325, 180)","(2085.0, 1325.0, 180)"
4616,923,1,XDL_XM1_XM2_x3_x1,0.0,0.0,0.0,"(2186, 1401, 90)","(2186.0, 973.0, 90)"
4617,923,2,XR6_x3_x1,0.0,0.0,0.0,"(1618, 1770, 180)","(1618.0, 1770.0, 180)"
4618,923,3,XM3_x3_x1,0.0,0.0,0.0,"(961, 1628, 180)","(961.0, 1628.0, 180)"
4619,923,4,XM4_x3_x1,-10180.098177904341,9678.0,252102.58025485976,"(771, 2271, 0)","(771.0, 2271.0, 0)"
4620,924,0,XDL_XM1_XM2_x3_x1,0.0,0.0,0.0,"(2321, 817, 90)","(2321.0, 817.0, 90)"
4621,924,1,XR6_x3_x1,0.0,0.0,0.0,"(2219, 2000, 270)","(2219.0, 2000.0, 270)"
4622,924,2,XM6_x3_x1,0.0,0.0,0.0,"(430, 138, 0)","(430.0, 138.0, 0)"
4623,924,3,XM4_x3_x1,0.0,0.0,0.0,"(933, 1354, 90)","(933.0, 1354.0, 90)"
4624,924,4,XM3_x3_x1,-12640.021049489209,12114.0,276698.14450572914,"(1501, 1683, 90)","(1501.0, 1683.0, 90)"
4625,925,0,XR6_x3_x1,0.0,0.0,0.0,"(2125, 450, 180)","(2125.0, 450.0, 180)"
4626,925,1,XM6_x3_x1,0.0,0.0,0.0,"(2368, 116, 90)","(2368.0, 116.0, 90)"
4627,925,2,XM4_x3_x1,0.0,0.0,0.0,"(81, 925, 180)","(81.0, 925.0, 180)"
4628,925,3,XM3_x3_x1,0.0,0.0,0.0,"(2434, 1970, 0)","(2434.0, 1970.0, 0)"
4629,925,4,XDL_XM1_XM2_x3_x1,-15144.314294325184,14510.0,402354.6239852557,"(1669, 507, 180)","(1669.0, 507.0, 180)"
4630,926,0,XM4_x3_x1,0.0,0.0,0.0,"(1428, 2259, 90)","(1428.0, 2259.0, 90)"
4631,926,1,XM6_x3_x1,0.0,0.0,0.0,"(2374, 1200, 270)","(2374.0, 1200.0, 270)"
4632,926,2,XR6_x3_x1,0.0,0.0,0.0,"(998, 1375, 90)","(998.0, 1375.0, 90)"
4633,926,3,XM3_x3_x1,0.0,0.0,0.0,"(1159, 2412, 0)","(1159.0, 2596.5, 0)"
4634,926,4,XDL_XM1_XM2_x3_x1,-11158.045891303456,10670.0,238188.79201818578,"(1233, 930, 90)","(1233.0, 930.0, 90)"
4635,927,0,XM6_x3_x1,0.0,0.0,0.0,"(1039, 1253, 90)","(1039.0, 1253.0, 90)"
4636,927,1,XR6_x3_x1,0.0,0.0,0.0,"(2387, 850, 270)","(2387.0, 850.0, 270)"
4637,927,2,XM3_x3_x1,0.0,0.0,0.0,"(325, 573, 270)","(325.0, 573.0, 270)"
4638,927,3,XM4_x3_x1,0.0,0.0,0.0,"(1159, 1790, 90)","(1159.0, 2185.5, 90)"
4639,927,4,XDL_XM1_XM2_x3_x1,-13396.020574402053,12827.5,323215.6435184413,"(1313, 1619, 0)","(1391.0, 1619.0, 0)"
4640,928,0,XM4_x3_x1,0.0,0.0,0.0,"(1213, 2578, 270)","(1213.0, 2578.0, 270)"
4641,928,1,XDL_XM1_XM2_x3_x1,0.0,0.0,0.0,"(2073, 1590, 90)","(2073.0, 1590.0, 90)"
4642,928,2,XM6_x3_x1,0.0,0.0,0.0,"(697, 506, 0)","(697.0, 506.0, 0)"
4643,928,3,XM3_x3_x1,0.0,0.0,0.0,"(896, 2327, 90)","(896.0, 2327.0, 90)"
4644,928,4,XR6_x3_x1,-11837.666693498119,11308.0,280546.80620122986,"(1944, 2480, 90)","(1944.0, 2480.0, 90)"
4645,929,0,XR6_x3_x1,0.0,0.0,0.0,"(1547, 597, 270)","(1547.0, 597.0, 270)"
4646,929,1,XM3_x3_x1,0.0,0.0,0.0,"(887, 909, 0)","(887.0, 909.0, 0)"
4647,929,2,XM6_x3_x1,0.0,0.0,0.0,"(1950, 2438, 270)","(1950.0, 2438.0, 270)"
4648,929,3,XM4_x3_x1,0.0,0.0,0.0,"(1703, 37, 180)","(1703.0, 37.0, 180)"
4649,929,4,XDL_XM1_XM2_x3_x1,-14265.210654553035,13668.0,356660.56591166515,"(183, 2214, 0)","(183.0, 2214.0, 0)"
4650,930,0,XR6_x3_x1,0.0,0.0,0.0,"(2487, 812, 90)","(2487.0, 812.0, 90)"
4651,930,1,XM6_x3_x1,0.0,0.0,0.0,"(712, 2372, 270)","(712.0, 2372.0, 270)"
4652,930,2,XDL_XM1_XM2_x3_x1,0.0,0.0,0.0,"(1129, 1082, 270)","(1129.0, 1026.5, 270)"
4653,930,3,XM3_x3_x1,0.0,0.0,0.0,"(182, 896, 270)","(182.0, 896.0, 270)"
4654,930,4,XM4_x3_x1,-12031.434346735128,11539.0,242491.58584445325,"(1347, 1437, 270)","(1347.0, 1437.0, 270)"
4655,931,0,XM4_x3_x1,0.0,0.0,0.0,"(1605, 1523, 90)","(1605.0, 1523.0, 90)"
4656,931,1,XM6_x3_x1,0.0,0.0,0.0,"(1149, 2511, 270)","(1149.0, 2759.0, 270)"
4657,931,2,XM3_x3_x1,0.0,0.0,0.0,"(2303, 472, 0)","(2303.0, 472.0, 0)"
4658,931,3,XDL_XM1_XM2_x3_x1,0.0,0.0,0.0,"(405, 1530, 0)","(405.0, 1530.0, 0)"
4659,931,4,XR6_x3_x1,-15234.100332181926,14580.0,427847.2445605052,"(1087, 2220, 0)","(1087.0, 2220.0, 0)"
4660,932,0,XR6_x3_x1,0.0,0.0,0.0,"(1054, 515, 90)","(1054.0, 515.0, 90)"
4661,932,1,XM6_x3_x1,0.0,0.0,0.0,"(535, 2275, 180)","(535.0, 2275.0, 180)"
4662,932,2,XDL_XM1_XM2_x3_x1,0.0,0.0,0.0,"(1825, 1284, 180)","(1825.0, 1284.0, 180)"
4663,932,3,XM3_x3_x1,0.0,0.0,0.0,"(2577, 296, 270)","(2577.0, 296.0, 270)"
4664,932,4,XM4_x3_x1,-15498.099766171274,14839.0,434412.50176702684,"(474, 1746, 0)","(474.0, 1746.0, 0)"
4665,933,0,XR6_x3_x1,0.0,0.0,0.0,"(2125, 1046, 90)","(2125.0, 1046.0, 90)"
4666,933,1,XM3_x3_x1,0.0,0.0,0.0,"(2481, 2520, 0)","(2481.0, 2520.0, 0)"
4667,933,2,XM4_x3_x1,0.0,0.0,0.0,"(1144, 2340, 0)","(1144.0, 2340.0, 0)"
4668,933,3,XM6_x3_x1,0.0,0.0,0.0,"(457, 617, 90)","(457.0, 617.0, 90)"
4669,933,4,XDL_XM1_XM2_x3_x1,-16172.469549171956,15521.0,424412.5734983122,"(795, 16, 0)","(795.0, 16.0, 0)"
4670,934,0,XM3_x3_x1,0.0,0.0,0.0,"(1649, 2396, 270)","(1649.0, 2396.0, 270)"
4671,934,1,XM4_x3_x1,0.0,0.0,0.0,"(2595, 1989, 270)","(2595.0, 1989.0, 270)"
4672,934,2,XDL_XM1_XM2_x3_x1,0.0,0.0,0.0,"(422, 1771, 90)","(422.0, 1737.0, 90)"
4673,934,3,XR6_x3_x1,0.0,0.0,0.0,"(2507, 2547, 180)","(2507.0, 2547.0, 180)"
4674,934,4,XM6_x3_x1,-11498.04614352771,11029.0,220004.2847582171,"(447, 2089, 180)","(447.0, 2089.0, 180)"
4675,935,0,XDL_XM1_XM2_x3_x1,0.0,0.0,0.0,"(169, 2317, 90)","(169.0, 2317.0, 90)"
4676,935,1,XM3_x3_x1,0.0,0.0,0.0,"(395, 1941, 0)","(395.0, 1941.0, 0)"
4677,935,2,XM4_x3_x1,0.0,0.0,0.0,"(217, 1103, 0)","(217.0, 1103.0, 0)"
4678,935,3,XR6_x3_x1,0.0,0.0,0.0,"(70, 329, 90)","(70.0, 329.0, 90)"
4679,935,4,XM6_x3_x1,-12974.195540458139,12467.0,257247.3162606224,"(2081, 374, 180)","(2081.0, 374.0, 180)"
4680,936,0,XM3_x3_x1,0.0,0.0,0.0,"(1242, 29, 90)","(1242.0, 29.0, 90)"
4681,936,1,XM4_x3_x1,0.0,0.0,0.0,"(2341, 1783, 270)","(2341.0, 1783.0, 270)"
4682,936,2,XR6_x3_x1,0.0,0.0,0.0,"(502, 2107, 0)","(502.0, 2107.0, 0)"
4683,936,3,XDL_XM1_XM2_x3_x1,0.0,0.0,0.0,"(2557, 90, 90)","(2557.0, 90.0, 90)"
4684,936,4,XM6_x3_x1,-14397.4161924191,13854.0,295301.1581832717,"(1162, 424, 180)","(1162.0, 424.0, 180)"
4685,937,0,XM3_x3_x1,0.0,0.0,0.0,"(1782, 1162, 90)","(1782.0, 1162.0, 90)"
4686,937,1,XM4_x3_x1,0.0,0.0,0.0,"(1138, 1370, 0)","(1138.0, 1370.0, 0)"
4687,937,2,XDL_XM1_XM2_x3_x1,0.0,0.0,0.0,"(847, 504, 270)","(847.0, 504.0, 270)"
4688,937,3,XR6_x3_x1,0.0,0.0,0.0,"(903, 262, 90)","(903.0, 191.0, 90)"
4689,937,4,XM6_x3_x1,-9766.387186856611,9222.0,296357.4092136542,"(2072, 303, 90)","(2072.0, 303.0, 90)"
4690,938,0,XR6_x3_x1,0.0,0.0,0.0,"(781, 308, 180)","(781.0, 308.0, 180)"
4691,938,1,XM3_x3_x1,0.0,0.0,0.0,"(87, 659, 180)","(87.0, 659.0, 180)"
4692,938,2,XM6_x3_x1,0.0,0.0,0.0,"(64, 139, 180)","(64.0, 139.0, 180)"
4693,938,3,XDL_XM1_XM2_x3_x1,0.0,0.0,0.0,"(2362, 1599, 180)","(2362.0, 1599.0, 180)"
4694,938,4,XM4_x3_x1,-11859.27524638941,11397.0,213698.40342439053,"(1471, 622, 180)","(1471.0, 622.0, 180)"
4695,939,0,XM6_x3_x1,0.0,0.0,0.0,"(81, 2098, 270)","(81.0, 2098.0, 270)"
4696,939,1,XR6_x3_x1,0.0,0.0,0.0,"(1410, 1906, 90)","(1410.0, 1906.0, 90)"
4697,939,2,XDL_XM1_XM2_x3_x1,0.0,0.0,0.0,"(2161, 290, 180)","(2270.5, 290.0, 180)"
4698,939,3,XM4_x3_x1,0.0,0.0,0.0,"(180, 2530, 270)","(180.0, 2530.0, 270)"
4699,939,4,XM3_x3_x1,-15944.370145136472,15278.0,444049.17032920383,"(1860, 521, 180)","(1860.0, 521.0, 180)"
4700,940,0,XM6_x3_x1,0.0,0.0,0.0,"(2301, 1198, 180)","(2301.0, 1198.0, 180)"
4701,940,1,XM3_x3_x1,0.0,0.0,0.0,"(198, 700, 270)","(198.0, 690.5, 270)"
4702,940,2,XDL_XM1_XM2_x3_x1,0.0,0.0,0.0,"(642, 1389, 90)","(591.5, 1389.0, 90)"
4703,940,3,XR6_x3_x1,0.0,0.0,0.0,"(620, 989, 270)","(620.0, 989.0, 270)"
4704,940,4,XM4_x3_x1,-10505.814108050386,10001.0,254837.2836867069,"(1158, 1672, 180)","(1158.0, 1672.0, 180)"
4705,941,0,XDL_XM1_XM2_x3_x1,0.0,0.0,0.0,"(905, 613, 180)","(905.0, 613.0, 180)"
4706,941,1,XM6_x3_x1,0.0,0.0,0.0,"(2312, 1902, 0)","(2312.0, 1902.0, 0)"
4707,941,2,XM3_x3_x1,0.0,0.0,0.0,"(2302, 2552, 0)","(2302.0, 2552.0, 0)"
4708,941,3,XR6_x3_x1,0.0,0.0,0.0,"(1005, 1685, 90)","(1005.0, 1685.0, 90)"
4709,941,4,XM4_x3_x1,-14244.159817987627,13590.5,427271.1576516184,"(2436, 2555, 90)","(2639.5, 2555.0, 90)"
4710,942,0,XM3_x3_x1,0.0,0.0,0.0,"(2220, 1210, 0)","(2220.0, 1210.0, 0)"
4711,942,1,XDL_XM1_XM2_x3_x1,0.0,0.0,0.0,"(882, 1056, 90)","(882.0, 1056.0, 90)"
4712,942,2,XM6_x3_x1,0.0,0.0,0.0,"(586, 2479, 90)","(586.0, 2479.0, 90)"
4713,942,3,XM4_x3_x1,0.0,0.0,0.0,"(579, 1675, 180)","(579.0, 1675.0, 180)"
4714,942,4,XR6_x3_x1,-11241.142698457626,10729.0,262290.14358345955,"(1607, 1996, 270)","(1607.0, 1996.0, 270)"
4715,943,0,XM6_x3_x1,0.0,0.0,0.0,"(1793, 78, 90)","(1793.0, 78.0, 90)"
4716,943,1,XDL_XM1_XM2_x3_x1,0.0,0.0,0.0,"(1913, 2043, 270)","(1913.0, 2043.0, 270)"
4717,943,2,XM4_x3_x1,0.0,0.0,0.0,"(1757, 2168, 270)","(1757.0, 2453.5, 270)"
4718,943,3,XM3_x3_x1,0.0,0.0,0.0,"(1722, 2572, 270)","(1478.0, 2572.0, 270)"
4719,943,4,XR6_x3_x1,-9666.139531488494,9338.0,107675.55212548844,"(1287, 2486, 90)","(997.5, 2486.0, 90)"
4720,944,0,XDL_XM1_XM2_x3_x1,0.0,0.0,0.0,"(2405, 295, 90)","(2405.0, 295.0, 90)"
4721,944,1,XR6_x3_x1,0.0,0.0,0.0,"(1143, 1305, 180)","(1143.0, 1305.0, 180)"
4722,944,2,XM4_x3_x1,0.0,0.0,0.0,"(1511, 1542, 270)","(1511.0, 1542.0, 270)"
4723,944,3,XM3_x3_x1,0.0,0.0,0.0,"(1964, 1328, 180)","(1964.0, 1328.0, 180)"
4724,944,4,XM6_x3_x1,-9071.542765529126,8676.0,156454.07936242977,"(1084, 1176, 0)","(844.5, 1176.0, 0)"
4725,945,0,XM3_x3_x1,0.0,0.0,0.0,"(796, 1475, 0)","(796.0, 1485.0, 0)"
4726,945,1,XM6_x3_x1,0.0,0.0,0.0,"(551, 1569, 270)","(458.5, 1569.0, 270)"
4727,945,2,XM4_x3_x1,0.0,0.0,0.0,"(90, 195, 180)","(90.0, 195.0, 180)"
4728,945,3,XR6_x3_x1,0.0,0.0,0.0,"(1025, 1245, 90)","(1025.0, 1245.0, 90)"
4729,945,4,XDL_XM1_XM2_x3_x1,-7978.114311234424,7597.5,144867.2539164552,"(274, 1436, 270)","(-49.5, 1436.0, 270)"
4730,946,0,XDL_XM1_XM2_x3_x1,0.0,0.0,0.0,"(365, 2122, 90)","(365.0, 2122.0, 90)"
4731,946,1,XR6_x3_x1,0.0,0.0,0.0,"(473, 406, 270)","(473.0, 406.0, 270)"
4732,946,2,XM6_x3_x1,0.0,0.0,0.0,"(23, 1009, 270)","(23.0, 1009.0, 270)"
4733,946,3,XM3_x3_x1,0.0,0.0,0.0,"(60, 2530, 90)","(60.0, 2532.5, 90)"
4734,946,4,XM4_x3_x1,-16466.90390688949,15717.0,562355.8695681175,"(1479, 54, 270)","(1479.0, 54.0, 270)"
4735,947,0,XDL_XM1_XM2_x3_x1,0.0,0.0,0.0,"(438, 974, 0)","(438.0, 974.0, 0)"
4736,947,1,XR6_x3_x1,0.0,0.0,0.0,"(166, 973, 180)","(125.0, 973.0, 180)"
4737,947,2,XM6_x3_x1,0.0,0.0,0.0,"(207, 2158, 270)","(207.0, 2158.0, 270)"
4738,947,3,XM4_x3_x1,0.0,0.0,0.0,"(798, 1797, 90)","(798.0, 1797.0, 90)"
4739,947,4,XM3_x3_x1,-10572.564240930833,10032.0,292209.69857312716,"(403, 51, 270)","(403.0, 51.0, 270)"
4740,948,0,XM3_x3_x1,0.0,0.0,0.0,"(706, 1438, 90)","(706.0, 1438.0, 90)"
4741,948,1,XM6_x3_x1,0.0,0.0,0.0,"(1124, 2537, 180)","(1124.0, 2537.0, 180)"
4742,948,2,XM4_x3_x1,0.0,0.0,0.0,"(1902, 1590, 90)","(1902.0, 1590.0, 90)"
4743,948,3,XR6_x3_x1,0.0,0.0,0.0,"(316, 2284, 180)","(316.0, 2284.0, 180)"
4744,948,4,XDL_XM1_XM2_x3_x1,-10162.555193567658,9774.0,150975.13844839923,"(697, 1007, 180)","(697.0, 871.5, 180)"
4745,949,0,XR6_x3_x1,0.0,0.0,0.0,"(2045, 1546, 90)","(2045.0, 1546.0, 90)"
4746,949,1,XDL_XM1_XM2_x3_x1,0.0,0.0,0.0,"(2353, 1009, 270)","(2353.0, 1009.0, 270)"
4747,949,2,XM6_x3_x1,0.0,0.0,0.0,"(304, 1209, 270)","(304.0, 1209.0, 270)"
4748,949,3,XM3_x3_x1,0.0,0.0,0.0,"(2117, 664, 270)","(2117.0, 598.5, 270)"
4749,949,4,XM4_x3_x1,-14767.645485052859,14126.0,411708.9284887194,"(29, 2203, 90)","(29.0, 2203.0, 90)"
4750,950,0,XM6_x3_x1,0.0,0.0,0.0,"(347, 1087, 0)","(347.0, 1087.0, 0)"
4751,950,1,XM3_x3_x1,0.0,0.0,0.0,"(1232, 1689, 90)","(1232.0, 1689.0, 90)"
4752,950,2,XR6_x3_x1,0.0,0.0,0.0,"(751, 218, 180)","(751.0, 218.0, 180)"
4753,950,3,XM4_x3_x1,0.0,0.0,0.0,"(56, 193, 180)","(56.0, 193.0, 180)"
4754,950,4,XDL_XM1_XM2_x3_x1,-11726.33183696723,11145.0,337946.70467169577,"(880, 1961, 180)","(880.0, 1961.0, 180)"
4755,951,0,XM6_x3_x1,0.0,0.0,0.0,"(1333, 1149, 270)","(1333.0, 1149.0, 270)"
4756,951,1,XM3_x3_x1,0.0,0.0,0.0,"(1848, 1670, 0)","(1848.0, 1670.0, 0)"
4757,951,2,XDL_XM1_XM2_x3_x1,0.0,0.0,0.0,"(2310, 230, 180)","(2310.0, 184.5, 180)"
4758,951,3,XR6_x3_x1,0.0,0.0,0.0,"(271, 676, 270)","(271.0, 676.0, 270)"
4759,951,4,XM4_x3_x1,-11482.933419170637,10988.0,244959.089411938,"(2377, 751, 90)","(2377.0, 751.0, 90)"
4760,952,0,XM3_x3_x1,0.0,0.0,0.0,"(2257, 427, 270)","(2257.0, 427.0, 270)"
4761,952,1,XM4_x3_x1,0.0,0.0,0.0,"(313, 528, 90)","(313.0, 528.0, 90)"
4762,952,2,XM6_x3_x1,0.0,0.0,0.0,"(1904, 432, 270)","(1904.0, 432.0, 270)"
4763,952,3,XDL_XM1_XM2_x3_x1,0.0,0.0,0.0,"(564, 1397, 270)","(564.0, 1397.0, 270)"
4764,952,4,XR6_x3_x1,-13224.467962435496,12574.0,423108.5701549861,"(348, 1010, 90)","(348.0, 1010.0, 90)"
4765,953,0,XDL_XM1_XM2_x3_x1,0.0,0.0,0.0,"(2557, 168, 0)","(2557.0, 168.0, 0)"
4766,953,1,XM3_x3_x1,0.0,0.0,0.0,"(1134, 310, 270)","(1134.0, 310.0, 270)"
4767,953,2,XM6_x3_x1,0.0,0.0,0.0,"(1076, 948, 180)","(1076.0, 948.0, 180)"
4768,953,3,XR6_x3_x1,0.0,0.0,0.0,"(397, 702, 180)","(397.0, 702.0, 180)"
4769,953,4,XM4_x3_x1,-14830.317142026728,14235.0,354402.4995908707,"(269, 2353, 270)","(269.0, 2353.0, 270)"
4770,954,0,XR6_x3_x1,0.0,0.0,0.0,"(2549, 338, 270)","(2549.0, 338.0, 270)"
4771,954,1,XM4_x3_x1,0.0,0.0,0.0,"(2124, 1903, 270)","(2124.0, 1903.0, 270)"
4772,954,2,XM6_x3_x1,0.0,0.0,0.0,"(99, 2110, 0)","(99.0, 2110.0, 0)"
4773,954,3,XDL_XM1_XM2_x3_x1,0.0,0.0,0.0,"(1533, 1, 270)","(1533.0, 1.0, 270)"
4774,954,4,XM3_x3_x1,-15624.711269463434,15013.0,374190.67718856724,"(1538, 1766, 270)","(1538.0, 1766.0, 270)"
4775,955,0,XDL_XM1_XM2_x3_x1,0.0,0.0,0.0,"(1161, 200, 270)","(1161.0, 200.0, 270)"
4776,955,1,XR6_x3_x1,0.0,0.0,0.0,"(1536, 1633, 270)","(1536.0, 1633.0, 270)"
4777,955,2,XM6_x3_x1,0.0,0.0,0.0,"(1645, 914, 270)","(1645.0, 914.0, 270)"
4778,955,3,XM3_x3_x1,0.0,0.0,0.0,"(562, 569, 90)","(562.0, 569.0, 90)"
4779,955,4,XM4_x3_x1,-12089.84603559347,11634.0,207795.608166283,"(2577, 713, 180)","(2577.0, 713.0, 180)"
4780,956,0,XM4_x3_x1,0.0,0.0,0.0,"(1193, 2465, 90)","(1193.0, 2465.0, 90)"
4781,956,1,XR6_x3_x1,0.0,0.0,0.0,"(516, 1860, 180)","(516.0, 1860.0, 180)"
4782,956,2,XM6_x3_x1,0.0,0.0,0.0,"(1717, 2557, 90)","(1717.0, 2557.0, 90)"
4783,956,3,XM3_x3_x1,0.0,0.0,0.0,"(969, 1798, 0)","(969.0, 1798.0, 0)"
4784,956,4,XDL_XM1_XM2_x3_x1,-11386.454399002117,10907.0,229876.52072248093,"(363, 293, 90)","(363.0, 293.0, 90)"
4785,957,0,XR6_x3_x1,0.0,0.0,0.0,"(496, 1448, 90)","(496.0, 1448.0, 90)"
4786,957,1,XM4_x3_x1,0.0,0.0,0.0,"(294, 1452, 270)","(15.5, 1452.0, 270)"
4787,957,2,XM3_x3_x1,0.0,0.0,0.0,"(2354, 30, 180)","(2354.0, 30.0, 180)"
4788,957,3,XM6_x3_x1,0.0,0.0,0.0,"(1389, 1298, 90)","(1389.0, 1298.0, 90)"
4789,957,4,XDL_XM1_XM2_x3_x1,-16103.398725382987,15309.5,630275.1861647319,"(618, 801, 0)","(618.0, 801.0, 0)"
4790,958,0,XM3_x3_x1,0.0,0.0,0.0,"(1433, 2333, 90)","(1433.0, 2333.0, 90)"
4791,958,1,XDL_XM1_XM2_x3_x1,0.0,0.0,0.0,"(229, 306, 0)","(-16.5, 306.0, 0)"
4792,958,2,XR6_x3_x1,0.0,0.0,0.0,"(2136, 1013, 0)","(2136.0, 1013.0, 0)"
4793,958,3,XM4_x3_x1,0.0,0.0,0.0,"(394, 533, 0)","(394.0, 533.0, 0)"
4794,958,4,XM6_x3_x1,-16006.086651078816,15383.0,388236.9747526158,"(2347, 1880, 270)","(2347.0, 1880.0, 270)"
4795,959,0,XM6_x3_x1,0.0,0.0,0.0,"(1872, 1602, 270)","(1872.0, 1602.0, 270)"
4796,959,1,XR6_x3_x1,0.0,0.0,0.0,"(846, 1361, 270)","(846.0, 1340.0, 270)"
4797,959,2,XDL_XM1_XM2_x3_x1,0.0,0.0,0.0,"(2115, 1399, 0)","(2224.0, 1399.0, 0)"
4798,959,3,XM3_x3_x1,0.0,0.0,0.0,"(1236, 1580, 180)","(1236.0, 1580.0, 180)"
4799,959,4,XM4_x3_x1,-8066.677786295335,7627.5,192877.12797527065,"(564, 1399, 270)","(365.5, 1399.0, 270)"
4800,960,0,XM4_x3_x1,0.0,0.0,0.0,"(1624, 309, 180)","(1624.0, 309.0, 180)"
4801,960,1,XM6_x3_x1,0.0,0.0,0.0,"(713, 1014, 90)","(713.0, 1014.0, 90)"
4802,960,2,XDL_XM1_XM2_x3_x1,0.0,0.0,0.0,"(2228, 140, 0)","(2228.0, 140.0, 0)"
4803,960,3,XM3_x3_x1,0.0,0.0,0.0,"(206, 2014, 0)","(206.0, 2014.0, 0)"
4804,960,4,XR6_x3_x1,-15783.577151476919,15164.0,383875.846632252,"(2131, 2107, 180)","(2131.0, 2107.0, 180)"
4805,961,0,XR6_x3_x1,0.0,0.0,0.0,"(1442, 2571, 90)","(1442.0, 2571.0, 90)"
4806,961,1,XM3_x3_x1,0.0,0.0,0.0,"(387, 2228, 270)","(387.0, 2228.0, 270)"
4807,961,2,XM4_x3_x1,0.0,0.0,0.0,"(1902, 1785, 270)","(1902.0, 1785.0, 270)"
4808,961,3,XDL_XM1_XM2_x3_x1,0.0,0.0,0.0,"(1676, 802, 0)","(1676.0, 802.0, 0)"
4809,961,4,XM6_x3_x1,-14077.374907826685,13533.0,296344.04027131223,"(2571, 174, 0)","(2571.0, 174.0, 0)"
4810,962,0,XR6_x3_x1,0.0,0.0,0.0,"(2418, 1416, 90)","(2418.0, 1416.0, 90)"
4811,962,1,XM3_x3_x1,0.0,0.0,0.0,"(2235, 1960, 90)","(2235.0, 1910.5, 90)"
4812,962,2,XM6_x3_x1,0.0,0.0,0.0,"(1396, 2254, 90)","(1396.0, 2254.0, 90)"
4813,962,3,XDL_XM1_XM2_x3_x1,0.0,0.0,0.0,"(1616, 2321, 270)","(1904.0, 2321.0, 270)"
4814,962,4,XM4_x3_x1,-10212.853947902317,9799.5,170861.48624643113,"(96, 2191, 0)","(96.0, 2191.0, 0)"
4815,963,0,XM4_x3_x1,0.0,0.0,0.0,"(2459, 2050, 90)","(2459.0, 2050.0, 90)"
4816,963,1,XM6_x3_x1,0.0,0.0,0.0,"(498, 1918, 270)","(498.0, 1918.0, 270)"
4817,963,2,XDL_XM1_XM2_x3_x1,0.0,0.0,0.0,"(1067, 425, 0)","(1067.0, 425.0, 0)"
4818,963,3,XM3_x3_x1,0.0,0.0,0.0,"(307, 23, 180)","(307.0, 23.0, 180)"
4819,963,4,XR6_x3_x1,-16101.798901827184,15389.0,508082.2744460384,"(2297, 575, 90)","(2297.0, 575.0, 90)"
4820,964,0,XM3_x3_x1,0.0,0.0,0.0,"(1532, 1788, 0)","(1532.0, 1788.0, 0)"
4821,964,1,XDL_XM1_XM2_x3_x1,0.0,0.0,0.0,"(2383, 682, 180)","(2383.0, 682.0, 180)"
4822,964,2,XM4_x3_x1,0.0,0.0,0.0,"(639, 1009, 0)","(639.0, 1009.0, 0)"
4823,964,3,XM6_x3_x1,0.0,0.0,0.0,"(1273, 159, 180)","(1273.0, 159.0, 180)"
4824,964,4,XR6_x3_x1,-10733.797460805798,10270.0,215108.08464990603,"(1509, 1249, 180)","(1509.0, 1249.0, 180)"
4825,965,0,XM3_x3_x1,0.0,0.0,0.0,"(2264, 2388, 90)","(2264.0, 2388.0, 90)"
4826,965,1,XDL_XM1_XM2_x3_x1,0.0,0.0,0.0,"(1974, 1714, 90)","(1974.0, 1714.0, 90)"
4827,965,2,XM6_x3_x1,0.0,0.0,0.0,"(1403, 494, 0)","(1403.0, 494.0, 0)"
4828,965,3,XR6_x3_x1,0.0,0.0,0.0,"(1394, 2302, 0)","(1394.0, 2302.0, 0)"
4829,965,4,XM4_x3_x1,-10545.237799376024,10037.0,258305.6607145829,"(1204, 1333, 0)","(1204.0, 1333.0, 0)"
4830,966,0,XM4_x3_x1,0.0,0.0,0.0,"(1716, 1375, 180)","(1716.0, 1375.0, 180)"
4831,966,1,XM3_x3_x1,0.0,0.0,0.0,"(1119, 1657, 90)","(1007.0, 1657.0, 90)"
4832,966,2,XM6_x3_x1,0.0,0.0,0.0,"(1411, 975, 0)","(1411.0, 975.0, 0)"
4833,966,3,XR6_x3_x1,0.0,0.0,0.0,"(1031, 756, 90)","(1031.0, 735.0, 90)"
4834,966,4,XDL_XM1_XM2_x3_x1,-6824.514246561175,6465.0,129250.4934804496,"(1515, 1493, 90)","(1515.0, 1727.0, 90)"
4835,967,0,XM4_x3_x1,0.0,0.0,0.0,"(885, 2170, 0)","(955.5, 2170.0, 0)"
4836,967,1,XR6_x3_x1,0.0,0.0,0.0,"(824, 924, 270)","(915.0, 924.0, 270)"
4837,967,2,XM6_x3_x1,0.0,0.0,0.0,"(360, 1844, 270)","(193.0, 1844.0, 270)"
4838,967,3,XM3_x3_x1,0.0,0.0,0.0,"(376, 909, 0)","(376.0, 909.0, 0)"
4839,967,4,XDL_XM1_XM2_x3_x1,-8043.319729550443,7603.0,193881.46423137543,"(545, 1791, 0)","(545.0, 1791.0, 0)"
4840,968,0,XM3_x3_x1,0.0,0.0,0.0,"(568, 2142, 270)","(568.0, 2142.0, 270)"
4841,968,1,XR6_x3_x1,0.0,0.0,0.0,"(2562, 855, 0)","(2562.0, 855.0, 0)"
4842,968,2,XDL_XM1_XM2_x3_x1,0.0,0.0,0.0,"(2081, 1196, 180)","(2081.0, 1196.0, 180)"
4843,968,3,XM4_x3_x1,0.0,0.0,0.0,"(2182, 275, 0)","(2182.0, 275.0, 0)"
4844,968,4,XM6_x3_x1,-15714.181571418423,14960.0,568789.8426671607,"(2319, 621, 270)","(2319.0, 621.0, 270)"
4845,969,0,XM4_x3_x1,0.0,0.0,0.0,"(219, 1458, 0)","(219.0, 1458.0, 0)"
4846,969,1,XDL_XM1_XM2_x3_x1,0.0,0.0,0.0,"(30, 990, 270)","(30.0, 990.0, 270)"
4847,969,2,XM6_x3_x1,0.0,0.0,0.0,"(1803, 1682, 0)","(1803.0, 1682.0, 0)"
4848,969,3,XM3_x3_x1,0.0,0.0,0.0,"(2045, 119, 90)","(2045.0, 119.0, 90)"
4849,969,4,XR6_x3_x1,-13997.395624294668,13329.0,446752.7105762586,"(1226, 1623, 90)","(1226.0, 1623.0, 90)"
4850,970,0,XDL_XM1_XM2_x3_x1,0.0,0.0,0.0,"(1375, 2193, 90)","(1375.0, 2193.0, 90)"
4851,970,1,XM6_x3_x1,0.0,0.0,0.0,"(437, 1071, 270)","(437.0, 1071.0, 270)"
4852,970,2,XM3_x3_x1,0.0,0.0,0.0,"(1169, 464, 0)","(1169.0, 393.5, 0)"
4853,970,3,XR6_x3_x1,0.0,0.0,0.0,"(1240, 874, 0)","(1240.0, 874.0, 0)"
4854,970,4,XM4_x3_x1,-10200.119928421513,9755.0,198131.75067797225,"(1896, 1563, 0)","(1896.0, 1563.0, 0)"
4855,971,0,XM3_x3_x1,0.0,0.0,0.0,"(385, 483, 270)","(385.0, 483.0, 270)"
4856,971,1,XM4_x3_x1,0.0,0.0,0.0,"(129, 1678, 0)","(129.0, 1678.0, 0)"
4857,971,2,XR6_x3_x1,0.0,0.0,0.0,"(1036, 139, 90)","(1036.0, 139.0, 90)"
4858,971,3,XM6_x3_x1,0.0,0.0,0.0,"(2467, 2454, 270)","(2467.0, 2454.0, 270)"
4859,971,4,XDL_XM1_XM2_x3_x1,-15391.9044506757,14795.0,356294.9232364595,"(2560, 1353, 90)","(2560.0, 1353.0, 90)"
4860,972,0,XR6_x3_x1,0.0,0.0,0.0,"(1551, 1645, 270)","(1551.0, 1645.0, 270)"
4861,972,1,XM3_x3_x1,0.0,0.0,0.0,"(763, 821, 180)","(763.0, 821.0, 180)"
4862,972,2,XM4_x3_x1,0.0,0.0,0.0,"(1844, 2539, 180)","(1844.0, 2539.0, 180)"
4863,972,3,XDL_XM1_XM2_x3_x1,0.0,0.0,0.0,"(1430, 2297, 0)","(1430.0, 2297.0, 0)"
4864,972,4,XM6_x3_x1,-14533.775880570194,13913.0,385362.693897699,"(204, 45, 0)","(204.0, 45.0, 0)"
4865,973,0,XM4_x3_x1,0.0,0.0,0.0,"(2129, 2118, 90)","(2129.0, 2118.0, 90)"
4866,973,1,XDL_XM1_XM2_x3_x1,0.0,0.0,0.0,"(1814, 2185, 180)","(1777.0, 2185.0, 180)"
4867,973,2,XR6_x3_x1,0.0,0.0,0.0,"(1242, 386, 270)","(1242.0, 240.5, 270)"
4868,973,3,XM3_x3_x1,0.0,0.0,0.0,"(2176, 1615, 0)","(2176.0, 1615.0, 0)"
4869,973,4,XM6_x3_x1,-9993.396279105005,9535.0,210127.14869731345,"(1408, 539, 90)","(1408.0, 539.0, 90)"
4870,974,0,XM3_x3_x1,0.0,0.0,0.0,"(1836, 1337, 90)","(1836.0, 1337.0, 90)"
4871,974,1,XDL_XM1_XM2_x3_x1,0.0,0.0,0.0,"(1498, 2255, 90)","(1498.0, 2255.0, 90)"
4872,974,2,XM6_x3_x1,0.0,0.0,0.0,"(2352, 232, 270)","(2352.0, 232.0, 270)"
4873,974,3,XR6_x3_x1,0.0,0.0,0.0,"(1351, 1248, 270)","(1351.0, 1248.0, 270)"
4874,974,4,XM4_x3_x1,-10648.391750158426,10188.0,211960.56361393776,"(968, 534, 90)","(968.0, 534.0, 90)"
4875,975,0,XM4_x3_x1,0.0,0.0,0.0,"(471, 2150, 270)","(471.0, 2150.0, 270)"
4876,975,1,XM3_x3_x1,0.0,0.0,0.0,"(1164, 594, 90)","(964.0, 594.0, 90)"
4877,975,2,XR6_x3_x1,0.0,0.0,0.0,"(1592, 825, 0)","(1204.0, 825.0, 0)"
4878,975,3,XM6_x3_x1,0.0,0.0,0.0,"(1603, 2374, 90)","(1603.0, 2374.0, 90)"
4879,975,4,XDL_XM1_XM2_x3_x1,-10297.169985527533,9808.0,239287.27474100742,"(1673, 903, 90)","(1673.0, 903.0, 90)"
4880,976,0,XDL_XM1_XM2_x3_x1,0.0,0.0,0.0,"(1977, 421, 180)","(1977.0, 421.0, 180)"
4881,976,1,XM6_x3_x1,0.0,0.0,0.0,"(466, 2141, 90)","(466.0, 2141.0, 90)"
4882,976,2,XM4_x3_x1,0.0,0.0,0.0,"(955, 2121, 90)","(955.0, 2121.0, 90)"
4883,976,3,XR6_x3_x1,0.0,0.0,0.0,"(1908, 1394, 0)","(1908.0, 1394.0, 0)"
4884,976,4,XM3_x3_x1,-10992.870405880189,10508.0,235099.31049841878,"(2164, 1149, 90)","(2164.0, 1149.0, 90)"
4885,977,0,XM6_x3_x1,0.0,0.0,0.0,"(1093, 2348, 180)","(1093.0, 2348.0, 180)"
4886,977,1,XDL_XM1_XM2_x3_x1,0.0,0.0,0.0,"(2562, 1961, 270)","(2562.0, 1961.0, 270)"
4887,977,2,XM3_x3_x1,0.0,0.0,0.0,"(349, 1288, 180)","(349.0, 1288.0, 180)"
4888,977,3,XR6_x3_x1,0.0,0.0,0.0,"(456, 2114, 0)","(456.0, 2114.0, 0)"
4889,977,4,XM4_x3_x1,-13030.013153118181,12491.0,290535.17923440394,"(2100, 673, 180)","(2100.0, 673.0, 180)"
4890,978,0,XM4_x3_x1,0.0,0.0,0.0,"(2006, 1215, 180)","(2006.0, 1215.0, 180)"
4891,978,1,XM3_x3_x1,0.0,0.0,0.0,"(1694, 1638, 90)","(1694.0, 1638.0, 90)"
4892,978,2,XDL_XM1_XM2_x3_x1,0.0,0.0,0.0,"(759, 1124, 90)","(759.0, 1124.0, 90)"
4893,978,3,XR6_x3_x1,0.0,0.0,0.0,"(1858, 2555, 180)","(1858.0, 2555.0, 180)"
4894,978,4,XM6_x3_x1,-10747.238153332815,10320.0,182532.4396632346,"(2581, 2513, 180)","(2581.0, 2513.0, 180)"
4895,979,0,XM6_x3_x1,0.0,0.0,0.0,"(1515, 336, 0)","(1515.0, 336.0, 0)"
4896,979,1,XR6_x3_x1,0.0,0.0,0.0,"(1388, 288, 90)","(1388.0, 96.0, 90)"
4897,979,2,XDL_XM1_XM2_x3_x1,0.0,0.0,0.0,"(2262, 2089, 0)","(2262.0, 2089.0, 0)"
4898,979,3,XM3_x3_x1,0.0,0.0,0.0,"(136, 1589, 270)","(136.0, 1589.0, 270)"
4899,979,4,XM4_x3_x1,-16503.86161520663,15856.5,419077.0608429372,"(2131, 2218, 270)","(2131.0, 2655.5, 270)"
4900,980,0,XM4_x3_x1,0.0,0.0,0.0,"(1916, 1287, 180)","(1916.0, 1287.0, 180)"
4901,980,1,XM3_x3_x1,0.0,0.0,0.0,"(1538, 1688, 90)","(1538.0, 1688.0, 90)"
4902,980,2,XR6_x3_x1,0.0,0.0,0.0,"(181, 386, 270)","(181.0, 386.0, 270)"
4903,980,3,XDL_XM1_XM2_x3_x1,0.0,0.0,0.0,"(562, 1676, 0)","(562.0, 1683.5, 0)"
4904,980,4,XM6_x3_x1,-11184.100616913354,10650.5,284729.61837031215,"(536, 1117, 270)","(536.0, 1117.0, 270)"
4905,981,0,XM3_x3_x1,0.0,0.0,0.0,"(1277, 1025, 270)","(1277.0, 1025.0, 270)"
4906,981,1,XM6_x3_x1,0.0,0.0,0.0,"(1039, 83, 90)","(1039.0, 83.0, 90)"
4907,981,2,XR6_x3_x1,0.0,0.0,0.0,"(518, 2359, 270)","(260.5, 2425.5, 270)"
4908,981,3,XM4_x3_x1,0.0,0.0,0.0,"(875, 2127, 270)","(875.0, 2127.0, 270)"
4909,981,4,XDL_XM1_XM2_x3_x1,-12324.880987697261,11768.0,310116.43445867696,"(970, 2402, 90)","(970.0, 2537.5, 90)"
4910,982,0,XM6_x3_x1,0.0,0.0,0.0,"(617, 1863, 270)","(778.5, 1863.0, 270)"
4911,982,1,XR6_x3_x1,0.0,0.0,0.0,"(323, 1881, 0)","(142.5, 1881.0, 0)"
4912,982,2,XM3_x3_x1,0.0,0.0,0.0,"(441, 1742, 0)","(441.0, 1742.0, 0)"
4913,982,3,XM4_x3_x1,0.0,0.0,0.0,"(979, 61, 180)","(979.0, 61.0, 180)"
4914,982,4,XDL_XM1_XM2_x3_x1,-10264.004799068422,9793.0,221845.5207454833,"(580, 2290, 270)","(611.5, 2290.0, 270)"
4915,983,0,XM3_x3_x1,0.0,0.0,0.0,"(1370, 149, 90)","(1370.0, 149.0, 90)"
4916,983,1,XDL_XM1_XM2_x3_x1,0.0,0.0,0.0,"(2332, 1300, 270)","(2332.0, 1300.0, 270)"
4917,983,2,XM4_x3_x1,0.0,0.0,0.0,"(2400, 2196, 90)","(2400.0, 2196.0, 90)"
4918,983,3,XR6_x3_x1,0.0,0.0,0.0,"(2100, 2299, 180)","(2100.0, 2299.0, 180)"
4919,983,4,XM6_x3_x1,-14387.218737919904,13699.0,473645.03122406633,"(1207, 1668, 0)","(1207.0, 1668.0, 0)"
4920,984,0,XM6_x3_x1,0.0,0.0,0.0,"(2206, 688, 180)","(2206.0, 688.0, 180)"
4921,984,1,XM3_x3_x1,0.0,0.0,0.0,"(1368, 934, 90)","(1368.0, 934.0, 90)"
4922,984,2,XDL_XM1_XM2_x3_x1,0.0,0.0,0.0,"(1430, 2397, 180)","(1430.0, 2397.0, 180)"
4923,984,3,XR6_x3_x1,0.0,0.0,0.0,"(969, 21, 90)","(969.0, 21.0, 90)"
4924,984,4,XM4_x3_x1,-10242.291445626064,9869.0,139346.50337759624,"(1813, 1390, 180)","(1813.0, 1390.0, 180)"
4925,985,0,XM3_x3_x1,0.0,0.0,0.0,"(257, 876, 180)","(257.0, 876.0, 180)"
4926,985,1,XM4_x3_x1,0.0,0.0,0.0,"(1509, 311, 270)","(1509.0, 311.0, 270)"
4927,985,2,XM6_x3_x1,0.0,0.0,0.0,"(716, 1695, 0)","(716.0, 1695.0, 0)"
4928,985,3,XR6_x3_x1,0.0,0.0,0.0,"(566, 2171, 180)","(566.0, 2175.5, 180)"
4929,985,4,XDL_XM1_XM2_x3_x1,-10894.268602409025,10444.0,202741.81431537747,"(830, 640, 90)","(830.0, 640.0, 90)"
4930,986,0,XM4_x3_x1,0.0,0.0,0.0,"(961, 1944, 270)","(961.0, 1944.0, 270)"
4931,986,1,XDL_XM1_XM2_x3_x1,0.0,0.0,0.0,"(575, 302, 180)","(575.0, 302.0, 180)"
4932,986,2,XR6_x3_x1,0.0,0.0,0.0,"(585, 276, 90)","(585.0, -167.0, 90)"
4933,986,3,XM6_x3_x1,0.0,0.0,0.0,"(2556, 568, 270)","(2556.0, 568.0, 270)"
4934,986,4,XM3_x3_x1,-16175.273435210716,15454.0,520235.3683406676,"(2120, 1612, 90)","(2120.0, 1612.0, 90)"
4935,987,0,XR6_x3_x1,0.0,0.0,0.0,"(1837, 1617, 180)","(1837.0, 1617.0, 180)"
4936,987,1,XM4_x3_x1,0.0,0.0,0.0,"(828, 2525, 90)","(828.0, 2525.0, 90)"
4937,987,2,XM3_x3_x1,0.0,0.0,0.0,"(1379, 1881, 90)","(1379.0, 1881.0, 90)"
4938,987,3,XM6_x3_x1,0.0,0.0,0.0,"(1555, 161, 270)","(1555.0, 161.0, 270)"
4939,987,4,XDL_XM1_XM2_x3_x1,-12418.212731512465,11907.0,261338.45686043604,"(600, 27, 0)","(600.0, 27.0, 0)"
4940,988,0,XM4_x3_x1,0.0,0.0,0.0,"(1411, 2176, 90)","(1411.0, 2176.0, 90)"
4941,988,1,XM3_x3_x1,0.0,0.0,0.0,"(2265, 1446, 180)","(2265.0, 1446.0, 180)"
4942,988,2,XR6_x3_x1,0.0,0.0,0.0,"(123, 1406, 90)","(123.0, 1406.0, 90)"
4943,988,3,XDL_XM1_XM2_x3_x1,0.0,0.0,0.0,"(1571, 1419, 0)","(1571.0, 1419.0, 0)"
4944,988,4,XM6_x3_x1,-13813.8794608548,13295.0,269235.8948969674,"(665, 98, 270)","(665.0, 98.0, 270)"
4945,989,0,XDL_XM1_XM2_x3_x1,0.0,0.0,0.0,"(932, 1196, 90)","(932.0, 887.0, 90)"
4946,989,1,XM4_x3_x1,0.0,0.0,0.0,"(588, 2519, 0)","(396.5, 2519.0, 0)"
4947,989,2,XR6_x3_x1,0.0,0.0,0.0,"(2014, 1195, 180)","(2014.0, 1195.0, 180)"
4948,989,3,XM6_x3_x1,0.0,0.0,0.0,"(1006, 1239, 0)","(1006.0, 1239.0, 0)"
4949,989,4,XM3_x3_x1,-11901.510776130002,11367.5,285167.5090229677,"(734, 2538, 90)","(734.0, 2538.0, 90)"
4950,990,0,XM3_x3_x1,0.0,0.0,0.0,"(2169, 713, 270)","(2169.0, 713.0, 270)"
4951,990,1,XR6_x3_x1,0.0,0.0,0.0,"(2180, 647, 90)","(2180.0, 414.5, 90)"
4952,990,2,XM4_x3_x1,0.0,0.0,0.0,"(67, 931, 270)","(67.0, 931.0, 270)"
4953,990,3,XDL_XM1_XM2_x3_x1,0.0,0.0,0.0,"(129, 1355, 270)","(129.0, 1355.0, 270)"
4954,990,4,XM6_x3_x1,-11575.483338768912,11066.0,259573.2724831175,"(1551, 1820, 90)","(1551.0, 1820.0, 90)"
4955,991,0,XM3_x3_x1,0.0,0.0,0.0,"(1505, 681, 90)","(1505.0, 681.0, 90)"
4956,991,1,XM6_x3_x1,0.0,0.0,0.0,"(1624, 485, 90)","(1784.0, 485.0, 90)"
4957,991,2,XR6_x3_x1,0.0,0.0,0.0,"(1062, 1844, 270)","(1062.0, 2028.5, 270)"
4958,991,3,XDL_XM1_XM2_x3_x1,0.0,0.0,0.0,"(946, 957, 0)","(946.0, 957.0, 0)"
4959,991,4,XM4_x3_x1,-9135.029068586557,8643.0,242092.60433415498,"(1202, 1730, 90)","(1202.0, 1730.0, 90)"
4960,992,0,XM4_x3_x1,0.0,0.0,0.0,"(1734, 688, 180)","(1734.0, 688.0, 180)"
4961,992,1,XM6_x3_x1,0.0,0.0,0.0,"(943, 1450, 270)","(948.0, 1450.0, 270)"
4962,992,2,XM3_x3_x1,0.0,0.0,0.0,"(203, 549, 90)","(203.0, 549.0, 90)"
4963,992,3,XR6_x3_x1,0.0,0.0,0.0,"(248, 1619, 90)","(248.0, 1619.0, 90)"
4964,992,4,XDL_XM1_XM2_x3_x1,-9388.077037379499,8974.0,171459.79288498277,"(596, 960, 180)","(596.0, 960.0, 180)"
4965,993,0,XDL_XM1_XM2_x3_x1,0.0,0.0,0.0,"(2192, 2176, 0)","(2192.0, 2176.0, 0)"
4966,993,1,XM6_x3_x1,0.0,0.0,0.0,"(685, 2419, 90)","(685.0, 2419.0, 90)"
4967,993,2,XR6_x3_x1,0.0,0.0,0.0,"(357, 2378, 270)","(204.5, 2378.0, 270)"
4968,993,3,XM4_x3_x1,0.0,0.0,0.0,"(1371, 1720, 90)","(1371.0, 1720.0, 90)"
4969,993,4,XM3_x3_x1,-9384.990812097361,8986.0,159193.66813811235,"(897, 1480, 90)","(897.0, 1480.0, 90)"
4970,994,0,XM6_x3_x1,0.0,0.0,0.0,"(1359, 2239, 90)","(1359.0, 2239.0, 90)"
4971,994,1,XR6_x3_x1,0.0,0.0,0.0,"(229, 1739, 270)","(229.0, 1739.0, 270)"
4972,994,2,XM4_x3_x1,0.0,0.0,0.0,"(1244, 2428, 180)","(1244.0, 2576.5, 180)"
4973,994,3,XDL_XM1_XM2_x3_x1,0.0,0.0,0.0,"(2069, 1849, 0)","(2069.0, 1849.0, 0)"
4974,994,4,XM3_x3_x1,-14061.539730036386,13447.5,377044.7900631565,"(2157, 600, 90)","(2157.0, 600.0, 90)"
4975,995,0,XM6_x3_x1,0.0,0.0,0.0,"(471, 812, 270)","(471.0, 812.0, 270)"
4976,995,1,XM4_x3_x1,0.0,0.0,0.0,"(1062, 892, 0)","(1062.0, 892.0, 0)"
4977,995,2,XDL_XM1_XM2_x3_x1,0.0,0.0,0.0,"(2273, 2324, 270)","(2273.0, 2324.0, 270)"
4978,995,3,XM3_x3_x1,0.0,0.0,0.0,"(906, 2543, 270)","(906.0, 2543.0, 270)"
4979,995,4,XR6_x3_x1,-17110.249051753803,16371.0,546489.160518894,"(2567, 110, 270)","(2567.0, 110.0, 270)"
4980,996,0,XR6_x3_x1,0.0,0.0,0.0,"(2517, 759, 180)","(2517.0, 759.0, 180)"
4981,996,1,XM6_x3_x1,0.0,0.0,0.0,"(2425, 497, 270)","(2425.0, 220.0, 270)"
4982,996,2,XM4_x3_x1,0.0,0.0,0.0,"(1732, 1484, 180)","(1732.0, 1484.0, 180)"
4983,996,3,XM3_x3_x1,0.0,0.0,0.0,"(1843, 669, 180)","(1843.0, 669.0, 180)"
4984,996,4,XDL_XM1_XM2_x3_x1,-10952.690335419078,10551.0,161355.12556909103,"(418, 1952, 270)","(418.0, 1952.0, 270)"
4985,997,0,XR6_x3_x1,0.0,0.0,0.0,"(2204, 1995, 0)","(2212.0, 1995.0, 0)"
4986,997,1,XM4_x3_x1,0.0,0.0,0.0,"(1646, 422, 270)","(1646.0, 422.0, 270)"
4987,997,2,XM6_x3_x1,0.0,0.0,0.0,"(1972, 1930, 90)","(1972.0, 1930.0, 90)"
4988,997,3,XM3_x3_x1,0.0,0.0,0.0,"(326, 819, 180)","(326.0, 819.0, 180)"
4989,997,4,XDL_XM1_XM2_x3_x1,-15991.38721832991,15271.0,518957.74433310446,"(2565, 2045, 90)","(2681.0, 2045.0, 90)"
4990,998,0,XM3_x3_x1,0.0,0.0,0.0,"(167, 1514, 270)","(167.0, 1514.0, 270)"
4991,998,1,XR6_x3_x1,0.0,0.0,0.0,"(1457, 146, 180)","(1973.0, 146.0, 180)"
4992,998,2,XM6_x3_x1,0.0,0.0,0.0,"(561, 1485, 90)","(561.0, 1485.0, 90)"
4993,998,3,XM4_x3_x1,0.0,0.0,0.0,"(2303, 2332, 180)","(2303.0, 2332.0, 180)"
4994,998,4,XDL_XM1_XM2_x3_x1,-18036.600724862605,17235.0,642563.7221002511,"(1504, 180, 270)","(1504.0, 180.0, 270)"
4995,999,0,XM4_x3_x1,0.0,0.0,0.0,"(2352, 1806, 90)","(2352.0, 1806.0, 90)"
4996,999,1,XM6_x3_x1,0.0,0.0,0.0,"(2112, 580, 0)","(2112.0, 331.0, 0)"
4997,999,2,XR6_x3_x1,0.0,0.0,0.0,"(2485, 87, 180)","(2485.0, 87.0, 180)"
4998,999,3,XDL_XM1_XM2_x3_x1,0.0,0.0,0.0,"(2090, 683, 270)","(2090.0, 683.0, 270)"
4999,999,4,XM3_x3_x1,-14955.923068356025,14260.0,484308.91707006574,"(458, 1303, 90)","(458.0, 1303.0, 90)"
