,n_placement,n_step,placed_dev,reward,HPWL,congestion,action,legalized_action
0,0,0,XRSTR_1,0.0,0.0,0.0,"(4865, 1672, 0)","(5398.0, -515.0, 0)"
1,0,1,x1,0.0,0.0,0.0,"(4865, 1672, 0)","(6915.5, 1672.0, 0)"
2,0,2,XRSTR_2,-28145.813989399154,27215.0,866414.682861168,"(4865, 1672, 0)","(4865.0, 1672.0, 0)"
3,1,0,x1,0.0,0.0,0.0,"(4865, 1672, 0)","(7448.5, 1672.0, 0)"
4,1,1,XRSTR_2,0.0,0.0,0.0,"(4865, 1672, 0)","(5398.0, 1672.0, 0)"
5,1,2,XRSTR_1,-27920.318113647743,26886.0,1069813.9602198259,"(4865, 1672, 0)","(4865.0, 1672.0, 0)"
6,2,0,XRSTR_2,0.0,0.0,0.0,"(4865, 1672, 0)","(5398.0, -515.0, 0)"
7,2,1,x1,0.0,0.0,0.0,"(4865, 1672, 0)","(6915.5, 1672.0, 0)"
8,2,2,XRSTR_1,-28788.25768954107,27814.0,949178.0456299058,"(4865, 1672, 0)","(4865.0, 1672.0, 0)"
9,3,0,x1,0.0,0.0,0.0,"(4865, 1672, 0)","(7448.5, 1672.0, 0)"
10,3,1,XRSTR_2,0.0,0.0,0.0,"(4865, 1672, 0)","(5398.0, 1672.0, 0)"
11,3,2,XRSTR_1,-27920.318113647743,26886.0,1069813.9602198259,"(4865, 1672, 0)","(4865.0, 1672.0, 0)"
12,4,0,XRSTR_1,0.0,0.0,0.0,"(4865, 1672, 0)","(5398.0, -515.0, 0)"
13,4,1,x1,0.0,0.0,0.0,"(4865, 1672, 0)","(6915.5, 1672.0, 0)"
14,4,2,XRSTR_2,-28145.813989399154,27215.0,866414.682861168,"(4865, 1672, 0)","(4865.0, 1672.0, 0)"
15,5,0,XRSTR_1,0.0,0.0,0.0,"(4865, 1672, 0)","(5398.0, -515.0, 0)"
16,5,1,x1,0.0,0.0,0.0,"(4865, 1672, 0)","(6915.5, 1672.0, 0)"
17,5,2,XRSTR_2,-28145.813989399154,27215.0,866414.682861168,"(4865, 1672, 0)","(4865.0, 1672.0, 0)"
18,6,0,x1,0.0,0.0,0.0,"(4865, 1672, 0)","(7448.5, 1672.0, 0)"
19,6,1,XRSTR_2,0.0,0.0,0.0,"(4865, 1672, 0)","(5398.0, 1672.0, 0)"
20,6,2,XRSTR_1,-27920.318113647743,26886.0,1069813.9602198259,"(4865, 1672, 0)","(4865.0, 1672.0, 0)"
21,7,0,x1,0.0,0.0,0.0,"(4865, 1672, 0)","(7448.5, 1672.0, 0)"
22,7,1,XRSTR_2,0.0,0.0,0.0,"(4865, 1672, 0)","(5398.0, 1672.0, 0)"
23,7,2,XRSTR_1,-27920.318113647743,26886.0,1069813.9602198259,"(4865, 1672, 0)","(4865.0, 1672.0, 0)"
24,8,0,x1,0.0,0.0,0.0,"(4865, 1672, 0)","(7448.5, 1672.0, 0)"
25,8,1,XRSTR_2,0.0,0.0,0.0,"(4865, 1672, 0)","(5398.0, 1672.0, 0)"
26,8,2,XRSTR_1,-27920.318113647743,26886.0,1069813.9602198259,"(4865, 1672, 0)","(4865.0, 1672.0, 0)"
27,9,0,x1,0.0,0.0,0.0,"(4865, 1672, 0)","(7448.5, 1672.0, 0)"
28,9,1,XRSTR_2,0.0,0.0,0.0,"(4865, 1672, 0)","(5398.0, 1672.0, 0)"
29,9,2,XRSTR_1,-27920.318113647743,26886.0,1069813.9602198259,"(4865, 1672, 0)","(4865.0, 1672.0, 0)"
30,10,0,x1,0.0,0.0,0.0,"(4865, 1672, 0)","(7448.5, 1672.0, 0)"
31,10,1,XRSTR_1,0.0,0.0,0.0,"(4865, 1672, 0)","(5398.0, 1672.0, 0)"
32,10,2,XRSTR_2,-27919.207354783273,26886.0,1067517.43797825,"(4865, 1672, 0)","(4865.0, 1672.0, 0)"
33,11,0,XRSTR_1,0.0,0.0,0.0,"(4865, 1672, 0)","(7448.5, 1672.0, 0)"
34,11,1,XRSTR_2,0.0,0.0,0.0,"(4865, 1672, 0)","(6915.5, 1672.0, 0)"
35,11,2,x1,-30047.0798293587,28985.0,1128013.563930605,"(4865, 1672, 0)","(4865.0, 1672.0, 0)"
36,12,0,XRSTR_2,0.0,0.0,0.0,"(4865, 1672, 0)","(5398.0, -515.0, 0)"
37,12,1,x1,0.0,0.0,0.0,"(4865, 1672, 0)","(6915.5, 1672.0, 0)"
38,12,2,XRSTR_1,-28788.25768954107,27814.0,949178.0456299058,"(4865, 1672, 0)","(4865.0, 1672.0, 0)"
39,13,0,XRSTR_1,0.0,0.0,0.0,"(4865, 1672, 0)","(5398.0, -515.0, 0)"
40,13,1,x1,0.0,0.0,0.0,"(4865, 1672, 0)","(6915.5, 1672.0, 0)"
41,13,2,XRSTR_2,-28145.813989399154,27215.0,866414.682861168,"(4865, 1672, 0)","(4865.0, 1672.0, 0)"
42,14,0,XRSTR_2,0.0,0.0,0.0,"(4865, 1672, 0)","(5398.0, -515.0, 0)"
43,14,1,x1,0.0,0.0,0.0,"(4865, 1672, 0)","(6915.5, 1672.0, 0)"
44,14,2,XRSTR_1,-28788.25768954107,27814.0,949178.0456299058,"(4865, 1672, 0)","(4865.0, 1672.0, 0)"
45,15,0,x1,0.0,0.0,0.0,"(4865, 1672, 0)","(7448.5, 1672.0, 0)"
46,15,1,XRSTR_2,0.0,0.0,0.0,"(4865, 1672, 0)","(5398.0, 1672.0, 0)"
47,15,2,XRSTR_1,-27920.318113647743,26886.0,1069813.9602198259,"(4865, 1672, 0)","(4865.0, 1672.0, 0)"
48,16,0,XRSTR_1,0.0,0.0,0.0,"(4865, 1672, 0)","(5398.0, -515.0, 0)"
49,16,1,x1,0.0,0.0,0.0,"(4865, 1672, 0)","(6915.5, 1672.0, 0)"
50,16,2,XRSTR_2,-28145.813989399154,27215.0,866414.682861168,"(4865, 1672, 0)","(4865.0, 1672.0, 0)"
51,17,0,XRSTR_1,0.0,0.0,0.0,"(4865, 1672, 0)","(5398.0, -515.0, 0)"
52,17,1,x1,0.0,0.0,0.0,"(4865, 1672, 0)","(6915.5, 1672.0, 0)"
53,17,2,XRSTR_2,-28145.813989399154,27215.0,866414.682861168,"(4865, 1672, 0)","(4865.0, 1672.0, 0)"
54,18,0,x1,0.0,0.0,0.0,"(4865, 1672, 0)","(7448.5, 1672.0, 0)"
55,18,1,XRSTR_2,0.0,0.0,0.0,"(4865, 1672, 0)","(5398.0, 1672.0, 0)"
56,18,2,XRSTR_1,-27920.318113647743,26886.0,1069813.9602198259,"(4865, 1672, 0)","(4865.0, 1672.0, 0)"
57,19,0,XRSTR_1,0.0,0.0,0.0,"(4865, 1672, 0)","(5398.0, -515.0, 0)"
58,19,1,x1,0.0,0.0,0.0,"(4865, 1672, 0)","(6915.5, 1672.0, 0)"
59,19,2,XRSTR_2,-28145.813989399154,27215.0,866414.682861168,"(4865, 1672, 0)","(4865.0, 1672.0, 0)"
60,20,0,XRSTR_1,0.0,0.0,0.0,"(4865, 1672, 0)","(5398.0, -515.0, 0)"
61,20,1,x1,0.0,0.0,0.0,"(4865, 1672, 0)","(6915.5, 1672.0, 0)"
62,20,2,XRSTR_2,-28145.813989399154,27215.0,866414.682861168,"(4865, 1672, 0)","(4865.0, 1672.0, 0)"
63,21,0,XRSTR_1,0.0,0.0,0.0,"(4865, 1672, 0)","(5398.0, -515.0, 0)"
64,21,1,x1,0.0,0.0,0.0,"(4865, 1672, 0)","(6915.5, 1672.0, 0)"
65,21,2,XRSTR_2,-28145.813989399154,27215.0,866414.682861168,"(4865, 1672, 0)","(4865.0, 1672.0, 0)"
66,22,0,XRSTR_2,0.0,0.0,0.0,"(4865, 1672, 0)","(7448.5, 1672.0, 0)"
67,22,1,XRSTR_1,0.0,0.0,0.0,"(4865, 1672, 0)","(6915.5, 1672.0, 0)"
68,22,2,x1,-30046.315914052546,28985.0,1126391.4694211932,"(4865, 1672, 0)","(4865.0, 1672.0, 0)"
69,23,0,XRSTR_2,0.0,0.0,0.0,"(4865, 1672, 0)","(5398.0, -515.0, 0)"
70,23,1,x1,0.0,0.0,0.0,"(4865, 1672, 0)","(6915.5, 1672.0, 0)"
71,23,2,XRSTR_1,-28788.25768954107,27814.0,949178.0456299058,"(4865, 1672, 0)","(4865.0, 1672.0, 0)"
72,24,0,XRSTR_2,0.0,0.0,0.0,"(4865, 1672, 0)","(7448.5, 1672.0, 0)"
73,24,1,XRSTR_1,0.0,0.0,0.0,"(4865, 1672, 0)","(6915.5, 1672.0, 0)"
74,24,2,x1,-30046.315914052546,28985.0,1126391.4694211932,"(4865, 1672, 0)","(4865.0, 1672.0, 0)"
75,25,0,XRSTR_2,0.0,0.0,0.0,"(4865, 1672, 0)","(5398.0, -515.0, 0)"
76,25,1,x1,0.0,0.0,0.0,"(4865, 1672, 0)","(6915.5, 1672.0, 0)"
77,25,2,XRSTR_1,-28788.25768954107,27814.0,949178.0456299058,"(4865, 1672, 0)","(4865.0, 1672.0, 0)"
78,26,0,x1,0.0,0.0,0.0,"(4865, 1672, 0)","(7448.5, 1672.0, 0)"
79,26,1,XRSTR_1,0.0,0.0,0.0,"(4865, 1672, 0)","(5398.0, 1672.0, 0)"
80,26,2,XRSTR_2,-27919.207354783273,26886.0,1067517.43797825,"(4865, 1672, 0)","(4865.0, 1672.0, 0)"
81,27,0,XRSTR_2,0.0,0.0,0.0,"(4865, 1672, 0)","(7448.5, 1672.0, 0)"
82,27,1,XRSTR_1,0.0,0.0,0.0,"(4865, 1672, 0)","(6915.5, 1672.0, 0)"
83,27,2,x1,-30046.315914052546,28985.0,1126391.4694211932,"(4865, 1672, 0)","(4865.0, 1672.0, 0)"
84,28,0,XRSTR_1,0.0,0.0,0.0,"(4865, 1672, 0)","(7448.5, 1672.0, 0)"
85,28,1,XRSTR_2,0.0,0.0,0.0,"(4865, 1672, 0)","(6915.5, 1672.0, 0)"
86,28,2,x1,-30047.0798293587,28985.0,1128013.563930605,"(4865, 1672, 0)","(4865.0, 1672.0, 0)"
87,29,0,XRSTR_2,0.0,0.0,0.0,"(4865, 1672, 0)","(5398.0, -515.0, 0)"
88,29,1,x1,0.0,0.0,0.0,"(4865, 1672, 0)","(6915.5, 1672.0, 0)"
89,29,2,XRSTR_1,-28788.25768954107,27814.0,949178.0456299058,"(4865, 1672, 0)","(4865.0, 1672.0, 0)"
90,30,0,x1,0.0,0.0,0.0,"(4865, 1672, 0)","(7448.5, 1672.0, 0)"
91,30,1,XRSTR_1,0.0,0.0,0.0,"(4865, 1672, 0)","(5398.0, 1672.0, 0)"
92,30,2,XRSTR_2,-27919.207354783273,26886.0,1067517.43797825,"(4865, 1672, 0)","(4865.0, 1672.0, 0)"
93,31,0,x1,0.0,0.0,0.0,"(4865, 1672, 0)","(7448.5, 1672.0, 0)"
94,31,1,XRSTR_2,0.0,0.0,0.0,"(4865, 1672, 0)","(5398.0, 1672.0, 0)"
95,31,2,XRSTR_1,-27920.318113647743,26886.0,1069813.9602198259,"(4865, 1672, 0)","(4865.0, 1672.0, 0)"
96,32,0,x1,0.0,0.0,0.0,"(4865, 1672, 0)","(7448.5, 1672.0, 0)"
97,32,1,XRSTR_2,0.0,0.0,0.0,"(4865, 1672, 0)","(5398.0, 1672.0, 0)"
98,32,2,XRSTR_1,-27920.318113647743,26886.0,1069813.9602198259,"(4865, 1672, 0)","(4865.0, 1672.0, 0)"
99,33,0,XRSTR_1,0.0,0.0,0.0,"(4865, 1672, 0)","(7448.5, 1672.0, 0)"
100,33,1,XRSTR_2,0.0,0.0,0.0,"(4865, 1672, 0)","(6915.5, 1672.0, 0)"
101,33,2,x1,-30047.0798293587,28985.0,1128013.563930605,"(4865, 1672, 0)","(4865.0, 1672.0, 0)"
102,34,0,XRSTR_1,0.0,0.0,0.0,"(4865, 1672, 0)","(5398.0, -515.0, 0)"
103,34,1,x1,0.0,0.0,0.0,"(4865, 1672, 0)","(6915.5, 1672.0, 0)"
104,34,2,XRSTR_2,-28145.813989399154,27215.0,866414.682861168,"(4865, 1672, 0)","(4865.0, 1672.0, 0)"
105,35,0,XRSTR_2,0.0,0.0,0.0,"(4865, 1672, 0)","(7448.5, 1672.0, 0)"
106,35,1,XRSTR_1,0.0,0.0,0.0,"(4865, 1672, 0)","(6915.5, 1672.0, 0)"
107,35,2,x1,-30046.315914052546,28985.0,1126391.4694211932,"(4865, 1672, 0)","(4865.0, 1672.0, 0)"
108,36,0,XRSTR_1,0.0,0.0,0.0,"(4865, 1672, 0)","(5398.0, -515.0, 0)"
109,36,1,x1,0.0,0.0,0.0,"(4865, 1672, 0)","(6915.5, 1672.0, 0)"
110,36,2,XRSTR_2,-28145.813989399154,27215.0,866414.682861168,"(4865, 1672, 0)","(4865.0, 1672.0, 0)"
111,37,0,XRSTR_2,0.0,0.0,0.0,"(4865, 1672, 0)","(5398.0, -515.0, 0)"
112,37,1,x1,0.0,0.0,0.0,"(4865, 1672, 0)","(6915.5, 1672.0, 0)"
113,37,2,XRSTR_1,-28788.25768954107,27814.0,949178.0456299058,"(4865, 1672, 0)","(4865.0, 1672.0, 0)"
114,38,0,XRSTR_1,0.0,0.0,0.0,"(4865, 1672, 0)","(7448.5, 1672.0, 0)"
115,38,1,XRSTR_2,0.0,0.0,0.0,"(4865, 1672, 0)","(6915.5, 1672.0, 0)"
116,38,2,x1,-30047.0798293587,28985.0,1128013.563930605,"(4865, 1672, 0)","(4865.0, 1672.0, 0)"
117,39,0,XRSTR_1,0.0,0.0,0.0,"(4865, 1672, 0)","(5398.0, -515.0, 0)"
118,39,1,x1,0.0,0.0,0.0,"(4865, 1672, 0)","(6915.5, 1672.0, 0)"
119,39,2,XRSTR_2,-28145.813989399154,27215.0,866414.682861168,"(4865, 1672, 0)","(4865.0, 1672.0, 0)"
120,40,0,XRSTR_2,0.0,0.0,0.0,"(4865, 1672, 0)","(5398.0, -515.0, 0)"
121,40,1,x1,0.0,0.0,0.0,"(4865, 1672, 0)","(6915.5, 1672.0, 0)"
122,40,2,XRSTR_1,-28788.25768954107,27814.0,949178.0456299058,"(4865, 1672, 0)","(4865.0, 1672.0, 0)"
123,41,0,XRSTR_1,0.0,0.0,0.0,"(4865, 1672, 0)","(7448.5, 1672.0, 0)"
124,41,1,XRSTR_2,0.0,0.0,0.0,"(4865, 1672, 0)","(6915.5, 1672.0, 0)"
125,41,2,x1,-30047.0798293587,28985.0,1128013.563930605,"(4865, 1672, 0)","(4865.0, 1672.0, 0)"
126,42,0,XRSTR_2,0.0,0.0,0.0,"(4865, 1672, 0)","(7448.5, 1672.0, 0)"
127,42,1,XRSTR_1,0.0,0.0,0.0,"(4865, 1672, 0)","(6915.5, 1672.0, 0)"
128,42,2,x1,-30046.315914052546,28985.0,1126391.4694211932,"(4865, 1672, 0)","(4865.0, 1672.0, 0)"
129,43,0,XRSTR_1,0.0,0.0,0.0,"(4865, 1672, 0)","(7448.5, 1672.0, 0)"
130,43,1,XRSTR_2,0.0,0.0,0.0,"(4865, 1672, 0)","(6915.5, 1672.0, 0)"
131,43,2,x1,-30047.0798293587,28985.0,1128013.563930605,"(4865, 1672, 0)","(4865.0, 1672.0, 0)"
132,44,0,XRSTR_2,0.0,0.0,0.0,"(4865, 1672, 0)","(5398.0, -515.0, 0)"
133,44,1,x1,0.0,0.0,0.0,"(4865, 1672, 0)","(6915.5, 1672.0, 0)"
134,44,2,XRSTR_1,-28788.25768954107,27814.0,949178.0456299058,"(4865, 1672, 0)","(4865.0, 1672.0, 0)"
135,45,0,x1,0.0,0.0,0.0,"(4865, 1672, 0)","(7448.5, 1672.0, 0)"
136,45,1,XRSTR_1,0.0,0.0,0.0,"(4865, 1672, 0)","(5398.0, 1672.0, 0)"
137,45,2,XRSTR_2,-27919.207354783273,26886.0,1067517.43797825,"(4865, 1672, 0)","(4865.0, 1672.0, 0)"
138,46,0,x1,0.0,0.0,0.0,"(4865, 1672, 0)","(7448.5, 1672.0, 0)"
139,46,1,XRSTR_2,0.0,0.0,0.0,"(4865, 1672, 0)","(5398.0, 1672.0, 0)"
140,46,2,XRSTR_1,-27920.318113647743,26886.0,1069813.9602198259,"(4865, 1672, 0)","(4865.0, 1672.0, 0)"
141,47,0,x1,0.0,0.0,0.0,"(4865, 1672, 0)","(7448.5, 1672.0, 0)"
142,47,1,XRSTR_1,0.0,0.0,0.0,"(4865, 1672, 0)","(5398.0, 1672.0, 0)"
143,47,2,XRSTR_2,-27919.207354783273,26886.0,1067517.43797825,"(4865, 1672, 0)","(4865.0, 1672.0, 0)"
144,48,0,XRSTR_1,0.0,0.0,0.0,"(4865, 1672, 0)","(5398.0, -515.0, 0)"
145,48,1,x1,0.0,0.0,0.0,"(4865, 1672, 0)","(6915.5, 1672.0, 0)"
146,48,2,XRSTR_2,-28145.813989399154,27215.0,866414.682861168,"(4865, 1672, 0)","(4865.0, 1672.0, 0)"
147,49,0,XRSTR_2,0.0,0.0,0.0,"(4865, 1672, 0)","(5398.0, -515.0, 0)"
148,49,1,x1,0.0,0.0,0.0,"(4865, 1672, 0)","(6915.5, 1672.0, 0)"
149,49,2,XRSTR_1,-28788.25768954107,27814.0,949178.0456299058,"(4865, 1672, 0)","(4865.0, 1672.0, 0)"
150,50,0,XRSTR_1,0.0,0.0,0.0,"(4865, 1672, 0)","(5398.0, -515.0, 0)"
151,50,1,x1,0.0,0.0,0.0,"(4865, 1672, 0)","(6915.5, 1672.0, 0)"
152,50,2,XRSTR_2,-28145.813989399154,27215.0,866414.682861168,"(4865, 1672, 0)","(4865.0, 1672.0, 0)"
153,51,0,XRSTR_1,0.0,0.0,0.0,"(4865, 1672, 0)","(5398.0, -515.0, 0)"
154,51,1,x1,0.0,0.0,0.0,"(4865, 1672, 0)","(6915.5, 1672.0, 0)"
155,51,2,XRSTR_2,-28145.813989399154,27215.0,866414.682861168,"(4865, 1672, 0)","(4865.0, 1672.0, 0)"
156,52,0,XRSTR_2,0.0,0.0,0.0,"(4865, 1672, 0)","(7448.5, 1672.0, 0)"
157,52,1,XRSTR_1,0.0,0.0,0.0,"(4865, 1672, 0)","(6915.5, 1672.0, 0)"
158,52,2,x1,-30046.315914052546,28985.0,1126391.4694211932,"(4865, 1672, 0)","(4865.0, 1672.0, 0)"
159,53,0,XRSTR_1,0.0,0.0,0.0,"(4865, 1672, 0)","(7448.5, 1672.0, 0)"
160,53,1,XRSTR_2,0.0,0.0,0.0,"(4865, 1672, 0)","(6915.5, 1672.0, 0)"
161,53,2,x1,-30047.0798293587,28985.0,1128013.563930605,"(4865, 1672, 0)","(4865.0, 1672.0, 0)"
162,54,0,XRSTR_1,0.0,0.0,0.0,"(4865, 1672, 0)","(7448.5, 1672.0, 0)"
163,54,1,XRSTR_2,0.0,0.0,0.0,"(4865, 1672, 0)","(6915.5, 1672.0, 0)"
164,54,2,x1,-30047.0798293587,28985.0,1128013.563930605,"(4865, 1672, 0)","(4865.0, 1672.0, 0)"
165,55,0,XRSTR_2,0.0,0.0,0.0,"(4865, 1672, 0)","(5398.0, -515.0, 0)"
166,55,1,x1,0.0,0.0,0.0,"(4865, 1672, 0)","(6915.5, 1672.0, 0)"
167,55,2,XRSTR_1,-28788.25768954107,27814.0,949178.0456299058,"(4865, 1672, 0)","(4865.0, 1672.0, 0)"
168,56,0,XRSTR_2,0.0,0.0,0.0,"(4865, 1672, 0)","(5398.0, -515.0, 0)"
169,56,1,x1,0.0,0.0,0.0,"(4865, 1672, 0)","(6915.5, 1672.0, 0)"
170,56,2,XRSTR_1,-28788.25768954107,27814.0,949178.0456299058,"(4865, 1672, 0)","(4865.0, 1672.0, 0)"
171,57,0,XRSTR_1,0.0,0.0,0.0,"(4865, 1672, 0)","(5398.0, -515.0, 0)"
172,57,1,x1,0.0,0.0,0.0,"(4865, 1672, 0)","(6915.5, 1672.0, 0)"
173,57,2,XRSTR_2,-28145.813989399154,27215.0,866414.682861168,"(4865, 1672, 0)","(4865.0, 1672.0, 0)"
174,58,0,XRSTR_2,0.0,0.0,0.0,"(4865, 1672, 0)","(5398.0, -515.0, 0)"
175,58,1,x1,0.0,0.0,0.0,"(4865, 1672, 0)","(6915.5, 1672.0, 0)"
176,58,2,XRSTR_1,-28788.25768954107,27814.0,949178.0456299058,"(4865, 1672, 0)","(4865.0, 1672.0, 0)"
177,59,0,x1,0.0,0.0,0.0,"(4865, 1672, 0)","(7448.5, 1672.0, 0)"
178,59,1,XRSTR_2,0.0,0.0,0.0,"(4865, 1672, 0)","(5398.0, 1672.0, 0)"
179,59,2,XRSTR_1,-27920.318113647743,26886.0,1069813.9602198259,"(4865, 1672, 0)","(4865.0, 1672.0, 0)"
180,60,0,XRSTR_1,0.0,0.0,0.0,"(4865, 1672, 0)","(5398.0, -515.0, 0)"
181,60,1,x1,0.0,0.0,0.0,"(4865, 1672, 0)","(6915.5, 1672.0, 0)"
182,60,2,XRSTR_2,-28145.813989399154,27215.0,866414.682861168,"(4865, 1672, 0)","(4865.0, 1672.0, 0)"
183,61,0,XRSTR_2,0.0,0.0,0.0,"(4865, 1672, 0)","(7448.5, 1672.0, 0)"
184,61,1,XRSTR_1,0.0,0.0,0.0,"(4865, 1672, 0)","(6915.5, 1672.0, 0)"
185,61,2,x1,-30046.315914052546,28985.0,1126391.4694211932,"(4865, 1672, 0)","(4865.0, 1672.0, 0)"
186,62,0,XRSTR_2,0.0,0.0,0.0,"(4865, 1672, 0)","(5398.0, -515.0, 0)"
187,62,1,x1,0.0,0.0,0.0,"(4865, 1672, 0)","(6915.5, 1672.0, 0)"
188,62,2,XRSTR_1,-28788.25768954107,27814.0,949178.0456299058,"(4865, 1672, 0)","(4865.0, 1672.0, 0)"
189,63,0,XRSTR_2,0.0,0.0,0.0,"(4865, 1672, 0)","(7448.5, 1672.0, 0)"
190,63,1,XRSTR_1,0.0,0.0,0.0,"(4865, 1672, 0)","(6915.5, 1672.0, 0)"
191,63,2,x1,-30046.315914052546,28985.0,1126391.4694211932,"(4865, 1672, 0)","(4865.0, 1672.0, 0)"
192,64,0,XRSTR_1,0.0,0.0,0.0,"(4865, 1672, 0)","(5398.0, -515.0, 0)"
193,64,1,x1,0.0,0.0,0.0,"(4865, 1672, 0)","(6915.5, 1672.0, 0)"
194,64,2,XRSTR_2,-28145.813989399154,27215.0,866414.682861168,"(4865, 1672, 0)","(4865.0, 1672.0, 0)"
195,65,0,XRSTR_1,0.0,0.0,0.0,"(4865, 1672, 0)","(7448.5, 1672.0, 0)"
196,65,1,XRSTR_2,0.0,0.0,0.0,"(4865, 1672, 0)","(6915.5, 1672.0, 0)"
197,65,2,x1,-30047.0798293587,28985.0,1128013.563930605,"(4865, 1672, 0)","(4865.0, 1672.0, 0)"
198,66,0,x1,0.0,0.0,0.0,"(4865, 1672, 0)","(7448.5, 1672.0, 0)"
199,66,1,XRSTR_1,0.0,0.0,0.0,"(4865, 1672, 0)","(5398.0, 1672.0, 0)"
200,66,2,XRSTR_2,-27919.207354783273,26886.0,1067517.43797825,"(4865, 1672, 0)","(4865.0, 1672.0, 0)"
201,67,0,XRSTR_2,0.0,0.0,0.0,"(4865, 1672, 0)","(5398.0, -515.0, 0)"
202,67,1,x1,0.0,0.0,0.0,"(4865, 1672, 0)","(6915.5, 1672.0, 0)"
203,67,2,XRSTR_1,-28788.25768954107,27814.0,949178.0456299058,"(4865, 1672, 0)","(4865.0, 1672.0, 0)"
204,68,0,XRSTR_2,0.0,0.0,0.0,"(4865, 1672, 0)","(7448.5, 1672.0, 0)"
205,68,1,XRSTR_1,0.0,0.0,0.0,"(4865, 1672, 0)","(6915.5, 1672.0, 0)"
206,68,2,x1,-30046.315914052546,28985.0,1126391.4694211932,"(4865, 1672, 0)","(4865.0, 1672.0, 0)"
207,69,0,XRSTR_2,0.0,0.0,0.0,"(4865, 1672, 0)","(5398.0, -515.0, 0)"
208,69,1,x1,0.0,0.0,0.0,"(4865, 1672, 0)","(6915.5, 1672.0, 0)"
209,69,2,XRSTR_1,-28788.25768954107,27814.0,949178.0456299058,"(4865, 1672, 0)","(4865.0, 1672.0, 0)"
210,70,0,XRSTR_2,0.0,0.0,0.0,"(4865, 1672, 0)","(5398.0, -515.0, 0)"
211,70,1,x1,0.0,0.0,0.0,"(4865, 1672, 0)","(6915.5, 1672.0, 0)"
212,70,2,XRSTR_1,-28788.25768954107,27814.0,949178.0456299058,"(4865, 1672, 0)","(4865.0, 1672.0, 0)"
213,71,0,XRSTR_2,0.0,0.0,0.0,"(4865, 1672, 0)","(7448.5, 1672.0, 0)"
214,71,1,XRSTR_1,0.0,0.0,0.0,"(4865, 1672, 0)","(6915.5, 1672.0, 0)"
215,71,2,x1,-30046.315914052546,28985.0,1126391.4694211932,"(4865, 1672, 0)","(4865.0, 1672.0, 0)"
216,72,0,XRSTR_2,0.0,0.0,0.0,"(4865, 1672, 0)","(7448.5, 1672.0, 0)"
217,72,1,XRSTR_1,0.0,0.0,0.0,"(4865, 1672, 0)","(6915.5, 1672.0, 0)"
218,72,2,x1,-30046.315914052546,28985.0,1126391.4694211932,"(4865, 1672, 0)","(4865.0, 1672.0, 0)"
219,73,0,XRSTR_1,0.0,0.0,0.0,"(4865, 1672, 0)","(7448.5, 1672.0, 0)"
220,73,1,XRSTR_2,0.0,0.0,0.0,"(4865, 1672, 0)","(6915.5, 1672.0, 0)"
221,73,2,x1,-30047.0798293587,28985.0,1128013.563930605,"(4865, 1672, 0)","(4865.0, 1672.0, 0)"
222,74,0,XRSTR_1,0.0,0.0,0.0,"(4865, 1672, 0)","(7448.5, 1672.0, 0)"
223,74,1,XRSTR_2,0.0,0.0,0.0,"(4865, 1672, 0)","(6915.5, 1672.0, 0)"
224,74,2,x1,-30047.0798293587,28985.0,1128013.563930605,"(4865, 1672, 0)","(4865.0, 1672.0, 0)"
225,75,0,XRSTR_1,0.0,0.0,0.0,"(4865, 1672, 0)","(7448.5, 1672.0, 0)"
226,75,1,XRSTR_2,0.0,0.0,0.0,"(4865, 1672, 0)","(6915.5, 1672.0, 0)"
227,75,2,x1,-30047.0798293587,28985.0,1128013.563930605,"(4865, 1672, 0)","(4865.0, 1672.0, 0)"
228,76,0,XRSTR_1,0.0,0.0,0.0,"(4865, 1672, 0)","(5398.0, -515.0, 0)"
229,76,1,x1,0.0,0.0,0.0,"(4865, 1672, 0)","(6915.5, 1672.0, 0)"
230,76,2,XRSTR_2,-28145.813989399154,27215.0,866414.682861168,"(4865, 1672, 0)","(4865.0, 1672.0, 0)"
231,77,0,XRSTR_2,0.0,0.0,0.0,"(4865, 1672, 0)","(5398.0, -515.0, 0)"
232,77,1,x1,0.0,0.0,0.0,"(4865, 1672, 0)","(6915.5, 1672.0, 0)"
233,77,2,XRSTR_1,-28788.25768954107,27814.0,949178.0456299058,"(4865, 1672, 0)","(4865.0, 1672.0, 0)"
234,78,0,XRSTR_2,0.0,0.0,0.0,"(4865, 1672, 0)","(5398.0, -515.0, 0)"
235,78,1,x1,0.0,0.0,0.0,"(4865, 1672, 0)","(6915.5, 1672.0, 0)"
236,78,2,XRSTR_1,-28788.25768954107,27814.0,949178.0456299058,"(4865, 1672, 0)","(4865.0, 1672.0, 0)"
237,79,0,x1,0.0,0.0,0.0,"(4865, 1672, 0)","(7448.5, 1672.0, 0)"
238,79,1,XRSTR_1,0.0,0.0,0.0,"(4865, 1672, 0)","(5398.0, 1672.0, 0)"
239,79,2,XRSTR_2,-27919.207354783273,26886.0,1067517.43797825,"(4865, 1672, 0)","(4865.0, 1672.0, 0)"
240,80,0,XRSTR_1,0.0,0.0,0.0,"(4865, 1672, 0)","(7448.5, 1672.0, 0)"
241,80,1,XRSTR_2,0.0,0.0,0.0,"(4865, 1672, 0)","(6915.5, 1672.0, 0)"
242,80,2,x1,-30047.0798293587,28985.0,1128013.563930605,"(4865, 1672, 0)","(4865.0, 1672.0, 0)"
243,81,0,XRSTR_1,0.0,0.0,0.0,"(4865, 1672, 0)","(5398.0, -515.0, 0)"
244,81,1,x1,0.0,0.0,0.0,"(4865, 1672, 0)","(6915.5, 1672.0, 0)"
245,81,2,XRSTR_2,-28145.813989399154,27215.0,866414.682861168,"(4865, 1672, 0)","(4865.0, 1672.0, 0)"
246,82,0,x1,0.0,0.0,0.0,"(4865, 1672, 0)","(7448.5, 1672.0, 0)"
247,82,1,XRSTR_2,0.0,0.0,0.0,"(4865, 1672, 0)","(5398.0, 1672.0, 0)"
248,82,2,XRSTR_1,-27920.318113647743,26886.0,1069813.9602198259,"(4865, 1672, 0)","(4865.0, 1672.0, 0)"
249,83,0,x1,0.0,0.0,0.0,"(4865, 1672, 0)","(7448.5, 1672.0, 0)"
250,83,1,XRSTR_2,0.0,0.0,0.0,"(4865, 1672, 0)","(5398.0, 1672.0, 0)"
251,83,2,XRSTR_1,-27920.318113647743,26886.0,1069813.9602198259,"(4865, 1672, 0)","(4865.0, 1672.0, 0)"
252,84,0,XRSTR_1,0.0,0.0,0.0,"(4865, 1672, 0)","(7448.5, 1672.0, 0)"
253,84,1,XRSTR_2,0.0,0.0,0.0,"(4865, 1672, 0)","(6915.5, 1672.0, 0)"
254,84,2,x1,-30047.0798293587,28985.0,1128013.563930605,"(4865, 1672, 0)","(4865.0, 1672.0, 0)"
255,85,0,XRSTR_2,0.0,0.0,0.0,"(4865, 1672, 0)","(7448.5, 1672.0, 0)"
256,85,1,XRSTR_1,0.0,0.0,0.0,"(4865, 1672, 0)","(6915.5, 1672.0, 0)"
257,85,2,x1,-30046.315914052546,28985.0,1126391.4694211932,"(4865, 1672, 0)","(4865.0, 1672.0, 0)"
258,86,0,x1,0.0,0.0,0.0,"(4865, 1672, 0)","(7448.5, 1672.0, 0)"
259,86,1,XRSTR_2,0.0,0.0,0.0,"(4865, 1672, 0)","(5398.0, 1672.0, 0)"
260,86,2,XRSTR_1,-27920.318113647743,26886.0,1069813.9602198259,"(4865, 1672, 0)","(4865.0, 1672.0, 0)"
261,87,0,XRSTR_1,0.0,0.0,0.0,"(4865, 1672, 0)","(5398.0, -515.0, 0)"
262,87,1,x1,0.0,0.0,0.0,"(4865, 1672, 0)","(6915.5, 1672.0, 0)"
263,87,2,XRSTR_2,-28145.813989399154,27215.0,866414.682861168,"(4865, 1672, 0)","(4865.0, 1672.0, 0)"
264,88,0,XRSTR_2,0.0,0.0,0.0,"(4865, 1672, 0)","(7448.5, 1672.0, 0)"
265,88,1,XRSTR_1,0.0,0.0,0.0,"(4865, 1672, 0)","(6915.5, 1672.0, 0)"
266,88,2,x1,-30046.315914052546,28985.0,1126391.4694211932,"(4865, 1672, 0)","(4865.0, 1672.0, 0)"
267,89,0,x1,0.0,0.0,0.0,"(4865, 1672, 0)","(7448.5, 1672.0, 0)"
268,89,1,XRSTR_1,0.0,0.0,0.0,"(4865, 1672, 0)","(5398.0, 1672.0, 0)"
269,89,2,XRSTR_2,-27919.207354783273,26886.0,1067517.43797825,"(4865, 1672, 0)","(4865.0, 1672.0, 0)"
270,90,0,XRSTR_1,0.0,0.0,0.0,"(4865, 1672, 0)","(5398.0, -515.0, 0)"
271,90,1,x1,0.0,0.0,0.0,"(4865, 1672, 0)","(6915.5, 1672.0, 0)"
272,90,2,XRSTR_2,-28145.813989399154,27215.0,866414.682861168,"(4865, 1672, 0)","(4865.0, 1672.0, 0)"
273,91,0,x1,0.0,0.0,0.0,"(4865, 1672, 0)","(7448.5, 1672.0, 0)"
274,91,1,XRSTR_2,0.0,0.0,0.0,"(4865, 1672, 0)","(5398.0, 1672.0, 0)"
275,91,2,XRSTR_1,-27920.318113647743,26886.0,1069813.9602198259,"(4865, 1672, 0)","(4865.0, 1672.0, 0)"
276,92,0,XRSTR_2,0.0,0.0,0.0,"(4865, 1672, 0)","(7448.5, 1672.0, 0)"
277,92,1,XRSTR_1,0.0,0.0,0.0,"(4865, 1672, 0)","(6915.5, 1672.0, 0)"
278,92,2,x1,-30046.315914052546,28985.0,1126391.4694211932,"(4865, 1672, 0)","(4865.0, 1672.0, 0)"
279,93,0,XRSTR_2,0.0,0.0,0.0,"(4865, 1672, 0)","(7448.5, 1672.0, 0)"
280,93,1,XRSTR_1,0.0,0.0,0.0,"(4865, 1672, 0)","(6915.5, 1672.0, 0)"
281,93,2,x1,-30046.315914052546,28985.0,1126391.4694211932,"(4865, 1672, 0)","(4865.0, 1672.0, 0)"
282,94,0,XRSTR_1,0.0,0.0,0.0,"(4865, 1672, 0)","(5398.0, -515.0, 0)"
283,94,1,x1,0.0,0.0,0.0,"(4865, 1672, 0)","(6915.5, 1672.0, 0)"
284,94,2,XRSTR_2,-28145.813989399154,27215.0,866414.682861168,"(4865, 1672, 0)","(4865.0, 1672.0, 0)"
285,95,0,XRSTR_2,0.0,0.0,0.0,"(4865, 1672, 0)","(5398.0, -515.0, 0)"
286,95,1,x1,0.0,0.0,0.0,"(4865, 1672, 0)","(6915.5, 1672.0, 0)"
287,95,2,XRSTR_1,-28788.25768954107,27814.0,949178.0456299058,"(4865, 1672, 0)","(4865.0, 1672.0, 0)"
288,96,0,XRSTR_1,0.0,0.0,0.0,"(4865, 1672, 0)","(5398.0, -515.0, 0)"
289,96,1,x1,0.0,0.0,0.0,"(4865, 1672, 0)","(6915.5, 1672.0, 0)"
290,96,2,XRSTR_2,-28145.813989399154,27215.0,866414.682861168,"(4865, 1672, 0)","(4865.0, 1672.0, 0)"
291,97,0,x1,0.0,0.0,0.0,"(4865, 1672, 0)","(7448.5, 1672.0, 0)"
292,97,1,XRSTR_2,0.0,0.0,0.0,"(4865, 1672, 0)","(5398.0, 1672.0, 0)"
293,97,2,XRSTR_1,-27920.318113647743,26886.0,1069813.9602198259,"(4865, 1672, 0)","(4865.0, 1672.0, 0)"
294,98,0,x1,0.0,0.0,0.0,"(4865, 1672, 0)","(7448.5, 1672.0, 0)"
295,98,1,XRSTR_1,0.0,0.0,0.0,"(4865, 1672, 0)","(5398.0, 1672.0, 0)"
296,98,2,XRSTR_2,-27919.207354783273,26886.0,1067517.43797825,"(4865, 1672, 0)","(4865.0, 1672.0, 0)"
297,99,0,XRSTR_2,0.0,0.0,0.0,"(4865, 1672, 0)","(5398.0, -515.0, 0)"
298,99,1,x1,0.0,0.0,0.0,"(4865, 1672, 0)","(6915.5, 1672.0, 0)"
299,99,2,XRSTR_1,-28788.25768954107,27814.0,949178.0456299058,"(4865, 1672, 0)","(4865.0, 1672.0, 0)"
300,100,0,XRSTR_1,0.0,0.0,0.0,"(4989, 200, 0)","(7572.5, 200.0, 0)"
301,100,1,XRSTR_2,0.0,0.0,0.0,"(4989, 200, 0)","(7039.5, 200.0, 0)"
302,100,2,x1,-30047.0798293587,28985.0,1128013.563930605,"(4989, 200, 0)","(4989.0, 200.0, 0)"
303,101,0,XRSTR_2,0.0,0.0,0.0,"(4989, 200, 0)","(5522.0, -1987.0, 0)"
304,101,1,x1,0.0,0.0,0.0,"(4989, 200, 0)","(7039.5, 200.0, 0)"
305,101,2,XRSTR_1,-28788.25768954107,27814.0,949178.0456299058,"(4989, 200, 0)","(4989.0, 200.0, 0)"
306,102,0,x1,0.0,0.0,0.0,"(4989, 200, 0)","(7572.5, 200.0, 0)"
307,102,1,XRSTR_1,0.0,0.0,0.0,"(4989, 200, 0)","(5522.0, 200.0, 0)"
308,102,2,XRSTR_2,-27919.207354783273,26886.0,1067517.43797825,"(4989, 200, 0)","(4989.0, 200.0, 0)"
309,103,0,XRSTR_1,0.0,0.0,0.0,"(4989, 200, 0)","(5522.0, -1987.0, 0)"
310,103,1,x1,0.0,0.0,0.0,"(4989, 200, 0)","(7039.5, 200.0, 0)"
311,103,2,XRSTR_2,-28145.813989399154,27215.0,866414.682861168,"(4989, 200, 0)","(4989.0, 200.0, 0)"
312,104,0,XRSTR_1,0.0,0.0,0.0,"(4989, 200, 0)","(5522.0, -1987.0, 0)"
313,104,1,x1,0.0,0.0,0.0,"(4989, 200, 0)","(7039.5, 200.0, 0)"
314,104,2,XRSTR_2,-28145.813989399154,27215.0,866414.682861168,"(4989, 200, 0)","(4989.0, 200.0, 0)"
315,105,0,XRSTR_1,0.0,0.0,0.0,"(4989, 200, 0)","(5522.0, -1987.0, 0)"
316,105,1,x1,0.0,0.0,0.0,"(4989, 200, 0)","(7039.5, 200.0, 0)"
317,105,2,XRSTR_2,-28145.813989399154,27215.0,866414.682861168,"(4989, 200, 0)","(4989.0, 200.0, 0)"
318,106,0,XRSTR_2,0.0,0.0,0.0,"(4989, 200, 0)","(7572.5, 200.0, 0)"
319,106,1,XRSTR_1,0.0,0.0,0.0,"(4989, 200, 0)","(7039.5, 200.0, 0)"
320,106,2,x1,-30046.315914052546,28985.0,1126391.4694211932,"(4989, 200, 0)","(4989.0, 200.0, 0)"
321,107,0,XRSTR_1,0.0,0.0,0.0,"(4989, 200, 0)","(7572.5, 200.0, 0)"
322,107,1,XRSTR_2,0.0,0.0,0.0,"(4989, 200, 0)","(7039.5, 200.0, 0)"
323,107,2,x1,-30047.0798293587,28985.0,1128013.563930605,"(4989, 200, 0)","(4989.0, 200.0, 0)"
324,108,0,XRSTR_2,0.0,0.0,0.0,"(4989, 200, 0)","(7572.5, 200.0, 0)"
325,108,1,XRSTR_1,0.0,0.0,0.0,"(4989, 200, 0)","(7039.5, 200.0, 0)"
326,108,2,x1,-30046.315914052546,28985.0,1126391.4694211932,"(4989, 200, 0)","(4989.0, 200.0, 0)"
327,109,0,x1,0.0,0.0,0.0,"(4989, 200, 0)","(7572.5, 200.0, 0)"
328,109,1,XRSTR_2,0.0,0.0,0.0,"(4989, 200, 0)","(5522.0, 200.0, 0)"
329,109,2,XRSTR_1,-27920.318113647743,26886.0,1069813.9602198259,"(4989, 200, 0)","(4989.0, 200.0, 0)"
330,110,0,x1,0.0,0.0,0.0,"(4989, 200, 0)","(7572.5, 200.0, 0)"
331,110,1,XRSTR_1,0.0,0.0,0.0,"(4989, 200, 0)","(5522.0, 200.0, 0)"
332,110,2,XRSTR_2,-27919.207354783273,26886.0,1067517.43797825,"(4989, 200, 0)","(4989.0, 200.0, 0)"
333,111,0,XRSTR_1,0.0,0.0,0.0,"(4989, 200, 0)","(5522.0, -1987.0, 0)"
334,111,1,x1,0.0,0.0,0.0,"(4989, 200, 0)","(7039.5, 200.0, 0)"
335,111,2,XRSTR_2,-28145.813989399154,27215.0,866414.682861168,"(4989, 200, 0)","(4989.0, 200.0, 0)"
336,112,0,x1,0.0,0.0,0.0,"(4989, 200, 0)","(7572.5, 200.0, 0)"
337,112,1,XRSTR_1,0.0,0.0,0.0,"(4989, 200, 0)","(5522.0, 200.0, 0)"
338,112,2,XRSTR_2,-27919.207354783273,26886.0,1067517.43797825,"(4989, 200, 0)","(4989.0, 200.0, 0)"
339,113,0,XRSTR_2,0.0,0.0,0.0,"(4989, 200, 0)","(5522.0, -1987.0, 0)"
340,113,1,x1,0.0,0.0,0.0,"(4989, 200, 0)","(7039.5, 200.0, 0)"
341,113,2,XRSTR_1,-28788.25768954107,27814.0,949178.0456299058,"(4989, 200, 0)","(4989.0, 200.0, 0)"
342,114,0,x1,0.0,0.0,0.0,"(4989, 200, 0)","(7572.5, 200.0, 0)"
343,114,1,XRSTR_1,0.0,0.0,0.0,"(4989, 200, 0)","(5522.0, 200.0, 0)"
344,114,2,XRSTR_2,-27919.207354783273,26886.0,1067517.43797825,"(4989, 200, 0)","(4989.0, 200.0, 0)"
345,115,0,XRSTR_1,0.0,0.0,0.0,"(4989, 200, 0)","(7572.5, 200.0, 0)"
346,115,1,XRSTR_2,0.0,0.0,0.0,"(4989, 200, 0)","(7039.5, 200.0, 0)"
347,115,2,x1,-30047.0798293587,28985.0,1128013.563930605,"(4989, 200, 0)","(4989.0, 200.0, 0)"
348,116,0,XRSTR_1,0.0,0.0,0.0,"(4989, 200, 0)","(7572.5, 200.0, 0)"
349,116,1,XRSTR_2,0.0,0.0,0.0,"(4989, 200, 0)","(7039.5, 200.0, 0)"
350,116,2,x1,-30047.0798293587,28985.0,1128013.563930605,"(4989, 200, 0)","(4989.0, 200.0, 0)"
351,117,0,x1,0.0,0.0,0.0,"(4989, 200, 0)","(7572.5, 200.0, 0)"
352,117,1,XRSTR_1,0.0,0.0,0.0,"(4989, 200, 0)","(5522.0, 200.0, 0)"
353,117,2,XRSTR_2,-27919.207354783273,26886.0,1067517.43797825,"(4989, 200, 0)","(4989.0, 200.0, 0)"
354,118,0,XRSTR_2,0.0,0.0,0.0,"(4989, 200, 0)","(5522.0, -1987.0, 0)"
355,118,1,x1,0.0,0.0,0.0,"(4989, 200, 0)","(7039.5, 200.0, 0)"
356,118,2,XRSTR_1,-28788.25768954107,27814.0,949178.0456299058,"(4989, 200, 0)","(4989.0, 200.0, 0)"
357,119,0,XRSTR_1,0.0,0.0,0.0,"(4989, 200, 0)","(5522.0, -1987.0, 0)"
358,119,1,x1,0.0,0.0,0.0,"(4989, 200, 0)","(7039.5, 200.0, 0)"
359,119,2,XRSTR_2,-28145.813989399154,27215.0,866414.682861168,"(4989, 200, 0)","(4989.0, 200.0, 0)"
360,120,0,XRSTR_1,0.0,0.0,0.0,"(4989, 200, 0)","(5522.0, -1987.0, 0)"
361,120,1,x1,0.0,0.0,0.0,"(4989, 200, 0)","(7039.5, 200.0, 0)"
362,120,2,XRSTR_2,-28145.813989399154,27215.0,866414.682861168,"(4989, 200, 0)","(4989.0, 200.0, 0)"
363,121,0,x1,0.0,0.0,0.0,"(4989, 200, 0)","(7572.5, 200.0, 0)"
364,121,1,XRSTR_2,0.0,0.0,0.0,"(4989, 200, 0)","(5522.0, 200.0, 0)"
365,121,2,XRSTR_1,-27920.318113647743,26886.0,1069813.9602198259,"(4989, 200, 0)","(4989.0, 200.0, 0)"
366,122,0,x1,0.0,0.0,0.0,"(4989, 200, 0)","(7572.5, 200.0, 0)"
367,122,1,XRSTR_1,0.0,0.0,0.0,"(4989, 200, 0)","(5522.0, 200.0, 0)"
368,122,2,XRSTR_2,-27919.207354783273,26886.0,1067517.43797825,"(4989, 200, 0)","(4989.0, 200.0, 0)"
369,123,0,XRSTR_1,0.0,0.0,0.0,"(4989, 200, 0)","(5522.0, -1987.0, 0)"
370,123,1,x1,0.0,0.0,0.0,"(4989, 200, 0)","(7039.5, 200.0, 0)"
371,123,2,XRSTR_2,-28145.813989399154,27215.0,866414.682861168,"(4989, 200, 0)","(4989.0, 200.0, 0)"
372,124,0,XRSTR_2,0.0,0.0,0.0,"(4989, 200, 0)","(7572.5, 200.0, 0)"
373,124,1,XRSTR_1,0.0,0.0,0.0,"(4989, 200, 0)","(7039.5, 200.0, 0)"
374,124,2,x1,-30046.315914052546,28985.0,1126391.4694211932,"(4989, 200, 0)","(4989.0, 200.0, 0)"
375,125,0,x1,0.0,0.0,0.0,"(4989, 200, 0)","(7572.5, 200.0, 0)"
376,125,1,XRSTR_1,0.0,0.0,0.0,"(4989, 200, 0)","(5522.0, 200.0, 0)"
377,125,2,XRSTR_2,-27919.207354783273,26886.0,1067517.43797825,"(4989, 200, 0)","(4989.0, 200.0, 0)"
378,126,0,XRSTR_2,0.0,0.0,0.0,"(4989, 200, 0)","(5522.0, -1987.0, 0)"
379,126,1,x1,0.0,0.0,0.0,"(4989, 200, 0)","(7039.5, 200.0, 0)"
380,126,2,XRSTR_1,-28788.25768954107,27814.0,949178.0456299058,"(4989, 200, 0)","(4989.0, 200.0, 0)"
381,127,0,x1,0.0,0.0,0.0,"(4989, 200, 0)","(7572.5, 200.0, 0)"
382,127,1,XRSTR_1,0.0,0.0,0.0,"(4989, 200, 0)","(5522.0, 200.0, 0)"
383,127,2,XRSTR_2,-27919.207354783273,26886.0,1067517.43797825,"(4989, 200, 0)","(4989.0, 200.0, 0)"
384,128,0,x1,0.0,0.0,0.0,"(4989, 200, 0)","(7572.5, 200.0, 0)"
385,128,1,XRSTR_2,0.0,0.0,0.0,"(4989, 200, 0)","(5522.0, 200.0, 0)"
386,128,2,XRSTR_1,-27920.318113647743,26886.0,1069813.9602198259,"(4989, 200, 0)","(4989.0, 200.0, 0)"
387,129,0,XRSTR_1,0.0,0.0,0.0,"(4989, 200, 0)","(7572.5, 200.0, 0)"
388,129,1,XRSTR_2,0.0,0.0,0.0,"(4989, 200, 0)","(7039.5, 200.0, 0)"
389,129,2,x1,-30047.0798293587,28985.0,1128013.563930605,"(4989, 200, 0)","(4989.0, 200.0, 0)"
390,130,0,x1,0.0,0.0,0.0,"(4989, 200, 0)","(7572.5, 200.0, 0)"
391,130,1,XRSTR_2,0.0,0.0,0.0,"(4989, 200, 0)","(5522.0, 200.0, 0)"
392,130,2,XRSTR_1,-27920.318113647743,26886.0,1069813.9602198259,"(4989, 200, 0)","(4989.0, 200.0, 0)"
393,131,0,x1,0.0,0.0,0.0,"(4989, 200, 0)","(7572.5, 200.0, 0)"
394,131,1,XRSTR_2,0.0,0.0,0.0,"(4989, 200, 0)","(5522.0, 200.0, 0)"
395,131,2,XRSTR_1,-27920.318113647743,26886.0,1069813.9602198259,"(4989, 200, 0)","(4989.0, 200.0, 0)"
396,132,0,XRSTR_2,0.0,0.0,0.0,"(4989, 200, 0)","(5522.0, -1987.0, 0)"
397,132,1,x1,0.0,0.0,0.0,"(4989, 200, 0)","(7039.5, 200.0, 0)"
398,132,2,XRSTR_1,-28788.25768954107,27814.0,949178.0456299058,"(4989, 200, 0)","(4989.0, 200.0, 0)"
399,133,0,XRSTR_2,0.0,0.0,0.0,"(4989, 200, 0)","(7572.5, 200.0, 0)"
400,133,1,XRSTR_1,0.0,0.0,0.0,"(4989, 200, 0)","(7039.5, 200.0, 0)"
401,133,2,x1,-30046.315914052546,28985.0,1126391.4694211932,"(4989, 200, 0)","(4989.0, 200.0, 0)"
402,134,0,XRSTR_1,0.0,0.0,0.0,"(4989, 200, 0)","(7572.5, 200.0, 0)"
403,134,1,XRSTR_2,0.0,0.0,0.0,"(4989, 200, 0)","(7039.5, 200.0, 0)"
404,134,2,x1,-30047.0798293587,28985.0,1128013.563930605,"(4989, 200, 0)","(4989.0, 200.0, 0)"
405,135,0,XRSTR_1,0.0,0.0,0.0,"(4989, 200, 0)","(7572.5, 200.0, 0)"
406,135,1,XRSTR_2,0.0,0.0,0.0,"(4989, 200, 0)","(7039.5, 200.0, 0)"
407,135,2,x1,-30047.0798293587,28985.0,1128013.563930605,"(4989, 200, 0)","(4989.0, 200.0, 0)"
408,136,0,x1,0.0,0.0,0.0,"(4989, 200, 0)","(7572.5, 200.0, 0)"
409,136,1,XRSTR_2,0.0,0.0,0.0,"(4989, 200, 0)","(5522.0, 200.0, 0)"
410,136,2,XRSTR_1,-27920.318113647743,26886.0,1069813.9602198259,"(4989, 200, 0)","(4989.0, 200.0, 0)"
411,137,0,XRSTR_1,0.0,0.0,0.0,"(4989, 200, 0)","(7572.5, 200.0, 0)"
412,137,1,XRSTR_2,0.0,0.0,0.0,"(4989, 200, 0)","(7039.5, 200.0, 0)"
413,137,2,x1,-30047.0798293587,28985.0,1128013.563930605,"(4989, 200, 0)","(4989.0, 200.0, 0)"
414,138,0,x1,0.0,0.0,0.0,"(4989, 200, 0)","(7572.5, 200.0, 0)"
415,138,1,XRSTR_2,0.0,0.0,0.0,"(4989, 200, 0)","(5522.0, 200.0, 0)"
416,138,2,XRSTR_1,-27920.318113647743,26886.0,1069813.9602198259,"(4989, 200, 0)","(4989.0, 200.0, 0)"
417,139,0,x1,0.0,0.0,0.0,"(4989, 200, 0)","(7572.5, 200.0, 0)"
418,139,1,XRSTR_2,0.0,0.0,0.0,"(4989, 200, 0)","(5522.0, 200.0, 0)"
419,139,2,XRSTR_1,-27920.318113647743,26886.0,1069813.9602198259,"(4989, 200, 0)","(4989.0, 200.0, 0)"
420,140,0,XRSTR_2,0.0,0.0,0.0,"(4989, 200, 0)","(5522.0, -1987.0, 0)"
421,140,1,x1,0.0,0.0,0.0,"(4989, 200, 0)","(7039.5, 200.0, 0)"
422,140,2,XRSTR_1,-28788.25768954107,27814.0,949178.0456299058,"(4989, 200, 0)","(4989.0, 200.0, 0)"
423,141,0,XRSTR_2,0.0,0.0,0.0,"(4989, 200, 0)","(7572.5, 200.0, 0)"
424,141,1,XRSTR_1,0.0,0.0,0.0,"(4989, 200, 0)","(7039.5, 200.0, 0)"
425,141,2,x1,-30046.315914052546,28985.0,1126391.4694211932,"(4989, 200, 0)","(4989.0, 200.0, 0)"
426,142,0,XRSTR_1,0.0,0.0,0.0,"(4989, 200, 0)","(5522.0, -1987.0, 0)"
427,142,1,x1,0.0,0.0,0.0,"(4989, 200, 0)","(7039.5, 200.0, 0)"
428,142,2,XRSTR_2,-28145.813989399154,27215.0,866414.682861168,"(4989, 200, 0)","(4989.0, 200.0, 0)"
429,143,0,x1,0.0,0.0,0.0,"(4989, 200, 0)","(7572.5, 200.0, 0)"
430,143,1,XRSTR_2,0.0,0.0,0.0,"(4989, 200, 0)","(5522.0, 200.0, 0)"
431,143,2,XRSTR_1,-27920.318113647743,26886.0,1069813.9602198259,"(4989, 200, 0)","(4989.0, 200.0, 0)"
432,144,0,x1,0.0,0.0,0.0,"(4989, 200, 0)","(7572.5, 200.0, 0)"
433,144,1,XRSTR_2,0.0,0.0,0.0,"(4989, 200, 0)","(5522.0, 200.0, 0)"
434,144,2,XRSTR_1,-27920.318113647743,26886.0,1069813.9602198259,"(4989, 200, 0)","(4989.0, 200.0, 0)"
435,145,0,XRSTR_1,0.0,0.0,0.0,"(4989, 200, 0)","(5522.0, -1987.0, 0)"
436,145,1,x1,0.0,0.0,0.0,"(4989, 200, 0)","(7039.5, 200.0, 0)"
437,145,2,XRSTR_2,-28145.813989399154,27215.0,866414.682861168,"(4989, 200, 0)","(4989.0, 200.0, 0)"
438,146,0,XRSTR_2,0.0,0.0,0.0,"(4989, 200, 0)","(7572.5, 200.0, 0)"
439,146,1,XRSTR_1,0.0,0.0,0.0,"(4989, 200, 0)","(7039.5, 200.0, 0)"
440,146,2,x1,-30046.315914052546,28985.0,1126391.4694211932,"(4989, 200, 0)","(4989.0, 200.0, 0)"
441,147,0,x1,0.0,0.0,0.0,"(4989, 200, 0)","(7572.5, 200.0, 0)"
442,147,1,XRSTR_2,0.0,0.0,0.0,"(4989, 200, 0)","(5522.0, 200.0, 0)"
443,147,2,XRSTR_1,-27920.318113647743,26886.0,1069813.9602198259,"(4989, 200, 0)","(4989.0, 200.0, 0)"
444,148,0,XRSTR_1,0.0,0.0,0.0,"(4989, 200, 0)","(7572.5, 200.0, 0)"
445,148,1,XRSTR_2,0.0,0.0,0.0,"(4989, 200, 0)","(7039.5, 200.0, 0)"
446,148,2,x1,-30047.0798293587,28985.0,1128013.563930605,"(4989, 200, 0)","(4989.0, 200.0, 0)"
447,149,0,x1,0.0,0.0,0.0,"(4989, 200, 0)","(7572.5, 200.0, 0)"
448,149,1,XRSTR_1,0.0,0.0,0.0,"(4989, 200, 0)","(5522.0, 200.0, 0)"
449,149,2,XRSTR_2,-27919.207354783273,26886.0,1067517.43797825,"(4989, 200, 0)","(4989.0, 200.0, 0)"
450,150,0,x1,0.0,0.0,0.0,"(4989, 200, 0)","(7572.5, 200.0, 0)"
451,150,1,XRSTR_1,0.0,0.0,0.0,"(4989, 200, 0)","(5522.0, 200.0, 0)"
452,150,2,XRSTR_2,-27919.207354783273,26886.0,1067517.43797825,"(4989, 200, 0)","(4989.0, 200.0, 0)"
453,151,0,XRSTR_2,0.0,0.0,0.0,"(4989, 200, 0)","(7572.5, 200.0, 0)"
454,151,1,XRSTR_1,0.0,0.0,0.0,"(4989, 200, 0)","(7039.5, 200.0, 0)"
455,151,2,x1,-30046.315914052546,28985.0,1126391.4694211932,"(4989, 200, 0)","(4989.0, 200.0, 0)"
456,152,0,XRSTR_1,0.0,0.0,0.0,"(4989, 200, 0)","(5522.0, -1987.0, 0)"
457,152,1,x1,0.0,0.0,0.0,"(4989, 200, 0)","(7039.5, 200.0, 0)"
458,152,2,XRSTR_2,-28145.813989399154,27215.0,866414.682861168,"(4989, 200, 0)","(4989.0, 200.0, 0)"
459,153,0,x1,0.0,0.0,0.0,"(4989, 200, 0)","(7572.5, 200.0, 0)"
460,153,1,XRSTR_2,0.0,0.0,0.0,"(4989, 200, 0)","(5522.0, 200.0, 0)"
461,153,2,XRSTR_1,-27920.318113647743,26886.0,1069813.9602198259,"(4989, 200, 0)","(4989.0, 200.0, 0)"
462,154,0,XRSTR_2,0.0,0.0,0.0,"(4989, 200, 0)","(7572.5, 200.0, 0)"
463,154,1,XRSTR_1,0.0,0.0,0.0,"(4989, 200, 0)","(7039.5, 200.0, 0)"
464,154,2,x1,-30046.315914052546,28985.0,1126391.4694211932,"(4989, 200, 0)","(4989.0, 200.0, 0)"
465,155,0,XRSTR_2,0.0,0.0,0.0,"(4989, 200, 0)","(5522.0, -1987.0, 0)"
466,155,1,x1,0.0,0.0,0.0,"(4989, 200, 0)","(7039.5, 200.0, 0)"
467,155,2,XRSTR_1,-28788.25768954107,27814.0,949178.0456299058,"(4989, 200, 0)","(4989.0, 200.0, 0)"
468,156,0,XRSTR_1,0.0,0.0,0.0,"(4989, 200, 0)","(5522.0, -1987.0, 0)"
469,156,1,x1,0.0,0.0,0.0,"(4989, 200, 0)","(7039.5, 200.0, 0)"
470,156,2,XRSTR_2,-28145.813989399154,27215.0,866414.682861168,"(4989, 200, 0)","(4989.0, 200.0, 0)"
471,157,0,x1,0.0,0.0,0.0,"(4989, 200, 0)","(7572.5, 200.0, 0)"
472,157,1,XRSTR_2,0.0,0.0,0.0,"(4989, 200, 0)","(5522.0, 200.0, 0)"
473,157,2,XRSTR_1,-27920.318113647743,26886.0,1069813.9602198259,"(4989, 200, 0)","(4989.0, 200.0, 0)"
474,158,0,XRSTR_2,0.0,0.0,0.0,"(4989, 200, 0)","(7572.5, 200.0, 0)"
475,158,1,XRSTR_1,0.0,0.0,0.0,"(4989, 200, 0)","(7039.5, 200.0, 0)"
476,158,2,x1,-30046.315914052546,28985.0,1126391.4694211932,"(4989, 200, 0)","(4989.0, 200.0, 0)"
477,159,0,XRSTR_2,0.0,0.0,0.0,"(4989, 200, 0)","(7572.5, 200.0, 0)"
478,159,1,XRSTR_1,0.0,0.0,0.0,"(4989, 200, 0)","(7039.5, 200.0, 0)"
479,159,2,x1,-30046.315914052546,28985.0,1126391.4694211932,"(4989, 200, 0)","(4989.0, 200.0, 0)"
480,160,0,x1,0.0,0.0,0.0,"(4989, 200, 0)","(7572.5, 200.0, 0)"
481,160,1,XRSTR_1,0.0,0.0,0.0,"(4989, 200, 0)","(5522.0, 200.0, 0)"
482,160,2,XRSTR_2,-27919.207354783273,26886.0,1067517.43797825,"(4989, 200, 0)","(4989.0, 200.0, 0)"
483,161,0,x1,0.0,0.0,0.0,"(4989, 200, 0)","(7572.5, 200.0, 0)"
484,161,1,XRSTR_1,0.0,0.0,0.0,"(4989, 200, 0)","(5522.0, 200.0, 0)"
485,161,2,XRSTR_2,-27919.207354783273,26886.0,1067517.43797825,"(4989, 200, 0)","(4989.0, 200.0, 0)"
486,162,0,x1,0.0,0.0,0.0,"(4989, 200, 0)","(7572.5, 200.0, 0)"
487,162,1,XRSTR_1,0.0,0.0,0.0,"(4989, 200, 0)","(5522.0, 200.0, 0)"
488,162,2,XRSTR_2,-27919.207354783273,26886.0,1067517.43797825,"(4989, 200, 0)","(4989.0, 200.0, 0)"
489,163,0,x1,0.0,0.0,0.0,"(4989, 200, 0)","(7572.5, 200.0, 0)"
490,163,1,XRSTR_2,0.0,0.0,0.0,"(4989, 200, 0)","(5522.0, 200.0, 0)"
491,163,2,XRSTR_1,-27920.318113647743,26886.0,1069813.9602198259,"(4989, 200, 0)","(4989.0, 200.0, 0)"
492,164,0,XRSTR_2,0.0,0.0,0.0,"(4989, 200, 0)","(7572.5, 200.0, 0)"
493,164,1,XRSTR_1,0.0,0.0,0.0,"(4989, 200, 0)","(7039.5, 200.0, 0)"
494,164,2,x1,-30046.315914052546,28985.0,1126391.4694211932,"(4989, 200, 0)","(4989.0, 200.0, 0)"
495,165,0,x1,0.0,0.0,0.0,"(4989, 200, 0)","(7572.5, 200.0, 0)"
496,165,1,XRSTR_2,0.0,0.0,0.0,"(4989, 200, 0)","(5522.0, 200.0, 0)"
497,165,2,XRSTR_1,-27920.318113647743,26886.0,1069813.9602198259,"(4989, 200, 0)","(4989.0, 200.0, 0)"
498,166,0,x1,0.0,0.0,0.0,"(4989, 200, 0)","(7572.5, 200.0, 0)"
499,166,1,XRSTR_1,0.0,0.0,0.0,"(4989, 200, 0)","(5522.0, 200.0, 0)"
500,166,2,XRSTR_2,-27919.207354783273,26886.0,1067517.43797825,"(4989, 200, 0)","(4989.0, 200.0, 0)"
501,167,0,XRSTR_2,0.0,0.0,0.0,"(4989, 200, 0)","(7572.5, 200.0, 0)"
502,167,1,XRSTR_1,0.0,0.0,0.0,"(4989, 200, 0)","(7039.5, 200.0, 0)"
503,167,2,x1,-30046.315914052546,28985.0,1126391.4694211932,"(4989, 200, 0)","(4989.0, 200.0, 0)"
504,168,0,x1,0.0,0.0,0.0,"(4989, 200, 0)","(7572.5, 200.0, 0)"
505,168,1,XRSTR_1,0.0,0.0,0.0,"(4989, 200, 0)","(5522.0, 200.0, 0)"
506,168,2,XRSTR_2,-27919.207354783273,26886.0,1067517.43797825,"(4989, 200, 0)","(4989.0, 200.0, 0)"
507,169,0,x1,0.0,0.0,0.0,"(4989, 200, 0)","(7572.5, 200.0, 0)"
508,169,1,XRSTR_1,0.0,0.0,0.0,"(4989, 200, 0)","(5522.0, 200.0, 0)"
509,169,2,XRSTR_2,-27919.207354783273,26886.0,1067517.43797825,"(4989, 200, 0)","(4989.0, 200.0, 0)"
510,170,0,XRSTR_2,0.0,0.0,0.0,"(4989, 200, 0)","(7572.5, 200.0, 0)"
511,170,1,XRSTR_1,0.0,0.0,0.0,"(4989, 200, 0)","(7039.5, 200.0, 0)"
512,170,2,x1,-30046.315914052546,28985.0,1126391.4694211932,"(4989, 200, 0)","(4989.0, 200.0, 0)"
513,171,0,XRSTR_1,0.0,0.0,0.0,"(4989, 200, 0)","(7572.5, 200.0, 0)"
514,171,1,XRSTR_2,0.0,0.0,0.0,"(4989, 200, 0)","(7039.5, 200.0, 0)"
515,171,2,x1,-30047.0798293587,28985.0,1128013.563930605,"(4989, 200, 0)","(4989.0, 200.0, 0)"
516,172,0,XRSTR_1,0.0,0.0,0.0,"(4989, 200, 0)","(5522.0, -1987.0, 0)"
517,172,1,x1,0.0,0.0,0.0,"(4989, 200, 0)","(7039.5, 200.0, 0)"
518,172,2,XRSTR_2,-28145.813989399154,27215.0,866414.682861168,"(4989, 200, 0)","(4989.0, 200.0, 0)"
519,173,0,XRSTR_1,0.0,0.0,0.0,"(4989, 200, 0)","(7572.5, 200.0, 0)"
520,173,1,XRSTR_2,0.0,0.0,0.0,"(4989, 200, 0)","(7039.5, 200.0, 0)"
521,173,2,x1,-30047.0798293587,28985.0,1128013.563930605,"(4989, 200, 0)","(4989.0, 200.0, 0)"
522,174,0,XRSTR_2,0.0,0.0,0.0,"(4989, 200, 0)","(5522.0, -1987.0, 0)"
523,174,1,x1,0.0,0.0,0.0,"(4989, 200, 0)","(7039.5, 200.0, 0)"
524,174,2,XRSTR_1,-28788.25768954107,27814.0,949178.0456299058,"(4989, 200, 0)","(4989.0, 200.0, 0)"
525,175,0,XRSTR_2,0.0,0.0,0.0,"(4989, 200, 0)","(5522.0, -1987.0, 0)"
526,175,1,x1,0.0,0.0,0.0,"(4989, 200, 0)","(7039.5, 200.0, 0)"
527,175,2,XRSTR_1,-28788.25768954107,27814.0,949178.0456299058,"(4989, 200, 0)","(4989.0, 200.0, 0)"
528,176,0,XRSTR_2,0.0,0.0,0.0,"(4989, 200, 0)","(5522.0, -1987.0, 0)"
529,176,1,x1,0.0,0.0,0.0,"(4989, 200, 0)","(7039.5, 200.0, 0)"
530,176,2,XRSTR_1,-28788.25768954107,27814.0,949178.0456299058,"(4989, 200, 0)","(4989.0, 200.0, 0)"
531,177,0,XRSTR_2,0.0,0.0,0.0,"(4989, 200, 0)","(5522.0, -1987.0, 0)"
532,177,1,x1,0.0,0.0,0.0,"(4989, 200, 0)","(7039.5, 200.0, 0)"
533,177,2,XRSTR_1,-28788.25768954107,27814.0,949178.0456299058,"(4989, 200, 0)","(4989.0, 200.0, 0)"
534,178,0,XRSTR_1,0.0,0.0,0.0,"(4989, 200, 0)","(5522.0, -1987.0, 0)"
535,178,1,x1,0.0,0.0,0.0,"(4989, 200, 0)","(7039.5, 200.0, 0)"
536,178,2,XRSTR_2,-28145.813989399154,27215.0,866414.682861168,"(4989, 200, 0)","(4989.0, 200.0, 0)"
537,179,0,XRSTR_1,0.0,0.0,0.0,"(4989, 200, 0)","(7572.5, 200.0, 0)"
538,179,1,XRSTR_2,0.0,0.0,0.0,"(4989, 200, 0)","(7039.5, 200.0, 0)"
539,179,2,x1,-30047.0798293587,28985.0,1128013.563930605,"(4989, 200, 0)","(4989.0, 200.0, 0)"
540,180,0,x1,0.0,0.0,0.0,"(4989, 200, 0)","(7572.5, 200.0, 0)"
541,180,1,XRSTR_1,0.0,0.0,0.0,"(4989, 200, 0)","(5522.0, 200.0, 0)"
542,180,2,XRSTR_2,-27919.207354783273,26886.0,1067517.43797825,"(4989, 200, 0)","(4989.0, 200.0, 0)"
543,181,0,XRSTR_2,0.0,0.0,0.0,"(4989, 200, 0)","(7572.5, 200.0, 0)"
544,181,1,XRSTR_1,0.0,0.0,0.0,"(4989, 200, 0)","(7039.5, 200.0, 0)"
545,181,2,x1,-30046.315914052546,28985.0,1126391.4694211932,"(4989, 200, 0)","(4989.0, 200.0, 0)"
546,182,0,XRSTR_1,0.0,0.0,0.0,"(4989, 200, 0)","(7572.5, 200.0, 0)"
547,182,1,XRSTR_2,0.0,0.0,0.0,"(4989, 200, 0)","(7039.5, 200.0, 0)"
548,182,2,x1,-30047.0798293587,28985.0,1128013.563930605,"(4989, 200, 0)","(4989.0, 200.0, 0)"
549,183,0,x1,0.0,0.0,0.0,"(4989, 200, 0)","(7572.5, 200.0, 0)"
550,183,1,XRSTR_1,0.0,0.0,0.0,"(4989, 200, 0)","(5522.0, 200.0, 0)"
551,183,2,XRSTR_2,-27919.207354783273,26886.0,1067517.43797825,"(4989, 200, 0)","(4989.0, 200.0, 0)"
552,184,0,XRSTR_2,0.0,0.0,0.0,"(4989, 200, 0)","(7572.5, 200.0, 0)"
553,184,1,XRSTR_1,0.0,0.0,0.0,"(4989, 200, 0)","(7039.5, 200.0, 0)"
554,184,2,x1,-30046.315914052546,28985.0,1126391.4694211932,"(4989, 200, 0)","(4989.0, 200.0, 0)"
555,185,0,XRSTR_1,0.0,0.0,0.0,"(4989, 200, 0)","(5522.0, -1987.0, 0)"
556,185,1,x1,0.0,0.0,0.0,"(4989, 200, 0)","(7039.5, 200.0, 0)"
557,185,2,XRSTR_2,-28145.813989399154,27215.0,866414.682861168,"(4989, 200, 0)","(4989.0, 200.0, 0)"
558,186,0,XRSTR_2,0.0,0.0,0.0,"(4989, 200, 0)","(7572.5, 200.0, 0)"
559,186,1,XRSTR_1,0.0,0.0,0.0,"(4989, 200, 0)","(7039.5, 200.0, 0)"
560,186,2,x1,-30046.315914052546,28985.0,1126391.4694211932,"(4989, 200, 0)","(4989.0, 200.0, 0)"
561,187,0,XRSTR_1,0.0,0.0,0.0,"(4989, 200, 0)","(7572.5, 200.0, 0)"
562,187,1,XRSTR_2,0.0,0.0,0.0,"(4989, 200, 0)","(7039.5, 200.0, 0)"
563,187,2,x1,-30047.0798293587,28985.0,1128013.563930605,"(4989, 200, 0)","(4989.0, 200.0, 0)"
564,188,0,x1,0.0,0.0,0.0,"(4989, 200, 0)","(7572.5, 200.0, 0)"
565,188,1,XRSTR_1,0.0,0.0,0.0,"(4989, 200, 0)","(5522.0, 200.0, 0)"
566,188,2,XRSTR_2,-27919.207354783273,26886.0,1067517.43797825,"(4989, 200, 0)","(4989.0, 200.0, 0)"
567,189,0,x1,0.0,0.0,0.0,"(4989, 200, 0)","(7572.5, 200.0, 0)"
568,189,1,XRSTR_1,0.0,0.0,0.0,"(4989, 200, 0)","(5522.0, 200.0, 0)"
569,189,2,XRSTR_2,-27919.207354783273,26886.0,1067517.43797825,"(4989, 200, 0)","(4989.0, 200.0, 0)"
570,190,0,x1,0.0,0.0,0.0,"(4989, 200, 0)","(7572.5, 200.0, 0)"
571,190,1,XRSTR_2,0.0,0.0,0.0,"(4989, 200, 0)","(5522.0, 200.0, 0)"
572,190,2,XRSTR_1,-27920.318113647743,26886.0,1069813.9602198259,"(4989, 200, 0)","(4989.0, 200.0, 0)"
573,191,0,x1,0.0,0.0,0.0,"(4989, 200, 0)","(7572.5, 200.0, 0)"
574,191,1,XRSTR_1,0.0,0.0,0.0,"(4989, 200, 0)","(5522.0, 200.0, 0)"
575,191,2,XRSTR_2,-27919.207354783273,26886.0,1067517.43797825,"(4989, 200, 0)","(4989.0, 200.0, 0)"
576,192,0,XRSTR_1,0.0,0.0,0.0,"(4989, 200, 0)","(5522.0, -1987.0, 0)"
577,192,1,x1,0.0,0.0,0.0,"(4989, 200, 0)","(7039.5, 200.0, 0)"
578,192,2,XRSTR_2,-28145.813989399154,27215.0,866414.682861168,"(4989, 200, 0)","(4989.0, 200.0, 0)"
579,193,0,XRSTR_1,0.0,0.0,0.0,"(4989, 200, 0)","(5522.0, -1987.0, 0)"
580,193,1,x1,0.0,0.0,0.0,"(4989, 200, 0)","(7039.5, 200.0, 0)"
581,193,2,XRSTR_2,-28145.813989399154,27215.0,866414.682861168,"(4989, 200, 0)","(4989.0, 200.0, 0)"
582,194,0,XRSTR_1,0.0,0.0,0.0,"(4989, 200, 0)","(7572.5, 200.0, 0)"
583,194,1,XRSTR_2,0.0,0.0,0.0,"(4989, 200, 0)","(7039.5, 200.0, 0)"
584,194,2,x1,-30047.0798293587,28985.0,1128013.563930605,"(4989, 200, 0)","(4989.0, 200.0, 0)"
585,195,0,XRSTR_2,0.0,0.0,0.0,"(4989, 200, 0)","(7572.5, 200.0, 0)"
586,195,1,XRSTR_1,0.0,0.0,0.0,"(4989, 200, 0)","(7039.5, 200.0, 0)"
587,195,2,x1,-30046.315914052546,28985.0,1126391.4694211932,"(4989, 200, 0)","(4989.0, 200.0, 0)"
588,196,0,XRSTR_2,0.0,0.0,0.0,"(4989, 200, 0)","(7572.5, 200.0, 0)"
589,196,1,XRSTR_1,0.0,0.0,0.0,"(4989, 200, 0)","(7039.5, 200.0, 0)"
590,196,2,x1,-30046.315914052546,28985.0,1126391.4694211932,"(4989, 200, 0)","(4989.0, 200.0, 0)"
591,197,0,x1,0.0,0.0,0.0,"(4989, 200, 0)","(7572.5, 200.0, 0)"
592,197,1,XRSTR_1,0.0,0.0,0.0,"(4989, 200, 0)","(5522.0, 200.0, 0)"
593,197,2,XRSTR_2,-27919.207354783273,26886.0,1067517.43797825,"(4989, 200, 0)","(4989.0, 200.0, 0)"
594,198,0,XRSTR_2,0.0,0.0,0.0,"(4989, 200, 0)","(7572.5, 200.0, 0)"
595,198,1,XRSTR_1,0.0,0.0,0.0,"(4989, 200, 0)","(7039.5, 200.0, 0)"
596,198,2,x1,-30046.315914052546,28985.0,1126391.4694211932,"(4989, 200, 0)","(4989.0, 200.0, 0)"
597,199,0,x1,0.0,0.0,0.0,"(4989, 200, 0)","(7572.5, 200.0, 0)"
598,199,1,XRSTR_1,0.0,0.0,0.0,"(4989, 200, 0)","(5522.0, 200.0, 0)"
599,199,2,XRSTR_2,-27919.207354783273,26886.0,1067517.43797825,"(4989, 200, 0)","(4989.0, 200.0, 0)"
600,200,0,XRSTR_1,0.0,0.0,0.0,"(4989, 1672, 0)","(5522.0, -515.0, 0)"
601,200,1,x1,0.0,0.0,0.0,"(4989, 1672, 0)","(7039.5, 1672.0, 0)"
602,200,2,XRSTR_2,-28145.813989399154,27215.0,866414.682861168,"(4989, 1672, 0)","(4989.0, 1672.0, 0)"
603,201,0,x1,0.0,0.0,0.0,"(4989, 1672, 0)","(7572.5, 1672.0, 0)"
604,201,1,XRSTR_2,0.0,0.0,0.0,"(4989, 1672, 0)","(5522.0, 1672.0, 0)"
605,201,2,XRSTR_1,-27920.318113647743,26886.0,1069813.9602198259,"(4989, 1672, 0)","(4989.0, 1672.0, 0)"
606,202,0,x1,0.0,0.0,0.0,"(4989, 1672, 0)","(7572.5, 1672.0, 0)"
607,202,1,XRSTR_1,0.0,0.0,0.0,"(4989, 1672, 0)","(5522.0, 1672.0, 0)"
608,202,2,XRSTR_2,-27919.207354783273,26886.0,1067517.43797825,"(4989, 1672, 0)","(4989.0, 1672.0, 0)"
609,203,0,XRSTR_1,0.0,0.0,0.0,"(4989, 1672, 0)","(7572.5, 1672.0, 0)"
610,203,1,XRSTR_2,0.0,0.0,0.0,"(4989, 1672, 0)","(7039.5, 1672.0, 0)"
611,203,2,x1,-30047.0798293587,28985.0,1128013.563930605,"(4989, 1672, 0)","(4989.0, 1672.0, 0)"
612,204,0,XRSTR_1,0.0,0.0,0.0,"(4989, 1672, 0)","(7572.5, 1672.0, 0)"
613,204,1,XRSTR_2,0.0,0.0,0.0,"(4989, 1672, 0)","(7039.5, 1672.0, 0)"
614,204,2,x1,-30047.0798293587,28985.0,1128013.563930605,"(4989, 1672, 0)","(4989.0, 1672.0, 0)"
615,205,0,x1,0.0,0.0,0.0,"(4989, 1672, 0)","(7572.5, 1672.0, 0)"
616,205,1,XRSTR_1,0.0,0.0,0.0,"(4989, 1672, 0)","(5522.0, 1672.0, 0)"
617,205,2,XRSTR_2,-27919.207354783273,26886.0,1067517.43797825,"(4989, 1672, 0)","(4989.0, 1672.0, 0)"
618,206,0,XRSTR_1,0.0,0.0,0.0,"(4989, 1672, 0)","(5522.0, -515.0, 0)"
619,206,1,x1,0.0,0.0,0.0,"(4989, 1672, 0)","(7039.5, 1672.0, 0)"
620,206,2,XRSTR_2,-28145.813989399154,27215.0,866414.682861168,"(4989, 1672, 0)","(4989.0, 1672.0, 0)"
621,207,0,x1,0.0,0.0,0.0,"(4989, 1672, 0)","(7572.5, 1672.0, 0)"
622,207,1,XRSTR_1,0.0,0.0,0.0,"(4989, 1672, 0)","(5522.0, 1672.0, 0)"
623,207,2,XRSTR_2,-27919.207354783273,26886.0,1067517.43797825,"(4989, 1672, 0)","(4989.0, 1672.0, 0)"
624,208,0,x1,0.0,0.0,0.0,"(4989, 1672, 0)","(7572.5, 1672.0, 0)"
625,208,1,XRSTR_1,0.0,0.0,0.0,"(4989, 1672, 0)","(5522.0, 1672.0, 0)"
626,208,2,XRSTR_2,-27919.207354783273,26886.0,1067517.43797825,"(4989, 1672, 0)","(4989.0, 1672.0, 0)"
627,209,0,x1,0.0,0.0,0.0,"(4989, 1672, 0)","(7572.5, 1672.0, 0)"
628,209,1,XRSTR_1,0.0,0.0,0.0,"(4989, 1672, 0)","(5522.0, 1672.0, 0)"
629,209,2,XRSTR_2,-27919.207354783273,26886.0,1067517.43797825,"(4989, 1672, 0)","(4989.0, 1672.0, 0)"
630,210,0,XRSTR_2,0.0,0.0,0.0,"(4989, 1672, 0)","(5522.0, -515.0, 0)"
631,210,1,x1,0.0,0.0,0.0,"(4989, 1672, 0)","(7039.5, 1672.0, 0)"
632,210,2,XRSTR_1,-28788.25768954107,27814.0,949178.0456299058,"(4989, 1672, 0)","(4989.0, 1672.0, 0)"
633,211,0,XRSTR_2,0.0,0.0,0.0,"(4989, 1672, 0)","(5522.0, -515.0, 0)"
634,211,1,x1,0.0,0.0,0.0,"(4989, 1672, 0)","(7039.5, 1672.0, 0)"
635,211,2,XRSTR_1,-28788.25768954107,27814.0,949178.0456299058,"(4989, 1672, 0)","(4989.0, 1672.0, 0)"
636,212,0,XRSTR_1,0.0,0.0,0.0,"(4989, 1672, 0)","(7572.5, 1672.0, 0)"
637,212,1,XRSTR_2,0.0,0.0,0.0,"(4989, 1672, 0)","(7039.5, 1672.0, 0)"
638,212,2,x1,-30047.0798293587,28985.0,1128013.563930605,"(4989, 1672, 0)","(4989.0, 1672.0, 0)"
639,213,0,XRSTR_2,0.0,0.0,0.0,"(4989, 1672, 0)","(5522.0, -515.0, 0)"
640,213,1,x1,0.0,0.0,0.0,"(4989, 1672, 0)","(7039.5, 1672.0, 0)"
641,213,2,XRSTR_1,-28788.25768954107,27814.0,949178.0456299058,"(4989, 1672, 0)","(4989.0, 1672.0, 0)"
642,214,0,x1,0.0,0.0,0.0,"(4989, 1672, 0)","(7572.5, 1672.0, 0)"
643,214,1,XRSTR_2,0.0,0.0,0.0,"(4989, 1672, 0)","(5522.0, 1672.0, 0)"
644,214,2,XRSTR_1,-27920.318113647743,26886.0,1069813.9602198259,"(4989, 1672, 0)","(4989.0, 1672.0, 0)"
645,215,0,x1,0.0,0.0,0.0,"(4989, 1672, 0)","(7572.5, 1672.0, 0)"
646,215,1,XRSTR_2,0.0,0.0,0.0,"(4989, 1672, 0)","(5522.0, 1672.0, 0)"
647,215,2,XRSTR_1,-27920.318113647743,26886.0,1069813.9602198259,"(4989, 1672, 0)","(4989.0, 1672.0, 0)"
648,216,0,XRSTR_2,0.0,0.0,0.0,"(4989, 1672, 0)","(5522.0, -515.0, 0)"
649,216,1,x1,0.0,0.0,0.0,"(4989, 1672, 0)","(7039.5, 1672.0, 0)"
650,216,2,XRSTR_1,-28788.25768954107,27814.0,949178.0456299058,"(4989, 1672, 0)","(4989.0, 1672.0, 0)"
651,217,0,x1,0.0,0.0,0.0,"(4989, 1672, 0)","(7572.5, 1672.0, 0)"
652,217,1,XRSTR_2,0.0,0.0,0.0,"(4989, 1672, 0)","(5522.0, 1672.0, 0)"
653,217,2,XRSTR_1,-27920.318113647743,26886.0,1069813.9602198259,"(4989, 1672, 0)","(4989.0, 1672.0, 0)"
654,218,0,x1,0.0,0.0,0.0,"(4989, 1672, 0)","(7572.5, 1672.0, 0)"
655,218,1,XRSTR_2,0.0,0.0,0.0,"(4989, 1672, 0)","(5522.0, 1672.0, 0)"
656,218,2,XRSTR_1,-27920.318113647743,26886.0,1069813.9602198259,"(4989, 1672, 0)","(4989.0, 1672.0, 0)"
657,219,0,XRSTR_2,0.0,0.0,0.0,"(4989, 1672, 0)","(7572.5, 1672.0, 0)"
658,219,1,XRSTR_1,0.0,0.0,0.0,"(4989, 1672, 0)","(7039.5, 1672.0, 0)"
659,219,2,x1,-30046.315914052546,28985.0,1126391.4694211932,"(4989, 1672, 0)","(4989.0, 1672.0, 0)"
660,220,0,XRSTR_1,0.0,0.0,0.0,"(4989, 1672, 0)","(7572.5, 1672.0, 0)"
661,220,1,XRSTR_2,0.0,0.0,0.0,"(4989, 1672, 0)","(7039.5, 1672.0, 0)"
662,220,2,x1,-30047.0798293587,28985.0,1128013.563930605,"(4989, 1672, 0)","(4989.0, 1672.0, 0)"
663,221,0,x1,0.0,0.0,0.0,"(4989, 1672, 0)","(7572.5, 1672.0, 0)"
664,221,1,XRSTR_1,0.0,0.0,0.0,"(4989, 1672, 0)","(5522.0, 1672.0, 0)"
665,221,2,XRSTR_2,-27919.207354783273,26886.0,1067517.43797825,"(4989, 1672, 0)","(4989.0, 1672.0, 0)"
666,222,0,XRSTR_2,0.0,0.0,0.0,"(4989, 1672, 0)","(5522.0, -515.0, 0)"
667,222,1,x1,0.0,0.0,0.0,"(4989, 1672, 0)","(7039.5, 1672.0, 0)"
668,222,2,XRSTR_1,-28788.25768954107,27814.0,949178.0456299058,"(4989, 1672, 0)","(4989.0, 1672.0, 0)"
669,223,0,x1,0.0,0.0,0.0,"(4989, 1672, 0)","(7572.5, 1672.0, 0)"
670,223,1,XRSTR_1,0.0,0.0,0.0,"(4989, 1672, 0)","(5522.0, 1672.0, 0)"
671,223,2,XRSTR_2,-27919.207354783273,26886.0,1067517.43797825,"(4989, 1672, 0)","(4989.0, 1672.0, 0)"
672,224,0,XRSTR_1,0.0,0.0,0.0,"(4989, 1672, 0)","(5522.0, -515.0, 0)"
673,224,1,x1,0.0,0.0,0.0,"(4989, 1672, 0)","(7039.5, 1672.0, 0)"
674,224,2,XRSTR_2,-28145.813989399154,27215.0,866414.682861168,"(4989, 1672, 0)","(4989.0, 1672.0, 0)"
675,225,0,XRSTR_2,0.0,0.0,0.0,"(4989, 1672, 0)","(7572.5, 1672.0, 0)"
676,225,1,XRSTR_1,0.0,0.0,0.0,"(4989, 1672, 0)","(7039.5, 1672.0, 0)"
677,225,2,x1,-30046.315914052546,28985.0,1126391.4694211932,"(4989, 1672, 0)","(4989.0, 1672.0, 0)"
678,226,0,XRSTR_2,0.0,0.0,0.0,"(4989, 1672, 0)","(5522.0, -515.0, 0)"
679,226,1,x1,0.0,0.0,0.0,"(4989, 1672, 0)","(7039.5, 1672.0, 0)"
680,226,2,XRSTR_1,-28788.25768954107,27814.0,949178.0456299058,"(4989, 1672, 0)","(4989.0, 1672.0, 0)"
681,227,0,XRSTR_1,0.0,0.0,0.0,"(4989, 1672, 0)","(7572.5, 1672.0, 0)"
682,227,1,XRSTR_2,0.0,0.0,0.0,"(4989, 1672, 0)","(7039.5, 1672.0, 0)"
683,227,2,x1,-30047.0798293587,28985.0,1128013.563930605,"(4989, 1672, 0)","(4989.0, 1672.0, 0)"
684,228,0,XRSTR_2,0.0,0.0,0.0,"(4989, 1672, 0)","(7572.5, 1672.0, 0)"
685,228,1,XRSTR_1,0.0,0.0,0.0,"(4989, 1672, 0)","(7039.5, 1672.0, 0)"
686,228,2,x1,-30046.315914052546,28985.0,1126391.4694211932,"(4989, 1672, 0)","(4989.0, 1672.0, 0)"
687,229,0,XRSTR_2,0.0,0.0,0.0,"(4989, 1672, 0)","(7572.5, 1672.0, 0)"
688,229,1,XRSTR_1,0.0,0.0,0.0,"(4989, 1672, 0)","(7039.5, 1672.0, 0)"
689,229,2,x1,-30046.315914052546,28985.0,1126391.4694211932,"(4989, 1672, 0)","(4989.0, 1672.0, 0)"
690,230,0,XRSTR_1,0.0,0.0,0.0,"(4989, 1672, 0)","(7572.5, 1672.0, 0)"
691,230,1,XRSTR_2,0.0,0.0,0.0,"(4989, 1672, 0)","(7039.5, 1672.0, 0)"
692,230,2,x1,-30047.0798293587,28985.0,1128013.563930605,"(4989, 1672, 0)","(4989.0, 1672.0, 0)"
693,231,0,x1,0.0,0.0,0.0,"(4989, 1672, 0)","(7572.5, 1672.0, 0)"
694,231,1,XRSTR_1,0.0,0.0,0.0,"(4989, 1672, 0)","(5522.0, 1672.0, 0)"
695,231,2,XRSTR_2,-27919.207354783273,26886.0,1067517.43797825,"(4989, 1672, 0)","(4989.0, 1672.0, 0)"
696,232,0,x1,0.0,0.0,0.0,"(4989, 1672, 0)","(7572.5, 1672.0, 0)"
697,232,1,XRSTR_1,0.0,0.0,0.0,"(4989, 1672, 0)","(5522.0, 1672.0, 0)"
698,232,2,XRSTR_2,-27919.207354783273,26886.0,1067517.43797825,"(4989, 1672, 0)","(4989.0, 1672.0, 0)"
699,233,0,XRSTR_1,0.0,0.0,0.0,"(4989, 1672, 0)","(5522.0, -515.0, 0)"
700,233,1,x1,0.0,0.0,0.0,"(4989, 1672, 0)","(7039.5, 1672.0, 0)"
701,233,2,XRSTR_2,-28145.813989399154,27215.0,866414.682861168,"(4989, 1672, 0)","(4989.0, 1672.0, 0)"
702,234,0,x1,0.0,0.0,0.0,"(4989, 1672, 0)","(7572.5, 1672.0, 0)"
703,234,1,XRSTR_1,0.0,0.0,0.0,"(4989, 1672, 0)","(5522.0, 1672.0, 0)"
704,234,2,XRSTR_2,-27919.207354783273,26886.0,1067517.43797825,"(4989, 1672, 0)","(4989.0, 1672.0, 0)"
705,235,0,XRSTR_2,0.0,0.0,0.0,"(4989, 1672, 0)","(5522.0, -515.0, 0)"
706,235,1,x1,0.0,0.0,0.0,"(4989, 1672, 0)","(7039.5, 1672.0, 0)"
707,235,2,XRSTR_1,-28788.25768954107,27814.0,949178.0456299058,"(4989, 1672, 0)","(4989.0, 1672.0, 0)"
708,236,0,XRSTR_1,0.0,0.0,0.0,"(4989, 1672, 0)","(7572.5, 1672.0, 0)"
709,236,1,XRSTR_2,0.0,0.0,0.0,"(4989, 1672, 0)","(7039.5, 1672.0, 0)"
710,236,2,x1,-30047.0798293587,28985.0,1128013.563930605,"(4989, 1672, 0)","(4989.0, 1672.0, 0)"
711,237,0,XRSTR_1,0.0,0.0,0.0,"(4989, 1672, 0)","(7572.5, 1672.0, 0)"
712,237,1,XRSTR_2,0.0,0.0,0.0,"(4989, 1672, 0)","(7039.5, 1672.0, 0)"
713,237,2,x1,-30047.0798293587,28985.0,1128013.563930605,"(4989, 1672, 0)","(4989.0, 1672.0, 0)"
714,238,0,x1,0.0,0.0,0.0,"(4989, 1672, 0)","(7572.5, 1672.0, 0)"
715,238,1,XRSTR_2,0.0,0.0,0.0,"(4989, 1672, 0)","(5522.0, 1672.0, 0)"
716,238,2,XRSTR_1,-27920.318113647743,26886.0,1069813.9602198259,"(4989, 1672, 0)","(4989.0, 1672.0, 0)"
717,239,0,x1,0.0,0.0,0.0,"(4989, 1672, 0)","(7572.5, 1672.0, 0)"
718,239,1,XRSTR_2,0.0,0.0,0.0,"(4989, 1672, 0)","(5522.0, 1672.0, 0)"
719,239,2,XRSTR_1,-27920.318113647743,26886.0,1069813.9602198259,"(4989, 1672, 0)","(4989.0, 1672.0, 0)"
720,240,0,x1,0.0,0.0,0.0,"(4989, 1672, 0)","(7572.5, 1672.0, 0)"
721,240,1,XRSTR_1,0.0,0.0,0.0,"(4989, 1672, 0)","(5522.0, 1672.0, 0)"
722,240,2,XRSTR_2,-27919.207354783273,26886.0,1067517.43797825,"(4989, 1672, 0)","(4989.0, 1672.0, 0)"
723,241,0,XRSTR_1,0.0,0.0,0.0,"(4989, 1672, 0)","(7572.5, 1672.0, 0)"
724,241,1,XRSTR_2,0.0,0.0,0.0,"(4989, 1672, 0)","(7039.5, 1672.0, 0)"
725,241,2,x1,-30047.0798293587,28985.0,1128013.563930605,"(4989, 1672, 0)","(4989.0, 1672.0, 0)"
726,242,0,XRSTR_1,0.0,0.0,0.0,"(4989, 1672, 0)","(5522.0, -515.0, 0)"
727,242,1,x1,0.0,0.0,0.0,"(4989, 1672, 0)","(7039.5, 1672.0, 0)"
728,242,2,XRSTR_2,-28145.813989399154,27215.0,866414.682861168,"(4989, 1672, 0)","(4989.0, 1672.0, 0)"
729,243,0,XRSTR_1,0.0,0.0,0.0,"(4989, 1672, 0)","(5522.0, -515.0, 0)"
730,243,1,x1,0.0,0.0,0.0,"(4989, 1672, 0)","(7039.5, 1672.0, 0)"
731,243,2,XRSTR_2,-28145.813989399154,27215.0,866414.682861168,"(4989, 1672, 0)","(4989.0, 1672.0, 0)"
732,244,0,XRSTR_2,0.0,0.0,0.0,"(4989, 1672, 0)","(5522.0, -515.0, 0)"
733,244,1,x1,0.0,0.0,0.0,"(4989, 1672, 0)","(7039.5, 1672.0, 0)"
734,244,2,XRSTR_1,-28788.25768954107,27814.0,949178.0456299058,"(4989, 1672, 0)","(4989.0, 1672.0, 0)"
735,245,0,x1,0.0,0.0,0.0,"(4989, 1672, 0)","(7572.5, 1672.0, 0)"
736,245,1,XRSTR_2,0.0,0.0,0.0,"(4989, 1672, 0)","(5522.0, 1672.0, 0)"
737,245,2,XRSTR_1,-27920.318113647743,26886.0,1069813.9602198259,"(4989, 1672, 0)","(4989.0, 1672.0, 0)"
738,246,0,XRSTR_1,0.0,0.0,0.0,"(4989, 1672, 0)","(7572.5, 1672.0, 0)"
739,246,1,XRSTR_2,0.0,0.0,0.0,"(4989, 1672, 0)","(7039.5, 1672.0, 0)"
740,246,2,x1,-30047.0798293587,28985.0,1128013.563930605,"(4989, 1672, 0)","(4989.0, 1672.0, 0)"
741,247,0,XRSTR_1,0.0,0.0,0.0,"(4989, 1672, 0)","(7572.5, 1672.0, 0)"
742,247,1,XRSTR_2,0.0,0.0,0.0,"(4989, 1672, 0)","(7039.5, 1672.0, 0)"
743,247,2,x1,-30047.0798293587,28985.0,1128013.563930605,"(4989, 1672, 0)","(4989.0, 1672.0, 0)"
744,248,0,XRSTR_2,0.0,0.0,0.0,"(4989, 1672, 0)","(7572.5, 1672.0, 0)"
745,248,1,XRSTR_1,0.0,0.0,0.0,"(4989, 1672, 0)","(7039.5, 1672.0, 0)"
746,248,2,x1,-30046.315914052546,28985.0,1126391.4694211932,"(4989, 1672, 0)","(4989.0, 1672.0, 0)"
747,249,0,x1,0.0,0.0,0.0,"(4989, 1672, 0)","(7572.5, 1672.0, 0)"
748,249,1,XRSTR_1,0.0,0.0,0.0,"(4989, 1672, 0)","(5522.0, 1672.0, 0)"
749,249,2,XRSTR_2,-27919.207354783273,26886.0,1067517.43797825,"(4989, 1672, 0)","(4989.0, 1672.0, 0)"
750,250,0,x1,0.0,0.0,0.0,"(4989, 1672, 0)","(7572.5, 1672.0, 0)"
751,250,1,XRSTR_2,0.0,0.0,0.0,"(4989, 1672, 0)","(5522.0, 1672.0, 0)"
752,250,2,XRSTR_1,-27920.318113647743,26886.0,1069813.9602198259,"(4989, 1672, 0)","(4989.0, 1672.0, 0)"
753,251,0,XRSTR_2,0.0,0.0,0.0,"(4989, 1672, 0)","(5522.0, -515.0, 0)"
754,251,1,x1,0.0,0.0,0.0,"(4989, 1672, 0)","(7039.5, 1672.0, 0)"
755,251,2,XRSTR_1,-28788.25768954107,27814.0,949178.0456299058,"(4989, 1672, 0)","(4989.0, 1672.0, 0)"
756,252,0,XRSTR_2,0.0,0.0,0.0,"(4989, 1672, 0)","(7572.5, 1672.0, 0)"
757,252,1,XRSTR_1,0.0,0.0,0.0,"(4989, 1672, 0)","(7039.5, 1672.0, 0)"
758,252,2,x1,-30046.315914052546,28985.0,1126391.4694211932,"(4989, 1672, 0)","(4989.0, 1672.0, 0)"
759,253,0,XRSTR_1,0.0,0.0,0.0,"(4989, 1672, 0)","(5522.0, -515.0, 0)"
760,253,1,x1,0.0,0.0,0.0,"(4989, 1672, 0)","(7039.5, 1672.0, 0)"
761,253,2,XRSTR_2,-28145.813989399154,27215.0,866414.682861168,"(4989, 1672, 0)","(4989.0, 1672.0, 0)"
762,254,0,x1,0.0,0.0,0.0,"(4989, 1672, 0)","(7572.5, 1672.0, 0)"
763,254,1,XRSTR_1,0.0,0.0,0.0,"(4989, 1672, 0)","(5522.0, 1672.0, 0)"
764,254,2,XRSTR_2,-27919.207354783273,26886.0,1067517.43797825,"(4989, 1672, 0)","(4989.0, 1672.0, 0)"
765,255,0,XRSTR_2,0.0,0.0,0.0,"(4989, 1672, 0)","(5522.0, -515.0, 0)"
766,255,1,x1,0.0,0.0,0.0,"(4989, 1672, 0)","(7039.5, 1672.0, 0)"
767,255,2,XRSTR_1,-28788.25768954107,27814.0,949178.0456299058,"(4989, 1672, 0)","(4989.0, 1672.0, 0)"
768,256,0,XRSTR_2,0.0,0.0,0.0,"(4989, 1672, 0)","(5522.0, -515.0, 0)"
769,256,1,x1,0.0,0.0,0.0,"(4989, 1672, 0)","(7039.5, 1672.0, 0)"
770,256,2,XRSTR_1,-28788.25768954107,27814.0,949178.0456299058,"(4989, 1672, 0)","(4989.0, 1672.0, 0)"
771,257,0,XRSTR_1,0.0,0.0,0.0,"(4989, 1672, 0)","(7572.5, 1672.0, 0)"
772,257,1,XRSTR_2,0.0,0.0,0.0,"(4989, 1672, 0)","(7039.5, 1672.0, 0)"
773,257,2,x1,-30047.0798293587,28985.0,1128013.563930605,"(4989, 1672, 0)","(4989.0, 1672.0, 0)"
774,258,0,x1,0.0,0.0,0.0,"(4989, 1672, 0)","(7572.5, 1672.0, 0)"
775,258,1,XRSTR_1,0.0,0.0,0.0,"(4989, 1672, 0)","(5522.0, 1672.0, 0)"
776,258,2,XRSTR_2,-27919.207354783273,26886.0,1067517.43797825,"(4989, 1672, 0)","(4989.0, 1672.0, 0)"
777,259,0,XRSTR_2,0.0,0.0,0.0,"(4989, 1672, 0)","(5522.0, -515.0, 0)"
778,259,1,x1,0.0,0.0,0.0,"(4989, 1672, 0)","(7039.5, 1672.0, 0)"
779,259,2,XRSTR_1,-28788.25768954107,27814.0,949178.0456299058,"(4989, 1672, 0)","(4989.0, 1672.0, 0)"
780,260,0,XRSTR_1,0.0,0.0,0.0,"(4989, 1672, 0)","(5522.0, -515.0, 0)"
781,260,1,x1,0.0,0.0,0.0,"(4989, 1672, 0)","(7039.5, 1672.0, 0)"
782,260,2,XRSTR_2,-28145.813989399154,27215.0,866414.682861168,"(4989, 1672, 0)","(4989.0, 1672.0, 0)"
783,261,0,XRSTR_1,0.0,0.0,0.0,"(4989, 1672, 0)","(5522.0, -515.0, 0)"
784,261,1,x1,0.0,0.0,0.0,"(4989, 1672, 0)","(7039.5, 1672.0, 0)"
785,261,2,XRSTR_2,-28145.813989399154,27215.0,866414.682861168,"(4989, 1672, 0)","(4989.0, 1672.0, 0)"
786,262,0,XRSTR_1,0.0,0.0,0.0,"(4989, 1672, 0)","(7572.5, 1672.0, 0)"
787,262,1,XRSTR_2,0.0,0.0,0.0,"(4989, 1672, 0)","(7039.5, 1672.0, 0)"
788,262,2,x1,-30047.0798293587,28985.0,1128013.563930605,"(4989, 1672, 0)","(4989.0, 1672.0, 0)"
789,263,0,XRSTR_2,0.0,0.0,0.0,"(4989, 1672, 0)","(7572.5, 1672.0, 0)"
790,263,1,XRSTR_1,0.0,0.0,0.0,"(4989, 1672, 0)","(7039.5, 1672.0, 0)"
791,263,2,x1,-30046.315914052546,28985.0,1126391.4694211932,"(4989, 1672, 0)","(4989.0, 1672.0, 0)"
792,264,0,x1,0.0,0.0,0.0,"(4989, 1672, 0)","(7572.5, 1672.0, 0)"
793,264,1,XRSTR_1,0.0,0.0,0.0,"(4989, 1672, 0)","(5522.0, 1672.0, 0)"
794,264,2,XRSTR_2,-27919.207354783273,26886.0,1067517.43797825,"(4989, 1672, 0)","(4989.0, 1672.0, 0)"
795,265,0,XRSTR_1,0.0,0.0,0.0,"(4989, 1672, 0)","(7572.5, 1672.0, 0)"
796,265,1,XRSTR_2,0.0,0.0,0.0,"(4989, 1672, 0)","(7039.5, 1672.0, 0)"
797,265,2,x1,-30047.0798293587,28985.0,1128013.563930605,"(4989, 1672, 0)","(4989.0, 1672.0, 0)"
798,266,0,XRSTR_2,0.0,0.0,0.0,"(4989, 1672, 0)","(7572.5, 1672.0, 0)"
799,266,1,XRSTR_1,0.0,0.0,0.0,"(4989, 1672, 0)","(7039.5, 1672.0, 0)"
800,266,2,x1,-30046.315914052546,28985.0,1126391.4694211932,"(4989, 1672, 0)","(4989.0, 1672.0, 0)"
801,267,0,XRSTR_2,0.0,0.0,0.0,"(4989, 1672, 0)","(5522.0, -515.0, 0)"
802,267,1,x1,0.0,0.0,0.0,"(4989, 1672, 0)","(7039.5, 1672.0, 0)"
803,267,2,XRSTR_1,-28788.25768954107,27814.0,949178.0456299058,"(4989, 1672, 0)","(4989.0, 1672.0, 0)"
804,268,0,XRSTR_2,0.0,0.0,0.0,"(4989, 1672, 0)","(7572.5, 1672.0, 0)"
805,268,1,XRSTR_1,0.0,0.0,0.0,"(4989, 1672, 0)","(7039.5, 1672.0, 0)"
806,268,2,x1,-30046.315914052546,28985.0,1126391.4694211932,"(4989, 1672, 0)","(4989.0, 1672.0, 0)"
807,269,0,XRSTR_1,0.0,0.0,0.0,"(4989, 1672, 0)","(5522.0, -515.0, 0)"
808,269,1,x1,0.0,0.0,0.0,"(4989, 1672, 0)","(7039.5, 1672.0, 0)"
809,269,2,XRSTR_2,-28145.813989399154,27215.0,866414.682861168,"(4989, 1672, 0)","(4989.0, 1672.0, 0)"
810,270,0,XRSTR_1,0.0,0.0,0.0,"(4989, 1672, 0)","(7572.5, 1672.0, 0)"
811,270,1,XRSTR_2,0.0,0.0,0.0,"(4989, 1672, 0)","(7039.5, 1672.0, 0)"
812,270,2,x1,-30047.0798293587,28985.0,1128013.563930605,"(4989, 1672, 0)","(4989.0, 1672.0, 0)"
813,271,0,XRSTR_2,0.0,0.0,0.0,"(4989, 1672, 0)","(5522.0, -515.0, 0)"
814,271,1,x1,0.0,0.0,0.0,"(4989, 1672, 0)","(7039.5, 1672.0, 0)"
815,271,2,XRSTR_1,-28788.25768954107,27814.0,949178.0456299058,"(4989, 1672, 0)","(4989.0, 1672.0, 0)"
816,272,0,x1,0.0,0.0,0.0,"(4989, 1672, 0)","(7572.5, 1672.0, 0)"
817,272,1,XRSTR_2,0.0,0.0,0.0,"(4989, 1672, 0)","(5522.0, 1672.0, 0)"
818,272,2,XRSTR_1,-27920.318113647743,26886.0,1069813.9602198259,"(4989, 1672, 0)","(4989.0, 1672.0, 0)"
819,273,0,x1,0.0,0.0,0.0,"(4989, 1672, 0)","(7572.5, 1672.0, 0)"
820,273,1,XRSTR_1,0.0,0.0,0.0,"(4989, 1672, 0)","(5522.0, 1672.0, 0)"
821,273,2,XRSTR_2,-27919.207354783273,26886.0,1067517.43797825,"(4989, 1672, 0)","(4989.0, 1672.0, 0)"
822,274,0,XRSTR_2,0.0,0.0,0.0,"(4989, 1672, 0)","(5522.0, -515.0, 0)"
823,274,1,x1,0.0,0.0,0.0,"(4989, 1672, 0)","(7039.5, 1672.0, 0)"
824,274,2,XRSTR_1,-28788.25768954107,27814.0,949178.0456299058,"(4989, 1672, 0)","(4989.0, 1672.0, 0)"
825,275,0,XRSTR_2,0.0,0.0,0.0,"(4989, 1672, 0)","(7572.5, 1672.0, 0)"
826,275,1,XRSTR_1,0.0,0.0,0.0,"(4989, 1672, 0)","(7039.5, 1672.0, 0)"
827,275,2,x1,-30046.315914052546,28985.0,1126391.4694211932,"(4989, 1672, 0)","(4989.0, 1672.0, 0)"
828,276,0,x1,0.0,0.0,0.0,"(4989, 1672, 0)","(7572.5, 1672.0, 0)"
829,276,1,XRSTR_2,0.0,0.0,0.0,"(4989, 1672, 0)","(5522.0, 1672.0, 0)"
830,276,2,XRSTR_1,-27920.318113647743,26886.0,1069813.9602198259,"(4989, 1672, 0)","(4989.0, 1672.0, 0)"
831,277,0,x1,0.0,0.0,0.0,"(4989, 1672, 0)","(7572.5, 1672.0, 0)"
832,277,1,XRSTR_2,0.0,0.0,0.0,"(4989, 1672, 0)","(5522.0, 1672.0, 0)"
833,277,2,XRSTR_1,-27920.318113647743,26886.0,1069813.9602198259,"(4989, 1672, 0)","(4989.0, 1672.0, 0)"
834,278,0,XRSTR_2,0.0,0.0,0.0,"(4989, 1672, 0)","(7572.5, 1672.0, 0)"
835,278,1,XRSTR_1,0.0,0.0,0.0,"(4989, 1672, 0)","(7039.5, 1672.0, 0)"
836,278,2,x1,-30046.315914052546,28985.0,1126391.4694211932,"(4989, 1672, 0)","(4989.0, 1672.0, 0)"
837,279,0,x1,0.0,0.0,0.0,"(4989, 1672, 0)","(7572.5, 1672.0, 0)"
838,279,1,XRSTR_1,0.0,0.0,0.0,"(4989, 1672, 0)","(5522.0, 1672.0, 0)"
839,279,2,XRSTR_2,-27919.207354783273,26886.0,1067517.43797825,"(4989, 1672, 0)","(4989.0, 1672.0, 0)"
840,280,0,XRSTR_2,0.0,0.0,0.0,"(4989, 1672, 0)","(5522.0, -515.0, 0)"
841,280,1,x1,0.0,0.0,0.0,"(4989, 1672, 0)","(7039.5, 1672.0, 0)"
842,280,2,XRSTR_1,-28788.25768954107,27814.0,949178.0456299058,"(4989, 1672, 0)","(4989.0, 1672.0, 0)"
843,281,0,XRSTR_1,0.0,0.0,0.0,"(4989, 1672, 0)","(7572.5, 1672.0, 0)"
844,281,1,XRSTR_2,0.0,0.0,0.0,"(4989, 1672, 0)","(7039.5, 1672.0, 0)"
845,281,2,x1,-30047.0798293587,28985.0,1128013.563930605,"(4989, 1672, 0)","(4989.0, 1672.0, 0)"
846,282,0,XRSTR_2,0.0,0.0,0.0,"(4989, 1672, 0)","(7572.5, 1672.0, 0)"
847,282,1,XRSTR_1,0.0,0.0,0.0,"(4989, 1672, 0)","(7039.5, 1672.0, 0)"
848,282,2,x1,-30046.315914052546,28985.0,1126391.4694211932,"(4989, 1672, 0)","(4989.0, 1672.0, 0)"
849,283,0,XRSTR_1,0.0,0.0,0.0,"(4989, 1672, 0)","(5522.0, -515.0, 0)"
850,283,1,x1,0.0,0.0,0.0,"(4989, 1672, 0)","(7039.5, 1672.0, 0)"
851,283,2,XRSTR_2,-28145.813989399154,27215.0,866414.682861168,"(4989, 1672, 0)","(4989.0, 1672.0, 0)"
852,284,0,XRSTR_2,0.0,0.0,0.0,"(4989, 1672, 0)","(7572.5, 1672.0, 0)"
853,284,1,XRSTR_1,0.0,0.0,0.0,"(4989, 1672, 0)","(7039.5, 1672.0, 0)"
854,284,2,x1,-30046.315914052546,28985.0,1126391.4694211932,"(4989, 1672, 0)","(4989.0, 1672.0, 0)"
855,285,0,x1,0.0,0.0,0.0,"(4989, 1672, 0)","(7572.5, 1672.0, 0)"
856,285,1,XRSTR_1,0.0,0.0,0.0,"(4989, 1672, 0)","(5522.0, 1672.0, 0)"
857,285,2,XRSTR_2,-27919.207354783273,26886.0,1067517.43797825,"(4989, 1672, 0)","(4989.0, 1672.0, 0)"
858,286,0,XRSTR_2,0.0,0.0,0.0,"(4989, 1672, 0)","(5522.0, -515.0, 0)"
859,286,1,x1,0.0,0.0,0.0,"(4989, 1672, 0)","(7039.5, 1672.0, 0)"
860,286,2,XRSTR_1,-28788.25768954107,27814.0,949178.0456299058,"(4989, 1672, 0)","(4989.0, 1672.0, 0)"
861,287,0,x1,0.0,0.0,0.0,"(4989, 1672, 0)","(7572.5, 1672.0, 0)"
862,287,1,XRSTR_2,0.0,0.0,0.0,"(4989, 1672, 0)","(5522.0, 1672.0, 0)"
863,287,2,XRSTR_1,-27920.318113647743,26886.0,1069813.9602198259,"(4989, 1672, 0)","(4989.0, 1672.0, 0)"
864,288,0,x1,0.0,0.0,0.0,"(4989, 1672, 0)","(7572.5, 1672.0, 0)"
865,288,1,XRSTR_2,0.0,0.0,0.0,"(4989, 1672, 0)","(5522.0, 1672.0, 0)"
866,288,2,XRSTR_1,-27920.318113647743,26886.0,1069813.9602198259,"(4989, 1672, 0)","(4989.0, 1672.0, 0)"
867,289,0,XRSTR_2,0.0,0.0,0.0,"(4989, 1672, 0)","(5522.0, -515.0, 0)"
868,289,1,x1,0.0,0.0,0.0,"(4989, 1672, 0)","(7039.5, 1672.0, 0)"
869,289,2,XRSTR_1,-28788.25768954107,27814.0,949178.0456299058,"(4989, 1672, 0)","(4989.0, 1672.0, 0)"
870,290,0,XRSTR_1,0.0,0.0,0.0,"(4989, 1672, 0)","(7572.5, 1672.0, 0)"
871,290,1,XRSTR_2,0.0,0.0,0.0,"(4989, 1672, 0)","(7039.5, 1672.0, 0)"
872,290,2,x1,-30047.0798293587,28985.0,1128013.563930605,"(4989, 1672, 0)","(4989.0, 1672.0, 0)"
873,291,0,XRSTR_2,0.0,0.0,0.0,"(4989, 1672, 0)","(7572.5, 1672.0, 0)"
874,291,1,XRSTR_1,0.0,0.0,0.0,"(4989, 1672, 0)","(7039.5, 1672.0, 0)"
875,291,2,x1,-30046.315914052546,28985.0,1126391.4694211932,"(4989, 1672, 0)","(4989.0, 1672.0, 0)"
876,292,0,XRSTR_2,0.0,0.0,0.0,"(4989, 1672, 0)","(7572.5, 1672.0, 0)"
877,292,1,XRSTR_1,0.0,0.0,0.0,"(4989, 1672, 0)","(7039.5, 1672.0, 0)"
878,292,2,x1,-30046.315914052546,28985.0,1126391.4694211932,"(4989, 1672, 0)","(4989.0, 1672.0, 0)"
879,293,0,XRSTR_1,0.0,0.0,0.0,"(4989, 1672, 0)","(5522.0, -515.0, 0)"
880,293,1,x1,0.0,0.0,0.0,"(4989, 1672, 0)","(7039.5, 1672.0, 0)"
881,293,2,XRSTR_2,-28145.813989399154,27215.0,866414.682861168,"(4989, 1672, 0)","(4989.0, 1672.0, 0)"
882,294,0,x1,0.0,0.0,0.0,"(4989, 1672, 0)","(7572.5, 1672.0, 0)"
883,294,1,XRSTR_1,0.0,0.0,0.0,"(4989, 1672, 0)","(5522.0, 1672.0, 0)"
884,294,2,XRSTR_2,-27919.207354783273,26886.0,1067517.43797825,"(4989, 1672, 0)","(4989.0, 1672.0, 0)"
885,295,0,x1,0.0,0.0,0.0,"(4989, 1672, 0)","(7572.5, 1672.0, 0)"
886,295,1,XRSTR_1,0.0,0.0,0.0,"(4989, 1672, 0)","(5522.0, 1672.0, 0)"
887,295,2,XRSTR_2,-27919.207354783273,26886.0,1067517.43797825,"(4989, 1672, 0)","(4989.0, 1672.0, 0)"
888,296,0,XRSTR_1,0.0,0.0,0.0,"(4989, 1672, 0)","(5522.0, -515.0, 0)"
889,296,1,x1,0.0,0.0,0.0,"(4989, 1672, 0)","(7039.5, 1672.0, 0)"
890,296,2,XRSTR_2,-28145.813989399154,27215.0,866414.682861168,"(4989, 1672, 0)","(4989.0, 1672.0, 0)"
891,297,0,XRSTR_2,0.0,0.0,0.0,"(4989, 1672, 0)","(7572.5, 1672.0, 0)"
892,297,1,XRSTR_1,0.0,0.0,0.0,"(4989, 1672, 0)","(7039.5, 1672.0, 0)"
893,297,2,x1,-30046.315914052546,28985.0,1126391.4694211932,"(4989, 1672, 0)","(4989.0, 1672.0, 0)"
894,298,0,XRSTR_1,0.0,0.0,0.0,"(4989, 1672, 0)","(7572.5, 1672.0, 0)"
895,298,1,XRSTR_2,0.0,0.0,0.0,"(4989, 1672, 0)","(7039.5, 1672.0, 0)"
896,298,2,x1,-30047.0798293587,28985.0,1128013.563930605,"(4989, 1672, 0)","(4989.0, 1672.0, 0)"
897,299,0,XRSTR_1,0.0,0.0,0.0,"(4989, 1672, 0)","(5522.0, -515.0, 0)"
898,299,1,x1,0.0,0.0,0.0,"(4989, 1672, 0)","(7039.5, 1672.0, 0)"
899,299,2,XRSTR_2,-28145.813989399154,27215.0,866414.682861168,"(4989, 1672, 0)","(4989.0, 1672.0, 0)"
900,300,0,XRSTR_2,0.0,0.0,0.0,"(4989, 1327, 0)","(7572.5, 1327.0, 0)"
901,300,1,XRSTR_1,0.0,0.0,0.0,"(4989, 1327, 0)","(7039.5, 1327.0, 0)"
902,300,2,x1,-30046.315914052546,28985.0,1126391.4694211932,"(4989, 1327, 0)","(4989.0, 1327.0, 0)"
903,301,0,XRSTR_1,0.0,0.0,0.0,"(4989, 1327, 0)","(7572.5, 1327.0, 0)"
904,301,1,XRSTR_2,0.0,0.0,0.0,"(4989, 1327, 0)","(7039.5, 1327.0, 0)"
905,301,2,x1,-30047.0798293587,28985.0,1128013.563930605,"(4989, 1327, 0)","(4989.0, 1327.0, 0)"
906,302,0,x1,0.0,0.0,0.0,"(4989, 1327, 0)","(7572.5, 1327.0, 0)"
907,302,1,XRSTR_1,0.0,0.0,0.0,"(4989, 1327, 0)","(5522.0, 1327.0, 0)"
908,302,2,XRSTR_2,-27919.207354783273,26886.0,1067517.43797825,"(4989, 1327, 0)","(4989.0, 1327.0, 0)"
909,303,0,XRSTR_1,0.0,0.0,0.0,"(4989, 1327, 0)","(5522.0, 1327.0, 0)"
910,303,1,XRSTR_2,0.0,0.0,0.0,"(4989, 1327, 0)","(4989.0, 1327.0, 0)"
911,303,2,x1,-34741.251008939216,33670.0,1147578.7241532907,"(4989, 4951, 0)","(4989.0, 4951.0, 0)"
912,304,0,x1,0.0,0.0,0.0,"(4989, 1327, 0)","(7572.5, 1327.0, 0)"
913,304,1,XRSTR_2,0.0,0.0,0.0,"(4989, 1327, 0)","(5522.0, 1327.0, 0)"
914,304,2,XRSTR_1,-27920.318113647743,26886.0,1069813.9602198259,"(4989, 1327, 0)","(4989.0, 1327.0, 0)"
915,305,0,XRSTR_2,0.0,0.0,0.0,"(4989, 1327, 0)","(7572.5, 1327.0, 0)"
916,305,1,XRSTR_1,0.0,0.0,0.0,"(4989, 1327, 0)","(7039.5, 1327.0, 0)"
917,305,2,x1,-30046.315914052546,28985.0,1126391.4694211932,"(4989, 1327, 0)","(4989.0, 1327.0, 0)"
918,306,0,XRSTR_1,0.0,0.0,0.0,"(4989, 1327, 0)","(5522.0, -860.0, 0)"
919,306,1,x1,0.0,0.0,0.0,"(4989, 1327, 0)","(7039.5, 1327.0, 0)"
920,306,2,XRSTR_2,-28145.813989399154,27215.0,866414.682861168,"(4989, 1327, 0)","(4989.0, 1327.0, 0)"
921,307,0,XRSTR_2,0.0,0.0,0.0,"(4989, 1327, 0)","(7572.5, 1327.0, 0)"
922,307,1,XRSTR_1,0.0,0.0,0.0,"(4989, 1327, 0)","(7039.5, 1327.0, 0)"
923,307,2,x1,-30046.315914052546,28985.0,1126391.4694211932,"(4989, 1327, 0)","(4989.0, 1327.0, 0)"
924,308,0,x1,0.0,0.0,0.0,"(4989, 1327, 0)","(7572.5, 1327.0, 0)"
925,308,1,XRSTR_2,0.0,0.0,0.0,"(4989, 1327, 0)","(5522.0, 1327.0, 0)"
926,308,2,XRSTR_1,-27920.318113647743,26886.0,1069813.9602198259,"(4989, 1327, 0)","(4989.0, 1327.0, 0)"
927,309,0,x1,0.0,0.0,0.0,"(4989, 1327, 0)","(7572.5, 1327.0, 0)"
928,309,1,XRSTR_1,0.0,0.0,0.0,"(4989, 1327, 0)","(5522.0, 1327.0, 0)"
929,309,2,XRSTR_2,-27919.207354783273,26886.0,1067517.43797825,"(4989, 1327, 0)","(4989.0, 1327.0, 0)"
930,310,0,XRSTR_2,0.0,0.0,0.0,"(4989, 1327, 0)","(5522.0, -860.0, 0)"
931,310,1,x1,0.0,0.0,0.0,"(4989, 1327, 0)","(7039.5, 1327.0, 0)"
932,310,2,XRSTR_1,-28788.25768954107,27814.0,949178.0456299058,"(4989, 1327, 0)","(4989.0, 1327.0, 0)"
933,311,0,XRSTR_2,0.0,0.0,0.0,"(4989, 1327, 0)","(7572.5, 1327.0, 0)"
934,311,1,XRSTR_1,0.0,0.0,0.0,"(4989, 1327, 0)","(7039.5, 1327.0, 0)"
935,311,2,x1,-30046.315914052546,28985.0,1126391.4694211932,"(4989, 1327, 0)","(4989.0, 1327.0, 0)"
936,312,0,x1,0.0,0.0,0.0,"(4989, 1327, 0)","(7572.5, 1327.0, 0)"
937,312,1,XRSTR_1,0.0,0.0,0.0,"(4989, 1327, 0)","(5522.0, 1327.0, 0)"
938,312,2,XRSTR_2,-27919.207354783273,26886.0,1067517.43797825,"(4989, 1327, 0)","(4989.0, 1327.0, 0)"
939,313,0,XRSTR_1,0.0,0.0,0.0,"(4989, 1327, 0)","(7039.5, 1327.0, 0)"
940,313,1,XRSTR_2,0.0,0.0,0.0,"(4989, 4951, 0)","(4989.0, 4951.0, 0)"
941,313,2,x1,-34028.50865935536,33018.0,1021127.7506321586,"(4989, 1327, 0)","(4989.0, 1327.0, 0)"
942,314,0,x1,0.0,0.0,0.0,"(4989, 1327, 0)","(7572.5, 1327.0, 0)"
943,314,1,XRSTR_2,0.0,0.0,0.0,"(4989, 1327, 0)","(5522.0, 1327.0, 0)"
944,314,2,XRSTR_1,-27920.318113647743,26886.0,1069813.9602198259,"(4989, 1327, 0)","(4989.0, 1327.0, 0)"
945,315,0,XRSTR_1,0.0,0.0,0.0,"(4989, 1327, 0)","(5522.0, -860.0, 0)"
946,315,1,x1,0.0,0.0,0.0,"(4989, 1327, 0)","(7039.5, 1327.0, 0)"
947,315,2,XRSTR_2,-28145.813989399154,27215.0,866414.682861168,"(4989, 1327, 0)","(4989.0, 1327.0, 0)"
948,316,0,XRSTR_2,0.0,0.0,0.0,"(4989, 1327, 0)","(5522.0, -860.0, 0)"
949,316,1,x1,0.0,0.0,0.0,"(4989, 1327, 0)","(7039.5, 1327.0, 0)"
950,316,2,XRSTR_1,-28788.25768954107,27814.0,949178.0456299058,"(4989, 1327, 0)","(4989.0, 1327.0, 0)"
951,317,0,x1,0.0,0.0,0.0,"(4989, 1327, 0)","(7572.5, 1327.0, 0)"
952,317,1,XRSTR_1,0.0,0.0,0.0,"(4989, 1327, 0)","(5522.0, 1327.0, 0)"
953,317,2,XRSTR_2,-27919.207354783273,26886.0,1067517.43797825,"(4989, 1327, 0)","(4989.0, 1327.0, 0)"
954,318,0,XRSTR_2,0.0,0.0,0.0,"(4989, 1327, 0)","(7572.5, 1327.0, 0)"
955,318,1,XRSTR_1,0.0,0.0,0.0,"(4989, 1327, 0)","(7039.5, 1327.0, 0)"
956,318,2,x1,-30046.315914052546,28985.0,1126391.4694211932,"(4989, 1327, 0)","(4989.0, 1327.0, 0)"
957,319,0,x1,0.0,0.0,0.0,"(4989, 1327, 0)","(7572.5, 1327.0, 0)"
958,319,1,XRSTR_1,0.0,0.0,0.0,"(4989, 1327, 0)","(5522.0, 1327.0, 0)"
959,319,2,XRSTR_2,-27919.207354783273,26886.0,1067517.43797825,"(4989, 1327, 0)","(4989.0, 1327.0, 0)"
960,320,0,x1,0.0,0.0,0.0,"(4989, 1327, 0)","(7572.5, 1327.0, 0)"
961,320,1,XRSTR_1,0.0,0.0,0.0,"(4989, 1327, 0)","(5522.0, 1327.0, 0)"
962,320,2,XRSTR_2,-27919.207354783273,26886.0,1067517.43797825,"(4989, 1327, 0)","(4989.0, 1327.0, 0)"
963,321,0,XRSTR_1,0.0,0.0,0.0,"(4989, 1327, 0)","(5522.0, -860.0, 0)"
964,321,1,x1,0.0,0.0,0.0,"(4989, 1327, 0)","(7039.5, 1327.0, 0)"
965,321,2,XRSTR_2,-28145.813989399154,27215.0,866414.682861168,"(4989, 1327, 0)","(4989.0, 1327.0, 0)"
966,322,0,XRSTR_1,0.0,0.0,0.0,"(4989, 1327, 0)","(7572.5, 1327.0, 0)"
967,322,1,XRSTR_2,0.0,0.0,0.0,"(4989, 1327, 0)","(7039.5, 1327.0, 0)"
968,322,2,x1,-30047.0798293587,28985.0,1128013.563930605,"(4989, 1327, 0)","(4989.0, 1327.0, 0)"
969,323,0,XRSTR_1,0.0,0.0,0.0,"(4989, 1327, 0)","(5522.0, -860.0, 0)"
970,323,1,x1,0.0,0.0,0.0,"(4989, 1327, 0)","(7039.5, 1327.0, 0)"
971,323,2,XRSTR_2,-28145.813989399154,27215.0,866414.682861168,"(4989, 1327, 0)","(4989.0, 1327.0, 0)"
972,324,0,XRSTR_1,0.0,0.0,0.0,"(4989, 1327, 0)","(5522.0, -860.0, 0)"
973,324,1,x1,0.0,0.0,0.0,"(4989, 1327, 0)","(7039.5, 1327.0, 0)"
974,324,2,XRSTR_2,-28145.813989399154,27215.0,866414.682861168,"(4989, 1327, 0)","(4989.0, 1327.0, 0)"
975,325,0,XRSTR_2,0.0,0.0,0.0,"(4989, 1327, 0)","(5522.0, -860.0, 0)"
976,325,1,x1,0.0,0.0,0.0,"(4989, 1327, 0)","(7039.5, 1327.0, 0)"
977,325,2,XRSTR_1,-28788.25768954107,27814.0,949178.0456299058,"(4989, 1327, 0)","(4989.0, 1327.0, 0)"
978,326,0,x1,0.0,0.0,0.0,"(4989, 1327, 0)","(7039.5, 1327.0, 0)"
979,326,1,XRSTR_2,0.0,0.0,0.0,"(4989, 1327, 0)","(4989.0, 1327.0, 0)"
980,326,2,XRSTR_1,-34575.012402771594,33439.5,1289388.4168481242,"(4989, 4951, 0)","(4989.0, 4951.0, 0)"
981,327,0,XRSTR_1,0.0,0.0,0.0,"(4989, 1327, 0)","(5522.0, -860.0, 0)"
982,327,1,x1,0.0,0.0,0.0,"(4989, 1327, 0)","(7039.5, 1327.0, 0)"
983,327,2,XRSTR_2,-28145.813989399154,27215.0,866414.682861168,"(4989, 1327, 0)","(4989.0, 1327.0, 0)"
984,328,0,XRSTR_1,0.0,0.0,0.0,"(4989, 1327, 0)","(5522.0, -860.0, 0)"
985,328,1,x1,0.0,0.0,0.0,"(4989, 1327, 0)","(7039.5, 1327.0, 0)"
986,328,2,XRSTR_2,-28145.813989399154,27215.0,866414.682861168,"(4989, 1327, 0)","(4989.0, 1327.0, 0)"
987,329,0,XRSTR_1,0.0,0.0,0.0,"(4989, 1327, 0)","(5522.0, -860.0, 0)"
988,329,1,x1,0.0,0.0,0.0,"(4989, 1327, 0)","(7039.5, 1327.0, 0)"
989,329,2,XRSTR_2,-28145.813989399154,27215.0,866414.682861168,"(4989, 1327, 0)","(4989.0, 1327.0, 0)"
990,330,0,XRSTR_2,0.0,0.0,0.0,"(4989, 1327, 0)","(5522.0, -860.0, 0)"
991,330,1,x1,0.0,0.0,0.0,"(4989, 1327, 0)","(7039.5, 1327.0, 0)"
992,330,2,XRSTR_1,-28788.25768954107,27814.0,949178.0456299058,"(4989, 1327, 0)","(4989.0, 1327.0, 0)"
993,331,0,x1,0.0,0.0,0.0,"(4989, 1327, 0)","(7572.5, 1327.0, 0)"
994,331,1,XRSTR_2,0.0,0.0,0.0,"(4989, 1327, 0)","(5522.0, 1327.0, 0)"
995,331,2,XRSTR_1,-27920.318113647743,26886.0,1069813.9602198259,"(4989, 1327, 0)","(4989.0, 1327.0, 0)"
996,332,0,x1,0.0,0.0,0.0,"(4989, 1327, 0)","(7572.5, 1327.0, 0)"
997,332,1,XRSTR_1,0.0,0.0,0.0,"(4989, 1327, 0)","(5522.0, 1327.0, 0)"
998,332,2,XRSTR_2,-27919.207354783273,26886.0,1067517.43797825,"(4989, 1327, 0)","(4989.0, 1327.0, 0)"
999,333,0,x1,0.0,0.0,0.0,"(4989, 1327, 0)","(7572.5, 1327.0, 0)"
1000,333,1,XRSTR_1,0.0,0.0,0.0,"(4989, 1327, 0)","(5522.0, 1327.0, 0)"
1001,333,2,XRSTR_2,-27919.207354783273,26886.0,1067517.43797825,"(4989, 1327, 0)","(4989.0, 1327.0, 0)"
1002,334,0,XRSTR_2,0.0,0.0,0.0,"(4989, 1327, 0)","(7572.5, 1327.0, 0)"
1003,334,1,XRSTR_1,0.0,0.0,0.0,"(4989, 1327, 0)","(7039.5, 1327.0, 0)"
1004,334,2,x1,-30046.315914052546,28985.0,1126391.4694211932,"(4989, 1327, 0)","(4989.0, 1327.0, 0)"
1005,335,0,x1,0.0,0.0,0.0,"(4989, 1327, 0)","(7572.5, 1327.0, 0)"
1006,335,1,XRSTR_2,0.0,0.0,0.0,"(4989, 1327, 0)","(5522.0, 1327.0, 0)"
1007,335,2,XRSTR_1,-27920.318113647743,26886.0,1069813.9602198259,"(4989, 1327, 0)","(4989.0, 1327.0, 0)"
1008,336,0,XRSTR_1,0.0,0.0,0.0,"(4989, 1327, 0)","(5522.0, -860.0, 0)"
1009,336,1,x1,0.0,0.0,0.0,"(4989, 1327, 0)","(7039.5, 1327.0, 0)"
1010,336,2,XRSTR_2,-28145.813989399154,27215.0,866414.682861168,"(4989, 1327, 0)","(4989.0, 1327.0, 0)"
1011,337,0,XRSTR_1,0.0,0.0,0.0,"(4989, 1327, 0)","(7572.5, 1327.0, 0)"
1012,337,1,XRSTR_2,0.0,0.0,0.0,"(4989, 1327, 0)","(7039.5, 1327.0, 0)"
1013,337,2,x1,-30047.0798293587,28985.0,1128013.563930605,"(4989, 1327, 0)","(4989.0, 1327.0, 0)"
1014,338,0,XRSTR_1,0.0,0.0,0.0,"(4989, 1327, 0)","(7572.5, 1327.0, 0)"
1015,338,1,XRSTR_2,0.0,0.0,0.0,"(4989, 1327, 0)","(7039.5, 1327.0, 0)"
1016,338,2,x1,-30047.0798293587,28985.0,1128013.563930605,"(4989, 1327, 0)","(4989.0, 1327.0, 0)"
1017,339,0,x1,0.0,0.0,0.0,"(4989, 1327, 0)","(7572.5, 1327.0, 0)"
1018,339,1,XRSTR_2,0.0,0.0,0.0,"(4989, 1327, 0)","(5522.0, 1327.0, 0)"
1019,339,2,XRSTR_1,-27920.318113647743,26886.0,1069813.9602198259,"(4989, 1327, 0)","(4989.0, 1327.0, 0)"
1020,340,0,x1,0.0,0.0,0.0,"(4989, 1327, 0)","(7572.5, 1327.0, 0)"
1021,340,1,XRSTR_2,0.0,0.0,0.0,"(4989, 1327, 0)","(5522.0, 1327.0, 0)"
1022,340,2,XRSTR_1,-27920.318113647743,26886.0,1069813.9602198259,"(4989, 1327, 0)","(4989.0, 1327.0, 0)"
1023,341,0,x1,0.0,0.0,0.0,"(4989, 1327, 0)","(7572.5, 1327.0, 0)"
1024,341,1,XRSTR_2,0.0,0.0,0.0,"(4989, 1327, 0)","(5522.0, 1327.0, 0)"
1025,341,2,XRSTR_1,-27920.318113647743,26886.0,1069813.9602198259,"(4989, 1327, 0)","(4989.0, 1327.0, 0)"
1026,342,0,x1,0.0,0.0,0.0,"(4989, 1327, 0)","(7572.5, 1327.0, 0)"
1027,342,1,XRSTR_1,0.0,0.0,0.0,"(4989, 1327, 0)","(5522.0, 1327.0, 0)"
1028,342,2,XRSTR_2,-27919.207354783273,26886.0,1067517.43797825,"(4989, 1327, 0)","(4989.0, 1327.0, 0)"
1029,343,0,XRSTR_1,0.0,0.0,0.0,"(4989, 1327, 0)","(5522.0, -860.0, 0)"
1030,343,1,x1,0.0,0.0,0.0,"(4989, 1327, 0)","(7039.5, 1327.0, 0)"
1031,343,2,XRSTR_2,-28145.813989399154,27215.0,866414.682861168,"(4989, 1327, 0)","(4989.0, 1327.0, 0)"
1032,344,0,XRSTR_1,0.0,0.0,0.0,"(4989, 1327, 0)","(7572.5, 1327.0, 0)"
1033,344,1,XRSTR_2,0.0,0.0,0.0,"(4989, 1327, 0)","(7039.5, 1327.0, 0)"
1034,344,2,x1,-30047.0798293587,28985.0,1128013.563930605,"(4989, 1327, 0)","(4989.0, 1327.0, 0)"
1035,345,0,XRSTR_2,0.0,0.0,0.0,"(4989, 1327, 0)","(5522.0, -860.0, 0)"
1036,345,1,x1,0.0,0.0,0.0,"(4989, 1327, 0)","(7039.5, 1327.0, 0)"
1037,345,2,XRSTR_1,-28788.25768954107,27814.0,949178.0456299058,"(4989, 1327, 0)","(4989.0, 1327.0, 0)"
1038,346,0,x1,0.0,0.0,0.0,"(4989, 1327, 0)","(7572.5, 1327.0, 0)"
1039,346,1,XRSTR_1,0.0,0.0,0.0,"(4989, 1327, 0)","(5522.0, 1327.0, 0)"
1040,346,2,XRSTR_2,-27919.207354783273,26886.0,1067517.43797825,"(4989, 1327, 0)","(4989.0, 1327.0, 0)"
1041,347,0,x1,0.0,0.0,0.0,"(4989, 1327, 0)","(7572.5, 1327.0, 0)"
1042,347,1,XRSTR_1,0.0,0.0,0.0,"(4989, 1327, 0)","(5522.0, 1327.0, 0)"
1043,347,2,XRSTR_2,-27919.207354783273,26886.0,1067517.43797825,"(4989, 1327, 0)","(4989.0, 1327.0, 0)"
1044,348,0,XRSTR_2,0.0,0.0,0.0,"(4989, 1327, 0)","(5522.0, -860.0, 0)"
1045,348,1,x1,0.0,0.0,0.0,"(4989, 1327, 0)","(7039.5, 1327.0, 0)"
1046,348,2,XRSTR_1,-28788.25768954107,27814.0,949178.0456299058,"(4989, 1327, 0)","(4989.0, 1327.0, 0)"
1047,349,0,XRSTR_1,0.0,0.0,0.0,"(4989, 1327, 0)","(5522.0, -860.0, 0)"
1048,349,1,x1,0.0,0.0,0.0,"(4989, 1327, 0)","(7039.5, 1327.0, 0)"
1049,349,2,XRSTR_2,-28145.813989399154,27215.0,866414.682861168,"(4989, 1327, 0)","(4989.0, 1327.0, 0)"
1050,350,0,XRSTR_1,0.0,0.0,0.0,"(4989, 1327, 0)","(7572.5, 1327.0, 0)"
1051,350,1,XRSTR_2,0.0,0.0,0.0,"(4989, 1327, 0)","(7039.5, 1327.0, 0)"
1052,350,2,x1,-30047.0798293587,28985.0,1128013.563930605,"(4989, 1327, 0)","(4989.0, 1327.0, 0)"
1053,351,0,x1,0.0,0.0,0.0,"(4989, 1327, 0)","(7572.5, 1327.0, 0)"
1054,351,1,XRSTR_2,0.0,0.0,0.0,"(4989, 1327, 0)","(5522.0, 1327.0, 0)"
1055,351,2,XRSTR_1,-27920.318113647743,26886.0,1069813.9602198259,"(4989, 1327, 0)","(4989.0, 1327.0, 0)"
1056,352,0,XRSTR_2,0.0,0.0,0.0,"(4989, 1327, 0)","(5522.0, -860.0, 0)"
1057,352,1,x1,0.0,0.0,0.0,"(4989, 1327, 0)","(7039.5, 1327.0, 0)"
1058,352,2,XRSTR_1,-28788.25768954107,27814.0,949178.0456299058,"(4989, 1327, 0)","(4989.0, 1327.0, 0)"
1059,353,0,XRSTR_2,0.0,0.0,0.0,"(4989, 1327, 0)","(5522.0, -860.0, 0)"
1060,353,1,x1,0.0,0.0,0.0,"(4989, 1327, 0)","(7039.5, 1327.0, 0)"
1061,353,2,XRSTR_1,-28788.25768954107,27814.0,949178.0456299058,"(4989, 1327, 0)","(4989.0, 1327.0, 0)"
1062,354,0,XRSTR_2,0.0,0.0,0.0,"(4989, 1327, 0)","(5522.0, -860.0, 0)"
1063,354,1,x1,0.0,0.0,0.0,"(4989, 1327, 0)","(7039.5, 1327.0, 0)"
1064,354,2,XRSTR_1,-28788.25768954107,27814.0,949178.0456299058,"(4989, 1327, 0)","(4989.0, 1327.0, 0)"
1065,355,0,XRSTR_1,0.0,0.0,0.0,"(4989, 1327, 0)","(5522.0, -860.0, 0)"
1066,355,1,x1,0.0,0.0,0.0,"(4989, 1327, 0)","(7039.5, 1327.0, 0)"
1067,355,2,XRSTR_2,-28145.813989399154,27215.0,866414.682861168,"(4989, 1327, 0)","(4989.0, 1327.0, 0)"
1068,356,0,XRSTR_1,0.0,0.0,0.0,"(4989, 1327, 0)","(7572.5, 1327.0, 0)"
1069,356,1,XRSTR_2,0.0,0.0,0.0,"(4989, 1327, 0)","(7039.5, 1327.0, 0)"
1070,356,2,x1,-30047.0798293587,28985.0,1128013.563930605,"(4989, 1327, 0)","(4989.0, 1327.0, 0)"
1071,357,0,XRSTR_2,0.0,0.0,0.0,"(4989, 1327, 0)","(7572.5, 1327.0, 0)"
1072,357,1,XRSTR_1,0.0,0.0,0.0,"(4989, 1327, 0)","(7039.5, 1327.0, 0)"
1073,357,2,x1,-30046.315914052546,28985.0,1126391.4694211932,"(4989, 1327, 0)","(4989.0, 1327.0, 0)"
1074,358,0,x1,0.0,0.0,0.0,"(4989, 1327, 0)","(7572.5, 1327.0, 0)"
1075,358,1,XRSTR_1,0.0,0.0,0.0,"(4989, 1327, 0)","(5522.0, 1327.0, 0)"
1076,358,2,XRSTR_2,-27919.207354783273,26886.0,1067517.43797825,"(4989, 1327, 0)","(4989.0, 1327.0, 0)"
1077,359,0,XRSTR_2,0.0,0.0,0.0,"(4989, 1327, 0)","(7572.5, 1327.0, 0)"
1078,359,1,XRSTR_1,0.0,0.0,0.0,"(4989, 1327, 0)","(7039.5, 1327.0, 0)"
1079,359,2,x1,-30046.315914052546,28985.0,1126391.4694211932,"(4989, 1327, 0)","(4989.0, 1327.0, 0)"
1080,360,0,XRSTR_2,0.0,0.0,0.0,"(4989, 1327, 0)","(5522.0, -860.0, 0)"
1081,360,1,x1,0.0,0.0,0.0,"(4989, 1327, 0)","(7039.5, 1327.0, 0)"
1082,360,2,XRSTR_1,-28788.25768954107,27814.0,949178.0456299058,"(4989, 1327, 0)","(4989.0, 1327.0, 0)"
1083,361,0,x1,0.0,0.0,0.0,"(4989, 1327, 0)","(7572.5, 1327.0, 0)"
1084,361,1,XRSTR_1,0.0,0.0,0.0,"(4989, 1327, 0)","(5522.0, 1327.0, 0)"
1085,361,2,XRSTR_2,-27919.207354783273,26886.0,1067517.43797825,"(4989, 1327, 0)","(4989.0, 1327.0, 0)"
1086,362,0,XRSTR_2,0.0,0.0,0.0,"(4989, 1327, 0)","(7572.5, 1327.0, 0)"
1087,362,1,XRSTR_1,0.0,0.0,0.0,"(4989, 1327, 0)","(7039.5, 1327.0, 0)"
1088,362,2,x1,-30046.315914052546,28985.0,1126391.4694211932,"(4989, 1327, 0)","(4989.0, 1327.0, 0)"
1089,363,0,XRSTR_1,0.0,0.0,0.0,"(4989, 1327, 0)","(5522.0, -860.0, 0)"
1090,363,1,x1,0.0,0.0,0.0,"(4989, 1327, 0)","(7039.5, 1327.0, 0)"
1091,363,2,XRSTR_2,-28145.813989399154,27215.0,866414.682861168,"(4989, 1327, 0)","(4989.0, 1327.0, 0)"
1092,364,0,x1,0.0,0.0,0.0,"(4989, 4951, 0)","(4989.0, 4951.0, 0)"
1093,364,1,XRSTR_1,0.0,0.0,0.0,"(4989, 1327, 0)","(5522.0, 1327.0, 0)"
1094,364,2,XRSTR_2,-34741.251008939216,33670.0,1147578.7241532907,"(4989, 1327, 0)","(4989.0, 1327.0, 0)"
1095,365,0,XRSTR_2,0.0,0.0,0.0,"(4989, 1327, 0)","(5522.0, -860.0, 0)"
1096,365,1,x1,0.0,0.0,0.0,"(4989, 1327, 0)","(7039.5, 1327.0, 0)"
1097,365,2,XRSTR_1,-28788.25768954107,27814.0,949178.0456299058,"(4989, 1327, 0)","(4989.0, 1327.0, 0)"
1098,366,0,XRSTR_1,0.0,0.0,0.0,"(4989, 1327, 0)","(7572.5, 1327.0, 0)"
1099,366,1,XRSTR_2,0.0,0.0,0.0,"(4989, 1327, 0)","(7039.5, 1327.0, 0)"
1100,366,2,x1,-30047.0798293587,28985.0,1128013.563930605,"(4989, 1327, 0)","(4989.0, 1327.0, 0)"
1101,367,0,XRSTR_2,0.0,0.0,0.0,"(4989, 1327, 0)","(7572.5, 1327.0, 0)"
1102,367,1,XRSTR_1,0.0,0.0,0.0,"(4989, 1327, 0)","(7039.5, 1327.0, 0)"
1103,367,2,x1,-30046.315914052546,28985.0,1126391.4694211932,"(4989, 1327, 0)","(4989.0, 1327.0, 0)"
1104,368,0,XRSTR_2,0.0,0.0,0.0,"(4989, 1327, 0)","(7572.5, 1327.0, 0)"
1105,368,1,XRSTR_1,0.0,0.0,0.0,"(4989, 1327, 0)","(7039.5, 1327.0, 0)"
1106,368,2,x1,-30046.315914052546,28985.0,1126391.4694211932,"(4989, 1327, 0)","(4989.0, 1327.0, 0)"
1107,369,0,XRSTR_2,0.0,0.0,0.0,"(4989, 1327, 0)","(7572.5, 1327.0, 0)"
1108,369,1,XRSTR_1,0.0,0.0,0.0,"(4989, 1327, 0)","(7039.5, 1327.0, 0)"
1109,369,2,x1,-30046.315914052546,28985.0,1126391.4694211932,"(4989, 1327, 0)","(4989.0, 1327.0, 0)"
1110,370,0,x1,0.0,0.0,0.0,"(4989, 1327, 0)","(7572.5, 1327.0, 0)"
1111,370,1,XRSTR_1,0.0,0.0,0.0,"(4989, 1327, 0)","(5522.0, 1327.0, 0)"
1112,370,2,XRSTR_2,-27919.207354783273,26886.0,1067517.43797825,"(4989, 1327, 0)","(4989.0, 1327.0, 0)"
1113,371,0,XRSTR_1,0.0,0.0,0.0,"(4989, 1327, 0)","(7572.5, 1327.0, 0)"
1114,371,1,XRSTR_2,0.0,0.0,0.0,"(4989, 1327, 0)","(7039.5, 1327.0, 0)"
1115,371,2,x1,-30047.0798293587,28985.0,1128013.563930605,"(4989, 1327, 0)","(4989.0, 1327.0, 0)"
1116,372,0,x1,0.0,0.0,0.0,"(4989, 1327, 0)","(7572.5, 1327.0, 0)"
1117,372,1,XRSTR_2,0.0,0.0,0.0,"(4989, 1327, 0)","(5522.0, 1327.0, 0)"
1118,372,2,XRSTR_1,-27920.318113647743,26886.0,1069813.9602198259,"(4989, 1327, 0)","(4989.0, 1327.0, 0)"
1119,373,0,XRSTR_2,0.0,0.0,0.0,"(4989, 1327, 0)","(7572.5, 1327.0, 0)"
1120,373,1,XRSTR_1,0.0,0.0,0.0,"(4989, 1327, 0)","(7039.5, 1327.0, 0)"
1121,373,2,x1,-30046.315914052546,28985.0,1126391.4694211932,"(4989, 1327, 0)","(4989.0, 1327.0, 0)"
1122,374,0,XRSTR_1,0.0,0.0,0.0,"(4989, 1327, 0)","(5522.0, -860.0, 0)"
1123,374,1,x1,0.0,0.0,0.0,"(4989, 1327, 0)","(7039.5, 1327.0, 0)"
1124,374,2,XRSTR_2,-28145.813989399154,27215.0,866414.682861168,"(4989, 1327, 0)","(4989.0, 1327.0, 0)"
1125,375,0,XRSTR_2,0.0,0.0,0.0,"(4989, 1327, 0)","(5522.0, -860.0, 0)"
1126,375,1,x1,0.0,0.0,0.0,"(4989, 1327, 0)","(7039.5, 1327.0, 0)"
1127,375,2,XRSTR_1,-28788.25768954107,27814.0,949178.0456299058,"(4989, 1327, 0)","(4989.0, 1327.0, 0)"
1128,376,0,XRSTR_1,0.0,0.0,0.0,"(4989, 1327, 0)","(5522.0, -860.0, 0)"
1129,376,1,x1,0.0,0.0,0.0,"(4989, 1327, 0)","(7039.5, 1327.0, 0)"
1130,376,2,XRSTR_2,-28145.813989399154,27215.0,866414.682861168,"(4989, 1327, 0)","(4989.0, 1327.0, 0)"
1131,377,0,x1,0.0,0.0,0.0,"(4989, 1327, 0)","(7572.5, 1327.0, 0)"
1132,377,1,XRSTR_1,0.0,0.0,0.0,"(4989, 1327, 0)","(5522.0, 1327.0, 0)"
1133,377,2,XRSTR_2,-27919.207354783273,26886.0,1067517.43797825,"(4989, 1327, 0)","(4989.0, 1327.0, 0)"
1134,378,0,XRSTR_2,0.0,0.0,0.0,"(4989, 1327, 0)","(7572.5, 1327.0, 0)"
1135,378,1,XRSTR_1,0.0,0.0,0.0,"(4989, 1327, 0)","(7039.5, 1327.0, 0)"
1136,378,2,x1,-30046.315914052546,28985.0,1126391.4694211932,"(4989, 1327, 0)","(4989.0, 1327.0, 0)"
1137,379,0,XRSTR_1,0.0,0.0,0.0,"(4989, 1327, 0)","(7572.5, 1327.0, 0)"
1138,379,1,XRSTR_2,0.0,0.0,0.0,"(4989, 1327, 0)","(7039.5, 1327.0, 0)"
1139,379,2,x1,-30047.0798293587,28985.0,1128013.563930605,"(4989, 1327, 0)","(4989.0, 1327.0, 0)"
1140,380,0,x1,0.0,0.0,0.0,"(4989, 1327, 0)","(7572.5, 1327.0, 0)"
1141,380,1,XRSTR_1,0.0,0.0,0.0,"(4989, 1327, 0)","(5522.0, 1327.0, 0)"
1142,380,2,XRSTR_2,-27919.207354783273,26886.0,1067517.43797825,"(4989, 1327, 0)","(4989.0, 1327.0, 0)"
1143,381,0,x1,0.0,0.0,0.0,"(4989, 1327, 0)","(7572.5, 1327.0, 0)"
1144,381,1,XRSTR_1,0.0,0.0,0.0,"(4989, 1327, 0)","(5522.0, 1327.0, 0)"
1145,381,2,XRSTR_2,-27919.207354783273,26886.0,1067517.43797825,"(4989, 1327, 0)","(4989.0, 1327.0, 0)"
1146,382,0,XRSTR_1,0.0,0.0,0.0,"(4989, 1327, 0)","(5522.0, -860.0, 0)"
1147,382,1,x1,0.0,0.0,0.0,"(4989, 1327, 0)","(7039.5, 1327.0, 0)"
1148,382,2,XRSTR_2,-28145.813989399154,27215.0,866414.682861168,"(4989, 1327, 0)","(4989.0, 1327.0, 0)"
1149,383,0,XRSTR_1,0.0,0.0,0.0,"(4989, 1327, 0)","(5522.0, -860.0, 0)"
1150,383,1,x1,0.0,0.0,0.0,"(4989, 1327, 0)","(7039.5, 1327.0, 0)"
1151,383,2,XRSTR_2,-28145.813989399154,27215.0,866414.682861168,"(4989, 1327, 0)","(4989.0, 1327.0, 0)"
1152,384,0,XRSTR_2,0.0,0.0,0.0,"(4989, 1327, 0)","(7572.5, 1327.0, 0)"
1153,384,1,XRSTR_1,0.0,0.0,0.0,"(4989, 1327, 0)","(7039.5, 1327.0, 0)"
1154,384,2,x1,-30046.315914052546,28985.0,1126391.4694211932,"(4989, 1327, 0)","(4989.0, 1327.0, 0)"
1155,385,0,XRSTR_2,0.0,0.0,0.0,"(4989, 1327, 0)","(5522.0, -860.0, 0)"
1156,385,1,x1,0.0,0.0,0.0,"(4989, 1327, 0)","(7039.5, 1327.0, 0)"
1157,385,2,XRSTR_1,-28788.25768954107,27814.0,949178.0456299058,"(4989, 1327, 0)","(4989.0, 1327.0, 0)"
1158,386,0,XRSTR_2,0.0,0.0,0.0,"(4989, 1327, 0)","(7572.5, 1327.0, 0)"
1159,386,1,XRSTR_1,0.0,0.0,0.0,"(4989, 1327, 0)","(7039.5, 1327.0, 0)"
1160,386,2,x1,-30046.315914052546,28985.0,1126391.4694211932,"(4989, 1327, 0)","(4989.0, 1327.0, 0)"
1161,387,0,x1,0.0,0.0,0.0,"(4989, 1327, 0)","(7572.5, 1327.0, 0)"
1162,387,1,XRSTR_1,0.0,0.0,0.0,"(4989, 1327, 0)","(5522.0, 1327.0, 0)"
1163,387,2,XRSTR_2,-27919.207354783273,26886.0,1067517.43797825,"(4989, 1327, 0)","(4989.0, 1327.0, 0)"
1164,388,0,XRSTR_2,0.0,0.0,0.0,"(4989, 1327, 0)","(7572.5, 1327.0, 0)"
1165,388,1,XRSTR_1,0.0,0.0,0.0,"(4989, 1327, 0)","(7039.5, 1327.0, 0)"
1166,388,2,x1,-30046.315914052546,28985.0,1126391.4694211932,"(4989, 1327, 0)","(4989.0, 1327.0, 0)"
1167,389,0,XRSTR_1,0.0,0.0,0.0,"(4989, 1327, 0)","(5522.0, -860.0, 0)"
1168,389,1,x1,0.0,0.0,0.0,"(4989, 1327, 0)","(7039.5, 1327.0, 0)"
1169,389,2,XRSTR_2,-28145.813989399154,27215.0,866414.682861168,"(4989, 1327, 0)","(4989.0, 1327.0, 0)"
1170,390,0,XRSTR_2,0.0,0.0,0.0,"(4989, 1327, 0)","(5522.0, -860.0, 0)"
1171,390,1,x1,0.0,0.0,0.0,"(4989, 1327, 0)","(7039.5, 1327.0, 0)"
1172,390,2,XRSTR_1,-28788.25768954107,27814.0,949178.0456299058,"(4989, 1327, 0)","(4989.0, 1327.0, 0)"
1173,391,0,x1,0.0,0.0,0.0,"(4989, 1327, 0)","(7572.5, 1327.0, 0)"
1174,391,1,XRSTR_1,0.0,0.0,0.0,"(4989, 1327, 0)","(5522.0, 1327.0, 0)"
1175,391,2,XRSTR_2,-27919.207354783273,26886.0,1067517.43797825,"(4989, 1327, 0)","(4989.0, 1327.0, 0)"
1176,392,0,XRSTR_2,0.0,0.0,0.0,"(4989, 1327, 0)","(7572.5, 1327.0, 0)"
1177,392,1,XRSTR_1,0.0,0.0,0.0,"(4989, 1327, 0)","(7039.5, 1327.0, 0)"
1178,392,2,x1,-30046.315914052546,28985.0,1126391.4694211932,"(4989, 1327, 0)","(4989.0, 1327.0, 0)"
1179,393,0,XRSTR_2,0.0,0.0,0.0,"(4989, 1327, 0)","(5522.0, -860.0, 0)"
1180,393,1,x1,0.0,0.0,0.0,"(4989, 1327, 0)","(7039.5, 1327.0, 0)"
1181,393,2,XRSTR_1,-28788.25768954107,27814.0,949178.0456299058,"(4989, 1327, 0)","(4989.0, 1327.0, 0)"
1182,394,0,XRSTR_2,0.0,0.0,0.0,"(4989, 1327, 0)","(7572.5, 1327.0, 0)"
1183,394,1,XRSTR_1,0.0,0.0,0.0,"(4989, 1327, 0)","(7039.5, 1327.0, 0)"
1184,394,2,x1,-30046.315914052546,28985.0,1126391.4694211932,"(4989, 1327, 0)","(4989.0, 1327.0, 0)"
1185,395,0,XRSTR_2,0.0,0.0,0.0,"(4989, 1327, 0)","(7572.5, 1327.0, 0)"
1186,395,1,XRSTR_1,0.0,0.0,0.0,"(4989, 1327, 0)","(7039.5, 1327.0, 0)"
1187,395,2,x1,-30046.315914052546,28985.0,1126391.4694211932,"(4989, 1327, 0)","(4989.0, 1327.0, 0)"
1188,396,0,x1,0.0,0.0,0.0,"(4989, 1327, 0)","(7572.5, 1327.0, 0)"
1189,396,1,XRSTR_2,0.0,0.0,0.0,"(4989, 1327, 0)","(5522.0, 1327.0, 0)"
1190,396,2,XRSTR_1,-27920.318113647743,26886.0,1069813.9602198259,"(4989, 1327, 0)","(4989.0, 1327.0, 0)"
1191,397,0,x1,0.0,0.0,0.0,"(4989, 1327, 0)","(7572.5, 1327.0, 0)"
1192,397,1,XRSTR_1,0.0,0.0,0.0,"(4989, 1327, 0)","(5522.0, 1327.0, 0)"
1193,397,2,XRSTR_2,-27919.207354783273,26886.0,1067517.43797825,"(4989, 1327, 0)","(4989.0, 1327.0, 0)"
1194,398,0,x1,0.0,0.0,0.0,"(4989, 1327, 0)","(7572.5, 1327.0, 0)"
1195,398,1,XRSTR_1,0.0,0.0,0.0,"(4989, 1327, 0)","(5522.0, 1327.0, 0)"
1196,398,2,XRSTR_2,-27919.207354783273,26886.0,1067517.43797825,"(4989, 1327, 0)","(4989.0, 1327.0, 0)"
1197,399,0,XRSTR_1,0.0,0.0,0.0,"(4989, 1327, 0)","(7572.5, 1327.0, 0)"
1198,399,1,XRSTR_2,0.0,0.0,0.0,"(4989, 1327, 0)","(7039.5, 1327.0, 0)"
1199,399,2,x1,-30047.0798293587,28985.0,1128013.563930605,"(4989, 1327, 0)","(4989.0, 1327.0, 0)"
1200,400,0,XRSTR_2,0.0,0.0,0.0,"(1084, 680, 0)","(3667.5, 680.0, 0)"
1201,400,1,XRSTR_1,0.0,0.0,0.0,"(1084, 680, 0)","(3134.5, 680.0, 0)"
1202,400,2,x1,-30046.315914052546,28985.0,1126391.4694211932,"(1084, 680, 0)","(1084.0, 680.0, 0)"
1203,401,0,XRSTR_2,0.0,0.0,0.0,"(1084, 680, 0)","(3134.5, 680.0, 0)"
1204,401,1,XRSTR_1,0.0,0.0,0.0,"(4989, 680, 0)","(4989.0, 680.0, 0)"
1205,401,2,x1,-34043.47507425792,32949.5,1196781.4630976247,"(1084, 680, 0)","(1084.0, 680.0, 0)"
1206,402,0,x1,0.0,0.0,0.0,"(1084, 680, 0)","(3667.5, 680.0, 0)"
1207,402,1,XRSTR_2,0.0,0.0,0.0,"(1084, 680, 0)","(1617.0, 680.0, 0)"
1208,402,2,XRSTR_1,-27920.318113647743,26886.0,1069813.9602198259,"(1084, 680, 0)","(1084.0, 680.0, 0)"
1209,403,0,XRSTR_2,0.0,0.0,0.0,"(1084, 680, 0)","(1617.0, -1507.0, 0)"
1210,403,1,x1,0.0,0.0,0.0,"(1084, 680, 0)","(3134.5, 680.0, 0)"
1211,403,2,XRSTR_1,-28788.25768954107,27814.0,949178.0456299058,"(1084, 680, 0)","(1084.0, 680.0, 0)"
1212,404,0,XRSTR_2,0.0,0.0,0.0,"(1084, 680, 0)","(3667.5, 680.0, 0)"
1213,404,1,XRSTR_1,0.0,0.0,0.0,"(1084, 680, 0)","(3134.5, 680.0, 0)"
1214,404,2,x1,-30046.315914052546,28985.0,1126391.4694211932,"(1084, 680, 0)","(1084.0, 680.0, 0)"
1215,405,0,XRSTR_1,0.0,0.0,0.0,"(1084, 680, 0)","(551.0, 680.0, 0)"
1216,405,1,XRSTR_2,0.0,0.0,0.0,"(1084, 680, 0)","(1084.0, 680.0, 0)"
1217,405,2,x1,-37377.7336037601,36158.5,1486530.5805378342,"(4989, 680, 0)","(4989.0, 680.0, 0)"
1218,406,0,XRSTR_2,0.0,0.0,0.0,"(1084, 680, 0)","(1617.0, -1507.0, 0)"
1219,406,1,x1,0.0,0.0,0.0,"(1084, 680, 0)","(3134.5, 680.0, 0)"
1220,406,2,XRSTR_1,-28788.25768954107,27814.0,949178.0456299058,"(1084, 680, 0)","(1084.0, 680.0, 0)"
1221,407,0,x1,0.0,0.0,0.0,"(1084, 680, 0)","(3134.5, 680.0, 0)"
1222,407,1,XRSTR_2,0.0,0.0,0.0,"(1084, 680, 0)","(1084.0, 680.0, 0)"
1223,407,2,XRSTR_1,-29350.13613849633,28313.5,1074614.4836365841,"(4989, 680, 0)","(5185.0, 680.0, 0)"
1224,408,0,x1,0.0,0.0,0.0,"(1084, 680, 0)","(3134.5, 680.0, 0)"
1225,408,1,XRSTR_2,0.0,0.0,0.0,"(4989, 680, 0)","(5185.0, 680.0, 0)"
1226,408,2,XRSTR_1,-26175.13852686936,25351.5,678380.422943527,"(1084, 680, 0)","(1084.0, 680.0, 0)"
1227,409,0,XRSTR_1,0.0,0.0,0.0,"(1084, 680, 0)","(3667.5, 680.0, 0)"
1228,409,1,XRSTR_2,0.0,0.0,0.0,"(1084, 680, 0)","(3134.5, 680.0, 0)"
1229,409,2,x1,-30047.0798293587,28985.0,1128013.563930605,"(1084, 680, 0)","(1084.0, 680.0, 0)"
1230,410,0,XRSTR_2,0.0,0.0,0.0,"(1084, 680, 0)","(3667.5, 680.0, 0)"
1231,410,1,XRSTR_1,0.0,0.0,0.0,"(1084, 680, 0)","(3134.5, 680.0, 0)"
1232,410,2,x1,-30046.315914052546,28985.0,1126391.4694211932,"(1084, 680, 0)","(1084.0, 680.0, 0)"
1233,411,0,x1,0.0,0.0,0.0,"(1084, 680, 0)","(3134.5, 680.0, 0)"
1234,411,1,XRSTR_1,0.0,0.0,0.0,"(1084, 680, 0)","(1084.0, 680.0, 0)"
1235,411,2,XRSTR_2,-26175.13852686936,25351.5,678380.422943527,"(4989, 680, 0)","(5185.0, 680.0, 0)"
1236,412,0,x1,0.0,0.0,0.0,"(4989, 680, 0)","(7039.5, 680.0, 0)"
1237,412,1,XRSTR_2,0.0,0.0,0.0,"(1084, 680, 0)","(1084.0, 680.0, 0)"
1238,412,2,XRSTR_1,-38117.051723017204,37002.0,1243340.345003629,"(4989, 680, 0)","(4989.0, 680.0, 0)"
1239,413,0,x1,0.0,0.0,0.0,"(1084, 680, 0)","(3667.5, 680.0, 0)"
1240,413,1,XRSTR_2,0.0,0.0,0.0,"(1084, 680, 0)","(1617.0, 680.0, 0)"
1241,413,2,XRSTR_1,-27920.318113647743,26886.0,1069813.9602198259,"(1084, 680, 0)","(1084.0, 680.0, 0)"
1242,414,0,XRSTR_1,0.0,0.0,0.0,"(1084, 680, 0)","(551.0, 680.0, 0)"
1243,414,1,XRSTR_2,0.0,0.0,0.0,"(1084, 680, 0)","(1084.0, 680.0, 0)"
1244,414,2,x1,-37377.7336037601,36158.5,1486530.5805378342,"(4989, 680, 0)","(4989.0, 680.0, 0)"
1245,415,0,XRSTR_1,0.0,0.0,0.0,"(1084, 680, 0)","(1617.0, -1507.0, 0)"
1246,415,1,x1,0.0,0.0,0.0,"(1084, 680, 0)","(3134.5, 680.0, 0)"
1247,415,2,XRSTR_2,-28145.813989399154,27215.0,866414.682861168,"(1084, 680, 0)","(1084.0, 680.0, 0)"
1248,416,0,XRSTR_2,0.0,0.0,0.0,"(1084, 680, 0)","(3134.5, 680.0, 0)"
1249,416,1,x1,0.0,0.0,0.0,"(1084, 680, 0)","(1084.0, 680.0, 0)"
1250,416,2,XRSTR_1,-34043.47507425792,32949.5,1196781.4630976247,"(4989, 680, 0)","(4989.0, 680.0, 0)"
1251,417,0,x1,0.0,0.0,0.0,"(1084, 680, 0)","(3667.5, 680.0, 0)"
1252,417,1,XRSTR_2,0.0,0.0,0.0,"(1084, 680, 0)","(1617.0, 680.0, 0)"
1253,417,2,XRSTR_1,-27920.318113647743,26886.0,1069813.9602198259,"(1084, 680, 0)","(1084.0, 680.0, 0)"
1254,418,0,x1,0.0,0.0,0.0,"(1084, 680, 0)","(1084.0, 680.0, 0)"
1255,418,1,XRSTR_1,0.0,0.0,0.0,"(4989, 680, 0)","(5522.0, 680.0, 0)"
1256,418,2,XRSTR_2,-39501.639066235985,38257.5,1547882.0161345508,"(4989, 680, 0)","(4989.0, 680.0, 0)"
1257,419,0,XRSTR_1,0.0,0.0,0.0,"(1084, 680, 0)","(3667.5, 680.0, 0)"
1258,419,1,XRSTR_2,0.0,0.0,0.0,"(1084, 680, 0)","(3134.5, 680.0, 0)"
1259,419,2,x1,-30047.0798293587,28985.0,1128013.563930605,"(1084, 680, 0)","(1084.0, 680.0, 0)"
1260,420,0,XRSTR_2,0.0,0.0,0.0,"(1084, 680, 0)","(3667.5, 680.0, 0)"
1261,420,1,XRSTR_1,0.0,0.0,0.0,"(1084, 680, 0)","(3134.5, 680.0, 0)"
1262,420,2,x1,-30046.315914052546,28985.0,1126391.4694211932,"(1084, 680, 0)","(1084.0, 680.0, 0)"
1263,421,0,XRSTR_2,0.0,0.0,0.0,"(1084, 680, 0)","(551.0, 680.0, 0)"
1264,421,1,x1,0.0,0.0,0.0,"(4989, 680, 0)","(4989.0, 680.0, 0)"
1265,421,2,XRSTR_1,-37375.346290062174,36158.5,1480714.893638081,"(1084, 680, 0)","(1084.0, 680.0, 0)"
1266,422,0,XRSTR_2,0.0,0.0,0.0,"(1084, 680, 0)","(3667.5, 680.0, 0)"
1267,422,1,XRSTR_1,0.0,0.0,0.0,"(1084, 680, 0)","(3134.5, 680.0, 0)"
1268,422,2,x1,-30046.315914052546,28985.0,1126391.4694211932,"(1084, 680, 0)","(1084.0, 680.0, 0)"
1269,423,0,XRSTR_1,0.0,0.0,0.0,"(1084, 680, 0)","(3667.5, 680.0, 0)"
1270,423,1,XRSTR_2,0.0,0.0,0.0,"(1084, 680, 0)","(3134.5, 680.0, 0)"
1271,423,2,x1,-30047.0798293587,28985.0,1128013.563930605,"(1084, 680, 0)","(1084.0, 680.0, 0)"
1272,424,0,x1,0.0,0.0,0.0,"(1084, 680, 0)","(3134.5, 680.0, 0)"
1273,424,1,XRSTR_1,0.0,0.0,0.0,"(1084, 680, 0)","(1084.0, 680.0, 0)"
1274,424,2,XRSTR_2,-26175.13852686936,25351.5,678380.422943527,"(4989, 680, 0)","(5185.0, 680.0, 0)"
1275,425,0,XRSTR_2,0.0,0.0,0.0,"(1084, 680, 0)","(1617.0, -1507.0, 0)"
1276,425,1,x1,0.0,0.0,0.0,"(1084, 680, 0)","(3134.5, 680.0, 0)"
1277,425,2,XRSTR_1,-28788.25768954107,27814.0,949178.0456299058,"(1084, 680, 0)","(1084.0, 680.0, 0)"
1278,426,0,XRSTR_1,0.0,0.0,0.0,"(4989, 680, 0)","(5522.0, 680.0, 0)"
1279,426,1,XRSTR_2,0.0,0.0,0.0,"(4989, 680, 0)","(4989.0, 680.0, 0)"
1280,426,2,x1,-39501.639066235985,38257.5,1547882.0161345508,"(1084, 680, 0)","(1084.0, 680.0, 0)"
1281,427,0,x1,0.0,0.0,0.0,"(1084, 680, 0)","(3667.5, 680.0, 0)"
1282,427,1,XRSTR_2,0.0,0.0,0.0,"(1084, 680, 0)","(1617.0, 680.0, 0)"
1283,427,2,XRSTR_1,-27920.318113647743,26886.0,1069813.9602198259,"(1084, 680, 0)","(1084.0, 680.0, 0)"
1284,428,0,XRSTR_2,0.0,0.0,0.0,"(1084, 680, 0)","(551.0, 680.0, 0)"
1285,428,1,x1,0.0,0.0,0.0,"(4989, 680, 0)","(4989.0, 680.0, 0)"
1286,428,2,XRSTR_1,-37375.346290062174,36158.5,1480714.893638081,"(1084, 680, 0)","(1084.0, 680.0, 0)"
1287,429,0,x1,0.0,0.0,0.0,"(1084, 680, 0)","(3667.5, 680.0, 0)"
1288,429,1,XRSTR_1,0.0,0.0,0.0,"(1084, 680, 0)","(1617.0, 680.0, 0)"
1289,429,2,XRSTR_2,-27919.207354783273,26886.0,1067517.43797825,"(1084, 680, 0)","(1084.0, 680.0, 0)"
1290,430,0,x1,0.0,0.0,0.0,"(4989, 680, 0)","(4989.0, 680.0, 0)"
1291,430,1,XRSTR_2,0.0,0.0,0.0,"(1084, 680, 0)","(551.0, 680.0, 0)"
1292,430,2,XRSTR_1,-37375.346290062174,36158.5,1480714.893638081,"(1084, 680, 0)","(1084.0, 680.0, 0)"
1293,431,0,XRSTR_2,0.0,0.0,0.0,"(1084, 680, 0)","(1617.0, -1507.0, 0)"
1294,431,1,x1,0.0,0.0,0.0,"(1084, 680, 0)","(3134.5, 680.0, 0)"
1295,431,2,XRSTR_1,-28788.25768954107,27814.0,949178.0456299058,"(1084, 680, 0)","(1084.0, 680.0, 0)"
1296,432,0,x1,0.0,0.0,0.0,"(1084, 680, 0)","(3667.5, 680.0, 0)"
1297,432,1,XRSTR_2,0.0,0.0,0.0,"(1084, 680, 0)","(1617.0, 680.0, 0)"
1298,432,2,XRSTR_1,-27920.318113647743,26886.0,1069813.9602198259,"(1084, 680, 0)","(1084.0, 680.0, 0)"
1299,433,0,XRSTR_1,0.0,0.0,0.0,"(1084, 680, 0)","(3667.5, 680.0, 0)"
1300,433,1,XRSTR_2,0.0,0.0,0.0,"(1084, 680, 0)","(3134.5, 680.0, 0)"
1301,433,2,x1,-30047.0798293587,28985.0,1128013.563930605,"(1084, 680, 0)","(1084.0, 680.0, 0)"
1302,434,0,XRSTR_1,0.0,0.0,0.0,"(1084, 680, 0)","(1617.0, -1507.0, 0)"
1303,434,1,x1,0.0,0.0,0.0,"(1084, 680, 0)","(3134.5, 680.0, 0)"
1304,434,2,XRSTR_2,-28145.813989399154,27215.0,866414.682861168,"(1084, 680, 0)","(1084.0, 680.0, 0)"
1305,435,0,XRSTR_1,0.0,0.0,0.0,"(1084, 680, 0)","(1617.0, -1507.0, 0)"
1306,435,1,x1,0.0,0.0,0.0,"(1084, 680, 0)","(3134.5, 680.0, 0)"
1307,435,2,XRSTR_2,-28145.813989399154,27215.0,866414.682861168,"(1084, 680, 0)","(1084.0, 680.0, 0)"
1308,436,0,x1,0.0,0.0,0.0,"(1084, 680, 0)","(3134.5, 680.0, 0)"
1309,436,1,XRSTR_2,0.0,0.0,0.0,"(4989, 680, 0)","(5185.0, 680.0, 0)"
1310,436,2,XRSTR_1,-26175.13852686936,25351.5,678380.422943527,"(1084, 680, 0)","(1084.0, 680.0, 0)"
1311,437,0,x1,0.0,0.0,0.0,"(1084, 680, 0)","(3134.5, 680.0, 0)"
1312,437,1,XRSTR_1,0.0,0.0,0.0,"(1084, 680, 0)","(1084.0, 680.0, 0)"
1313,437,2,XRSTR_2,-26175.13852686936,25351.5,678380.422943527,"(4989, 680, 0)","(5185.0, 680.0, 0)"
1314,438,0,x1,0.0,0.0,0.0,"(4989, 680, 0)","(4989.0, 680.0, 0)"
1315,438,1,XRSTR_1,0.0,0.0,0.0,"(1084, 680, 0)","(551.0, 680.0, 0)"
1316,438,2,XRSTR_2,-37377.7336037601,36158.5,1486530.5805378342,"(1084, 680, 0)","(1084.0, 680.0, 0)"
1317,439,0,x1,0.0,0.0,0.0,"(1084, 680, 0)","(3667.5, 680.0, 0)"
1318,439,1,XRSTR_2,0.0,0.0,0.0,"(1084, 680, 0)","(1617.0, 680.0, 0)"
1319,439,2,XRSTR_1,-27920.318113647743,26886.0,1069813.9602198259,"(1084, 680, 0)","(1084.0, 680.0, 0)"
1320,440,0,x1,0.0,0.0,0.0,"(1084, 680, 0)","(3134.5, 680.0, 0)"
1321,440,1,XRSTR_1,0.0,0.0,0.0,"(4989, 680, 0)","(5185.0, 680.0, 0)"
1322,440,2,XRSTR_2,-29350.13613849633,28313.5,1074614.4836365841,"(1084, 680, 0)","(1084.0, 680.0, 0)"
1323,441,0,x1,0.0,0.0,0.0,"(1084, 680, 0)","(3134.5, 680.0, 0)"
1324,441,1,XRSTR_1,0.0,0.0,0.0,"(4989, 680, 0)","(5185.0, 680.0, 0)"
1325,441,2,XRSTR_2,-29350.13613849633,28313.5,1074614.4836365841,"(1084, 680, 0)","(1084.0, 680.0, 0)"
1326,442,0,x1,0.0,0.0,0.0,"(1084, 680, 0)","(3667.5, 680.0, 0)"
1327,442,1,XRSTR_1,0.0,0.0,0.0,"(1084, 680, 0)","(1617.0, 680.0, 0)"
1328,442,2,XRSTR_2,-27919.207354783273,26886.0,1067517.43797825,"(1084, 680, 0)","(1084.0, 680.0, 0)"
1329,443,0,XRSTR_2,0.0,0.0,0.0,"(1084, 680, 0)","(3667.5, 680.0, 0)"
1330,443,1,XRSTR_1,0.0,0.0,0.0,"(1084, 680, 0)","(3134.5, 680.0, 0)"
1331,443,2,x1,-30046.315914052546,28985.0,1126391.4694211932,"(1084, 680, 0)","(1084.0, 680.0, 0)"
1332,444,0,XRSTR_2,0.0,0.0,0.0,"(1084, 680, 0)","(3134.5, 680.0, 0)"
1333,444,1,x1,0.0,0.0,0.0,"(1084, 680, 0)","(1084.0, 680.0, 0)"
1334,444,2,XRSTR_1,-34043.47507425792,32949.5,1196781.4630976247,"(4989, 680, 0)","(4989.0, 680.0, 0)"
1335,445,0,XRSTR_1,0.0,0.0,0.0,"(1084, 680, 0)","(3667.5, 680.0, 0)"
1336,445,1,XRSTR_2,0.0,0.0,0.0,"(1084, 680, 0)","(3134.5, 680.0, 0)"
1337,445,2,x1,-30047.0798293587,28985.0,1128013.563930605,"(1084, 680, 0)","(1084.0, 680.0, 0)"
1338,446,0,x1,0.0,0.0,0.0,"(4989, 680, 0)","(4989.0, 680.0, 0)"
1339,446,1,XRSTR_2,0.0,0.0,0.0,"(1084, 680, 0)","(551.0, 680.0, 0)"
1340,446,2,XRSTR_1,-37375.346290062174,36158.5,1480714.893638081,"(1084, 680, 0)","(1084.0, 680.0, 0)"
1341,447,0,XRSTR_2,0.0,0.0,0.0,"(4989, 680, 0)","(5185.0, 680.0, 0)"
1342,447,1,x1,0.0,0.0,0.0,"(1084, 680, 0)","(3134.5, 680.0, 0)"
1343,447,2,XRSTR_1,-26175.13852686936,25351.5,678380.422943527,"(1084, 680, 0)","(1084.0, 680.0, 0)"
1344,448,0,XRSTR_2,0.0,0.0,0.0,"(1084, 680, 0)","(3667.5, 680.0, 0)"
1345,448,1,XRSTR_1,0.0,0.0,0.0,"(1084, 680, 0)","(3134.5, 680.0, 0)"
1346,448,2,x1,-30046.315914052546,28985.0,1126391.4694211932,"(1084, 680, 0)","(1084.0, 680.0, 0)"
1347,449,0,XRSTR_1,0.0,0.0,0.0,"(1084, 680, 0)","(3667.5, 680.0, 0)"
1348,449,1,XRSTR_2,0.0,0.0,0.0,"(1084, 680, 0)","(3134.5, 680.0, 0)"
1349,449,2,x1,-30047.0798293587,28985.0,1128013.563930605,"(1084, 680, 0)","(1084.0, 680.0, 0)"
1350,450,0,x1,0.0,0.0,0.0,"(1084, 680, 0)","(3134.5, 680.0, 0)"
1351,450,1,XRSTR_1,0.0,0.0,0.0,"(4989, 680, 0)","(5185.0, 680.0, 0)"
1352,450,2,XRSTR_2,-29350.13613849633,28313.5,1074614.4836365841,"(1084, 680, 0)","(1084.0, 680.0, 0)"
1353,451,0,XRSTR_2,0.0,0.0,0.0,"(1084, 680, 0)","(3134.5, 680.0, 0)"
1354,451,1,x1,0.0,0.0,0.0,"(1084, 680, 0)","(1084.0, 680.0, 0)"
1355,451,2,XRSTR_1,-34043.47507425792,32949.5,1196781.4630976247,"(4989, 680, 0)","(4989.0, 680.0, 0)"
1356,452,0,XRSTR_2,0.0,0.0,0.0,"(1084, 680, 0)","(1617.0, -1507.0, 0)"
1357,452,1,x1,0.0,0.0,0.0,"(1084, 680, 0)","(3134.5, 680.0, 0)"
1358,452,2,XRSTR_1,-28788.25768954107,27814.0,949178.0456299058,"(1084, 680, 0)","(1084.0, 680.0, 0)"
1359,453,0,x1,0.0,0.0,0.0,"(1084, 680, 0)","(3134.5, 680.0, 0)"
1360,453,1,XRSTR_1,0.0,0.0,0.0,"(1084, 680, 0)","(1084.0, 680.0, 0)"
1361,453,2,XRSTR_2,-26175.13852686936,25351.5,678380.422943527,"(4989, 680, 0)","(5185.0, 680.0, 0)"
1362,454,0,x1,0.0,0.0,0.0,"(1084, 680, 0)","(3667.5, 680.0, 0)"
1363,454,1,XRSTR_1,0.0,0.0,0.0,"(1084, 680, 0)","(1617.0, 680.0, 0)"
1364,454,2,XRSTR_2,-27919.207354783273,26886.0,1067517.43797825,"(1084, 680, 0)","(1084.0, 680.0, 0)"
1365,455,0,x1,0.0,0.0,0.0,"(1084, 680, 0)","(3667.5, 680.0, 0)"
1366,455,1,XRSTR_1,0.0,0.0,0.0,"(1084, 680, 0)","(1617.0, 680.0, 0)"
1367,455,2,XRSTR_2,-27919.207354783273,26886.0,1067517.43797825,"(1084, 680, 0)","(1084.0, 680.0, 0)"
1368,456,0,x1,0.0,0.0,0.0,"(4989, 680, 0)","(4989.0, 680.0, 0)"
1369,456,1,XRSTR_1,0.0,0.0,0.0,"(1084, 680, 0)","(551.0, 680.0, 0)"
1370,456,2,XRSTR_2,-37377.7336037601,36158.5,1486530.5805378342,"(1084, 680, 0)","(1084.0, 680.0, 0)"
1371,457,0,XRSTR_1,0.0,0.0,0.0,"(4989, 680, 0)","(4989.0, 680.0, 0)"
1372,457,1,XRSTR_2,0.0,0.0,0.0,"(1084, 680, 0)","(3134.5, 680.0, 0)"
1373,457,2,x1,-34043.47507425792,32949.5,1196781.4630976247,"(1084, 680, 0)","(1084.0, 680.0, 0)"
1374,458,0,x1,0.0,0.0,0.0,"(1084, 680, 0)","(3134.5, 680.0, 0)"
1375,458,1,XRSTR_2,0.0,0.0,0.0,"(1084, 680, 0)","(1084.0, 680.0, 0)"
1376,458,2,XRSTR_1,-29350.13613849633,28313.5,1074614.4836365841,"(4989, 680, 0)","(5185.0, 680.0, 0)"
1377,459,0,XRSTR_2,0.0,0.0,0.0,"(1084, 680, 0)","(1617.0, -1507.0, 0)"
1378,459,1,x1,0.0,0.0,0.0,"(1084, 680, 0)","(3134.5, 680.0, 0)"
1379,459,2,XRSTR_1,-28788.25768954107,27814.0,949178.0456299058,"(1084, 680, 0)","(1084.0, 680.0, 0)"
1380,460,0,XRSTR_1,0.0,0.0,0.0,"(1084, 680, 0)","(3667.5, 680.0, 0)"
1381,460,1,XRSTR_2,0.0,0.0,0.0,"(1084, 680, 0)","(3134.5, 680.0, 0)"
1382,460,2,x1,-30047.0798293587,28985.0,1128013.563930605,"(1084, 680, 0)","(1084.0, 680.0, 0)"
1383,461,0,XRSTR_2,0.0,0.0,0.0,"(1084, 680, 0)","(3667.5, 680.0, 0)"
1384,461,1,XRSTR_1,0.0,0.0,0.0,"(1084, 680, 0)","(3134.5, 680.0, 0)"
1385,461,2,x1,-30046.315914052546,28985.0,1126391.4694211932,"(1084, 680, 0)","(1084.0, 680.0, 0)"
1386,462,0,XRSTR_1,0.0,0.0,0.0,"(1084, 680, 0)","(551.0, 680.0, 0)"
1387,462,1,XRSTR_2,0.0,0.0,0.0,"(1084, 680, 0)","(1084.0, 680.0, 0)"
1388,462,2,x1,-37377.7336037601,36158.5,1486530.5805378342,"(4989, 680, 0)","(4989.0, 680.0, 0)"
1389,463,0,XRSTR_1,0.0,0.0,0.0,"(1084, 680, 0)","(1617.0, -1507.0, 0)"
1390,463,1,x1,0.0,0.0,0.0,"(1084, 680, 0)","(3134.5, 680.0, 0)"
1391,463,2,XRSTR_2,-28145.813989399154,27215.0,866414.682861168,"(1084, 680, 0)","(1084.0, 680.0, 0)"
1392,464,0,x1,0.0,0.0,0.0,"(1084, 680, 0)","(3667.5, 680.0, 0)"
1393,464,1,XRSTR_2,0.0,0.0,0.0,"(1084, 680, 0)","(1617.0, 680.0, 0)"
1394,464,2,XRSTR_1,-27920.318113647743,26886.0,1069813.9602198259,"(1084, 680, 0)","(1084.0, 680.0, 0)"
1395,465,0,XRSTR_1,0.0,0.0,0.0,"(1084, 680, 0)","(1617.0, -1507.0, 0)"
1396,465,1,x1,0.0,0.0,0.0,"(1084, 680, 0)","(3134.5, 680.0, 0)"
1397,465,2,XRSTR_2,-28145.813989399154,27215.0,866414.682861168,"(1084, 680, 0)","(1084.0, 680.0, 0)"
1398,466,0,XRSTR_2,0.0,0.0,0.0,"(4989, 680, 0)","(5185.0, 680.0, 0)"
1399,466,1,x1,0.0,0.0,0.0,"(1084, 680, 0)","(3134.5, 680.0, 0)"
1400,466,2,XRSTR_1,-26175.13852686936,25351.5,678380.422943527,"(1084, 680, 0)","(1084.0, 680.0, 0)"
1401,467,0,XRSTR_2,0.0,0.0,0.0,"(4989, 680, 0)","(4989.0, 680.0, 0)"
1402,467,1,XRSTR_1,0.0,0.0,0.0,"(1084, 680, 0)","(3134.5, 680.0, 0)"
1403,467,2,x1,-34036.629836957225,32949.5,1181851.2824026486,"(1084, 680, 0)","(1084.0, 680.0, 0)"
1404,468,0,XRSTR_1,0.0,0.0,0.0,"(1084, 680, 0)","(551.0, 680.0, 0)"
1405,468,1,x1,0.0,0.0,0.0,"(4989, 680, 0)","(4989.0, 680.0, 0)"
1406,468,2,XRSTR_2,-37377.7336037601,36158.5,1486530.5805378342,"(1084, 680, 0)","(1084.0, 680.0, 0)"
1407,469,0,x1,0.0,0.0,0.0,"(1084, 680, 0)","(3667.5, 680.0, 0)"
1408,469,1,XRSTR_2,0.0,0.0,0.0,"(1084, 680, 0)","(1617.0, 680.0, 0)"
1409,469,2,XRSTR_1,-27920.318113647743,26886.0,1069813.9602198259,"(1084, 680, 0)","(1084.0, 680.0, 0)"
1410,470,0,XRSTR_1,0.0,0.0,0.0,"(1084, 680, 0)","(3667.5, 680.0, 0)"
1411,470,1,XRSTR_2,0.0,0.0,0.0,"(1084, 680, 0)","(3134.5, 680.0, 0)"
1412,470,2,x1,-30047.0798293587,28985.0,1128013.563930605,"(1084, 680, 0)","(1084.0, 680.0, 0)"
1413,471,0,x1,0.0,0.0,0.0,"(1084, 680, 0)","(3667.5, 680.0, 0)"
1414,471,1,XRSTR_1,0.0,0.0,0.0,"(1084, 680, 0)","(1617.0, 680.0, 0)"
1415,471,2,XRSTR_2,-27919.207354783273,26886.0,1067517.43797825,"(1084, 680, 0)","(1084.0, 680.0, 0)"
1416,472,0,x1,0.0,0.0,0.0,"(1084, 680, 0)","(3667.5, 680.0, 0)"
1417,472,1,XRSTR_1,0.0,0.0,0.0,"(1084, 680, 0)","(1617.0, 680.0, 0)"
1418,472,2,XRSTR_2,-27919.207354783273,26886.0,1067517.43797825,"(1084, 680, 0)","(1084.0, 680.0, 0)"
1419,473,0,XRSTR_2,0.0,0.0,0.0,"(1084, 680, 0)","(1617.0, -1507.0, 0)"
1420,473,1,x1,0.0,0.0,0.0,"(1084, 680, 0)","(3134.5, 680.0, 0)"
1421,473,2,XRSTR_1,-28788.25768954107,27814.0,949178.0456299058,"(1084, 680, 0)","(1084.0, 680.0, 0)"
1422,474,0,x1,0.0,0.0,0.0,"(1084, 680, 0)","(3134.5, 680.0, 0)"
1423,474,1,XRSTR_2,0.0,0.0,0.0,"(4989, 680, 0)","(5185.0, 680.0, 0)"
1424,474,2,XRSTR_1,-26175.13852686936,25351.5,678380.422943527,"(1084, 680, 0)","(1084.0, 680.0, 0)"
1425,475,0,x1,0.0,0.0,0.0,"(1084, 680, 0)","(3667.5, 680.0, 0)"
1426,475,1,XRSTR_2,0.0,0.0,0.0,"(1084, 680, 0)","(1617.0, 680.0, 0)"
1427,475,2,XRSTR_1,-27920.318113647743,26886.0,1069813.9602198259,"(1084, 680, 0)","(1084.0, 680.0, 0)"
1428,476,0,XRSTR_1,0.0,0.0,0.0,"(1084, 680, 0)","(3667.5, 680.0, 0)"
1429,476,1,XRSTR_2,0.0,0.0,0.0,"(1084, 680, 0)","(3134.5, 680.0, 0)"
1430,476,2,x1,-30047.0798293587,28985.0,1128013.563930605,"(1084, 680, 0)","(1084.0, 680.0, 0)"
1431,477,0,XRSTR_2,0.0,0.0,0.0,"(1084, 680, 0)","(1617.0, -1507.0, 0)"
1432,477,1,x1,0.0,0.0,0.0,"(1084, 680, 0)","(3134.5, 680.0, 0)"
1433,477,2,XRSTR_1,-28788.25768954107,27814.0,949178.0456299058,"(1084, 680, 0)","(1084.0, 680.0, 0)"
1434,478,0,XRSTR_2,0.0,0.0,0.0,"(1084, 680, 0)","(3134.5, 680.0, 0)"
1435,478,1,x1,0.0,0.0,0.0,"(1084, 680, 0)","(1084.0, 680.0, 0)"
1436,478,2,XRSTR_1,-34043.47507425792,32949.5,1196781.4630976247,"(4989, 680, 0)","(4989.0, 680.0, 0)"
1437,479,0,XRSTR_1,0.0,0.0,0.0,"(1084, 680, 0)","(3134.5, 680.0, 0)"
1438,479,1,XRSTR_2,0.0,0.0,0.0,"(4989, 680, 0)","(4989.0, 680.0, 0)"
1439,479,2,x1,-34036.629836957225,32949.5,1181851.2824026486,"(1084, 680, 0)","(1084.0, 680.0, 0)"
1440,480,0,XRSTR_2,0.0,0.0,0.0,"(1084, 680, 0)","(1617.0, -1507.0, 0)"
1441,480,1,x1,0.0,0.0,0.0,"(1084, 680, 0)","(3134.5, 680.0, 0)"
1442,480,2,XRSTR_1,-28788.25768954107,27814.0,949178.0456299058,"(1084, 680, 0)","(1084.0, 680.0, 0)"
1443,481,0,XRSTR_2,0.0,0.0,0.0,"(1084, 680, 0)","(3134.5, 680.0, 0)"
1444,481,1,XRSTR_1,0.0,0.0,0.0,"(4989, 680, 0)","(4989.0, 680.0, 0)"
1445,481,2,x1,-34043.47507425792,32949.5,1196781.4630976247,"(1084, 680, 0)","(1084.0, 680.0, 0)"
1446,482,0,XRSTR_2,0.0,0.0,0.0,"(1084, 680, 0)","(3667.5, 680.0, 0)"
1447,482,1,XRSTR_1,0.0,0.0,0.0,"(1084, 680, 0)","(3134.5, 680.0, 0)"
1448,482,2,x1,-30046.315914052546,28985.0,1126391.4694211932,"(1084, 680, 0)","(1084.0, 680.0, 0)"
1449,483,0,x1,0.0,0.0,0.0,"(1084, 680, 0)","(3667.5, 680.0, 0)"
1450,483,1,XRSTR_1,0.0,0.0,0.0,"(1084, 680, 0)","(1617.0, 680.0, 0)"
1451,483,2,XRSTR_2,-27919.207354783273,26886.0,1067517.43797825,"(1084, 680, 0)","(1084.0, 680.0, 0)"
1452,484,0,XRSTR_2,0.0,0.0,0.0,"(4989, 680, 0)","(5185.0, 680.0, 0)"
1453,484,1,x1,0.0,0.0,0.0,"(1084, 680, 0)","(3134.5, 680.0, 0)"
1454,484,2,XRSTR_1,-26175.13852686936,25351.5,678380.422943527,"(1084, 680, 0)","(1084.0, 680.0, 0)"
1455,485,0,XRSTR_2,0.0,0.0,0.0,"(1084, 680, 0)","(1617.0, -1507.0, 0)"
1456,485,1,x1,0.0,0.0,0.0,"(1084, 680, 0)","(3134.5, 680.0, 0)"
1457,485,2,XRSTR_1,-28788.25768954107,27814.0,949178.0456299058,"(1084, 680, 0)","(1084.0, 680.0, 0)"
1458,486,0,XRSTR_2,0.0,0.0,0.0,"(1084, 680, 0)","(1617.0, -1507.0, 0)"
1459,486,1,x1,0.0,0.0,0.0,"(1084, 680, 0)","(3134.5, 680.0, 0)"
1460,486,2,XRSTR_1,-28788.25768954107,27814.0,949178.0456299058,"(1084, 680, 0)","(1084.0, 680.0, 0)"
1461,487,0,XRSTR_1,0.0,0.0,0.0,"(1084, 680, 0)","(3134.5, 680.0, 0)"
1462,487,1,XRSTR_2,0.0,0.0,0.0,"(4989, 680, 0)","(4989.0, 680.0, 0)"
1463,487,2,x1,-34036.629836957225,32949.5,1181851.2824026486,"(1084, 680, 0)","(1084.0, 680.0, 0)"
1464,488,0,XRSTR_1,0.0,0.0,0.0,"(1084, 680, 0)","(1617.0, -1507.0, 0)"
1465,488,1,x1,0.0,0.0,0.0,"(1084, 680, 0)","(3134.5, 680.0, 0)"
1466,488,2,XRSTR_2,-28145.813989399154,27215.0,866414.682861168,"(1084, 680, 0)","(1084.0, 680.0, 0)"
1467,489,0,x1,0.0,0.0,0.0,"(1084, 680, 0)","(3667.5, 680.0, 0)"
1468,489,1,XRSTR_2,0.0,0.0,0.0,"(1084, 680, 0)","(1617.0, 680.0, 0)"
1469,489,2,XRSTR_1,-27920.318113647743,26886.0,1069813.9602198259,"(1084, 680, 0)","(1084.0, 680.0, 0)"
1470,490,0,x1,0.0,0.0,0.0,"(4989, 680, 0)","(7039.5, 680.0, 0)"
1471,490,1,XRSTR_1,0.0,0.0,0.0,"(1084, 680, 0)","(1084.0, 680.0, 0)"
1472,490,2,XRSTR_2,-38116.76617335661,37002.0,1242703.6212601487,"(4989, 680, 0)","(4989.0, 680.0, 0)"
1473,491,0,XRSTR_1,0.0,0.0,0.0,"(1084, 680, 0)","(3667.5, 680.0, 0)"
1474,491,1,XRSTR_2,0.0,0.0,0.0,"(1084, 680, 0)","(3134.5, 680.0, 0)"
1475,491,2,x1,-30047.0798293587,28985.0,1128013.563930605,"(1084, 680, 0)","(1084.0, 680.0, 0)"
1476,492,0,XRSTR_2,0.0,0.0,0.0,"(1084, 680, 0)","(1617.0, -1507.0, 0)"
1477,492,1,x1,0.0,0.0,0.0,"(1084, 680, 0)","(3134.5, 680.0, 0)"
1478,492,2,XRSTR_1,-28788.25768954107,27814.0,949178.0456299058,"(1084, 680, 0)","(1084.0, 680.0, 0)"
1479,493,0,x1,0.0,0.0,0.0,"(1084, 680, 0)","(3667.5, 680.0, 0)"
1480,493,1,XRSTR_2,0.0,0.0,0.0,"(1084, 680, 0)","(1617.0, 680.0, 0)"
1481,493,2,XRSTR_1,-27920.318113647743,26886.0,1069813.9602198259,"(1084, 680, 0)","(1084.0, 680.0, 0)"
1482,494,0,x1,0.0,0.0,0.0,"(1084, 680, 0)","(3134.5, 680.0, 0)"
1483,494,1,XRSTR_2,0.0,0.0,0.0,"(4989, 680, 0)","(5185.0, 680.0, 0)"
1484,494,2,XRSTR_1,-26175.13852686936,25351.5,678380.422943527,"(1084, 680, 0)","(1084.0, 680.0, 0)"
1485,495,0,XRSTR_2,0.0,0.0,0.0,"(1084, 680, 0)","(1617.0, -1507.0, 0)"
1486,495,1,x1,0.0,0.0,0.0,"(1084, 680, 0)","(3134.5, 680.0, 0)"
1487,495,2,XRSTR_1,-28788.25768954107,27814.0,949178.0456299058,"(1084, 680, 0)","(1084.0, 680.0, 0)"
1488,496,0,x1,0.0,0.0,0.0,"(1084, 680, 0)","(3134.5, 680.0, 0)"
1489,496,1,XRSTR_2,0.0,0.0,0.0,"(1084, 680, 0)","(1084.0, 680.0, 0)"
1490,496,2,XRSTR_1,-29350.13613849633,28313.5,1074614.4836365841,"(4989, 680, 0)","(5185.0, 680.0, 0)"
1491,497,0,XRSTR_2,0.0,0.0,0.0,"(1084, 680, 0)","(3667.5, 680.0, 0)"
1492,497,1,XRSTR_1,0.0,0.0,0.0,"(1084, 680, 0)","(3134.5, 680.0, 0)"
1493,497,2,x1,-30046.315914052546,28985.0,1126391.4694211932,"(1084, 680, 0)","(1084.0, 680.0, 0)"
1494,498,0,XRSTR_2,0.0,0.0,0.0,"(1084, 680, 0)","(1617.0, -1507.0, 0)"
1495,498,1,x1,0.0,0.0,0.0,"(1084, 680, 0)","(3134.5, 680.0, 0)"
1496,498,2,XRSTR_1,-28788.25768954107,27814.0,949178.0456299058,"(1084, 680, 0)","(1084.0, 680.0, 0)"
1497,499,0,XRSTR_1,0.0,0.0,0.0,"(1084, 680, 0)","(1617.0, -1507.0, 0)"
1498,499,1,x1,0.0,0.0,0.0,"(1084, 680, 0)","(3134.5, 680.0, 0)"
1499,499,2,XRSTR_2,-28145.813989399154,27215.0,866414.682861168,"(1084, 680, 0)","(1084.0, 680.0, 0)"
1500,500,0,x1,0.0,0.0,0.0,"(1084, 680, 0)","(3667.5, 680.0, 0)"
1501,500,1,XRSTR_2,0.0,0.0,0.0,"(1084, 680, 0)","(1617.0, 680.0, 0)"
1502,500,2,XRSTR_1,-27920.318113647743,26886.0,1069813.9602198259,"(1084, 680, 0)","(1084.0, 680.0, 0)"
1503,501,0,XRSTR_1,0.0,0.0,0.0,"(1084, 680, 0)","(1617.0, -1507.0, 0)"
1504,501,1,x1,0.0,0.0,0.0,"(1084, 680, 0)","(3134.5, 680.0, 0)"
1505,501,2,XRSTR_2,-28145.813989399154,27215.0,866414.682861168,"(1084, 680, 0)","(1084.0, 680.0, 0)"
1506,502,0,x1,0.0,0.0,0.0,"(1084, 680, 0)","(3667.5, 680.0, 0)"
1507,502,1,XRSTR_2,0.0,0.0,0.0,"(1084, 680, 0)","(1617.0, 680.0, 0)"
1508,502,2,XRSTR_1,-27920.318113647743,26886.0,1069813.9602198259,"(1084, 680, 0)","(1084.0, 680.0, 0)"
1509,503,0,XRSTR_1,0.0,0.0,0.0,"(1084, 680, 0)","(1617.0, -1507.0, 0)"
1510,503,1,x1,0.0,0.0,0.0,"(1084, 680, 0)","(3134.5, 680.0, 0)"
1511,503,2,XRSTR_2,-28145.813989399154,27215.0,866414.682861168,"(1084, 680, 0)","(1084.0, 680.0, 0)"
1512,504,0,XRSTR_2,0.0,0.0,0.0,"(1084, 680, 0)","(3667.5, 680.0, 0)"
1513,504,1,XRSTR_1,0.0,0.0,0.0,"(1084, 680, 0)","(3134.5, 680.0, 0)"
1514,504,2,x1,-30046.315914052546,28985.0,1126391.4694211932,"(1084, 680, 0)","(1084.0, 680.0, 0)"
1515,505,0,XRSTR_1,0.0,0.0,0.0,"(1084, 680, 0)","(1617.0, -1507.0, 0)"
1516,505,1,x1,0.0,0.0,0.0,"(1084, 680, 0)","(3134.5, 680.0, 0)"
1517,505,2,XRSTR_2,-28145.813989399154,27215.0,866414.682861168,"(1084, 680, 0)","(1084.0, 680.0, 0)"
1518,506,0,x1,0.0,0.0,0.0,"(1084, 680, 0)","(3667.5, 680.0, 0)"
1519,506,1,XRSTR_2,0.0,0.0,0.0,"(1084, 680, 0)","(1617.0, 680.0, 0)"
1520,506,2,XRSTR_1,-27920.318113647743,26886.0,1069813.9602198259,"(1084, 680, 0)","(1084.0, 680.0, 0)"
1521,507,0,XRSTR_2,0.0,0.0,0.0,"(1084, 680, 0)","(3667.5, 680.0, 0)"
1522,507,1,XRSTR_1,0.0,0.0,0.0,"(1084, 680, 0)","(3134.5, 680.0, 0)"
1523,507,2,x1,-30046.315914052546,28985.0,1126391.4694211932,"(1084, 680, 0)","(1084.0, 680.0, 0)"
1524,508,0,XRSTR_1,0.0,0.0,0.0,"(1084, 680, 0)","(3667.5, 680.0, 0)"
1525,508,1,XRSTR_2,0.0,0.0,0.0,"(1084, 680, 0)","(3134.5, 680.0, 0)"
1526,508,2,x1,-30047.0798293587,28985.0,1128013.563930605,"(1084, 680, 0)","(1084.0, 680.0, 0)"
1527,509,0,XRSTR_2,0.0,0.0,0.0,"(1084, 680, 0)","(3667.5, 680.0, 0)"
1528,509,1,XRSTR_1,0.0,0.0,0.0,"(1084, 680, 0)","(3134.5, 680.0, 0)"
1529,509,2,x1,-30046.315914052546,28985.0,1126391.4694211932,"(1084, 680, 0)","(1084.0, 680.0, 0)"
1530,510,0,XRSTR_1,0.0,0.0,0.0,"(1084, 680, 0)","(1617.0, -1507.0, 0)"
1531,510,1,x1,0.0,0.0,0.0,"(1084, 680, 0)","(3134.5, 680.0, 0)"
1532,510,2,XRSTR_2,-28145.813989399154,27215.0,866414.682861168,"(1084, 680, 0)","(1084.0, 680.0, 0)"
1533,511,0,x1,0.0,0.0,0.0,"(1084, 680, 0)","(3667.5, 680.0, 0)"
1534,511,1,XRSTR_2,0.0,0.0,0.0,"(1084, 680, 0)","(1617.0, 680.0, 0)"
1535,511,2,XRSTR_1,-27920.318113647743,26886.0,1069813.9602198259,"(1084, 680, 0)","(1084.0, 680.0, 0)"
1536,512,0,XRSTR_1,0.0,0.0,0.0,"(1084, 680, 0)","(3667.5, 680.0, 0)"
1537,512,1,XRSTR_2,0.0,0.0,0.0,"(1084, 680, 0)","(3134.5, 680.0, 0)"
1538,512,2,x1,-30047.0798293587,28985.0,1128013.563930605,"(1084, 680, 0)","(1084.0, 680.0, 0)"
1539,513,0,XRSTR_2,0.0,0.0,0.0,"(1084, 680, 0)","(1617.0, -1507.0, 0)"
1540,513,1,x1,0.0,0.0,0.0,"(1084, 680, 0)","(3134.5, 680.0, 0)"
1541,513,2,XRSTR_1,-28788.25768954107,27814.0,949178.0456299058,"(1084, 680, 0)","(1084.0, 680.0, 0)"
1542,514,0,x1,0.0,0.0,0.0,"(1084, 680, 0)","(3667.5, 680.0, 0)"
1543,514,1,XRSTR_2,0.0,0.0,0.0,"(1084, 680, 0)","(1617.0, 680.0, 0)"
1544,514,2,XRSTR_1,-27920.318113647743,26886.0,1069813.9602198259,"(1084, 680, 0)","(1084.0, 680.0, 0)"
1545,515,0,x1,0.0,0.0,0.0,"(1084, 680, 0)","(3667.5, 680.0, 0)"
1546,515,1,XRSTR_2,0.0,0.0,0.0,"(1084, 680, 0)","(1617.0, 680.0, 0)"
1547,515,2,XRSTR_1,-27920.318113647743,26886.0,1069813.9602198259,"(1084, 680, 0)","(1084.0, 680.0, 0)"
1548,516,0,XRSTR_1,0.0,0.0,0.0,"(1084, 680, 0)","(1617.0, -1507.0, 0)"
1549,516,1,x1,0.0,0.0,0.0,"(1084, 680, 0)","(3134.5, 680.0, 0)"
1550,516,2,XRSTR_2,-28145.813989399154,27215.0,866414.682861168,"(1084, 680, 0)","(1084.0, 680.0, 0)"
1551,517,0,x1,0.0,0.0,0.0,"(1084, 680, 0)","(3667.5, 680.0, 0)"
1552,517,1,XRSTR_1,0.0,0.0,0.0,"(1084, 680, 0)","(1617.0, 680.0, 0)"
1553,517,2,XRSTR_2,-27919.207354783273,26886.0,1067517.43797825,"(1084, 680, 0)","(1084.0, 680.0, 0)"
1554,518,0,x1,0.0,0.0,0.0,"(1084, 680, 0)","(3667.5, 680.0, 0)"
1555,518,1,XRSTR_1,0.0,0.0,0.0,"(1084, 680, 0)","(1617.0, 680.0, 0)"
1556,518,2,XRSTR_2,-27919.207354783273,26886.0,1067517.43797825,"(1084, 680, 0)","(1084.0, 680.0, 0)"
1557,519,0,x1,0.0,0.0,0.0,"(1084, 680, 0)","(3667.5, 680.0, 0)"
1558,519,1,XRSTR_1,0.0,0.0,0.0,"(1084, 680, 0)","(1617.0, 680.0, 0)"
1559,519,2,XRSTR_2,-27919.207354783273,26886.0,1067517.43797825,"(1084, 680, 0)","(1084.0, 680.0, 0)"
1560,520,0,x1,0.0,0.0,0.0,"(1084, 680, 0)","(3667.5, 680.0, 0)"
1561,520,1,XRSTR_1,0.0,0.0,0.0,"(1084, 680, 0)","(1617.0, 680.0, 0)"
1562,520,2,XRSTR_2,-27919.207354783273,26886.0,1067517.43797825,"(1084, 680, 0)","(1084.0, 680.0, 0)"
1563,521,0,x1,0.0,0.0,0.0,"(1084, 680, 0)","(3667.5, 680.0, 0)"
1564,521,1,XRSTR_2,0.0,0.0,0.0,"(1084, 680, 0)","(1617.0, 680.0, 0)"
1565,521,2,XRSTR_1,-27920.318113647743,26886.0,1069813.9602198259,"(1084, 680, 0)","(1084.0, 680.0, 0)"
1566,522,0,XRSTR_2,0.0,0.0,0.0,"(1084, 680, 0)","(1617.0, -1507.0, 0)"
1567,522,1,x1,0.0,0.0,0.0,"(1084, 680, 0)","(3134.5, 680.0, 0)"
1568,522,2,XRSTR_1,-28788.25768954107,27814.0,949178.0456299058,"(1084, 680, 0)","(1084.0, 680.0, 0)"
1569,523,0,XRSTR_1,0.0,0.0,0.0,"(1084, 680, 0)","(1617.0, -1507.0, 0)"
1570,523,1,x1,0.0,0.0,0.0,"(1084, 680, 0)","(3134.5, 680.0, 0)"
1571,523,2,XRSTR_2,-28145.813989399154,27215.0,866414.682861168,"(1084, 680, 0)","(1084.0, 680.0, 0)"
1572,524,0,XRSTR_2,0.0,0.0,0.0,"(1084, 680, 0)","(3667.5, 680.0, 0)"
1573,524,1,XRSTR_1,0.0,0.0,0.0,"(1084, 680, 0)","(3134.5, 680.0, 0)"
1574,524,2,x1,-30046.315914052546,28985.0,1126391.4694211932,"(1084, 680, 0)","(1084.0, 680.0, 0)"
1575,525,0,XRSTR_2,0.0,0.0,0.0,"(1084, 680, 0)","(1617.0, -1507.0, 0)"
1576,525,1,x1,0.0,0.0,0.0,"(1084, 680, 0)","(3134.5, 680.0, 0)"
1577,525,2,XRSTR_1,-28788.25768954107,27814.0,949178.0456299058,"(1084, 680, 0)","(1084.0, 680.0, 0)"
1578,526,0,XRSTR_2,0.0,0.0,0.0,"(1084, 680, 0)","(1617.0, -1507.0, 0)"
1579,526,1,x1,0.0,0.0,0.0,"(1084, 680, 0)","(3134.5, 680.0, 0)"
1580,526,2,XRSTR_1,-28788.25768954107,27814.0,949178.0456299058,"(1084, 680, 0)","(1084.0, 680.0, 0)"
1581,527,0,XRSTR_1,0.0,0.0,0.0,"(1084, 680, 0)","(3667.5, 680.0, 0)"
1582,527,1,XRSTR_2,0.0,0.0,0.0,"(1084, 680, 0)","(3134.5, 680.0, 0)"
1583,527,2,x1,-30047.0798293587,28985.0,1128013.563930605,"(1084, 680, 0)","(1084.0, 680.0, 0)"
1584,528,0,XRSTR_2,0.0,0.0,0.0,"(1084, 680, 0)","(3667.5, 680.0, 0)"
1585,528,1,XRSTR_1,0.0,0.0,0.0,"(1084, 680, 0)","(3134.5, 680.0, 0)"
1586,528,2,x1,-30046.315914052546,28985.0,1126391.4694211932,"(1084, 680, 0)","(1084.0, 680.0, 0)"
1587,529,0,XRSTR_2,0.0,0.0,0.0,"(1084, 680, 0)","(1617.0, -1507.0, 0)"
1588,529,1,x1,0.0,0.0,0.0,"(1084, 680, 0)","(3134.5, 680.0, 0)"
1589,529,2,XRSTR_1,-28788.25768954107,27814.0,949178.0456299058,"(1084, 680, 0)","(1084.0, 680.0, 0)"
1590,530,0,x1,0.0,0.0,0.0,"(1084, 680, 0)","(3667.5, 680.0, 0)"
1591,530,1,XRSTR_2,0.0,0.0,0.0,"(1084, 680, 0)","(1617.0, 680.0, 0)"
1592,530,2,XRSTR_1,-27920.318113647743,26886.0,1069813.9602198259,"(1084, 680, 0)","(1084.0, 680.0, 0)"
1593,531,0,XRSTR_2,0.0,0.0,0.0,"(1084, 680, 0)","(3667.5, 680.0, 0)"
1594,531,1,XRSTR_1,0.0,0.0,0.0,"(1084, 680, 0)","(3134.5, 680.0, 0)"
1595,531,2,x1,-30046.315914052546,28985.0,1126391.4694211932,"(1084, 680, 0)","(1084.0, 680.0, 0)"
1596,532,0,XRSTR_2,0.0,0.0,0.0,"(1084, 680, 0)","(1617.0, -1507.0, 0)"
1597,532,1,x1,0.0,0.0,0.0,"(1084, 680, 0)","(3134.5, 680.0, 0)"
1598,532,2,XRSTR_1,-28788.25768954107,27814.0,949178.0456299058,"(1084, 680, 0)","(1084.0, 680.0, 0)"
1599,533,0,XRSTR_1,0.0,0.0,0.0,"(1084, 680, 0)","(3667.5, 680.0, 0)"
1600,533,1,XRSTR_2,0.0,0.0,0.0,"(1084, 680, 0)","(3134.5, 680.0, 0)"
1601,533,2,x1,-30047.0798293587,28985.0,1128013.563930605,"(1084, 680, 0)","(1084.0, 680.0, 0)"
1602,534,0,XRSTR_1,0.0,0.0,0.0,"(1084, 680, 0)","(1617.0, -1507.0, 0)"
1603,534,1,x1,0.0,0.0,0.0,"(1084, 680, 0)","(3134.5, 680.0, 0)"
1604,534,2,XRSTR_2,-28145.813989399154,27215.0,866414.682861168,"(1084, 680, 0)","(1084.0, 680.0, 0)"
1605,535,0,x1,0.0,0.0,0.0,"(1084, 680, 0)","(3667.5, 680.0, 0)"
1606,535,1,XRSTR_1,0.0,0.0,0.0,"(1084, 680, 0)","(1617.0, 680.0, 0)"
1607,535,2,XRSTR_2,-27919.207354783273,26886.0,1067517.43797825,"(1084, 680, 0)","(1084.0, 680.0, 0)"
1608,536,0,x1,0.0,0.0,0.0,"(1084, 680, 0)","(3667.5, 680.0, 0)"
1609,536,1,XRSTR_2,0.0,0.0,0.0,"(1084, 680, 0)","(1617.0, 680.0, 0)"
1610,536,2,XRSTR_1,-27920.318113647743,26886.0,1069813.9602198259,"(1084, 680, 0)","(1084.0, 680.0, 0)"
1611,537,0,x1,0.0,0.0,0.0,"(1084, 680, 0)","(3667.5, 680.0, 0)"
1612,537,1,XRSTR_1,0.0,0.0,0.0,"(1084, 680, 0)","(1617.0, 680.0, 0)"
1613,537,2,XRSTR_2,-27919.207354783273,26886.0,1067517.43797825,"(1084, 680, 0)","(1084.0, 680.0, 0)"
1614,538,0,XRSTR_2,0.0,0.0,0.0,"(1084, 680, 0)","(3667.5, 680.0, 0)"
1615,538,1,XRSTR_1,0.0,0.0,0.0,"(1084, 680, 0)","(3134.5, 680.0, 0)"
1616,538,2,x1,-30046.315914052546,28985.0,1126391.4694211932,"(1084, 680, 0)","(1084.0, 680.0, 0)"
1617,539,0,x1,0.0,0.0,0.0,"(1084, 680, 0)","(3667.5, 680.0, 0)"
1618,539,1,XRSTR_2,0.0,0.0,0.0,"(1084, 680, 0)","(1617.0, 680.0, 0)"
1619,539,2,XRSTR_1,-27920.318113647743,26886.0,1069813.9602198259,"(1084, 680, 0)","(1084.0, 680.0, 0)"
1620,540,0,XRSTR_2,0.0,0.0,0.0,"(1084, 680, 0)","(3667.5, 680.0, 0)"
1621,540,1,XRSTR_1,0.0,0.0,0.0,"(1084, 680, 0)","(3134.5, 680.0, 0)"
1622,540,2,x1,-30046.315914052546,28985.0,1126391.4694211932,"(1084, 680, 0)","(1084.0, 680.0, 0)"
1623,541,0,x1,0.0,0.0,0.0,"(1084, 680, 0)","(3667.5, 680.0, 0)"
1624,541,1,XRSTR_1,0.0,0.0,0.0,"(1084, 680, 0)","(1617.0, 680.0, 0)"
1625,541,2,XRSTR_2,-27919.207354783273,26886.0,1067517.43797825,"(1084, 680, 0)","(1084.0, 680.0, 0)"
1626,542,0,x1,0.0,0.0,0.0,"(1084, 680, 0)","(3667.5, 680.0, 0)"
1627,542,1,XRSTR_2,0.0,0.0,0.0,"(1084, 680, 0)","(1617.0, 680.0, 0)"
1628,542,2,XRSTR_1,-27920.318113647743,26886.0,1069813.9602198259,"(1084, 680, 0)","(1084.0, 680.0, 0)"
1629,543,0,x1,0.0,0.0,0.0,"(1084, 680, 0)","(3667.5, 680.0, 0)"
1630,543,1,XRSTR_1,0.0,0.0,0.0,"(1084, 680, 0)","(1617.0, 680.0, 0)"
1631,543,2,XRSTR_2,-27919.207354783273,26886.0,1067517.43797825,"(1084, 680, 0)","(1084.0, 680.0, 0)"
1632,544,0,x1,0.0,0.0,0.0,"(1084, 680, 0)","(3667.5, 680.0, 0)"
1633,544,1,XRSTR_2,0.0,0.0,0.0,"(1084, 680, 0)","(1617.0, 680.0, 0)"
1634,544,2,XRSTR_1,-27920.318113647743,26886.0,1069813.9602198259,"(1084, 680, 0)","(1084.0, 680.0, 0)"
1635,545,0,XRSTR_2,0.0,0.0,0.0,"(1084, 680, 0)","(1617.0, -1507.0, 0)"
1636,545,1,x1,0.0,0.0,0.0,"(1084, 680, 0)","(3134.5, 680.0, 0)"
1637,545,2,XRSTR_1,-28788.25768954107,27814.0,949178.0456299058,"(1084, 680, 0)","(1084.0, 680.0, 0)"
1638,546,0,XRSTR_1,0.0,0.0,0.0,"(1084, 680, 0)","(1617.0, -1507.0, 0)"
1639,546,1,x1,0.0,0.0,0.0,"(1084, 680, 0)","(3134.5, 680.0, 0)"
1640,546,2,XRSTR_2,-28145.813989399154,27215.0,866414.682861168,"(1084, 680, 0)","(1084.0, 680.0, 0)"
1641,547,0,XRSTR_2,0.0,0.0,0.0,"(1084, 680, 0)","(3667.5, 680.0, 0)"
1642,547,1,XRSTR_1,0.0,0.0,0.0,"(1084, 680, 0)","(3134.5, 680.0, 0)"
1643,547,2,x1,-30046.315914052546,28985.0,1126391.4694211932,"(1084, 680, 0)","(1084.0, 680.0, 0)"
1644,548,0,x1,0.0,0.0,0.0,"(1084, 680, 0)","(3667.5, 680.0, 0)"
1645,548,1,XRSTR_2,0.0,0.0,0.0,"(1084, 680, 0)","(1617.0, 680.0, 0)"
1646,548,2,XRSTR_1,-27920.318113647743,26886.0,1069813.9602198259,"(1084, 680, 0)","(1084.0, 680.0, 0)"
1647,549,0,XRSTR_1,0.0,0.0,0.0,"(1084, 680, 0)","(3667.5, 680.0, 0)"
1648,549,1,XRSTR_2,0.0,0.0,0.0,"(1084, 680, 0)","(3134.5, 680.0, 0)"
1649,549,2,x1,-30047.0798293587,28985.0,1128013.563930605,"(1084, 680, 0)","(1084.0, 680.0, 0)"
1650,550,0,XRSTR_2,0.0,0.0,0.0,"(1084, 680, 0)","(1617.0, -1507.0, 0)"
1651,550,1,x1,0.0,0.0,0.0,"(1084, 680, 0)","(3134.5, 680.0, 0)"
1652,550,2,XRSTR_1,-28788.25768954107,27814.0,949178.0456299058,"(1084, 680, 0)","(1084.0, 680.0, 0)"
1653,551,0,XRSTR_2,0.0,0.0,0.0,"(1084, 680, 0)","(1617.0, -1507.0, 0)"
1654,551,1,x1,0.0,0.0,0.0,"(1084, 680, 0)","(3134.5, 680.0, 0)"
1655,551,2,XRSTR_1,-28788.25768954107,27814.0,949178.0456299058,"(1084, 680, 0)","(1084.0, 680.0, 0)"
1656,552,0,XRSTR_1,0.0,0.0,0.0,"(1084, 680, 0)","(3667.5, 680.0, 0)"
1657,552,1,XRSTR_2,0.0,0.0,0.0,"(1084, 680, 0)","(3134.5, 680.0, 0)"
1658,552,2,x1,-30047.0798293587,28985.0,1128013.563930605,"(1084, 680, 0)","(1084.0, 680.0, 0)"
1659,553,0,XRSTR_1,0.0,0.0,0.0,"(1084, 680, 0)","(3667.5, 680.0, 0)"
1660,553,1,XRSTR_2,0.0,0.0,0.0,"(1084, 680, 0)","(3134.5, 680.0, 0)"
1661,553,2,x1,-30047.0798293587,28985.0,1128013.563930605,"(1084, 680, 0)","(1084.0, 680.0, 0)"
1662,554,0,XRSTR_1,0.0,0.0,0.0,"(1084, 680, 0)","(3667.5, 680.0, 0)"
1663,554,1,XRSTR_2,0.0,0.0,0.0,"(1084, 680, 0)","(3134.5, 680.0, 0)"
1664,554,2,x1,-30047.0798293587,28985.0,1128013.563930605,"(1084, 680, 0)","(1084.0, 680.0, 0)"
1665,555,0,x1,0.0,0.0,0.0,"(1084, 680, 0)","(3667.5, 680.0, 0)"
1666,555,1,XRSTR_1,0.0,0.0,0.0,"(1084, 680, 0)","(1617.0, 680.0, 0)"
1667,555,2,XRSTR_2,-27919.207354783273,26886.0,1067517.43797825,"(1084, 680, 0)","(1084.0, 680.0, 0)"
1668,556,0,XRSTR_1,0.0,0.0,0.0,"(1084, 680, 0)","(1617.0, -1507.0, 0)"
1669,556,1,x1,0.0,0.0,0.0,"(1084, 680, 0)","(3134.5, 680.0, 0)"
1670,556,2,XRSTR_2,-28145.813989399154,27215.0,866414.682861168,"(1084, 680, 0)","(1084.0, 680.0, 0)"
1671,557,0,XRSTR_1,0.0,0.0,0.0,"(1084, 680, 0)","(1617.0, -1507.0, 0)"
1672,557,1,x1,0.0,0.0,0.0,"(1084, 680, 0)","(3134.5, 680.0, 0)"
1673,557,2,XRSTR_2,-28145.813989399154,27215.0,866414.682861168,"(1084, 680, 0)","(1084.0, 680.0, 0)"
1674,558,0,XRSTR_2,0.0,0.0,0.0,"(1084, 680, 0)","(1617.0, -1507.0, 0)"
1675,558,1,x1,0.0,0.0,0.0,"(1084, 680, 0)","(3134.5, 680.0, 0)"
1676,558,2,XRSTR_1,-28788.25768954107,27814.0,949178.0456299058,"(1084, 680, 0)","(1084.0, 680.0, 0)"
1677,559,0,XRSTR_1,0.0,0.0,0.0,"(1084, 680, 0)","(1617.0, -1507.0, 0)"
1678,559,1,x1,0.0,0.0,0.0,"(1084, 680, 0)","(3134.5, 680.0, 0)"
1679,559,2,XRSTR_2,-28145.813989399154,27215.0,866414.682861168,"(1084, 680, 0)","(1084.0, 680.0, 0)"
1680,560,0,XRSTR_1,0.0,0.0,0.0,"(1084, 680, 0)","(3667.5, 680.0, 0)"
1681,560,1,XRSTR_2,0.0,0.0,0.0,"(1084, 680, 0)","(3134.5, 680.0, 0)"
1682,560,2,x1,-30047.0798293587,28985.0,1128013.563930605,"(1084, 680, 0)","(1084.0, 680.0, 0)"
1683,561,0,XRSTR_2,0.0,0.0,0.0,"(1084, 680, 0)","(3667.5, 680.0, 0)"
1684,561,1,XRSTR_1,0.0,0.0,0.0,"(1084, 680, 0)","(3134.5, 680.0, 0)"
1685,561,2,x1,-30046.315914052546,28985.0,1126391.4694211932,"(1084, 680, 0)","(1084.0, 680.0, 0)"
1686,562,0,x1,0.0,0.0,0.0,"(1084, 680, 0)","(3667.5, 680.0, 0)"
1687,562,1,XRSTR_1,0.0,0.0,0.0,"(1084, 680, 0)","(1617.0, 680.0, 0)"
1688,562,2,XRSTR_2,-27919.207354783273,26886.0,1067517.43797825,"(1084, 680, 0)","(1084.0, 680.0, 0)"
1689,563,0,XRSTR_1,0.0,0.0,0.0,"(1084, 680, 0)","(1617.0, -1507.0, 0)"
1690,563,1,x1,0.0,0.0,0.0,"(1084, 680, 0)","(3134.5, 680.0, 0)"
1691,563,2,XRSTR_2,-28145.813989399154,27215.0,866414.682861168,"(1084, 680, 0)","(1084.0, 680.0, 0)"
1692,564,0,XRSTR_1,0.0,0.0,0.0,"(1084, 680, 0)","(1617.0, -1507.0, 0)"
1693,564,1,x1,0.0,0.0,0.0,"(1084, 680, 0)","(3134.5, 680.0, 0)"
1694,564,2,XRSTR_2,-28145.813989399154,27215.0,866414.682861168,"(1084, 680, 0)","(1084.0, 680.0, 0)"
1695,565,0,XRSTR_1,0.0,0.0,0.0,"(1084, 680, 0)","(3667.5, 680.0, 0)"
1696,565,1,XRSTR_2,0.0,0.0,0.0,"(1084, 680, 0)","(3134.5, 680.0, 0)"
1697,565,2,x1,-30047.0798293587,28985.0,1128013.563930605,"(1084, 680, 0)","(1084.0, 680.0, 0)"
1698,566,0,XRSTR_2,0.0,0.0,0.0,"(1084, 680, 0)","(3667.5, 680.0, 0)"
1699,566,1,XRSTR_1,0.0,0.0,0.0,"(1084, 680, 0)","(3134.5, 680.0, 0)"
1700,566,2,x1,-30046.315914052546,28985.0,1126391.4694211932,"(1084, 680, 0)","(1084.0, 680.0, 0)"
1701,567,0,XRSTR_1,0.0,0.0,0.0,"(1084, 680, 0)","(3667.5, 680.0, 0)"
1702,567,1,XRSTR_2,0.0,0.0,0.0,"(1084, 680, 0)","(3134.5, 680.0, 0)"
1703,567,2,x1,-30047.0798293587,28985.0,1128013.563930605,"(1084, 680, 0)","(1084.0, 680.0, 0)"
1704,568,0,XRSTR_1,0.0,0.0,0.0,"(1084, 680, 0)","(1617.0, -1507.0, 0)"
1705,568,1,x1,0.0,0.0,0.0,"(1084, 680, 0)","(3134.5, 680.0, 0)"
1706,568,2,XRSTR_2,-28145.813989399154,27215.0,866414.682861168,"(1084, 680, 0)","(1084.0, 680.0, 0)"
1707,569,0,x1,0.0,0.0,0.0,"(1084, 680, 0)","(3667.5, 680.0, 0)"
1708,569,1,XRSTR_1,0.0,0.0,0.0,"(1084, 680, 0)","(1617.0, 680.0, 0)"
1709,569,2,XRSTR_2,-27919.207354783273,26886.0,1067517.43797825,"(1084, 680, 0)","(1084.0, 680.0, 0)"
1710,570,0,x1,0.0,0.0,0.0,"(1084, 680, 0)","(3667.5, 680.0, 0)"
1711,570,1,XRSTR_1,0.0,0.0,0.0,"(1084, 680, 0)","(1617.0, 680.0, 0)"
1712,570,2,XRSTR_2,-27919.207354783273,26886.0,1067517.43797825,"(1084, 680, 0)","(1084.0, 680.0, 0)"
1713,571,0,XRSTR_1,0.0,0.0,0.0,"(1084, 680, 0)","(1617.0, -1507.0, 0)"
1714,571,1,x1,0.0,0.0,0.0,"(1084, 680, 0)","(3134.5, 680.0, 0)"
1715,571,2,XRSTR_2,-28145.813989399154,27215.0,866414.682861168,"(1084, 680, 0)","(1084.0, 680.0, 0)"
1716,572,0,XRSTR_2,0.0,0.0,0.0,"(1084, 680, 0)","(1617.0, -1507.0, 0)"
1717,572,1,x1,0.0,0.0,0.0,"(1084, 680, 0)","(3134.5, 680.0, 0)"
1718,572,2,XRSTR_1,-28788.25768954107,27814.0,949178.0456299058,"(1084, 680, 0)","(1084.0, 680.0, 0)"
1719,573,0,XRSTR_1,0.0,0.0,0.0,"(1084, 680, 0)","(3667.5, 680.0, 0)"
1720,573,1,XRSTR_2,0.0,0.0,0.0,"(1084, 680, 0)","(3134.5, 680.0, 0)"
1721,573,2,x1,-30047.0798293587,28985.0,1128013.563930605,"(1084, 680, 0)","(1084.0, 680.0, 0)"
1722,574,0,XRSTR_1,0.0,0.0,0.0,"(1084, 680, 0)","(1617.0, -1507.0, 0)"
1723,574,1,x1,0.0,0.0,0.0,"(1084, 680, 0)","(3134.5, 680.0, 0)"
1724,574,2,XRSTR_2,-28145.813989399154,27215.0,866414.682861168,"(1084, 680, 0)","(1084.0, 680.0, 0)"
1725,575,0,XRSTR_2,0.0,0.0,0.0,"(1084, 680, 0)","(3667.5, 680.0, 0)"
1726,575,1,XRSTR_1,0.0,0.0,0.0,"(1084, 680, 0)","(3134.5, 680.0, 0)"
1727,575,2,x1,-30046.315914052546,28985.0,1126391.4694211932,"(1084, 680, 0)","(1084.0, 680.0, 0)"
1728,576,0,x1,0.0,0.0,0.0,"(1084, 680, 0)","(3667.5, 680.0, 0)"
1729,576,1,XRSTR_1,0.0,0.0,0.0,"(1084, 680, 0)","(1617.0, 680.0, 0)"
1730,576,2,XRSTR_2,-27919.207354783273,26886.0,1067517.43797825,"(1084, 680, 0)","(1084.0, 680.0, 0)"
1731,577,0,XRSTR_1,0.0,0.0,0.0,"(1084, 680, 0)","(3667.5, 680.0, 0)"
1732,577,1,XRSTR_2,0.0,0.0,0.0,"(1084, 680, 0)","(3134.5, 680.0, 0)"
1733,577,2,x1,-30047.0798293587,28985.0,1128013.563930605,"(1084, 680, 0)","(1084.0, 680.0, 0)"
1734,578,0,x1,0.0,0.0,0.0,"(1084, 680, 0)","(3667.5, 680.0, 0)"
1735,578,1,XRSTR_1,0.0,0.0,0.0,"(1084, 680, 0)","(1617.0, 680.0, 0)"
1736,578,2,XRSTR_2,-27919.207354783273,26886.0,1067517.43797825,"(1084, 680, 0)","(1084.0, 680.0, 0)"
1737,579,0,XRSTR_1,0.0,0.0,0.0,"(1084, 680, 0)","(1617.0, -1507.0, 0)"
1738,579,1,x1,0.0,0.0,0.0,"(1084, 680, 0)","(3134.5, 680.0, 0)"
1739,579,2,XRSTR_2,-28145.813989399154,27215.0,866414.682861168,"(1084, 680, 0)","(1084.0, 680.0, 0)"
1740,580,0,XRSTR_2,0.0,0.0,0.0,"(1084, 680, 0)","(3667.5, 680.0, 0)"
1741,580,1,XRSTR_1,0.0,0.0,0.0,"(1084, 680, 0)","(3134.5, 680.0, 0)"
1742,580,2,x1,-30046.315914052546,28985.0,1126391.4694211932,"(1084, 680, 0)","(1084.0, 680.0, 0)"
1743,581,0,x1,0.0,0.0,0.0,"(1084, 680, 0)","(3667.5, 680.0, 0)"
1744,581,1,XRSTR_1,0.0,0.0,0.0,"(1084, 680, 0)","(1617.0, 680.0, 0)"
1745,581,2,XRSTR_2,-27919.207354783273,26886.0,1067517.43797825,"(1084, 680, 0)","(1084.0, 680.0, 0)"
1746,582,0,XRSTR_1,0.0,0.0,0.0,"(1084, 680, 0)","(1617.0, -1507.0, 0)"
1747,582,1,x1,0.0,0.0,0.0,"(1084, 680, 0)","(3134.5, 680.0, 0)"
1748,582,2,XRSTR_2,-28145.813989399154,27215.0,866414.682861168,"(1084, 680, 0)","(1084.0, 680.0, 0)"
1749,583,0,x1,0.0,0.0,0.0,"(1084, 680, 0)","(3667.5, 680.0, 0)"
1750,583,1,XRSTR_2,0.0,0.0,0.0,"(1084, 680, 0)","(1617.0, 680.0, 0)"
1751,583,2,XRSTR_1,-27920.318113647743,26886.0,1069813.9602198259,"(1084, 680, 0)","(1084.0, 680.0, 0)"
1752,584,0,XRSTR_1,0.0,0.0,0.0,"(1084, 680, 0)","(3667.5, 680.0, 0)"
1753,584,1,XRSTR_2,0.0,0.0,0.0,"(1084, 680, 0)","(3134.5, 680.0, 0)"
1754,584,2,x1,-30047.0798293587,28985.0,1128013.563930605,"(1084, 680, 0)","(1084.0, 680.0, 0)"
1755,585,0,XRSTR_1,0.0,0.0,0.0,"(1084, 680, 0)","(1617.0, -1507.0, 0)"
1756,585,1,x1,0.0,0.0,0.0,"(1084, 680, 0)","(3134.5, 680.0, 0)"
1757,585,2,XRSTR_2,-28145.813989399154,27215.0,866414.682861168,"(1084, 680, 0)","(1084.0, 680.0, 0)"
1758,586,0,x1,0.0,0.0,0.0,"(1084, 680, 0)","(3667.5, 680.0, 0)"
1759,586,1,XRSTR_1,0.0,0.0,0.0,"(1084, 680, 0)","(1617.0, 680.0, 0)"
1760,586,2,XRSTR_2,-27919.207354783273,26886.0,1067517.43797825,"(1084, 680, 0)","(1084.0, 680.0, 0)"
1761,587,0,XRSTR_2,0.0,0.0,0.0,"(1084, 680, 0)","(1617.0, -1507.0, 0)"
1762,587,1,x1,0.0,0.0,0.0,"(1084, 680, 0)","(3134.5, 680.0, 0)"
1763,587,2,XRSTR_1,-28788.25768954107,27814.0,949178.0456299058,"(1084, 680, 0)","(1084.0, 680.0, 0)"
1764,588,0,XRSTR_2,0.0,0.0,0.0,"(1084, 680, 0)","(1617.0, -1507.0, 0)"
1765,588,1,x1,0.0,0.0,0.0,"(1084, 680, 0)","(3134.5, 680.0, 0)"
1766,588,2,XRSTR_1,-28788.25768954107,27814.0,949178.0456299058,"(1084, 680, 0)","(1084.0, 680.0, 0)"
1767,589,0,XRSTR_1,0.0,0.0,0.0,"(1084, 680, 0)","(3667.5, 680.0, 0)"
1768,589,1,XRSTR_2,0.0,0.0,0.0,"(1084, 680, 0)","(3134.5, 680.0, 0)"
1769,589,2,x1,-30047.0798293587,28985.0,1128013.563930605,"(1084, 680, 0)","(1084.0, 680.0, 0)"
1770,590,0,XRSTR_2,0.0,0.0,0.0,"(1084, 680, 0)","(3667.5, 680.0, 0)"
1771,590,1,XRSTR_1,0.0,0.0,0.0,"(1084, 680, 0)","(3134.5, 680.0, 0)"
1772,590,2,x1,-30046.315914052546,28985.0,1126391.4694211932,"(1084, 680, 0)","(1084.0, 680.0, 0)"
1773,591,0,x1,0.0,0.0,0.0,"(1084, 680, 0)","(3667.5, 680.0, 0)"
1774,591,1,XRSTR_2,0.0,0.0,0.0,"(1084, 680, 0)","(1617.0, 680.0, 0)"
1775,591,2,XRSTR_1,-27920.318113647743,26886.0,1069813.9602198259,"(1084, 680, 0)","(1084.0, 680.0, 0)"
1776,592,0,XRSTR_1,0.0,0.0,0.0,"(1084, 680, 0)","(3667.5, 680.0, 0)"
1777,592,1,XRSTR_2,0.0,0.0,0.0,"(1084, 680, 0)","(3134.5, 680.0, 0)"
1778,592,2,x1,-30047.0798293587,28985.0,1128013.563930605,"(1084, 680, 0)","(1084.0, 680.0, 0)"
1779,593,0,x1,0.0,0.0,0.0,"(1084, 680, 0)","(3667.5, 680.0, 0)"
1780,593,1,XRSTR_2,0.0,0.0,0.0,"(1084, 680, 0)","(1617.0, 680.0, 0)"
1781,593,2,XRSTR_1,-27920.318113647743,26886.0,1069813.9602198259,"(1084, 680, 0)","(1084.0, 680.0, 0)"
1782,594,0,XRSTR_1,0.0,0.0,0.0,"(1084, 680, 0)","(1617.0, -1507.0, 0)"
1783,594,1,x1,0.0,0.0,0.0,"(1084, 680, 0)","(3134.5, 680.0, 0)"
1784,594,2,XRSTR_2,-28145.813989399154,27215.0,866414.682861168,"(1084, 680, 0)","(1084.0, 680.0, 0)"
1785,595,0,XRSTR_2,0.0,0.0,0.0,"(1084, 680, 0)","(3667.5, 680.0, 0)"
1786,595,1,XRSTR_1,0.0,0.0,0.0,"(1084, 680, 0)","(3134.5, 680.0, 0)"
1787,595,2,x1,-30046.315914052546,28985.0,1126391.4694211932,"(1084, 680, 0)","(1084.0, 680.0, 0)"
1788,596,0,x1,0.0,0.0,0.0,"(1084, 680, 0)","(3667.5, 680.0, 0)"
1789,596,1,XRSTR_2,0.0,0.0,0.0,"(1084, 680, 0)","(1617.0, 680.0, 0)"
1790,596,2,XRSTR_1,-27920.318113647743,26886.0,1069813.9602198259,"(1084, 680, 0)","(1084.0, 680.0, 0)"
1791,597,0,XRSTR_2,0.0,0.0,0.0,"(1084, 680, 0)","(3667.5, 680.0, 0)"
1792,597,1,XRSTR_1,0.0,0.0,0.0,"(1084, 680, 0)","(3134.5, 680.0, 0)"
1793,597,2,x1,-30046.315914052546,28985.0,1126391.4694211932,"(1084, 680, 0)","(1084.0, 680.0, 0)"
1794,598,0,XRSTR_2,0.0,0.0,0.0,"(1084, 680, 0)","(3667.5, 680.0, 0)"
1795,598,1,XRSTR_1,0.0,0.0,0.0,"(1084, 680, 0)","(3134.5, 680.0, 0)"
1796,598,2,x1,-30046.315914052546,28985.0,1126391.4694211932,"(1084, 680, 0)","(1084.0, 680.0, 0)"
1797,599,0,XRSTR_1,0.0,0.0,0.0,"(1084, 680, 0)","(1617.0, -1507.0, 0)"
1798,599,1,x1,0.0,0.0,0.0,"(1084, 680, 0)","(3134.5, 680.0, 0)"
1799,599,2,XRSTR_2,-28145.813989399154,27215.0,866414.682861168,"(1084, 680, 0)","(1084.0, 680.0, 0)"
1800,600,0,XRSTR_1,0.0,0.0,0.0,"(1084, 4951, 0)","(3667.5, 4951.0, 0)"
1801,600,1,XRSTR_2,0.0,0.0,0.0,"(1084, 4951, 0)","(3134.5, 4951.0, 0)"
1802,600,2,x1,-30047.0798293587,28985.0,1128013.563930605,"(1084, 4951, 0)","(1084.0, 4951.0, 0)"
1803,601,0,XRSTR_2,0.0,0.0,0.0,"(1084, 4951, 0)","(3667.5, 4951.0, 0)"
1804,601,1,XRSTR_1,0.0,0.0,0.0,"(1084, 4951, 0)","(3134.5, 4951.0, 0)"
1805,601,2,x1,-30046.315914052546,28985.0,1126391.4694211932,"(1084, 4951, 0)","(1084.0, 4951.0, 0)"
1806,602,0,XRSTR_2,0.0,0.0,0.0,"(1084, 4951, 0)","(1617.0, 2764.0, 0)"
1807,602,1,x1,0.0,0.0,0.0,"(1084, 4951, 0)","(3134.5, 4951.0, 0)"
1808,602,2,XRSTR_1,-28788.25768954107,27814.0,949178.0456299058,"(1084, 4951, 0)","(1084.0, 4951.0, 0)"
1809,603,0,XRSTR_2,0.0,0.0,0.0,"(1084, 4951, 0)","(1617.0, 2764.0, 0)"
1810,603,1,x1,0.0,0.0,0.0,"(1084, 4951, 0)","(3134.5, 4951.0, 0)"
1811,603,2,XRSTR_1,-28788.25768954107,27814.0,949178.0456299058,"(1084, 4951, 0)","(1084.0, 4951.0, 0)"
1812,604,0,XRSTR_1,0.0,0.0,0.0,"(1084, 4951, 0)","(3667.5, 4951.0, 0)"
1813,604,1,XRSTR_2,0.0,0.0,0.0,"(1084, 4951, 0)","(3134.5, 4951.0, 0)"
1814,604,2,x1,-30047.0798293587,28985.0,1128013.563930605,"(1084, 4951, 0)","(1084.0, 4951.0, 0)"
1815,605,0,XRSTR_2,0.0,0.0,0.0,"(1084, 4951, 0)","(3667.5, 4951.0, 0)"
1816,605,1,XRSTR_1,0.0,0.0,0.0,"(1084, 4951, 0)","(3134.5, 4951.0, 0)"
1817,605,2,x1,-30046.315914052546,28985.0,1126391.4694211932,"(1084, 4951, 0)","(1084.0, 4951.0, 0)"
1818,606,0,x1,0.0,0.0,0.0,"(1084, 4951, 0)","(3667.5, 4951.0, 0)"
1819,606,1,XRSTR_1,0.0,0.0,0.0,"(1084, 4951, 0)","(1617.0, 4951.0, 0)"
1820,606,2,XRSTR_2,-27919.207354783273,26886.0,1067517.43797825,"(1084, 4951, 0)","(1084.0, 4951.0, 0)"
1821,607,0,XRSTR_2,0.0,0.0,0.0,"(1084, 4951, 0)","(3667.5, 4951.0, 0)"
1822,607,1,XRSTR_1,0.0,0.0,0.0,"(1084, 4951, 0)","(3134.5, 4951.0, 0)"
1823,607,2,x1,-30046.315914052546,28985.0,1126391.4694211932,"(1084, 4951, 0)","(1084.0, 4951.0, 0)"
1824,608,0,XRSTR_2,0.0,0.0,0.0,"(1084, 4951, 0)","(1617.0, 2764.0, 0)"
1825,608,1,x1,0.0,0.0,0.0,"(1084, 4951, 0)","(3134.5, 4951.0, 0)"
1826,608,2,XRSTR_1,-28788.25768954107,27814.0,949178.0456299058,"(1084, 4951, 0)","(1084.0, 4951.0, 0)"
1827,609,0,x1,0.0,0.0,0.0,"(1084, 4951, 0)","(3667.5, 4951.0, 0)"
1828,609,1,XRSTR_2,0.0,0.0,0.0,"(1084, 4951, 0)","(1617.0, 4951.0, 0)"
1829,609,2,XRSTR_1,-27920.318113647743,26886.0,1069813.9602198259,"(1084, 4951, 0)","(1084.0, 4951.0, 0)"
1830,610,0,XRSTR_2,0.0,0.0,0.0,"(1084, 4951, 0)","(1617.0, 2764.0, 0)"
1831,610,1,x1,0.0,0.0,0.0,"(1084, 4951, 0)","(3134.5, 4951.0, 0)"
1832,610,2,XRSTR_1,-28788.25768954107,27814.0,949178.0456299058,"(1084, 4951, 0)","(1084.0, 4951.0, 0)"
1833,611,0,x1,0.0,0.0,0.0,"(1084, 4951, 0)","(3667.5, 4951.0, 0)"
1834,611,1,XRSTR_2,0.0,0.0,0.0,"(1084, 4951, 0)","(1617.0, 4951.0, 0)"
1835,611,2,XRSTR_1,-27920.318113647743,26886.0,1069813.9602198259,"(1084, 4951, 0)","(1084.0, 4951.0, 0)"
1836,612,0,XRSTR_1,0.0,0.0,0.0,"(1084, 4951, 0)","(3667.5, 4951.0, 0)"
1837,612,1,XRSTR_2,0.0,0.0,0.0,"(1084, 4951, 0)","(3134.5, 4951.0, 0)"
1838,612,2,x1,-30047.0798293587,28985.0,1128013.563930605,"(1084, 4951, 0)","(1084.0, 4951.0, 0)"
1839,613,0,x1,0.0,0.0,0.0,"(1084, 4951, 0)","(3667.5, 4951.0, 0)"
1840,613,1,XRSTR_1,0.0,0.0,0.0,"(1084, 4951, 0)","(1617.0, 4951.0, 0)"
1841,613,2,XRSTR_2,-27919.207354783273,26886.0,1067517.43797825,"(1084, 4951, 0)","(1084.0, 4951.0, 0)"
1842,614,0,XRSTR_2,0.0,0.0,0.0,"(1084, 4951, 0)","(3667.5, 4951.0, 0)"
1843,614,1,XRSTR_1,0.0,0.0,0.0,"(1084, 4951, 0)","(3134.5, 4951.0, 0)"
1844,614,2,x1,-30046.315914052546,28985.0,1126391.4694211932,"(1084, 4951, 0)","(1084.0, 4951.0, 0)"
1845,615,0,XRSTR_2,0.0,0.0,0.0,"(1084, 4951, 0)","(1617.0, 2764.0, 0)"
1846,615,1,x1,0.0,0.0,0.0,"(1084, 4951, 0)","(3134.5, 4951.0, 0)"
1847,615,2,XRSTR_1,-28788.25768954107,27814.0,949178.0456299058,"(1084, 4951, 0)","(1084.0, 4951.0, 0)"
1848,616,0,XRSTR_2,0.0,0.0,0.0,"(1084, 4951, 0)","(1617.0, 2764.0, 0)"
1849,616,1,x1,0.0,0.0,0.0,"(1084, 4951, 0)","(3134.5, 4951.0, 0)"
1850,616,2,XRSTR_1,-28788.25768954107,27814.0,949178.0456299058,"(1084, 4951, 0)","(1084.0, 4951.0, 0)"
1851,617,0,x1,0.0,0.0,0.0,"(1084, 4951, 0)","(3667.5, 4951.0, 0)"
1852,617,1,XRSTR_1,0.0,0.0,0.0,"(1084, 4951, 0)","(1617.0, 4951.0, 0)"
1853,617,2,XRSTR_2,-27919.207354783273,26886.0,1067517.43797825,"(1084, 4951, 0)","(1084.0, 4951.0, 0)"
1854,618,0,XRSTR_1,0.0,0.0,0.0,"(1084, 4951, 0)","(1617.0, 2764.0, 0)"
1855,618,1,x1,0.0,0.0,0.0,"(1084, 4951, 0)","(3134.5, 4951.0, 0)"
1856,618,2,XRSTR_2,-28145.813989399154,27215.0,866414.682861168,"(1084, 4951, 0)","(1084.0, 4951.0, 0)"
1857,619,0,x1,0.0,0.0,0.0,"(1084, 4951, 0)","(3667.5, 4951.0, 0)"
1858,619,1,XRSTR_1,0.0,0.0,0.0,"(1084, 4951, 0)","(1617.0, 4951.0, 0)"
1859,619,2,XRSTR_2,-27919.207354783273,26886.0,1067517.43797825,"(1084, 4951, 0)","(1084.0, 4951.0, 0)"
1860,620,0,XRSTR_2,0.0,0.0,0.0,"(1084, 4951, 0)","(3667.5, 4951.0, 0)"
1861,620,1,XRSTR_1,0.0,0.0,0.0,"(1084, 4951, 0)","(3134.5, 4951.0, 0)"
1862,620,2,x1,-30046.315914052546,28985.0,1126391.4694211932,"(1084, 4951, 0)","(1084.0, 4951.0, 0)"
1863,621,0,x1,0.0,0.0,0.0,"(1084, 4951, 0)","(3667.5, 4951.0, 0)"
1864,621,1,XRSTR_1,0.0,0.0,0.0,"(1084, 4951, 0)","(1617.0, 4951.0, 0)"
1865,621,2,XRSTR_2,-27919.207354783273,26886.0,1067517.43797825,"(1084, 4951, 0)","(1084.0, 4951.0, 0)"
1866,622,0,x1,0.0,0.0,0.0,"(1084, 4951, 0)","(3667.5, 4951.0, 0)"
1867,622,1,XRSTR_2,0.0,0.0,0.0,"(1084, 4951, 0)","(1617.0, 4951.0, 0)"
1868,622,2,XRSTR_1,-27920.318113647743,26886.0,1069813.9602198259,"(1084, 4951, 0)","(1084.0, 4951.0, 0)"
1869,623,0,XRSTR_2,0.0,0.0,0.0,"(1084, 4951, 0)","(3667.5, 4951.0, 0)"
1870,623,1,XRSTR_1,0.0,0.0,0.0,"(1084, 4951, 0)","(3134.5, 4951.0, 0)"
1871,623,2,x1,-30046.315914052546,28985.0,1126391.4694211932,"(1084, 4951, 0)","(1084.0, 4951.0, 0)"
1872,624,0,x1,0.0,0.0,0.0,"(1084, 4951, 0)","(3667.5, 4951.0, 0)"
1873,624,1,XRSTR_2,0.0,0.0,0.0,"(1084, 4951, 0)","(1617.0, 4951.0, 0)"
1874,624,2,XRSTR_1,-27920.318113647743,26886.0,1069813.9602198259,"(1084, 4951, 0)","(1084.0, 4951.0, 0)"
1875,625,0,XRSTR_1,0.0,0.0,0.0,"(1084, 4951, 0)","(1617.0, 2764.0, 0)"
1876,625,1,x1,0.0,0.0,0.0,"(1084, 4951, 0)","(3134.5, 4951.0, 0)"
1877,625,2,XRSTR_2,-28145.813989399154,27215.0,866414.682861168,"(1084, 4951, 0)","(1084.0, 4951.0, 0)"
1878,626,0,XRSTR_1,0.0,0.0,0.0,"(1084, 4951, 0)","(1617.0, 2764.0, 0)"
1879,626,1,x1,0.0,0.0,0.0,"(1084, 4951, 0)","(3134.5, 4951.0, 0)"
1880,626,2,XRSTR_2,-28145.813989399154,27215.0,866414.682861168,"(1084, 4951, 0)","(1084.0, 4951.0, 0)"
1881,627,0,XRSTR_1,0.0,0.0,0.0,"(1084, 4951, 0)","(3667.5, 4951.0, 0)"
1882,627,1,XRSTR_2,0.0,0.0,0.0,"(1084, 4951, 0)","(3134.5, 4951.0, 0)"
1883,627,2,x1,-30047.0798293587,28985.0,1128013.563930605,"(1084, 4951, 0)","(1084.0, 4951.0, 0)"
1884,628,0,x1,0.0,0.0,0.0,"(1084, 4951, 0)","(3667.5, 4951.0, 0)"
1885,628,1,XRSTR_2,0.0,0.0,0.0,"(1084, 4951, 0)","(1617.0, 4951.0, 0)"
1886,628,2,XRSTR_1,-27920.318113647743,26886.0,1069813.9602198259,"(1084, 4951, 0)","(1084.0, 4951.0, 0)"
1887,629,0,x1,0.0,0.0,0.0,"(1084, 4951, 0)","(3667.5, 4951.0, 0)"
1888,629,1,XRSTR_1,0.0,0.0,0.0,"(1084, 4951, 0)","(1617.0, 4951.0, 0)"
1889,629,2,XRSTR_2,-27919.207354783273,26886.0,1067517.43797825,"(1084, 4951, 0)","(1084.0, 4951.0, 0)"
1890,630,0,x1,0.0,0.0,0.0,"(1084, 4951, 0)","(3667.5, 4951.0, 0)"
1891,630,1,XRSTR_1,0.0,0.0,0.0,"(1084, 4951, 0)","(1617.0, 4951.0, 0)"
1892,630,2,XRSTR_2,-27919.207354783273,26886.0,1067517.43797825,"(1084, 4951, 0)","(1084.0, 4951.0, 0)"
1893,631,0,x1,0.0,0.0,0.0,"(1084, 4951, 0)","(3667.5, 4951.0, 0)"
1894,631,1,XRSTR_2,0.0,0.0,0.0,"(1084, 4951, 0)","(1617.0, 4951.0, 0)"
1895,631,2,XRSTR_1,-27920.318113647743,26886.0,1069813.9602198259,"(1084, 4951, 0)","(1084.0, 4951.0, 0)"
1896,632,0,XRSTR_2,0.0,0.0,0.0,"(1084, 4951, 0)","(3667.5, 4951.0, 0)"
1897,632,1,XRSTR_1,0.0,0.0,0.0,"(1084, 4951, 0)","(3134.5, 4951.0, 0)"
1898,632,2,x1,-30046.315914052546,28985.0,1126391.4694211932,"(1084, 4951, 0)","(1084.0, 4951.0, 0)"
1899,633,0,XRSTR_2,0.0,0.0,0.0,"(1084, 4951, 0)","(3667.5, 4951.0, 0)"
1900,633,1,XRSTR_1,0.0,0.0,0.0,"(1084, 4951, 0)","(3134.5, 4951.0, 0)"
1901,633,2,x1,-30046.315914052546,28985.0,1126391.4694211932,"(1084, 4951, 0)","(1084.0, 4951.0, 0)"
1902,634,0,XRSTR_2,0.0,0.0,0.0,"(1084, 4951, 0)","(1617.0, 2764.0, 0)"
1903,634,1,x1,0.0,0.0,0.0,"(1084, 4951, 0)","(3134.5, 4951.0, 0)"
1904,634,2,XRSTR_1,-28788.25768954107,27814.0,949178.0456299058,"(1084, 4951, 0)","(1084.0, 4951.0, 0)"
1905,635,0,XRSTR_1,0.0,0.0,0.0,"(1084, 4951, 0)","(1617.0, 2764.0, 0)"
1906,635,1,x1,0.0,0.0,0.0,"(1084, 4951, 0)","(3134.5, 4951.0, 0)"
1907,635,2,XRSTR_2,-28145.813989399154,27215.0,866414.682861168,"(1084, 4951, 0)","(1084.0, 4951.0, 0)"
1908,636,0,XRSTR_2,0.0,0.0,0.0,"(1084, 4951, 0)","(3667.5, 4951.0, 0)"
1909,636,1,XRSTR_1,0.0,0.0,0.0,"(1084, 4951, 0)","(3134.5, 4951.0, 0)"
1910,636,2,x1,-30046.315914052546,28985.0,1126391.4694211932,"(1084, 4951, 0)","(1084.0, 4951.0, 0)"
1911,637,0,XRSTR_1,0.0,0.0,0.0,"(1084, 4951, 0)","(1617.0, 2764.0, 0)"
1912,637,1,x1,0.0,0.0,0.0,"(1084, 4951, 0)","(3134.5, 4951.0, 0)"
1913,637,2,XRSTR_2,-28145.813989399154,27215.0,866414.682861168,"(1084, 4951, 0)","(1084.0, 4951.0, 0)"
1914,638,0,x1,0.0,0.0,0.0,"(1084, 4951, 0)","(3667.5, 4951.0, 0)"
1915,638,1,XRSTR_2,0.0,0.0,0.0,"(1084, 4951, 0)","(1617.0, 4951.0, 0)"
1916,638,2,XRSTR_1,-27920.318113647743,26886.0,1069813.9602198259,"(1084, 4951, 0)","(1084.0, 4951.0, 0)"
1917,639,0,x1,0.0,0.0,0.0,"(1084, 4951, 0)","(3667.5, 4951.0, 0)"
1918,639,1,XRSTR_2,0.0,0.0,0.0,"(1084, 4951, 0)","(1617.0, 4951.0, 0)"
1919,639,2,XRSTR_1,-27920.318113647743,26886.0,1069813.9602198259,"(1084, 4951, 0)","(1084.0, 4951.0, 0)"
1920,640,0,x1,0.0,0.0,0.0,"(1084, 4951, 0)","(3667.5, 4951.0, 0)"
1921,640,1,XRSTR_1,0.0,0.0,0.0,"(1084, 4951, 0)","(1617.0, 4951.0, 0)"
1922,640,2,XRSTR_2,-27919.207354783273,26886.0,1067517.43797825,"(1084, 4951, 0)","(1084.0, 4951.0, 0)"
1923,641,0,XRSTR_2,0.0,0.0,0.0,"(1084, 4951, 0)","(1617.0, 2764.0, 0)"
1924,641,1,x1,0.0,0.0,0.0,"(1084, 4951, 0)","(3134.5, 4951.0, 0)"
1925,641,2,XRSTR_1,-28788.25768954107,27814.0,949178.0456299058,"(1084, 4951, 0)","(1084.0, 4951.0, 0)"
1926,642,0,x1,0.0,0.0,0.0,"(1084, 4951, 0)","(3667.5, 4951.0, 0)"
1927,642,1,XRSTR_1,0.0,0.0,0.0,"(1084, 4951, 0)","(1617.0, 4951.0, 0)"
1928,642,2,XRSTR_2,-27919.207354783273,26886.0,1067517.43797825,"(1084, 4951, 0)","(1084.0, 4951.0, 0)"
1929,643,0,x1,0.0,0.0,0.0,"(1084, 4951, 0)","(3667.5, 4951.0, 0)"
1930,643,1,XRSTR_1,0.0,0.0,0.0,"(1084, 4951, 0)","(1617.0, 4951.0, 0)"
1931,643,2,XRSTR_2,-27919.207354783273,26886.0,1067517.43797825,"(1084, 4951, 0)","(1084.0, 4951.0, 0)"
1932,644,0,XRSTR_2,0.0,0.0,0.0,"(1084, 4951, 0)","(3667.5, 4951.0, 0)"
1933,644,1,XRSTR_1,0.0,0.0,0.0,"(1084, 4951, 0)","(3134.5, 4951.0, 0)"
1934,644,2,x1,-30046.315914052546,28985.0,1126391.4694211932,"(1084, 4951, 0)","(1084.0, 4951.0, 0)"
1935,645,0,XRSTR_2,0.0,0.0,0.0,"(1084, 4951, 0)","(3667.5, 4951.0, 0)"
1936,645,1,XRSTR_1,0.0,0.0,0.0,"(1084, 4951, 0)","(3134.5, 4951.0, 0)"
1937,645,2,x1,-30046.315914052546,28985.0,1126391.4694211932,"(1084, 4951, 0)","(1084.0, 4951.0, 0)"
1938,646,0,x1,0.0,0.0,0.0,"(1084, 4951, 0)","(3667.5, 4951.0, 0)"
1939,646,1,XRSTR_1,0.0,0.0,0.0,"(1084, 4951, 0)","(1617.0, 4951.0, 0)"
1940,646,2,XRSTR_2,-27919.207354783273,26886.0,1067517.43797825,"(1084, 4951, 0)","(1084.0, 4951.0, 0)"
1941,647,0,x1,0.0,0.0,0.0,"(1084, 4951, 0)","(3667.5, 4951.0, 0)"
1942,647,1,XRSTR_2,0.0,0.0,0.0,"(1084, 4951, 0)","(1617.0, 4951.0, 0)"
1943,647,2,XRSTR_1,-27920.318113647743,26886.0,1069813.9602198259,"(1084, 4951, 0)","(1084.0, 4951.0, 0)"
1944,648,0,x1,0.0,0.0,0.0,"(1084, 4951, 0)","(3667.5, 4951.0, 0)"
1945,648,1,XRSTR_2,0.0,0.0,0.0,"(1084, 4951, 0)","(1617.0, 4951.0, 0)"
1946,648,2,XRSTR_1,-27920.318113647743,26886.0,1069813.9602198259,"(1084, 4951, 0)","(1084.0, 4951.0, 0)"
1947,649,0,x1,0.0,0.0,0.0,"(1084, 4951, 0)","(3667.5, 4951.0, 0)"
1948,649,1,XRSTR_1,0.0,0.0,0.0,"(1084, 4951, 0)","(1617.0, 4951.0, 0)"
1949,649,2,XRSTR_2,-27919.207354783273,26886.0,1067517.43797825,"(1084, 4951, 0)","(1084.0, 4951.0, 0)"
1950,650,0,XRSTR_1,0.0,0.0,0.0,"(1084, 4951, 0)","(1617.0, 2764.0, 0)"
1951,650,1,x1,0.0,0.0,0.0,"(1084, 4951, 0)","(3134.5, 4951.0, 0)"
1952,650,2,XRSTR_2,-28145.813989399154,27215.0,866414.682861168,"(1084, 4951, 0)","(1084.0, 4951.0, 0)"
1953,651,0,x1,0.0,0.0,0.0,"(1084, 4951, 0)","(3667.5, 4951.0, 0)"
1954,651,1,XRSTR_2,0.0,0.0,0.0,"(1084, 4951, 0)","(1617.0, 4951.0, 0)"
1955,651,2,XRSTR_1,-27920.318113647743,26886.0,1069813.9602198259,"(1084, 4951, 0)","(1084.0, 4951.0, 0)"
1956,652,0,XRSTR_2,0.0,0.0,0.0,"(1084, 4951, 0)","(1617.0, 2764.0, 0)"
1957,652,1,x1,0.0,0.0,0.0,"(1084, 4951, 0)","(3134.5, 4951.0, 0)"
1958,652,2,XRSTR_1,-28788.25768954107,27814.0,949178.0456299058,"(1084, 4951, 0)","(1084.0, 4951.0, 0)"
1959,653,0,XRSTR_2,0.0,0.0,0.0,"(1084, 4951, 0)","(1617.0, 2764.0, 0)"
1960,653,1,x1,0.0,0.0,0.0,"(1084, 4951, 0)","(3134.5, 4951.0, 0)"
1961,653,2,XRSTR_1,-28788.25768954107,27814.0,949178.0456299058,"(1084, 4951, 0)","(1084.0, 4951.0, 0)"
1962,654,0,XRSTR_1,0.0,0.0,0.0,"(1084, 4951, 0)","(1617.0, 2764.0, 0)"
1963,654,1,x1,0.0,0.0,0.0,"(1084, 4951, 0)","(3134.5, 4951.0, 0)"
1964,654,2,XRSTR_2,-28145.813989399154,27215.0,866414.682861168,"(1084, 4951, 0)","(1084.0, 4951.0, 0)"
1965,655,0,XRSTR_1,0.0,0.0,0.0,"(1084, 4951, 0)","(3667.5, 4951.0, 0)"
1966,655,1,XRSTR_2,0.0,0.0,0.0,"(1084, 4951, 0)","(3134.5, 4951.0, 0)"
1967,655,2,x1,-30047.0798293587,28985.0,1128013.563930605,"(1084, 4951, 0)","(1084.0, 4951.0, 0)"
1968,656,0,x1,0.0,0.0,0.0,"(1084, 4951, 0)","(3667.5, 4951.0, 0)"
1969,656,1,XRSTR_1,0.0,0.0,0.0,"(1084, 4951, 0)","(1617.0, 4951.0, 0)"
1970,656,2,XRSTR_2,-27919.207354783273,26886.0,1067517.43797825,"(1084, 4951, 0)","(1084.0, 4951.0, 0)"
1971,657,0,XRSTR_2,0.0,0.0,0.0,"(1084, 4951, 0)","(3667.5, 4951.0, 0)"
1972,657,1,XRSTR_1,0.0,0.0,0.0,"(1084, 4951, 0)","(3134.5, 4951.0, 0)"
1973,657,2,x1,-30046.315914052546,28985.0,1126391.4694211932,"(1084, 4951, 0)","(1084.0, 4951.0, 0)"
1974,658,0,XRSTR_2,0.0,0.0,0.0,"(1084, 4951, 0)","(3667.5, 4951.0, 0)"
1975,658,1,XRSTR_1,0.0,0.0,0.0,"(1084, 4951, 0)","(3134.5, 4951.0, 0)"
1976,658,2,x1,-30046.315914052546,28985.0,1126391.4694211932,"(1084, 4951, 0)","(1084.0, 4951.0, 0)"
1977,659,0,x1,0.0,0.0,0.0,"(1084, 4951, 0)","(3667.5, 4951.0, 0)"
1978,659,1,XRSTR_1,0.0,0.0,0.0,"(1084, 4951, 0)","(1617.0, 4951.0, 0)"
1979,659,2,XRSTR_2,-27919.207354783273,26886.0,1067517.43797825,"(1084, 4951, 0)","(1084.0, 4951.0, 0)"
1980,660,0,XRSTR_1,0.0,0.0,0.0,"(1084, 4951, 0)","(1617.0, 2764.0, 0)"
1981,660,1,x1,0.0,0.0,0.0,"(1084, 4951, 0)","(3134.5, 4951.0, 0)"
1982,660,2,XRSTR_2,-28145.813989399154,27215.0,866414.682861168,"(1084, 4951, 0)","(1084.0, 4951.0, 0)"
1983,661,0,x1,0.0,0.0,0.0,"(1084, 4951, 0)","(3667.5, 4951.0, 0)"
1984,661,1,XRSTR_1,0.0,0.0,0.0,"(1084, 4951, 0)","(1617.0, 4951.0, 0)"
1985,661,2,XRSTR_2,-27919.207354783273,26886.0,1067517.43797825,"(1084, 4951, 0)","(1084.0, 4951.0, 0)"
1986,662,0,XRSTR_2,0.0,0.0,0.0,"(1084, 4951, 0)","(1617.0, 2764.0, 0)"
1987,662,1,x1,0.0,0.0,0.0,"(1084, 4951, 0)","(3134.5, 4951.0, 0)"
1988,662,2,XRSTR_1,-28788.25768954107,27814.0,949178.0456299058,"(1084, 4951, 0)","(1084.0, 4951.0, 0)"
1989,663,0,XRSTR_2,0.0,0.0,0.0,"(1084, 4951, 0)","(3667.5, 4951.0, 0)"
1990,663,1,XRSTR_1,0.0,0.0,0.0,"(1084, 4951, 0)","(3134.5, 4951.0, 0)"
1991,663,2,x1,-30046.315914052546,28985.0,1126391.4694211932,"(1084, 4951, 0)","(1084.0, 4951.0, 0)"
1992,664,0,XRSTR_1,0.0,0.0,0.0,"(1084, 4951, 0)","(3667.5, 4951.0, 0)"
1993,664,1,XRSTR_2,0.0,0.0,0.0,"(1084, 4951, 0)","(3134.5, 4951.0, 0)"
1994,664,2,x1,-30047.0798293587,28985.0,1128013.563930605,"(1084, 4951, 0)","(1084.0, 4951.0, 0)"
1995,665,0,XRSTR_2,0.0,0.0,0.0,"(1084, 4951, 0)","(1617.0, 2764.0, 0)"
1996,665,1,x1,0.0,0.0,0.0,"(1084, 4951, 0)","(3134.5, 4951.0, 0)"
1997,665,2,XRSTR_1,-28788.25768954107,27814.0,949178.0456299058,"(1084, 4951, 0)","(1084.0, 4951.0, 0)"
1998,666,0,x1,0.0,0.0,0.0,"(1084, 4951, 0)","(3667.5, 4951.0, 0)"
1999,666,1,XRSTR_2,0.0,0.0,0.0,"(1084, 4951, 0)","(1617.0, 4951.0, 0)"
2000,666,2,XRSTR_1,-27920.318113647743,26886.0,1069813.9602198259,"(1084, 4951, 0)","(1084.0, 4951.0, 0)"
2001,667,0,x1,0.0,0.0,0.0,"(1084, 4951, 0)","(3667.5, 4951.0, 0)"
2002,667,1,XRSTR_2,0.0,0.0,0.0,"(1084, 4951, 0)","(1617.0, 4951.0, 0)"
2003,667,2,XRSTR_1,-27920.318113647743,26886.0,1069813.9602198259,"(1084, 4951, 0)","(1084.0, 4951.0, 0)"
2004,668,0,x1,0.0,0.0,0.0,"(1084, 4951, 0)","(3667.5, 4951.0, 0)"
2005,668,1,XRSTR_1,0.0,0.0,0.0,"(1084, 4951, 0)","(1617.0, 4951.0, 0)"
2006,668,2,XRSTR_2,-27919.207354783273,26886.0,1067517.43797825,"(1084, 4951, 0)","(1084.0, 4951.0, 0)"
2007,669,0,XRSTR_2,0.0,0.0,0.0,"(1084, 4951, 0)","(1617.0, 2764.0, 0)"
2008,669,1,x1,0.0,0.0,0.0,"(1084, 4951, 0)","(3134.5, 4951.0, 0)"
2009,669,2,XRSTR_1,-28788.25768954107,27814.0,949178.0456299058,"(1084, 4951, 0)","(1084.0, 4951.0, 0)"
2010,670,0,XRSTR_1,0.0,0.0,0.0,"(1084, 4951, 0)","(1617.0, 2764.0, 0)"
2011,670,1,x1,0.0,0.0,0.0,"(1084, 4951, 0)","(3134.5, 4951.0, 0)"
2012,670,2,XRSTR_2,-28145.813989399154,27215.0,866414.682861168,"(1084, 4951, 0)","(1084.0, 4951.0, 0)"
2013,671,0,XRSTR_2,0.0,0.0,0.0,"(1084, 4951, 0)","(3667.5, 4951.0, 0)"
2014,671,1,XRSTR_1,0.0,0.0,0.0,"(1084, 4951, 0)","(3134.5, 4951.0, 0)"
2015,671,2,x1,-30046.315914052546,28985.0,1126391.4694211932,"(1084, 4951, 0)","(1084.0, 4951.0, 0)"
2016,672,0,XRSTR_1,0.0,0.0,0.0,"(1084, 4951, 0)","(3667.5, 4951.0, 0)"
2017,672,1,XRSTR_2,0.0,0.0,0.0,"(1084, 4951, 0)","(3134.5, 4951.0, 0)"
2018,672,2,x1,-30047.0798293587,28985.0,1128013.563930605,"(1084, 4951, 0)","(1084.0, 4951.0, 0)"
2019,673,0,XRSTR_2,0.0,0.0,0.0,"(1084, 4951, 0)","(1617.0, 2764.0, 0)"
2020,673,1,x1,0.0,0.0,0.0,"(1084, 4951, 0)","(3134.5, 4951.0, 0)"
2021,673,2,XRSTR_1,-28788.25768954107,27814.0,949178.0456299058,"(1084, 4951, 0)","(1084.0, 4951.0, 0)"
2022,674,0,XRSTR_1,0.0,0.0,0.0,"(1084, 4951, 0)","(1617.0, 2764.0, 0)"
2023,674,1,x1,0.0,0.0,0.0,"(1084, 4951, 0)","(3134.5, 4951.0, 0)"
2024,674,2,XRSTR_2,-28145.813989399154,27215.0,866414.682861168,"(1084, 4951, 0)","(1084.0, 4951.0, 0)"
2025,675,0,XRSTR_1,0.0,0.0,0.0,"(1084, 4951, 0)","(1617.0, 2764.0, 0)"
2026,675,1,x1,0.0,0.0,0.0,"(1084, 4951, 0)","(3134.5, 4951.0, 0)"
2027,675,2,XRSTR_2,-28145.813989399154,27215.0,866414.682861168,"(1084, 4951, 0)","(1084.0, 4951.0, 0)"
2028,676,0,XRSTR_1,0.0,0.0,0.0,"(1084, 4951, 0)","(3667.5, 4951.0, 0)"
2029,676,1,XRSTR_2,0.0,0.0,0.0,"(1084, 4951, 0)","(3134.5, 4951.0, 0)"
2030,676,2,x1,-30047.0798293587,28985.0,1128013.563930605,"(1084, 4951, 0)","(1084.0, 4951.0, 0)"
2031,677,0,XRSTR_1,0.0,0.0,0.0,"(1084, 4951, 0)","(3667.5, 4951.0, 0)"
2032,677,1,XRSTR_2,0.0,0.0,0.0,"(1084, 4951, 0)","(3134.5, 4951.0, 0)"
2033,677,2,x1,-30047.0798293587,28985.0,1128013.563930605,"(1084, 4951, 0)","(1084.0, 4951.0, 0)"
2034,678,0,XRSTR_2,0.0,0.0,0.0,"(1084, 4951, 0)","(3667.5, 4951.0, 0)"
2035,678,1,XRSTR_1,0.0,0.0,0.0,"(1084, 4951, 0)","(3134.5, 4951.0, 0)"
2036,678,2,x1,-30046.315914052546,28985.0,1126391.4694211932,"(1084, 4951, 0)","(1084.0, 4951.0, 0)"
2037,679,0,XRSTR_2,0.0,0.0,0.0,"(1084, 4951, 0)","(3667.5, 4951.0, 0)"
2038,679,1,XRSTR_1,0.0,0.0,0.0,"(1084, 4951, 0)","(3134.5, 4951.0, 0)"
2039,679,2,x1,-30046.315914052546,28985.0,1126391.4694211932,"(1084, 4951, 0)","(1084.0, 4951.0, 0)"
2040,680,0,XRSTR_1,0.0,0.0,0.0,"(1084, 4951, 0)","(3667.5, 4951.0, 0)"
2041,680,1,XRSTR_2,0.0,0.0,0.0,"(1084, 4951, 0)","(3134.5, 4951.0, 0)"
2042,680,2,x1,-30047.0798293587,28985.0,1128013.563930605,"(1084, 4951, 0)","(1084.0, 4951.0, 0)"
2043,681,0,XRSTR_2,0.0,0.0,0.0,"(1084, 4951, 0)","(3667.5, 4951.0, 0)"
2044,681,1,XRSTR_1,0.0,0.0,0.0,"(1084, 4951, 0)","(3134.5, 4951.0, 0)"
2045,681,2,x1,-30046.315914052546,28985.0,1126391.4694211932,"(1084, 4951, 0)","(1084.0, 4951.0, 0)"
2046,682,0,XRSTR_1,0.0,0.0,0.0,"(1084, 4951, 0)","(3667.5, 4951.0, 0)"
2047,682,1,XRSTR_2,0.0,0.0,0.0,"(1084, 4951, 0)","(3134.5, 4951.0, 0)"
2048,682,2,x1,-30047.0798293587,28985.0,1128013.563930605,"(1084, 4951, 0)","(1084.0, 4951.0, 0)"
2049,683,0,x1,0.0,0.0,0.0,"(1084, 4951, 0)","(3667.5, 4951.0, 0)"
2050,683,1,XRSTR_1,0.0,0.0,0.0,"(1084, 4951, 0)","(1617.0, 4951.0, 0)"
2051,683,2,XRSTR_2,-27919.207354783273,26886.0,1067517.43797825,"(1084, 4951, 0)","(1084.0, 4951.0, 0)"
2052,684,0,XRSTR_2,0.0,0.0,0.0,"(1084, 4951, 0)","(3667.5, 4951.0, 0)"
2053,684,1,XRSTR_1,0.0,0.0,0.0,"(1084, 4951, 0)","(3134.5, 4951.0, 0)"
2054,684,2,x1,-30046.315914052546,28985.0,1126391.4694211932,"(1084, 4951, 0)","(1084.0, 4951.0, 0)"
2055,685,0,x1,0.0,0.0,0.0,"(1084, 4951, 0)","(3667.5, 4951.0, 0)"
2056,685,1,XRSTR_2,0.0,0.0,0.0,"(1084, 4951, 0)","(1617.0, 4951.0, 0)"
2057,685,2,XRSTR_1,-27920.318113647743,26886.0,1069813.9602198259,"(1084, 4951, 0)","(1084.0, 4951.0, 0)"
2058,686,0,XRSTR_2,0.0,0.0,0.0,"(1084, 4951, 0)","(3667.5, 4951.0, 0)"
2059,686,1,XRSTR_1,0.0,0.0,0.0,"(1084, 4951, 0)","(3134.5, 4951.0, 0)"
2060,686,2,x1,-30046.315914052546,28985.0,1126391.4694211932,"(1084, 4951, 0)","(1084.0, 4951.0, 0)"
2061,687,0,XRSTR_2,0.0,0.0,0.0,"(1084, 4951, 0)","(3667.5, 4951.0, 0)"
2062,687,1,XRSTR_1,0.0,0.0,0.0,"(1084, 4951, 0)","(3134.5, 4951.0, 0)"
2063,687,2,x1,-30046.315914052546,28985.0,1126391.4694211932,"(1084, 4951, 0)","(1084.0, 4951.0, 0)"
2064,688,0,XRSTR_1,0.0,0.0,0.0,"(1084, 4951, 0)","(3667.5, 4951.0, 0)"
2065,688,1,XRSTR_2,0.0,0.0,0.0,"(1084, 4951, 0)","(3134.5, 4951.0, 0)"
2066,688,2,x1,-30047.0798293587,28985.0,1128013.563930605,"(1084, 4951, 0)","(1084.0, 4951.0, 0)"
2067,689,0,XRSTR_2,0.0,0.0,0.0,"(1084, 4951, 0)","(3667.5, 4951.0, 0)"
2068,689,1,XRSTR_1,0.0,0.0,0.0,"(1084, 4951, 0)","(3134.5, 4951.0, 0)"
2069,689,2,x1,-30046.315914052546,28985.0,1126391.4694211932,"(1084, 4951, 0)","(1084.0, 4951.0, 0)"
2070,690,0,XRSTR_1,0.0,0.0,0.0,"(1084, 4951, 0)","(3667.5, 4951.0, 0)"
2071,690,1,XRSTR_2,0.0,0.0,0.0,"(1084, 4951, 0)","(3134.5, 4951.0, 0)"
2072,690,2,x1,-30047.0798293587,28985.0,1128013.563930605,"(1084, 4951, 0)","(1084.0, 4951.0, 0)"
2073,691,0,XRSTR_1,0.0,0.0,0.0,"(1084, 4951, 0)","(3667.5, 4951.0, 0)"
2074,691,1,XRSTR_2,0.0,0.0,0.0,"(1084, 4951, 0)","(3134.5, 4951.0, 0)"
2075,691,2,x1,-30047.0798293587,28985.0,1128013.563930605,"(1084, 4951, 0)","(1084.0, 4951.0, 0)"
2076,692,0,XRSTR_1,0.0,0.0,0.0,"(1084, 4951, 0)","(3667.5, 4951.0, 0)"
2077,692,1,XRSTR_2,0.0,0.0,0.0,"(1084, 4951, 0)","(3134.5, 4951.0, 0)"
2078,692,2,x1,-30047.0798293587,28985.0,1128013.563930605,"(1084, 4951, 0)","(1084.0, 4951.0, 0)"
2079,693,0,x1,0.0,0.0,0.0,"(1084, 4951, 0)","(3667.5, 4951.0, 0)"
2080,693,1,XRSTR_2,0.0,0.0,0.0,"(1084, 4951, 0)","(1617.0, 4951.0, 0)"
2081,693,2,XRSTR_1,-27920.318113647743,26886.0,1069813.9602198259,"(1084, 4951, 0)","(1084.0, 4951.0, 0)"
2082,694,0,XRSTR_2,0.0,0.0,0.0,"(1084, 4951, 0)","(3667.5, 4951.0, 0)"
2083,694,1,XRSTR_1,0.0,0.0,0.0,"(1084, 4951, 0)","(3134.5, 4951.0, 0)"
2084,694,2,x1,-30046.315914052546,28985.0,1126391.4694211932,"(1084, 4951, 0)","(1084.0, 4951.0, 0)"
2085,695,0,XRSTR_2,0.0,0.0,0.0,"(1084, 4951, 0)","(3667.5, 4951.0, 0)"
2086,695,1,XRSTR_1,0.0,0.0,0.0,"(1084, 4951, 0)","(3134.5, 4951.0, 0)"
2087,695,2,x1,-30046.315914052546,28985.0,1126391.4694211932,"(1084, 4951, 0)","(1084.0, 4951.0, 0)"
2088,696,0,x1,0.0,0.0,0.0,"(1084, 4951, 0)","(3667.5, 4951.0, 0)"
2089,696,1,XRSTR_2,0.0,0.0,0.0,"(1084, 4951, 0)","(1617.0, 4951.0, 0)"
2090,696,2,XRSTR_1,-27920.318113647743,26886.0,1069813.9602198259,"(1084, 4951, 0)","(1084.0, 4951.0, 0)"
2091,697,0,XRSTR_1,0.0,0.0,0.0,"(1084, 4951, 0)","(1617.0, 2764.0, 0)"
2092,697,1,x1,0.0,0.0,0.0,"(1084, 4951, 0)","(3134.5, 4951.0, 0)"
2093,697,2,XRSTR_2,-28145.813989399154,27215.0,866414.682861168,"(1084, 4951, 0)","(1084.0, 4951.0, 0)"
2094,698,0,XRSTR_2,0.0,0.0,0.0,"(1084, 4951, 0)","(1617.0, 2764.0, 0)"
2095,698,1,x1,0.0,0.0,0.0,"(1084, 4951, 0)","(3134.5, 4951.0, 0)"
2096,698,2,XRSTR_1,-28788.25768954107,27814.0,949178.0456299058,"(1084, 4951, 0)","(1084.0, 4951.0, 0)"
2097,699,0,x1,0.0,0.0,0.0,"(1084, 4951, 0)","(3667.5, 4951.0, 0)"
2098,699,1,XRSTR_2,0.0,0.0,0.0,"(1084, 4951, 0)","(1617.0, 4951.0, 0)"
2099,699,2,XRSTR_1,-27920.318113647743,26886.0,1069813.9602198259,"(1084, 4951, 0)","(1084.0, 4951.0, 0)"
2100,700,0,XRSTR_1,0.0,0.0,0.0,"(333, 4951, 0)","(333.0, 4951.0, 0)"
2101,700,1,x1,0.0,0.0,0.0,"(2879, 4951, 0)","(2879.0, 4951.0, 0)"
2102,700,2,XRSTR_2,-38621.33663330126,37547.5,1153125.1150197901,"(1084, 200, 0)","(1084.0, 200.0, 0)"
2103,701,0,x1,0.0,0.0,0.0,"(1084, 4951, 90)","(1084.0, 4951.0, 90)"
2104,701,1,XRSTR_1,0.0,0.0,0.0,"(4045, 4951, 0)","(4578.0, 4951.0, 0)"
2105,701,2,XRSTR_2,-32537.729332739476,31568.5,939405.4994426105,"(4045, 4951, 0)","(4045.0, 4951.0, 0)"
2106,702,0,XRSTR_2,0.0,0.0,0.0,"(2879, 3796, 0)","(2879.0, 3796.0, 0)"
2107,702,1,x1,0.0,0.0,0.0,"(2879, 4951, 0)","(2879.0, 5983.0, 0)"
2108,702,2,XRSTR_1,-32320.612517915237,31444.0,768449.5065656889,"(1084, 2221, 0)","(1084.0, 2221.0, 0)"
2109,703,0,x1,0.0,0.0,0.0,"(2879, 200, 0)","(2879.0, 200.0, 0)"
2110,703,1,XRSTR_2,0.0,0.0,0.0,"(527, 4951, 0)","(527.0, 4951.0, 0)"
2111,703,2,XRSTR_1,-50409.626064329204,49001.5,1982819.0130432476,"(4989, 4951, 0)","(4989.0, 4951.0, 0)"
2112,704,0,XRSTR_1,0.0,0.0,0.0,"(4989, 1793, 0)","(4989.0, 1793.0, 0)"
2113,704,1,x1,0.0,0.0,0.0,"(2882, 2308, 0)","(2882.0, 2308.0, 0)"
2114,704,2,XRSTR_2,-31512.794168067503,30505.0,1015649.0851908724,"(4060, 4951, 0)","(4060.0, 4951.0, 0)"
2115,705,0,x1,0.0,0.0,0.0,"(2879, 680, 0)","(2879.0, 680.0, 0)"
2116,705,1,XRSTR_2,0.0,0.0,0.0,"(2357, 3536, 0)","(2357.0, 3536.0, 0)"
2117,705,2,XRSTR_1,-39256.91614623102,38167.0,1187917.2058150892,"(333, 4951, 0)","(333.0, 4951.0, 0)"
2118,706,0,XRSTR_2,0.0,0.0,0.0,"(2882, 4951, 0)","(2882.0, 4951.0, 0)"
2119,706,1,x1,0.0,0.0,0.0,"(4045, 4951, 0)","(4932.5, 4951.0, 0)"
2120,706,2,XRSTR_1,-37774.59620933501,36714.0,1124864.3192557993,"(527, 2308, 0)","(527.0, 2308.0, 0)"
2121,707,0,XRSTR_1,0.0,0.0,0.0,"(2879, 200, 0)","(2879.0, 200.0, 0)"
2122,707,1,XRSTR_2,0.0,0.0,0.0,"(1084, 4951, 0)","(1084.0, 4951.0, 0)"
2123,707,2,x1,-42737.74341472989,41655.5,1171250.8087262127,"(4989, 4951, 0)","(4989.0, 4951.0, 0)"
2124,708,0,XRSTR_2,0.0,0.0,0.0,"(2879, 1556, 0)","(2879.0, 1556.0, 0)"
2125,708,1,XRSTR_1,0.0,0.0,0.0,"(2661, 4951, 0)","(2661.0, 4951.0, 0)"
2126,708,2,x1,-36754.42942440022,35674.5,1166247.561685403,"(527, 4951, 0)","(527.0, 4951.0, 0)"
2127,709,0,x1,0.0,0.0,0.0,"(2472, 4951, 0)","(2472.0, 4951.0, 0)"
2128,709,1,XRSTR_1,0.0,0.0,0.0,"(527, 4951, 0)","(421.5, 4951.0, 0)"
2129,709,2,XRSTR_2,-32599.496061982984,31712.0,787649.2600353006,"(4989, 2308, 0)","(4989.0, 2308.0, 0)"
2130,710,0,XRSTR_2,0.0,0.0,0.0,"(5050, 4951, 0)","(5050.0, 4951.0, 0)"
2131,710,1,x1,0.0,0.0,0.0,"(1084, 4951, 0)","(1084.0, 4951.0, 0)"
2132,710,2,XRSTR_1,-48765.2946707009,47527.5,1532135.6468155652,"(4989, 200, 0)","(4989.0, 200.0, 0)"
2133,711,0,x1,0.0,0.0,0.0,"(4045, 1556, 0)","(4045.0, 1556.0, 0)"
2134,711,1,XRSTR_2,0.0,0.0,0.0,"(5050, 4951, 0)","(5050.0, 4951.0, 0)"
2135,711,2,XRSTR_1,-41121.70752679873,40030.5,1190733.866542199,"(527, 4951, 0)","(527.0, 4951.0, 0)"
2136,712,0,x1,0.0,0.0,0.0,"(527, 4951, 0)","(2577.5, 4951.0, 0)"
2137,712,1,XRSTR_1,0.0,0.0,0.0,"(4045, 4951, 0)","(4628.0, 4951.0, 0)"
2138,712,2,XRSTR_2,-29350.13613849633,28313.5,1074614.4836365841,"(527, 4951, 0)","(527.0, 4951.0, 0)"
2139,713,0,XRSTR_2,0.0,0.0,0.0,"(2879, 680, 0)","(2879.0, 680.0, 0)"
2140,713,1,XRSTR_1,0.0,0.0,0.0,"(1084, 5117, 0)","(828.5, 5117.0, 0)"
2141,713,2,x1,-33155.888040768376,32309.0,717219.3535965026,"(2879, 4951, 0)","(2879.0, 4951.0, 0)"
2142,714,0,XRSTR_2,0.0,0.0,0.0,"(2879, 680, 0)","(2879.0, 680.0, 0)"
2143,714,1,x1,0.0,0.0,0.0,"(2882, 4951, 0)","(2882.0, 5983.0, 0)"
2144,714,2,XRSTR_1,-35671.83469666477,34761.0,829619.844648406,"(2879, 3796, 0)","(2879.0, 3796.0, 0)"
2145,715,0,XRSTR_1,0.0,0.0,0.0,"(4989, 4951, 0)","(4989.0, 5983.0, 0)"
2146,715,1,XRSTR_2,0.0,0.0,0.0,"(2915, 4951, 0)","(1994.5, 4951.0, 0)"
2147,715,2,x1,-31713.495543573197,30564.0,1321340.0046946392,"(4045, 3796, 0)","(4045.0, 3796.0, 0)"
2148,716,0,x1,0.0,0.0,0.0,"(527, 4951, 0)","(527.0, 4951.0, 0)"
2149,716,1,XRSTR_2,0.0,0.0,0.0,"(2879, 4951, 0)","(2879.0, 4951.0, 0)"
2150,716,2,XRSTR_1,-27089.81402313105,26256.0,695245.825169985,"(333, 4951, 0)","(-1523.5, 4951.0, 0)"
2151,717,0,XRSTR_2,0.0,0.0,0.0,"(3716, 4951, 0)","(3716.0, 4951.0, 0)"
2152,717,1,XRSTR_1,0.0,0.0,0.0,"(4937, 2221, 0)","(4937.0, 2221.0, 0)"
2153,717,2,x1,-38118.957946806906,36958.0,1347823.3542540988,"(2882, 680, 0)","(2882.0, 680.0, 0)"
2154,718,0,XRSTR_1,0.0,0.0,0.0,"(527, 4951, 0)","(-6.0, 4951.0, 0)"
2155,718,1,XRSTR_2,0.0,0.0,0.0,"(527, 4951, 0)","(527.0, 4951.0, 0)"
2156,718,2,x1,-40523.50907840425,39248.5,1625648.1500132473,"(5050, 4951, 0)","(5050.0, 4951.0, 0)"
2157,719,0,XRSTR_1,0.0,0.0,0.0,"(527, 4951, 0)","(527.0, 4951.0, 0)"
2158,719,1,x1,0.0,0.0,0.0,"(4060, 4951, 0)","(4060.0, 4951.0, 0)"
2159,719,2,XRSTR_2,-42598.04327933016,41430.5,1363157.3091090254,"(1084, 680, 0)","(1084.0, 680.0, 0)"
2160,720,0,XRSTR_2,0.0,0.0,0.0,"(1084, 2308, 0)","(828.5, 2308.0, 0)"
2161,720,1,x1,0.0,0.0,0.0,"(2879, 680, 0)","(2879.0, 680.0, 0)"
2162,720,2,XRSTR_1,-36633.690781834746,35435.5,1435661.1496737576,"(3912, 4208, 0)","(3912.0, 4208.0, 0)"
2163,721,0,XRSTR_1,0.0,0.0,0.0,"(2882, 4951, 0)","(2882.0, 4951.0, 0)"
2164,721,1,x1,0.0,0.0,0.0,"(4989, 4951, 0)","(4989.0, 4951.0, 0)"
2165,721,2,XRSTR_2,-28207.66486091338,27168.5,1079863.6081571267,"(2879, 4951, 0)","(2349.0, 4951.0, 0)"
2166,722,0,XRSTR_1,0.0,0.0,0.0,"(1084, 4951, 0)","(-235.5, 4951.0, 0)"
2167,722,1,x1,0.0,0.0,0.0,"(1815, 4951, 0)","(1815.0, 4951.0, 0)"
2168,722,2,XRSTR_2,-26175.13852686936,25351.5,678380.422943527,"(2879, 4951, 0)","(3865.5, 4951.0, 0)"
2169,723,0,x1,0.0,0.0,0.0,"(4989, 4951, 0)","(5691.5, 4951.0, 0)"
2170,723,1,XRSTR_1,0.0,0.0,0.0,"(3641, 4951, 0)","(3641.0, 4951.0, 0)"
2171,723,2,XRSTR_2,-34038.335176466295,32958.0,1167124.0935104631,"(1084, 4951, 0)","(1084.0, 4951.0, 0)"
2172,724,0,XRSTR_2,0.0,0.0,0.0,"(4060, 4951, 0)","(4060.0, 4951.0, 0)"
2173,724,1,XRSTR_1,0.0,0.0,0.0,"(1084, 4951, 0)","(3134.5, 4951.0, 0)"
2174,724,2,x1,-31230.28281782388,30162.5,1140160.1460399055,"(1084, 4951, 0)","(1084.0, 4951.0, 0)"
2175,725,0,x1,0.0,0.0,0.0,"(1084, 200, 0)","(1084.0, 200.0, 0)"
2176,725,1,XRSTR_1,0.0,0.0,0.0,"(4060, 680, 0)","(4060.0, 680.0, 0)"
2177,725,2,XRSTR_2,-34131.39178605682,33073.5,1119135.0310064831,"(1084, 2757, 0)","(1084.0, 2757.0, 0)"
2178,726,0,x1,0.0,0.0,0.0,"(527, 4951, 0)","(2577.5, 4951.0, 0)"
2179,726,1,XRSTR_1,0.0,0.0,0.0,"(333, 4951, 0)","(-6.0, 4951.0, 0)"
2180,726,2,XRSTR_2,-27920.318113647743,26886.0,1069813.9602198259,"(527, 4951, 0)","(527.0, 4951.0, 0)"
2181,727,0,XRSTR_2,0.0,0.0,0.0,"(2879, 4951, 0)","(2009.5, 4951.0, 0)"
2182,727,1,XRSTR_1,0.0,0.0,0.0,"(2879, 3696, 0)","(2009.5, 3696.0, 0)"
2183,727,2,x1,-27405.648920095082,26342.0,1131349.025219437,"(4060, 3796, 0)","(4060.0, 3796.0, 0)"
2184,728,0,XRSTR_2,0.0,0.0,0.0,"(4989, 4951, 0)","(4989.0, 4951.0, 0)"
2185,728,1,XRSTR_1,0.0,0.0,0.0,"(1084, 4951, 0)","(3134.5, 4951.0, 0)"
2186,728,2,x1,-34036.629836957225,32949.5,1181851.2824026486,"(1084, 4951, 0)","(1084.0, 4951.0, 0)"
2187,729,0,x1,0.0,0.0,0.0,"(2879, 680, 0)","(2879.0, 680.0, 0)"
2188,729,1,XRSTR_1,0.0,0.0,0.0,"(1084, 4951, 0)","(1084.0, 4951.0, 0)"
2189,729,2,XRSTR_2,-40605.26174047102,39518.0,1182138.0922920746,"(4060, 4951, 0)","(4060.0, 4951.0, 0)"
2190,730,0,x1,0.0,0.0,0.0,"(4060, 4951, 0)","(4929.5, 4951.0, 0)"
2191,730,1,XRSTR_2,0.0,0.0,0.0,"(1084, 4951, 0)","(1084.0, 4951.0, 0)"
2192,730,2,XRSTR_1,-31733.373897001864,30672.0,1126514.5492369232,"(2879, 4951, 0)","(2879.0, 4951.0, 0)"
2193,731,0,x1,0.0,0.0,0.0,"(1084, 4951, 0)","(1084.0, 4951.0, 0)"
2194,731,1,XRSTR_1,0.0,0.0,0.0,"(333, 4951, 0)","(-966.5, 4951.0, 0)"
2195,731,2,XRSTR_2,-33077.95473584611,32185.5,796475.4555341514,"(527, 680, 0)","(527.0, 680.0, 0)"
2196,732,0,XRSTR_2,0.0,0.0,0.0,"(1084, 4951, 0)","(828.5, 4951.0, 0)"
2197,732,1,x1,0.0,0.0,0.0,"(2879, 4951, 0)","(2879.0, 4951.0, 0)"
2198,732,2,XRSTR_1,-27542.840655822925,26570.0,946418.9416219783,"(527, 3696, 0)","(527.0, 3696.0, 0)"
2199,733,0,XRSTR_1,0.0,0.0,0.0,"(4045, 4951, 0)","(4045.0, 4951.0, 0)"
2200,733,1,XRSTR_2,0.0,0.0,0.0,"(2879, 4951, 0)","(2879.0, 4951.0, 0)"
2201,733,2,x1,-43288.09583520438,41891.5,1950479.92691023,"(527, 2221, 0)","(527.0, 2221.0, 0)"
2202,734,0,XRSTR_1,0.0,0.0,0.0,"(2882, 4951, 0)","(2882.0, 4951.0, 0)"
2203,734,1,XRSTR_2,0.0,0.0,0.0,"(527, 2308, 0)","(527.0, 2308.0, 0)"
2204,734,2,x1,-32267.971526095607,31322.0,894862.1281836531,"(333, 4951, 0)","(333.0, 4951.0, 0)"
2205,735,0,x1,0.0,0.0,0.0,"(1084, 4951, 0)","(1084.0, 4951.0, 0)"
2206,735,1,XRSTR_2,0.0,0.0,0.0,"(333, 4951, 0)","(-966.5, 4951.0, 0)"
2207,735,2,XRSTR_1,-30518.845221262298,29586.5,869267.6116106434,"(1084, 1793, 0)","(1084.0, 1793.0, 0)"
2208,736,0,XRSTR_2,0.0,0.0,0.0,"(1084, 4951, 90)","(937.0, 4951.0, 90)"
2209,736,1,XRSTR_1,0.0,0.0,0.0,"(2879, 200, 0)","(2879.0, 200.0, 0)"
2210,736,2,x1,-36821.864812021435,35857.0,930964.1054771605,"(3124, 4951, 90)","(3124.0, 4951.0, 90)"
2211,737,0,XRSTR_1,0.0,0.0,0.0,"(2879, 1758, 0)","(2879.0, 1758.0, 0)"
2212,737,1,x1,0.0,0.0,0.0,"(5050, 3796, 0)","(5050.0, 3796.0, 0)"
2213,737,2,XRSTR_2,-36055.69975050202,34976.5,1164672.1014836205,"(1084, 4951, 0)","(1084.0, 4951.0, 0)"
2214,738,0,XRSTR_1,0.0,0.0,0.0,"(2879, 4951, 0)","(2879.0, 4951.0, 0)"
2215,738,1,XRSTR_2,0.0,0.0,0.0,"(1084, 4951, 0)","(1084.0, 4951.0, 0)"
2216,738,2,x1,-31733.373897001864,30672.0,1126514.5492369232,"(2915, 4951, 0)","(4929.5, 4951.0, 0)"
2217,739,0,XRSTR_1,0.0,0.0,0.0,"(2882, 4951, 0)","(2882.0, 4951.0, 0)"
2218,739,1,XRSTR_2,0.0,0.0,0.0,"(4045, 3696, 0)","(4045.0, 3696.0, 0)"
2219,739,2,x1,-38298.23176270837,37291.5,1013508.8420458996,"(4045, 200, 0)","(4045.0, 200.0, 0)"
2220,740,0,XRSTR_2,0.0,0.0,0.0,"(1084, 4211, 0)","(1084.0, 4211.0, 0)"
2221,740,1,x1,0.0,0.0,0.0,"(1084, 1499, 0)","(1084.0, 1499.0, 0)"
2222,740,2,XRSTR_1,-29001.87431674917,28195.0,651046.1630294393,"(333, 200, 0)","(333.0, -688.0, 0)"
2223,741,0,x1,0.0,0.0,0.0,"(2879, 4951, 0)","(2879.0, 4951.0, 0)"
2224,741,1,XRSTR_2,0.0,0.0,0.0,"(2879, 3220, 0)","(2879.0, 2764.0, 0)"
2225,741,2,XRSTR_1,-26683.055885554495,25891.0,627352.5258415161,"(1084, 4951, 0)","(828.5, 4951.0, 0)"
2226,742,0,XRSTR_2,0.0,0.0,0.0,"(2879, 4951, 0)","(2879.0, 4951.0, 0)"
2227,742,1,x1,0.0,0.0,0.0,"(1084, 1327, 0)","(1084.0, 1327.0, 0)"
2228,742,2,XRSTR_1,-41043.126446970826,39944.0,1208078.946430717,"(4989, 680, 0)","(4989.0, 680.0, 0)"
2229,743,0,XRSTR_2,0.0,0.0,0.0,"(2357, 4951, 0)","(2009.5, 4951.0, 0)"
2230,743,1,XRSTR_1,0.0,0.0,0.0,"(1084, 4951, 0)","(1084.0, 4951.0, 0)"
2231,743,2,x1,-29104.589876588943,28063.5,1083868.1311359785,"(4060, 4951, 0)","(4060.0, 4951.0, 0)"
2232,744,0,XRSTR_2,0.0,0.0,0.0,"(391, 4951, 0)","(-966.5, 4951.0, 0)"
2233,744,1,x1,0.0,0.0,0.0,"(1084, 4951, 0)","(1084.0, 4951.0, 0)"
2234,744,2,XRSTR_1,-34958.45267752946,33877.0,1169539.8937356272,"(4989, 4951, 0)","(4989.0, 4951.0, 0)"
2235,745,0,XRSTR_1,0.0,0.0,0.0,"(1084, 4951, 0)","(1084.0, 5983.0, 0)"
2236,745,1,x1,0.0,0.0,0.0,"(527, 3796, 0)","(527.0, 3796.0, 0)"
2237,745,2,XRSTR_2,-29749.15779355322,28780.0,939266.8288049452,"(333, 2221, 0)","(333.0, 1609.0, 0)"
2238,746,0,x1,0.0,0.0,0.0,"(4060, 1460, 0)","(4060.0, 1460.0, 0)"
2239,746,1,XRSTR_1,0.0,0.0,0.0,"(2879, 4951, 0)","(2879.0, 4951.0, 0)"
2240,746,2,XRSTR_2,-42698.826796607325,41415.0,1648211.2436870295,"(527, 4951, 0)","(527.0, 4951.0, 0)"
2241,747,0,XRSTR_2,0.0,0.0,0.0,"(4133, 4951, 0)","(4133.0, 4951.0, 0)"
2242,747,1,x1,0.0,0.0,0.0,"(1084, 680, 0)","(1084.0, 680.0, 0)"
2243,747,2,XRSTR_1,-43589.15425711422,42326.0,1595558.6772657735,"(4060, 680, 0)","(4060.0, 680.0, 0)"
2244,748,0,XRSTR_2,0.0,0.0,0.0,"(2879, 4951, 0)","(4929.5, 4951.0, 0)"
2245,748,1,x1,0.0,0.0,0.0,"(2879, 4951, 0)","(2879.0, 4951.0, 0)"
2246,748,2,XRSTR_1,-31750.988121587885,30914.0,700549.1156792148,"(2879, 1219, 0)","(2879.0, 1219.0, 0)"
2247,749,0,XRSTR_2,0.0,0.0,0.0,"(4045, 1793, 0)","(4045.0, 1793.0, 0)"
2248,749,1,XRSTR_1,0.0,0.0,0.0,"(2879, 680, 0)","(2879.0, 680.0, 0)"
2249,749,2,x1,-34486.0596611136,33596.0,792206.2003416542,"(4060, 4951, 0)","(4060.0, 4951.0, 0)"
2250,750,0,XRSTR_2,0.0,0.0,0.0,"(2882, 1327, 0)","(2882.0, 1327.0, 0)"
2251,750,1,XRSTR_1,0.0,0.0,0.0,"(2879, 4951, 0)","(2879.0, 5723.0, 0)"
2252,750,2,x1,-28583.985023214354,27732.0,725878.4797815663,"(2879, 3536, 0)","(2879.0, 3536.0, 0)"
2253,751,0,x1,0.0,0.0,0.0,"(4060, 4951, 0)","(6110.5, 4951.0, 0)"
2254,751,1,XRSTR_2,0.0,0.0,0.0,"(4060, 4951, 0)","(4060.0, 4951.0, 0)"
2255,751,2,XRSTR_1,-27500.65041454133,26597.0,816584.0717007215,"(4989, 4951, 0)","(4989.0, 2764.0, 0)"
2256,752,0,XRSTR_1,0.0,0.0,0.0,"(2879, 4951, 0)","(2879.0, 4951.0, 0)"
2257,752,1,XRSTR_2,0.0,0.0,0.0,"(333, 4951, 0)","(333.0, 4951.0, 0)"
2258,752,2,x1,-34005.0564013412,32925.0,1166521.8300781015,"(4045, 4951, 0)","(4929.5, 4951.0, 0)"
2259,753,0,XRSTR_2,0.0,0.0,0.0,"(333, 672, 0)","(333.0, 672.0, 0)"
2260,753,1,XRSTR_1,0.0,0.0,0.0,"(527, 4951, 0)","(-966.5, 4951.0, 0)"
2261,753,2,x1,-33479.00182851765,32557.0,850087.3717898912,"(1084, 4951, 0)","(1084.0, 4951.0, 0)"
2262,754,0,x1,0.0,0.0,0.0,"(1084, 680, 0)","(1084.0, 680.0, 0)"
2263,754,1,XRSTR_1,0.0,0.0,0.0,"(1, 4951, 0)","(-6.0, 4951.0, 0)"
2264,754,2,XRSTR_2,-38472.60283457516,37371.0,1213528.8051440376,"(527, 4951, 0)","(527.0, 4951.0, 0)"
2265,755,0,XRSTR_1,0.0,0.0,0.0,"(333, 4951, 0)","(333.0, 4951.0, 0)"
2266,755,1,XRSTR_2,0.0,0.0,0.0,"(4060, 4951, 0)","(4929.5, 4951.0, 0)"
2267,755,2,x1,-27677.563754575138,26838.0,704867.2979963002,"(2879, 4951, 0)","(2879.0, 4951.0, 0)"
2268,756,0,XRSTR_2,0.0,0.0,0.0,"(3798, 4951, 0)","(3798.0, 4951.0, 0)"
2269,756,1,x1,0.0,0.0,0.0,"(1084, 4951, 0)","(1084.0, 4951.0, 0)"
2270,756,2,XRSTR_1,-29077.108797127978,28269.5,652231.9691984988,"(1084, 3536, 0)","(1084.0, 2764.0, 0)"
2271,757,0,x1,0.0,0.0,0.0,"(4989, 4951, 0)","(4989.0, 4951.0, 0)"
2272,757,1,XRSTR_1,0.0,0.0,0.0,"(1084, 4951, 0)","(551.0, 4951.0, 0)"
2273,757,2,XRSTR_2,-37377.7336037601,36158.5,1486530.5805378342,"(1084, 4951, 0)","(1084.0, 4951.0, 0)"
2274,758,0,XRSTR_1,0.0,0.0,0.0,"(4060, 4951, 0)","(4929.5, 4951.0, 0)"
2275,758,1,x1,0.0,0.0,0.0,"(2879, 4951, 0)","(2879.0, 4951.0, 0)"
2276,758,2,XRSTR_2,-30046.315914052546,28985.0,1126391.4694211932,"(4989, 4951, 0)","(5462.5, 4951.0, 0)"
2277,759,0,x1,0.0,0.0,0.0,"(2879, 4951, 0)","(2879.0, 4951.0, 0)"
2278,759,1,XRSTR_2,0.0,0.0,0.0,"(1084, 4951, 0)","(828.5, 4951.0, 0)"
2279,759,2,XRSTR_1,-29350.13613849633,28313.5,1074614.4836365841,"(4308, 4951, 0)","(4929.5, 4951.0, 0)"
2280,760,0,XRSTR_2,0.0,0.0,0.0,"(2879, 4951, 0)","(1744.5, 4951.0, 0)"
2281,760,1,XRSTR_1,0.0,0.0,0.0,"(2879, 680, 0)","(2879.0, 680.0, 0)"
2282,760,2,x1,-33592.1083578408,32643.5,899857.8165654121,"(3795, 4951, 0)","(3795.0, 4951.0, 0)"
2283,761,0,XRSTR_2,0.0,0.0,0.0,"(1084, 4951, 0)","(1084.0, 4951.0, 0)"
2284,761,1,XRSTR_1,0.0,0.0,0.0,"(3920, 4951, 0)","(3920.0, 4951.0, 0)"
2285,761,2,x1,-40103.46076119648,38862.0,1541224.8215905416,"(1084, 1793, 0)","(1084.0, 1793.0, 0)"
2286,762,0,XRSTR_1,0.0,0.0,0.0,"(527, 680, 0)","(527.0, 680.0, 0)"
2287,762,1,x1,0.0,0.0,0.0,"(1084, 4951, 0)","(1084.0, 4951.0, 0)"
2288,762,2,XRSTR_2,-32703.927696422998,31890.0,662478.2950044449,"(2879, 4951, 0)","(3134.5, 4951.0, 0)"
2289,763,0,XRSTR_2,0.0,0.0,0.0,"(1084, 4951, 0)","(298.5, 4951.0, 0)"
2290,763,1,x1,0.0,0.0,0.0,"(2882, 4951, 0)","(2882.0, 4951.0, 0)"
2291,763,2,XRSTR_1,-27919.207354783273,26886.0,1067517.43797825,"(1084, 4951, 0)","(831.5, 4951.0, 0)"
2292,764,0,x1,0.0,0.0,0.0,"(1084, 680, 90)","(1084.0, 680.0, 90)"
2293,764,1,XRSTR_1,0.0,0.0,0.0,"(527, 4951, 0)","(527.0, 4951.0, 0)"
2294,764,2,XRSTR_2,-37225.99950698188,36080.5,1312169.1204957387,"(1084, 4951, 0)","(1084.0, 4951.0, 0)"
2295,765,0,x1,0.0,0.0,0.0,"(3641, 4951, 0)","(3641.0, 5983.0, 0)"
2296,765,1,XRSTR_1,0.0,0.0,0.0,"(4045, 3796, 0)","(4045.0, 3796.0, 0)"
2297,765,2,XRSTR_2,-39024.33969363418,37914.5,1231744.1455660108,"(1084, 1556, 0)","(1084.0, 1556.0, 0)"
2298,766,0,XRSTR_2,0.0,0.0,0.0,"(1681, 4951, 0)","(1681.0, 5883.0, 0)"
2299,766,1,x1,0.0,0.0,0.0,"(1084, 3696, 0)","(1084.0, 3696.0, 0)"
2300,766,2,XRSTR_1,-31927.3597980908,30946.0,963067.0533088171,"(2879, 1793, 0)","(3134.5, 1793.0, 0)"
2301,767,0,XRSTR_1,0.0,0.0,0.0,"(2879, 4951, 0)","(2879.0, 5983.0, 0)"
2302,767,1,x1,0.0,0.0,0.0,"(2879, 3796, 0)","(2879.0, 3796.0, 0)"
2303,767,2,XRSTR_2,-29723.076001845624,28676.0,1096368.1536410146,"(1084, 4951, 0)","(828.5, 4951.0, 0)"
2304,768,0,XRSTR_2,0.0,0.0,0.0,"(5038, 1356, 0)","(5038.0, 1356.0, 0)"
2305,768,1,x1,0.0,0.0,0.0,"(527, 1499, 0)","(527.0, 1499.0, 0)"
2306,768,2,XRSTR_1,-40303.702590667104,39274.0,1060287.4252265517,"(1084, 4951, 0)","(1084.0, 4951.0, 0)"
2307,769,0,x1,0.0,0.0,0.0,"(5050, 4951, 0)","(5050.0, 4951.0, 0)"
2308,769,1,XRSTR_1,0.0,0.0,0.0,"(2879, 4951, 0)","(2879.0, 4951.0, 0)"
2309,769,2,XRSTR_2,-28427.122397806135,27620.5,650639.6926425204,"(4989, 2308, 0)","(4989.0, 2308.0, 0)"
2310,770,0,XRSTR_2,0.0,0.0,0.0,"(2879, 4951, 0)","(2879.0, 4951.0, 0)"
2311,770,1,XRSTR_1,0.0,0.0,0.0,"(4045, 4951, 0)","(4045.0, 4951.0, 0)"
2312,770,2,x1,-33155.92410257272,32064.5,1191206.5716766666,"(4989, 2308, 90)","(4989.0, 2308.0, 90)"
2313,771,0,XRSTR_1,0.0,0.0,0.0,"(527, 680, 0)","(527.0, 680.0, 0)"
2314,771,1,XRSTR_2,0.0,0.0,0.0,"(3716, 4951, 0)","(3716.0, 4951.0, 0)"
2315,771,2,x1,-37742.16719395545,36794.0,899021.027693355,"(4045, 680, 0)","(4045.0, 680.0, 0)"
2316,772,0,XRSTR_2,0.0,0.0,0.0,"(1084, 4951, 0)","(1084.0, 4951.0, 0)"
2317,772,1,x1,0.0,0.0,0.0,"(527, 200, 0)","(527.0, 200.0, 0)"
2318,772,2,XRSTR_1,-41143.78990717362,39972.0,1373091.5865539494,"(2879, 2221, 0)","(2879.0, 2221.0, 0)"
2319,773,0,x1,0.0,0.0,0.0,"(527, 1782, 0)","(527.0, 1782.0, 0)"
2320,773,1,XRSTR_1,0.0,0.0,0.0,"(4045, 4951, 0)","(4045.0, 4951.0, 0)"
2321,773,2,XRSTR_2,-49566.41978879024,48017.5,2399152.512106007,"(4060, 4951, 0)","(4578.0, 4951.0, 0)"
2322,774,0,XRSTR_1,0.0,0.0,0.0,"(333, 4951, 0)","(333.0, 4951.0, 0)"
2323,774,1,x1,0.0,0.0,0.0,"(2879, 3696, 0)","(2879.0, 3696.0, 0)"
2324,774,2,XRSTR_2,-30291.31592426577,29414.0,769683.230970304,"(4060, 2221, 0)","(4060.0, 1509.0, 0)"
2325,775,0,XRSTR_1,0.0,0.0,0.0,"(4767, 4951, 0)","(4929.5, 4951.0, 0)"
2326,775,1,XRSTR_2,0.0,0.0,0.0,"(1084, 1499, 0)","(1084.0, 1499.0, 0)"
2327,775,2,x1,-36011.9984994732,34935.0,1159925.7678675326,"(2879, 4951, 0)","(2879.0, 4951.0, 0)"
2328,776,0,x1,0.0,0.0,0.0,"(4521, 3796, 0)","(4521.0, 3796.0, 0)"
2329,776,1,XRSTR_1,0.0,0.0,0.0,"(4060, 4951, 0)","(4060.0, 5983.0, 0)"
2330,776,2,XRSTR_2,-28999.588862935285,27992.5,1014227.9778482873,"(2879, 4951, 0)","(2470.5, 4951.0, 0)"
2331,777,0,XRSTR_1,0.0,0.0,0.0,"(2879, 4951, 0)","(4929.5, 4951.0, 0)"
2332,777,1,x1,0.0,0.0,0.0,"(2879, 4951, 0)","(2879.0, 4951.0, 0)"
2333,777,2,XRSTR_2,-30046.315914052546,28985.0,1126391.4694211932,"(4060, 4951, 0)","(5462.5, 4951.0, 0)"
2334,778,0,XRSTR_2,0.0,0.0,0.0,"(2879, 680, 0)","(2879.0, 680.0, 0)"
2335,778,1,x1,0.0,0.0,0.0,"(1084, 4951, 0)","(1084.0, 4951.0, 0)"
2336,778,2,XRSTR_1,-35346.466675570315,34430.0,839911.1674309007,"(527, 4951, 0)","(-966.5, 4951.0, 0)"
2337,779,0,x1,0.0,0.0,0.0,"(2879, 4951, 0)","(2879.0, 4951.0, 0)"
2338,779,1,XRSTR_1,0.0,0.0,0.0,"(1084, 4951, 0)","(828.5, 4951.0, 0)"
2339,779,2,XRSTR_2,-31546.86416848889,30674.0,761891.8566318026,"(5050, 2308, 0)","(5050.0, 2308.0, 0)"
2340,780,0,XRSTR_2,0.0,0.0,0.0,"(2879, 4951, 0)","(2879.0, 5983.0, 0)"
2341,780,1,x1,0.0,0.0,0.0,"(2357, 3796, 0)","(2357.0, 3796.0, 0)"
2342,780,2,XRSTR_1,-29024.100424570657,28133.0,794059.9666700027,"(2879, 1793, 0)","(2879.0, 1609.0, 0)"
2343,781,0,XRSTR_2,0.0,0.0,0.0,"(1961, 4951, 0)","(1961.0, 4951.0, 0)"
2344,781,1,XRSTR_1,0.0,0.0,0.0,"(3795, 3796, 0)","(3795.0, 4408.0, 0)"
2345,781,2,x1,-32361.756018404936,31201.5,1346194.0282448793,"(2879, 2221, 0)","(2879.0, 2221.0, 0)"
2346,782,0,x1,0.0,0.0,0.0,"(4989, 4951, 0)","(4989.0, 4951.0, 0)"
2347,782,1,XRSTR_2,0.0,0.0,0.0,"(1084, 680, 0)","(1084.0, 680.0, 0)"
2348,782,2,XRSTR_1,-45640.82917745499,44404.5,1528509.8350265329,"(1084, 4951, 0)","(1084.0, 4951.0, 0)"
2349,783,0,x1,0.0,0.0,0.0,"(527, 1793, 0)","(527.0, 1793.0, 0)"
2350,783,1,XRSTR_2,0.0,0.0,0.0,"(2879, 1758, 0)","(2879.0, 1758.0, 0)"
2351,783,2,XRSTR_1,-31886.630399514204,30985.0,812937.3773281446,"(565, 4951, 0)","(565.0, 4951.0, 0)"
2352,784,0,x1,0.0,0.0,0.0,"(2879, 4951, 0)","(2879.0, 4951.0, 0)"
2353,784,1,XRSTR_1,0.0,0.0,0.0,"(527, 4951, 0)","(527.0, 4951.0, 0)"
2354,784,2,XRSTR_2,-27454.655293322277,26617.5,700828.9851375076,"(5050, 4951, 0)","(5050.0, 4951.0, 0)"
2355,785,0,x1,0.0,0.0,0.0,"(4060, 4951, 0)","(4060.0, 4951.0, 0)"
2356,785,1,XRSTR_2,0.0,0.0,0.0,"(2882, 4951, 0)","(2009.5, 4951.0, 0)"
2357,785,2,XRSTR_1,-29350.13613849633,28313.5,1074614.4836365841,"(5050, 4951, 0)","(6110.5, 4951.0, 0)"
2358,786,0,x1,0.0,0.0,0.0,"(2879, 4951, 0)","(4929.5, 4951.0, 0)"
2359,786,1,XRSTR_1,0.0,0.0,0.0,"(2879, 4951, 0)","(2879.0, 4951.0, 0)"
2360,786,2,XRSTR_2,-29895.004505392266,28884.0,1022130.1099234596,"(2879, 2735, 90)","(2879.0, 2735.0, 90)"
2361,787,0,XRSTR_1,0.0,0.0,0.0,"(333, 4951, 0)","(-142.0, 4951.0, 0)"
2362,787,1,x1,0.0,0.0,0.0,"(2879, 4951, 0)","(2879.0, 4951.0, 0)"
2363,787,2,XRSTR_2,-30154.129538359066,29073.5,1167760.1991741313,"(391, 4951, 0)","(391.0, 4951.0, 0)"
2364,788,0,x1,0.0,0.0,0.0,"(1084, 2221, 0)","(1084.0, 2221.0, 0)"
2365,788,1,XRSTR_2,0.0,0.0,0.0,"(4060, 680, 0)","(4060.0, 680.0, 0)"
2366,788,2,XRSTR_1,-43354.96152672919,42109.0,1552420.1260893357,"(5050, 4951, 0)","(5050.0, 4951.0, 0)"
2367,789,0,x1,0.0,0.0,0.0,"(2879, 3253, 0)","(2879.0, 3253.0, 0)"
2368,789,1,XRSTR_1,0.0,0.0,0.0,"(4045, 4951, 0)","(4328.0, 5440.0, 0)"
2369,789,2,XRSTR_2,-31504.721424930693,30330.5,1378795.9547662681,"(3795, 4951, 0)","(3795.0, 5440.0, 0)"
2370,790,0,x1,0.0,0.0,0.0,"(3795, 4951, 0)","(3795.0, 4951.0, 0)"
2371,790,1,XRSTR_1,0.0,0.0,0.0,"(1084, 2491, 0)","(1084.0, 2491.0, 0)"
2372,790,2,XRSTR_2,-32011.79825022705,31146.0,749606.610096221,"(4989, 4951, 0)","(5845.5, 4951.0, 0)"
2373,791,0,x1,0.0,0.0,0.0,"(1084, 4951, 0)","(3134.5, 4951.0, 0)"
2374,791,1,XRSTR_2,0.0,0.0,0.0,"(2879, 4951, 0)","(2879.0, 2764.0, 0)"
2375,791,2,XRSTR_1,-26703.61067333546,25891.0,660336.1064187088,"(1084, 4951, 0)","(1084.0, 4951.0, 0)"
2376,792,0,x1,0.0,0.0,0.0,"(1084, 4951, 0)","(1084.0, 4951.0, 0)"
2377,792,1,XRSTR_2,0.0,0.0,0.0,"(5050, 4951, 0)","(5050.0, 4951.0, 0)"
2378,792,2,XRSTR_1,-42015.8324702305,40890.5,1266373.168555086,"(4060, 1793, 0)","(4060.0, 1793.0, 0)"
2379,793,0,XRSTR_1,0.0,0.0,0.0,"(4060, 1356, 0)","(4060.0, 1356.0, 0)"
2380,793,1,XRSTR_2,0.0,0.0,0.0,"(4790, 4951, 0)","(4790.0, 4951.0, 0)"
2381,793,2,x1,-35701.48221013209,34596.5,1220985.6847083978,"(5050, 680, 0)","(6110.5, 680.0, 0)"
2382,794,0,XRSTR_2,0.0,0.0,0.0,"(1084, 4951, 0)","(551.0, 4951.0, 0)"
2383,794,1,XRSTR_1,0.0,0.0,0.0,"(1084, 4951, 0)","(1084.0, 4951.0, 0)"
2384,794,2,x1,-37685.96207303056,36463.5,1494413.5199981714,"(5050, 4951, 0)","(5050.0, 4951.0, 0)"
2385,795,0,XRSTR_1,0.0,0.0,0.0,"(2879, 4951, 0)","(2879.0, 4951.0, 0)"
2386,795,1,x1,0.0,0.0,0.0,"(527, 4951, 0)","(-966.5, 4951.0, 0)"
2387,795,2,XRSTR_2,-33863.462526322226,32771.0,1193474.3714183352,"(1084, 4951, 0)","(1084.0, 4951.0, 0)"
2388,796,0,XRSTR_1,0.0,0.0,0.0,"(4060, 4951, 0)","(5462.5, 4951.0, 0)"
2389,796,1,XRSTR_2,0.0,0.0,0.0,"(4060, 4951, 0)","(4929.5, 4951.0, 0)"
2390,796,2,x1,-30047.0798293587,28985.0,1128013.563930605,"(2879, 4951, 0)","(2879.0, 4951.0, 0)"
2391,797,0,x1,0.0,0.0,0.0,"(4060, 4951, 0)","(6110.5, 4951.0, 0)"
2392,797,1,XRSTR_2,0.0,0.0,0.0,"(4060, 4951, 0)","(4060.0, 4951.0, 0)"
2393,797,2,XRSTR_1,-35305.071565485596,34215.0,1188256.0178802144,"(1084, 4951, 0)","(1084.0, 4951.0, 0)"
2394,798,0,XRSTR_1,0.0,0.0,0.0,"(2879, 680, 0)","(2879.0, 680.0, 0)"
2395,798,1,x1,0.0,0.0,0.0,"(527, 4951, 0)","(527.0, 4951.0, 0)"
2396,798,2,XRSTR_2,-41545.871304684464,40356.5,1414604.1004068207,"(1084, 1219, 0)","(1084.0, 1219.0, 0)"
2397,799,0,x1,0.0,0.0,0.0,"(1084, 4951, 0)","(3134.5, 4951.0, 0)"
2398,799,1,XRSTR_2,0.0,0.0,0.0,"(5050, 4951, 0)","(5185.0, 4951.0, 0)"
2399,799,2,XRSTR_1,-26175.13852686936,25351.5,678380.422943527,"(1084, 4951, 0)","(1084.0, 4951.0, 0)"
2400,800,0,x1,0.0,0.0,0.0,"(4742, 2308, 90)","(4742.0, 2308.0, 90)"
2401,800,1,XRSTR_1,0.0,0.0,0.0,"(1084, 885, 90)","(1084.0, 885.0, 90)"
2402,800,2,XRSTR_2,-35266.06128682063,34173.0,1194782.9767459657,"(1815, 1793, 90)","(1815.0, 1793.0, 90)"
2403,801,0,XRSTR_2,0.0,0.0,0.0,"(3795, 363, 90)","(3795.0, 363.0, 90)"
2404,801,1,XRSTR_1,0.0,0.0,0.0,"(4521, 4440, 90)","(4521.0, 4440.0, 90)"
2405,801,2,x1,-40978.00100093799,39843.0,1288227.2721302342,"(4045, 4951, 90)","(4045.0, 6490.5, 90)"
2406,802,0,XRSTR_1,0.0,0.0,0.0,"(4937, 4525, 90)","(4937.0, 4525.0, 90)"
2407,802,1,XRSTR_2,0.0,0.0,0.0,"(5038, 4951, 90)","(5038.0, 5058.0, 90)"
2408,802,2,x1,-45343.568200468806,43871.5,2166984.7868314628,"(2879, 366, 90)","(2879.0, 366.0, 90)"
2409,803,0,x1,0.0,0.0,0.0,"(4060, 2221, 90)","(4060.0, 2221.0, 90)"
2410,803,1,XRSTR_1,0.0,0.0,0.0,"(2882, 3796, 90)","(2882.0, 4271.5, 90)"
2411,803,2,XRSTR_2,-28745.318002650423,27734.5,1021753.0344821909,"(2879, 4951, 90)","(2879.0, 4951.0, 90)"
2412,804,0,x1,0.0,0.0,0.0,"(3756, 2221, 90)","(3756.0, 2221.0, 90)"
2413,804,1,XRSTR_1,0.0,0.0,0.0,"(3852, 2221, 90)","(3852.0, 170.5, 90)"
2414,804,2,XRSTR_2,-32598.129650104114,31497.0,1212486.506338411,"(4805, 4951, 90)","(4805.0, 4951.0, 90)"
2415,805,0,XRSTR_1,0.0,0.0,0.0,"(2879, 1556, 90)","(2879.0, 862.5, 90)"
2416,805,1,x1,0.0,0.0,0.0,"(1510, 3446, 90)","(1510.0, 3446.0, 90)"
2417,805,2,XRSTR_2,-33026.965510933434,31809.0,1483439.9858233486,"(2882, 1793, 90)","(2882.0, 1395.5, 90)"
2418,806,0,x1,0.0,0.0,0.0,"(1084, 1793, 90)","(-148.0, 1793.0, 90)"
2419,806,1,XRSTR_1,0.0,0.0,0.0,"(4989, 1556, 90)","(4989.0, 1556.0, 90)"
2420,806,2,XRSTR_2,-37427.049648520646,36340.5,1180590.138700345,"(2039, 1755, 90)","(2039.0, 1755.0, 90)"
2421,807,0,XRSTR_2,0.0,0.0,0.0,"(2882, 2221, 90)","(1749.5, 2221.0, 90)"
2422,807,1,x1,0.0,0.0,0.0,"(3912, 1499, 0)","(3912.0, 1499.0, 0)"
2423,807,2,XRSTR_1,-32485.320498465087,31460.0,1051282.1245726952,"(2879, 4951, 90)","(2879.0, 4951.0, 90)"
2424,808,0,x1,0.0,0.0,0.0,"(1167, 4910, 90)","(1167.0, 4910.0, 90)"
2425,808,1,XRSTR_1,0.0,0.0,0.0,"(5050, 4951, 90)","(5050.0, 4951.0, 90)"
2426,808,2,XRSTR_2,-38369.409236023406,37331.5,1077255.5822226852,"(2882, 1793, 90)","(2882.0, 1793.0, 90)"
2427,809,0,x1,0.0,0.0,0.0,"(3867, 1793, 0)","(3867.0, 1793.0, 0)"
2428,809,1,XRSTR_2,0.0,0.0,0.0,"(5050, 4951, 0)","(5050.0, 4951.0, 0)"
2429,809,2,XRSTR_1,-35676.29584462983,34648.0,1057392.3440829774,"(1772, 4951, 90)","(1772.0, 4951.0, 90)"
2430,810,0,x1,0.0,0.0,0.0,"(195, 2221, 90)","(195.0, 2221.0, 90)"
2431,810,1,XRSTR_1,0.0,0.0,0.0,"(1726, 1793, 90)","(2382.0, 1793.0, 90)"
2432,810,2,XRSTR_2,-29188.249113596106,28142.5,1093591.2085870388,"(2472, 2221, 90)","(2472.0, 2326.0, 90)"
2433,811,0,x1,0.0,0.0,0.0,"(2879, 1644, 90)","(2879.0, 1644.0, 90)"
2434,811,1,XRSTR_1,0.0,0.0,0.0,"(4790, 4951, 90)","(4790.0, 4951.0, 90)"
2435,811,2,XRSTR_2,-33396.506424189705,32363.0,1068135.5288413921,"(4989, 2221, 90)","(5066.0, 2221.0, 90)"
2436,812,0,x1,0.0,0.0,0.0,"(391, 318, 90)","(391.0, 318.0, 90)"
2437,812,1,XRSTR_1,0.0,0.0,0.0,"(2879, 2221, 0)","(2879.0, 2221.0, 0)"
2438,812,2,XRSTR_2,-39311.91809773581,38085.0,1505328.0185516647,"(4989, 1793, 90)","(4989.0, 1793.0, 90)"
2439,813,0,x1,0.0,0.0,0.0,"(2882, 680, 90)","(2882.0, 680.0, 90)"
2440,813,1,XRSTR_2,0.0,0.0,0.0,"(5050, 1793, 0)","(5050.0, 1793.0, 0)"
2441,813,2,XRSTR_1,-35188.73788546618,34161.0,1056245.1612224898,"(527, 3796, 90)","(527.0, 3796.0, 90)"
2442,814,0,x1,0.0,0.0,0.0,"(3716, 2221, 90)","(3716.0, 2221.0, 90)"
2443,814,1,XRSTR_2,0.0,0.0,0.0,"(4989, 3796, 90)","(4989.0, 4271.5, 90)"
2444,814,2,XRSTR_1,-29175.957646609128,28141.0,1071137.3302747034,"(2879, 4951, 90)","(2879.0, 4951.0, 90)"
2445,815,0,XRSTR_2,0.0,0.0,0.0,"(4989, 4951, 90)","(5066.0, 4951.0, 90)"
2446,815,1,XRSTR_1,0.0,0.0,0.0,"(2879, 4951, 90)","(2879.0, 2900.5, 90)"
2447,815,2,x1,-29702.605355174055,28707.0,991230.0232512571,"(2879, 4951, 90)","(2879.0, 4951.0, 90)"
2448,816,0,XRSTR_2,0.0,0.0,0.0,"(2879, 2221, 90)","(2879.0, 2221.0, 90)"
2449,816,1,x1,0.0,0.0,0.0,"(4989, 4951, 90)","(4989.0, 4951.0, 90)"
2450,816,2,XRSTR_1,-41062.143225163214,39822.0,1537955.2189182169,"(2879, 809, 90)","(2879.0, 809.0, 90)"
2451,817,0,XRSTR_2,0.0,0.0,0.0,"(4060, 4951, 90)","(4060.0, 4951.0, 90)"
2452,817,1,x1,0.0,0.0,0.0,"(2519, 2308, 90)","(2519.0, 2308.0, 90)"
2453,817,2,XRSTR_1,-34250.83796282571,33144.0,1225090.275952163,"(333, 4951, 90)","(333.0, 4951.0, 90)"
2454,818,0,XRSTR_2,0.0,0.0,0.0,"(4308, 2221, 0)","(4308.0, 3955.5, 0)"
2455,818,1,x1,0.0,0.0,0.0,"(4060, 1793, 90)","(4060.0, 1793.0, 90)"
2456,818,2,XRSTR_1,-27959.786985925846,26875.0,1176762.8048340792,"(4989, 3292, 90)","(4989.0, 3843.5, 90)"
2457,819,0,x1,0.0,0.0,0.0,"(4521, 4951, 90)","(4521.0, 4951.0, 90)"
2458,819,1,XRSTR_1,0.0,0.0,0.0,"(333, 5117, 90)","(333.0, 5117.0, 90)"
2459,819,2,XRSTR_2,-33604.80757609364,32738.0,751355.3739733349,"(4989, 4951, 90)","(6708.0, 4951.0, 90)"
2460,820,0,XRSTR_2,0.0,0.0,0.0,"(2740, 4951, 90)","(2740.0, 4951.0, 90)"
2461,820,1,XRSTR_1,0.0,0.0,0.0,"(1084, 4951, 90)","(1084.0, 4951.0, 90)"
2462,820,2,x1,-31598.503547137447,30697.0,812708.6455014,"(4989, 4951, 90)","(4989.0, 4951.0, 90)"
2463,821,0,XRSTR_2,0.0,0.0,0.0,"(1084, 190, 0)","(804.0, 190.0, 0)"
2464,821,1,x1,0.0,0.0,0.0,"(2879, 248, 90)","(2879.0, 248.0, 90)"
2465,821,2,XRSTR_1,-38207.74363152198,37228.0,959897.5835078745,"(4989, 4951, 90)","(4989.0, 4951.0, 90)"
2466,822,0,XRSTR_2,0.0,0.0,0.0,"(1084, 1838, 90)","(1084.0, 1838.0, 90)"
2467,822,1,XRSTR_1,0.0,0.0,0.0,"(1084, 3019, 0)","(1084.0, 2788.5, 0)"
2468,822,2,x1,-35047.54306259867,33942.0,1222225.4632600488,"(2879, 4951, 90)","(2879.0, 4951.0, 90)"
2469,823,0,XRSTR_1,0.0,0.0,0.0,"(5050, 4951, 90)","(5050.0, 4951.0, 90)"
2470,823,1,XRSTR_2,0.0,0.0,0.0,"(527, 680, 90)","(527.0, 680.0, 90)"
2471,823,2,x1,-35091.38148928571,34147.5,890912.2658162155,"(2879, 1793, 90)","(2879.0, 1793.0, 90)"
2472,824,0,x1,0.0,0.0,0.0,"(2879, 4951, 90)","(2879.0, 6828.5, 90)"
2473,824,1,XRSTR_2,0.0,0.0,0.0,"(3124, 2221, 90)","(3124.0, 2221.0, 90)"
2474,824,2,XRSTR_1,-36419.586026843725,35302.0,1248998.5273963488,"(2879, 4778, 90)","(2879.0, 4778.0, 90)"
2475,825,0,x1,0.0,0.0,0.0,"(4937, 1793, 0)","(4937.0, 1793.0, 0)"
2476,825,1,XRSTR_1,0.0,0.0,0.0,"(4045, 680, 90)","(4045.0, -282.0, 90)"
2477,825,2,XRSTR_2,-33606.01756327804,32600.5,1011065.570060602,"(2879, 4951, 90)","(2879.0, 4951.0, 90)"
2478,826,0,XRSTR_2,0.0,0.0,0.0,"(2357, 3796, 0)","(2357.0, 4470.5, 0)"
2479,826,1,XRSTR_1,0.0,0.0,0.0,"(4742, 2221, 90)","(5828.0, 2221.0, 90)"
2480,826,2,x1,-30140.150907434876,29124.0,1032562.6666807233,"(3641, 2308, 90)","(3641.0, 2308.0, 90)"
2481,827,0,XRSTR_1,0.0,0.0,0.0,"(4790, 2172, 90)","(5069.0, 2172.0, 90)"
2482,827,1,XRSTR_2,0.0,0.0,0.0,"(4417, 1556, 90)","(5069.0, 1556.0, 90)"
2483,827,2,x1,-28221.535424299247,27279.5,887430.7406346633,"(2882, 2221, 90)","(2882.0, 2221.0, 90)"
2484,828,0,XRSTR_1,0.0,0.0,0.0,"(996, 4951, 90)","(996.0, 4951.0, 90)"
2485,828,1,x1,0.0,0.0,0.0,"(463, 4951, 90)","(-1191.0, 4951.0, 90)"
2486,828,2,XRSTR_2,-48198.989471159235,47010.5,1412507.2230563653,"(4060, 248, 0)","(4060.0, 248.0, 0)"
2487,829,0,XRSTR_1,0.0,0.0,0.0,"(1084, 4951, 90)","(1084.0, 4951.0, 90)"
2488,829,1,XRSTR_2,0.0,0.0,0.0,"(2204, 1793, 90)","(3271.0, 1793.0, 90)"
2489,829,2,x1,-31077.171725219152,30173.0,817526.5086857782,"(1084, 1556, 90)","(1084.0, 1556.0, 90)"
2490,830,0,XRSTR_1,0.0,0.0,0.0,"(2879, 4951, 90)","(2879.0, 5484.0, 90)"
2491,830,1,XRSTR_2,0.0,0.0,0.0,"(2879, 4951, 90)","(2879.0, 4951.0, 90)"
2492,830,2,x1,-31776.324902512446,30695.5,1168182.4698910422,"(4060, 2221, 90)","(4060.0, 2221.0, 90)"
2493,831,0,XRSTR_1,0.0,0.0,0.0,"(4767, 1327, 90)","(4767.0, 1327.0, 90)"
2494,831,1,XRSTR_2,0.0,0.0,0.0,"(2754, 2221, 90)","(2754.0, 2221.0, 90)"
2495,831,2,x1,-36210.5779523793,35043.5,1362070.9469298688,"(527, 2221, 90)","(527.0, 2221.0, 90)"
2496,832,0,XRSTR_1,0.0,0.0,0.0,"(4989, 3292, 90)","(5066.0, 3292.0, 90)"
2497,832,1,XRSTR_2,0.0,0.0,0.0,"(1084, 4304, 0)","(804.0, 4304.0, 0)"
2498,832,2,x1,-31945.887153150205,30937.5,1016844.6506383709,"(2879, 4951, 90)","(2879.0, 4951.0, 90)"
2499,833,0,x1,0.0,0.0,0.0,"(1815, 2221, 90)","(1815.0, 2221.0, 90)"
2500,833,1,XRSTR_1,0.0,0.0,0.0,"(1815, 3796, 0)","(1815.0, 4383.5, 0)"
2501,833,2,XRSTR_2,-30170.764615236905,29126.5,1090488.5866358797,"(527, 5046, 0)","(527.0, 5046.0, 0)"
2502,834,0,x1,0.0,0.0,0.0,"(5050, 2221, 90)","(5050.0, 2221.0, 90)"
2503,834,1,XRSTR_2,0.0,0.0,0.0,"(1684, 2221, 0)","(1684.0, 2221.0, 0)"
2504,834,2,XRSTR_1,-36057.96349036975,35076.0,964252.2964191495,"(527, 2221, 90)","(527.0, 2221.0, 90)"
2505,835,0,XRSTR_1,0.0,0.0,0.0,"(1084, 2221, 90)","(1084.0, 2221.0, 90)"
2506,835,1,XRSTR_2,0.0,0.0,0.0,"(4937, 4951, 90)","(4937.0, 4951.0, 90)"
2507,835,2,x1,-36770.82140246554,35743.5,1055389.2639637568,"(1084, 4951, 90)","(1084.0, 4951.0, 90)"
2508,836,0,XRSTR_1,0.0,0.0,0.0,"(1717, 2112, 90)","(1717.0, 2112.0, 90)"
2509,836,1,XRSTR_2,0.0,0.0,0.0,"(4045, 3324, 90)","(4045.0, 3324.0, 90)"
2510,836,2,x1,-38464.2618102079,37375.0,1186491.2911773878,"(5050, 4951, 90)","(5050.0, 5374.5, 90)"
2511,837,0,XRSTR_2,0.0,0.0,0.0,"(1653, 4536, 90)","(1653.0, 4536.0, 90)"
2512,837,1,x1,0.0,0.0,0.0,"(527, 4951, 90)","(-534.0, 4951.0, 90)"
2513,837,2,XRSTR_1,-50818.68954163875,49499.0,1741580.4863106918,"(4790, 88, 90)","(4790.0, 88.0, 90)"
2514,838,0,XRSTR_1,0.0,0.0,0.0,"(333, 3409, 90)","(333.0, 3409.0, 90)"
2515,838,1,XRSTR_2,0.0,0.0,0.0,"(4790, 4835, 90)","(4790.0, 4835.0, 90)"
2516,838,2,x1,-38785.10476790856,37694.5,1189418.7597848773,"(3874, 1327, 90)","(3874.0, 1327.0, 90)"
2517,839,0,XRSTR_1,0.0,0.0,0.0,"(4284, 809, 90)","(4284.0, 809.0, 90)"
2518,839,1,x1,0.0,0.0,0.0,"(401, 4951, 90)","(401.0, 4951.0, 90)"
2519,839,2,XRSTR_2,-52335.24106852644,50762.5,2473514.46862968,"(4060, 1758, 90)","(4060.0, 1758.0, 90)"
2520,840,0,XRSTR_2,0.0,0.0,0.0,"(1084, 1793, 90)","(1084.0, 1793.0, 90)"
2521,840,1,XRSTR_1,0.0,0.0,0.0,"(2357, 2221, 90)","(2357.0, 2221.0, 90)"
2522,840,2,x1,-38474.91141695646,37329.0,1313112.9755111586,"(3795, 4951, 90)","(3795.0, 4951.0, 90)"
2523,841,0,XRSTR_1,0.0,0.0,0.0,"(2882, 2221, 90)","(2882.0, 1241.5, 90)"
2524,841,1,XRSTR_2,0.0,0.0,0.0,"(1084, 4951, 0)","(807.0, 4951.0, 0)"
2525,841,2,x1,-31945.48772529013,30890.5,1112999.1005128464,"(2882, 3292, 90)","(2882.0, 3292.0, 90)"
2526,842,0,XRSTR_2,0.0,0.0,0.0,"(135, 1793, 90)","(135.0, 1793.0, 90)"
2527,842,1,XRSTR_1,0.0,0.0,0.0,"(333, 4951, 90)","(333.0, 4951.0, 90)"
2528,842,2,x1,-45592.77233563689,44474.0,1251651.5389864198,"(4937, 4951, 90)","(4937.0, 4951.0, 90)"
2529,843,0,x1,0.0,0.0,0.0,"(5050, 1793, 90)","(5050.0, 1793.0, 90)"
2530,843,1,XRSTR_1,0.0,0.0,0.0,"(333, 4951, 90)","(333.0, 4951.0, 90)"
2531,843,2,XRSTR_2,-42457.783823425896,41300.5,1339305.8479632663,"(4074, 4951, 90)","(4074.0, 4951.0, 90)"
2532,844,0,XRSTR_1,0.0,0.0,0.0,"(4849, 4440, 0)","(4849.0, 4440.0, 0)"
2533,844,1,x1,0.0,0.0,0.0,"(4060, 1556, 90)","(4060.0, 1556.0, 90)"
2534,844,2,XRSTR_2,-33902.69957820355,32747.5,1334486.0654816662,"(2879, 4951, 0)","(2879.0, 4951.0, 0)"
2535,845,0,XRSTR_1,0.0,0.0,0.0,"(3006, 2221, 90)","(4458.0, 2221.0, 90)"
2536,845,1,x1,0.0,0.0,0.0,"(2271, 2221, 90)","(2271.0, 2221.0, 90)"
2537,845,2,XRSTR_2,-30262.43085044385,29390.5,760263.4079557311,"(527, 200, 90)","(527.0, 170.5, 90)"
2538,846,0,XRSTR_1,0.0,0.0,0.0,"(3236, 2678, 90)","(3236.0, 2678.0, 90)"
2539,846,1,x1,0.0,0.0,0.0,"(4538, 4951, 90)","(4538.0, 4951.0, 90)"
2540,846,2,XRSTR_2,-35807.239898723514,34827.0,960870.259049479,"(527, 4180, 90)","(527.0, 4180.0, 90)"
2541,847,0,x1,0.0,0.0,0.0,"(4865, 4951, 90)","(4865.0, 4951.0, 90)"
2542,847,1,XRSTR_1,0.0,0.0,0.0,"(3795, 4951, 90)","(2678.0, 4951.0, 90)"
2543,847,2,XRSTR_2,-35823.34133424673,34881.0,888007.1902299079,"(2915, 696, 0)","(2915.0, 696.0, 0)"
2544,848,0,XRSTR_1,0.0,0.0,0.0,"(4045, 4951, 90)","(4045.0, 4951.0, 90)"
2545,848,1,XRSTR_2,0.0,0.0,0.0,"(5050, 4951, 0)","(5050.0, 4951.0, 0)"
2546,848,2,x1,-29762.09390640718,28738.0,1048768.3291403123,"(5038, 2221, 90)","(5038.0, 2221.0, 90)"
2547,849,0,XRSTR_1,0.0,0.0,0.0,"(4060, 3696, 90)","(4060.0, 3843.5, 90)"
2548,849,1,x1,0.0,0.0,0.0,"(5050, 1793, 90)","(5050.0, 1793.0, 90)"
2549,849,2,XRSTR_2,-31919.26066897249,31063.0,733182.3332292149,"(1021, 2221, 90)","(1021.0, 2221.0, 90)"
2550,850,0,XRSTR_2,0.0,0.0,0.0,"(5050, 4951, 90)","(5066.0, 4418.0, 90)"
2551,850,1,XRSTR_1,0.0,0.0,0.0,"(4060, 4951, 90)","(5066.0, 4951.0, 90)"
2552,850,2,x1,-27971.89420844069,27049.5,850811.0757649333,"(2879, 4951, 90)","(2879.0, 4951.0, 90)"
2553,851,0,XRSTR_2,0.0,0.0,0.0,"(1084, 1793, 90)","(1084.0, 1793.0, 90)"
2554,851,1,x1,0.0,0.0,0.0,"(3281, 1556, 90)","(3281.0, 1556.0, 90)"
2555,851,2,XRSTR_1,-30376.26647730662,29552.5,678591.2091341581,"(2879, 4951, 90)","(2879.0, 4951.0, 90)"
2556,852,0,x1,0.0,0.0,0.0,"(1169, 2828, 90)","(1169.0, 2828.0, 90)"
2557,852,1,XRSTR_1,0.0,0.0,0.0,"(1084, 4951, 90)","(1084.0, 4951.0, 90)"
2558,852,2,XRSTR_2,-29068.405616500862,27975.0,1195535.8421956326,"(2879, 4951, 90)","(2879.0, 4951.0, 90)"
2559,853,0,x1,0.0,0.0,0.0,"(4045, 4536, 90)","(4045.0, 4536.0, 90)"
2560,853,1,XRSTR_1,0.0,0.0,0.0,"(5078, 4951, 90)","(6232.0, 4951.0, 90)"
2561,853,2,XRSTR_2,-30263.288558770557,29430.0,694369.8221779134,"(2879, 1672, 90)","(2879.0, 1672.0, 90)"
2562,854,0,x1,0.0,0.0,0.0,"(3756, 363, 90)","(3756.0, -551.5, 90)"
2563,854,1,XRSTR_1,0.0,0.0,0.0,"(2879, 1499, 90)","(2879.0, 1499.0, 90)"
2564,854,2,XRSTR_2,-37101.197910963565,35998.5,1215942.6828434172,"(4489, 4951, 90)","(4489.0, 4951.0, 90)"
2565,855,0,XRSTR_1,0.0,0.0,0.0,"(2879, 4951, 90)","(2879.0, 2900.5, 90)"
2566,855,1,x1,0.0,0.0,0.0,"(2879, 4951, 90)","(2879.0, 4951.0, 90)"
2567,855,2,XRSTR_2,-36008.40669781661,34965.5,1087654.3803507444,"(2357, 200, 90)","(2357.0, 200.0, 90)"
2568,856,0,XRSTR_1,0.0,0.0,0.0,"(716, 200, 90)","(716.0, 200.0, 90)"
2569,856,1,XRSTR_2,0.0,0.0,0.0,"(401, 4951, 90)","(401.0, 4951.0, 90)"
2570,856,2,x1,-49598.42648487385,48343.5,1574840.4824378458,"(4989, 200, 90)","(4989.0, 200.0, 90)"
2571,857,0,XRSTR_1,0.0,0.0,0.0,"(2879, 1499, 90)","(2879.0, 1260.0, 90)"
2572,857,1,XRSTR_2,0.0,0.0,0.0,"(2363, 1793, 90)","(2363.0, 1793.0, 90)"
2573,857,2,x1,-35115.384291207556,34006.5,1229624.3712868893,"(2879, 4951, 90)","(2879.0, 4951.0, 90)"
2574,858,0,x1,0.0,0.0,0.0,"(5050, 4951, 90)","(5050.0, 4951.0, 90)"
2575,858,1,XRSTR_2,0.0,0.0,0.0,"(2879, 1793, 90)","(2879.0, 1793.0, 90)"
2576,858,2,XRSTR_1,-45670.698029358995,44370.0,1691815.3635783712,"(2359, 200, 90)","(2359.0, 200.0, 90)"
2577,859,0,XRSTR_1,0.0,0.0,0.0,"(3596, 2221, 90)","(3596.0, 2221.0, 90)"
2578,859,1,x1,0.0,0.0,0.0,"(2879, 4951, 90)","(2879.0, 4951.0, 90)"
2579,859,2,XRSTR_2,-37906.775750871406,36641.5,1600922.7257432083,"(3784, 809, 90)","(3784.0, 809.0, 90)"
2580,860,0,x1,0.0,0.0,0.0,"(4989, 680, 90)","(4989.0, 680.0, 90)"
2581,860,1,XRSTR_2,0.0,0.0,0.0,"(527, 2221, 90)","(527.0, 2221.0, 90)"
2582,860,2,XRSTR_1,-35945.32014218709,34917.0,1057442.3148276857,"(5050, 2221, 0)","(5050.0, 2842.5, 0)"
2583,861,0,x1,0.0,0.0,0.0,"(463, 4951, 90)","(463.0, 4951.0, 90)"
2584,861,1,XRSTR_1,0.0,0.0,0.0,"(391, 4951, 90)","(391.0, 2900.5, 90)"
2585,861,2,XRSTR_2,-33824.3693336571,32820.0,1008757.758390812,"(4045, 4951, 90)","(4045.0, 4951.0, 90)"
2586,862,0,XRSTR_1,0.0,0.0,0.0,"(463, 4951, 90)","(463.0, 6371.5, 90)"
2587,862,1,XRSTR_2,0.0,0.0,0.0,"(391, 4951, 90)","(391.0, 6904.5, 90)"
2588,862,2,x1,-27703.166804015684,26686.0,1034628.3071914795,"(527, 4321, 90)","(527.0, 4321.0, 90)"
2589,863,0,XRSTR_1,0.0,0.0,0.0,"(4993, 4951, 90)","(4993.0, 4951.0, 90)"
2590,863,1,x1,0.0,0.0,0.0,"(1695, 2221, 90)","(1695.0, 2221.0, 90)"
2591,863,2,XRSTR_2,-37292.82262377483,36270.5,1045143.5470818484,"(4790, 2221, 90)","(4790.0, 2221.0, 90)"
2592,864,0,XRSTR_1,0.0,0.0,0.0,"(3798, 4916, 90)","(3798.0, 4916.0, 90)"
2593,864,1,x1,0.0,0.0,0.0,"(2879, 2221, 90)","(2879.0, 2221.0, 90)"
2594,864,2,XRSTR_2,-29902.591190487663,28992.0,829176.3161937422,"(4790, 2221, 90)","(5066.0, 2221.0, 90)"
2595,865,0,x1,0.0,0.0,0.0,"(333, 4951, 90)","(-1103.0, 4951.0, 90)"
2596,865,1,XRSTR_1,0.0,0.0,0.0,"(1084, 4951, 90)","(1084.0, 4951.0, 90)"
2597,865,2,XRSTR_2,-44711.69095747235,43556.5,1334466.1482258786,"(2879, 200, 90)","(2879.0, 200.0, 90)"
2598,866,0,x1,0.0,0.0,0.0,"(2357, 4951, 90)","(2357.0, 4951.0, 90)"
2599,866,1,XRSTR_2,0.0,0.0,0.0,"(1695, 4951, 0)","(282.0, 4951.0, 0)"
2600,866,2,XRSTR_1,-30636.243066862255,29724.0,832187.4130382518,"(1815, 2221, 90)","(1815.0, 2221.0, 90)"
2601,867,0,XRSTR_1,0.0,0.0,0.0,"(527, 1366, 90)","(527.0, 1366.0, 90)"
2602,867,1,XRSTR_2,0.0,0.0,0.0,"(2879, 4951, 90)","(2879.0, 4951.0, 90)"
2603,867,2,x1,-36294.219955152075,35306.5,975590.7098056219,"(4060, 1556, 90)","(4060.0, 1556.0, 90)"
2604,868,0,XRSTR_2,0.0,0.0,0.0,"(1, 3536, 90)","(1.0, 2900.5, 90)"
2605,868,1,x1,0.0,0.0,0.0,"(552, 4951, 90)","(552.0, 4951.0, 90)"
2606,868,2,XRSTR_1,-26492.57109482197,25746.0,557368.399623677,"(391, 4951, 90)","(-1635.0, 4951.0, 90)"
2607,869,0,XRSTR_2,0.0,0.0,0.0,"(2359, 2221, 90)","(2359.0, 2221.0, 90)"
2608,869,1,XRSTR_1,0.0,0.0,0.0,"(3612, 4951, 90)","(3612.0, 4951.0, 90)"
2609,869,2,x1,-31682.804782406318,30822.0,740984.8734135905,"(5050, 1793, 90)","(5050.0, 1793.0, 90)"
2610,870,0,x1,0.0,0.0,0.0,"(527, 2651, 90)","(527.0, 2651.0, 90)"
2611,870,1,XRSTR_1,0.0,0.0,0.0,"(4989, 4951, 90)","(4989.0, 4951.0, 90)"
2612,870,2,XRSTR_2,-38541.27282933798,37414.5,1269617.0089343125,"(2879, 3421, 90)","(2879.0, 3421.0, 90)"
2613,871,0,XRSTR_2,0.0,0.0,0.0,"(1084, 4951, 90)","(567.0, 4951.0, 90)"
2614,871,1,XRSTR_1,0.0,0.0,0.0,"(4045, 1002, 90)","(4045.0, 1002.0, 90)"
2615,871,2,x1,-33965.8930053392,32862.0,1218579.7672368158,"(2754, 3478, 90)","(2754.0, 3478.0, 90)"
2616,872,0,XRSTR_2,0.0,0.0,0.0,"(565, 2221, 90)","(565.0, 2221.0, 90)"
2617,872,1,XRSTR_1,0.0,0.0,0.0,"(5050, 4951, 90)","(5982.0, 4951.0, 90)"
2618,872,2,x1,-36842.69701805346,35887.0,913356.7903162823,"(3795, 4951, 90)","(3795.0, 4951.0, 90)"
2619,873,0,XRSTR_2,0.0,0.0,0.0,"(2879, 1793, 90)","(2879.0, 1758.5, 90)"
2620,873,1,XRSTR_1,0.0,0.0,0.0,"(527, 4951, 90)","(527.0, 4951.0, 90)"
2621,873,2,x1,-35727.20694914954,34827.5,809472.5943479799,"(4937, 3809, 90)","(4937.0, 3809.0, 90)"
2622,874,0,XRSTR_1,0.0,0.0,0.0,"(1815, 406, 0)","(1291.0, 406.0, 0)"
2623,874,1,XRSTR_2,0.0,0.0,0.0,"(3936, 2221, 90)","(5553.0, 2221.0, 90)"
2624,874,2,x1,-30274.74073336044,29291.5,966762.3397391704,"(3366, 1793, 90)","(3366.0, 1793.0, 90)"
2625,875,0,XRSTR_1,0.0,0.0,0.0,"(5050, 2221, 90)","(5050.0, 2221.0, 90)"
2626,875,1,x1,0.0,0.0,0.0,"(1815, 4951, 90)","(1815.0, 4951.0, 90)"
2627,875,2,XRSTR_2,-45305.068993449764,44067.0,1532814.8325417056,"(527, 448, 0)","(527.0, 448.0, 0)"
2628,876,0,XRSTR_1,0.0,0.0,0.0,"(2879, 1327, 90)","(2879.0, 2240.5, 90)"
2629,876,1,x1,0.0,0.0,0.0,"(4060, 190, 90)","(4060.0, 190.0, 90)"
2630,876,2,XRSTR_2,-27993.178810958485,26972.5,1041785.2351396271,"(5050, 2308, 0)","(5050.0, 2352.5, 0)"
2631,877,0,x1,0.0,0.0,0.0,"(2879, 1479, 90)","(2879.0, 1479.0, 90)"
2632,877,1,XRSTR_1,0.0,0.0,0.0,"(2418, 4951, 90)","(2418.0, 4951.0, 90)"
2633,877,2,XRSTR_2,-34195.133131225135,33036.5,1342430.7327725622,"(3795, 4951, 0)","(3795.0, 4951.0, 0)"
2634,878,0,XRSTR_1,0.0,0.0,0.0,"(4989, 2308, 0)","(6120.0, 2308.0, 0)"
2635,878,1,XRSTR_2,0.0,0.0,0.0,"(4557, 4951, 90)","(4557.0, 5303.5, 90)"
2636,878,2,x1,-30297.49115123724,29192.0,1222110.6854638366,"(4045, 3253, 90)","(4045.0, 3253.0, 90)"
2637,879,0,XRSTR_1,0.0,0.0,0.0,"(1084, 4951, 0)","(1084.0, 4951.0, 0)"
2638,879,1,XRSTR_2,0.0,0.0,0.0,"(4989, 2221, 90)","(4989.0, 2221.0, 90)"
2639,879,2,x1,-32246.448226597975,31353.0,798249.7336110682,"(2199, 2064, 0)","(2199.0, 2064.0, 0)"
2640,880,0,XRSTR_2,0.0,0.0,0.0,"(1815, 1556, 90)","(716.5, 1556.0, 90)"
2641,880,1,XRSTR_1,0.0,0.0,0.0,"(2879, 4951, 0)","(2879.0, 4951.0, 0)"
2642,880,2,x1,-30055.327727257612,29066.0,978769.3519207155,"(2879, 2221, 0)","(2879.0, 2221.0, 0)"
2643,881,0,x1,0.0,0.0,0.0,"(333, 1499, 90)","(333.0, 1499.0, 90)"
2644,881,1,XRSTR_2,0.0,0.0,0.0,"(2418, 4910, 90)","(2418.0, 4910.0, 90)"
2645,881,2,XRSTR_1,-37504.08347343046,36313.0,1418679.840679172,"(2879, 1052, 90)","(2879.0, 1052.0, 90)"
2646,882,0,XRSTR_2,0.0,0.0,0.0,"(3795, 4951, 90)","(3795.0, 4951.0, 90)"
2647,882,1,x1,0.0,0.0,0.0,"(3795, 1556, 90)","(3795.0, 1556.0, 90)"
2648,882,2,XRSTR_1,-39956.71263841569,38828.5,1272863.7574808788,"(333, 4951, 90)","(333.0, 4951.0, 90)"
2649,883,0,x1,0.0,0.0,0.0,"(4989, 2359, 90)","(4989.0, 2359.0, 90)"
2650,883,1,XRSTR_2,0.0,0.0,0.0,"(2879, 1556, 90)","(2802.0, 1556.0, 90)"
2651,883,2,XRSTR_1,-26505.017936725784,25691.0,662625.2013113025,"(3795, 2221, 0)","(2914.0, 2221.0, 0)"
2652,884,0,x1,0.0,0.0,0.0,"(2879, 1793, 90)","(2879.0, 1793.0, 90)"
2653,884,1,XRSTR_1,0.0,0.0,0.0,"(4521, 2221, 0)","(4954.0, 2221.0, 0)"
2654,884,2,XRSTR_2,-28315.159018564722,27434.5,775560.30697938,"(4790, 2172, 90)","(5599.0, 2172.0, 90)"
2655,885,0,XRSTR_2,0.0,0.0,0.0,"(4989, 2308, 90)","(4989.0, 2308.0, 90)"
2656,885,1,XRSTR_1,0.0,0.0,0.0,"(1732, 2221, 90)","(1732.0, 2221.0, 90)"
2657,885,2,x1,-36460.77570663345,35362.5,1206209.5277812155,"(4486, 4862, 90)","(4486.0, 4862.0, 90)"
2658,886,0,XRSTR_1,0.0,0.0,0.0,"(527, 2221, 90)","(527.0, 2221.0, 90)"
2659,886,1,XRSTR_2,0.0,0.0,0.0,"(3698, 4951, 90)","(3698.0, 4951.0, 90)"
2660,886,2,x1,-34716.68611276958,33697.5,1038740.3324623713,"(527, 4951, 90)","(527.0, 4951.0, 90)"
2661,887,0,x1,0.0,0.0,0.0,"(2879, 4839, 90)","(2879.0, 4839.0, 90)"
2662,887,1,XRSTR_1,0.0,0.0,0.0,"(4797, 1556, 90)","(4797.0, 1556.0, 90)"
2663,887,2,XRSTR_2,-36986.23839734313,35920.5,1135798.3315714973,"(527, 4104, 90)","(527.0, 4104.0, 90)"
2664,888,0,XRSTR_2,0.0,0.0,0.0,"(463, 1793, 90)","(463.0, 1793.0, 90)"
2665,888,1,XRSTR_1,0.0,0.0,0.0,"(2879, 2221, 90)","(2879.0, 2221.0, 90)"
2666,888,2,x1,-40222.07157332687,39083.5,1296345.2275880333,"(3899, 4951, 90)","(3899.0, 4951.0, 90)"
2667,889,0,XRSTR_2,0.0,0.0,0.0,"(333, 3585, 90)","(333.0, 3585.0, 90)"
2668,889,1,XRSTR_1,0.0,0.0,0.0,"(1084, 1793, 0)","(1084.0, 1793.0, 0)"
2669,889,2,x1,-31957.74412695136,31017.0,884999.5123934743,"(797, 4951, 0)","(797.0, 5660.0, 0)"
2670,890,0,XRSTR_1,0.0,0.0,0.0,"(1815, 2221, 90)","(1815.0, 2221.0, 90)"
2671,890,1,XRSTR_2,0.0,0.0,0.0,"(527, 4951, 90)","(527.0, 4951.0, 90)"
2672,890,2,x1,-37295.91969459896,36231.5,1132989.2862501405,"(3952, 1556, 90)","(4002.0, 1556.0, 90)"
2673,891,0,XRSTR_1,0.0,0.0,0.0,"(5050, 2221, 90)","(5050.0, 2221.0, 90)"
2674,891,1,x1,0.0,0.0,0.0,"(1218, 3809, 90)","(1218.0, 2157.5, 90)"
2675,891,2,XRSTR_2,-33622.04651426298,32590.0,1065120.0076023573,"(1479, 4208, 90)","(1479.0, 4208.0, 90)"
2676,892,0,x1,0.0,0.0,0.0,"(3798, 2221, 90)","(3798.0, 2221.0, 90)"
2677,892,1,XRSTR_1,0.0,0.0,0.0,"(1084, 200, 90)","(1084.0, 200.0, 90)"
2678,892,2,XRSTR_2,-39250.14854357406,38086.0,1355241.8315056013,"(1084, 4951, 90)","(1084.0, 4951.0, 90)"
2679,893,0,XRSTR_2,0.0,0.0,0.0,"(2879, 2221, 90)","(2879.0, 2783.5, 90)"
2680,893,1,XRSTR_1,0.0,0.0,0.0,"(3006, 1499, 90)","(3006.0, 2250.5, 90)"
2681,893,2,x1,-30214.546379044375,29061.0,1330669.2486063922,"(1855, 200, 90)","(1855.0, 200.0, 90)"
2682,894,0,XRSTR_1,0.0,0.0,0.0,"(5050, 2221, 90)","(5050.0, 1485.5, 90)"
2683,894,1,XRSTR_2,0.0,0.0,0.0,"(4521, 920, 90)","(4521.0, 920.0, 90)"
2684,894,2,x1,-29685.665086557645,28675.5,1020433.5021000168,"(4989, 3536, 90)","(4989.0, 3536.0, 90)"
2685,895,0,x1,0.0,0.0,0.0,"(4060, 3292, 90)","(4060.0, 3292.0, 90)"
2686,895,1,XRSTR_1,0.0,0.0,0.0,"(2472, 2221, 90)","(1873.0, 2221.0, 90)"
2687,895,2,XRSTR_2,-30115.633708560847,29151.0,930518.1916918502,"(4790, 1793, 90)","(4790.0, 1241.5, 90)"
2688,896,0,XRSTR_2,0.0,0.0,0.0,"(1084, 2221, 90)","(1084.0, 170.5, 90)"
2689,896,1,XRSTR_1,0.0,0.0,0.0,"(333, 4951, 90)","(333.0, 4951.0, 90)"
2690,896,2,x1,-27605.486302691308,26797.0,653650.1016394594,"(1084, 2221, 90)","(1084.0, 2221.0, 90)"
2691,897,0,XRSTR_2,0.0,0.0,0.0,"(195, 360, 90)","(195.0, 360.0, 90)"
2692,897,1,XRSTR_1,0.0,0.0,0.0,"(2879, 4951, 90)","(2879.0, 5973.5, 90)"
2693,897,2,x1,-37944.97273889412,37001.0,891084.531775266,"(3722, 3923, 90)","(3722.0, 3923.0, 90)"
2694,898,0,x1,0.0,0.0,0.0,"(4524, 680, 90)","(4524.0, 680.0, 90)"
2695,898,1,XRSTR_2,0.0,0.0,0.0,"(2882, 4951, 90)","(2882.0, 4951.0, 90)"
2696,898,2,XRSTR_1,-45882.094513211625,44629.0,1570245.8590410796,"(527, 4307, 90)","(527.0, 4307.0, 90)"
2697,899,0,XRSTR_1,0.0,0.0,0.0,"(4045, 4951, 90)","(4045.0, 5611.0, 90)"
2698,899,1,XRSTR_2,0.0,0.0,0.0,"(2879, 2221, 90)","(2879.0, 1461.0, 90)"
2699,899,2,x1,-30623.1412957539,29618.0,1010309.0244298278,"(2879, 3536, 0)","(2879.0, 3536.0, 0)"
2700,900,0,XRSTR_1,0.0,0.0,0.0,"(1084, 200, 90)","(1084.0, 200.0, 90)"
2701,900,1,x1,0.0,0.0,0.0,"(4521, 3158, 90)","(4954.0, 3158.0, 90)"
2702,900,2,XRSTR_2,-39338.711579076546,38224.5,1241467.4429482517,"(2879, 2221, 0)","(2879.0, 2221.0, 0)"
2703,901,0,x1,0.0,0.0,0.0,"(2879, 4951, 90)","(2879.0, 4951.0, 90)"
2704,901,1,XRSTR_2,0.0,0.0,0.0,"(4521, 2520, 90)","(4521.0, 2520.0, 90)"
2705,901,2,XRSTR_1,-31654.523453381502,30581.5,1151379.3315067682,"(1815, 3585, 0)","(1815.0, 2788.5, 0)"
2706,902,0,XRSTR_2,0.0,0.0,0.0,"(1084, 3796, 90)","(1084.0, 3796.0, 90)"
2707,902,1,x1,0.0,0.0,0.0,"(5050, 4951, 90)","(5050.0, 4951.0, 90)"
2708,902,2,XRSTR_1,-32987.985484034536,32127.5,740435.2682341556,"(5050, 5046, 0)","(5050.0, 7113.5, 0)"
2709,903,0,x1,0.0,0.0,0.0,"(4521, 2221, 0)","(4521.0, 2221.0, 0)"
2710,903,1,XRSTR_1,0.0,0.0,0.0,"(1815, 2221, 0)","(1815.0, 2221.0, 0)"
2711,903,2,XRSTR_2,-39109.38254085263,37899.0,1465025.8952008807,"(527, 4951, 0)","(527.0, 4951.0, 0)"
2712,904,0,XRSTR_2,0.0,0.0,0.0,"(4985, 2221, 0)","(4985.0, 2221.0, 0)"
2713,904,1,x1,0.0,0.0,0.0,"(2275, 4951, 90)","(2275.0, 4951.0, 90)"
2714,904,2,XRSTR_1,-45973.44321214757,44541.5,2050461.3628155068,"(5050, 680, 90)","(5050.0, 680.0, 90)"
2715,905,0,XRSTR_2,0.0,0.0,0.0,"(2754, 4951, 90)","(2754.0, 4951.0, 90)"
2716,905,1,x1,0.0,0.0,0.0,"(1815, 2221, 0)","(1815.0, 2221.0, 0)"
2717,905,2,XRSTR_1,-33601.44617350899,32573.0,1057701.5318052953,"(4521, 1758, 0)","(4521.0, 1758.0, 0)"
2718,906,0,x1,0.0,0.0,0.0,"(333, 4951, 0)","(333.0, 4951.0, 0)"
2719,906,1,XRSTR_1,0.0,0.0,0.0,"(1869, 2491, 90)","(1869.0, 2491.0, 90)"
2720,906,2,XRSTR_2,-33034.389782966224,32052.5,964107.5458934638,"(2879, 4951, 90)","(2879.0, 4951.0, 90)"
2721,907,0,x1,0.0,0.0,0.0,"(2882, 3856, 90)","(2882.0, 3856.0, 90)"
2722,907,1,XRSTR_1,0.0,0.0,0.0,"(529, 4962, 0)","(529.0, 4962.0, 0)"
2723,907,2,XRSTR_2,-28501.99766180125,27580.0,850079.6883669719,"(2131, 4951, 0)","(2131.0, 6018.5, 0)"
2724,908,0,XRSTR_2,0.0,0.0,0.0,"(4045, 4951, 90)","(4045.0, 4951.0, 90)"
2725,908,1,XRSTR_1,0.0,0.0,0.0,"(1815, 4951, 0)","(1815.0, 4951.0, 0)"
2726,908,2,x1,-36364.55613003845,35157.0,1458191.8071934383,"(1815, 1758, 90)","(1815.0, 1758.0, 90)"
2727,909,0,XRSTR_1,0.0,0.0,0.0,"(5050, 4928, 0)","(5050.0, 5958.5, 0)"
2728,909,1,x1,0.0,0.0,0.0,"(4997, 3796, 90)","(4997.0, 3796.0, 90)"
2729,909,2,XRSTR_2,-26476.89469446617,25671.5,648660.6138742563,"(5050, 2308, 0)","(5050.0, 1633.5, 0)"
2730,910,0,x1,0.0,0.0,0.0,"(1084, 2221, 0)","(831.5, 2221.0, 0)"
2731,910,1,XRSTR_2,0.0,0.0,0.0,"(5050, 5097, 90)","(5050.0, 5097.0, 90)"
2732,910,2,XRSTR_1,-42383.60382831749,41107.5,1628440.9806465602,"(2882, 3447, 0)","(2882.0, 3447.0, 0)"
2733,911,0,XRSTR_2,0.0,0.0,0.0,"(91, 2221, 90)","(91.0, 2221.0, 90)"
2734,911,1,x1,0.0,0.0,0.0,"(2882, 1669, 0)","(2882.0, 1669.0, 0)"
2735,911,2,XRSTR_1,-32278.488452375495,31181.0,1204480.903097562,"(3795, 2221, 0)","(4932.5, 2221.0, 0)"
2736,912,0,x1,0.0,0.0,0.0,"(5050, 4951, 90)","(6383.0, 4951.0, 90)"
2737,912,1,XRSTR_2,0.0,0.0,0.0,"(4308, 4951, 0)","(4308.0, 4951.0, 0)"
2738,912,2,XRSTR_1,-37745.25366421512,36824.0,848708.3138297842,"(333, 4951, 0)","(333.0, 4951.0, 0)"
2739,913,0,XRSTR_2,0.0,0.0,0.0,"(4521, 4277, 0)","(4521.0, 4277.0, 0)"
2740,913,1,x1,0.0,0.0,0.0,"(527, 4951, 90)","(527.0, 4951.0, 90)"
2741,913,2,XRSTR_1,-42334.288361097126,41120.0,1474496.223895939,"(3532, 1870, 0)","(3532.0, 1870.0, 0)"
2742,914,0,XRSTR_2,0.0,0.0,0.0,"(1084, 2221, 0)","(1084.0, 2221.0, 0)"
2743,914,1,XRSTR_1,0.0,0.0,0.0,"(4552, 2221, 0)","(4552.0, 2221.0, 0)"
2744,914,2,x1,-38004.79231959125,36805.5,1438302.0678305656,"(333, 1219, 90)","(333.0, 58.5, 90)"
2745,915,0,x1,0.0,0.0,0.0,"(527, 2308, 90)","(527.0, 2308.0, 90)"
2746,915,1,XRSTR_1,0.0,0.0,0.0,"(1815, 463, 90)","(1815.0, 257.5, 90)"
2747,915,2,XRSTR_2,-34960.96308636065,33871.0,1188019.5296288338,"(4006, 2221, 90)","(4006.0, 2221.0, 90)"
2748,916,0,x1,0.0,0.0,0.0,"(3867, 2308, 0)","(3867.0, 2308.0, 0)"
2749,916,1,XRSTR_2,0.0,0.0,0.0,"(527, 3787, 0)","(527.0, 3787.0, 0)"
2750,916,2,XRSTR_1,-34909.474207917956,33833.0,1158796.720312592,"(3641, 4951, 0)","(3641.0, 4951.0, 0)"
2751,917,0,XRSTR_2,0.0,0.0,0.0,"(3728, 2221, 90)","(3728.0, 2221.0, 90)"
2752,917,1,XRSTR_1,0.0,0.0,0.0,"(5050, 3696, 0)","(5050.0, 3696.0, 0)"
2753,917,2,x1,-42310.799954814276,41139.5,1371943.5841479325,"(527, 4536, 0)","(527.0, 4536.0, 0)"
2754,918,0,XRSTR_1,0.0,0.0,0.0,"(2882, 4951, 0)","(2882.0, 4951.0, 0)"
2755,918,1,XRSTR_2,0.0,0.0,0.0,"(2879, 3796, 90)","(2879.0, 3796.0, 90)"
2756,918,2,x1,-40473.80151969073,39131.5,1801773.3697640481,"(527, 1210, 90)","(527.0, 1210.0, 90)"
2757,919,0,XRSTR_2,0.0,0.0,0.0,"(4790, 4951, 0)","(4790.0, 4951.0, 0)"
2758,919,1,x1,0.0,0.0,0.0,"(5050, 2308, 90)","(5050.0, 2308.0, 90)"
2759,919,2,XRSTR_1,-29516.02991598118,28516.0,1000059.8328573254,"(3867, 4951, 0)","(3867.0, 4951.0, 0)"
2760,920,0,XRSTR_1,0.0,0.0,0.0,"(2961, 4951, 90)","(2961.0, 4951.0, 90)"
2761,920,1,x1,0.0,0.0,0.0,"(527, 1356, 90)","(-372.0, 1356.0, 90)"
2762,920,2,XRSTR_2,-38917.04296631122,37772.5,1309978.6017324934,"(1815, 2221, 90)","(1815.0, 2221.0, 90)"
2763,921,0,XRSTR_1,0.0,0.0,0.0,"(4045, 1755, 0)","(4045.0, 1755.0, 0)"
2764,921,1,XRSTR_2,0.0,0.0,0.0,"(1084, 3121, 0)","(1084.0, 3121.0, 0)"
2765,921,2,x1,-40984.62711009706,39748.5,1528010.2323169205,"(527, 4951, 90)","(527.0, 5283.5, 90)"
2766,922,0,XRSTR_2,0.0,0.0,0.0,"(527, 1219, 90)","(527.0, 1219.0, 90)"
2767,922,1,x1,0.0,0.0,0.0,"(5050, 4951, 0)","(5050.0, 4951.0, 0)"
2768,922,2,XRSTR_1,-48249.79487552662,47003.5,1553250.9167639157,"(3874, 248, 0)","(3874.0, 248.0, 0)"
2769,923,0,x1,0.0,0.0,0.0,"(2519, 2221, 90)","(2519.0, 2221.0, 90)"
2770,923,1,XRSTR_1,0.0,0.0,0.0,"(4989, 38, 0)","(4989.0, 38.0, 0)"
2771,923,2,XRSTR_2,-33037.790729522996,31924.0,1240529.7891713749,"(4521, 1793, 0)","(4594.0, 1793.0, 0)"
2772,924,0,x1,0.0,0.0,0.0,"(2879, 1869, 90)","(2879.0, 1869.0, 90)"
2773,924,1,XRSTR_1,0.0,0.0,0.0,"(3912, 2221, 0)","(4954.0, 2221.0, 0)"
2774,924,2,XRSTR_2,-31001.616657712668,30023.0,957690.5627527104,"(333, 3292, 0)","(333.0, 3292.0, 0)"
2775,925,0,XRSTR_2,0.0,0.0,0.0,"(3862, 1499, 90)","(3862.0, 1499.0, 90)"
2776,925,1,XRSTR_1,0.0,0.0,0.0,"(5050, 4951, 0)","(5050.0, 4951.0, 0)"
2777,925,2,x1,-43708.13630187529,42537.5,1370389.3512682472,"(1084, 4951, 0)","(1084.0, 4951.0, 0)"
2778,926,0,XRSTR_1,0.0,0.0,0.0,"(2879, 1499, 0)","(2879.0, 1499.0, 0)"
2779,926,1,XRSTR_2,0.0,0.0,0.0,"(4742, 1793, 0)","(4742.0, 1793.0, 0)"
2780,926,2,x1,-33756.70621083101,32703.0,1110296.7787438438,"(1992, 1782, 0)","(828.5, 1782.0, 0)"
2781,927,0,x1,0.0,0.0,0.0,"(1815, 2221, 0)","(831.5, 2221.0, 0)"
2782,927,1,XRSTR_1,0.0,0.0,0.0,"(2882, 3242, 0)","(2882.0, 3242.0, 0)"
2783,927,2,XRSTR_2,-40856.5027374708,39601.5,1575031.871059197,"(4790, 4951, 0)","(4790.0, 4951.0, 0)"
2784,928,0,XRSTR_2,0.0,0.0,0.0,"(4557, 4951, 0)","(4557.0, 4951.0, 0)"
2785,928,1,XRSTR_1,0.0,0.0,0.0,"(2915, 3585, 0)","(2915.0, 3585.0, 0)"
2786,928,2,x1,-39473.28490479857,38394.5,1163776.870821268,"(5050, 406, 0)","(5050.0, 406.0, 0)"
2787,929,0,x1,0.0,0.0,0.0,"(5050, 1758, 90)","(5050.0, 1758.0, 90)"
2788,929,1,XRSTR_1,0.0,0.0,0.0,"(1084, 4951, 0)","(1084.0, 4951.0, 0)"
2789,929,2,XRSTR_2,-39011.15664849586,37973.0,1077769.22681615,"(2387, 2221, 0)","(2387.0, 2221.0, 0)"
2790,930,0,XRSTR_2,0.0,0.0,0.0,"(391, 200, 90)","(391.0, 200.0, 90)"
2791,930,1,XRSTR_1,0.0,0.0,0.0,"(4790, 4951, 0)","(4790.0, 4951.0, 0)"
2792,930,2,x1,-37767.55781245323,36832.5,874333.1126298206,"(4524, 2154, 90)","(4524.0, 2154.0, 90)"
2793,931,0,XRSTR_2,0.0,0.0,0.0,"(1, 4938, 0)","(1.0, 4938.0, 0)"
2794,931,1,x1,0.0,0.0,0.0,"(4060, 805, 90)","(4060.0, 805.0, 90)"
2795,931,2,XRSTR_1,-43607.95320823124,42407.5,1441087.9051526783,"(5050, 2221, 0)","(5050.0, 2967.5, 0)"
2796,932,0,XRSTR_1,0.0,0.0,0.0,"(391, 2221, 0)","(391.0, 2221.0, 0)"
2797,932,1,XRSTR_2,0.0,0.0,0.0,"(4230, 4910, 0)","(4230.0, 5974.0, 0)"
2798,932,2,x1,-33624.4771223561,32729.0,801879.2766631617,"(4261, 3787, 0)","(4261.0, 3787.0, 0)"
2799,933,0,x1,0.0,0.0,0.0,"(4363, 2221, 0)","(4363.0, 2221.0, 0)"
2800,933,1,XRSTR_2,0.0,0.0,0.0,"(4524, 1119, 0)","(4524.0, 34.0, 0)"
2801,933,2,XRSTR_1,-33517.26901163385,32602.0,837717.3636572027,"(1899, 4951, 0)","(1899.0, 4951.0, 0)"
2802,934,0,XRSTR_1,0.0,0.0,0.0,"(1343, 4951, 90)","(1232.5, 4951.0, 90)"
2803,934,1,XRSTR_2,0.0,0.0,0.0,"(1599, 1317, 90)","(1599.0, 1317.0, 90)"
2804,934,2,x1,-31286.155443312706,30232.0,1111243.6986658098,"(3395, 3632, 0)","(3395.0, 3632.0, 0)"
2805,935,0,XRSTR_2,0.0,0.0,0.0,"(333, 1672, 90)","(333.0, 1672.0, 90)"
2806,935,1,XRSTR_1,0.0,0.0,0.0,"(3953, 1758, 0)","(4929.5, 1758.0, 0)"
2807,935,2,x1,-29796.192139884075,28801.0,990407.3952870418,"(2879, 2064, 0)","(2879.0, 2064.0, 0)"
2808,936,0,XRSTR_1,0.0,0.0,0.0,"(3912, 2221, 0)","(3912.0, 2221.0, 0)"
2809,936,1,x1,0.0,0.0,0.0,"(195, 1758, 90)","(195.0, 1758.0, 90)"
2810,936,2,XRSTR_2,-32352.207447657027,31479.5,761618.2891960428,"(527, 672, 90)","(527.0, -292.5, 90)"
2811,937,0,XRSTR_2,0.0,0.0,0.0,"(2018, 4951, 90)","(2018.0, 4951.0, 90)"
2812,937,1,x1,0.0,0.0,0.0,"(4521, 2694, 90)","(4521.0, 2694.0, 90)"
2813,937,2,XRSTR_1,-33960.76642221958,32896.5,1132663.017464072,"(5050, 2221, 0)","(6596.0, 2221.0, 0)"
2814,938,0,x1,0.0,0.0,0.0,"(4767, 1782, 0)","(4767.0, 34.0, 0)"
2815,938,1,XRSTR_2,0.0,0.0,0.0,"(4767, 2221, 0)","(4767.0, 2221.0, 0)"
2816,938,2,XRSTR_1,-34986.58424389698,33961.5,1050797.7070858404,"(4767, 4536, 0)","(4767.0, 4536.0, 0)"
2817,939,0,x1,0.0,0.0,0.0,"(3286, 4951, 0)","(3286.0, 4951.0, 0)"
2818,939,1,XRSTR_2,0.0,0.0,0.0,"(1084, 2221, 90)","(1084.0, 2221.0, 90)"
2819,939,2,XRSTR_1,-39079.327164299546,38029.5,1102137.0749012332,"(2879, 38, 0)","(2879.0, 38.0, 0)"
2820,940,0,XRSTR_1,0.0,0.0,0.0,"(2879, 4951, 0)","(2879.0, 4951.0, 0)"
2821,940,1,x1,0.0,0.0,0.0,"(3867, 2117, 90)","(3867.0, 2117.0, 90)"
2822,940,2,XRSTR_2,-28757.62204541741,27916.5,707486.2952871677,"(4767, 2221, 0)","(5942.0, 2221.0, 0)"
2823,941,0,XRSTR_2,0.0,0.0,0.0,"(2879, 200, 0)","(2879.0, 200.0, 0)"
2824,941,1,x1,0.0,0.0,0.0,"(527, 2221, 0)","(527.0, 2221.0, 0)"
2825,941,2,XRSTR_1,-38901.73857041493,37836.5,1134733.211899639,"(5050, 1556, 0)","(5050.0, 1556.0, 0)"
2826,942,0,XRSTR_2,0.0,0.0,0.0,"(1, 4824, 0)","(-1548.0, 4824.0, 0)"
2827,942,1,x1,0.0,0.0,0.0,"(527, 4951, 90)","(527.0, 4951.0, 90)"
2828,942,2,XRSTR_1,-31256.235245645057,30240.0,1032734.0744912665,"(2879, 3796, 90)","(2879.0, 3796.0, 90)"
2829,943,0,x1,0.0,0.0,0.0,"(5050, 4951, 0)","(5050.0, 4951.0, 0)"
2830,943,1,XRSTR_2,0.0,0.0,0.0,"(5050, 207, 0)","(5050.0, 207.0, 0)"
2831,943,2,XRSTR_1,-41890.19589928961,40979.5,829367.0209829113,"(527, 4951, 0)","(527.0, 4951.0, 0)"
2832,944,0,x1,0.0,0.0,0.0,"(527, 1672, 0)","(527.0, 1672.0, 0)"
2833,944,1,XRSTR_2,0.0,0.0,0.0,"(333, 2221, 0)","(333.0, 3859.0, 0)"
2834,944,2,XRSTR_1,-36505.968578429834,35496.5,1019026.8108371537,"(5050, 1210, 90)","(5050.0, 1210.0, 90)"
2835,945,0,XRSTR_2,0.0,0.0,0.0,"(25, 4951, 0)","(-451.5, 4306.0, 0)"
2836,945,1,x1,0.0,0.0,0.0,"(1599, 4951, 0)","(1599.0, 4951.0, 0)"
2837,945,2,XRSTR_1,-25858.785615682747,24892.0,934674.4266910673,"(418, 4951, 90)","(-563.5, 4951.0, 90)"
2838,946,0,XRSTR_1,0.0,0.0,0.0,"(5050, 1219, 0)","(7100.5, 1219.0, 0)"
2839,946,1,x1,0.0,0.0,0.0,"(5050, 1219, 0)","(5050.0, 1219.0, 0)"
2840,946,2,XRSTR_2,-45838.612969106,44615.5,1496005.3351952937,"(391, 4951, 0)","(391.0, 4951.0, 0)"
2841,947,0,XRSTR_2,0.0,0.0,0.0,"(58, 3796, 0)","(58.0, 4408.0, 0)"
2842,947,1,x1,0.0,0.0,0.0,"(527, 2221, 0)","(527.0, 2221.0, 0)"
2843,947,2,XRSTR_1,-31452.41146613265,30353.0,1208705.5718639418,"(2111, 3697, 90)","(2689.5, 3697.0, 90)"
2844,948,0,XRSTR_2,0.0,0.0,0.0,"(1258, 1219, 90)","(1258.0, 1219.0, 90)"
2845,948,1,x1,0.0,0.0,0.0,"(391, 1758, 90)","(-929.0, 1758.0, 90)"
2846,948,2,XRSTR_1,-40044.04738952477,39004.0,1081698.572457286,"(4818, 3421, 0)","(4818.0, 3421.0, 0)"
2847,949,0,XRSTR_2,0.0,0.0,0.0,"(2357, 2221, 90)","(2357.0, 2221.0, 90)"
2848,949,1,XRSTR_1,0.0,0.0,0.0,"(1084, 2221, 0)","(1084.0, 2221.0, 0)"
2849,949,2,x1,-43526.58510728936,42237.0,1663029.7489425032,"(5050, 4951, 90)","(5050.0, 4951.0, 90)"
2850,950,0,x1,0.0,0.0,0.0,"(1084, 2757, 0)","(1084.0, 2757.0, 0)"
2851,950,1,XRSTR_1,0.0,0.0,0.0,"(128, 2221, 90)","(-1078.5, 2221.0, 90)"
2852,950,2,XRSTR_2,-33055.12005317197,32188.0,751897.1866129611,"(5050, 1327, 90)","(5050.0, 1327.0, 90)"
2853,951,0,XRSTR_2,0.0,0.0,0.0,"(1599, 4951, 90)","(1599.0, 4951.0, 90)"
2854,951,1,x1,0.0,0.0,0.0,"(527, 632, 90)","(527.0, 632.0, 90)"
2855,951,2,XRSTR_1,-38992.1124983845,37701.5,1665680.6209862868,"(527, 4951, 90)","(527.0, 4951.0, 90)"
2856,952,0,XRSTR_2,0.0,0.0,0.0,"(3795, 680, 0)","(3795.0, 680.0, 0)"
2857,952,1,x1,0.0,0.0,0.0,"(333, 1913, 90)","(-1103.0, 1913.0, 90)"
2858,952,2,XRSTR_1,-36348.97349927827,35338.0,1022067.416242942,"(1084, 2064, 90)","(1084.0, 2064.0, 90)"
2859,953,0,XRSTR_2,0.0,0.0,0.0,"(1726, 4951, 0)","(1521.0, 4951.0, 0)"
2860,953,1,x1,0.0,0.0,0.0,"(3596, 4097, 90)","(3596.0, 4097.0, 90)"
2861,953,2,XRSTR_1,-29966.002721674507,28985.5,961385.5872111196,"(2882, 2221, 0)","(2882.0, 1934.5, 0)"
2862,954,0,x1,0.0,0.0,0.0,"(2879, 2221, 90)","(2879.0, 2221.0, 90)"
2863,954,1,XRSTR_1,0.0,0.0,0.0,"(1681, 2221, 90)","(692.0, 2221.0, 90)"
2864,954,2,XRSTR_2,-28714.391971057314,27764.5,902294.7566791504,"(3800, 3656, 0)","(3800.0, 4383.5, 0)"
2865,955,0,XRSTR_1,0.0,0.0,0.0,"(1897, 2221, 0)","(1897.0, 2221.0, 0)"
2866,955,1,x1,0.0,0.0,0.0,"(4790, 2651, 90)","(4790.0, 2651.0, 90)"
2867,955,2,XRSTR_2,-39370.85570908102,38241.5,1275444.317633897,"(527, 4951, 0)","(527.0, 4951.0, 0)"
2868,956,0,x1,0.0,0.0,0.0,"(2879, 1556, 0)","(2879.0, 1556.0, 0)"
2869,956,1,XRSTR_1,0.0,0.0,0.0,"(2882, 4951, 0)","(2882.0, 4951.0, 0)"
2870,956,2,XRSTR_2,-31841.64479450134,30982.0,738989.172713251,"(2879, 200, 90)","(2879.0, -519.0, 90)"
2871,957,0,XRSTR_2,0.0,0.0,0.0,"(4989, 4951, 90)","(4989.0, 4951.0, 90)"
2872,957,1,XRSTR_1,0.0,0.0,0.0,"(3727, 4951, 0)","(3727.0, 4951.0, 0)"
2873,957,2,x1,-35892.46350015491,34870.0,1045431.6091490255,"(4060, 1219, 0)","(4060.0, 1219.0, 0)"
2874,958,0,XRSTR_1,0.0,0.0,0.0,"(333, 1556, 90)","(333.0, 1556.0, 90)"
2875,958,1,x1,0.0,0.0,0.0,"(2879, 4951, 0)","(2879.0, 4951.0, 0)"
2876,958,2,XRSTR_2,-38151.50824959347,37180.0,943828.2790281641,"(5050, 2221, 0)","(5050.0, 2221.0, 0)"
2877,959,0,XRSTR_1,0.0,0.0,0.0,"(4060, 2500, 90)","(4060.0, 2500.0, 90)"
2878,959,1,x1,0.0,0.0,0.0,"(2446, 4951, 90)","(2446.0, 4951.0, 90)"
2879,959,2,XRSTR_2,-37615.84280437612,36454.0,1349878.7020805783,"(1, 2308, 90)","(1.0, 2308.0, 90)"
2880,960,0,XRSTR_2,0.0,0.0,0.0,"(1209, 5097, 0)","(1162.5, 5097.0, 0)"
2881,960,1,XRSTR_1,0.0,0.0,0.0,"(1084, 4307, 90)","(1050.5, 4307.0, 90)"
2882,960,2,x1,-26031.113155934865,25068.0,927586.9511348138,"(3213, 4951, 0)","(3213.0, 4951.0, 0)"
2883,961,0,XRSTR_1,0.0,0.0,0.0,"(2879, 3672, 0)","(3585.0, 3672.0, 0)"
2884,961,1,x1,0.0,0.0,0.0,"(1510, 2221, 90)","(1510.0, 2221.0, 90)"
2885,961,2,XRSTR_2,-28616.91857301384,27729.5,787511.7237299207,"(527, 1327, 90)","(527.0, 170.5, 90)"
2886,962,0,x1,0.0,0.0,0.0,"(4006, 1793, 0)","(4006.0, 1793.0, 0)"
2887,962,1,XRSTR_2,0.0,0.0,0.0,"(4489, 2221, 0)","(6056.5, 2221.0, 0)"
2888,962,2,XRSTR_1,-29667.571925754204,28729.0,880917.2598139562,"(5017, 200, 0)","(5017.0, -394.0, 0)"
2889,963,0,XRSTR_2,0.0,0.0,0.0,"(2879, 1596, 90)","(2879.0, 1596.0, 90)"
2890,963,1,x1,0.0,0.0,0.0,"(1069, 2221, 0)","(716.5, 2221.0, 0)"
2891,963,2,XRSTR_1,-37092.98997577612,35923.5,1367706.8034408453,"(4865, 3739, 0)","(4865.0, 3739.0, 0)"
2892,964,0,x1,0.0,0.0,0.0,"(893, 200, 90)","(893.0, -551.5, 90)"
2893,964,1,XRSTR_1,0.0,0.0,0.0,"(5050, 4951, 0)","(5050.0, 4951.0, 0)"
2894,964,2,XRSTR_2,-46345.940338611756,45111.5,1523842.9495919084,"(527, 1499, 90)","(527.0, 1499.0, 90)"
2895,965,0,XRSTR_1,0.0,0.0,0.0,"(1815, 4951, 0)","(1815.0, 4951.0, 0)"
2896,965,1,x1,0.0,0.0,0.0,"(4479, 4951, 90)","(4479.0, 4951.0, 90)"
2897,965,2,XRSTR_2,-28321.75157531018,27545.0,603343.0097468469,"(4521, 3811, 0)","(4521.0, 2788.5, 0)"
2898,966,0,XRSTR_1,0.0,0.0,0.0,"(4521, 4951, 90)","(4521.0, 4951.0, 90)"
2899,966,1,XRSTR_2,0.0,0.0,0.0,"(3354, 4951, 0)","(3354.0, 4951.0, 0)"
2900,966,2,x1,-37438.70710548822,36233.5,1452524.1671192811,"(4060, 1219, 0)","(4060.0, 1219.0, 0)"
2901,967,0,XRSTR_2,0.0,0.0,0.0,"(333, 1556, 0)","(333.0, 1556.0, 0)"
2902,967,1,x1,0.0,0.0,0.0,"(527, 1499, 90)","(2408.0, 1499.0, 90)"
2903,967,2,XRSTR_1,-31632.327913191843,30771.0,741885.7740434156,"(565, 4951, 90)","(565.0, 4951.0, 90)"
2904,968,0,XRSTR_2,0.0,0.0,0.0,"(1815, 200, 0)","(1815.0, 145.5, 0)"
2905,968,1,XRSTR_1,0.0,0.0,0.0,"(590, 953, 90)","(590.0, 953.0, 90)"
2906,968,2,x1,-30823.57204578485,29847.5,952716.6385626224,"(2879, 2308, 90)","(2879.0, 2308.0, 90)"
2907,969,0,XRSTR_1,0.0,0.0,0.0,"(3798, 4951, 90)","(3798.0, 5746.5, 90)"
2908,969,1,XRSTR_2,0.0,0.0,0.0,"(1084, 4199, 0)","(1084.0, 4199.0, 0)"
2909,969,2,x1,-32486.881884556882,31592.0,800813.5873080745,"(5050, 3696, 90)","(5050.0, 3696.0, 90)"
2910,970,0,XRSTR_1,0.0,0.0,0.0,"(2771, 4951, 90)","(2771.0, 4951.0, 90)"
2911,970,1,XRSTR_2,0.0,0.0,0.0,"(391, 2308, 0)","(391.0, 2308.0, 0)"
2912,970,2,x1,-37803.66388637665,36676.0,1271625.84063809,"(5050, 2735, 0)","(5050.0, 2735.0, 0)"
2913,971,0,XRSTR_2,0.0,0.0,0.0,"(1084, 200, 0)","(1084.0, 200.0, 0)"
2914,971,1,XRSTR_1,0.0,0.0,0.0,"(4989, 2221, 90)","(4989.0, 2221.0, 90)"
2915,971,2,x1,-45223.1061259999,44004.0,1486219.746450469,"(1481, 4951, 90)","(1481.0, 4951.0, 90)"
2916,972,0,XRSTR_2,0.0,0.0,0.0,"(2070, 2221, 0)","(2070.0, 2221.0, 0)"
2917,972,1,XRSTR_1,0.0,0.0,0.0,"(2879, 2221, 0)","(2879.0, 2221.0, 0)"
2918,972,2,x1,-37657.89896602326,36449.0,1461436.7100521137,"(5096, 4951, 0)","(5096.0, 4951.0, 0)"
2919,973,0,XRSTR_2,0.0,0.0,0.0,"(4521, 2221, 0)","(4521.0, 2221.0, 0)"
2920,973,1,XRSTR_1,0.0,0.0,0.0,"(5050, 4536, 90)","(5050.0, 4536.0, 90)"
2921,973,2,x1,-33546.084442674066,32578.5,936219.6537048838,"(5038, 4796, 0)","(5038.0, 6611.0, 0)"
2922,974,0,XRSTR_1,0.0,0.0,0.0,"(3795, 2221, 90)","(3772.0, 2221.0, 90)"
2923,974,1,XRSTR_2,0.0,0.0,0.0,"(4417, 3176, 0)","(4417.0, 2764.0, 0)"
2924,974,2,x1,-27399.102433606928,26609.0,624261.855591591,"(4417, 4951, 0)","(4417.0, 4951.0, 0)"
2925,975,0,XRSTR_1,0.0,0.0,0.0,"(5050, 4910, 0)","(6571.5, 4910.0, 0)"
2926,975,1,XRSTR_2,0.0,0.0,0.0,"(2879, 4951, 0)","(2470.5, 4951.0, 0)"
2927,975,2,x1,-29105.027073851026,28082.5,1045561.6167583419,"(4521, 5046, 0)","(4521.0, 5046.0, 0)"
2928,976,0,XRSTR_2,0.0,0.0,0.0,"(5050, 2221, 0)","(5050.0, 2221.0, 0)"
2929,976,1,XRSTR_1,0.0,0.0,0.0,"(2350, 200, 0)","(2350.0, 200.0, 0)"
2930,976,2,x1,-46355.983463478304,45066.0,1664057.3360474762,"(1427, 4951, 90)","(1427.0, 4951.0, 90)"
2931,977,0,XRSTR_1,0.0,0.0,0.0,"(527, 1556, 0)","(527.0, 1556.0, 0)"
2932,977,1,XRSTR_2,0.0,0.0,0.0,"(4045, 4951, 90)","(4045.0, 4951.0, 90)"
2933,977,2,x1,-38117.17740825846,37130.0,974519.2353758853,"(5050, 1793, 90)","(5050.0, 1793.0, 90)"
2934,978,0,XRSTR_2,0.0,0.0,0.0,"(4521, 2221, 0)","(2742.5, 2221.0, 0)"
2935,978,1,x1,0.0,0.0,0.0,"(4793, 2221, 0)","(4793.0, 2221.0, 0)"
2936,978,2,XRSTR_1,-27107.68538862621,26044.0,1131426.6059768922,"(4060, 2757, 0)","(2742.5, 2978.0, 0)"
2937,979,0,XRSTR_2,0.0,0.0,0.0,"(1815, 2611, 0)","(1815.0, 2611.0, 0)"
2938,979,1,XRSTR_1,0.0,0.0,0.0,"(3082, 2221, 0)","(2999.5, 2221.0, 0)"
2939,979,2,x1,-32181.06402604493,31018.5,1351555.114653793,"(5050, 1327, 0)","(5050.0, 1327.0, 0)"
2940,980,0,XRSTR_1,0.0,0.0,0.0,"(1815, 2221, 0)","(1815.0, 2221.0, 0)"
2941,980,1,XRSTR_2,0.0,0.0,0.0,"(4790, 3809, 0)","(6768.0, 3809.0, 0)"
2942,980,2,x1,-32420.1184000206,31441.5,957693.97285888,"(4693, 3696, 90)","(4693.0, 3696.0, 90)"
2943,981,0,x1,0.0,0.0,0.0,"(1084, 2221, 0)","(1084.0, 2221.0, 0)"
2944,981,1,XRSTR_1,0.0,0.0,0.0,"(5038, 4951, 90)","(5038.0, 4951.0, 90)"
2945,981,2,XRSTR_2,-40675.00924243928,39556.5,1251062.9254220852,"(1084, 1556, 0)","(1084.0, 34.0, 0)"
2946,982,0,x1,0.0,0.0,0.0,"(2359, 360, 0)","(2359.0, 360.0, 0)"
2947,982,1,XRSTR_2,0.0,0.0,0.0,"(690, 2308, 0)","(690.0, 2547.0, 0)"
2948,982,2,XRSTR_1,-29732.899290141126,28666.0,1138274.0953036386,"(1815, 2172, 0)","(1815.0, 2547.0, 0)"
2949,983,0,XRSTR_2,0.0,0.0,0.0,"(2293, 4951, 0)","(274.0, 4951.0, 0)"
2950,983,1,x1,0.0,0.0,0.0,"(2882, 4951, 90)","(2882.0, 4951.0, 90)"
2951,983,2,XRSTR_1,-27311.98665810544,26498.0,662574.2795736627,"(2879, 4951, 0)","(807.0, 4951.0, 0)"
2952,984,0,XRSTR_1,0.0,0.0,0.0,"(4922, 2221, 90)","(4922.0, 3294.0, 90)"
2953,984,1,x1,0.0,0.0,0.0,"(4045, 1219, 0)","(4045.0, 1219.0, 0)"
2954,984,2,XRSTR_2,-40516.93753960943,39278.0,1534966.2270534674,"(1084, 4951, 0)","(1084.0, 4951.0, 0)"
2955,985,0,XRSTR_1,0.0,0.0,0.0,"(3917, 894, 0)","(3917.0, 894.0, 0)"
2956,985,1,XRSTR_2,0.0,0.0,0.0,"(527, 4536, 0)","(527.0, 4536.0, 0)"
2957,985,2,x1,-38920.60431334985,37754.5,1359799.269613138,"(1815, 128, 0)","(1815.0, 128.0, 0)"
2958,986,0,XRSTR_1,0.0,0.0,0.0,"(2879, 2757, 0)","(2879.0, 2757.0, 0)"
2959,986,1,XRSTR_2,0.0,0.0,0.0,"(1084, 4951, 0)","(1084.0, 4951.0, 0)"
2960,986,2,x1,-42222.55349720572,41033.5,1413848.2192171526,"(4481, 676, 90)","(4481.0, 594.5, 90)"
2961,987,0,x1,0.0,0.0,0.0,"(5050, 2221, 90)","(5050.0, 2221.0, 90)"
2962,987,1,XRSTR_2,0.0,0.0,0.0,"(4865, 329, 0)","(4865.0, 58.5, 0)"
2963,987,2,XRSTR_1,-35103.586271239896,34207.0,803866.941775862,"(527, 1556, 0)","(527.0, 1556.0, 0)"
2964,988,0,XRSTR_1,0.0,0.0,0.0,"(2661, 2221, 90)","(2661.0, 2221.0, 90)"
2965,988,1,x1,0.0,0.0,0.0,"(5050, 4951, 90)","(5050.0, 4951.0, 90)"
2966,988,2,XRSTR_2,-40578.86599303698,39503.5,1156412.0189804218,"(527, 4951, 90)","(527.0, 4951.0, 90)"
2967,989,0,XRSTR_1,0.0,0.0,0.0,"(5050, 3696, 90)","(5050.0, 3696.0, 90)"
2968,989,1,x1,0.0,0.0,0.0,"(1343, 1317, 0)","(1343.0, 1317.0, 0)"
2969,989,2,XRSTR_2,-40157.141360670474,38902.0,1575379.835265725,"(4417, 1295, 90)","(4417.0, 1295.0, 90)"
2970,990,0,XRSTR_2,0.0,0.0,0.0,"(333, 5114, 0)","(333.0, 5114.0, 0)"
2971,990,1,XRSTR_1,0.0,0.0,0.0,"(5050, 4951, 0)","(5050.0, 4951.0, 0)"
2972,990,2,x1,-52681.59449623809,51284.0,1953270.3759149984,"(4561, 200, 0)","(4561.0, 200.0, 0)"
2973,991,0,XRSTR_1,0.0,0.0,0.0,"(565, 5114, 90)","(565.0, 5114.0, 90)"
2974,991,1,x1,0.0,0.0,0.0,"(4538, 2221, 0)","(4538.0, 2221.0, 0)"
2975,991,2,XRSTR_2,-40742.94633289326,39451.5,1667833.630743456,"(1924, 3696, 0)","(1924.0, 3696.0, 0)"
2976,992,0,XRSTR_1,0.0,0.0,0.0,"(1084, 4951, 90)","(1084.0, 4951.0, 90)"
2977,992,1,x1,0.0,0.0,0.0,"(4133, 4951, 0)","(4133.0, 4951.0, 0)"
2978,992,2,XRSTR_2,-32419.32969258318,31343.5,1157409.527443616,"(527, 4558, 0)","(439.0, 4558.0, 0)"
2979,993,0,x1,0.0,0.0,0.0,"(1084, 200, 90)","(1084.0, 200.0, 90)"
2980,993,1,XRSTR_2,0.0,0.0,0.0,"(4698, 2172, 0)","(4698.0, 2172.0, 0)"
2981,993,2,XRSTR_1,-34808.75548723343,33692.5,1246026.3127787476,"(1084, 2221, 0)","(1084.0, 2362.5, 0)"
2982,994,0,XRSTR_1,0.0,0.0,0.0,"(5050, 4951, 0)","(5050.0, 4951.0, 0)"
2983,994,1,XRSTR_2,0.0,0.0,0.0,"(5050, 2057, 0)","(5050.0, 2057.0, 0)"
2984,994,2,x1,-36738.56940701093,35698.5,1081744.3714000694,"(5050, 1556, 0)","(5050.0, -130.0, 0)"
2985,995,0,XRSTR_2,0.0,0.0,0.0,"(2879, 1556, 0)","(2879.0, 1556.0, 0)"
2986,995,1,x1,0.0,0.0,0.0,"(527, 2735, 0)","(527.0, 2735.0, 0)"
2987,995,2,XRSTR_1,-33886.77198429579,32768.5,1250532.2308608426,"(3641, 3796, 90)","(3641.0, 3796.0, 90)"
2988,996,0,x1,0.0,0.0,0.0,"(3912, 2221, 90)","(3912.0, 2221.0, 90)"
2989,996,1,XRSTR_1,0.0,0.0,0.0,"(4521, 4951, 0)","(4521.0, 4951.0, 0)"
2990,996,2,XRSTR_2,-31221.855634291827,30214.5,1014765.3739394889,"(2634, 3585, 0)","(1837.0, 3585.0, 0)"
2991,997,0,XRSTR_2,0.0,0.0,0.0,"(1084, 2308, 90)","(1084.0, 2308.0, 90)"
2992,997,1,XRSTR_1,0.0,0.0,0.0,"(527, 1277, 0)","(527.0, 1277.0, 0)"
2993,997,2,x1,-42876.06227386974,41608.0,1607981.9304117048,"(4721, 4199, 0)","(4721.0, 4199.0, 0)"
2994,998,0,x1,0.0,0.0,0.0,"(4060, 2221, 90)","(4060.0, 2221.0, 90)"
2995,998,1,XRSTR_1,0.0,0.0,0.0,"(2879, 509, 0)","(2879.0, 58.5, 0)"
2996,998,2,XRSTR_2,-29564.527838085396,28624.5,883652.3363755008,"(5050, 1556, 0)","(6135.0, 1556.0, 0)"
2997,999,0,XRSTR_2,0.0,0.0,0.0,"(1653, 2221, 0)","(828.5, 2221.0, 0)"
2998,999,1,x1,0.0,0.0,0.0,"(2879, 1556, 0)","(2879.0, 1556.0, 0)"
2999,999,2,XRSTR_1,-37812.993607465505,36622.5,1417275.0294162317,"(4989, 4951, 0)","(4989.0, 4951.0, 0)"
