,n_placement,n_step,placed_dev,reward,HPWL,congestion,action,legalized_action
0,0,0,x2_x1_x1,0.0,0.0,0.0,"(1122, 2753, 180)","(1122.0, 106.0, 180)"
1,0,1,XC1_x1_x1,0.0,0.0,0.0,"(1122, 2753, 180)","(1122.0, 915.5, 180)"
2,0,2,x1_x1_x1,0.0,0.0,0.0,"(1122, 2753, 180)","(1122.0, 1429.5, 180)"
3,0,3,XC2_x1_x1,0.0,0.0,0.0,"(1122, 2753, 180)","(1122.0, 1943.5, 180)"
4,0,4,x3_x1_x1,-18096.177517497938,17511.5,341847.7994675523,"(1122, 2753, 180)","(1122.0, 2753.0, 180)"
5,1,0,x3_x1_x1,0.0,0.0,0.0,"(1122, 2753, 180)","(1122.0, 175.0, 180)"
6,1,1,x1_x1_x1,0.0,0.0,0.0,"(1122, 2753, 180)","(2312.0, 1679.0, 180)"
7,1,2,x2_x1_x1,0.0,0.0,0.0,"(1122, 2753, 180)","(1122.0, 1383.5, 180)"
8,1,3,XC2_x1_x1,0.0,0.0,0.0,"(1122, 2753, 180)","(1122.0, 2193.0, 180)"
9,1,4,XC1_x1_x1,-22077.612599787546,21220.5,734642.0087145683,"(1122, 2753, 180)","(1122.0, 2753.0, 180)"
10,2,0,x1_x1_x1,0.0,0.0,0.0,"(1122, 2753, 180)","(2312.0, 869.5, 180)"
11,2,1,x2_x1_x1,0.0,0.0,0.0,"(1122, 2753, 180)","(1122.0, 574.0, 180)"
12,2,2,XC1_x1_x1,0.0,0.0,0.0,"(1122, 2753, 180)","(1122.0, 1383.5, 180)"
13,2,3,XC2_x1_x1,0.0,0.0,0.0,"(1122, 2753, 180)","(1122.0, 1943.5, 180)"
14,2,4,x3_x1_x1,-21284.28250650353,20467.0,667950.6954366922,"(1122, 2753, 180)","(1122.0, 2753.0, 180)"
15,3,0,x2_x1_x1,0.0,0.0,0.0,"(1122, 2753, 180)","(1122.0, -293.0, 180)"
16,3,1,x3_x1_x1,0.0,0.0,0.0,"(1122, 2753, 180)","(1122.0, 915.5, 180)"
17,3,2,XC1_x1_x1,0.0,0.0,0.0,"(1122, 2753, 180)","(1122.0, 1725.0, 180)"
18,3,3,x1_x1_x1,0.0,0.0,0.0,"(1122, 2753, 180)","(1122.0, 2239.0, 180)"
19,3,4,XC2_x1_x1,-21261.047869551912,20413.0,719185.1890515388,"(1122, 2753, 180)","(1122.0, 2753.0, 180)"
20,4,0,XC1_x1_x1,0.0,0.0,0.0,"(1122, 2753, 180)","(2107.0, 1725.0, 180)"
21,4,1,x2_x1_x1,0.0,0.0,0.0,"(1122, 2753, 180)","(1122.0, 147.0, 180)"
22,4,2,x3_x1_x1,0.0,0.0,0.0,"(1122, 2753, 180)","(1122.0, 1355.5, 180)"
23,4,3,x1_x1_x1,0.0,0.0,0.0,"(1122, 2753, 180)","(1122.0, 2239.0, 180)"
24,4,4,XC2_x1_x1,-19916.18644336301,19097.0,671066.4289897394,"(1122, 2753, 180)","(1122.0, 2753.0, 180)"
25,5,0,x1_x1_x1,0.0,0.0,0.0,"(1122, 2753, 180)","(2312.0, 869.5, 180)"
26,5,1,XC1_x1_x1,0.0,0.0,0.0,"(1122, 2753, 180)","(2107.0, 1383.5, 180)"
27,5,2,XC2_x1_x1,0.0,0.0,0.0,"(1122, 2753, 180)","(2107.0, 1943.5, 180)"
28,5,3,x3_x1_x1,0.0,0.0,0.0,"(1122, 2753, 180)","(1122.0, 1544.5, 180)"
29,5,4,x2_x1_x1,-20391.1284947818,19509.0,778150.6813060034,"(1122, 2753, 180)","(1122.0, 2753.0, 180)"
30,6,0,x1_x1_x1,0.0,0.0,0.0,"(1122, 2753, 180)","(2312.0, 869.5, 180)"
31,6,1,x2_x1_x1,0.0,0.0,0.0,"(1122, 2753, 180)","(1122.0, 574.0, 180)"
32,6,2,XC1_x1_x1,0.0,0.0,0.0,"(1122, 2753, 180)","(1122.0, 1383.5, 180)"
33,6,3,XC2_x1_x1,0.0,0.0,0.0,"(1122, 2753, 180)","(1122.0, 1943.5, 180)"
34,6,4,x3_x1_x1,-21284.28250650353,20467.0,667950.6954366922,"(1122, 2753, 180)","(1122.0, 2753.0, 180)"
35,7,0,x2_x1_x1,0.0,0.0,0.0,"(1122, 2753, 180)","(1122.0, 106.0, 180)"
36,7,1,XC2_x1_x1,0.0,0.0,0.0,"(1122, 2753, 180)","(1122.0, 915.5, 180)"
37,7,2,x1_x1_x1,0.0,0.0,0.0,"(1122, 2753, 180)","(1122.0, 1429.5, 180)"
38,7,3,XC1_x1_x1,0.0,0.0,0.0,"(1122, 2753, 180)","(1122.0, 1943.5, 180)"
39,7,4,x3_x1_x1,-21238.72108611202,20388.0,723726.3663556107,"(1122, 2753, 180)","(1122.0, 2753.0, 180)"
40,8,0,XC2_x1_x1,0.0,0.0,0.0,"(1122, 2753, 180)","(2107.0, 766.0, 180)"
41,8,1,XC1_x1_x1,0.0,0.0,0.0,"(1122, 2753, 180)","(2107.0, 1326.0, 180)"
42,8,2,x1_x1_x1,0.0,0.0,0.0,"(1122, 2753, 180)","(2312.0, 1840.0, 180)"
43,8,3,x3_x1_x1,0.0,0.0,0.0,"(1122, 2753, 180)","(1122.0, 1544.5, 180)"
44,8,4,x2_x1_x1,-19239.7591979927,18435.5,646832.8575558584,"(1122, 2753, 180)","(1122.0, 2753.0, 180)"
45,9,0,x3_x1_x1,0.0,0.0,0.0,"(1122, 2753, 180)","(1122.0, 106.0, 180)"
46,9,1,XC2_x1_x1,0.0,0.0,0.0,"(1122, 2753, 180)","(1122.0, 915.5, 180)"
47,9,2,x1_x1_x1,0.0,0.0,0.0,"(1122, 2753, 180)","(1122.0, 1429.5, 180)"
48,9,3,XC1_x1_x1,0.0,0.0,0.0,"(1122, 2753, 180)","(1122.0, 1943.5, 180)"
49,9,4,x2_x1_x1,-18096.177517497938,17511.5,341847.79946755234,"(1122, 2753, 180)","(1122.0, 2753.0, 180)"
50,10,0,x2_x1_x1,0.0,0.0,0.0,"(1122, 2753, 180)","(1122.0, 106.0, 180)"
51,10,1,XC2_x1_x1,0.0,0.0,0.0,"(1122, 2753, 180)","(1122.0, 915.5, 180)"
52,10,2,x1_x1_x1,0.0,0.0,0.0,"(1122, 2753, 180)","(1122.0, 1429.5, 180)"
53,10,3,XC1_x1_x1,0.0,0.0,0.0,"(1122, 2753, 180)","(1122.0, 1943.5, 180)"
54,10,4,x3_x1_x1,-21238.72108611202,20388.0,723726.3663556107,"(1122, 2753, 180)","(1122.0, 2753.0, 180)"
55,11,0,x2_x1_x1,0.0,0.0,0.0,"(1122, 2753, 180)","(1122.0, -43.5, 180)"
56,11,1,XC2_x1_x1,0.0,0.0,0.0,"(1122, 2753, 180)","(1122.0, 766.0, 180)"
57,11,2,XC1_x1_x1,0.0,0.0,0.0,"(1122, 2753, 180)","(1122.0, 1326.0, 180)"
58,11,3,x1_x1_x1,0.0,0.0,0.0,"(1122, 2753, 180)","(1122.0, 1840.0, 180)"
59,11,4,x3_x1_x1,-21620.857688064032,20794.5,682867.0286225305,"(1122, 2753, 180)","(1122.0, 2753.0, 180)"
60,12,0,XC1_x1_x1,0.0,0.0,0.0,"(1122, 2753, 180)","(2107.0, 1679.0, 180)"
61,12,1,x3_x1_x1,0.0,0.0,0.0,"(1122, 2753, 180)","(1122.0, 221.0, 180)"
62,12,2,x2_x1_x1,0.0,0.0,0.0,"(1122, 2753, 180)","(1122.0, 1429.5, 180)"
63,12,3,XC2_x1_x1,0.0,0.0,0.0,"(1122, 2753, 180)","(1122.0, 2239.0, 180)"
64,12,4,x1_x1_x1,-20693.530683943576,19880.5,661018.8930337611,"(1122, 2753, 180)","(1122.0, 2753.0, 180)"
65,13,0,x3_x1_x1,0.0,0.0,0.0,"(1122, 2753, 180)","(1122.0, 221.0, 180)"
66,13,1,XC2_x1_x1,0.0,0.0,0.0,"(1122, 2753, 180)","(2107.0, 1679.0, 180)"
67,13,2,x2_x1_x1,0.0,0.0,0.0,"(1122, 2753, 180)","(1122.0, 1429.5, 180)"
68,13,3,XC1_x1_x1,0.0,0.0,0.0,"(1122, 2753, 180)","(1122.0, 2239.0, 180)"
69,13,4,x1_x1_x1,-20549.829262413845,19716.0,695271.238857618,"(1122, 2753, 180)","(1122.0, 2753.0, 180)"
70,14,0,x1_x1_x1,0.0,0.0,0.0,"(1122, 2753, 180)","(2312.0, 1679.0, 180)"
71,14,1,x3_x1_x1,0.0,0.0,0.0,"(1122, 2753, 180)","(1122.0, 735.0, 180)"
72,14,2,XC2_x1_x1,0.0,0.0,0.0,"(1122, 2753, 180)","(2107.0, 2193.0, 180)"
73,14,3,x2_x1_x1,0.0,0.0,0.0,"(1122, 2753, 180)","(1122.0, 1943.5, 180)"
74,14,4,XC1_x1_x1,-19540.305037458576,18759.5,609656.5065206866,"(1122, 2753, 180)","(1122.0, 2753.0, 180)"
75,15,0,x2_x1_x1,0.0,0.0,0.0,"(1122, 2753, 180)","(1122.0, -43.5, 180)"
76,15,1,XC2_x1_x1,0.0,0.0,0.0,"(1122, 2753, 180)","(1122.0, 766.0, 180)"
77,15,2,XC1_x1_x1,0.0,0.0,0.0,"(1122, 2753, 180)","(1122.0, 1326.0, 180)"
78,15,3,x1_x1_x1,0.0,0.0,0.0,"(1122, 2753, 180)","(1122.0, 1840.0, 180)"
79,15,4,x3_x1_x1,-21620.857688064032,20794.5,682867.0286225305,"(1122, 2753, 180)","(1122.0, 2753.0, 180)"
80,16,0,x2_x1_x1,0.0,0.0,0.0,"(1122, 2753, 180)","(1122.0, 735.0, 180)"
81,16,1,x1_x1_x1,0.0,0.0,0.0,"(1122, 2753, 180)","(2312.0, 1679.0, 180)"
82,16,2,XC1_x1_x1,0.0,0.0,0.0,"(1122, 2753, 180)","(2107.0, 2193.0, 180)"
83,16,3,x3_x1_x1,0.0,0.0,0.0,"(1122, 2753, 180)","(1122.0, 1943.5, 180)"
84,16,4,XC2_x1_x1,-19646.437333886788,18867.0,607522.5574565437,"(1122, 2753, 180)","(1122.0, 2753.0, 180)"
85,17,0,XC2_x1_x1,0.0,0.0,0.0,"(1122, 2753, 180)","(2107.0, 766.0, 180)"
86,17,1,XC1_x1_x1,0.0,0.0,0.0,"(1122, 2753, 180)","(2107.0, 1326.0, 180)"
87,17,2,x3_x1_x1,0.0,0.0,0.0,"(1122, 2753, 180)","(1122.0, 956.5, 180)"
88,17,3,x1_x1_x1,0.0,0.0,0.0,"(1122, 2753, 180)","(1122.0, 1840.0, 180)"
89,17,4,x2_x1_x1,-18087.131749120934,17367.0,518589.73609197384,"(1122, 2753, 180)","(1122.0, 2753.0, 180)"
90,18,0,XC1_x1_x1,0.0,0.0,0.0,"(1122, 2753, 180)","(2107.0, 915.5, 180)"
91,18,1,x1_x1_x1,0.0,0.0,0.0,"(1122, 2753, 180)","(2312.0, 1429.5, 180)"
92,18,2,XC2_x1_x1,0.0,0.0,0.0,"(1122, 2753, 180)","(2107.0, 1943.5, 180)"
93,18,3,x3_x1_x1,0.0,0.0,0.0,"(1122, 2753, 180)","(1122.0, 1544.5, 180)"
94,18,4,x2_x1_x1,-19702.65285136411,18801.0,812977.8643730313,"(1122, 2753, 180)","(1122.0, 2753.0, 180)"
95,19,0,XC1_x1_x1,0.0,0.0,0.0,"(1122, 2753, 180)","(2107.0, 766.0, 180)"
96,19,1,x3_x1_x1,0.0,0.0,0.0,"(1122, 2753, 180)","(1122.0, 516.5, 180)"
97,19,2,XC2_x1_x1,0.0,0.0,0.0,"(1122, 2753, 180)","(1122.0, 1326.0, 180)"
98,19,3,x1_x1_x1,0.0,0.0,0.0,"(1122, 2753, 180)","(1122.0, 1840.0, 180)"
99,19,4,x2_x1_x1,-20163.02803471706,19318.5,713227.6014230611,"(1122, 2753, 180)","(1122.0, 2753.0, 180)"
100,20,0,XC1_x1_x1,0.0,0.0,0.0,"(1122, 2753, 180)","(2107.0, 915.5, 180)"
101,20,1,x3_x1_x1,0.0,0.0,0.0,"(1122, 2753, 180)","(1122.0, 546.0, 180)"
102,20,2,x1_x1_x1,0.0,0.0,0.0,"(1122, 2753, 180)","(1122.0, 1429.5, 180)"
103,20,3,XC2_x1_x1,0.0,0.0,0.0,"(1122, 2753, 180)","(1122.0, 1943.5, 180)"
104,20,4,x2_x1_x1,-20390.694665155086,19512.0,772104.3145720069,"(1122, 2753, 180)","(1122.0, 2753.0, 180)"
105,21,0,XC1_x1_x1,0.0,0.0,0.0,"(1122, 2753, 180)","(2107.0, 915.5, 180)"
106,21,1,x2_x1_x1,0.0,0.0,0.0,"(1122, 2753, 180)","(1122.0, 546.0, 180)"
107,21,2,x1_x1_x1,0.0,0.0,0.0,"(1122, 2753, 180)","(1122.0, 1429.5, 180)"
108,21,3,XC2_x1_x1,0.0,0.0,0.0,"(1122, 2753, 180)","(1122.0, 1943.5, 180)"
109,21,4,x3_x1_x1,-17243.514627705572,16680.0,317548.73563814955,"(1122, 2753, 180)","(1122.0, 2753.0, 180)"
110,22,0,x1_x1_x1,0.0,0.0,0.0,"(1122, 2753, 180)","(2312.0, 869.5, 180)"
111,22,1,XC1_x1_x1,0.0,0.0,0.0,"(1122, 2753, 180)","(2107.0, 1383.5, 180)"
112,22,2,x3_x1_x1,0.0,0.0,0.0,"(1122, 2753, 180)","(1122.0, 1134.0, 180)"
113,22,3,XC2_x1_x1,0.0,0.0,0.0,"(1122, 2753, 180)","(1122.0, 1943.5, 180)"
114,22,4,x2_x1_x1,-21279.097840830567,20353.5,856731.3629502063,"(1122, 2753, 180)","(1122.0, 2753.0, 180)"
115,23,0,XC2_x1_x1,0.0,0.0,0.0,"(1122, 2753, 180)","(2107.0, 766.0, 180)"
116,23,1,x2_x1_x1,0.0,0.0,0.0,"(1122, 2753, 180)","(1122.0, 516.5, 180)"
117,23,2,XC1_x1_x1,0.0,0.0,0.0,"(1122, 2753, 180)","(1122.0, 1326.0, 180)"
118,23,3,x1_x1_x1,0.0,0.0,0.0,"(1122, 2753, 180)","(1122.0, 1840.0, 180)"
119,23,4,x3_x1_x1,-20163.02803471706,19318.5,713227.6014230608,"(1122, 2753, 180)","(1122.0, 2753.0, 180)"
120,24,0,XC2_x1_x1,0.0,0.0,0.0,"(1122, 2753, 180)","(2107.0, 915.5, 180)"
121,24,1,x1_x1_x1,0.0,0.0,0.0,"(1122, 2753, 180)","(2312.0, 1429.5, 180)"
122,24,2,x2_x1_x1,0.0,0.0,0.0,"(1122, 2753, 180)","(1122.0, 1134.0, 180)"
123,24,3,XC1_x1_x1,0.0,0.0,0.0,"(1122, 2753, 180)","(1122.0, 1943.5, 180)"
124,24,4,x3_x1_x1,-20909.301002972268,19981.5,860814.7011163483,"(1122, 2753, 180)","(1122.0, 2753.0, 180)"
125,25,0,x1_x1_x1,0.0,0.0,0.0,"(1122, 2753, 180)","(2312.0, 869.5, 180)"
126,25,1,x2_x1_x1,0.0,0.0,0.0,"(1122, 2753, 180)","(1122.0, 574.0, 180)"
127,25,2,XC1_x1_x1,0.0,0.0,0.0,"(1122, 2753, 180)","(1122.0, 1383.5, 180)"
128,25,3,XC2_x1_x1,0.0,0.0,0.0,"(1122, 2753, 180)","(1122.0, 1943.5, 180)"
129,25,4,x3_x1_x1,-21284.28250650353,20467.0,667950.6954366922,"(1122, 2753, 180)","(1122.0, 2753.0, 180)"
130,26,0,XC1_x1_x1,0.0,0.0,0.0,"(1122, 2753, 180)","(2107.0, 1725.0, 180)"
131,26,1,x1_x1_x1,0.0,0.0,0.0,"(1122, 2753, 180)","(2312.0, 2239.0, 180)"
132,26,2,x3_x1_x1,0.0,0.0,0.0,"(1122, 2753, 180)","(1122.0, 735.0, 180)"
133,26,3,x2_x1_x1,0.0,0.0,0.0,"(1122, 2753, 180)","(1122.0, 1943.5, 180)"
134,26,4,XC2_x1_x1,-20364.900710932572,19511.0,729146.4241311512,"(1122, 2753, 180)","(1122.0, 2753.0, 180)"
135,27,0,x1_x1_x1,0.0,0.0,0.0,"(1122, 2753, 180)","(2312.0, 1679.0, 180)"
136,27,1,x2_x1_x1,0.0,0.0,0.0,"(1122, 2753, 180)","(1122.0, 175.0, 180)"
137,27,2,x3_x1_x1,0.0,0.0,0.0,"(1122, 2753, 180)","(1122.0, 1383.5, 180)"
138,27,3,XC2_x1_x1,0.0,0.0,0.0,"(1122, 2753, 180)","(1122.0, 2193.0, 180)"
139,27,4,XC1_x1_x1,-22082.961981952067,21220.5,743840.6703126841,"(1122, 2753, 180)","(1122.0, 2753.0, 180)"
140,28,0,XC2_x1_x1,0.0,0.0,0.0,"(1122, 2753, 180)","(2107.0, 766.0, 180)"
141,28,1,XC1_x1_x1,0.0,0.0,0.0,"(1122, 2753, 180)","(2107.0, 1326.0, 180)"
142,28,2,x3_x1_x1,0.0,0.0,0.0,"(1122, 2753, 180)","(1122.0, 956.5, 180)"
143,28,3,x1_x1_x1,0.0,0.0,0.0,"(1122, 2753, 180)","(1122.0, 1840.0, 180)"
144,28,4,x2_x1_x1,-18087.131749120934,17367.0,518589.73609197384,"(1122, 2753, 180)","(1122.0, 2753.0, 180)"
145,29,0,XC1_x1_x1,0.0,0.0,0.0,"(1122, 2753, 180)","(2107.0, 1725.0, 180)"
146,29,1,x1_x1_x1,0.0,0.0,0.0,"(1122, 2753, 180)","(2312.0, 2239.0, 180)"
147,29,2,x2_x1_x1,0.0,0.0,0.0,"(1122, 2753, 180)","(1122.0, 735.0, 180)"
148,29,3,x3_x1_x1,0.0,0.0,0.0,"(1122, 2753, 180)","(1122.0, 1943.5, 180)"
149,29,4,XC2_x1_x1,-19863.41768742146,19086.0,604378.260715732,"(1122, 2753, 180)","(1122.0, 2753.0, 180)"
150,30,0,x1_x1_x1,0.0,0.0,0.0,"(1122, 2753, 180)","(2312.0, 1679.0, 180)"
151,30,1,XC1_x1_x1,0.0,0.0,0.0,"(1122, 2753, 180)","(2107.0, 2193.0, 180)"
152,30,2,x2_x1_x1,0.0,0.0,0.0,"(1122, 2753, 180)","(1122.0, 735.0, 180)"
153,30,3,x3_x1_x1,0.0,0.0,0.0,"(1122, 2753, 180)","(1122.0, 1943.5, 180)"
154,30,4,XC2_x1_x1,-19646.437333886788,18867.0,607522.5574565437,"(1122, 2753, 180)","(1122.0, 2753.0, 180)"
155,31,0,x2_x1_x1,0.0,0.0,0.0,"(1122, 2753, 180)","(1122.0, -339.0, 180)"
156,31,1,x3_x1_x1,0.0,0.0,0.0,"(1122, 2753, 180)","(1122.0, 869.5, 180)"
157,31,2,XC2_x1_x1,0.0,0.0,0.0,"(1122, 2753, 180)","(1122.0, 1679.0, 180)"
158,31,3,XC1_x1_x1,0.0,0.0,0.0,"(1122, 2753, 180)","(1122.0, 2239.0, 180)"
159,31,4,x1_x1_x1,-22639.314660168395,21752.0,787327.3061497508,"(1122, 2753, 180)","(1122.0, 2753.0, 180)"
160,32,0,x1_x1_x1,0.0,0.0,0.0,"(1122, 2753, 180)","(2312.0, 1679.0, 180)"
161,32,1,XC2_x1_x1,0.0,0.0,0.0,"(1122, 2753, 180)","(2107.0, 2193.0, 180)"
162,32,2,x3_x1_x1,0.0,0.0,0.0,"(1122, 2753, 180)","(1122.0, 735.0, 180)"
163,32,3,x2_x1_x1,0.0,0.0,0.0,"(1122, 2753, 180)","(1122.0, 1943.5, 180)"
164,32,4,XC1_x1_x1,-19540.305037458576,18759.5,609656.5065206866,"(1122, 2753, 180)","(1122.0, 2753.0, 180)"
165,33,0,XC2_x1_x1,0.0,0.0,0.0,"(1122, 2753, 180)","(2107.0, 1679.0, 180)"
166,33,1,XC1_x1_x1,0.0,0.0,0.0,"(1122, 2753, 180)","(2107.0, 2239.0, 180)"
167,33,2,x3_x1_x1,0.0,0.0,0.0,"(1122, 2753, 180)","(1122.0, 661.0, 180)"
168,33,3,x2_x1_x1,0.0,0.0,0.0,"(1122, 2753, 180)","(1122.0, 1869.5, 180)"
169,33,4,x1_x1_x1,-19225.43232269943,18444.5,609855.2926367288,"(1122, 2753, 180)","(1122.0, 2753.0, 180)"
170,34,0,x2_x1_x1,0.0,0.0,0.0,"(1122, 2753, 180)","(1122.0, 147.0, 180)"
171,34,1,XC2_x1_x1,0.0,0.0,0.0,"(1122, 2753, 180)","(2107.0, 1725.0, 180)"
172,34,2,x3_x1_x1,0.0,0.0,0.0,"(1122, 2753, 180)","(1122.0, 1355.5, 180)"
173,34,3,x1_x1_x1,0.0,0.0,0.0,"(1122, 2753, 180)","(1122.0, 2239.0, 180)"
174,34,4,XC1_x1_x1,-19932.433005170733,19141.5,625575.0186684054,"(1122, 2753, 180)","(1122.0, 2753.0, 180)"
175,35,0,XC1_x1_x1,0.0,0.0,0.0,"(1122, 2753, 180)","(2107.0, 1679.0, 180)"
176,35,1,x2_x1_x1,0.0,0.0,0.0,"(1122, 2753, 180)","(1122.0, 661.0, 180)"
177,35,2,XC2_x1_x1,0.0,0.0,0.0,"(1122, 2753, 180)","(2107.0, 2239.0, 180)"
178,35,3,x3_x1_x1,0.0,0.0,0.0,"(1122, 2753, 180)","(1122.0, 1869.5, 180)"
179,35,4,x1_x1_x1,-19225.43232269943,18444.5,609855.292636729,"(1122, 2753, 180)","(1122.0, 2753.0, 180)"
180,36,0,x2_x1_x1,0.0,0.0,0.0,"(1122, 2753, 180)","(1122.0, -14.0, 180)"
181,36,1,x1_x1_x1,0.0,0.0,0.0,"(1122, 2753, 180)","(1122.0, 869.5, 180)"
182,36,2,XC1_x1_x1,0.0,0.0,0.0,"(1122, 2753, 180)","(1122.0, 1383.5, 180)"
183,36,3,XC2_x1_x1,0.0,0.0,0.0,"(1122, 2753, 180)","(1122.0, 1943.5, 180)"
184,36,4,x3_x1_x1,-19696.022708182423,19012.5,467203.29260103626,"(1122, 2753, 180)","(1122.0, 2753.0, 180)"
185,37,0,XC2_x1_x1,0.0,0.0,0.0,"(1122, 2753, 180)","(2107.0, 766.0, 180)"
186,37,1,XC1_x1_x1,0.0,0.0,0.0,"(1122, 2753, 180)","(2107.0, 1326.0, 180)"
187,37,2,x3_x1_x1,0.0,0.0,0.0,"(1122, 2753, 180)","(1122.0, 956.5, 180)"
188,37,3,x1_x1_x1,0.0,0.0,0.0,"(1122, 2753, 180)","(1122.0, 1840.0, 180)"
189,37,4,x2_x1_x1,-18087.131749120934,17367.0,518589.73609197384,"(1122, 2753, 180)","(1122.0, 2753.0, 180)"
190,38,0,x3_x1_x1,0.0,0.0,0.0,"(1122, 2753, 180)","(1122.0, -339.0, 180)"
191,38,1,x2_x1_x1,0.0,0.0,0.0,"(1122, 2753, 180)","(1122.0, 869.5, 180)"
192,38,2,XC2_x1_x1,0.0,0.0,0.0,"(1122, 2753, 180)","(1122.0, 1679.0, 180)"
193,38,3,XC1_x1_x1,0.0,0.0,0.0,"(1122, 2753, 180)","(1122.0, 2239.0, 180)"
194,38,4,x1_x1_x1,-22636.734097699136,21752.0,782754.4236315044,"(1122, 2753, 180)","(1122.0, 2753.0, 180)"
195,39,0,x3_x1_x1,0.0,0.0,0.0,"(1122, 2753, 180)","(1122.0, 147.0, 180)"
196,39,1,XC1_x1_x1,0.0,0.0,0.0,"(1122, 2753, 180)","(2107.0, 1725.0, 180)"
197,39,2,x2_x1_x1,0.0,0.0,0.0,"(1122, 2753, 180)","(1122.0, 1355.5, 180)"
198,39,3,x1_x1_x1,0.0,0.0,0.0,"(1122, 2753, 180)","(1122.0, 2239.0, 180)"
199,39,4,XC2_x1_x1,-19932.433005170733,19141.5,625575.0186684054,"(1122, 2753, 180)","(1122.0, 2753.0, 180)"
200,40,0,XC1_x1_x1,0.0,0.0,0.0,"(1122, 2753, 180)","(2107.0, 1725.0, 180)"
201,40,1,x3_x1_x1,0.0,0.0,0.0,"(1122, 2753, 180)","(1122.0, 735.0, 180)"
202,40,2,x1_x1_x1,0.0,0.0,0.0,"(1122, 2753, 180)","(2312.0, 2239.0, 180)"
203,40,3,x2_x1_x1,0.0,0.0,0.0,"(1122, 2753, 180)","(1122.0, 1943.5, 180)"
204,40,4,XC2_x1_x1,-20364.900710932572,19511.0,729146.4241311512,"(1122, 2753, 180)","(1122.0, 2753.0, 180)"
205,41,0,x2_x1_x1,0.0,0.0,0.0,"(1122, 2753, 180)","(1122.0, 175.0, 180)"
206,41,1,x1_x1_x1,0.0,0.0,0.0,"(1122, 2753, 180)","(2312.0, 1679.0, 180)"
207,41,2,x3_x1_x1,0.0,0.0,0.0,"(1122, 2753, 180)","(1122.0, 1383.5, 180)"
208,41,3,XC2_x1_x1,0.0,0.0,0.0,"(1122, 2753, 180)","(1122.0, 2193.0, 180)"
209,41,4,XC1_x1_x1,-22082.961981952067,21220.5,743840.6703126841,"(1122, 2753, 180)","(1122.0, 2753.0, 180)"
210,42,0,XC1_x1_x1,0.0,0.0,0.0,"(1122, 2753, 180)","(2107.0, 915.5, 180)"
211,42,1,x1_x1_x1,0.0,0.0,0.0,"(1122, 2753, 180)","(2312.0, 1429.5, 180)"
212,42,2,XC2_x1_x1,0.0,0.0,0.0,"(1122, 2753, 180)","(2107.0, 1943.5, 180)"
213,42,3,x2_x1_x1,0.0,0.0,0.0,"(1122, 2753, 180)","(1122.0, 1544.5, 180)"
214,42,4,x3_x1_x1,-18288.602726240908,17542.0,557415.6308303536,"(1122, 2753, 180)","(1122.0, 2753.0, 180)"
215,43,0,x3_x1_x1,0.0,0.0,0.0,"(1122, 2753, 180)","(1122.0, 735.0, 180)"
216,43,1,x1_x1_x1,0.0,0.0,0.0,"(1122, 2753, 180)","(2312.0, 1679.0, 180)"
217,43,2,XC2_x1_x1,0.0,0.0,0.0,"(1122, 2753, 180)","(2107.0, 2193.0, 180)"
218,43,3,x2_x1_x1,0.0,0.0,0.0,"(1122, 2753, 180)","(1122.0, 1943.5, 180)"
219,43,4,XC1_x1_x1,-19540.305037458576,18759.5,609656.5065206866,"(1122, 2753, 180)","(1122.0, 2753.0, 180)"
220,44,0,XC2_x1_x1,0.0,0.0,0.0,"(1122, 2753, 180)","(2107.0, 915.5, 180)"
221,44,1,x2_x1_x1,0.0,0.0,0.0,"(1122, 2753, 180)","(1122.0, 546.0, 180)"
222,44,2,x1_x1_x1,0.0,0.0,0.0,"(1122, 2753, 180)","(1122.0, 1429.5, 180)"
223,44,3,XC1_x1_x1,0.0,0.0,0.0,"(1122, 2753, 180)","(1122.0, 1943.5, 180)"
224,44,4,x3_x1_x1,-20390.694665155086,19512.0,772104.3145720068,"(1122, 2753, 180)","(1122.0, 2753.0, 180)"
225,45,0,XC2_x1_x1,0.0,0.0,0.0,"(1122, 2753, 180)","(2107.0, 915.5, 180)"
226,45,1,x1_x1_x1,0.0,0.0,0.0,"(1122, 2753, 180)","(2312.0, 1429.5, 180)"
227,45,2,x2_x1_x1,0.0,0.0,0.0,"(1122, 2753, 180)","(1122.0, 1134.0, 180)"
228,45,3,XC1_x1_x1,0.0,0.0,0.0,"(1122, 2753, 180)","(1122.0, 1943.5, 180)"
229,45,4,x3_x1_x1,-20909.301002972268,19981.5,860814.7011163483,"(1122, 2753, 180)","(1122.0, 2753.0, 180)"
230,46,0,x3_x1_x1,0.0,0.0,0.0,"(1122, 2753, 180)","(1122.0, 221.0, 180)"
231,46,1,XC1_x1_x1,0.0,0.0,0.0,"(1122, 2753, 180)","(2107.0, 1679.0, 180)"
232,46,2,x2_x1_x1,0.0,0.0,0.0,"(1122, 2753, 180)","(1122.0, 1429.5, 180)"
233,46,3,XC2_x1_x1,0.0,0.0,0.0,"(1122, 2753, 180)","(1122.0, 2239.0, 180)"
234,46,4,x1_x1_x1,-20693.530683943576,19880.5,661018.8930337611,"(1122, 2753, 180)","(1122.0, 2753.0, 180)"
235,47,0,x2_x1_x1,0.0,0.0,0.0,"(1122, 2753, 180)","(1122.0, 147.0, 180)"
236,47,1,XC2_x1_x1,0.0,0.0,0.0,"(1122, 2753, 180)","(2107.0, 1725.0, 180)"
237,47,2,x3_x1_x1,0.0,0.0,0.0,"(1122, 2753, 180)","(1122.0, 1355.5, 180)"
238,47,3,x1_x1_x1,0.0,0.0,0.0,"(1122, 2753, 180)","(1122.0, 2239.0, 180)"
239,47,4,XC1_x1_x1,-19932.433005170733,19141.5,625575.0186684054,"(1122, 2753, 180)","(1122.0, 2753.0, 180)"
240,48,0,x2_x1_x1,0.0,0.0,0.0,"(1122, 2753, 180)","(1122.0, 175.0, 180)"
241,48,1,x1_x1_x1,0.0,0.0,0.0,"(1122, 2753, 180)","(2312.0, 1679.0, 180)"
242,48,2,x3_x1_x1,0.0,0.0,0.0,"(1122, 2753, 180)","(1122.0, 1383.5, 180)"
243,48,3,XC2_x1_x1,0.0,0.0,0.0,"(1122, 2753, 180)","(1122.0, 2193.0, 180)"
244,48,4,XC1_x1_x1,-22082.961981952067,21220.5,743840.6703126841,"(1122, 2753, 180)","(1122.0, 2753.0, 180)"
245,49,0,x2_x1_x1,0.0,0.0,0.0,"(1122, 2753, 180)","(1122.0, 221.0, 180)"
246,49,1,XC1_x1_x1,0.0,0.0,0.0,"(1122, 2753, 180)","(2107.0, 1679.0, 180)"
247,49,2,x3_x1_x1,0.0,0.0,0.0,"(1122, 2753, 180)","(1122.0, 1429.5, 180)"
248,49,3,XC2_x1_x1,0.0,0.0,0.0,"(1122, 2753, 180)","(1122.0, 2239.0, 180)"
249,49,4,x1_x1_x1,-20549.829262413845,19716.0,695271.2388576181,"(1122, 2753, 180)","(1122.0, 2753.0, 180)"
250,50,0,x2_x1_x1,0.0,0.0,0.0,"(1122, 2753, 180)","(1122.0, 221.0, 180)"
251,50,1,XC2_x1_x1,0.0,0.0,0.0,"(1122, 2753, 180)","(2107.0, 1679.0, 180)"
252,50,2,x3_x1_x1,0.0,0.0,0.0,"(1122, 2753, 180)","(1122.0, 1429.5, 180)"
253,50,3,XC1_x1_x1,0.0,0.0,0.0,"(1122, 2753, 180)","(1122.0, 2239.0, 180)"
254,50,4,x1_x1_x1,-20693.530683943576,19880.5,661018.8930337611,"(1122, 2753, 180)","(1122.0, 2753.0, 180)"
255,51,0,XC1_x1_x1,0.0,0.0,0.0,"(1122, 2753, 180)","(2107.0, 915.5, 180)"
256,51,1,x1_x1_x1,0.0,0.0,0.0,"(1122, 2753, 180)","(2312.0, 1429.5, 180)"
257,51,2,XC2_x1_x1,0.0,0.0,0.0,"(1122, 2753, 180)","(2107.0, 1943.5, 180)"
258,51,3,x2_x1_x1,0.0,0.0,0.0,"(1122, 2753, 180)","(1122.0, 1544.5, 180)"
259,51,4,x3_x1_x1,-18288.602726240908,17542.0,557415.6308303536,"(1122, 2753, 180)","(1122.0, 2753.0, 180)"
260,52,0,x3_x1_x1,0.0,0.0,0.0,"(1122, 2753, 180)","(1122.0, 221.0, 180)"
261,52,1,XC1_x1_x1,0.0,0.0,0.0,"(1122, 2753, 180)","(2107.0, 1679.0, 180)"
262,52,2,x2_x1_x1,0.0,0.0,0.0,"(1122, 2753, 180)","(1122.0, 1429.5, 180)"
263,52,3,XC2_x1_x1,0.0,0.0,0.0,"(1122, 2753, 180)","(1122.0, 2239.0, 180)"
264,52,4,x1_x1_x1,-20693.530683943576,19880.5,661018.8930337611,"(1122, 2753, 180)","(1122.0, 2753.0, 180)"
265,53,0,x3_x1_x1,0.0,0.0,0.0,"(1122, 2753, 180)","(1122.0, -293.0, 180)"
266,53,1,x2_x1_x1,0.0,0.0,0.0,"(1122, 2753, 180)","(1122.0, 915.5, 180)"
267,53,2,XC2_x1_x1,0.0,0.0,0.0,"(1122, 2753, 180)","(1122.0, 1725.0, 180)"
268,53,3,x1_x1_x1,0.0,0.0,0.0,"(1122, 2753, 180)","(1122.0, 2239.0, 180)"
269,53,4,XC1_x1_x1,-21261.047869551912,20413.0,719185.1890515388,"(1122, 2753, 180)","(1122.0, 2753.0, 180)"
270,54,0,XC1_x1_x1,0.0,0.0,0.0,"(1122, 2753, 180)","(2107.0, 766.0, 180)"
271,54,1,XC2_x1_x1,0.0,0.0,0.0,"(1122, 2753, 180)","(2107.0, 1326.0, 180)"
272,54,2,x1_x1_x1,0.0,0.0,0.0,"(1122, 2753, 180)","(2312.0, 1840.0, 180)"
273,54,3,x3_x1_x1,0.0,0.0,0.0,"(1122, 2753, 180)","(1122.0, 1544.5, 180)"
274,54,4,x2_x1_x1,-19300.899194245136,18459.5,707952.604076366,"(1122, 2753, 180)","(1122.0, 2753.0, 180)"
275,55,0,x2_x1_x1,0.0,0.0,0.0,"(1122, 2753, 180)","(1122.0, -413.0, 180)"
276,55,1,x3_x1_x1,0.0,0.0,0.0,"(1122, 2753, 180)","(1122.0, 795.5, 180)"
277,55,2,x1_x1_x1,0.0,0.0,0.0,"(1122, 2753, 180)","(1122.0, 1679.0, 180)"
278,55,3,XC2_x1_x1,0.0,0.0,0.0,"(1122, 2753, 180)","(1122.0, 2193.0, 180)"
279,55,4,XC1_x1_x1,-21206.89152542542,20354.0,727423.9541425026,"(1122, 2753, 180)","(1122.0, 2753.0, 180)"
280,56,0,x3_x1_x1,0.0,0.0,0.0,"(1122, 2753, 180)","(1122.0, 661.0, 180)"
281,56,1,XC1_x1_x1,0.0,0.0,0.0,"(1122, 2753, 180)","(2107.0, 1679.0, 180)"
282,56,2,XC2_x1_x1,0.0,0.0,0.0,"(1122, 2753, 180)","(2107.0, 2239.0, 180)"
283,56,3,x2_x1_x1,0.0,0.0,0.0,"(1122, 2753, 180)","(1122.0, 1869.5, 180)"
284,56,4,x1_x1_x1,-19867.92085497948,19004.5,745495.5728134935,"(1122, 2753, 180)","(1122.0, 2753.0, 180)"
285,57,0,x1_x1_x1,0.0,0.0,0.0,"(1122, 2753, 180)","(2312.0, 1679.0, 180)"
286,57,1,x3_x1_x1,0.0,0.0,0.0,"(1122, 2753, 180)","(1122.0, 735.0, 180)"
287,57,2,XC1_x1_x1,0.0,0.0,0.0,"(1122, 2753, 180)","(2107.0, 2193.0, 180)"
288,57,3,x2_x1_x1,0.0,0.0,0.0,"(1122, 2753, 180)","(1122.0, 1943.5, 180)"
289,57,4,XC2_x1_x1,-19819.52267300675,19031.5,620979.7331727045,"(1122, 2753, 180)","(1122.0, 2753.0, 180)"
290,58,0,x2_x1_x1,0.0,0.0,0.0,"(1122, 2753, 180)","(1122.0, 735.0, 180)"
291,58,1,XC1_x1_x1,0.0,0.0,0.0,"(1122, 2753, 180)","(2107.0, 1725.0, 180)"
292,58,2,x1_x1_x1,0.0,0.0,0.0,"(1122, 2753, 180)","(2312.0, 2239.0, 180)"
293,58,3,x3_x1_x1,0.0,0.0,0.0,"(1122, 2753, 180)","(1122.0, 1943.5, 180)"
294,58,4,XC2_x1_x1,-19863.41768742146,19086.0,604378.260715732,"(1122, 2753, 180)","(1122.0, 2753.0, 180)"
295,59,0,x1_x1_x1,0.0,0.0,0.0,"(1122, 2753, 180)","(2312.0, 869.5, 180)"
296,59,1,x2_x1_x1,0.0,0.0,0.0,"(1122, 2753, 180)","(1122.0, 574.0, 180)"
297,59,2,XC1_x1_x1,0.0,0.0,0.0,"(1122, 2753, 180)","(1122.0, 1383.5, 180)"
298,59,3,XC2_x1_x1,0.0,0.0,0.0,"(1122, 2753, 180)","(1122.0, 1943.5, 180)"
299,59,4,x3_x1_x1,-21284.28250650353,20467.0,667950.6954366922,"(1122, 2753, 180)","(1122.0, 2753.0, 180)"
300,60,0,x3_x1_x1,0.0,0.0,0.0,"(1122, 2753, 180)","(1122.0, -293.0, 180)"
301,60,1,x2_x1_x1,0.0,0.0,0.0,"(1122, 2753, 180)","(1122.0, 915.5, 180)"
302,60,2,XC1_x1_x1,0.0,0.0,0.0,"(1122, 2753, 180)","(1122.0, 1725.0, 180)"
303,60,3,x1_x1_x1,0.0,0.0,0.0,"(1122, 2753, 180)","(1122.0, 2239.0, 180)"
304,60,4,XC2_x1_x1,-21269.20878110393,20413.0,733093.4768394812,"(1122, 2753, 180)","(1122.0, 2753.0, 180)"
305,61,0,x1_x1_x1,0.0,0.0,0.0,"(1122, 2753, 180)","(2312.0, 869.5, 180)"
306,61,1,XC2_x1_x1,0.0,0.0,0.0,"(1122, 2753, 180)","(2107.0, 1383.5, 180)"
307,61,2,XC1_x1_x1,0.0,0.0,0.0,"(1122, 2753, 180)","(2107.0, 1943.5, 180)"
308,61,3,x2_x1_x1,0.0,0.0,0.0,"(1122, 2753, 180)","(1122.0, 1544.5, 180)"
309,61,4,x3_x1_x1,-20390.71886956166,19509.0,777428.1649410949,"(1122, 2753, 180)","(1122.0, 2753.0, 180)"
310,62,0,x1_x1_x1,0.0,0.0,0.0,"(1122, 2753, 180)","(2312.0, 869.5, 180)"
311,62,1,XC1_x1_x1,0.0,0.0,0.0,"(1122, 2753, 180)","(2107.0, 1383.5, 180)"
312,62,2,XC2_x1_x1,0.0,0.0,0.0,"(1122, 2753, 180)","(2107.0, 1943.5, 180)"
313,62,3,x3_x1_x1,0.0,0.0,0.0,"(1122, 2753, 180)","(1122.0, 1544.5, 180)"
314,62,4,x2_x1_x1,-20391.1284947818,19509.0,778150.6813060034,"(1122, 2753, 180)","(1122.0, 2753.0, 180)"
315,63,0,XC2_x1_x1,0.0,0.0,0.0,"(1122, 2753, 180)","(2107.0, 915.5, 180)"
316,63,1,x3_x1_x1,0.0,0.0,0.0,"(1122, 2753, 180)","(1122.0, 546.0, 180)"
317,63,2,x1_x1_x1,0.0,0.0,0.0,"(1122, 2753, 180)","(1122.0, 1429.5, 180)"
318,63,3,XC1_x1_x1,0.0,0.0,0.0,"(1122, 2753, 180)","(1122.0, 1943.5, 180)"
319,63,4,x2_x1_x1,-17243.514627705572,16680.0,317548.73563814955,"(1122, 2753, 180)","(1122.0, 2753.0, 180)"
320,64,0,x1_x1_x1,0.0,0.0,0.0,"(1122, 2753, 180)","(2312.0, 869.5, 180)"
321,64,1,x2_x1_x1,0.0,0.0,0.0,"(1122, 2753, 180)","(1122.0, 574.0, 180)"
322,64,2,XC2_x1_x1,0.0,0.0,0.0,"(1122, 2753, 180)","(1122.0, 1383.5, 180)"
323,64,3,XC1_x1_x1,0.0,0.0,0.0,"(1122, 2753, 180)","(1122.0, 1943.5, 180)"
324,64,4,x3_x1_x1,-23095.454959894356,22147.0,899566.8109482012,"(1122, 2753, 180)","(1122.0, 2753.0, 180)"
325,65,0,XC2_x1_x1,0.0,0.0,0.0,"(1122, 2753, 180)","(2107.0, 915.5, 180)"
326,65,1,x1_x1_x1,0.0,0.0,0.0,"(1122, 2753, 180)","(2312.0, 1429.5, 180)"
327,65,2,x3_x1_x1,0.0,0.0,0.0,"(1122, 2753, 180)","(1122.0, 1134.0, 180)"
328,65,3,XC1_x1_x1,0.0,0.0,0.0,"(1122, 2753, 180)","(1122.0, 1943.5, 180)"
329,65,4,x2_x1_x1,-18205.959965146976,17530.0,456921.8744815016,"(1122, 2753, 180)","(1122.0, 2753.0, 180)"
330,66,0,XC1_x1_x1,0.0,0.0,0.0,"(1122, 2753, 180)","(2107.0, 1679.0, 180)"
331,66,1,x3_x1_x1,0.0,0.0,0.0,"(1122, 2753, 180)","(1122.0, 221.0, 180)"
332,66,2,x2_x1_x1,0.0,0.0,0.0,"(1122, 2753, 180)","(1122.0, 1429.5, 180)"
333,66,3,XC2_x1_x1,0.0,0.0,0.0,"(1122, 2753, 180)","(1122.0, 2239.0, 180)"
334,66,4,x1_x1_x1,-20693.530683943576,19880.5,661018.8930337611,"(1122, 2753, 180)","(1122.0, 2753.0, 180)"
335,67,0,x2_x1_x1,0.0,0.0,0.0,"(1122, 2753, 180)","(1122.0, -14.0, 180)"
336,67,1,x1_x1_x1,0.0,0.0,0.0,"(1122, 2753, 180)","(1122.0, 869.5, 180)"
337,67,2,XC1_x1_x1,0.0,0.0,0.0,"(1122, 2753, 180)","(1122.0, 1383.5, 180)"
338,67,3,XC2_x1_x1,0.0,0.0,0.0,"(1122, 2753, 180)","(1122.0, 1943.5, 180)"
339,67,4,x3_x1_x1,-19696.022708182423,19012.5,467203.29260103626,"(1122, 2753, 180)","(1122.0, 2753.0, 180)"
340,68,0,XC1_x1_x1,0.0,0.0,0.0,"(1122, 2753, 180)","(2107.0, 766.0, 180)"
341,68,1,x2_x1_x1,0.0,0.0,0.0,"(1122, 2753, 180)","(1122.0, 516.5, 180)"
342,68,2,XC2_x1_x1,0.0,0.0,0.0,"(1122, 2753, 180)","(1122.0, 1326.0, 180)"
343,68,3,x1_x1_x1,0.0,0.0,0.0,"(1122, 2753, 180)","(1122.0, 1840.0, 180)"
344,68,4,x3_x1_x1,-18468.42599643476,17803.0,442791.75673118926,"(1122, 2753, 180)","(1122.0, 2753.0, 180)"
345,69,0,x2_x1_x1,0.0,0.0,0.0,"(1122, 2753, 180)","(1122.0, -14.0, 180)"
346,69,1,x1_x1_x1,0.0,0.0,0.0,"(1122, 2753, 180)","(1122.0, 869.5, 180)"
347,69,2,XC2_x1_x1,0.0,0.0,0.0,"(1122, 2753, 180)","(1122.0, 1383.5, 180)"
348,69,3,XC1_x1_x1,0.0,0.0,0.0,"(1122, 2753, 180)","(1122.0, 1943.5, 180)"
349,69,4,x3_x1_x1,-21514.37138305294,20692.5,675472.5702813565,"(1122, 2753, 180)","(1122.0, 2753.0, 180)"
350,70,0,x2_x1_x1,0.0,0.0,0.0,"(1122, 2753, 180)","(1122.0, -339.0, 180)"
351,70,1,x3_x1_x1,0.0,0.0,0.0,"(1122, 2753, 180)","(1122.0, 869.5, 180)"
352,70,2,XC2_x1_x1,0.0,0.0,0.0,"(1122, 2753, 180)","(1122.0, 1679.0, 180)"
353,70,3,XC1_x1_x1,0.0,0.0,0.0,"(1122, 2753, 180)","(1122.0, 2239.0, 180)"
354,70,4,x1_x1_x1,-22639.314660168395,21752.0,787327.3061497508,"(1122, 2753, 180)","(1122.0, 2753.0, 180)"
355,71,0,x3_x1_x1,0.0,0.0,0.0,"(1122, 2753, 180)","(1122.0, -14.0, 180)"
356,71,1,x1_x1_x1,0.0,0.0,0.0,"(1122, 2753, 180)","(1122.0, 869.5, 180)"
357,71,2,XC2_x1_x1,0.0,0.0,0.0,"(1122, 2753, 180)","(1122.0, 1383.5, 180)"
358,71,3,XC1_x1_x1,0.0,0.0,0.0,"(1122, 2753, 180)","(1122.0, 1943.5, 180)"
359,71,4,x2_x1_x1,-19696.022708182423,19012.5,467203.2926010362,"(1122, 2753, 180)","(1122.0, 2753.0, 180)"
360,72,0,x2_x1_x1,0.0,0.0,0.0,"(1122, 2753, 180)","(1122.0, -14.0, 180)"
361,72,1,x1_x1_x1,0.0,0.0,0.0,"(1122, 2753, 180)","(1122.0, 869.5, 180)"
362,72,2,XC2_x1_x1,0.0,0.0,0.0,"(1122, 2753, 180)","(1122.0, 1383.5, 180)"
363,72,3,XC1_x1_x1,0.0,0.0,0.0,"(1122, 2753, 180)","(1122.0, 1943.5, 180)"
364,72,4,x3_x1_x1,-21514.37138305294,20692.5,675472.5702813565,"(1122, 2753, 180)","(1122.0, 2753.0, 180)"
365,73,0,x3_x1_x1,0.0,0.0,0.0,"(1122, 2753, 180)","(1122.0, -293.0, 180)"
366,73,1,x2_x1_x1,0.0,0.0,0.0,"(1122, 2753, 180)","(1122.0, 915.5, 180)"
367,73,2,XC1_x1_x1,0.0,0.0,0.0,"(1122, 2753, 180)","(1122.0, 1725.0, 180)"
368,73,3,x1_x1_x1,0.0,0.0,0.0,"(1122, 2753, 180)","(1122.0, 2239.0, 180)"
369,73,4,XC2_x1_x1,-21269.20878110393,20413.0,733093.4768394812,"(1122, 2753, 180)","(1122.0, 2753.0, 180)"
370,74,0,XC2_x1_x1,0.0,0.0,0.0,"(1122, 2753, 180)","(2107.0, 766.0, 180)"
371,74,1,XC1_x1_x1,0.0,0.0,0.0,"(1122, 2753, 180)","(2107.0, 1326.0, 180)"
372,74,2,x3_x1_x1,0.0,0.0,0.0,"(1122, 2753, 180)","(1122.0, 956.5, 180)"
373,74,3,x1_x1_x1,0.0,0.0,0.0,"(1122, 2753, 180)","(1122.0, 1840.0, 180)"
374,74,4,x2_x1_x1,-18087.131749120934,17367.0,518589.73609197384,"(1122, 2753, 180)","(1122.0, 2753.0, 180)"
375,75,0,XC2_x1_x1,0.0,0.0,0.0,"(1122, 2753, 180)","(2107.0, 1679.0, 180)"
376,75,1,x2_x1_x1,0.0,0.0,0.0,"(1122, 2753, 180)","(1122.0, 661.0, 180)"
377,75,2,XC1_x1_x1,0.0,0.0,0.0,"(1122, 2753, 180)","(2107.0, 2239.0, 180)"
378,75,3,x3_x1_x1,0.0,0.0,0.0,"(1122, 2753, 180)","(1122.0, 1869.5, 180)"
379,75,4,x1_x1_x1,-19867.92085497948,19004.5,745495.5728134933,"(1122, 2753, 180)","(1122.0, 2753.0, 180)"
380,76,0,XC1_x1_x1,0.0,0.0,0.0,"(1122, 2753, 180)","(2107.0, 1679.0, 180)"
381,76,1,x2_x1_x1,0.0,0.0,0.0,"(1122, 2753, 180)","(1122.0, 661.0, 180)"
382,76,2,XC2_x1_x1,0.0,0.0,0.0,"(1122, 2753, 180)","(2107.0, 2239.0, 180)"
383,76,3,x3_x1_x1,0.0,0.0,0.0,"(1122, 2753, 180)","(1122.0, 1869.5, 180)"
384,76,4,x1_x1_x1,-19225.43232269943,18444.5,609855.292636729,"(1122, 2753, 180)","(1122.0, 2753.0, 180)"
385,77,0,x2_x1_x1,0.0,0.0,0.0,"(1122, 2753, 180)","(1122.0, -339.0, 180)"
386,77,1,x3_x1_x1,0.0,0.0,0.0,"(1122, 2753, 180)","(1122.0, 869.5, 180)"
387,77,2,XC1_x1_x1,0.0,0.0,0.0,"(1122, 2753, 180)","(1122.0, 1679.0, 180)"
388,77,3,XC2_x1_x1,0.0,0.0,0.0,"(1122, 2753, 180)","(1122.0, 2239.0, 180)"
389,77,4,x1_x1_x1,-22636.734097699136,21752.0,782754.4236315044,"(1122, 2753, 180)","(1122.0, 2753.0, 180)"
390,78,0,XC2_x1_x1,0.0,0.0,0.0,"(1122, 2753, 180)","(2107.0, 1725.0, 180)"
391,78,1,x3_x1_x1,0.0,0.0,0.0,"(1122, 2753, 180)","(1122.0, 735.0, 180)"
392,78,2,x1_x1_x1,0.0,0.0,0.0,"(1122, 2753, 180)","(2312.0, 2239.0, 180)"
393,78,3,x2_x1_x1,0.0,0.0,0.0,"(1122, 2753, 180)","(1122.0, 1943.5, 180)"
394,78,4,XC1_x1_x1,-19758.583766574535,18978.5,608530.682873115,"(1122, 2753, 180)","(1122.0, 2753.0, 180)"
395,79,0,XC2_x1_x1,0.0,0.0,0.0,"(1122, 2753, 180)","(2107.0, 766.0, 180)"
396,79,1,XC1_x1_x1,0.0,0.0,0.0,"(1122, 2753, 180)","(2107.0, 1326.0, 180)"
397,79,2,x2_x1_x1,0.0,0.0,0.0,"(1122, 2753, 180)","(1122.0, 956.5, 180)"
398,79,3,x1_x1_x1,0.0,0.0,0.0,"(1122, 2753, 180)","(1122.0, 1840.0, 180)"
399,79,4,x3_x1_x1,-19334.006325994582,18487.0,717419.7162748423,"(1122, 2753, 180)","(1122.0, 2753.0, 180)"
400,80,0,x3_x1_x1,0.0,0.0,0.0,"(1122, 2753, 180)","(1122.0, -339.0, 180)"
401,80,1,x2_x1_x1,0.0,0.0,0.0,"(1122, 2753, 180)","(1122.0, 869.5, 180)"
402,80,2,XC1_x1_x1,0.0,0.0,0.0,"(1122, 2753, 180)","(1122.0, 1679.0, 180)"
403,80,3,XC2_x1_x1,0.0,0.0,0.0,"(1122, 2753, 180)","(1122.0, 2239.0, 180)"
404,80,4,x1_x1_x1,-22639.31466016839,21752.0,787327.3061497507,"(1122, 2753, 180)","(1122.0, 2753.0, 180)"
405,81,0,x3_x1_x1,0.0,0.0,0.0,"(1122, 2753, 180)","(1122.0, -43.5, 180)"
406,81,1,XC1_x1_x1,0.0,0.0,0.0,"(1122, 2753, 180)","(1122.0, 766.0, 180)"
407,81,2,XC2_x1_x1,0.0,0.0,0.0,"(1122, 2753, 180)","(1122.0, 1326.0, 180)"
408,81,3,x1_x1_x1,0.0,0.0,0.0,"(1122, 2753, 180)","(1122.0, 1840.0, 180)"
409,81,4,x2_x1_x1,-21620.857688064032,20794.5,682867.0286225304,"(1122, 2753, 180)","(1122.0, 2753.0, 180)"
410,82,0,x3_x1_x1,0.0,0.0,0.0,"(1122, 2753, 180)","(1122.0, 175.0, 180)"
411,82,1,x1_x1_x1,0.0,0.0,0.0,"(1122, 2753, 180)","(2312.0, 1679.0, 180)"
412,82,2,x2_x1_x1,0.0,0.0,0.0,"(1122, 2753, 180)","(1122.0, 1383.5, 180)"
413,82,3,XC1_x1_x1,0.0,0.0,0.0,"(1122, 2753, 180)","(1122.0, 2193.0, 180)"
414,82,4,XC2_x1_x1,-22087.50047504675,21220.5,751689.8237312897,"(1122, 2753, 180)","(1122.0, 2753.0, 180)"
415,83,0,x1_x1_x1,0.0,0.0,0.0,"(1122, 2753, 180)","(2312.0, 1679.0, 180)"
416,83,1,XC2_x1_x1,0.0,0.0,0.0,"(1122, 2753, 180)","(2107.0, 2193.0, 180)"
417,83,2,x2_x1_x1,0.0,0.0,0.0,"(1122, 2753, 180)","(1122.0, 735.0, 180)"
418,83,3,x3_x1_x1,0.0,0.0,0.0,"(1122, 2753, 180)","(1122.0, 1943.5, 180)"
419,83,4,XC1_x1_x1,-19706.712893420736,18924.0,612639.4735270623,"(1122, 2753, 180)","(1122.0, 2753.0, 180)"
420,84,0,x2_x1_x1,0.0,0.0,0.0,"(1122, 2753, 180)","(1122.0, 106.0, 180)"
421,84,1,XC1_x1_x1,0.0,0.0,0.0,"(1122, 2753, 180)","(1122.0, 915.5, 180)"
422,84,2,x1_x1_x1,0.0,0.0,0.0,"(1122, 2753, 180)","(1122.0, 1429.5, 180)"
423,84,3,XC2_x1_x1,0.0,0.0,0.0,"(1122, 2753, 180)","(1122.0, 1943.5, 180)"
424,84,4,x3_x1_x1,-18096.177517497938,17511.5,341847.7994675523,"(1122, 2753, 180)","(1122.0, 2753.0, 180)"
425,85,0,XC2_x1_x1,0.0,0.0,0.0,"(1122, 2753, 180)","(2107.0, 766.0, 180)"
426,85,1,x2_x1_x1,0.0,0.0,0.0,"(1122, 2753, 180)","(1122.0, 516.5, 180)"
427,85,2,XC1_x1_x1,0.0,0.0,0.0,"(1122, 2753, 180)","(1122.0, 1326.0, 180)"
428,85,3,x1_x1_x1,0.0,0.0,0.0,"(1122, 2753, 180)","(1122.0, 1840.0, 180)"
429,85,4,x3_x1_x1,-20163.02803471706,19318.5,713227.6014230608,"(1122, 2753, 180)","(1122.0, 2753.0, 180)"
430,86,0,x3_x1_x1,0.0,0.0,0.0,"(1122, 2753, 180)","(1122.0, 735.0, 180)"
431,86,1,XC2_x1_x1,0.0,0.0,0.0,"(1122, 2753, 180)","(2107.0, 1725.0, 180)"
432,86,2,x1_x1_x1,0.0,0.0,0.0,"(1122, 2753, 180)","(2312.0, 2239.0, 180)"
433,86,3,x2_x1_x1,0.0,0.0,0.0,"(1122, 2753, 180)","(1122.0, 1943.5, 180)"
434,86,4,XC1_x1_x1,-19758.583766574535,18978.5,608530.682873115,"(1122, 2753, 180)","(1122.0, 2753.0, 180)"
435,87,0,x1_x1_x1,0.0,0.0,0.0,"(1122, 2753, 180)","(2312.0, 1679.0, 180)"
436,87,1,x3_x1_x1,0.0,0.0,0.0,"(1122, 2753, 180)","(1122.0, 735.0, 180)"
437,87,2,XC2_x1_x1,0.0,0.0,0.0,"(1122, 2753, 180)","(2107.0, 2193.0, 180)"
438,87,3,x2_x1_x1,0.0,0.0,0.0,"(1122, 2753, 180)","(1122.0, 1943.5, 180)"
439,87,4,XC1_x1_x1,-19540.305037458576,18759.5,609656.5065206866,"(1122, 2753, 180)","(1122.0, 2753.0, 180)"
440,88,0,x3_x1_x1,0.0,0.0,0.0,"(1122, 2753, 180)","(1122.0, 106.0, 180)"
441,88,1,XC2_x1_x1,0.0,0.0,0.0,"(1122, 2753, 180)","(1122.0, 915.5, 180)"
442,88,2,x1_x1_x1,0.0,0.0,0.0,"(1122, 2753, 180)","(1122.0, 1429.5, 180)"
443,88,3,XC1_x1_x1,0.0,0.0,0.0,"(1122, 2753, 180)","(1122.0, 1943.5, 180)"
444,88,4,x2_x1_x1,-18096.177517497938,17511.5,341847.79946755234,"(1122, 2753, 180)","(1122.0, 2753.0, 180)"
445,89,0,x3_x1_x1,0.0,0.0,0.0,"(1122, 2753, 180)","(1122.0, -43.5, 180)"
446,89,1,XC1_x1_x1,0.0,0.0,0.0,"(1122, 2753, 180)","(1122.0, 766.0, 180)"
447,89,2,XC2_x1_x1,0.0,0.0,0.0,"(1122, 2753, 180)","(1122.0, 1326.0, 180)"
448,89,3,x1_x1_x1,0.0,0.0,0.0,"(1122, 2753, 180)","(1122.0, 1840.0, 180)"
449,89,4,x2_x1_x1,-21620.857688064032,20794.5,682867.0286225304,"(1122, 2753, 180)","(1122.0, 2753.0, 180)"
450,90,0,XC1_x1_x1,0.0,0.0,0.0,"(1122, 2753, 180)","(2107.0, 915.5, 180)"
451,90,1,x2_x1_x1,0.0,0.0,0.0,"(1122, 2753, 180)","(1122.0, 546.0, 180)"
452,90,2,x1_x1_x1,0.0,0.0,0.0,"(1122, 2753, 180)","(1122.0, 1429.5, 180)"
453,90,3,XC2_x1_x1,0.0,0.0,0.0,"(1122, 2753, 180)","(1122.0, 1943.5, 180)"
454,90,4,x3_x1_x1,-17243.514627705572,16680.0,317548.73563814955,"(1122, 2753, 180)","(1122.0, 2753.0, 180)"
455,91,0,x3_x1_x1,0.0,0.0,0.0,"(1122, 2753, 180)","(1122.0, 175.0, 180)"
456,91,1,x1_x1_x1,0.0,0.0,0.0,"(1122, 2753, 180)","(2312.0, 1679.0, 180)"
457,91,2,x2_x1_x1,0.0,0.0,0.0,"(1122, 2753, 180)","(1122.0, 1383.5, 180)"
458,91,3,XC1_x1_x1,0.0,0.0,0.0,"(1122, 2753, 180)","(1122.0, 2193.0, 180)"
459,91,4,XC2_x1_x1,-22087.50047504675,21220.5,751689.8237312897,"(1122, 2753, 180)","(1122.0, 2753.0, 180)"
460,92,0,x1_x1_x1,0.0,0.0,0.0,"(1122, 2753, 180)","(2312.0, 869.5, 180)"
461,92,1,XC2_x1_x1,0.0,0.0,0.0,"(1122, 2753, 180)","(2107.0, 1383.5, 180)"
462,92,2,XC1_x1_x1,0.0,0.0,0.0,"(1122, 2753, 180)","(2107.0, 1943.5, 180)"
463,92,3,x3_x1_x1,0.0,0.0,0.0,"(1122, 2753, 180)","(1122.0, 1544.5, 180)"
464,92,4,x2_x1_x1,-19153.55423392938,18389.0,584543.1766193368,"(1122, 2753, 180)","(1122.0, 2753.0, 180)"
465,93,0,x1_x1_x1,0.0,0.0,0.0,"(1122, 2753, 180)","(2312.0, 869.5, 180)"
466,93,1,x3_x1_x1,0.0,0.0,0.0,"(1122, 2753, 180)","(1122.0, 574.0, 180)"
467,93,2,XC2_x1_x1,0.0,0.0,0.0,"(1122, 2753, 180)","(1122.0, 1383.5, 180)"
468,93,3,XC1_x1_x1,0.0,0.0,0.0,"(1122, 2753, 180)","(1122.0, 1943.5, 180)"
469,93,4,x2_x1_x1,-21282.221636881575,20467.0,664586.3172398766,"(1122, 2753, 180)","(1122.0, 2753.0, 180)"
470,94,0,XC2_x1_x1,0.0,0.0,0.0,"(1122, 2753, 180)","(2107.0, 1725.0, 180)"
471,94,1,x3_x1_x1,0.0,0.0,0.0,"(1122, 2753, 180)","(1122.0, 735.0, 180)"
472,94,2,x1_x1_x1,0.0,0.0,0.0,"(1122, 2753, 180)","(2312.0, 2239.0, 180)"
473,94,3,x2_x1_x1,0.0,0.0,0.0,"(1122, 2753, 180)","(1122.0, 1943.5, 180)"
474,94,4,XC1_x1_x1,-19758.583766574535,18978.5,608530.682873115,"(1122, 2753, 180)","(1122.0, 2753.0, 180)"
475,95,0,x1_x1_x1,0.0,0.0,0.0,"(1122, 2753, 180)","(2312.0, 869.5, 180)"
476,95,1,XC1_x1_x1,0.0,0.0,0.0,"(1122, 2753, 180)","(2107.0, 1383.5, 180)"
477,95,2,x2_x1_x1,0.0,0.0,0.0,"(1122, 2753, 180)","(1122.0, 1134.0, 180)"
478,95,3,XC2_x1_x1,0.0,0.0,0.0,"(1122, 2753, 180)","(1122.0, 1943.5, 180)"
479,95,4,x3_x1_x1,-19636.738640848824,18838.0,637983.4163850255,"(1122, 2753, 180)","(1122.0, 2753.0, 180)"
480,96,0,XC2_x1_x1,0.0,0.0,0.0,"(1122, 2753, 180)","(2107.0, 915.5, 180)"
481,96,1,x1_x1_x1,0.0,0.0,0.0,"(1122, 2753, 180)","(2312.0, 1429.5, 180)"
482,96,2,x3_x1_x1,0.0,0.0,0.0,"(1122, 2753, 180)","(1122.0, 1134.0, 180)"
483,96,3,XC1_x1_x1,0.0,0.0,0.0,"(1122, 2753, 180)","(1122.0, 1943.5, 180)"
484,96,4,x2_x1_x1,-18205.959965146976,17530.0,456921.8744815016,"(1122, 2753, 180)","(1122.0, 2753.0, 180)"
485,97,0,XC2_x1_x1,0.0,0.0,0.0,"(1122, 2753, 180)","(2107.0, 915.5, 180)"
486,97,1,x1_x1_x1,0.0,0.0,0.0,"(1122, 2753, 180)","(2312.0, 1429.5, 180)"
487,97,2,XC1_x1_x1,0.0,0.0,0.0,"(1122, 2753, 180)","(2107.0, 1943.5, 180)"
488,97,3,x3_x1_x1,0.0,0.0,0.0,"(1122, 2753, 180)","(1122.0, 1544.5, 180)"
489,97,4,x2_x1_x1,-18290.132441768983,17542.0,559702.1504272205,"(1122, 2753, 180)","(1122.0, 2753.0, 180)"
490,98,0,x1_x1_x1,0.0,0.0,0.0,"(1122, 2753, 180)","(2312.0, 1679.0, 180)"
491,98,1,x3_x1_x1,0.0,0.0,0.0,"(1122, 2753, 180)","(1122.0, 175.0, 180)"
492,98,2,x2_x1_x1,0.0,0.0,0.0,"(1122, 2753, 180)","(1122.0, 1383.5, 180)"
493,98,3,XC2_x1_x1,0.0,0.0,0.0,"(1122, 2753, 180)","(1122.0, 2193.0, 180)"
494,98,4,XC1_x1_x1,-22077.612599787546,21220.5,734642.0087145683,"(1122, 2753, 180)","(1122.0, 2753.0, 180)"
495,99,0,XC2_x1_x1,0.0,0.0,0.0,"(1122, 2753, 180)","(2107.0, 1725.0, 180)"
496,99,1,x1_x1_x1,0.0,0.0,0.0,"(1122, 2753, 180)","(2312.0, 2239.0, 180)"
497,99,2,x2_x1_x1,0.0,0.0,0.0,"(1122, 2753, 180)","(1122.0, 735.0, 180)"
498,99,3,x3_x1_x1,0.0,0.0,0.0,"(1122, 2753, 180)","(1122.0, 1943.5, 180)"
499,99,4,XC1_x1_x1,-20250.767551192894,19403.5,717862.303304401,"(1122, 2753, 180)","(1122.0, 2753.0, 180)"
500,100,0,x1_x1_x1,0.0,0.0,0.0,"(648, 4274, 90)","(648.0, 4274.0, 90)"
501,100,1,x2_x1_x1,0.0,0.0,0.0,"(4906, 2795, 180)","(4906.0, 2795.0, 180)"
502,100,2,x3_x1_x1,0.0,0.0,0.0,"(3576, 4685, 90)","(3576.0, 4685.0, 90)"
503,100,3,XC2_x1_x1,0.0,0.0,0.0,"(1511, 2965, 90)","(1511.0, 2965.0, 90)"
504,100,4,XC1_x1_x1,-36307.03325197793,35152.0,1334101.813174723,"(4619, 2303, 270)","(4619.0, 1912.5, 270)"
505,101,0,x2_x1_x1,0.0,0.0,0.0,"(3068, 796, 90)","(3068.0, 796.0, 90)"
506,101,1,XC2_x1_x1,0.0,0.0,0.0,"(4774, 1090, 90)","(4774.0, 1090.0, 90)"
507,101,2,x3_x1_x1,0.0,0.0,0.0,"(1110, 1507, 180)","(859.0, 1507.0, 180)"
508,101,3,x1_x1_x1,0.0,0.0,0.0,"(2176, 1884, 180)","(2176.0, 1884.0, 180)"
509,101,4,XC1_x1_x1,-32986.53015116511,31795.5,1418552.8209843829,"(1138, 3538, 270)","(1138.0, 3538.0, 270)"
510,102,0,x3_x1_x1,0.0,0.0,0.0,"(2847, 4105, 90)","(2847.0, 4105.0, 90)"
511,102,1,x1_x1_x1,0.0,0.0,0.0,"(1773, 46, 0)","(1773.0, 46.0, 0)"
512,102,2,x2_x1_x1,0.0,0.0,0.0,"(4932, 3776, 90)","(5060.5, 3776.0, 90)"
513,102,3,XC1_x1_x1,0.0,0.0,0.0,"(4178, 3420, 180)","(4178.0, 3420.0, 180)"
514,102,4,XC2_x1_x1,-41574.780487991,40286.5,1659666.6157383316,"(3946, 86, 0)","(3946.0, 86.0, 0)"
515,103,0,x2_x1_x1,0.0,0.0,0.0,"(4725, 1353, 90)","(4725.0, 1187.0, 90)"
516,103,1,XC1_x1_x1,0.0,0.0,0.0,"(3019, 3361, 0)","(3019.0, 3361.0, 0)"
517,103,2,XC2_x1_x1,0.0,0.0,0.0,"(1291, 3460, 180)","(1291.0, 3460.0, 180)"
518,103,3,x3_x1_x1,0.0,0.0,0.0,"(4723, 1317, 90)","(5933.5, 1187.0, 90)"
519,103,4,x1_x1_x1,-33704.289916390546,32615.0,1186552.5219501199,"(4749, 2504, 90)","(4749.0, 2504.0, 90)"
520,104,0,x3_x1_x1,0.0,0.0,0.0,"(4501, 1946, 90)","(4501.0, 1946.0, 90)"
521,104,1,XC2_x1_x1,0.0,0.0,0.0,"(696, 3238, 90)","(696.0, 3238.0, 90)"
522,104,2,x2_x1_x1,0.0,0.0,0.0,"(4529, 2152, 180)","(5812.0, 2152.0, 180)"
523,104,3,x1_x1_x1,0.0,0.0,0.0,"(2211, 2264, 0)","(2211.0, 2264.0, 0)"
524,104,4,XC1_x1_x1,-31085.989919494714,30089.0,993988.8995740751,"(3673, 2230, 270)","(3673.0, 2230.0, 270)"
525,105,0,x2_x1_x1,0.0,0.0,0.0,"(4366, 4337, 180)","(4366.0, 4337.0, 180)"
526,105,1,XC2_x1_x1,0.0,0.0,0.0,"(1259, 3660, 90)","(1259.0, 3660.0, 90)"
527,105,2,x1_x1_x1,0.0,0.0,0.0,"(750, 4910, 90)","(750.0, 4910.0, 90)"
528,105,3,x3_x1_x1,0.0,0.0,0.0,"(1358, 2156, 180)","(1358.0, 2156.0, 180)"
529,105,4,XC1_x1_x1,-38490.439167842094,37237.5,1569856.5583128487,"(2810, 1506, 0)","(2810.0, 1506.0, 0)"
530,106,0,XC2_x1_x1,0.0,0.0,0.0,"(455, 4135, 90)","(455.0, 4135.0, 90)"
531,106,1,x1_x1_x1,0.0,0.0,0.0,"(4572, 902, 0)","(4572.0, 902.0, 0)"
532,106,2,x2_x1_x1,0.0,0.0,0.0,"(3631, 3048, 0)","(3631.0, 3048.0, 0)"
533,106,3,XC1_x1_x1,0.0,0.0,0.0,"(129, 2041, 0)","(129.0, 2041.0, 0)"
534,106,4,x3_x1_x1,-44987.382611809044,43532.0,2118138.5467561195,"(1063, 312, 180)","(1063.0, 312.0, 180)"
535,107,0,XC1_x1_x1,0.0,0.0,0.0,"(555, 2823, 180)","(296.0, 2823.0, 180)"
536,107,1,XC2_x1_x1,0.0,0.0,0.0,"(929, 2998, 90)","(929.0, 2998.0, 90)"
537,107,2,x1_x1_x1,0.0,0.0,0.0,"(252, 2994, 180)","(211.0, 2309.0, 180)"
538,107,3,x3_x1_x1,0.0,0.0,0.0,"(2899, 4783, 0)","(2899.0, 4783.0, 0)"
539,107,4,x2_x1_x1,-30390.979813655613,29367.5,1047510.9289605271,"(135, 3286, 90)","(119.5, 3735.0, 90)"
540,108,0,x1_x1_x1,0.0,0.0,0.0,"(154, 1606, 0)","(154.0, 1606.0, 0)"
541,108,1,XC2_x1_x1,0.0,0.0,0.0,"(1831, 2157, 90)","(1831.0, 2157.0, 90)"
542,108,2,XC1_x1_x1,0.0,0.0,0.0,"(1987, 3956, 180)","(1987.0, 3956.0, 180)"
543,108,3,x2_x1_x1,0.0,0.0,0.0,"(1891, 152, 90)","(1891.0, 152.0, 90)"
544,108,4,x3_x1_x1,-42172.36690546799,40811.5,1851958.734398022,"(3098, 3918, 90)","(3098.0, 3918.0, 90)"
545,109,0,x2_x1_x1,0.0,0.0,0.0,"(1085, 2814, 270)","(1085.0, 2814.0, 270)"
546,109,1,XC2_x1_x1,0.0,0.0,0.0,"(2640, 1478, 90)","(2640.0, 1478.0, 90)"
547,109,2,x3_x1_x1,0.0,0.0,0.0,"(2800, 3787, 90)","(2800.0, 3787.0, 90)"
548,109,3,XC1_x1_x1,0.0,0.0,0.0,"(4149, 3758, 180)","(4149.0, 3758.0, 180)"
549,109,4,x1_x1_x1,-30229.34532649129,29109.5,1254053.5552643833,"(1734, 1809, 90)","(1734.0, 1624.0, 90)"
550,110,0,x3_x1_x1,0.0,0.0,0.0,"(2401, 3004, 90)","(2401.0, 3004.0, 90)"
551,110,1,x1_x1_x1,0.0,0.0,0.0,"(100, 2402, 90)","(-113.0, 2402.0, 90)"
552,110,2,XC1_x1_x1,0.0,0.0,0.0,"(1401, 4540, 180)","(1401.0, 4540.0, 180)"
553,110,3,XC2_x1_x1,0.0,0.0,0.0,"(401, 2663, 270)","(401.0, 2663.0, 270)"
554,110,4,x2_x1_x1,-30114.429647025627,29150.0,930124.5440619774,"(2803, 2990, 180)","(3712.0, 2990.0, 180)"
555,111,0,x3_x1_x1,0.0,0.0,0.0,"(2874, 3731, 90)","(2874.0, 4129.0, 90)"
556,111,1,x2_x1_x1,0.0,0.0,0.0,"(2669, 2745, 90)","(2669.0, 2745.0, 90)"
557,111,2,XC1_x1_x1,0.0,0.0,0.0,"(1987, 1977, 180)","(1987.0, 1833.0, 180)"
558,111,3,XC2_x1_x1,0.0,0.0,0.0,"(3385, 4149, 0)","(3756.5, 4149.0, 0)"
559,111,4,x1_x1_x1,-22555.792309016335,21738.0,668784.2606862682,"(1221, 2192, 0)","(1196.0, 2192.0, 0)"
560,112,0,XC2_x1_x1,0.0,0.0,0.0,"(317, 2750, 90)","(317.0, 2750.0, 90)"
561,112,1,x3_x1_x1,0.0,0.0,0.0,"(909, 1713, 90)","(909.0, 1713.0, 90)"
562,112,2,x1_x1_x1,0.0,0.0,0.0,"(3093, 1090, 90)","(3093.0, 1090.0, 90)"
563,112,3,x2_x1_x1,0.0,0.0,0.0,"(3533, 3639, 0)","(3533.0, 3639.0, 0)"
564,112,4,XC1_x1_x1,-33324.224871320796,32187.5,1292143.4330792828,"(1092, 2881, 90)","(1092.0, 2881.0, 90)"
565,113,0,x2_x1_x1,0.0,0.0,0.0,"(2078, 568, 90)","(2078.0, 568.0, 90)"
566,113,1,x1_x1_x1,0.0,0.0,0.0,"(3474, 100, 180)","(3474.0, 100.0, 180)"
567,113,2,x3_x1_x1,0.0,0.0,0.0,"(3428, 1446, 90)","(3428.0, 1446.0, 90)"
568,113,3,XC1_x1_x1,0.0,0.0,0.0,"(1045, 4651, 0)","(1045.0, 4651.0, 0)"
569,113,4,XC2_x1_x1,-27530.558163037207,26795.5,540310.5030476335,"(3412, 2796, 270)","(3412.0, 2796.0, 270)"
570,114,0,XC2_x1_x1,0.0,0.0,0.0,"(2146, 2727, 90)","(2146.0, 2727.0, 90)"
571,114,1,XC1_x1_x1,0.0,0.0,0.0,"(2774, 2622, 180)","(2779.0, 2622.0, 180)"
572,114,2,x2_x1_x1,0.0,0.0,0.0,"(1124, 897, 270)","(1124.0, -215.0, 270)"
573,114,3,x3_x1_x1,0.0,0.0,0.0,"(1165, 1096, 180)","(1165.0, 1096.0, 180)"
574,114,4,x1_x1_x1,-26753.559317230396,25875.0,771866.4738923388,"(775, 973, 270)","(52.0, 973.0, 270)"
575,115,0,x1_x1_x1,0.0,0.0,0.0,"(1486, 4119, 180)","(1486.0, 4635.0, 180)"
576,115,1,x2_x1_x1,0.0,0.0,0.0,"(3196, 880, 180)","(3196.0, 880.0, 180)"
577,115,2,XC2_x1_x1,0.0,0.0,0.0,"(125, 2668, 180)","(125.0, 2668.0, 180)"
578,115,3,x3_x1_x1,0.0,0.0,0.0,"(968, 3722, 180)","(968.0, 3722.0, 180)"
579,115,4,XC1_x1_x1,-39022.7489766909,37737.0,1653150.4310616842,"(670, 3571, 90)","(56.0, 3571.0, 90)"
580,116,0,XC2_x1_x1,0.0,0.0,0.0,"(4084, 4316, 90)","(4084.0, 4316.0, 90)"
581,116,1,XC1_x1_x1,0.0,0.0,0.0,"(1762, 3476, 90)","(1762.0, 3476.0, 90)"
582,116,2,x3_x1_x1,0.0,0.0,0.0,"(3448, 1168, 0)","(3448.0, 1168.0, 0)"
583,116,3,x1_x1_x1,0.0,0.0,0.0,"(280, 2992, 180)","(-658.0, 2992.0, 180)"
584,116,4,x2_x1_x1,-38212.326312389305,36980.0,1518628.1402070266,"(459, 3051, 90)","(459.0, 3051.0, 90)"
585,117,0,x1_x1_x1,0.0,0.0,0.0,"(4897, 32, 270)","(4897.0, 32.0, 270)"
586,117,1,x2_x1_x1,0.0,0.0,0.0,"(3654, 365, 270)","(3654.0, 365.0, 270)"
587,117,2,XC2_x1_x1,0.0,0.0,0.0,"(2245, 674, 0)","(2245.0, 674.0, 0)"
588,117,3,XC1_x1_x1,0.0,0.0,0.0,"(4051, 1375, 90)","(4051.0, 1375.0, 90)"
589,117,4,x3_x1_x1,-25000.91065727041,24014.5,973005.9847766479,"(4165, 2060, 180)","(4165.0, 2257.5, 180)"
590,118,0,x1_x1_x1,0.0,0.0,0.0,"(240, 1375, 90)","(240.0, 1375.0, 90)"
591,118,1,XC1_x1_x1,0.0,0.0,0.0,"(2655, 4053, 180)","(2655.0, 4053.0, 180)"
592,118,2,x2_x1_x1,0.0,0.0,0.0,"(838, 4766, 180)","(838.0, 4766.0, 180)"
593,118,3,XC2_x1_x1,0.0,0.0,0.0,"(3075, 2059, 180)","(3075.0, 2059.0, 180)"
594,118,4,x3_x1_x1,-42931.87527635967,41675.0,1579735.460324192,"(4001, 576, 180)","(4001.0, 576.0, 180)"
595,119,0,XC1_x1_x1,0.0,0.0,0.0,"(4191, 1574, 180)","(4191.0, 1574.0, 180)"
596,119,1,x3_x1_x1,0.0,0.0,0.0,"(2481, 4363, 180)","(2481.0, 4363.0, 180)"
597,119,2,x1_x1_x1,0.0,0.0,0.0,"(2484, 2424, 90)","(2484.0, 2424.0, 90)"
598,119,3,XC2_x1_x1,0.0,0.0,0.0,"(788, 1971, 90)","(788.0, 1971.0, 90)"
599,119,4,x2_x1_x1,-35881.83815202822,34659.5,1494110.557903763,"(172, 3186, 180)","(172.0, 3186.0, 180)"
600,120,0,XC2_x1_x1,0.0,0.0,0.0,"(3168, 1724, 270)","(3168.0, 1724.0, 270)"
601,120,1,x2_x1_x1,0.0,0.0,0.0,"(3508, 288, 180)","(3520.0, 288.0, 180)"
602,120,2,XC1_x1_x1,0.0,0.0,0.0,"(2628, 1074, 270)","(2608.0, 1074.0, 270)"
603,120,3,x3_x1_x1,0.0,0.0,0.0,"(3728, 4093, 90)","(3728.0, 4093.0, 90)"
604,120,4,x1_x1_x1,-36551.4038364383,35466.0,1178101.4881549804,"(666, 2767, 90)","(666.0, 2767.0, 90)"
605,121,0,x3_x1_x1,0.0,0.0,0.0,"(1650, 246, 180)","(1650.0, 236.5, 180)"
606,121,1,XC2_x1_x1,0.0,0.0,0.0,"(4161, 3096, 90)","(4161.0, 3096.0, 90)"
607,121,2,x2_x1_x1,0.0,0.0,0.0,"(3109, 3903, 90)","(3109.0, 3903.0, 90)"
608,121,3,x1_x1_x1,0.0,0.0,0.0,"(225, 877, 90)","(225.0, 877.0, 90)"
609,121,4,XC1_x1_x1,-44062.588212500166,42550.5,2286410.7623819546,"(1852, 1046, 180)","(1852.0, 1046.0, 180)"
610,122,0,x1_x1_x1,0.0,0.0,0.0,"(4069, 1408, 90)","(4069.0, 1408.0, 90)"
611,122,1,x3_x1_x1,0.0,0.0,0.0,"(3242, 3611, 180)","(3242.0, 3611.0, 180)"
612,122,2,XC2_x1_x1,0.0,0.0,0.0,"(1650, 4265, 90)","(1650.0, 4265.0, 90)"
613,122,3,x2_x1_x1,0.0,0.0,0.0,"(3428, 314, 90)","(3428.0, 91.0, 90)"
614,122,4,XC1_x1_x1,-33010.609344758595,32127.0,780765.4741447127,"(452, 1379, 90)","(452.0, 1379.0, 90)"
615,123,0,x3_x1_x1,0.0,0.0,0.0,"(3647, 3702, 180)","(3647.0, 3702.0, 180)"
616,123,1,x2_x1_x1,0.0,0.0,0.0,"(748, 3742, 180)","(748.0, 3742.0, 180)"
617,123,2,x1_x1_x1,0.0,0.0,0.0,"(266, 4307, 180)","(266.0, 4655.0, 180)"
618,123,3,XC2_x1_x1,0.0,0.0,0.0,"(1956, 112, 90)","(1956.0, 112.0, 90)"
619,123,4,XC1_x1_x1,-34368.87661747037,33401.5,935817.5200284186,"(1221, 2619, 270)","(1221.0, 2619.0, 270)"
620,124,0,x1_x1_x1,0.0,0.0,0.0,"(871, 3663, 90)","(871.0, 3663.0, 90)"
621,124,1,XC2_x1_x1,0.0,0.0,0.0,"(168, 3756, 0)","(168.0, 3756.0, 0)"
622,124,2,x3_x1_x1,0.0,0.0,0.0,"(332, 480, 90)","(332.0, 480.0, 90)"
623,124,3,x2_x1_x1,0.0,0.0,0.0,"(2165, 783, 180)","(2165.0, 783.0, 180)"
624,124,4,XC1_x1_x1,-35583.55890401561,34630.0,909274.5834274585,"(3054, 4745, 180)","(3054.0, 4745.0, 180)"
625,125,0,XC2_x1_x1,0.0,0.0,0.0,"(3687, 799, 180)","(3367.5, 799.0, 180)"
626,125,1,x3_x1_x1,0.0,0.0,0.0,"(2071, 2708, 180)","(2071.0, 2708.0, 180)"
627,125,2,x1_x1_x1,0.0,0.0,0.0,"(3586, 728, 90)","(2780.5, 728.0, 90)"
628,125,3,x2_x1_x1,0.0,0.0,0.0,"(4250, 1511, 90)","(4250.0, 1195.0, 90)"
629,125,4,XC1_x1_x1,-26287.415464752135,25296.5,981913.4582849422,"(4061, 2180, 90)","(4061.0, 2180.0, 90)"
630,126,0,x1_x1_x1,0.0,0.0,0.0,"(2521, 161, 0)","(2521.0, 161.0, 0)"
631,126,1,XC2_x1_x1,0.0,0.0,0.0,"(3673, 407, 90)","(3673.0, 407.0, 90)"
632,126,2,XC1_x1_x1,0.0,0.0,0.0,"(3840, 1681, 90)","(3840.0, 1681.0, 90)"
633,126,3,x3_x1_x1,0.0,0.0,0.0,"(3558, 4124, 0)","(3558.0, 4124.0, 0)"
634,126,4,x2_x1_x1,-43910.536432056855,42654.0,1578883.805086163,"(162, 1076, 180)","(162.0, 1076.0, 180)"
635,127,0,x2_x1_x1,0.0,0.0,0.0,"(4521, 2224, 270)","(4521.0, 2224.0, 270)"
636,127,1,x1_x1_x1,0.0,0.0,0.0,"(3998, 3770, 180)","(3998.0, 3770.0, 180)"
637,127,2,XC2_x1_x1,0.0,0.0,0.0,"(498, 1649, 180)","(-89.5, 1649.0, 180)"
638,127,3,XC1_x1_x1,0.0,0.0,0.0,"(117, 3264, 270)","(117.0, 3264.0, 270)"
639,127,4,x3_x1_x1,-38388.95078220599,37102.5,1654955.6150384,"(793, 1887, 90)","(793.0, 1887.0, 90)"
640,128,0,x1_x1_x1,0.0,0.0,0.0,"(4410, 1464, 90)","(4410.0, 1464.0, 90)"
641,128,1,XC2_x1_x1,0.0,0.0,0.0,"(2507, 3262, 180)","(2507.0, 3408.0, 180)"
642,128,2,x3_x1_x1,0.0,0.0,0.0,"(4935, 1652, 90)","(5293.5, 1652.0, 90)"
643,128,3,XC1_x1_x1,0.0,0.0,0.0,"(2528, 2775, 270)","(2528.0, 2775.0, 270)"
644,128,4,x2_x1_x1,-36078.03003687939,34911.5,1360792.3269418331,"(2310, 167, 90)","(2310.0, 167.0, 90)"
645,129,0,x2_x1_x1,0.0,0.0,0.0,"(4155, 3275, 180)","(4155.0, 3275.0, 180)"
646,129,1,XC2_x1_x1,0.0,0.0,0.0,"(3723, 1418, 180)","(3941.0, 1418.0, 180)"
647,129,2,XC1_x1_x1,0.0,0.0,0.0,"(3308, 1347, 90)","(3308.0, 1347.0, 90)"
648,129,3,x3_x1_x1,0.0,0.0,0.0,"(1023, 1642, 90)","(1023.0, 1642.0, 90)"
649,129,4,x1_x1_x1,-38422.964724497,37181.5,1541234.6621704109,"(50, 1689, 180)","(-94.0, 1689.0, 180)"
650,130,0,x1_x1_x1,0.0,0.0,0.0,"(4155, 430, 180)","(4155.0, 430.0, 180)"
651,130,1,XC1_x1_x1,0.0,0.0,0.0,"(4249, 192, 0)","(4249.0, -84.0, 0)"
652,130,2,x3_x1_x1,0.0,0.0,0.0,"(1411, 1132, 180)","(1411.0, 1132.0, 180)"
653,130,3,x2_x1_x1,0.0,0.0,0.0,"(4202, 3390, 180)","(4202.0, 3390.0, 180)"
654,130,4,XC2_x1_x1,-40596.369308689194,39332.0,1598629.748755187,"(2834, 4660, 90)","(2834.0, 4660.0, 90)"
655,131,0,x3_x1_x1,0.0,0.0,0.0,"(1666, 3430, 180)","(1666.0, 3430.0, 180)"
656,131,1,x2_x1_x1,0.0,0.0,0.0,"(1376, 2705, 90)","(1376.0, 2119.0, 90)"
657,131,2,XC2_x1_x1,0.0,0.0,0.0,"(174, 1299, 180)","(174.0, 1299.0, 180)"
658,131,3,x1_x1_x1,0.0,0.0,0.0,"(3091, 4896, 90)","(3091.0, 4896.0, 90)"
659,131,4,XC1_x1_x1,-31823.801610096933,30681.0,1305995.5200401417,"(2204, 1996, 90)","(2204.0, 1996.0, 90)"
660,132,0,x2_x1_x1,0.0,0.0,0.0,"(1255, 1667, 90)","(1255.0, 1521.0, 90)"
661,132,1,x1_x1_x1,0.0,0.0,0.0,"(216, 479, 270)","(216.0, 479.0, 270)"
662,132,2,x3_x1_x1,0.0,0.0,0.0,"(2585, 4867, 270)","(2585.0, 5311.0, 270)"
663,132,3,XC1_x1_x1,0.0,0.0,0.0,"(1796, 2433, 0)","(1796.0, 2433.0, 0)"
664,132,4,XC2_x1_x1,-37717.23482503442,36537.0,1392954.2422240288,"(3008, 4326, 90)","(3008.0, 4326.0, 90)"
665,133,0,XC1_x1_x1,0.0,0.0,0.0,"(284, 3056, 270)","(284.0, 3056.0, 270)"
666,133,1,x2_x1_x1,0.0,0.0,0.0,"(2414, 2670, 90)","(2414.0, 2690.0, 90)"
667,133,2,x1_x1_x1,0.0,0.0,0.0,"(314, 3925, 90)","(314.0, 3925.0, 90)"
668,133,3,x3_x1_x1,0.0,0.0,0.0,"(2877, 969, 180)","(2877.0, 969.0, 180)"
669,133,4,XC2_x1_x1,-32189.869784538027,31047.0,1306151.3444099987,"(1680, 1778, 180)","(1680.0, 1778.0, 180)"
670,134,0,x1_x1_x1,0.0,0.0,0.0,"(4721, 4461, 180)","(4721.0, 4461.0, 180)"
671,134,1,x3_x1_x1,0.0,0.0,0.0,"(2255, 4513, 180)","(2255.0, 4513.0, 180)"
672,134,2,x2_x1_x1,0.0,0.0,0.0,"(2813, 1418, 270)","(2813.0, 1418.0, 270)"
673,134,3,XC1_x1_x1,0.0,0.0,0.0,"(4850, 2202, 180)","(4850.0, 2202.0, 180)"
674,134,4,XC2_x1_x1,-39532.81994887323,38268.5,1598504.933118796,"(1208, 692, 270)","(1208.0, 692.0, 270)"
675,135,0,x1_x1_x1,0.0,0.0,0.0,"(4434, 3936, 180)","(5333.0, 3936.0, 180)"
676,135,1,x2_x1_x1,0.0,0.0,0.0,"(1416, 414, 0)","(1416.0, 414.0, 0)"
677,135,2,XC1_x1_x1,0.0,0.0,0.0,"(3449, 88, 90)","(3449.0, 88.0, 90)"
678,135,3,x3_x1_x1,0.0,0.0,0.0,"(4143, 4249, 180)","(4143.0, 4249.0, 180)"
679,135,4,XC2_x1_x1,-49647.95655550599,48037.0,2595181.0237277267,"(1117, 1497, 90)","(1117.0, 1497.0, 90)"
680,136,0,x3_x1_x1,0.0,0.0,0.0,"(971, 2617, 90)","(971.0, 2617.0, 90)"
681,136,1,XC2_x1_x1,0.0,0.0,0.0,"(534, 1551, 90)","(534.0, 1551.0, 90)"
682,136,2,x1_x1_x1,0.0,0.0,0.0,"(4391, 3730, 270)","(4862.0, 3730.0, 270)"
683,136,3,x2_x1_x1,0.0,0.0,0.0,"(3876, 4412, 180)","(3876.0, 4412.0, 180)"
684,136,4,XC1_x1_x1,-41525.27720837611,40180.5,1808425.7401678488,"(1127, 858, 90)","(1127.0, 858.0, 90)"
685,137,0,x3_x1_x1,0.0,0.0,0.0,"(370, 1903, 180)","(370.0, 1903.0, 180)"
686,137,1,XC2_x1_x1,0.0,0.0,0.0,"(3085, 920, 90)","(3085.0, 920.0, 90)"
687,137,2,x2_x1_x1,0.0,0.0,0.0,"(151, 851, 90)","(151.0, 592.0, 90)"
688,137,3,XC1_x1_x1,0.0,0.0,0.0,"(2548, 1990, 180)","(2548.0, 1990.0, 180)"
689,137,4,x1_x1_x1,-43356.355344065,41885.5,2163415.4431645772,"(4467, 3252, 270)","(4467.0, 3252.0, 270)"
690,138,0,x3_x1_x1,0.0,0.0,0.0,"(1842, 4142, 270)","(2456.5, 4142.0, 270)"
691,138,1,XC2_x1_x1,0.0,0.0,0.0,"(445, 4303, 180)","(445.0, 4303.0, 180)"
692,138,2,x1_x1_x1,0.0,0.0,0.0,"(1369, 3941, 180)","(1369.0, 3941.0, 180)"
693,138,3,XC1_x1_x1,0.0,0.0,0.0,"(2929, 3460, 180)","(2929.0, 3230.0, 180)"
694,138,4,x2_x1_x1,-27415.026550711682,26203.5,1467796.5830793486,"(412, 4816, 180)","(412.0, 5112.5, 180)"
695,139,0,x2_x1_x1,0.0,0.0,0.0,"(3662, 3145, 90)","(3662.0, 3145.0, 90)"
696,139,1,XC1_x1_x1,0.0,0.0,0.0,"(3015, 2684, 90)","(2852.5, 2684.0, 90)"
697,139,2,XC2_x1_x1,0.0,0.0,0.0,"(2541, 1368, 270)","(2541.0, 1368.0, 270)"
698,139,3,x3_x1_x1,0.0,0.0,0.0,"(4468, 4786, 90)","(4468.0, 4786.0, 90)"
699,139,4,x1_x1_x1,-31230.6746145647,30288.0,888635.4289447059,"(3761, 699, 180)","(3761.0, 699.0, 180)"
700,140,0,x1_x1_x1,0.0,0.0,0.0,"(2352, 1067, 270)","(2352.0, 1067.0, 270)"
701,140,1,XC1_x1_x1,0.0,0.0,0.0,"(1665, 4316, 90)","(1665.0, 4316.0, 90)"
702,140,2,x2_x1_x1,0.0,0.0,0.0,"(1129, 999, 0)","(1129.0, 999.0, 0)"
703,140,3,XC2_x1_x1,0.0,0.0,0.0,"(1130, 280, 270)","(1130.0, 116.5, 270)"
704,140,4,x3_x1_x1,-26908.886778505548,26093.0,665671.2353401597,"(250, 412, 180)","(-255.0, 412.0, 180)"
705,141,0,x2_x1_x1,0.0,0.0,0.0,"(4602, 180, 90)","(4602.0, 180.0, 90)"
706,141,1,XC2_x1_x1,0.0,0.0,0.0,"(463, 3684, 90)","(463.0, 3684.0, 90)"
707,141,2,x1_x1_x1,0.0,0.0,0.0,"(2211, 777, 90)","(2211.0, 777.0, 90)"
708,141,3,XC1_x1_x1,0.0,0.0,0.0,"(3009, 2505, 180)","(3009.0, 2505.0, 180)"
709,141,4,x3_x1_x1,-37803.84205017261,36658.0,1312954.0039437562,"(2833, 2836, 270)","(2833.0, 3417.0, 270)"
710,142,0,XC2_x1_x1,0.0,0.0,0.0,"(2571, 928, 180)","(2866.0, 928.0, 180)"
711,142,1,XC1_x1_x1,0.0,0.0,0.0,"(2053, 2588, 180)","(2053.0, 2588.0, 180)"
712,142,2,x1_x1_x1,0.0,0.0,0.0,"(2279, 858, 90)","(2279.0, 858.0, 90)"
713,142,3,x3_x1_x1,0.0,0.0,0.0,"(894, 2809, 180)","(894.0, 2809.0, 180)"
714,142,4,x2_x1_x1,-33878.47453241581,32700.0,1388802.2235526473,"(2436, 258, 90)","(2436.0, -459.0, 90)"
715,143,0,XC1_x1_x1,0.0,0.0,0.0,"(2697, 2548, 270)","(2697.0, 2548.0, 270)"
716,143,1,x3_x1_x1,0.0,0.0,0.0,"(3710, 1724, 180)","(3710.0, 1724.0, 180)"
717,143,2,XC2_x1_x1,0.0,0.0,0.0,"(2518, 4129, 90)","(2518.0, 4129.0, 90)"
718,143,3,x2_x1_x1,0.0,0.0,0.0,"(3515, 170, 180)","(3515.0, 170.0, 180)"
719,143,4,x1_x1_x1,-29271.193320714825,28230.5,1083042.5877804488,"(4394, 3244, 90)","(4394.0, 3244.0, 90)"
720,144,0,x3_x1_x1,0.0,0.0,0.0,"(788, 4291, 180)","(788.0, 4291.0, 180)"
721,144,1,x2_x1_x1,0.0,0.0,0.0,"(2699, 1239, 90)","(2699.0, 1239.0, 90)"
722,144,2,XC1_x1_x1,0.0,0.0,0.0,"(4332, 128, 180)","(4332.0, 128.0, 180)"
723,144,3,x1_x1_x1,0.0,0.0,0.0,"(2169, 630, 270)","(1786.0, 630.0, 270)"
724,144,4,XC2_x1_x1,-32378.058389714883,31432.5,894080.6683602012,"(2057, 4510, 180)","(2057.0, 4510.0, 180)"
725,145,0,x2_x1_x1,0.0,0.0,0.0,"(2785, 1789, 90)","(2785.0, 1789.0, 90)"
726,145,1,x1_x1_x1,0.0,0.0,0.0,"(1102, 1031, 180)","(1102.0, 1031.0, 180)"
727,145,2,XC1_x1_x1,0.0,0.0,0.0,"(3312, 2946, 90)","(3312.0, 2946.0, 90)"
728,145,3,x3_x1_x1,0.0,0.0,0.0,"(1708, 4148, 180)","(1708.0, 4148.0, 180)"
729,145,4,XC2_x1_x1,-27978.6028354933,27129.0,721824.9780782545,"(12, 3581, 270)","(12.0, 3581.0, 270)"
730,146,0,x1_x1_x1,0.0,0.0,0.0,"(3181, 4632, 90)","(3181.0, 4632.0, 90)"
731,146,1,x2_x1_x1,0.0,0.0,0.0,"(1462, 4363, 90)","(1352.5, 4363.0, 90)"
732,146,2,XC2_x1_x1,0.0,0.0,0.0,"(3916, 4772, 90)","(3916.0, 4772.0, 90)"
733,146,3,x3_x1_x1,0.0,0.0,0.0,"(2761, 3305, 180)","(2761.0, 3305.0, 180)"
734,146,4,XC1_x1_x1,-25795.77171260399,24672.5,1261739.340336297,"(4248, 4731, 90)","(4476.0, 4731.0, 90)"
735,147,0,XC2_x1_x1,0.0,0.0,0.0,"(2487, 2158, 180)","(2487.0, 2158.0, 180)"
736,147,1,XC1_x1_x1,0.0,0.0,0.0,"(3514, 3951, 0)","(3514.0, 3951.0, 0)"
737,147,2,x1_x1_x1,0.0,0.0,0.0,"(4096, 4812, 90)","(4096.0, 4812.0, 90)"
738,147,3,x3_x1_x1,0.0,0.0,0.0,"(1059, 2365, 0)","(1059.0, 2516.5, 0)"
739,147,4,x2_x1_x1,-36321.732475483426,35128.5,1423803.7405483078,"(2121, 1235, 90)","(2121.0, 1235.0, 90)"
740,148,0,x1_x1_x1,0.0,0.0,0.0,"(1127, 2654, 90)","(1127.0, 2654.0, 90)"
741,148,1,XC1_x1_x1,0.0,0.0,0.0,"(2402, 1175, 90)","(2402.0, 1175.0, 90)"
742,148,2,XC2_x1_x1,0.0,0.0,0.0,"(1324, 3106, 0)","(1324.0, 3372.0, 0)"
743,148,3,x3_x1_x1,0.0,0.0,0.0,"(839, 3488, 180)","(839.0, 4181.5, 180)"
744,148,4,x2_x1_x1,-21405.353896797045,20718.0,472455.37944208237,"(2347, 2314, 90)","(2347.0, 2314.0, 90)"
745,149,0,x1_x1_x1,0.0,0.0,0.0,"(4386, 3465, 90)","(4386.0, 3465.0, 90)"
746,149,1,x2_x1_x1,0.0,0.0,0.0,"(4531, 2431, 90)","(4531.0, 2148.0, 90)"
747,149,2,x3_x1_x1,0.0,0.0,0.0,"(547, 3321, 180)","(547.0, 3321.0, 180)"
748,149,3,XC2_x1_x1,0.0,0.0,0.0,"(1559, 2801, 90)","(1559.0, 2801.0, 90)"
749,149,4,XC1_x1_x1,-31686.56764694905,30681.5,1010160.9749437034,"(4862, 2159, 0)","(5413.5, 2159.0, 0)"
750,150,0,x3_x1_x1,0.0,0.0,0.0,"(1456, 1806, 90)","(1337.5, 1806.0, 90)"
751,150,1,XC1_x1_x1,0.0,0.0,0.0,"(1830, 4278, 90)","(1830.0, 4800.0, 90)"
752,150,2,x1_x1_x1,0.0,0.0,0.0,"(2348, 1900, 90)","(2348.0, 1900.0, 90)"
753,150,3,x2_x1_x1,0.0,0.0,0.0,"(3144, 578, 90)","(3144.0, 578.0, 90)"
754,150,4,XC2_x1_x1,-31766.90433094977,30763.5,1006820.2513687529,"(1873, 4167, 180)","(1873.0, 4167.0, 180)"
755,151,0,x3_x1_x1,0.0,0.0,0.0,"(3052, 4199, 90)","(3052.0, 4199.0, 90)"
756,151,1,XC2_x1_x1,0.0,0.0,0.0,"(4207, 4801, 180)","(4207.0, 4801.0, 180)"
757,151,2,XC1_x1_x1,0.0,0.0,0.0,"(2423, 4496, 180)","(2169.5, 4496.0, 180)"
758,151,3,x1_x1_x1,0.0,0.0,0.0,"(498, 2884, 180)","(498.0, 2884.0, 180)"
759,151,4,x2_x1_x1,-36340.06264248779,35149.5,1417439.4056875054,"(1388, 1309, 180)","(1388.0, 1309.0, 180)"
760,152,0,XC2_x1_x1,0.0,0.0,0.0,"(231, 25, 180)","(231.0, 25.0, 180)"
761,152,1,XC1_x1_x1,0.0,0.0,0.0,"(3373, 4224, 90)","(3373.0, 4224.0, 90)"
762,152,2,x3_x1_x1,0.0,0.0,0.0,"(1213, 1413, 0)","(1213.0, 1413.0, 0)"
763,152,3,x2_x1_x1,0.0,0.0,0.0,"(3584, 3162, 90)","(3584.0, 3162.0, 90)"
764,152,4,x1_x1_x1,-34161.403872406365,33119.5,1085563.679335375,"(40, 963, 270)","(40.0, 963.0, 270)"
765,153,0,x3_x1_x1,0.0,0.0,0.0,"(1426, 1299, 180)","(1426.0, 1299.0, 180)"
766,153,1,XC1_x1_x1,0.0,0.0,0.0,"(3724, 1993, 180)","(3724.0, 1993.0, 180)"
767,153,2,x2_x1_x1,0.0,0.0,0.0,"(1324, 2045, 180)","(1324.0, 2507.5, 180)"
768,153,3,XC2_x1_x1,0.0,0.0,0.0,"(3851, 182, 180)","(3851.0, 182.0, 180)"
769,153,4,x1_x1_x1,-28373.089027904967,27360.5,1025336.5394335284,"(3736, 1974, 180)","(3736.0, 2507.0, 180)"
770,154,0,XC2_x1_x1,0.0,0.0,0.0,"(1989, 1292, 270)","(1989.0, 1292.0, 270)"
771,154,1,x1_x1_x1,0.0,0.0,0.0,"(4718, 3954, 0)","(4718.0, 3954.0, 0)"
772,154,2,XC1_x1_x1,0.0,0.0,0.0,"(1748, 3567, 90)","(1748.0, 3567.0, 90)"
773,154,3,x2_x1_x1,0.0,0.0,0.0,"(4768, 1596, 90)","(5125.5, 1596.0, 90)"
774,154,4,x3_x1_x1,-32637.411781505536,31477.5,1345395.3408753444,"(3844, 2129, 180)","(3844.0, 2129.0, 180)"
775,155,0,x2_x1_x1,0.0,0.0,0.0,"(2649, 570, 180)","(2649.0, 570.0, 180)"
776,155,1,x1_x1_x1,0.0,0.0,0.0,"(4058, 4625, 180)","(4058.0, 4625.0, 180)"
777,155,2,XC2_x1_x1,0.0,0.0,0.0,"(1427, 1147, 270)","(1427.0, 1147.0, 270)"
778,155,3,x3_x1_x1,0.0,0.0,0.0,"(2438, 2342, 90)","(2438.0, 2342.0, 90)"
779,155,4,XC1_x1_x1,-36339.476793336136,35248.0,1191321.5903913355,"(236, 1460, 0)","(236.0, 1460.0, 0)"
780,156,0,XC1_x1_x1,0.0,0.0,0.0,"(716, 2862, 180)","(716.0, 2862.0, 180)"
781,156,1,x3_x1_x1,0.0,0.0,0.0,"(1866, 1809, 90)","(1866.0, 1809.0, 90)"
782,156,2,XC2_x1_x1,0.0,0.0,0.0,"(4209, 3454, 180)","(4209.0, 3454.0, 180)"
783,156,3,x1_x1_x1,0.0,0.0,0.0,"(3797, 693, 180)","(3797.0, 693.0, 180)"
784,156,4,x2_x1_x1,-31175.876163789555,30013.5,1351118.3461461237,"(2939, 2598, 270)","(3074.5, 2598.0, 270)"
785,157,0,x3_x1_x1,0.0,0.0,0.0,"(3802, 835, 180)","(3802.0, 835.0, 180)"
786,157,1,x2_x1_x1,0.0,0.0,0.0,"(389, 900, 180)","(389.0, 900.0, 180)"
787,157,2,x1_x1_x1,0.0,0.0,0.0,"(2685, 2465, 0)","(2685.0, 2465.0, 0)"
788,157,3,XC2_x1_x1,0.0,0.0,0.0,"(331, 2204, 90)","(331.0, 2204.0, 90)"
789,157,4,XC1_x1_x1,-34894.44908999094,33685.5,1461557.902189928,"(735, 2980, 0)","(735.0, 2980.0, 0)"
790,158,0,XC2_x1_x1,0.0,0.0,0.0,"(4551, 1548, 180)","(4551.0, 1548.0, 180)"
791,158,1,x2_x1_x1,0.0,0.0,0.0,"(1539, 1171, 180)","(1539.0, 1171.0, 180)"
792,158,2,XC1_x1_x1,0.0,0.0,0.0,"(2651, 181, 180)","(2651.0, 181.0, 180)"
793,158,3,x3_x1_x1,0.0,0.0,0.0,"(3360, 76, 270)","(3533.5, 76.0, 270)"
794,158,4,x1_x1_x1,-28067.27910594015,27070.5,993568.586038845,"(1827, 1790, 90)","(1827.0, 2288.0, 90)"
795,159,0,XC2_x1_x1,0.0,0.0,0.0,"(3163, 4888, 90)","(3163.0, 4888.0, 90)"
796,159,1,x2_x1_x1,0.0,0.0,0.0,"(1844, 3132, 0)","(1844.0, 3132.0, 0)"
797,159,2,x1_x1_x1,0.0,0.0,0.0,"(2857, 3661, 180)","(3161.0, 3661.0, 180)"
798,159,3,XC1_x1_x1,0.0,0.0,0.0,"(2085, 3858, 90)","(2085.0, 4014.5, 90)"
799,159,4,x3_x1_x1,-23144.15727116011,22255.5,789711.7455857325,"(2190, 2255, 90)","(2190.0, 1821.0, 90)"
800,160,0,XC2_x1_x1,0.0,0.0,0.0,"(4051, 3407, 180)","(4051.0, 3407.0, 180)"
801,160,1,XC1_x1_x1,0.0,0.0,0.0,"(52, 3856, 90)","(52.0, 3856.0, 90)"
802,160,2,x2_x1_x1,0.0,0.0,0.0,"(1575, 913, 180)","(1575.0, 786.5, 180)"
803,160,3,x3_x1_x1,0.0,0.0,0.0,"(2318, 4624, 180)","(2318.0, 4624.0, 180)"
804,160,4,x1_x1_x1,-34439.50285175436,33440.5,998006.6978133419,"(2100, 2001, 90)","(2100.0, 2001.0, 90)"
805,161,0,XC2_x1_x1,0.0,0.0,0.0,"(2908, 1001, 90)","(2908.0, 1001.0, 90)"
806,161,1,x2_x1_x1,0.0,0.0,0.0,"(4135, 41, 270)","(4135.0, 41.0, 270)"
807,161,2,x3_x1_x1,0.0,0.0,0.0,"(4544, 3108, 180)","(4544.0, 3108.0, 180)"
808,161,3,x1_x1_x1,0.0,0.0,0.0,"(118, 2937, 0)","(118.0, 2937.0, 0)"
809,161,4,XC1_x1_x1,-50826.88716904705,49319.0,2273723.714576718,"(292, 4379, 180)","(292.0, 4379.0, 180)"
810,162,0,x2_x1_x1,0.0,0.0,0.0,"(3730, 1565, 90)","(3730.0, 1565.0, 90)"
811,162,1,XC2_x1_x1,0.0,0.0,0.0,"(2990, 4891, 90)","(2990.0, 4891.0, 90)"
812,162,2,x3_x1_x1,0.0,0.0,0.0,"(957, 1002, 270)","(619.5, 1002.0, 270)"
813,162,3,XC1_x1_x1,0.0,0.0,0.0,"(3943, 1159, 0)","(3943.0, 653.0, 0)"
814,162,4,x1_x1_x1,-34317.08992409496,33213.0,1219014.560488006,"(1503, 452, 270)","(1503.0, 452.0, 270)"
815,163,0,XC1_x1_x1,0.0,0.0,0.0,"(4286, 4148, 0)","(4286.0, 4148.0, 0)"
816,163,1,x3_x1_x1,0.0,0.0,0.0,"(2973, 4711, 90)","(2973.0, 4711.0, 90)"
817,163,2,x1_x1_x1,0.0,0.0,0.0,"(1670, 4791, 90)","(1670.0, 4791.0, 90)"
818,163,3,x2_x1_x1,0.0,0.0,0.0,"(4267, 3637, 180)","(4284.0, 3338.5, 180)"
819,163,4,XC2_x1_x1,-26716.771096635464,25812.5,817706.2162103024,"(417, 4331, 180)","(417.0, 4331.0, 180)"
820,164,0,XC1_x1_x1,0.0,0.0,0.0,"(3060, 4013, 90)","(3060.0, 4013.0, 90)"
821,164,1,XC2_x1_x1,0.0,0.0,0.0,"(2962, 935, 90)","(2962.0, 935.0, 90)"
822,164,2,x2_x1_x1,0.0,0.0,0.0,"(2726, 4300, 90)","(2726.0, 4998.0, 90)"
823,164,3,x1_x1_x1,0.0,0.0,0.0,"(1184, 2139, 180)","(1184.0, 2139.0, 180)"
824,164,4,x3_x1_x1,-32757.96598040978,31711.0,1096137.764135413,"(588, 2787, 90)","(588.0, 3252.0, 90)"
825,165,0,XC2_x1_x1,0.0,0.0,0.0,"(3738, 4879, 90)","(3738.0, 4879.0, 90)"
826,165,1,x3_x1_x1,0.0,0.0,0.0,"(3900, 711, 0)","(3900.0, 711.0, 0)"
827,165,2,XC1_x1_x1,0.0,0.0,0.0,"(1220, 154, 90)","(1220.0, 154.0, 90)"
828,165,3,x1_x1_x1,0.0,0.0,0.0,"(4124, 3454, 270)","(4124.0, 3454.0, 270)"
829,165,4,x2_x1_x1,-42012.03949860762,40755.5,1578891.5115610883,"(1262, 3860, 180)","(1262.0, 3860.0, 180)"
830,166,0,XC2_x1_x1,0.0,0.0,0.0,"(1395, 4305, 90)","(1395.0, 4820.0, 90)"
831,166,1,XC1_x1_x1,0.0,0.0,0.0,"(1563, 2153, 0)","(1563.0, 2923.0, 0)"
832,166,2,x1_x1_x1,0.0,0.0,0.0,"(2891, 410, 270)","(2891.0, 410.0, 270)"
833,166,3,x3_x1_x1,0.0,0.0,0.0,"(1371, 3632, 270)","(1371.0, 3835.0, 270)"
834,166,4,x2_x1_x1,-28440.247232009708,27423.0,1034791.9310314091,"(1657, 2011, 90)","(1657.0, 2011.0, 90)"
835,167,0,XC2_x1_x1,0.0,0.0,0.0,"(1663, 2752, 90)","(1663.0, 2752.0, 90)"
836,167,1,x2_x1_x1,0.0,0.0,0.0,"(4817, 1175, 0)","(4823.0, 1175.0, 0)"
837,167,2,XC1_x1_x1,0.0,0.0,0.0,"(3911, 1219, 270)","(3911.0, 1184.5, 270)"
838,167,3,x3_x1_x1,0.0,0.0,0.0,"(3134, 2067, 180)","(3134.0, 2067.0, 180)"
839,167,4,x1_x1_x1,-25164.84380122807,24462.0,493989.408924725,"(1240, 1888, 90)","(1240.0, 1888.0, 90)"
840,168,0,x1_x1_x1,0.0,0.0,0.0,"(4594, 188, 90)","(4594.0, 188.0, 90)"
841,168,1,x3_x1_x1,0.0,0.0,0.0,"(405, 585, 180)","(405.0, 585.0, 180)"
842,168,2,XC2_x1_x1,0.0,0.0,0.0,"(2076, 2556, 180)","(2076.0, 2556.0, 180)"
843,168,3,x2_x1_x1,0.0,0.0,0.0,"(4081, 3289, 180)","(4081.0, 3289.0, 180)"
844,168,4,XC1_x1_x1,-45689.04553694808,44248.0,2076612.2395579705,"(1049, 3550, 270)","(1049.0, 3550.0, 270)"
845,169,0,x2_x1_x1,0.0,0.0,0.0,"(159, 3667, 0)","(159.0, 3667.0, 0)"
846,169,1,XC2_x1_x1,0.0,0.0,0.0,"(3694, 3293, 270)","(3694.0, 3293.0, 270)"
847,169,2,XC1_x1_x1,0.0,0.0,0.0,"(4619, 2648, 90)","(4619.0, 2648.0, 90)"
848,169,3,x1_x1_x1,0.0,0.0,0.0,"(2091, 4476, 180)","(2091.0, 4476.0, 180)"
849,169,4,x3_x1_x1,-35400.202990561564,34272.0,1272841.9879120588,"(2574, 1999, 0)","(2574.0, 1999.0, 0)"
850,170,0,x2_x1_x1,0.0,0.0,0.0,"(2495, 2434, 90)","(2495.0, 2434.0, 90)"
851,170,1,x1_x1_x1,0.0,0.0,0.0,"(2461, 4512, 180)","(2461.0, 4512.0, 180)"
852,170,2,XC1_x1_x1,0.0,0.0,0.0,"(271, 3676, 270)","(271.0, 3676.0, 270)"
853,170,3,XC2_x1_x1,0.0,0.0,0.0,"(342, 4507, 270)","(342.0, 4507.0, 270)"
854,170,4,x3_x1_x1,-38670.036971770234,37466.0,1449705.0293896336,"(4905, 2277, 180)","(4905.0, 2277.0, 180)"
855,171,0,x1_x1_x1,0.0,0.0,0.0,"(3648, 528, 90)","(3648.0, 528.0, 90)"
856,171,1,x2_x1_x1,0.0,0.0,0.0,"(1670, 4334, 180)","(1670.0, 4334.0, 180)"
857,171,2,XC1_x1_x1,0.0,0.0,0.0,"(3472, 1734, 90)","(3472.0, 1674.5, 90)"
858,171,3,XC2_x1_x1,0.0,0.0,0.0,"(2327, 4916, 90)","(2327.0, 5216.5, 90)"
859,171,4,x3_x1_x1,-41124.667095508164,39665.5,2129168.612613727,"(3494, 2557, 0)","(3494.0, 2557.0, 0)"
860,172,0,XC1_x1_x1,0.0,0.0,0.0,"(744, 4083, 90)","(744.0, 4083.0, 90)"
861,172,1,x3_x1_x1,0.0,0.0,0.0,"(3888, 1040, 90)","(3888.0, 1040.0, 90)"
862,172,2,x2_x1_x1,0.0,0.0,0.0,"(2021, 1996, 90)","(2021.0, 1996.0, 90)"
863,172,3,XC2_x1_x1,0.0,0.0,0.0,"(3717, 3208, 0)","(3717.0, 3208.0, 0)"
864,172,4,x1_x1_x1,-30148.991735480235,29225.0,853760.7272357743,"(4576, 2732, 90)","(4576.0, 2732.0, 90)"
865,173,0,XC1_x1_x1,0.0,0.0,0.0,"(859, 3584, 270)","(859.0, 3584.0, 270)"
866,173,1,x2_x1_x1,0.0,0.0,0.0,"(54, 3724, 90)","(49.5, 3724.0, 90)"
867,173,2,x3_x1_x1,0.0,0.0,0.0,"(4196, 2330, 90)","(4196.0, 2330.0, 90)"
868,173,3,XC2_x1_x1,0.0,0.0,0.0,"(2921, 4795, 0)","(2921.0, 4795.0, 0)"
869,173,4,x1_x1_x1,-39792.08016648546,38556.0,1527894.1779787203,"(4397, 2242, 180)","(5313.0, 2242.0, 180)"
870,174,0,XC1_x1_x1,0.0,0.0,0.0,"(1085, 2323, 90)","(1085.0, 2323.0, 90)"
871,174,1,x1_x1_x1,0.0,0.0,0.0,"(1253, 4707, 180)","(1253.0, 4707.0, 180)"
872,174,2,x2_x1_x1,0.0,0.0,0.0,"(3530, 3141, 180)","(3530.0, 3141.0, 180)"
873,174,3,XC2_x1_x1,0.0,0.0,0.0,"(392, 403, 0)","(392.0, 403.0, 0)"
874,174,4,x3_x1_x1,-41582.24902738069,40370.0,1469547.704385436,"(4069, 539, 180)","(4069.0, 539.0, 180)"
875,175,0,x1_x1_x1,0.0,0.0,0.0,"(401, 2728, 90)","(401.0, 2728.0, 90)"
876,175,1,XC1_x1_x1,0.0,0.0,0.0,"(2236, 3709, 90)","(2484.5, 3709.0, 90)"
877,175,2,x2_x1_x1,0.0,0.0,0.0,"(1675, 3877, 90)","(1675.0, 3877.0, 90)"
878,175,3,XC2_x1_x1,0.0,0.0,0.0,"(14, 626, 180)","(14.0, 626.0, 180)"
879,175,4,x3_x1_x1,-25447.819007403963,24652.0,633327.8925454265,"(105, 4390, 180)","(105.0, 4390.0, 180)"
880,176,0,x3_x1_x1,0.0,0.0,0.0,"(4219, 661, 180)","(4219.0, 661.0, 180)"
881,176,1,x2_x1_x1,0.0,0.0,0.0,"(368, 788, 90)","(368.0, 788.0, 90)"
882,176,2,XC1_x1_x1,0.0,0.0,0.0,"(1656, 2031, 0)","(1656.0, 2031.0, 0)"
883,176,3,x1_x1_x1,0.0,0.0,0.0,"(1920, 1024, 90)","(1920.0, 1024.0, 90)"
884,176,4,XC2_x1_x1,-36511.289661780625,35467.5,1089496.8580401144,"(1298, 4818, 0)","(1298.0, 4818.0, 0)"
885,177,0,x3_x1_x1,0.0,0.0,0.0,"(4481, 1420, 90)","(4679.5, 1420.0, 90)"
886,177,1,x1_x1_x1,0.0,0.0,0.0,"(3796, 1399, 90)","(3796.0, 1399.0, 90)"
887,177,2,XC1_x1_x1,0.0,0.0,0.0,"(307, 2101, 180)","(307.0, 2101.0, 180)"
888,177,3,XC2_x1_x1,0.0,0.0,0.0,"(13, 4353, 180)","(13.0, 4353.0, 180)"
889,177,4,x2_x1_x1,-35601.132591211055,34550.0,1104879.72430606,"(3888, 2803, 180)","(3888.0, 2803.0, 180)"
890,178,0,x2_x1_x1,0.0,0.0,0.0,"(2233, 491, 90)","(2233.0, 491.0, 90)"
891,178,1,x1_x1_x1,0.0,0.0,0.0,"(403, 1603, 90)","(403.0, 1603.0, 90)"
892,178,2,XC1_x1_x1,0.0,0.0,0.0,"(4624, 846, 90)","(5018.0, 846.0, 90)"
893,178,3,x3_x1_x1,0.0,0.0,0.0,"(4106, 1002, 180)","(4106.0, 1002.0, 180)"
894,178,4,XC2_x1_x1,-35227.68360803509,33918.0,1715271.153155819,"(928, 359, 0)","(928.0, 359.0, 0)"
895,179,0,x1_x1_x1,0.0,0.0,0.0,"(1089, 3848, 90)","(1089.0, 3848.0, 90)"
896,179,1,XC1_x1_x1,0.0,0.0,0.0,"(2511, 1503, 90)","(2511.0, 1503.0, 90)"
897,179,2,x2_x1_x1,0.0,0.0,0.0,"(3643, 2862, 180)","(3643.0, 2862.0, 180)"
898,179,3,x3_x1_x1,0.0,0.0,0.0,"(1499, 1232, 90)","(1499.0, 1232.0, 90)"
899,179,4,XC2_x1_x1,-32407.32613575544,31216.0,1419257.961733989,"(2328, 873, 90)","(2328.0, 797.0, 90)"
900,180,0,XC2_x1_x1,0.0,0.0,0.0,"(3662, 2112, 90)","(4128.5, 2112.0, 90)"
901,180,1,XC1_x1_x1,0.0,0.0,0.0,"(1311, 3214, 180)","(1311.0, 3214.0, 180)"
902,180,2,x3_x1_x1,0.0,0.0,0.0,"(4228, 3485, 0)","(4228.0, 3485.0, 0)"
903,180,3,x1_x1_x1,0.0,0.0,0.0,"(2371, 2515, 180)","(2371.0, 2515.0, 180)"
904,180,4,x2_x1_x1,-28045.528595795444,27080.5,931280.1907029229,"(3319, 1664, 90)","(3319.0, 1529.0, 90)"
905,181,0,x2_x1_x1,0.0,0.0,0.0,"(4159, 1234, 90)","(4164.5, 1234.0, 90)"
906,181,1,x3_x1_x1,0.0,0.0,0.0,"(4531, 4644, 90)","(4531.0, 4644.0, 90)"
907,181,2,XC2_x1_x1,0.0,0.0,0.0,"(1801, 4178, 90)","(1801.0, 4178.0, 90)"
908,181,3,x1_x1_x1,0.0,0.0,0.0,"(3077, 957, 180)","(3077.0, 957.0, 180)"
909,181,4,XC1_x1_x1,-36771.71028533483,35575.0,1432115.5070261837,"(2876, 3671, 180)","(2876.0, 3671.0, 180)"
910,182,0,XC1_x1_x1,0.0,0.0,0.0,"(3521, 2132, 180)","(3521.0, 2132.0, 180)"
911,182,1,XC2_x1_x1,0.0,0.0,0.0,"(3063, 2660, 90)","(3063.0, 2765.0, 90)"
912,182,2,x1_x1_x1,0.0,0.0,0.0,"(2644, 1355, 180)","(2644.0, 1355.0, 180)"
913,182,3,x3_x1_x1,0.0,0.0,0.0,"(1262, 4119, 180)","(1262.0, 4119.0, 180)"
914,182,4,x2_x1_x1,-39700.03877272346,38376.0,1753078.671675059,"(568, 171, 180)","(568.0, 171.0, 180)"
915,183,0,XC1_x1_x1,0.0,0.0,0.0,"(4067, 3468, 90)","(4067.0, 3468.0, 90)"
916,183,1,XC2_x1_x1,0.0,0.0,0.0,"(3942, 2463, 90)","(3942.0, 2463.0, 90)"
917,183,2,x3_x1_x1,0.0,0.0,0.0,"(1803, 4676, 0)","(1803.0, 4676.0, 0)"
918,183,3,x1_x1_x1,0.0,0.0,0.0,"(3175, 575, 90)","(3175.0, 575.0, 90)"
919,183,4,x2_x1_x1,-40166.70583840889,38851.0,1731081.853223242,"(4249, 1216, 90)","(4249.0, 1216.0, 90)"
920,184,0,x1_x1_x1,0.0,0.0,0.0,"(312, 738, 90)","(312.0, 738.0, 90)"
921,184,1,XC2_x1_x1,0.0,0.0,0.0,"(1131, 4353, 90)","(1131.0, 4353.0, 90)"
922,184,2,XC1_x1_x1,0.0,0.0,0.0,"(2016, 3664, 180)","(2016.0, 3664.0, 180)"
923,184,3,x2_x1_x1,0.0,0.0,0.0,"(183, 4821, 90)","(183.0, 4821.0, 90)"
924,184,4,x3_x1_x1,-40169.43583662681,38943.5,1502918.675525877,"(3118, 3661, 180)","(3118.0, 3661.0, 180)"
925,185,0,XC1_x1_x1,0.0,0.0,0.0,"(2214, 2357, 270)","(2214.0, 2357.0, 270)"
926,185,1,x1_x1_x1,0.0,0.0,0.0,"(212, 3407, 180)","(212.0, 3407.0, 180)"
927,185,2,XC2_x1_x1,0.0,0.0,0.0,"(2707, 4522, 180)","(3529.5, 4522.0, 180)"
928,185,3,x3_x1_x1,0.0,0.0,0.0,"(139, 1827, 0)","(139.0, 1827.0, 0)"
929,185,4,x2_x1_x1,-39474.06834605164,38033.5,2075237.159645951,"(2647, 4570, 90)","(2647.0, 4570.0, 90)"
930,186,0,x1_x1_x1,0.0,0.0,0.0,"(3093, 1271, 90)","(3093.0, 1271.0, 90)"
931,186,1,XC1_x1_x1,0.0,0.0,0.0,"(649, 2943, 270)","(649.0, 2943.0, 270)"
932,186,2,XC2_x1_x1,0.0,0.0,0.0,"(1379, 1458, 180)","(1739.0, 1458.0, 180)"
933,186,3,x3_x1_x1,0.0,0.0,0.0,"(754, 1325, 180)","(754.0, 1325.0, 180)"
934,186,4,x2_x1_x1,-40787.610100815524,39482.5,1703312.3752506983,"(4010, 4763, 270)","(4010.0, 4763.0, 270)"
935,187,0,XC1_x1_x1,0.0,0.0,0.0,"(3946, 4045, 180)","(3946.0, 4045.0, 180)"
936,187,1,x1_x1_x1,0.0,0.0,0.0,"(1258, 897, 90)","(1258.0, 897.0, 90)"
937,187,2,x2_x1_x1,0.0,0.0,0.0,"(2104, 4934, 90)","(2104.0, 4934.0, 90)"
938,187,3,x3_x1_x1,0.0,0.0,0.0,"(649, 918, 180)","(145.0, 918.0, 180)"
939,187,4,XC2_x1_x1,-37975.675524862934,36984.5,982428.9210873095,"(1930, 97, 0)","(1930.0, 97.0, 0)"
940,188,0,x1_x1_x1,0.0,0.0,0.0,"(3307, 2108, 90)","(3585.0, 2108.0, 90)"
941,188,1,x2_x1_x1,0.0,0.0,0.0,"(2654, 69, 0)","(2654.0, -315.0, 0)"
942,188,2,XC2_x1_x1,0.0,0.0,0.0,"(3071, 1940, 90)","(3071.0, 1940.0, 90)"
943,188,3,XC1_x1_x1,0.0,0.0,0.0,"(551, 3704, 270)","(551.0, 3704.0, 270)"
944,188,4,x3_x1_x1,-29888.933952768533,28879.5,1018956.9050019066,"(3375, 1574, 180)","(3375.0, 893.5, 180)"
945,189,0,x3_x1_x1,0.0,0.0,0.0,"(5, 3735, 0)","(5.0, 3412.5, 0)"
946,189,1,x2_x1_x1,0.0,0.0,0.0,"(4154, 3757, 90)","(4432.5, 3757.0, 90)"
947,189,2,x1_x1_x1,0.0,0.0,0.0,"(97, 4296, 180)","(97.0, 4296.0, 180)"
948,189,3,XC1_x1_x1,0.0,0.0,0.0,"(3550, 3832, 0)","(3550.0, 3832.0, 0)"
949,189,4,XC2_x1_x1,-37077.67878229822,35862.0,1477874.9017300957,"(3719, 2316, 180)","(3719.0, 2316.0, 180)"
950,190,0,x3_x1_x1,0.0,0.0,0.0,"(4493, 768, 0)","(4493.0, 768.0, 0)"
951,190,1,XC2_x1_x1,0.0,0.0,0.0,"(3054, 2932, 180)","(3054.0, 2932.0, 180)"
952,190,2,x1_x1_x1,0.0,0.0,0.0,"(2378, 3623, 180)","(2378.0, 3623.0, 180)"
953,190,3,x2_x1_x1,0.0,0.0,0.0,"(1019, 369, 180)","(1019.0, 369.0, 180)"
954,190,4,XC1_x1_x1,-38570.70421391239,37432.5,1295508.8325679223,"(1254, 2118, 0)","(1254.0, 2118.0, 0)"
955,191,0,XC1_x1_x1,0.0,0.0,0.0,"(2482, 1921, 180)","(2482.0, 1921.0, 180)"
956,191,1,x3_x1_x1,0.0,0.0,0.0,"(2729, 414, 180)","(2729.0, -399.5, 180)"
957,191,2,XC2_x1_x1,0.0,0.0,0.0,"(1788, 2951, 90)","(1788.0, 2951.0, 90)"
958,191,3,x2_x1_x1,0.0,0.0,0.0,"(2904, 1258, 90)","(2904.0, 1009.0, 90)"
959,191,4,x1_x1_x1,-35355.706067901236,34105.0,1564265.6682849796,"(497, 3140, 180)","(497.0, 3140.0, 180)"
960,192,0,XC1_x1_x1,0.0,0.0,0.0,"(93, 2397, 90)","(93.0, 2397.0, 90)"
961,192,1,x3_x1_x1,0.0,0.0,0.0,"(1837, 4705, 180)","(2593.0, 4705.0, 180)"
962,192,2,x1_x1_x1,0.0,0.0,0.0,"(3492, 564, 180)","(3492.0, 564.0, 180)"
963,192,3,x2_x1_x1,0.0,0.0,0.0,"(1082, 4375, 0)","(1082.0, 4375.0, 0)"
964,192,4,XC2_x1_x1,-40495.52835357416,39316.5,1390107.8585318008,"(4350, 4085, 90)","(4350.0, 4085.0, 90)"
965,193,0,x3_x1_x1,0.0,0.0,0.0,"(3074, 1847, 180)","(3074.0, 1847.0, 180)"
966,193,1,XC2_x1_x1,0.0,0.0,0.0,"(4684, 1103, 90)","(4684.0, 1103.0, 90)"
967,193,2,x1_x1_x1,0.0,0.0,0.0,"(4046, 4342, 90)","(4046.0, 4342.0, 90)"
968,193,3,x2_x1_x1,0.0,0.0,0.0,"(3246, 116, 90)","(3246.0, -342.0, 90)"
969,193,4,XC1_x1_x1,-34150.68081392287,33019.5,1279570.033787206,"(3082, 643, 270)","(3082.0, 643.0, 270)"
970,194,0,x3_x1_x1,0.0,0.0,0.0,"(825, 3547, 180)","(825.0, 3547.0, 180)"
971,194,1,XC1_x1_x1,0.0,0.0,0.0,"(3328, 966, 90)","(3328.0, 966.0, 90)"
972,194,2,x2_x1_x1,0.0,0.0,0.0,"(649, 4091, 180)","(649.0, 4755.5, 180)"
973,194,3,XC2_x1_x1,0.0,0.0,0.0,"(4802, 4698, 90)","(4802.0, 4698.0, 90)"
974,194,4,x1_x1_x1,-44743.46488311112,43264.0,2188816.3403590047,"(4485, 2130, 270)","(4485.0, 2130.0, 270)"
975,195,0,x3_x1_x1,0.0,0.0,0.0,"(4417, 3209, 90)","(4417.0, 3209.0, 90)"
976,195,1,XC2_x1_x1,0.0,0.0,0.0,"(1979, 4500, 0)","(1979.0, 4500.0, 0)"
977,195,2,XC1_x1_x1,0.0,0.0,0.0,"(287, 4829, 180)","(287.0, 4829.0, 180)"
978,195,3,x1_x1_x1,0.0,0.0,0.0,"(4873, 2078, 0)","(4873.0, 2078.0, 0)"
979,195,4,x2_x1_x1,-46013.250361676866,44690.5,1749668.5193162723,"(1887, 221, 180)","(1887.0, 221.0, 180)"
980,196,0,x1_x1_x1,0.0,0.0,0.0,"(2729, 65, 180)","(2729.0, 65.0, 180)"
981,196,1,XC2_x1_x1,0.0,0.0,0.0,"(2839, 3385, 90)","(2839.0, 3385.0, 90)"
982,196,2,x3_x1_x1,0.0,0.0,0.0,"(331, 3481, 0)","(-68.0, 3481.0, 0)"
983,196,3,x2_x1_x1,0.0,0.0,0.0,"(1243, 3830, 90)","(1243.0, 3830.0, 90)"
984,196,4,XC1_x1_x1,-37328.02886940705,36168.5,1344507.1989883871,"(916, 4673, 180)","(916.0, 4742.0, 180)"
985,197,0,XC2_x1_x1,0.0,0.0,0.0,"(729, 1345, 90)","(729.0, 1345.0, 90)"
986,197,1,XC1_x1_x1,0.0,0.0,0.0,"(467, 31, 90)","(467.0, -606.5, 90)"
987,197,2,x3_x1_x1,0.0,0.0,0.0,"(528, 276, 180)","(528.0, 276.0, 180)"
988,197,3,x1_x1_x1,0.0,0.0,0.0,"(4690, 4747, 0)","(4690.0, 4747.0, 0)"
989,197,4,x2_x1_x1,-52739.79470069606,51126.5,2602719.7912939796,"(2474, 3367, 90)","(2474.0, 3367.0, 90)"
990,198,0,XC1_x1_x1,0.0,0.0,0.0,"(2383, 1845, 0)","(2383.0, 1845.0, 0)"
991,198,1,x1_x1_x1,0.0,0.0,0.0,"(634, 2216, 180)","(634.0, 2216.0, 180)"
992,198,2,x3_x1_x1,0.0,0.0,0.0,"(719, 2691, 180)","(719.0, 3226.5, 180)"
993,198,3,XC2_x1_x1,0.0,0.0,0.0,"(4463, 3913, 90)","(4463.0, 3913.0, 90)"
994,198,4,x2_x1_x1,-31949.64062676103,30949.0,1001281.6639247081,"(128, 2686, 0)","(-792.0, 3226.5, 0)"
995,199,0,XC1_x1_x1,0.0,0.0,0.0,"(474, 839, 90)","(474.0, 839.0, 90)"
996,199,1,XC2_x1_x1,0.0,0.0,0.0,"(2877, 4035, 90)","(3024.0, 4035.0, 90)"
997,199,2,x2_x1_x1,0.0,0.0,0.0,"(3046, 917, 90)","(3046.0, 917.0, 90)"
998,199,3,x1_x1_x1,0.0,0.0,0.0,"(3557, 4191, 90)","(3557.0, 4191.0, 90)"
999,199,4,x3_x1_x1,-30204.1156285768,29275.0,863255.8512656643,"(2112, 3446, 180)","(2112.0, 3446.0, 180)"
1000,200,0,XC1_x1_x1,0.0,0.0,0.0,"(1180, 376, 90)","(1180.0, 376.0, 90)"
1001,200,1,x3_x1_x1,0.0,0.0,0.0,"(4382, 3261, 180)","(4382.0, 3261.0, 180)"
1002,200,2,x2_x1_x1,0.0,0.0,0.0,"(984, 3436, 0)","(984.0, 3436.0, 0)"
1003,200,3,x1_x1_x1,0.0,0.0,0.0,"(1803, 1481, 0)","(1803.0, 1481.0, 0)"
1004,200,4,XC2_x1_x1,-36340.88530946424,35299.5,1084483.3627679371,"(3227, 4846, 180)","(3227.0, 4846.0, 180)"
1005,201,0,XC2_x1_x1,0.0,0.0,0.0,"(3753, 3982, 0)","(3753.0, 3982.0, 0)"
1006,201,1,XC1_x1_x1,0.0,0.0,0.0,"(1994, 1620, 90)","(1994.0, 1620.0, 90)"
1007,201,2,x2_x1_x1,0.0,0.0,0.0,"(440, 1313, 180)","(282.0, 1313.0, 180)"
1008,201,3,x1_x1_x1,0.0,0.0,0.0,"(1472, 449, 0)","(1472.0, 449.0, 0)"
1009,201,4,x3_x1_x1,-29040.116514472327,28289.5,563425.1517985866,"(3089, 614, 180)","(3089.0, 614.0, 180)"
1010,202,0,x1_x1_x1,0.0,0.0,0.0,"(3117, 619, 270)","(3117.0, 619.0, 270)"
1011,202,1,XC1_x1_x1,0.0,0.0,0.0,"(3770, 3046, 180)","(3770.0, 3046.0, 180)"
1012,202,2,x2_x1_x1,0.0,0.0,0.0,"(2608, 4145, 270)","(2608.0, 4145.0, 270)"
1013,202,3,x3_x1_x1,0.0,0.0,0.0,"(1496, 357, 180)","(1496.0, 357.0, 180)"
1014,202,4,XC2_x1_x1,-30824.803700766297,29910.0,836865.8109357138,"(1377, 1515, 90)","(1377.0, 1515.0, 90)"
1015,203,0,x1_x1_x1,0.0,0.0,0.0,"(4332, 3655, 180)","(4332.0, 3917.0, 180)"
1016,203,1,x3_x1_x1,0.0,0.0,0.0,"(2128, 2309, 90)","(2128.0, 2309.0, 90)"
1017,203,2,XC2_x1_x1,0.0,0.0,0.0,"(1485, 590, 270)","(1485.0, 590.0, 270)"
1018,203,3,x2_x1_x1,0.0,0.0,0.0,"(3724, 3004, 0)","(3724.0, 3004.0, 0)"
1019,203,4,XC1_x1_x1,-26534.030751348102,25671.5,743959.2970211217,"(4112, 746, 270)","(4112.0, 746.0, 270)"
1020,204,0,XC1_x1_x1,0.0,0.0,0.0,"(680, 2964, 90)","(680.0, 2964.0, 90)"
1021,204,1,x2_x1_x1,0.0,0.0,0.0,"(4656, 1016, 180)","(4656.0, 1016.0, 180)"
1022,204,2,XC2_x1_x1,0.0,0.0,0.0,"(3655, 1938, 180)","(3655.0, 1938.0, 180)"
1023,204,3,x3_x1_x1,0.0,0.0,0.0,"(451, 4697, 90)","(451.0, 4949.0, 90)"
1024,204,4,x1_x1_x1,-54576.868639571214,52841.5,3011504.31520724,"(582, 3836, 180)","(582.0, 3836.0, 180)"
1025,205,0,XC1_x1_x1,0.0,0.0,0.0,"(2921, 621, 90)","(2921.0, 621.0, 90)"
1026,205,1,XC2_x1_x1,0.0,0.0,0.0,"(4930, 3498, 180)","(4930.0, 3498.0, 180)"
1027,205,2,x3_x1_x1,0.0,0.0,0.0,"(1839, 3504, 0)","(1839.0, 3504.0, 0)"
1028,205,3,x1_x1_x1,0.0,0.0,0.0,"(3822, 2256, 270)","(3822.0, 2256.0, 270)"
1029,205,4,x2_x1_x1,-32656.80767780923,31761.0,802471.395621964,"(1244, 2508, 0)","(455.0, 2508.0, 0)"
1030,206,0,x3_x1_x1,0.0,0.0,0.0,"(2086, 3003, 180)","(2086.0, 3003.0, 180)"
1031,206,1,x2_x1_x1,0.0,0.0,0.0,"(2824, 760, 270)","(2824.0, 760.0, 270)"
1032,206,2,XC1_x1_x1,0.0,0.0,0.0,"(2983, 4813, 0)","(2983.0, 4813.0, 0)"
1033,206,3,x1_x1_x1,0.0,0.0,0.0,"(4132, 4853, 180)","(4132.0, 4853.0, 180)"
1034,206,4,XC2_x1_x1,-35662.518518673845,34511.0,1325994.8988488142,"(3466, 3438, 180)","(3466.0, 3438.0, 180)"
1035,207,0,XC1_x1_x1,0.0,0.0,0.0,"(331, 1169, 0)","(331.0, 1169.0, 0)"
1036,207,1,XC2_x1_x1,0.0,0.0,0.0,"(3403, 508, 180)","(3403.0, 508.0, 180)"
1037,207,2,x1_x1_x1,0.0,0.0,0.0,"(1166, 4046, 0)","(1166.0, 4046.0, 0)"
1038,207,3,x2_x1_x1,0.0,0.0,0.0,"(3067, 2127, 90)","(3067.0, 2127.0, 90)"
1039,207,4,x3_x1_x1,-40033.423186439526,38614.0,2014762.182202138,"(1371, 4738, 0)","(1371.0, 4929.5, 0)"
1040,208,0,XC2_x1_x1,0.0,0.0,0.0,"(2598, 1717, 90)","(2598.0, 1717.0, 90)"
1041,208,1,x1_x1_x1,0.0,0.0,0.0,"(584, 912, 0)","(584.0, 912.0, 0)"
1042,208,2,x2_x1_x1,0.0,0.0,0.0,"(788, 2297, 90)","(788.0, 2297.0, 90)"
1043,208,3,x3_x1_x1,0.0,0.0,0.0,"(167, 2771, 0)","(-523.0, 2771.0, 0)"
1044,208,4,XC1_x1_x1,-31225.223555442673,30187.5,1076870.1775205836,"(3137, 4055, 90)","(3137.0, 4055.0, 90)"
1045,209,0,x2_x1_x1,0.0,0.0,0.0,"(2112, 527, 180)","(2112.0, 527.0, 180)"
1046,209,1,x3_x1_x1,0.0,0.0,0.0,"(4722, 1549, 270)","(4722.0, 1549.0, 270)"
1047,209,2,XC1_x1_x1,0.0,0.0,0.0,"(551, 491, 180)","(551.0, 491.0, 180)"
1048,209,3,XC2_x1_x1,0.0,0.0,0.0,"(152, 1542, 90)","(152.0, 1542.0, 90)"
1049,209,4,x1_x1_x1,-44273.26497219601,43028.5,1549439.836006142,"(20, 4277, 180)","(20.0, 4277.0, 180)"
1050,210,0,x2_x1_x1,0.0,0.0,0.0,"(3507, 1836, 180)","(3507.0, 1431.5, 180)"
1051,210,1,XC1_x1_x1,0.0,0.0,0.0,"(2050, 4679, 270)","(2050.0, 4679.0, 270)"
1052,210,2,x3_x1_x1,0.0,0.0,0.0,"(940, 955, 90)","(940.0, 955.0, 90)"
1053,210,3,XC2_x1_x1,0.0,0.0,0.0,"(2745, 817, 180)","(2745.0, 622.0, 180)"
1054,210,4,x1_x1_x1,-31435.63847479099,30415.5,1040682.5077488886,"(3120, 2646, 90)","(3120.0, 2646.0, 90)"
1055,211,0,x3_x1_x1,0.0,0.0,0.0,"(3417, 568, 90)","(3417.0, 568.0, 90)"
1056,211,1,XC2_x1_x1,0.0,0.0,0.0,"(3411, 4641, 90)","(3411.0, 4641.0, 90)"
1057,211,2,x2_x1_x1,0.0,0.0,0.0,"(4462, 2879, 0)","(4462.0, 2879.0, 0)"
1058,211,3,x1_x1_x1,0.0,0.0,0.0,"(2152, 509, 0)","(1743.5, 509.0, 0)"
1059,211,4,XC1_x1_x1,-38263.78857753707,36956.5,1709003.4249588803,"(2647, 473, 0)","(2534.5, 473.0, 0)"
1060,212,0,XC1_x1_x1,0.0,0.0,0.0,"(3926, 532, 180)","(3926.0, 253.0, 180)"
1061,212,1,XC2_x1_x1,0.0,0.0,0.0,"(1211, 2264, 180)","(1211.0, 2264.0, 180)"
1062,212,2,x2_x1_x1,0.0,0.0,0.0,"(4445, 1302, 180)","(4445.0, 1062.5, 180)"
1063,212,3,x1_x1_x1,0.0,0.0,0.0,"(1427, 726, 180)","(1427.0, 726.0, 180)"
1064,212,4,x3_x1_x1,-26653.578550744536,25825.5,685714.0862031709,"(4109, 2271, 180)","(4109.0, 2271.0, 180)"
1065,213,0,x1_x1_x1,0.0,0.0,0.0,"(3114, 3304, 180)","(3114.0, 3304.0, 180)"
1066,213,1,XC2_x1_x1,0.0,0.0,0.0,"(4842, 2137, 180)","(4842.0, 2137.0, 180)"
1067,213,2,XC1_x1_x1,0.0,0.0,0.0,"(4770, 11, 90)","(4770.0, 11.0, 90)"
1068,213,3,x3_x1_x1,0.0,0.0,0.0,"(851, 1169, 180)","(851.0, 1169.0, 180)"
1069,213,4,x2_x1_x1,-46237.091536442735,44771.5,2147958.5516925785,"(941, 4074, 270)","(941.0, 4074.0, 270)"
1070,214,0,x1_x1_x1,0.0,0.0,0.0,"(2062, 4302, 180)","(2062.0, 4302.0, 180)"
1071,214,1,XC1_x1_x1,0.0,0.0,0.0,"(1420, 1362, 0)","(1420.0, 1362.0, 0)"
1072,214,2,XC2_x1_x1,0.0,0.0,0.0,"(1570, 4102, 180)","(1271.0, 4102.0, 180)"
1073,214,3,x2_x1_x1,0.0,0.0,0.0,"(3407, 4129, 90)","(3407.0, 3200.0, 90)"
1074,214,4,x3_x1_x1,-24742.89128047359,23955.0,620772.6698463104,"(2872, 4511, 0)","(3252.0, 4511.0, 0)"
1075,215,0,x1_x1_x1,0.0,0.0,0.0,"(4128, 1720, 270)","(4128.0, 1720.0, 270)"
1076,215,1,x2_x1_x1,0.0,0.0,0.0,"(2595, 452, 180)","(2595.0, 452.0, 180)"
1077,215,2,XC2_x1_x1,0.0,0.0,0.0,"(3730, 3210, 180)","(3730.0, 3210.0, 180)"
1078,215,3,x3_x1_x1,0.0,0.0,0.0,"(1384, 1027, 180)","(1084.0, 1027.0, 180)"
1079,215,4,XC1_x1_x1,-35758.72991282172,34572.5,1407141.406073021,"(4461, 3696, 90)","(4461.0, 3696.0, 90)"
1080,216,0,XC2_x1_x1,0.0,0.0,0.0,"(2998, 2726, 180)","(2998.0, 2726.0, 180)"
1081,216,1,x3_x1_x1,0.0,0.0,0.0,"(292, 4238, 180)","(292.0, 4238.0, 180)"
1082,216,2,x1_x1_x1,0.0,0.0,0.0,"(1943, 4154, 90)","(1943.0, 4154.0, 90)"
1083,216,3,XC1_x1_x1,0.0,0.0,0.0,"(2516, 875, 270)","(2516.0, 875.0, 270)"
1084,216,4,x2_x1_x1,-41437.90786727592,40126.0,1721102.2522204502,"(4278, 1493, 180)","(4278.0, 1493.0, 180)"
1085,217,0,x3_x1_x1,0.0,0.0,0.0,"(150, 4779, 270)","(150.0, 4779.0, 270)"
1086,217,1,XC1_x1_x1,0.0,0.0,0.0,"(4090, 3422, 90)","(4251.0, 3422.0, 90)"
1087,217,2,x1_x1_x1,0.0,0.0,0.0,"(4252, 1559, 0)","(4252.0, 1559.0, 0)"
1088,217,3,x2_x1_x1,0.0,0.0,0.0,"(4580, 3503, 180)","(5163.0, 3503.0, 180)"
1089,217,4,XC2_x1_x1,-43317.711602253694,42093.0,1499918.508694807,"(3618, 3019, 180)","(3618.0, 3019.0, 180)"
1090,218,0,x3_x1_x1,0.0,0.0,0.0,"(846, 3518, 270)","(846.0, 3518.0, 270)"
1091,218,1,x1_x1_x1,0.0,0.0,0.0,"(3377, 758, 0)","(3377.0, 758.0, 0)"
1092,218,2,x2_x1_x1,0.0,0.0,0.0,"(4909, 1748, 180)","(4909.0, 1748.0, 180)"
1093,218,3,XC2_x1_x1,0.0,0.0,0.0,"(1762, 3481, 90)","(1762.0, 3481.0, 90)"
1094,218,4,XC1_x1_x1,-38498.85312262156,37263.0,1527332.9406934457,"(2489, 3056, 180)","(2489.0, 3056.0, 180)"
1095,219,0,x1_x1_x1,0.0,0.0,0.0,"(496, 757, 180)","(496.0, 757.0, 180)"
1096,219,1,XC1_x1_x1,0.0,0.0,0.0,"(4285, 4768, 270)","(4285.0, 4768.0, 270)"
1097,219,2,x3_x1_x1,0.0,0.0,0.0,"(4390, 3899, 180)","(4517.0, 3885.5, 180)"
1098,219,3,XC2_x1_x1,0.0,0.0,0.0,"(4055, 28, 90)","(4055.0, 28.0, 90)"
1099,219,4,x2_x1_x1,-44810.698770918,43516.5,1674950.4586456663,"(3206, 4510, 90)","(3206.0, 4510.0, 90)"
1100,220,0,x1_x1_x1,0.0,0.0,0.0,"(564, 1484, 0)","(564.0, 1424.0, 0)"
1101,220,1,x2_x1_x1,0.0,0.0,0.0,"(2077, 2007, 270)","(2783.5, 2007.0, 270)"
1102,220,2,XC2_x1_x1,0.0,0.0,0.0,"(2046, 1333, 90)","(2046.0, 1022.0, 90)"
1103,220,3,XC1_x1_x1,0.0,0.0,0.0,"(1703, 3119, 90)","(1703.0, 3219.5, 90)"
1104,220,4,x3_x1_x1,-22929.995681527955,21975.0,912016.7517370394,"(1375, 2337, 0)","(1375.0, 2337.0, 0)"
1105,221,0,XC2_x1_x1,0.0,0.0,0.0,"(2317, 1222, 270)","(2317.0, 1222.0, 270)"
1106,221,1,x1_x1_x1,0.0,0.0,0.0,"(3449, 2393, 270)","(3449.0, 2393.0, 270)"
1107,221,2,x3_x1_x1,0.0,0.0,0.0,"(2038, 4379, 90)","(2038.0, 4379.0, 90)"
1108,221,3,x2_x1_x1,0.0,0.0,0.0,"(4297, 1871, 90)","(4459.5, 1871.0, 90)"
1109,221,4,XC1_x1_x1,-40357.272469823496,38969.5,1925912.4280000154,"(942, 4830, 180)","(942.0, 4830.0, 180)"
1110,222,0,x3_x1_x1,0.0,0.0,0.0,"(2698, 2296, 180)","(2698.0, 2296.0, 180)"
1111,222,1,XC1_x1_x1,0.0,0.0,0.0,"(3431, 4160, 90)","(3431.0, 4160.0, 90)"
1112,222,2,XC2_x1_x1,0.0,0.0,0.0,"(513, 710, 270)","(513.0, 710.0, 270)"
1113,222,3,x1_x1_x1,0.0,0.0,0.0,"(2861, 11, 270)","(2861.0, 11.0, 270)"
1114,222,4,x2_x1_x1,-31059.981250114633,30180.5,773487.2693031966,"(4144, 713, 180)","(4144.0, 713.0, 180)"
1115,223,0,x1_x1_x1,0.0,0.0,0.0,"(1910, 3430, 0)","(1910.0, 3430.0, 0)"
1116,223,1,XC1_x1_x1,0.0,0.0,0.0,"(1614, 702, 270)","(1614.0, 702.0, 270)"
1117,223,2,XC2_x1_x1,0.0,0.0,0.0,"(2985, 4415, 180)","(2985.0, 4415.0, 180)"
1118,223,3,x3_x1_x1,0.0,0.0,0.0,"(2828, 626, 0)","(2828.0, 626.0, 0)"
1119,223,4,x2_x1_x1,-42763.179955388834,41161.0,2566980.609449759,"(4248, 4176, 90)","(4248.0, 4176.0, 90)"
1120,224,0,x3_x1_x1,0.0,0.0,0.0,"(995, 1821, 180)","(995.0, 1821.0, 180)"
1121,224,1,x1_x1_x1,0.0,0.0,0.0,"(4316, 1264, 270)","(4316.0, 1264.0, 270)"
1122,224,2,XC1_x1_x1,0.0,0.0,0.0,"(1729, 3089, 90)","(1729.0, 3089.0, 90)"
1123,224,3,x2_x1_x1,0.0,0.0,0.0,"(4271, 4851, 270)","(4271.0, 4851.0, 270)"
1124,224,4,XC2_x1_x1,-47509.67456882388,45882.0,2649324.5019960133,"(2539, 4252, 270)","(2539.0, 4252.0, 270)"
1125,225,0,XC1_x1_x1,0.0,0.0,0.0,"(2364, 2285, 0)","(2364.0, 2285.0, 0)"
1126,225,1,x2_x1_x1,0.0,0.0,0.0,"(3291, 4378, 0)","(3291.0, 4378.0, 0)"
1127,225,2,x3_x1_x1,0.0,0.0,0.0,"(4120, 3903, 90)","(4699.5, 3903.0, 90)"
1128,225,3,x1_x1_x1,0.0,0.0,0.0,"(1481, 2529, 270)","(1481.0, 2529.0, 270)"
1129,225,4,XC2_x1_x1,-33560.71688382104,32334.5,1503607.8461677886,"(2438, 1537, 270)","(2438.0, 1537.0, 270)"
1130,226,0,x3_x1_x1,0.0,0.0,0.0,"(4111, 167, 0)","(4111.0, 167.0, 0)"
1131,226,1,x2_x1_x1,0.0,0.0,0.0,"(2985, 2914, 180)","(2985.0, 2914.0, 180)"
1132,226,2,XC2_x1_x1,0.0,0.0,0.0,"(148, 4623, 90)","(148.0, 4623.0, 90)"
1133,226,3,XC1_x1_x1,0.0,0.0,0.0,"(3294, 4451, 90)","(3294.0, 4451.0, 90)"
1134,226,4,x1_x1_x1,-46901.03468615839,45450.5,2104050.875748621,"(49, 3567, 90)","(49.0, 3567.0, 90)"
1135,227,0,XC1_x1_x1,0.0,0.0,0.0,"(3340, 3398, 270)","(3340.0, 3398.0, 270)"
1136,227,1,x2_x1_x1,0.0,0.0,0.0,"(2141, 1245, 180)","(2141.0, 1245.0, 180)"
1137,227,2,x3_x1_x1,0.0,0.0,0.0,"(4620, 134, 270)","(4620.0, 134.0, 270)"
1138,227,3,XC2_x1_x1,0.0,0.0,0.0,"(94, 3258, 0)","(94.0, 3258.0, 0)"
1139,227,4,x1_x1_x1,-40019.628097761364,38783.0,1529249.0521728962,"(1170, 274, 0)","(1170.0, 274.0, 0)"
1140,228,0,XC1_x1_x1,0.0,0.0,0.0,"(1493, 719, 180)","(1493.0, 719.0, 180)"
1141,228,1,x3_x1_x1,0.0,0.0,0.0,"(3907, 2745, 180)","(3907.0, 2745.0, 180)"
1142,228,2,x2_x1_x1,0.0,0.0,0.0,"(4826, 2402, 180)","(5291.0, 2402.0, 180)"
1143,228,3,XC2_x1_x1,0.0,0.0,0.0,"(2715, 591, 0)","(2715.0, 591.0, 0)"
1144,228,4,x1_x1_x1,-36112.65387463338,34994.0,1251386.491232282,"(797, 2656, 0)","(797.0, 2656.0, 0)"
1145,229,0,x3_x1_x1,0.0,0.0,0.0,"(4713, 4672, 0)","(4713.0, 4672.0, 0)"
1146,229,1,x2_x1_x1,0.0,0.0,0.0,"(1986, 1186, 180)","(1986.0, 1186.0, 180)"
1147,229,2,XC1_x1_x1,0.0,0.0,0.0,"(290, 106, 180)","(290.0, 106.0, 180)"
1148,229,3,XC2_x1_x1,0.0,0.0,0.0,"(2631, 2639, 270)","(2631.0, 2639.0, 270)"
1149,229,4,x1_x1_x1,-39339.14943393294,38193.0,1313658.5249047987,"(3935, 1551, 180)","(3935.0, 1551.0, 180)"
1150,230,0,x3_x1_x1,0.0,0.0,0.0,"(4005, 554, 90)","(4005.0, 554.0, 90)"
1151,230,1,x1_x1_x1,0.0,0.0,0.0,"(1185, 1096, 90)","(903.0, 1096.0, 90)"
1152,230,2,XC1_x1_x1,0.0,0.0,0.0,"(3517, 2375, 180)","(3517.0, 2375.0, 180)"
1153,230,3,XC2_x1_x1,0.0,0.0,0.0,"(2953, 3242, 180)","(2953.0, 3242.0, 180)"
1154,230,4,x2_x1_x1,-31572.052092492297,30499.5,1150367.9911096047,"(2016, 1358, 180)","(2016.0, 1358.0, 180)"
1155,231,0,XC1_x1_x1,0.0,0.0,0.0,"(3247, 1810, 180)","(3247.0, 1810.0, 180)"
1156,231,1,x3_x1_x1,0.0,0.0,0.0,"(4023, 1001, 90)","(4023.0, 898.0, 90)"
1157,231,2,x2_x1_x1,0.0,0.0,0.0,"(768, 609, 180)","(768.0, 609.0, 180)"
1158,231,3,x1_x1_x1,0.0,0.0,0.0,"(4918, 2250, 90)","(4918.0, 2250.0, 90)"
1159,231,4,XC2_x1_x1,-40661.952146037256,39176.5,2206568.0781666953,"(945, 2821, 90)","(945.0, 2821.0, 90)"
1160,232,0,x1_x1_x1,0.0,0.0,0.0,"(4301, 3536, 90)","(4329.5, 3536.0, 90)"
1161,232,1,x2_x1_x1,0.0,0.0,0.0,"(2860, 3402, 90)","(2860.0, 3766.0, 90)"
1162,232,2,XC2_x1_x1,0.0,0.0,0.0,"(3737, 3501, 180)","(3742.5, 3501.0, 180)"
1163,232,3,XC1_x1_x1,0.0,0.0,0.0,"(2682, 2781, 270)","(2682.0, 2781.0, 270)"
1164,232,4,x3_x1_x1,-32178.7034055611,31056.0,1260462.9368584915,"(696, 1934, 90)","(696.0, 1934.0, 90)"
1165,233,0,XC1_x1_x1,0.0,0.0,0.0,"(4077, 1710, 0)","(4077.0, 1710.0, 0)"
1166,233,1,x3_x1_x1,0.0,0.0,0.0,"(4645, 1586, 270)","(4959.5, 1586.0, 270)"
1167,233,2,x1_x1_x1,0.0,0.0,0.0,"(2962, 2157, 270)","(2962.0, 2157.0, 270)"
1168,233,3,XC2_x1_x1,0.0,0.0,0.0,"(1865, 2077, 180)","(1865.0, 2077.0, 180)"
1169,233,4,x2_x1_x1,-25603.389986827522,24668.5,874019.2874703618,"(3308, 414, 0)","(3308.0, 414.0, 0)"
1170,234,0,XC2_x1_x1,0.0,0.0,0.0,"(2393, 2228, 180)","(2393.0, 2228.0, 180)"
1171,234,1,x3_x1_x1,0.0,0.0,0.0,"(2492, 4708, 90)","(2492.0, 4708.0, 90)"
1172,234,2,XC1_x1_x1,0.0,0.0,0.0,"(1736, 430, 90)","(1736.0, 430.0, 90)"
1173,234,3,x1_x1_x1,0.0,0.0,0.0,"(4091, 3151, 0)","(4091.0, 3151.0, 0)"
1174,234,4,x2_x1_x1,-32822.143707705414,31843.0,958722.4003391097,"(4177, 1986, 0)","(4177.0, 1986.0, 0)"
1175,235,0,x3_x1_x1,0.0,0.0,0.0,"(2095, 2678, 180)","(2095.0, 2678.0, 180)"
1176,235,1,XC1_x1_x1,0.0,0.0,0.0,"(4428, 749, 270)","(4428.0, 749.0, 270)"
1177,235,2,x1_x1_x1,0.0,0.0,0.0,"(1009, 4321, 0)","(1009.0, 4321.0, 0)"
1178,235,3,XC2_x1_x1,0.0,0.0,0.0,"(1799, 382, 0)","(1799.0, 382.0, 0)"
1179,235,4,x2_x1_x1,-33425.25968515707,32345.0,1166960.9873756487,"(1771, 2001, 90)","(1771.0, 1367.0, 90)"
1180,236,0,x3_x1_x1,0.0,0.0,0.0,"(1714, 1523, 0)","(1714.0, 1523.0, 0)"
1181,236,1,XC1_x1_x1,0.0,0.0,0.0,"(4336, 2055, 0)","(4336.0, 2055.0, 0)"
1182,236,2,XC2_x1_x1,0.0,0.0,0.0,"(1665, 2443, 270)","(1665.0, 2443.0, 270)"
1183,236,3,x1_x1_x1,0.0,0.0,0.0,"(3275, 1206, 90)","(3275.0, 1206.0, 90)"
1184,236,4,x2_x1_x1,-30734.82040541095,29676.5,1120042.0805091944,"(223, 2544, 180)","(223.0, 2544.0, 180)"
1185,237,0,x3_x1_x1,0.0,0.0,0.0,"(4510, 3766, 270)","(4510.0, 3766.0, 270)"
1186,237,1,XC1_x1_x1,0.0,0.0,0.0,"(3119, 2936, 180)","(3119.0, 2936.0, 180)"
1187,237,2,x1_x1_x1,0.0,0.0,0.0,"(430, 561, 180)","(430.0, 561.0, 180)"
1188,237,3,x2_x1_x1,0.0,0.0,0.0,"(1280, 4848, 270)","(1280.0, 4848.0, 270)"
1189,237,4,XC2_x1_x1,-48909.772232430936,47415.5,2232849.504614125,"(2831, 848, 90)","(2831.0, 848.0, 90)"
1190,238,0,x3_x1_x1,0.0,0.0,0.0,"(598, 687, 90)","(-182.5, 687.0, 90)"
1191,238,1,XC2_x1_x1,0.0,0.0,0.0,"(2517, 1779, 0)","(2517.0, 1779.0, 0)"
1192,238,2,x2_x1_x1,0.0,0.0,0.0,"(1026, 478, 90)","(1026.0, 478.0, 90)"
1193,238,3,XC1_x1_x1,0.0,0.0,0.0,"(940, 3135, 0)","(940.0, 3135.0, 0)"
1194,238,4,x1_x1_x1,-30041.047180379963,29019.0,1044580.4389226324,"(822, 3348, 90)","(353.0, 3348.0, 90)"
1195,239,0,x3_x1_x1,0.0,0.0,0.0,"(2838, 3272, 270)","(2838.0, 3272.0, 270)"
1196,239,1,XC2_x1_x1,0.0,0.0,0.0,"(3463, 1676, 180)","(3463.0, 1191.0, 180)"
1197,239,2,x2_x1_x1,0.0,0.0,0.0,"(1459, 3051, 90)","(1459.0, 3051.0, 90)"
1198,239,3,x1_x1_x1,0.0,0.0,0.0,"(3850, 1909, 270)","(3850.0, 1909.0, 270)"
1199,239,4,XC1_x1_x1,-27543.290343231067,26591.5,905904.8574679134,"(4783, 2761, 0)","(4783.0, 2761.0, 0)"
1200,240,0,x2_x1_x1,0.0,0.0,0.0,"(2632, 1551, 180)","(2632.0, 1551.0, 180)"
1201,240,1,XC2_x1_x1,0.0,0.0,0.0,"(1825, 69, 0)","(1825.0, -105.0, 0)"
1202,240,2,x1_x1_x1,0.0,0.0,0.0,"(2240, 409, 0)","(2240.0, 409.0, 0)"
1203,240,3,x3_x1_x1,0.0,0.0,0.0,"(2109, 4758, 0)","(2109.0, 4758.0, 0)"
1204,240,4,XC1_x1_x1,-36409.84472689478,35030.5,1902591.875612425,"(1576, 3320, 180)","(1576.0, 3320.0, 180)"
1205,241,0,x2_x1_x1,0.0,0.0,0.0,"(3794, 3201, 0)","(3794.0, 3201.0, 0)"
1206,241,1,XC1_x1_x1,0.0,0.0,0.0,"(3330, 1574, 270)","(3330.0, 1574.0, 270)"
1207,241,2,XC2_x1_x1,0.0,0.0,0.0,"(4417, 2279, 180)","(4417.0, 2279.0, 180)"
1208,241,3,x1_x1_x1,0.0,0.0,0.0,"(648, 116, 90)","(648.0, 116.0, 90)"
1209,241,4,x3_x1_x1,-42109.70468000875,40772.5,1788116.3562373056,"(2149, 4177, 90)","(2149.0, 4177.0, 90)"
1210,242,0,x3_x1_x1,0.0,0.0,0.0,"(1144, 4160, 0)","(1144.0, 4160.0, 0)"
1211,242,1,x2_x1_x1,0.0,0.0,0.0,"(3377, 1161, 90)","(3377.0, 712.0, 90)"
1212,242,2,XC2_x1_x1,0.0,0.0,0.0,"(2683, 3276, 90)","(2683.0, 3276.0, 90)"
1213,242,3,XC1_x1_x1,0.0,0.0,0.0,"(315, 2507, 180)","(315.0, 2507.0, 180)"
1214,242,4,x1_x1_x1,-38747.61637593864,37454.0,1673443.3280966121,"(3194, 1825, 0)","(3194.0, 1825.0, 0)"
1215,243,0,XC1_x1_x1,0.0,0.0,0.0,"(47, 1541, 180)","(47.0, 1541.0, 180)"
1216,243,1,x2_x1_x1,0.0,0.0,0.0,"(4432, 757, 270)","(4432.0, 757.0, 270)"
1217,243,2,XC2_x1_x1,0.0,0.0,0.0,"(4264, 4851, 180)","(4264.0, 4851.0, 180)"
1218,243,3,x1_x1_x1,0.0,0.0,0.0,"(374, 520, 0)","(374.0, 520.0, 0)"
1219,243,4,x3_x1_x1,-46844.68982598566,45471.0,1887023.7380165213,"(4756, 3737, 0)","(4756.0, 3737.0, 0)"
1220,244,0,XC1_x1_x1,0.0,0.0,0.0,"(1228, 1714, 90)","(1228.0, 1714.0, 90)"
1221,244,1,x3_x1_x1,0.0,0.0,0.0,"(701, 4140, 90)","(701.0, 5209.0, 90)"
1222,244,2,x1_x1_x1,0.0,0.0,0.0,"(242, 3892, 270)","(242.0, 3892.0, 270)"
1223,244,3,x2_x1_x1,0.0,0.0,0.0,"(4462, 4463, 180)","(4462.0, 4463.0, 180)"
1224,244,4,XC2_x1_x1,-36302.65768501805,35372.0,866123.72668316,"(451, 4384, 270)","(-108.5, 4683.0, 270)"
1225,245,0,x2_x1_x1,0.0,0.0,0.0,"(2114, 2309, 180)","(2114.0, 2309.0, 180)"
1226,245,1,x3_x1_x1,0.0,0.0,0.0,"(1733, 1644, 90)","(1733.0, 998.0, 90)"
1227,245,2,XC2_x1_x1,0.0,0.0,0.0,"(3794, 3704, 90)","(3794.0, 3704.0, 90)"
1228,245,3,x1_x1_x1,0.0,0.0,0.0,"(3626, 2154, 90)","(3626.0, 2154.0, 90)"
1229,245,4,XC1_x1_x1,-27084.955418678015,26024.0,1125626.4004222448,"(1898, 3096, 90)","(1898.0, 3191.5, 90)"
1230,246,0,x1_x1_x1,0.0,0.0,0.0,"(4886, 598, 0)","(5180.0, 598.0, 0)"
1231,246,1,XC1_x1_x1,0.0,0.0,0.0,"(3304, 3555, 90)","(3304.0, 3555.0, 90)"
1232,246,2,XC2_x1_x1,0.0,0.0,0.0,"(4389, 154, 0)","(4389.0, 154.0, 0)"
1233,246,3,x3_x1_x1,0.0,0.0,0.0,"(105, 2630, 180)","(-387.0, 2630.0, 180)"
1234,246,4,x2_x1_x1,-48725.49701894972,47229.5,2238007.0807064525,"(924, 2733, 270)","(924.0, 2733.0, 270)"
1235,247,0,x2_x1_x1,0.0,0.0,0.0,"(2033, 510, 90)","(2033.0, 510.0, 90)"
1236,247,1,XC1_x1_x1,0.0,0.0,0.0,"(1694, 654, 180)","(1150.5, 654.0, 180)"
1237,247,2,x1_x1_x1,0.0,0.0,0.0,"(1726, 3885, 90)","(1604.0, 3885.0, 90)"
1238,247,3,XC2_x1_x1,0.0,0.0,0.0,"(2118, 3443, 270)","(2118.0, 3443.0, 270)"
1239,247,4,x3_x1_x1,-25998.53015874376,25156.5,709014.7882340404,"(2454, 1829, 180)","(2454.0, 1829.0, 180)"
1240,248,0,XC1_x1_x1,0.0,0.0,0.0,"(479, 4372, 0)","(479.0, 4372.0, 0)"
1241,248,1,x2_x1_x1,0.0,0.0,0.0,"(4888, 4725, 270)","(5055.5, 4725.0, 270)"
1242,248,2,x1_x1_x1,0.0,0.0,0.0,"(3361, 269, 180)","(3361.0, 269.0, 180)"
1243,248,3,XC2_x1_x1,0.0,0.0,0.0,"(1433, 1514, 0)","(1433.0, 1514.0, 0)"
1244,248,4,x3_x1_x1,-42864.694842684185,41737.0,1271695.6582165018,"(3847, 4030, 90)","(3847.0, 4030.0, 90)"
1245,249,0,x3_x1_x1,0.0,0.0,0.0,"(747, 2368, 90)","(747.0, 2368.0, 90)"
1246,249,1,XC2_x1_x1,0.0,0.0,0.0,"(610, 1632, 180)","(610.0, 1456.0, 180)"
1247,249,2,x2_x1_x1,0.0,0.0,0.0,"(894, 192, 90)","(894.0, 192.0, 90)"
1248,249,3,x1_x1_x1,0.0,0.0,0.0,"(2747, 4596, 270)","(2747.0, 4596.0, 270)"
1249,249,4,XC1_x1_x1,-37705.70533839197,36502.5,1447703.086334928,"(2079, 4101, 270)","(2079.0, 4101.0, 270)"
1250,250,0,x2_x1_x1,0.0,0.0,0.0,"(3178, 4618, 180)","(3178.0, 4618.0, 180)"
1251,250,1,x3_x1_x1,0.0,0.0,0.0,"(882, 4344, 0)","(685.0, 4344.0, 0)"
1252,250,2,XC1_x1_x1,0.0,0.0,0.0,"(1827, 472, 270)","(1827.0, 472.0, 270)"
1253,250,3,x1_x1_x1,0.0,0.0,0.0,"(2002, 3577, 180)","(2002.0, 3577.0, 180)"
1254,250,4,XC2_x1_x1,-32240.65989820276,31319.5,848535.5580569196,"(317, 2114, 180)","(317.0, 2114.0, 180)"
1255,251,0,x3_x1_x1,0.0,0.0,0.0,"(3856, 1079, 180)","(4723.0, 1079.0, 180)"
1256,251,1,x2_x1_x1,0.0,0.0,0.0,"(1963, 3919, 90)","(1963.0, 3919.0, 90)"
1257,251,2,x1_x1_x1,0.0,0.0,0.0,"(2910, 297, 180)","(2910.0, 297.0, 180)"
1258,251,3,XC2_x1_x1,0.0,0.0,0.0,"(1749, 2839, 270)","(1749.0, 2839.0, 270)"
1259,251,4,XC1_x1_x1,-41779.890949190325,40332.5,2094940.559798067,"(3738, 970, 180)","(3738.0, 970.0, 180)"
1260,252,0,XC1_x1_x1,0.0,0.0,0.0,"(2667, 387, 270)","(2667.0, 387.0, 270)"
1261,252,1,XC2_x1_x1,0.0,0.0,0.0,"(2485, 4560, 180)","(2485.0, 4560.0, 180)"
1262,252,2,x2_x1_x1,0.0,0.0,0.0,"(1802, 3877, 180)","(1500.0, 3877.0, 180)"
1263,252,3,x1_x1_x1,0.0,0.0,0.0,"(3293, 570, 90)","(3293.0, 570.0, 90)"
1264,252,4,x3_x1_x1,-40349.60117404419,39186.5,1352804.3410629772,"(4634, 3255, 180)","(4634.0, 3255.0, 180)"
1265,253,0,XC2_x1_x1,0.0,0.0,0.0,"(3749, 1664, 180)","(3749.0, 1664.0, 180)"
1266,253,1,x3_x1_x1,0.0,0.0,0.0,"(3198, 3092, 0)","(3198.0, 3092.0, 0)"
1267,253,2,XC1_x1_x1,0.0,0.0,0.0,"(4589, 1323, 180)","(4921.5, 1323.0, 180)"
1268,253,3,x1_x1_x1,0.0,0.0,0.0,"(4806, 1525, 90)","(5508.5, 1525.0, 90)"
1269,253,4,x2_x1_x1,-25220.841015025046,24371.5,721380.1598037762,"(4039, 1197, 270)","(4039.0, 752.0, 270)"
1270,254,0,XC1_x1_x1,0.0,0.0,0.0,"(273, 2156, 180)","(273.0, 1742.0, 180)"
1271,254,1,x3_x1_x1,0.0,0.0,0.0,"(505, 2654, 270)","(505.0, 2654.0, 270)"
1272,254,2,XC2_x1_x1,0.0,0.0,0.0,"(3744, 1253, 0)","(3744.0, 1253.0, 0)"
1273,254,3,x1_x1_x1,0.0,0.0,0.0,"(1389, 3887, 270)","(1418.0, 3887.0, 270)"
1274,254,4,x2_x1_x1,-41153.10563773857,39717.0,2062399.4027445104,"(2714, 330, 180)","(2714.0, 330.0, 180)"
1275,255,0,x2_x1_x1,0.0,0.0,0.0,"(3336, 4589, 270)","(3336.0, 4589.0, 270)"
1276,255,1,XC2_x1_x1,0.0,0.0,0.0,"(1988, 750, 180)","(1988.0, 750.0, 180)"
1277,255,2,x1_x1_x1,0.0,0.0,0.0,"(3848, 1480, 90)","(3848.0, 1480.0, 90)"
1278,255,3,x3_x1_x1,0.0,0.0,0.0,"(355, 3176, 180)","(355.0, 3176.0, 180)"
1279,255,4,XC1_x1_x1,-42803.2178761607,41474.0,1766820.1623051635,"(478, 4890, 90)","(478.0, 4890.0, 90)"
1280,256,0,XC2_x1_x1,0.0,0.0,0.0,"(3958, 1505, 90)","(3958.0, 1505.0, 90)"
1281,256,1,x3_x1_x1,0.0,0.0,0.0,"(3176, 2728, 0)","(3389.0, 2728.0, 0)"
1282,256,2,x1_x1_x1,0.0,0.0,0.0,"(2403, 3559, 90)","(2403.0, 3559.0, 90)"
1283,256,3,x2_x1_x1,0.0,0.0,0.0,"(1008, 3582, 270)","(1008.0, 3582.0, 270)"
1284,256,4,XC1_x1_x1,-25969.581921125755,25192.0,604633.6440616194,"(399, 1450, 270)","(399.0, 1450.0, 270)"
1285,257,0,x2_x1_x1,0.0,0.0,0.0,"(2302, 1083, 0)","(2302.0, 1083.0, 0)"
1286,257,1,x3_x1_x1,0.0,0.0,0.0,"(3420, 1662, 180)","(3813.0, 1662.0, 180)"
1287,257,2,XC1_x1_x1,0.0,0.0,0.0,"(3429, 3663, 0)","(3429.0, 3663.0, 0)"
1288,257,3,XC2_x1_x1,0.0,0.0,0.0,"(693, 1870, 90)","(693.0, 1870.0, 90)"
1289,257,4,x1_x1_x1,-30729.866485678318,29691.0,1079243.5750656214,"(2455, 69, 90)","(2455.0, -34.0, 90)"
1290,258,0,XC1_x1_x1,0.0,0.0,0.0,"(3190, 3299, 180)","(3190.0, 3299.0, 180)"
1291,258,1,x1_x1_x1,0.0,0.0,0.0,"(706, 4504, 180)","(706.0, 4504.0, 180)"
1292,258,2,XC2_x1_x1,0.0,0.0,0.0,"(125, 2619, 180)","(125.0, 2619.0, 180)"
1293,258,3,x2_x1_x1,0.0,0.0,0.0,"(4366, 3706, 0)","(4366.0, 3706.0, 0)"
1294,258,4,x3_x1_x1,-30854.2142954215,29929.0,856021.4924523088,"(1469, 2744, 90)","(1469.0, 2744.0, 90)"
1295,259,0,XC1_x1_x1,0.0,0.0,0.0,"(4497, 285, 0)","(4497.0, 285.0, 0)"
1296,259,1,x2_x1_x1,0.0,0.0,0.0,"(2624, 2013, 90)","(2624.0, 2013.0, 90)"
1297,259,2,XC2_x1_x1,0.0,0.0,0.0,"(2772, 3724, 180)","(2772.0, 3724.0, 180)"
1298,259,3,x3_x1_x1,0.0,0.0,0.0,"(1260, 1661, 90)","(1260.0, 1661.0, 90)"
1299,259,4,x1_x1_x1,-31973.413120810725,30914.5,1121296.9974251064,"(3278, 3712, 180)","(3563.0, 3712.0, 180)"
1300,260,0,x2_x1_x1,0.0,0.0,0.0,"(4638, 1807, 270)","(4638.0, 1807.0, 270)"
1301,260,1,x3_x1_x1,0.0,0.0,0.0,"(2676, 3086, 90)","(2676.0, 3086.0, 90)"
1302,260,2,XC2_x1_x1,0.0,0.0,0.0,"(3071, 169, 0)","(3071.0, 169.0, 0)"
1303,260,3,x1_x1_x1,0.0,0.0,0.0,"(76, 1514, 90)","(76.0, 1395.0, 90)"
1304,260,4,XC1_x1_x1,-40419.595081876745,39097.5,1747935.4055226857,"(457, 2113, 0)","(457.0, 2113.0, 0)"
1305,261,0,x1_x1_x1,0.0,0.0,0.0,"(911, 219, 0)","(911.0, 219.0, 0)"
1306,261,1,x3_x1_x1,0.0,0.0,0.0,"(606, 3833, 180)","(606.0, 4274.5, 180)"
1307,261,2,XC2_x1_x1,0.0,0.0,0.0,"(997, 2008, 90)","(997.0, 2008.0, 90)"
1308,261,3,x2_x1_x1,0.0,0.0,0.0,"(927, 2488, 90)","(927.0, 2993.0, 90)"
1309,261,4,XC1_x1_x1,-34252.70058437081,33197.0,1114503.7238408704,"(3749, 4481, 90)","(3749.0, 4481.0, 90)"
1310,262,0,x1_x1_x1,0.0,0.0,0.0,"(2066, 1347, 180)","(2066.0, 1347.0, 180)"
1311,262,1,XC1_x1_x1,0.0,0.0,0.0,"(4640, 2022, 180)","(4640.0, 2022.0, 180)"
1312,262,2,x2_x1_x1,0.0,0.0,0.0,"(878, 2233, 270)","(851.5, 2887.0, 270)"
1313,262,3,x3_x1_x1,0.0,0.0,0.0,"(919, 1503, 90)","(851.5, 1503.0, 90)"
1314,262,4,XC2_x1_x1,-31915.226463048606,30768.5,1314981.581055964,"(3634, 2844, 0)","(3634.0, 2844.0, 0)"
1315,263,0,x1_x1_x1,0.0,0.0,0.0,"(3446, 1505, 90)","(3446.0, 1505.0, 90)"
1316,263,1,x2_x1_x1,0.0,0.0,0.0,"(4858, 4428, 90)","(4858.0, 4428.0, 90)"
1317,263,2,x3_x1_x1,0.0,0.0,0.0,"(958, 85, 270)","(958.0, 85.0, 270)"
1318,263,3,XC1_x1_x1,0.0,0.0,0.0,"(3547, 1191, 270)","(3960.0, 1191.0, 270)"
1319,263,4,XC2_x1_x1,-48440.761072276146,47002.0,2070033.4230971963,"(4021, 2528, 270)","(4021.0, 2528.0, 270)"
1320,264,0,XC2_x1_x1,0.0,0.0,0.0,"(1079, 354, 270)","(287.0, 354.0, 270)"
1321,264,1,XC1_x1_x1,0.0,0.0,0.0,"(1706, 1125, 180)","(1706.0, 1125.0, 180)"
1322,264,2,x1_x1_x1,0.0,0.0,0.0,"(2175, 535, 0)","(2516.0, 535.0, 0)"
1323,264,3,x3_x1_x1,0.0,0.0,0.0,"(2804, 4728, 180)","(2804.0, 4728.0, 180)"
1324,264,4,x2_x1_x1,-39920.27122310684,38552.0,1872166.139982307,"(1199, 663, 0)","(1199.0, 315.5, 0)"
1325,265,0,x3_x1_x1,0.0,0.0,0.0,"(3090, 416, 0)","(3090.0, 416.0, 0)"
1326,265,1,x1_x1_x1,0.0,0.0,0.0,"(3195, 760, 270)","(3195.0, 1533.0, 270)"
1327,265,2,XC2_x1_x1,0.0,0.0,0.0,"(656, 672, 90)","(656.0, 672.0, 90)"
1328,265,3,XC1_x1_x1,0.0,0.0,0.0,"(3341, 1779, 270)","(3709.0, 1779.0, 270)"
1329,265,4,x2_x1_x1,-23579.964718386796,22919.0,436874.3589521372,"(3731, 71, 270)","(4498.5, 71.0, 270)"
1330,266,0,x2_x1_x1,0.0,0.0,0.0,"(2459, 516, 270)","(2459.0, 516.0, 270)"
1331,266,1,x3_x1_x1,0.0,0.0,0.0,"(4455, 3952, 180)","(4455.0, 3952.0, 180)"
1332,266,2,x1_x1_x1,0.0,0.0,0.0,"(724, 288, 0)","(724.0, 288.0, 0)"
1333,266,3,XC2_x1_x1,0.0,0.0,0.0,"(4224, 1489, 90)","(4224.0, 1489.0, 90)"
1334,266,4,XC1_x1_x1,-39218.56588224376,38067.5,1324952.6652656067,"(2724, 139, 180)","(2724.0, -396.0, 180)"
1335,267,0,x2_x1_x1,0.0,0.0,0.0,"(358, 2508, 0)","(358.0, 2508.0, 0)"
1336,267,1,XC2_x1_x1,0.0,0.0,0.0,"(2803, 2819, 0)","(2803.0, 2819.0, 0)"
1337,267,2,x3_x1_x1,0.0,0.0,0.0,"(3167, 3268, 270)","(3167.0, 3731.0, 270)"
1338,267,3,XC1_x1_x1,0.0,0.0,0.0,"(3122, 3753, 270)","(3976.5, 3753.0, 270)"
1339,267,4,x1_x1_x1,-35686.79269576056,34375.0,1720800.0766507562,"(3846, 1818, 90)","(3846.0, 1818.0, 90)"
1340,268,0,XC1_x1_x1,0.0,0.0,0.0,"(265, 175, 180)","(265.0, 175.0, 180)"
1341,268,1,x3_x1_x1,0.0,0.0,0.0,"(3723, 1025, 180)","(3723.0, 670.5, 180)"
1342,268,2,XC2_x1_x1,0.0,0.0,0.0,"(1272, 3609, 180)","(1272.0, 3609.0, 180)"
1343,268,3,x1_x1_x1,0.0,0.0,0.0,"(394, 2878, 0)","(394.0, 2878.0, 0)"
1344,268,4,x2_x1_x1,-40436.065422592204,38989.5,2092551.52183936,"(3273, 2079, 90)","(3273.0, 2079.0, 90)"
1345,269,0,x2_x1_x1,0.0,0.0,0.0,"(2331, 2890, 90)","(2331.0, 2890.0, 90)"
1346,269,1,XC1_x1_x1,0.0,0.0,0.0,"(1975, 1261, 180)","(1975.0, 1261.0, 180)"
1347,269,2,x3_x1_x1,0.0,0.0,0.0,"(2184, 2908, 90)","(1122.5, 2908.0, 90)"
1348,269,3,x1_x1_x1,0.0,0.0,0.0,"(4608, 3979, 0)","(4608.0, 3979.0, 0)"
1349,269,4,XC2_x1_x1,-28023.13922687522,27128.0,801274.235490769,"(1112, 1829, 90)","(1112.0, 1829.0, 90)"
1350,270,0,x3_x1_x1,0.0,0.0,0.0,"(875, 1779, 180)","(875.0, 1779.0, 180)"
1351,270,1,x1_x1_x1,0.0,0.0,0.0,"(48, 825, 0)","(48.0, 825.0, 0)"
1352,270,2,XC2_x1_x1,0.0,0.0,0.0,"(2219, 1384, 180)","(2219.0, 1384.0, 180)"
1353,270,3,x2_x1_x1,0.0,0.0,0.0,"(2352, 3042, 180)","(2352.0, 3042.0, 180)"
1354,270,4,XC1_x1_x1,-26895.882077948332,25948.0,898480.4336956486,"(3355, 2183, 180)","(3355.0, 2183.0, 180)"
1355,271,0,x2_x1_x1,0.0,0.0,0.0,"(683, 3202, 90)","(683.0, 3202.0, 90)"
1356,271,1,x1_x1_x1,0.0,0.0,0.0,"(2974, 1673, 0)","(2974.0, 1673.0, 0)"
1357,271,2,x3_x1_x1,0.0,0.0,0.0,"(4899, 2063, 270)","(4899.0, 2063.0, 270)"
1358,271,3,XC1_x1_x1,0.0,0.0,0.0,"(2987, 81, 180)","(2987.0, 81.0, 180)"
1359,271,4,XC2_x1_x1,-39917.9634117438,38662.0,1577444.0916391306,"(3304, 4436, 90)","(3304.0, 4436.0, 90)"
1360,272,0,XC1_x1_x1,0.0,0.0,0.0,"(3748, 2421, 0)","(3748.0, 2421.0, 0)"
1361,272,1,XC2_x1_x1,0.0,0.0,0.0,"(3162, 3372, 90)","(3162.0, 3372.0, 90)"
1362,272,2,x3_x1_x1,0.0,0.0,0.0,"(4690, 4330, 90)","(4690.0, 4330.0, 90)"
1363,272,3,x2_x1_x1,0.0,0.0,0.0,"(1482, 2458, 180)","(1482.0, 2458.0, 180)"
1364,272,4,x1_x1_x1,-36268.13276716961,35087.5,1393893.7309145783,"(1481, 1510, 180)","(1481.0, 1510.0, 180)"
1365,273,0,x1_x1_x1,0.0,0.0,0.0,"(3766, 913, 90)","(3766.0, 913.0, 90)"
1366,273,1,XC2_x1_x1,0.0,0.0,0.0,"(2564, 3481, 0)","(2564.0, 3481.0, 0)"
1367,273,2,XC1_x1_x1,0.0,0.0,0.0,"(4589, 2380, 180)","(4589.0, 2380.0, 180)"
1368,273,3,x2_x1_x1,0.0,0.0,0.0,"(3345, 131, 0)","(3345.0, -301.5, 0)"
1369,273,4,x3_x1_x1,-24840.3543496343,24094.5,556298.7108684062,"(2996, 958, 180)","(2653.0, 958.0, 180)"
1370,274,0,x3_x1_x1,0.0,0.0,0.0,"(2264, 2260, 0)","(2264.0, 2260.0, 0)"
1371,274,1,x1_x1_x1,0.0,0.0,0.0,"(2241, 4763, 0)","(2241.0, 4763.0, 0)"
1372,274,2,x2_x1_x1,0.0,0.0,0.0,"(1895, 4832, 270)","(1153.5, 5038.0, 270)"
1373,274,3,XC2_x1_x1,0.0,0.0,0.0,"(2654, 704, 90)","(2654.0, 704.0, 90)"
1374,274,4,XC1_x1_x1,-26665.14816678804,25894.5,593898.5969737686,"(479, 4126, 0)","(479.0, 4126.0, 0)"
1375,275,0,XC2_x1_x1,0.0,0.0,0.0,"(3280, 1466, 180)","(3280.0, 1466.0, 180)"
1376,275,1,XC1_x1_x1,0.0,0.0,0.0,"(3037, 3481, 180)","(3037.0, 3481.0, 180)"
1377,275,2,x1_x1_x1,0.0,0.0,0.0,"(1593, 245, 180)","(1593.0, -47.0, 180)"
1378,275,3,x2_x1_x1,0.0,0.0,0.0,"(3841, 4446, 270)","(3841.0, 4446.0, 270)"
1379,275,4,x3_x1_x1,-35700.351099751424,34559.5,1301541.2318040326,"(2279, 866, 180)","(2279.0, 866.0, 180)"
1380,276,0,XC2_x1_x1,0.0,0.0,0.0,"(3385, 4569, 90)","(3385.0, 4569.0, 90)"
1381,276,1,x2_x1_x1,0.0,0.0,0.0,"(3731, 3481, 180)","(3731.0, 3481.0, 180)"
1382,276,2,x3_x1_x1,0.0,0.0,0.0,"(1024, 1336, 90)","(1024.0, 1336.0, 90)"
1383,276,3,x1_x1_x1,0.0,0.0,0.0,"(2124, 1877, 90)","(2124.0, 1877.0, 90)"
1384,276,4,XC1_x1_x1,-36353.96121797562,35010.5,1804888.044204552,"(1399, 2466, 270)","(1399.0, 2466.0, 270)"
1385,277,0,XC1_x1_x1,0.0,0.0,0.0,"(2032, 2703, 0)","(2032.0, 2703.0, 0)"
1386,277,1,x1_x1_x1,0.0,0.0,0.0,"(18, 2126, 90)","(-354.0, 2126.0, 90)"
1387,277,2,XC2_x1_x1,0.0,0.0,0.0,"(160, 1841, 90)","(160.0, 1841.0, 90)"
1388,277,3,x3_x1_x1,0.0,0.0,0.0,"(3457, 2032, 180)","(3457.0, 2032.0, 180)"
1389,277,4,x2_x1_x1,-35826.892163472054,34697.0,1276656.301075555,"(1046, 3942, 90)","(1046.0, 3942.0, 90)"
1390,278,0,XC2_x1_x1,0.0,0.0,0.0,"(3901, 2456, 90)","(3901.0, 2456.0, 90)"
1391,278,1,XC1_x1_x1,0.0,0.0,0.0,"(1555, 893, 270)","(1555.0, 893.0, 270)"
1392,278,2,x3_x1_x1,0.0,0.0,0.0,"(2556, 2691, 90)","(2556.0, 2691.0, 90)"
1393,278,3,x2_x1_x1,0.0,0.0,0.0,"(944, 2227, 270)","(944.0, 2227.0, 270)"
1394,278,4,x1_x1_x1,-27003.04998238877,26115.5,787744.9712383051,"(1551, 4371, 270)","(1551.0, 4371.0, 270)"
1395,279,0,x3_x1_x1,0.0,0.0,0.0,"(482, 4888, 0)","(-202.0, 4888.0, 0)"
1396,279,1,XC1_x1_x1,0.0,0.0,0.0,"(3272, 69, 270)","(3272.0, 69.0, 270)"
1397,279,2,XC2_x1_x1,0.0,0.0,0.0,"(1085, 1963, 0)","(1085.0, 1963.0, 0)"
1398,279,3,x2_x1_x1,0.0,0.0,0.0,"(1109, 4470, 90)","(1109.0, 4470.0, 90)"
1399,279,4,x1_x1_x1,-38795.76136218912,37678.5,1248272.9514406961,"(1113, 1241, 180)","(1113.0, 1241.0, 180)"
1400,280,0,x3_x1_x1,0.0,0.0,0.0,"(4635, 3330, 90)","(4635.0, 3330.0, 90)"
1401,280,1,x1_x1_x1,0.0,0.0,0.0,"(3273, 2862, 0)","(3273.0, 2862.0, 0)"
1402,280,2,XC2_x1_x1,0.0,0.0,0.0,"(224, 1524, 270)","(-306.5, 1524.0, 270)"
1403,280,3,XC1_x1_x1,0.0,0.0,0.0,"(4769, 4206, 0)","(4769.0, 4242.0, 0)"
1404,280,4,x2_x1_x1,-51299.381595741026,49509.0,3205466.258368192,"(503, 1135, 90)","(503.0, 1135.0, 90)"
1405,281,0,x2_x1_x1,0.0,0.0,0.0,"(4190, 1049, 90)","(4190.0, 1049.0, 90)"
1406,281,1,x1_x1_x1,0.0,0.0,0.0,"(2504, 1316, 180)","(2504.0, 1316.0, 180)"
1407,281,2,XC2_x1_x1,0.0,0.0,0.0,"(572, 2357, 90)","(572.0, 2357.0, 90)"
1408,281,3,XC1_x1_x1,0.0,0.0,0.0,"(2089, 3843, 180)","(2089.0, 3843.0, 180)"
1409,281,4,x3_x1_x1,-39112.985562506925,37823.0,1664062.751476306,"(3556, 4270, 180)","(3556.0, 4270.0, 180)"
1410,282,0,XC2_x1_x1,0.0,0.0,0.0,"(1592, 3410, 270)","(1592.0, 3410.0, 270)"
1411,282,1,x2_x1_x1,0.0,0.0,0.0,"(458, 4388, 180)","(458.0, 4388.0, 180)"
1412,282,2,XC1_x1_x1,0.0,0.0,0.0,"(3486, 2626, 90)","(3486.0, 2626.0, 90)"
1413,282,3,x3_x1_x1,0.0,0.0,0.0,"(2169, 199, 270)","(2169.0, 199.0, 270)"
1414,282,4,x1_x1_x1,-42997.177472465424,41576.5,2018324.4807707553,"(2832, 1803, 180)","(2832.0, 1803.0, 180)"
1415,283,0,x2_x1_x1,0.0,0.0,0.0,"(2660, 122, 0)","(2660.0, 122.0, 0)"
1416,283,1,XC1_x1_x1,0.0,0.0,0.0,"(936, 3291, 90)","(936.0, 3291.0, 90)"
1417,283,2,x1_x1_x1,0.0,0.0,0.0,"(2688, 1925, 180)","(2688.0, 1925.0, 180)"
1418,283,3,XC2_x1_x1,0.0,0.0,0.0,"(399, 2014, 90)","(42.0, 2014.0, 90)"
1419,283,4,x3_x1_x1,-29736.440060695535,28661.5,1155496.1340881174,"(954, 1800, 0)","(954.0, 1800.0, 0)"
1420,284,0,x1_x1_x1,0.0,0.0,0.0,"(2850, 4382, 90)","(2850.0, 4382.0, 90)"
1421,284,1,x3_x1_x1,0.0,0.0,0.0,"(1257, 2813, 180)","(1257.0, 2813.0, 180)"
1422,284,2,XC2_x1_x1,0.0,0.0,0.0,"(2397, 2915, 90)","(2397.0, 2915.0, 90)"
1423,284,3,x2_x1_x1,0.0,0.0,0.0,"(171, 601, 90)","(171.0, 601.0, 90)"
1424,284,4,XC1_x1_x1,-37463.0202155802,36201.0,1592695.0245330976,"(2196, 3531, 180)","(2242.0, 3548.0, 180)"
1425,285,0,x2_x1_x1,0.0,0.0,0.0,"(2650, 4307, 90)","(2650.0, 4375.0, 90)"
1426,285,1,XC2_x1_x1,0.0,0.0,0.0,"(807, 2767, 270)","(807.0, 2767.0, 270)"
1427,285,2,XC1_x1_x1,0.0,0.0,0.0,"(2945, 3463, 0)","(2945.0, 3463.0, 0)"
1428,285,3,x3_x1_x1,0.0,0.0,0.0,"(4840, 1353, 180)","(4840.0, 1353.0, 180)"
1429,285,4,x1_x1_x1,-39241.67814527151,37964.0,1632461.4429044407,"(2359, 4342, 0)","(1533.0, 4342.0, 0)"
1430,286,0,XC1_x1_x1,0.0,0.0,0.0,"(4807, 2091, 270)","(4807.0, 2091.0, 270)"
1431,286,1,x1_x1_x1,0.0,0.0,0.0,"(4742, 3703, 180)","(4742.0, 4007.0, 180)"
1432,286,2,x2_x1_x1,0.0,0.0,0.0,"(2167, 2707, 90)","(2167.0, 2707.0, 90)"
1433,286,3,x3_x1_x1,0.0,0.0,0.0,"(4183, 3094, 180)","(4183.0, 3094.0, 180)"
1434,286,4,XC2_x1_x1,-35655.696758141945,34376.5,1636344.346040866,"(228, 1631, 90)","(228.0, 1631.0, 90)"
1435,287,0,XC2_x1_x1,0.0,0.0,0.0,"(1244, 538, 90)","(1244.0, 538.0, 90)"
1436,287,1,x3_x1_x1,0.0,0.0,0.0,"(1376, 3071, 0)","(1376.0, 3071.0, 0)"
1437,287,2,x2_x1_x1,0.0,0.0,0.0,"(4611, 2407, 90)","(4611.0, 2407.0, 90)"
1438,287,3,x1_x1_x1,0.0,0.0,0.0,"(2112, 4761, 270)","(2112.0, 4761.0, 270)"
1439,287,4,XC1_x1_x1,-35889.389870558,34876.5,1025945.8898789962,"(4165, 4888, 90)","(4165.0, 4888.0, 90)"
1440,288,0,XC1_x1_x1,0.0,0.0,0.0,"(477, 1607, 180)","(477.0, 1607.0, 180)"
1441,288,1,x2_x1_x1,0.0,0.0,0.0,"(3769, 3528, 90)","(3769.0, 3528.0, 90)"
1442,288,2,x3_x1_x1,0.0,0.0,0.0,"(326, 197, 0)","(326.0, 197.0, 0)"
1443,288,3,x1_x1_x1,0.0,0.0,0.0,"(1617, 1319, 180)","(1617.0, 1319.0, 180)"
1444,288,4,XC2_x1_x1,-41616.66781642185,40310.5,1706074.3646562195,"(2702, 1165, 0)","(2702.0, 1165.0, 0)"
1445,289,0,x3_x1_x1,0.0,0.0,0.0,"(728, 4313, 270)","(728.0, 4313.0, 270)"
1446,289,1,XC2_x1_x1,0.0,0.0,0.0,"(4782, 4713, 180)","(4782.0, 4713.0, 180)"
1447,289,2,x2_x1_x1,0.0,0.0,0.0,"(895, 1553, 0)","(847.0, 1553.0, 0)"
1448,289,3,XC1_x1_x1,0.0,0.0,0.0,"(704, 1563, 270)","(-65.0, 1563.0, 270)"
1449,289,4,x1_x1_x1,-31184.028143239502,30317.0,751737.8011693369,"(2164, 1757, 180)","(2164.0, 1757.0, 180)"
1450,290,0,x3_x1_x1,0.0,0.0,0.0,"(1236, 2100, 180)","(1236.0, 2100.0, 180)"
1451,290,1,x1_x1_x1,0.0,0.0,0.0,"(4303, 205, 90)","(4303.0, 205.0, 90)"
1452,290,2,XC1_x1_x1,0.0,0.0,0.0,"(303, 4466, 0)","(303.0, 4466.0, 0)"
1453,290,3,x2_x1_x1,0.0,0.0,0.0,"(3000, 3719, 0)","(3000.0, 3719.0, 0)"
1454,290,4,XC2_x1_x1,-39517.37388449894,38296.5,1490533.0418515317,"(744, 367, 180)","(744.0, 367.0, 180)"
1455,291,0,XC2_x1_x1,0.0,0.0,0.0,"(228, 3123, 270)","(228.0, 3123.0, 270)"
1456,291,1,x3_x1_x1,0.0,0.0,0.0,"(3766, 2484, 90)","(4210.5, 2484.0, 90)"
1457,291,2,x1_x1_x1,0.0,0.0,0.0,"(1723, 4422, 270)","(1723.0, 4422.0, 270)"
1458,291,3,x2_x1_x1,0.0,0.0,0.0,"(1069, 4820, 90)","(839.5, 4820.0, 90)"
1459,291,4,XC1_x1_x1,-42435.87160926391,40914.5,2314571.573474257,"(3401, 2274, 90)","(3401.0, 2274.0, 90)"
1460,292,0,x2_x1_x1,0.0,0.0,0.0,"(1496, 2400, 90)","(1496.0, 2400.0, 90)"
1461,292,1,XC2_x1_x1,0.0,0.0,0.0,"(4402, 2895, 0)","(4402.0, 2895.0, 0)"
1462,292,2,XC1_x1_x1,0.0,0.0,0.0,"(4743, 2041, 270)","(4743.0, 2041.0, 270)"
1463,292,3,x1_x1_x1,0.0,0.0,0.0,"(3748, 2059, 90)","(3748.0, 2059.0, 90)"
1464,292,4,x3_x1_x1,-29985.308393035823,29039.0,895499.5747300404,"(4140, 4247, 180)","(4140.0, 4247.0, 180)"
1465,293,0,x2_x1_x1,0.0,0.0,0.0,"(3290, 3409, 180)","(3290.0, 3409.0, 180)"
1466,293,1,XC2_x1_x1,0.0,0.0,0.0,"(2430, 733, 180)","(2430.0, 676.0, 180)"
1467,293,2,x3_x1_x1,0.0,0.0,0.0,"(1417, 2625, 0)","(1417.0, 2625.0, 0)"
1468,293,3,x1_x1_x1,0.0,0.0,0.0,"(2262, 1190, 0)","(2262.0, 1190.0, 0)"
1469,293,4,XC1_x1_x1,-29000.430210093364,28069.0,867562.2362745691,"(4421, 526, 180)","(4421.0, 526.0, 180)"
1470,294,0,x2_x1_x1,0.0,0.0,0.0,"(2632, 317, 90)","(2632.0, 317.0, 90)"
1471,294,1,x1_x1_x1,0.0,0.0,0.0,"(4361, 612, 180)","(4361.0, 432.0, 180)"
1472,294,2,XC2_x1_x1,0.0,0.0,0.0,"(4615, 3808, 180)","(4615.0, 3808.0, 180)"
1473,294,3,x3_x1_x1,0.0,0.0,0.0,"(4155, 1545, 90)","(4155.0, 1545.0, 90)"
1474,294,4,XC1_x1_x1,-27141.852129921255,26347.5,630995.3063104338,"(1853, 2520, 90)","(1853.0, 2520.0, 90)"
1475,295,0,x2_x1_x1,0.0,0.0,0.0,"(289, 2126, 90)","(289.0, 2126.0, 90)"
1476,295,1,XC2_x1_x1,0.0,0.0,0.0,"(2466, 641, 270)","(2530.0, 641.0, 270)"
1477,295,2,x1_x1_x1,0.0,0.0,0.0,"(396, 828, 0)","(396.0, 828.0, 0)"
1478,295,3,x3_x1_x1,0.0,0.0,0.0,"(3167, 2125, 180)","(3167.0, 2125.0, 180)"
1479,295,4,XC1_x1_x1,-27690.76222658623,26715.5,951136.4106059321,"(1897, 992, 180)","(1897.0, 992.0, 180)"
1480,296,0,x1_x1_x1,0.0,0.0,0.0,"(4748, 4522, 0)","(4748.0, 4522.0, 0)"
1481,296,1,XC2_x1_x1,0.0,0.0,0.0,"(1965, 2879, 180)","(1965.0, 2879.0, 180)"
1482,296,2,x3_x1_x1,0.0,0.0,0.0,"(1605, 1228, 90)","(1605.0, 1228.0, 90)"
1483,296,3,x2_x1_x1,0.0,0.0,0.0,"(3623, 3532, 270)","(3623.0, 3532.0, 270)"
1484,296,4,XC1_x1_x1,-40035.15580305502,38774.5,1589253.053776307,"(3277, 105, 180)","(3277.0, 105.0, 180)"
1485,297,0,x2_x1_x1,0.0,0.0,0.0,"(1107, 2258, 180)","(1107.0, 2258.0, 180)"
1486,297,1,XC1_x1_x1,0.0,0.0,0.0,"(1085, 507, 270)","(1085.0, 507.0, 270)"
1487,297,2,x3_x1_x1,0.0,0.0,0.0,"(4725, 2608, 180)","(4725.0, 2608.0, 180)"
1488,297,3,x1_x1_x1,0.0,0.0,0.0,"(3574, 375, 270)","(3574.0, 375.0, 270)"
1489,297,4,XC2_x1_x1,-32197.882590731737,31322.0,767170.312746939,"(3158, 2178, 90)","(3158.0, 2178.0, 90)"
1490,298,0,x2_x1_x1,0.0,0.0,0.0,"(4317, 2140, 270)","(4317.0, 2500.0, 270)"
1491,298,1,XC2_x1_x1,0.0,0.0,0.0,"(2353, 1952, 90)","(2353.0, 1952.0, 90)"
1492,298,2,x3_x1_x1,0.0,0.0,0.0,"(3579, 989, 270)","(3579.0, 989.0, 270)"
1493,298,3,XC1_x1_x1,0.0,0.0,0.0,"(3071, 151, 0)","(3071.0, 77.0, 0)"
1494,298,4,x1_x1_x1,-25409.31033169791,24478.0,867338.9339272744,"(2667, 2414, 180)","(2667.0, 2539.0, 180)"
1495,299,0,XC1_x1_x1,0.0,0.0,0.0,"(3318, 3861, 0)","(3318.0, 4648.5, 0)"
1496,299,1,XC2_x1_x1,0.0,0.0,0.0,"(1606, 467, 180)","(1606.0, 467.0, 180)"
1497,299,2,x2_x1_x1,0.0,0.0,0.0,"(3202, 3839, 0)","(3202.0, 3839.0, 0)"
1498,299,3,x1_x1_x1,0.0,0.0,0.0,"(2128, 3726, 90)","(2128.0, 3726.0, 90)"
1499,299,4,x3_x1_x1,-29379.058709613375,28525.0,729416.2794664627,"(116, 3045, 180)","(116.0, 3045.0, 180)"
1500,300,0,x3_x1_x1,0.0,0.0,0.0,"(590, 3330, 180)","(590.0, 3330.0, 180)"
1501,300,1,XC2_x1_x1,0.0,0.0,0.0,"(4683, 1108, 90)","(4683.0, 1108.0, 90)"
1502,300,2,x1_x1_x1,0.0,0.0,0.0,"(4747, 984, 270)","(5197.0, 984.0, 270)"
1503,300,3,x2_x1_x1,0.0,0.0,0.0,"(3481, 4887, 180)","(3481.0, 4887.0, 180)"
1504,300,4,XC1_x1_x1,-46979.75098056825,45624.0,1838060.7213117639,"(4306, 4476, 90)","(4393.0, 4476.0, 90)"
1505,301,0,x1_x1_x1,0.0,0.0,0.0,"(2520, 3314, 0)","(2520.0, 3314.0, 0)"
1506,301,1,XC1_x1_x1,0.0,0.0,0.0,"(1592, 2750, 180)","(1592.0, 2889.5, 180)"
1507,301,2,XC2_x1_x1,0.0,0.0,0.0,"(4923, 582, 0)","(4923.0, 582.0, 0)"
1508,301,3,x2_x1_x1,0.0,0.0,0.0,"(1542, 2080, 180)","(1542.0, 2080.0, 180)"
1509,301,4,x3_x1_x1,-26086.555894916466,25328.0,575407.0457125185,"(2970, 629, 0)","(2970.0, 629.0, 0)"
1510,302,0,XC1_x1_x1,0.0,0.0,0.0,"(4392, 2343, 180)","(4392.0, 2343.0, 180)"
1511,302,1,x1_x1_x1,0.0,0.0,0.0,"(4544, 98, 180)","(4544.0, 98.0, 180)"
1512,302,2,x2_x1_x1,0.0,0.0,0.0,"(3373, 3234, 90)","(3373.0, 3234.0, 90)"
1513,302,3,x3_x1_x1,0.0,0.0,0.0,"(4401, 1345, 270)","(4401.0, 1345.0, 270)"
1514,302,4,XC2_x1_x1,-33951.3514729593,32734.0,1481944.608716171,"(2330, 4665, 0)","(2330.0, 4665.0, 0)"
1515,303,0,XC1_x1_x1,0.0,0.0,0.0,"(3704, 1002, 180)","(3704.0, 1002.0, 180)"
1516,303,1,x3_x1_x1,0.0,0.0,0.0,"(4398, 4191, 90)","(4398.0, 4191.0, 90)"
1517,303,2,XC2_x1_x1,0.0,0.0,0.0,"(4492, 2279, 180)","(4492.0, 2279.0, 180)"
1518,303,3,x1_x1_x1,0.0,0.0,0.0,"(2661, 339, 0)","(2661.0, 339.0, 0)"
1519,303,4,x2_x1_x1,-33744.2704368377,32658.0,1179983.4619475724,"(2169, 1948, 0)","(2169.0, 1948.0, 0)"
1520,304,0,x3_x1_x1,0.0,0.0,0.0,"(2346, 3800, 270)","(2076.5, 3800.0, 270)"
1521,304,1,x2_x1_x1,0.0,0.0,0.0,"(4815, 395, 0)","(4815.0, 395.0, 0)"
1522,304,2,XC1_x1_x1,0.0,0.0,0.0,"(3239, 3565, 0)","(3239.0, 3935.0, 0)"
1523,304,3,x1_x1_x1,0.0,0.0,0.0,"(3164, 3421, 0)","(3164.0, 3421.0, 0)"
1524,304,4,XC2_x1_x1,-41049.46348624604,39774.5,1625531.8912606556,"(1919, 641, 0)","(1919.0, 641.0, 0)"
1525,305,0,x1_x1_x1,0.0,0.0,0.0,"(1873, 1902, 180)","(1873.0, 1902.0, 180)"
1526,305,1,x2_x1_x1,0.0,0.0,0.0,"(1357, 2865, 270)","(402.5, 3015.0, 270)"
1527,305,2,XC2_x1_x1,0.0,0.0,0.0,"(2237, 3053, 90)","(2596.0, 3053.0, 90)"
1528,305,3,x3_x1_x1,0.0,0.0,0.0,"(1684, 2745, 0)","(1684.0, 2912.5, 0)"
1529,305,4,XC1_x1_x1,-21662.412217574794,20925.0,543776.7786285739,"(1318, 299, 90)","(1318.0, 299.0, 90)"
1530,306,0,x1_x1_x1,0.0,0.0,0.0,"(1539, 1713, 90)","(1539.0, 1713.0, 90)"
1531,306,1,x2_x1_x1,0.0,0.0,0.0,"(1501, 4199, 180)","(1501.0, 4199.0, 180)"
1532,306,2,XC2_x1_x1,0.0,0.0,0.0,"(3249, 1200, 0)","(3249.0, 1200.0, 0)"
1533,306,3,XC1_x1_x1,0.0,0.0,0.0,"(3438, 3164, 90)","(3438.0, 3164.0, 90)"
1534,306,4,x3_x1_x1,-36553.12224024115,35341.0,1469240.3252872243,"(4188, 3752, 0)","(4350.0, 3752.0, 0)"
1535,307,0,XC1_x1_x1,0.0,0.0,0.0,"(1003, 445, 90)","(1003.0, 445.0, 90)"
1536,307,1,XC2_x1_x1,0.0,0.0,0.0,"(712, 2978, 180)","(712.0, 2978.0, 180)"
1537,307,2,x2_x1_x1,0.0,0.0,0.0,"(2694, 2099, 180)","(2694.0, 2099.0, 180)"
1538,307,3,x1_x1_x1,0.0,0.0,0.0,"(814, 4844, 90)","(814.0, 4844.0, 90)"
1539,307,4,x3_x1_x1,-34214.05111460219,33167.0,1096316.0365896854,"(300, 2004, 0)","(300.0, 2004.0, 0)"
1540,308,0,x3_x1_x1,0.0,0.0,0.0,"(3883, 4871, 0)","(4540.0, 5448.5, 0)"
1541,308,1,XC2_x1_x1,0.0,0.0,0.0,"(4228, 4566, 90)","(4228.0, 4566.0, 90)"
1542,308,2,x1_x1_x1,0.0,0.0,0.0,"(2626, 999, 270)","(2626.0, 999.0, 270)"
1543,308,3,XC1_x1_x1,0.0,0.0,0.0,"(3628, 4738, 90)","(3628.0, 4738.0, 90)"
1544,308,4,x2_x1_x1,-55676.36095268575,54041.5,2672770.334616539,"(234, 488, 90)","(234.0, 488.0, 90)"
1545,309,0,XC1_x1_x1,0.0,0.0,0.0,"(1387, 1483, 90)","(1387.0, 1483.0, 90)"
1546,309,1,x1_x1_x1,0.0,0.0,0.0,"(4512, 961, 90)","(4512.0, 961.0, 90)"
1547,309,2,x2_x1_x1,0.0,0.0,0.0,"(4670, 2660, 0)","(4670.0, 2660.0, 0)"
1548,309,3,x3_x1_x1,0.0,0.0,0.0,"(616, 693, 180)","(616.0, 600.5, 180)"
1549,309,4,XC2_x1_x1,-48167.62980153174,46503.5,2769327.996346069,"(4705, 3708, 180)","(4705.0, 3708.0, 180)"
1550,310,0,XC1_x1_x1,0.0,0.0,0.0,"(3558, 4697, 0)","(3558.0, 4697.0, 0)"
1551,310,1,x3_x1_x1,0.0,0.0,0.0,"(226, 3205, 180)","(226.0, 3397.5, 180)"
1552,310,2,x2_x1_x1,0.0,0.0,0.0,"(3903, 4237, 90)","(4440.5, 4237.0, 90)"
1553,310,3,x1_x1_x1,0.0,0.0,0.0,"(422, 2500, 180)","(422.0, 2074.0, 180)"
1554,310,4,XC2_x1_x1,-33586.425001829775,32586.0,1000850.1842861016,"(649, 2588, 0)","(649.0, 2588.0, 0)"
1555,311,0,x2_x1_x1,0.0,0.0,0.0,"(4168, 3732, 0)","(4168.0, 3732.0, 0)"
1556,311,1,XC1_x1_x1,0.0,0.0,0.0,"(2884, 2628, 0)","(2884.0, 2628.0, 0)"
1557,311,2,XC2_x1_x1,0.0,0.0,0.0,"(15, 2089, 90)","(15.0, 2089.0, 90)"
1558,311,3,x1_x1_x1,0.0,0.0,0.0,"(1565, 3087, 270)","(1565.0, 3087.0, 270)"
1559,311,4,x3_x1_x1,-31089.279454983916,30172.5,840484.569080604,"(1586, 3666, 270)","(1586.0, 4404.0, 270)"
1560,312,0,XC1_x1_x1,0.0,0.0,0.0,"(380, 3588, 0)","(380.0, 3588.0, 0)"
1561,312,1,x3_x1_x1,0.0,0.0,0.0,"(4033, 1099, 270)","(5009.5, 1099.0, 270)"
1562,312,2,x1_x1_x1,0.0,0.0,0.0,"(87, 1505, 180)","(87.0, 1505.0, 180)"
1563,312,3,XC2_x1_x1,0.0,0.0,0.0,"(198, 4548, 0)","(198.0, 4548.0, 0)"
1564,312,4,x2_x1_x1,-45996.25342141645,44717.0,1636489.3162056846,"(3728, 322, 180)","(3728.0, 322.0, 180)"
1565,313,0,x3_x1_x1,0.0,0.0,0.0,"(4320, 1296, 90)","(4320.0, 1296.0, 90)"
1566,313,1,x2_x1_x1,0.0,0.0,0.0,"(263, 4846, 180)","(263.0, 4846.0, 180)"
1567,313,2,XC1_x1_x1,0.0,0.0,0.0,"(1447, 3457, 270)","(1447.0, 3457.0, 270)"
1568,313,3,x1_x1_x1,0.0,0.0,0.0,"(3218, 2658, 180)","(3218.0, 2658.0, 180)"
1569,313,4,XC2_x1_x1,-46183.849195574956,44786.0,1953982.3735695495,"(2225, 4836, 270)","(2225.0, 4836.0, 270)"
1570,314,0,x1_x1_x1,0.0,0.0,0.0,"(2458, 4119, 180)","(2458.0, 4119.0, 180)"
1571,314,1,x2_x1_x1,0.0,0.0,0.0,"(3194, 475, 90)","(3194.0, 475.0, 90)"
1572,314,2,XC1_x1_x1,0.0,0.0,0.0,"(3952, 3710, 0)","(3952.0, 3710.0, 0)"
1573,314,3,XC2_x1_x1,0.0,0.0,0.0,"(3056, 2468, 270)","(3056.0, 2468.0, 270)"
1574,314,4,x3_x1_x1,-34341.290951026785,33217.0,1264030.1425607118,"(1529, 2149, 90)","(1529.0, 2149.0, 90)"
1575,315,0,x1_x1_x1,0.0,0.0,0.0,"(4209, 1353, 0)","(4209.0, 1394.0, 0)"
1576,315,1,x3_x1_x1,0.0,0.0,0.0,"(625, 4141, 0)","(625.0, 4141.0, 0)"
1577,315,2,XC2_x1_x1,0.0,0.0,0.0,"(2057, 532, 90)","(1644.0, 532.0, 90)"
1578,315,3,x2_x1_x1,0.0,0.0,0.0,"(2556, 598, 0)","(2556.0, 598.0, 0)"
1579,315,4,XC1_x1_x1,-38823.18382359731,37702.5,1255932.23247269,"(4062, 880, 180)","(4062.0, 880.0, 180)"
1580,316,0,x3_x1_x1,0.0,0.0,0.0,"(4766, 1351, 0)","(4766.0, 1351.0, 0)"
1581,316,1,x2_x1_x1,0.0,0.0,0.0,"(4788, 1110, 180)","(4788.0, 142.5, 180)"
1582,316,2,XC2_x1_x1,0.0,0.0,0.0,"(4895, 276, 90)","(5700.0, 276.0, 90)"
1583,316,3,XC1_x1_x1,0.0,0.0,0.0,"(3782, 2290, 0)","(3782.0, 2290.0, 0)"
1584,316,4,x1_x1_x1,-36394.419614281425,35159.5,1525026.453736986,"(1498, 3207, 90)","(1498.0, 3207.0, 90)"
1585,317,0,x2_x1_x1,0.0,0.0,0.0,"(2487, 3309, 180)","(2487.0, 3309.0, 180)"
1586,317,1,x1_x1_x1,0.0,0.0,0.0,"(382, 3983, 90)","(382.0, 3983.0, 90)"
1587,317,2,XC1_x1_x1,0.0,0.0,0.0,"(1539, 413, 270)","(1539.0, 413.0, 270)"
1588,317,3,x3_x1_x1,0.0,0.0,0.0,"(4421, 4717, 180)","(4462.0, 4717.0, 180)"
1589,317,4,XC2_x1_x1,-32570.767474646218,31795.5,601039.657244323,"(3477, 4824, 180)","(3477.0, 4824.0, 180)"
1590,318,0,x2_x1_x1,0.0,0.0,0.0,"(1003, 1735, 180)","(261.0, 1735.0, 180)"
1591,318,1,x3_x1_x1,0.0,0.0,0.0,"(1772, 1562, 180)","(1772.0, 1562.0, 180)"
1592,318,2,XC2_x1_x1,0.0,0.0,0.0,"(3732, 713, 0)","(3732.0, 713.0, 0)"
1593,318,3,x1_x1_x1,0.0,0.0,0.0,"(1110, 3946, 0)","(1110.0, 3946.0, 0)"
1594,318,4,XC1_x1_x1,-29470.302478943788,28582.0,789081.2940976755,"(1700, 2557, 180)","(1700.0, 2557.0, 180)"
1595,319,0,XC1_x1_x1,0.0,0.0,0.0,"(3537, 4857, 180)","(3537.0, 4857.0, 180)"
1596,319,1,x3_x1_x1,0.0,0.0,0.0,"(3079, 2822, 0)","(3079.0, 2822.0, 0)"
1597,319,2,XC2_x1_x1,0.0,0.0,0.0,"(817, 237, 90)","(817.0, 237.0, 90)"
1598,319,3,x2_x1_x1,0.0,0.0,0.0,"(3627, 2086, 90)","(3627.0, 1511.0, 90)"
1599,319,4,x1_x1_x1,-41917.10101043282,40533.5,1914351.7560707366,"(348, 4207, 90)","(348.0, 4207.0, 90)"
1600,320,0,x3_x1_x1,0.0,0.0,0.0,"(3684, 3649, 270)","(3684.0, 3649.0, 270)"
1601,320,1,XC2_x1_x1,0.0,0.0,0.0,"(1739, 2994, 0)","(1739.0, 2994.0, 0)"
1602,320,2,x1_x1_x1,0.0,0.0,0.0,"(1630, 4526, 180)","(1630.0, 4526.0, 180)"
1603,320,3,XC1_x1_x1,0.0,0.0,0.0,"(1960, 890, 270)","(1960.0, 890.0, 270)"
1604,320,4,x2_x1_x1,-30310.257633840745,29320.0,980610.1813798691,"(1153, 2489, 180)","(1153.0, 2184.5, 180)"
1605,321,0,XC1_x1_x1,0.0,0.0,0.0,"(1731, 1612, 90)","(1731.0, 1612.0, 90)"
1606,321,1,XC2_x1_x1,0.0,0.0,0.0,"(426, 2824, 180)","(422.5, 2824.0, 180)"
1607,321,2,x1_x1_x1,0.0,0.0,0.0,"(2617, 1140, 90)","(2617.0, 1140.0, 90)"
1608,321,3,x2_x1_x1,0.0,0.0,0.0,"(1305, 2378, 90)","(1305.0, 2597.0, 90)"
1609,321,4,x3_x1_x1,-32597.862339933476,31392.5,1452898.3705299045,"(2787, 60, 270)","(2787.0, -177.0, 270)"
1610,322,0,x3_x1_x1,0.0,0.0,0.0,"(1261, 311, 0)","(1261.0, 311.0, 0)"
1611,322,1,x2_x1_x1,0.0,0.0,0.0,"(218, 2326, 180)","(218.0, 2326.0, 180)"
1612,322,2,XC2_x1_x1,0.0,0.0,0.0,"(3188, 2831, 90)","(3188.0, 2831.0, 90)"
1613,322,3,x1_x1_x1,0.0,0.0,0.0,"(271, 3885, 0)","(271.0, 3885.0, 0)"
1614,322,4,XC1_x1_x1,-34958.18979599249,33863.5,1198345.7494500848,"(1999, 4530, 180)","(1999.0, 4530.0, 180)"
1615,323,0,x2_x1_x1,0.0,0.0,0.0,"(2101, 4564, 90)","(2101.0, 4680.0, 90)"
1616,323,1,XC1_x1_x1,0.0,0.0,0.0,"(2734, 2551, 90)","(2734.0, 2551.0, 90)"
1617,323,2,x1_x1_x1,0.0,0.0,0.0,"(554, 3045, 180)","(232.0, 3045.0, 180)"
1618,323,3,XC2_x1_x1,0.0,0.0,0.0,"(1540, 1976, 90)","(1540.0, 1976.0, 90)"
1619,323,4,x3_x1_x1,-26070.25992057749,25197.5,761709.8789664259,"(1422, 3369, 0)","(1422.0, 3369.0, 0)"
1620,324,0,XC1_x1_x1,0.0,0.0,0.0,"(4328, 2285, 180)","(4328.0, 2383.5, 180)"
1621,324,1,XC2_x1_x1,0.0,0.0,0.0,"(2649, 3720, 90)","(2649.0, 3720.0, 90)"
1622,324,2,x3_x1_x1,0.0,0.0,0.0,"(3995, 1574, 180)","(4729.0, 1574.0, 180)"
1623,324,3,x2_x1_x1,0.0,0.0,0.0,"(4278, 3157, 270)","(4278.0, 3295.5, 270)"
1624,324,4,x1_x1_x1,-24227.684547598114,23269.0,919076.0618033994,"(3412, 1840, 0)","(3412.0, 1840.0, 0)"
1625,325,0,x1_x1_x1,0.0,0.0,0.0,"(3751, 4177, 90)","(3751.0, 4177.0, 90)"
1626,325,1,XC1_x1_x1,0.0,0.0,0.0,"(2307, 3314, 180)","(2307.0, 3597.5, 180)"
1627,325,2,XC2_x1_x1,0.0,0.0,0.0,"(3936, 4381, 0)","(4338.0, 4381.0, 0)"
1628,325,3,x2_x1_x1,0.0,0.0,0.0,"(286, 1518, 180)","(286.0, 1518.0, 180)"
1629,325,4,x3_x1_x1,-36497.25205873504,35308.5,1413131.4571467815,"(2168, 2788, 0)","(2168.0, 2788.0, 0)"
1630,326,0,x2_x1_x1,0.0,0.0,0.0,"(1741, 2097, 270)","(1741.0, 2097.0, 270)"
1631,326,1,XC1_x1_x1,0.0,0.0,0.0,"(4265, 2172, 270)","(4265.0, 2172.0, 270)"
1632,326,2,XC2_x1_x1,0.0,0.0,0.0,"(4056, 1930, 90)","(4056.0, 1466.0, 90)"
1633,326,3,x1_x1_x1,0.0,0.0,0.0,"(4000, 3651, 180)","(4000.0, 3651.0, 180)"
1634,326,4,x3_x1_x1,-34171.89264824646,32928.0,1547268.92036159,"(4003, 4430, 180)","(4003.0, 4661.5, 180)"
1635,327,0,x2_x1_x1,0.0,0.0,0.0,"(1232, 3667, 90)","(1006.5, 3667.0, 90)"
1636,327,1,XC1_x1_x1,0.0,0.0,0.0,"(1889, 3466, 0)","(1889.0, 3466.0, 0)"
1637,327,2,x3_x1_x1,0.0,0.0,0.0,"(2622, 253, 270)","(2622.0, 253.0, 270)"
1638,327,3,x1_x1_x1,0.0,0.0,0.0,"(3928, 2289, 0)","(3928.0, 2289.0, 0)"
1639,327,4,XC2_x1_x1,-38503.01178609045,37306.0,1432837.2160394553,"(3958, 3975, 270)","(3958.0, 3975.0, 270)"
1640,328,0,XC1_x1_x1,0.0,0.0,0.0,"(2387, 881, 180)","(2387.0, 881.0, 180)"
1641,328,1,x1_x1_x1,0.0,0.0,0.0,"(2493, 3726, 90)","(2493.0, 3726.0, 90)"
1642,328,2,x3_x1_x1,0.0,0.0,0.0,"(1902, 528, 0)","(1902.0, 71.5, 0)"
1643,328,3,XC2_x1_x1,0.0,0.0,0.0,"(4180, 3062, 90)","(4180.0, 3062.0, 90)"
1644,328,4,x2_x1_x1,-33866.33020535266,32766.0,1210726.5608114211,"(1346, 2613, 180)","(1346.0, 2613.0, 180)"
1645,329,0,XC2_x1_x1,0.0,0.0,0.0,"(35, 250, 180)","(35.0, 250.0, 180)"
1646,329,1,x1_x1_x1,0.0,0.0,0.0,"(3594, 1006, 90)","(3594.0, 1006.0, 90)"
1647,329,2,x2_x1_x1,0.0,0.0,0.0,"(3928, 1184, 270)","(4477.5, 1184.0, 270)"
1648,329,3,x3_x1_x1,0.0,0.0,0.0,"(1121, 3488, 180)","(1121.0, 3488.0, 180)"
1649,329,4,XC1_x1_x1,-38286.27089040197,37047.0,1535792.3397976833,"(2635, 2136, 270)","(2635.0, 2136.0, 270)"
1650,330,0,x3_x1_x1,0.0,0.0,0.0,"(6, 4466, 270)","(6.0, 4466.0, 270)"
1651,330,1,XC1_x1_x1,0.0,0.0,0.0,"(2994, 1576, 90)","(2994.0, 1576.0, 90)"
1652,330,2,XC2_x1_x1,0.0,0.0,0.0,"(3890, 3166, 180)","(3890.0, 3166.0, 180)"
1653,330,3,x1_x1_x1,0.0,0.0,0.0,"(1868, 1139, 180)","(1868.0, 1139.0, 180)"
1654,330,4,x2_x1_x1,-39751.74207509619,38524.0,1507350.6029614995,"(2990, 3607, 270)","(2990.0, 3607.0, 270)"
1655,331,0,XC1_x1_x1,0.0,0.0,0.0,"(1642, 4815, 90)","(1642.0, 4873.5, 90)"
1656,331,1,x1_x1_x1,0.0,0.0,0.0,"(3021, 3057, 270)","(3021.0, 3057.0, 270)"
1657,331,2,x3_x1_x1,0.0,0.0,0.0,"(1271, 3991, 0)","(1271.0, 3991.0, 0)"
1658,331,3,XC2_x1_x1,0.0,0.0,0.0,"(805, 2813, 90)","(805.0, 2813.0, 90)"
1659,331,4,x2_x1_x1,-29461.04426194085,28383.0,1162179.4307035932,"(3882, 3414, 180)","(4134.0, 3414.0, 180)"
1660,332,0,x2_x1_x1,0.0,0.0,0.0,"(3190, 4652, 180)","(3190.0, 4652.0, 180)"
1661,332,1,x3_x1_x1,0.0,0.0,0.0,"(884, 3626, 270)","(884.0, 3626.0, 270)"
1662,332,2,x1_x1_x1,0.0,0.0,0.0,"(572, 4253, 270)","(-29.0, 4253.0, 270)"
1663,332,3,XC2_x1_x1,0.0,0.0,0.0,"(655, 1024, 180)","(655.0, 1024.0, 180)"
1664,332,4,XC1_x1_x1,-32425.546957793773,31422.0,1007106.4964971396,"(1779, 2552, 90)","(1779.0, 2552.0, 90)"
1665,333,0,x2_x1_x1,0.0,0.0,0.0,"(1824, 4527, 0)","(1824.0, 4651.5, 0)"
1666,333,1,x1_x1_x1,0.0,0.0,0.0,"(3787, 4059, 0)","(3787.0, 4059.0, 0)"
1667,333,2,x3_x1_x1,0.0,0.0,0.0,"(1473, 3443, 180)","(1473.0, 3443.0, 180)"
1668,333,3,XC2_x1_x1,0.0,0.0,0.0,"(916, 712, 90)","(871.0, 712.0, 90)"
1669,333,4,XC1_x1_x1,-32784.14466603966,31746.0,1077744.3476266013,"(1504, 1121, 180)","(1504.0, 1121.0, 180)"
1670,334,0,XC2_x1_x1,0.0,0.0,0.0,"(4263, 4102, 180)","(4263.0, 4102.0, 180)"
1671,334,1,x3_x1_x1,0.0,0.0,0.0,"(781, 2907, 90)","(781.0, 2907.0, 90)"
1672,334,2,XC1_x1_x1,0.0,0.0,0.0,"(1362, 1678, 270)","(1362.0, 1678.0, 270)"
1673,334,3,x1_x1_x1,0.0,0.0,0.0,"(2218, 1868, 270)","(2218.0, 1868.0, 270)"
1674,334,4,x2_x1_x1,-30528.090429844822,29609.5,843808.3778024933,"(239, 1068, 270)","(239.0, 1068.0, 270)"
1675,335,0,XC2_x1_x1,0.0,0.0,0.0,"(2364, 2930, 180)","(2364.0, 2930.0, 180)"
1676,335,1,x3_x1_x1,0.0,0.0,0.0,"(1200, 711, 180)","(1200.0, 711.0, 180)"
1677,335,2,x2_x1_x1,0.0,0.0,0.0,"(4656, 3933, 90)","(4656.0, 3997.0, 90)"
1678,335,3,x1_x1_x1,0.0,0.0,0.0,"(4455, 2680, 270)","(4455.0, 2680.0, 270)"
1679,335,4,XC1_x1_x1,-42053.80691155373,40689.0,1862697.9058248294,"(2840, 1390, 270)","(2840.0, 1390.0, 270)"
1680,336,0,XC1_x1_x1,0.0,0.0,0.0,"(977, 385, 180)","(977.0, 385.0, 180)"
1681,336,1,x1_x1_x1,0.0,0.0,0.0,"(2682, 2539, 180)","(2682.0, 2539.0, 180)"
1682,336,2,XC2_x1_x1,0.0,0.0,0.0,"(372, 1750, 180)","(372.0, 1750.0, 180)"
1683,336,3,x3_x1_x1,0.0,0.0,0.0,"(2434, 3671, 0)","(2434.0, 3671.0, 0)"
1684,336,4,x2_x1_x1,-33306.75117121575,32282.5,1049090.461736835,"(3594, 669, 180)","(3594.0, 669.0, 180)"
1685,337,0,x2_x1_x1,0.0,0.0,0.0,"(2708, 2404, 180)","(2708.0, 2404.0, 180)"
1686,337,1,XC2_x1_x1,0.0,0.0,0.0,"(3683, 2002, 90)","(3683.0, 2002.0, 90)"
1687,337,2,XC1_x1_x1,0.0,0.0,0.0,"(4208, 2295, 0)","(4316.0, 2295.0, 0)"
1688,337,3,x3_x1_x1,0.0,0.0,0.0,"(3745, 558, 180)","(3745.0, 558.0, 180)"
1689,337,4,x1_x1_x1,-31923.460903369014,30822.0,1213216.121650483,"(4858, 3995, 90)","(4858.0, 3995.0, 90)"
1690,338,0,x3_x1_x1,0.0,0.0,0.0,"(3517, 651, 90)","(3517.0, 651.0, 90)"
1691,338,1,x2_x1_x1,0.0,0.0,0.0,"(784, 4769, 90)","(784.0, 4769.0, 90)"
1692,338,2,XC2_x1_x1,0.0,0.0,0.0,"(2459, 695, 0)","(2459.0, 695.0, 0)"
1693,338,3,XC1_x1_x1,0.0,0.0,0.0,"(2960, 3261, 0)","(2960.0, 3261.0, 0)"
1694,338,4,x1_x1_x1,-39838.84218323011,38598.0,1539689.3236832684,"(741, 2963, 270)","(741.0, 2963.0, 270)"
1695,339,0,XC2_x1_x1,0.0,0.0,0.0,"(63, 2208, 0)","(63.0, 2208.0, 0)"
1696,339,1,x3_x1_x1,0.0,0.0,0.0,"(3634, 3873, 90)","(3634.0, 3873.0, 90)"
1697,339,2,x1_x1_x1,0.0,0.0,0.0,"(4539, 3895, 270)","(4547.0, 4177.0, 270)"
1698,339,3,x2_x1_x1,0.0,0.0,0.0,"(2276, 2015, 180)","(2276.0, 2015.0, 180)"
1699,339,4,XC1_x1_x1,-36178.92026487168,34847.0,1774011.5919758517,"(4640, 3386, 90)","(4640.0, 3386.0, 90)"
1700,340,0,x2_x1_x1,0.0,0.0,0.0,"(4635, 1618, 180)","(4635.0, 1618.0, 180)"
1701,340,1,x3_x1_x1,0.0,0.0,0.0,"(3631, 2985, 180)","(3851.0, 2985.0, 180)"
1702,340,2,x1_x1_x1,0.0,0.0,0.0,"(1468, 1696, 180)","(1468.0, 1696.0, 180)"
1703,340,3,XC2_x1_x1,0.0,0.0,0.0,"(2866, 3102, 0)","(2866.0, 3102.0, 0)"
1704,340,4,XC1_x1_x1,-27413.03912132325,26559.0,729382.8207505877,"(788, 1547, 180)","(677.0, 1547.0, 180)"
1705,341,0,XC2_x1_x1,0.0,0.0,0.0,"(1309, 3016, 180)","(1274.0, 3016.0, 180)"
1706,341,1,x2_x1_x1,0.0,0.0,0.0,"(847, 1795, 270)","(847.0, 1795.0, 270)"
1707,341,2,x3_x1_x1,0.0,0.0,0.0,"(3395, 1413, 180)","(3395.0, 1413.0, 180)"
1708,341,3,x1_x1_x1,0.0,0.0,0.0,"(2065, 3410, 180)","(2065.0, 3410.0, 180)"
1709,341,4,XC1_x1_x1,-31629.0648216384,30473.5,1335330.057008189,"(2052, 4241, 270)","(2052.0, 4241.0, 270)"
1710,342,0,XC1_x1_x1,0.0,0.0,0.0,"(4030, 156, 0)","(4030.0, 156.0, 0)"
1711,342,1,x1_x1_x1,0.0,0.0,0.0,"(1806, 4691, 0)","(1806.0, 4691.0, 0)"
1712,342,2,x2_x1_x1,0.0,0.0,0.0,"(2292, 314, 270)","(2340.5, 314.0, 270)"
1713,342,3,x3_x1_x1,0.0,0.0,0.0,"(636, 636, 0)","(619.0, 636.0, 0)"
1714,342,4,XC2_x1_x1,-32585.957406056266,31867.5,516181.0443170992,"(1531, 970, 90)","(1531.0, 970.0, 90)"
1715,343,0,x3_x1_x1,0.0,0.0,0.0,"(4108, 4444, 180)","(4108.0, 4450.5, 180)"
1716,343,1,x1_x1_x1,0.0,0.0,0.0,"(4651, 4846, 180)","(4651.0, 5363.5, 180)"
1717,343,2,x2_x1_x1,0.0,0.0,0.0,"(4243, 3242, 180)","(4243.0, 3242.0, 180)"
1718,343,3,XC2_x1_x1,0.0,0.0,0.0,"(2746, 38, 180)","(2746.0, 38.0, 180)"
1719,343,4,XC1_x1_x1,-30643.21825329175,29651.0,984497.0621653326,"(2911, 2753, 90)","(2911.0, 2753.0, 90)"
1720,344,0,XC1_x1_x1,0.0,0.0,0.0,"(226, 3678, 90)","(226.0, 3678.0, 90)"
1721,344,1,XC2_x1_x1,0.0,0.0,0.0,"(3346, 1520, 270)","(3346.0, 1520.0, 270)"
1722,344,2,x2_x1_x1,0.0,0.0,0.0,"(974, 1476, 0)","(974.0, 1226.5, 0)"
1723,344,3,x3_x1_x1,0.0,0.0,0.0,"(506, 2435, 0)","(506.0, 2435.0, 0)"
1724,344,4,x1_x1_x1,-26449.117268707083,25453.5,991253.7457477505,"(1651, 3240, 90)","(1651.0, 3240.0, 90)"
1725,345,0,XC2_x1_x1,0.0,0.0,0.0,"(4767, 1676, 180)","(4767.0, 1676.0, 180)"
1726,345,1,XC1_x1_x1,0.0,0.0,0.0,"(2338, 4354, 90)","(2338.0, 4354.0, 90)"
1727,345,2,x1_x1_x1,0.0,0.0,0.0,"(2959, 3639, 90)","(2959.0, 3639.0, 90)"
1728,345,3,x2_x1_x1,0.0,0.0,0.0,"(256, 4770, 0)","(256.0, 4770.0, 0)"
1729,345,4,x3_x1_x1,-44539.33665942518,43346.5,1422859.2960686223,"(4291, 2, 0)","(4291.0, 2.0, 0)"
1730,346,0,XC2_x1_x1,0.0,0.0,0.0,"(1372, 722, 270)","(1372.0, 722.0, 270)"
1731,346,1,XC1_x1_x1,0.0,0.0,0.0,"(4875, 1143, 0)","(4875.0, 1143.0, 0)"
1732,346,2,x2_x1_x1,0.0,0.0,0.0,"(3453, 3727, 270)","(3453.0, 3727.0, 270)"
1733,346,3,x3_x1_x1,0.0,0.0,0.0,"(2111, 3125, 180)","(2111.0, 3125.0, 180)"
1734,346,4,x1_x1_x1,-34315.531083839596,33384.0,867750.1601593795,"(597, 4727, 0)","(597.0, 4727.0, 0)"
1735,347,0,XC1_x1_x1,0.0,0.0,0.0,"(3317, 2413, 90)","(3317.0, 2413.0, 90)"
1736,347,1,x2_x1_x1,0.0,0.0,0.0,"(486, 2033, 90)","(486.0, 2033.0, 90)"
1737,347,2,x3_x1_x1,0.0,0.0,0.0,"(2257, 4599, 0)","(2257.0, 4599.0, 0)"
1738,347,3,XC2_x1_x1,0.0,0.0,0.0,"(4855, 2974, 180)","(4855.0, 2974.0, 180)"
1739,347,4,x1_x1_x1,-40516.49984590024,39323.5,1423248.6323179887,"(404, 521, 270)","(404.0, 521.0, 270)"
1740,348,0,x3_x1_x1,0.0,0.0,0.0,"(4928, 2773, 270)","(4928.0, 2773.0, 270)"
1741,348,1,x1_x1_x1,0.0,0.0,0.0,"(3194, 2894, 180)","(3194.0, 2999.0, 180)"
1742,348,2,x2_x1_x1,0.0,0.0,0.0,"(1210, 543, 180)","(1210.0, 543.0, 180)"
1743,348,3,XC2_x1_x1,0.0,0.0,0.0,"(3813, 1588, 90)","(3813.0, 1588.0, 90)"
1744,348,4,XC1_x1_x1,-36016.572964356084,34844.0,1374927.3567388197,"(3213, 2412, 90)","(3213.0, 2412.0, 90)"
1745,349,0,XC1_x1_x1,0.0,0.0,0.0,"(2352, 3686, 0)","(2352.0, 3686.0, 0)"
1746,349,1,x3_x1_x1,0.0,0.0,0.0,"(1176, 2007, 270)","(1176.0, 2007.0, 270)"
1747,349,2,XC2_x1_x1,0.0,0.0,0.0,"(1008, 1464, 90)","(1008.0, 1022.0, 90)"
1748,349,3,x1_x1_x1,0.0,0.0,0.0,"(1588, 1289, 90)","(1588.0, 817.0, 90)"
1749,349,4,x2_x1_x1,-28370.060875544303,27419.5,903565.9781155507,"(3479, 3358, 90)","(3479.0, 3358.0, 90)"
1750,350,0,x2_x1_x1,0.0,0.0,0.0,"(3826, 2761, 270)","(3826.0, 2761.0, 270)"
1751,350,1,x1_x1_x1,0.0,0.0,0.0,"(2538, 713, 90)","(2538.0, 713.0, 90)"
1752,350,2,XC1_x1_x1,0.0,0.0,0.0,"(2025, 619, 90)","(2024.0, 619.0, 90)"
1753,350,3,x3_x1_x1,0.0,0.0,0.0,"(3644, 3197, 0)","(3644.0, 4169.5, 0)"
1754,350,4,XC2_x1_x1,-39668.601939384345,38288.0,1906061.7150318248,"(161, 898, 180)","(161.0, 898.0, 180)"
1755,351,0,x3_x1_x1,0.0,0.0,0.0,"(1261, 901, 270)","(1261.0, 901.0, 270)"
1756,351,1,x1_x1_x1,0.0,0.0,0.0,"(2972, 434, 90)","(2972.0, 434.0, 90)"
1757,351,2,XC2_x1_x1,0.0,0.0,0.0,"(2134, 3335, 90)","(2134.0, 3335.0, 90)"
1758,351,3,XC1_x1_x1,0.0,0.0,0.0,"(1002, 2318, 270)","(1002.0, 2318.0, 270)"
1759,351,4,x2_x1_x1,-32319.475855110257,31163.0,1337436.4034530025,"(866, 3453, 270)","(866.0, 3453.0, 270)"
1760,352,0,x2_x1_x1,0.0,0.0,0.0,"(885, 4312, 90)","(885.0, 4312.0, 90)"
1761,352,1,x1_x1_x1,0.0,0.0,0.0,"(531, 2336, 0)","(531.0, 2336.0, 0)"
1762,352,2,XC2_x1_x1,0.0,0.0,0.0,"(3423, 1871, 0)","(3423.0, 1871.0, 0)"
1763,352,3,x3_x1_x1,0.0,0.0,0.0,"(3982, 310, 0)","(3982.0, 310.0, 0)"
1764,352,4,XC1_x1_x1,-44680.85959506425,43261.5,2014581.6601009376,"(2256, 1005, 0)","(2256.0, 1005.0, 0)"
1765,353,0,XC1_x1_x1,0.0,0.0,0.0,"(4441, 2581, 180)","(4441.0, 2581.0, 180)"
1766,353,1,x1_x1_x1,0.0,0.0,0.0,"(2780, 2213, 90)","(2390.0, 2213.0, 90)"
1767,353,2,x2_x1_x1,0.0,0.0,0.0,"(1760, 2943, 180)","(1760.0, 3300.5, 180)"
1768,353,3,x3_x1_x1,0.0,0.0,0.0,"(2076, 101, 180)","(2076.0, 101.0, 180)"
1769,353,4,XC2_x1_x1,-29005.79073798153,28071.5,872899.1830780731,"(2904, 2210, 270)","(2904.0, 2210.0, 270)"
1770,354,0,x3_x1_x1,0.0,0.0,0.0,"(3463, 3098, 180)","(3463.0, 3098.0, 180)"
1771,354,1,x1_x1_x1,0.0,0.0,0.0,"(2729, 502, 180)","(2729.0, 502.0, 180)"
1772,354,2,XC2_x1_x1,0.0,0.0,0.0,"(3563, 1616, 180)","(3563.0, 1616.0, 180)"
1773,354,3,x2_x1_x1,0.0,0.0,0.0,"(79, 4069, 180)","(79.0, 4069.0, 180)"
1774,354,4,XC1_x1_x1,-42411.006696861856,41097.0,1726613.5993978044,"(3653, 818, 0)","(3653.0, 818.0, 0)"
1775,355,0,x2_x1_x1,0.0,0.0,0.0,"(1529, 4759, 270)","(1529.0, 4759.0, 270)"
1776,355,1,x1_x1_x1,0.0,0.0,0.0,"(608, 893, 180)","(608.0, 893.0, 180)"
1777,355,2,XC2_x1_x1,0.0,0.0,0.0,"(3700, 3369, 90)","(3700.0, 3369.0, 90)"
1778,355,3,x3_x1_x1,0.0,0.0,0.0,"(411, 708, 180)","(411.0, 9.5, 180)"
1779,355,4,XC1_x1_x1,-46576.06258759611,45248.5,1762422.4239848952,"(3901, 2328, 180)","(3901.0, 2328.0, 180)"
1780,356,0,x3_x1_x1,0.0,0.0,0.0,"(4777, 1575, 270)","(4777.0, 1575.0, 270)"
1781,356,1,XC2_x1_x1,0.0,0.0,0.0,"(1317, 3778, 0)","(1317.0, 3778.0, 0)"
1782,356,2,x1_x1_x1,0.0,0.0,0.0,"(2365, 4459, 90)","(2365.0, 4459.0, 90)"
1783,356,3,x2_x1_x1,0.0,0.0,0.0,"(2822, 2740, 90)","(2822.0, 2740.0, 90)"
1784,356,4,XC1_x1_x1,-38312.39525734638,37103.5,1461427.7432345783,"(139, 3960, 90)","(139.0, 3960.0, 90)"
1785,357,0,XC2_x1_x1,0.0,0.0,0.0,"(2664, 3707, 0)","(2664.0, 3707.0, 0)"
1786,357,1,XC1_x1_x1,0.0,0.0,0.0,"(3763, 4188, 90)","(3763.0, 4188.0, 90)"
1787,357,2,x2_x1_x1,0.0,0.0,0.0,"(1706, 2073, 180)","(1706.0, 2073.0, 180)"
1788,357,3,x1_x1_x1,0.0,0.0,0.0,"(106, 707, 90)","(106.0, 707.0, 90)"
1789,357,4,x3_x1_x1,-34639.42284274702,33478.0,1348903.0196545785,"(1676, 350, 0)","(1676.0, 350.0, 0)"
1790,358,0,XC2_x1_x1,0.0,0.0,0.0,"(2622, 977, 270)","(2622.0, 977.0, 270)"
1791,358,1,x1_x1_x1,0.0,0.0,0.0,"(2619, 68, 270)","(2518.5, 68.0, 270)"
1792,358,2,XC1_x1_x1,0.0,0.0,0.0,"(104, 2640, 0)","(104.0, 2640.0, 0)"
1793,358,3,x3_x1_x1,0.0,0.0,0.0,"(3134, 690, 90)","(3431.5, 690.0, 90)"
1794,358,4,x2_x1_x1,-28029.878588495863,27211.5,669743.5141084841,"(2007, 3442, 180)","(2007.0, 3442.0, 180)"
1795,359,0,x3_x1_x1,0.0,0.0,0.0,"(806, 4019, 180)","(806.0, 4019.0, 180)"
1796,359,1,x1_x1_x1,0.0,0.0,0.0,"(1270, 1258, 270)","(1270.0, 1258.0, 270)"
1797,359,2,XC2_x1_x1,0.0,0.0,0.0,"(4597, 1972, 90)","(4597.0, 1972.0, 90)"
1798,359,3,XC1_x1_x1,0.0,0.0,0.0,"(3318, 989, 270)","(3318.0, 989.0, 270)"
1799,359,4,x2_x1_x1,-35693.8865220806,34483.5,1465035.532834363,"(3178, 2292, 90)","(3178.0, 2292.0, 90)"
1800,360,0,XC2_x1_x1,0.0,0.0,0.0,"(3817, 3142, 90)","(3817.0, 3142.0, 90)"
1801,360,1,XC1_x1_x1,0.0,0.0,0.0,"(1767, 4577, 0)","(1767.0, 5097.0, 0)"
1802,360,2,x2_x1_x1,0.0,0.0,0.0,"(2049, 2571, 0)","(2049.0, 2571.0, 0)"
1803,360,3,x1_x1_x1,0.0,0.0,0.0,"(4436, 1020, 270)","(4436.0, 1020.0, 270)"
1804,360,4,x3_x1_x1,-39683.80099595222,38363.0,1744515.270908365,"(1115, 4185, 90)","(1115.0, 4185.0, 90)"
1805,361,0,x1_x1_x1,0.0,0.0,0.0,"(2409, 1706, 180)","(2409.0, 1706.0, 180)"
1806,361,1,XC1_x1_x1,0.0,0.0,0.0,"(485, 4243, 270)","(485.0, 4320.0, 270)"
1807,361,2,x3_x1_x1,0.0,0.0,0.0,"(4396, 2216, 90)","(4396.0, 2216.0, 90)"
1808,361,3,XC2_x1_x1,0.0,0.0,0.0,"(4703, 3700, 90)","(4703.0, 3700.0, 90)"
1809,361,4,x2_x1_x1,-33629.87966523863,32617.5,1024912.5865886814,"(80, 3335, 90)","(80.0, 3335.0, 90)"
1810,362,0,x3_x1_x1,0.0,0.0,0.0,"(904, 961, 0)","(904.0, 961.0, 0)"
1811,362,1,XC1_x1_x1,0.0,0.0,0.0,"(4520, 632, 90)","(4520.0, 632.0, 90)"
1812,362,2,XC2_x1_x1,0.0,0.0,0.0,"(3069, 1966, 180)","(3069.0, 1966.0, 180)"
1813,362,3,x2_x1_x1,0.0,0.0,0.0,"(3364, 887, 0)","(3364.0, 887.0, 0)"
1814,362,4,x1_x1_x1,-28558.23631074543,27634.0,854212.7581003237,"(74, 1349, 270)","(-82.0, 1349.0, 270)"
1815,363,0,x2_x1_x1,0.0,0.0,0.0,"(3020, 3182, 0)","(3020.0, 3182.0, 0)"
1816,363,1,XC2_x1_x1,0.0,0.0,0.0,"(1149, 4483, 90)","(1149.0, 4483.0, 90)"
1817,363,2,XC1_x1_x1,0.0,0.0,0.0,"(836, 1689, 180)","(836.0, 1689.0, 180)"
1818,363,3,x1_x1_x1,0.0,0.0,0.0,"(4643, 2909, 270)","(4643.0, 2909.0, 270)"
1819,363,4,x3_x1_x1,-29194.41784034685,28231.0,928173.9350985923,"(2008, 3411, 180)","(1636.0, 3411.0, 180)"
1820,364,0,x3_x1_x1,0.0,0.0,0.0,"(3506, 3720, 270)","(3506.0, 3720.0, 270)"
1821,364,1,XC2_x1_x1,0.0,0.0,0.0,"(1068, 658, 180)","(1068.0, 658.0, 180)"
1822,364,2,x2_x1_x1,0.0,0.0,0.0,"(397, 4143, 180)","(397.0, 4143.0, 180)"
1823,364,3,x1_x1_x1,0.0,0.0,0.0,"(3133, 1034, 180)","(3133.0, 1034.0, 180)"
1824,364,4,XC1_x1_x1,-39642.541020854085,38292.5,1822610.7579887453,"(57, 3586, 180)","(57.0, 3333.5, 180)"
1825,365,0,XC2_x1_x1,0.0,0.0,0.0,"(2413, 479, 0)","(2413.0, 479.0, 0)"
1826,365,1,x1_x1_x1,0.0,0.0,0.0,"(963, 2092, 180)","(963.0, 2092.0, 180)"
1827,365,2,x3_x1_x1,0.0,0.0,0.0,"(621, 4912, 90)","(621.0, 4912.0, 90)"
1828,365,3,x2_x1_x1,0.0,0.0,0.0,"(952, 3226, 180)","(952.0, 3226.0, 180)"
1829,365,4,XC1_x1_x1,-31914.281505999545,30863.5,1104141.7733506735,"(1338, 1031, 90)","(1338.0, 1031.0, 90)"
1830,366,0,x3_x1_x1,0.0,0.0,0.0,"(3646, 2532, 0)","(3646.0, 2532.0, 0)"
1831,366,1,XC2_x1_x1,0.0,0.0,0.0,"(1866, 1036, 270)","(1866.0, 1036.0, 270)"
1832,366,2,x1_x1_x1,0.0,0.0,0.0,"(98, 334, 90)","(98.0, 334.0, 90)"
1833,366,3,x2_x1_x1,0.0,0.0,0.0,"(4860, 1845, 0)","(5157.0, 1845.0, 0)"
1834,366,4,XC1_x1_x1,-41888.145627716396,40555.5,1775944.369071625,"(2050, 723, 90)","(2426.0, 723.0, 90)"
1835,367,0,x1_x1_x1,0.0,0.0,0.0,"(2744, 3121, 270)","(2744.0, 3121.0, 270)"
1836,367,1,XC2_x1_x1,0.0,0.0,0.0,"(2650, 2083, 180)","(2650.0, 2083.0, 180)"
1837,367,2,x3_x1_x1,0.0,0.0,0.0,"(3789, 1267, 90)","(3789.0, 1267.0, 90)"
1838,367,3,XC1_x1_x1,0.0,0.0,0.0,"(2682, 562, 270)","(2682.0, 562.0, 270)"
1839,367,4,x2_x1_x1,-30421.020816729168,29375.5,1093113.7782140279,"(4827, 497, 0)","(5100.0, 497.0, 0)"
1840,368,0,x1_x1_x1,0.0,0.0,0.0,"(3618, 1674, 180)","(3618.0, 1802.0, 180)"
1841,368,1,XC2_x1_x1,0.0,0.0,0.0,"(4694, 548, 0)","(4694.0, 548.0, 0)"
1842,368,2,XC1_x1_x1,0.0,0.0,0.0,"(459, 1660, 180)","(459.0, 1660.0, 180)"
1843,368,3,x3_x1_x1,0.0,0.0,0.0,"(2497, 889, 0)","(2497.0, 889.0, 0)"
1844,368,4,x2_x1_x1,-22197.52756620018,21617.0,337012.255118303,"(2011, 1898, 90)","(2011.0, 2200.0, 90)"
1845,369,0,x1_x1_x1,0.0,0.0,0.0,"(2179, 3135, 180)","(2179.0, 3135.0, 180)"
1846,369,1,x3_x1_x1,0.0,0.0,0.0,"(553, 3734, 90)","(553.0, 3734.0, 90)"
1847,369,2,x2_x1_x1,0.0,0.0,0.0,"(1235, 4684, 0)","(1235.0, 5015.5, 0)"
1848,369,3,XC2_x1_x1,0.0,0.0,0.0,"(4727, 4579, 90)","(4727.0, 4579.0, 90)"
1849,369,4,XC1_x1_x1,-35531.581351253844,34397.0,1287274.8426130053,"(3375, 605, 90)","(3375.0, 605.0, 90)"
1850,370,0,x1_x1_x1,0.0,0.0,0.0,"(4784, 2104, 0)","(4784.0, 1802.0, 0)"
1851,370,1,x3_x1_x1,0.0,0.0,0.0,"(4108, 2915, 90)","(4108.0, 2915.0, 90)"
1852,370,2,x2_x1_x1,0.0,0.0,0.0,"(1204, 72, 270)","(1204.0, 72.0, 270)"
1853,370,3,XC2_x1_x1,0.0,0.0,0.0,"(4408, 4918, 270)","(4408.0, 4918.0, 270)"
1854,370,4,XC1_x1_x1,-39271.17210367883,38175.0,1201593.2808836775,"(680, 2448, 270)","(680.0, 2448.0, 270)"
1855,371,0,x3_x1_x1,0.0,0.0,0.0,"(4897, 1294, 180)","(4897.0, 1294.0, 180)"
1856,371,1,x1_x1_x1,0.0,0.0,0.0,"(61, 4278, 0)","(61.0, 4278.0, 0)"
1857,371,2,XC1_x1_x1,0.0,0.0,0.0,"(4155, 4692, 0)","(4155.0, 4692.0, 0)"
1858,371,3,XC2_x1_x1,0.0,0.0,0.0,"(3456, 3395, 180)","(3456.0, 3395.0, 180)"
1859,371,4,x2_x1_x1,-47773.94322396236,46241.5,2348382.2346681515,"(2346, 1800, 90)","(2346.0, 1800.0, 90)"
1860,372,0,x2_x1_x1,0.0,0.0,0.0,"(1181, 4244, 270)","(1181.0, 4244.0, 270)"
1861,372,1,x3_x1_x1,0.0,0.0,0.0,"(1633, 566, 0)","(1633.0, -472.5, 0)"
1862,372,2,XC2_x1_x1,0.0,0.0,0.0,"(4740, 2359, 90)","(4740.0, 2359.0, 90)"
1863,372,3,x1_x1_x1,0.0,0.0,0.0,"(2223, 997, 180)","(2223.0, 997.0, 180)"
1864,372,4,XC1_x1_x1,-41565.274967492434,40358.5,1456305.8221663598,"(1858, 492, 270)","(1858.0, 410.0, 270)"
1865,373,0,XC1_x1_x1,0.0,0.0,0.0,"(2528, 917, 90)","(2528.0, 909.0, 90)"
1866,373,1,x1_x1_x1,0.0,0.0,0.0,"(2419, 1496, 0)","(2419.0, 1496.0, 0)"
1867,373,2,XC2_x1_x1,0.0,0.0,0.0,"(1975, 579, 270)","(1968.0, 579.0, 270)"
1868,373,3,x3_x1_x1,0.0,0.0,0.0,"(3655, 1443, 270)","(3655.0, 1443.0, 270)"
1869,373,4,x2_x1_x1,-24929.238422944127,23819.0,1232629.3557814597,"(3542, 2804, 0)","(3542.0, 2851.5, 0)"
1870,374,0,x3_x1_x1,0.0,0.0,0.0,"(2714, 760, 270)","(2714.0, 760.0, 270)"
1871,374,1,XC2_x1_x1,0.0,0.0,0.0,"(2241, 809, 0)","(1831.5, 809.0, 0)"
1872,374,2,x1_x1_x1,0.0,0.0,0.0,"(1357, 2865, 270)","(1357.0, 2865.0, 270)"
1873,374,3,XC1_x1_x1,0.0,0.0,0.0,"(4909, 4348, 0)","(5636.0, 4348.0, 0)"
1874,374,4,x2_x1_x1,-34608.7134197227,33659.0,901955.5796013802,"(4651, 4338, 0)","(4651.0, 4338.0, 0)"
1875,375,0,x3_x1_x1,0.0,0.0,0.0,"(2868, 3485, 0)","(2868.0, 3485.0, 0)"
1876,375,1,x1_x1_x1,0.0,0.0,0.0,"(1939, 3478, 270)","(1882.0, 3478.0, 270)"
1877,375,2,x2_x1_x1,0.0,0.0,0.0,"(4722, 2766, 0)","(4929.0, 2766.0, 0)"
1878,375,3,XC2_x1_x1,0.0,0.0,0.0,"(625, 4567, 90)","(625.0, 4567.0, 90)"
1879,375,4,XC1_x1_x1,-27906.622373056904,27065.5,707486.8464568742,"(3944, 2368, 180)","(3944.0, 2368.0, 180)"
1880,376,0,XC1_x1_x1,0.0,0.0,0.0,"(4802, 3183, 180)","(4802.0, 3183.0, 180)"
1881,376,1,x3_x1_x1,0.0,0.0,0.0,"(2885, 3227, 90)","(2885.0, 3227.0, 90)"
1882,376,2,x2_x1_x1,0.0,0.0,0.0,"(2517, 2, 180)","(2517.0, 2.0, 180)"
1883,376,3,x1_x1_x1,0.0,0.0,0.0,"(3371, 4528, 90)","(3371.0, 4528.0, 90)"
1884,376,4,XC2_x1_x1,-40347.46683545154,39049.5,1684717.9059320807,"(863, 1601, 270)","(863.0, 1601.0, 270)"
1885,377,0,x1_x1_x1,0.0,0.0,0.0,"(1531, 4367, 180)","(1531.0, 4430.0, 180)"
1886,377,1,XC2_x1_x1,0.0,0.0,0.0,"(1833, 2331, 0)","(1264.5, 2331.0, 0)"
1887,377,2,x2_x1_x1,0.0,0.0,0.0,"(2147, 2777, 90)","(2147.0, 2206.0, 90)"
1888,377,3,XC1_x1_x1,0.0,0.0,0.0,"(2469, 2306, 0)","(3029.5, 2306.0, 0)"
1889,377,4,x3_x1_x1,-22704.583889533256,21789.5,837378.5248833107,"(1835, 3517, 180)","(1835.0, 3517.0, 180)"
1890,378,0,XC1_x1_x1,0.0,0.0,0.0,"(2073, 3254, 90)","(2073.0, 3254.0, 90)"
1891,378,1,XC2_x1_x1,0.0,0.0,0.0,"(3237, 4501, 90)","(3237.0, 4501.0, 90)"
1892,378,2,x1_x1_x1,0.0,0.0,0.0,"(198, 1133, 180)","(-76.0, 1133.0, 180)"
1893,378,3,x3_x1_x1,0.0,0.0,0.0,"(305, 108, 90)","(305.0, 108.0, 90)"
1894,378,4,x2_x1_x1,-34752.51950174679,33641.0,1235475.6027634344,"(1041, 1674, 90)","(1041.0, 1674.0, 90)"
1895,379,0,x3_x1_x1,0.0,0.0,0.0,"(3292, 3120, 90)","(3292.0, 3300.0, 90)"
1896,379,1,x1_x1_x1,0.0,0.0,0.0,"(3925, 897, 0)","(3925.0, 897.0, 0)"
1897,379,2,XC1_x1_x1,0.0,0.0,0.0,"(3765, 2388, 180)","(3765.0, 2388.0, 180)"
1898,379,3,x2_x1_x1,0.0,0.0,0.0,"(3249, 3365, 180)","(3249.0, 4581.5, 180)"
1899,379,4,XC2_x1_x1,-27858.967908262926,26790.5,1141623.6709877497,"(4352, 3779, 0)","(4352.0, 3779.0, 0)"
1900,380,0,x1_x1_x1,0.0,0.0,0.0,"(988, 1483, 270)","(333.0, 1483.0, 270)"
1901,380,1,XC2_x1_x1,0.0,0.0,0.0,"(2823, 3319, 90)","(2823.0, 3319.0, 90)"
1902,380,2,x2_x1_x1,0.0,0.0,0.0,"(1246, 1442, 90)","(1246.0, 1442.0, 90)"
1903,380,3,XC1_x1_x1,0.0,0.0,0.0,"(316, 679, 0)","(316.0, 679.0, 0)"
1904,380,4,x3_x1_x1,-26460.082360197208,25557.5,814654.9169391638,"(3199, 698, 270)","(3199.0, 698.0, 270)"
1905,381,0,x3_x1_x1,0.0,0.0,0.0,"(230, 4615, 90)","(230.0, 4615.0, 90)"
1906,381,1,x2_x1_x1,0.0,0.0,0.0,"(1095, 1924, 0)","(1440.0, 1924.0, 0)"
1907,381,2,XC2_x1_x1,0.0,0.0,0.0,"(528, 2308, 270)","(528.0, 2308.0, 270)"
1908,381,3,XC1_x1_x1,0.0,0.0,0.0,"(375, 3088, 90)","(375.0, 3088.0, 90)"
1909,381,4,x1_x1_x1,-32918.95213998599,31786.5,1282447.8493588355,"(2406, 1522, 90)","(2553.0, 1522.0, 90)"
1910,382,0,x2_x1_x1,0.0,0.0,0.0,"(1742, 673, 270)","(1742.0, 673.0, 270)"
1911,382,1,x1_x1_x1,0.0,0.0,0.0,"(4501, 48, 90)","(4501.0, -25.0, 90)"
1912,382,2,XC1_x1_x1,0.0,0.0,0.0,"(1563, 3873, 90)","(1563.0, 3873.0, 90)"
1913,382,3,x3_x1_x1,0.0,0.0,0.0,"(4565, 1092, 180)","(4565.0, 1092.0, 180)"
1914,382,4,XC2_x1_x1,-30496.883383125984,29632.0,748023.2664074481,"(4572, 2353, 90)","(4572.0, 2353.0, 90)"
1915,383,0,x2_x1_x1,0.0,0.0,0.0,"(4711, 858, 0)","(4711.0, 858.0, 0)"
1916,383,1,x3_x1_x1,0.0,0.0,0.0,"(3953, 542, 90)","(3953.0, -453.0, 90)"
1917,383,2,x1_x1_x1,0.0,0.0,0.0,"(1525, 3540, 90)","(1525.0, 3540.0, 90)"
1918,383,3,XC1_x1_x1,0.0,0.0,0.0,"(1409, 3171, 270)","(1011.0, 3171.0, 270)"
1919,383,4,XC2_x1_x1,-44153.049233257596,42748.0,1974163.347877756,"(3749, 2898, 90)","(3749.0, 2898.0, 90)"
1920,384,0,XC1_x1_x1,0.0,0.0,0.0,"(4127, 3169, 270)","(4127.0, 3169.0, 270)"
1921,384,1,x1_x1_x1,0.0,0.0,0.0,"(4704, 3953, 90)","(4704.0, 3953.0, 90)"
1922,384,2,x3_x1_x1,0.0,0.0,0.0,"(4846, 242, 90)","(4846.0, 242.0, 90)"
1923,384,3,XC2_x1_x1,0.0,0.0,0.0,"(1080, 254, 0)","(1080.0, 254.0, 0)"
1924,384,4,x2_x1_x1,-40815.33540930053,39616.0,1438405.4240020837,"(2539, 4235, 90)","(2539.0, 4235.0, 90)"
1925,385,0,XC1_x1_x1,0.0,0.0,0.0,"(1691, 2242, 90)","(1691.0, 2242.0, 90)"
1926,385,1,x2_x1_x1,0.0,0.0,0.0,"(1791, 4590, 90)","(1791.0, 4684.0, 90)"
1927,385,2,x1_x1_x1,0.0,0.0,0.0,"(2026, 3571, 180)","(2026.0, 3571.0, 180)"
1928,385,3,x3_x1_x1,0.0,0.0,0.0,"(4768, 4574, 180)","(4768.0, 4574.0, 180)"
1929,385,4,XC2_x1_x1,-31111.981985439317,30167.5,892046.220819397,"(995, 3506, 90)","(995.0, 3506.0, 90)"
1930,386,0,XC2_x1_x1,0.0,0.0,0.0,"(1644, 1968, 270)","(1644.0, 1968.0, 270)"
1931,386,1,x3_x1_x1,0.0,0.0,0.0,"(3696, 4374, 0)","(3696.0, 4374.0, 0)"
1932,386,2,x2_x1_x1,0.0,0.0,0.0,"(2883, 757, 90)","(2883.0, 757.0, 90)"
1933,386,3,XC1_x1_x1,0.0,0.0,0.0,"(3032, 345, 270)","(3032.0, -228.0, 270)"
1934,386,4,x1_x1_x1,-36746.183771587515,35611.5,1287507.2615040664,"(907, 1959, 180)","(907.0, 1959.0, 180)"
1935,387,0,x2_x1_x1,0.0,0.0,0.0,"(2820, 157, 90)","(2820.0, 157.0, 90)"
1936,387,1,x1_x1_x1,0.0,0.0,0.0,"(2780, 2850, 270)","(2780.0, 2850.0, 270)"
1937,387,2,x3_x1_x1,0.0,0.0,0.0,"(1485, 1901, 90)","(1485.0, 1901.0, 90)"
1938,387,3,XC2_x1_x1,0.0,0.0,0.0,"(1825, 27, 90)","(1825.0, 27.0, 90)"
1939,387,4,XC1_x1_x1,-29056.07278186386,28200.0,732860.6078481283,"(4753, 461, 90)","(4753.0, 461.0, 90)"
1940,388,0,XC2_x1_x1,0.0,0.0,0.0,"(1853, 3206, 0)","(1853.0, 3206.0, 0)"
1941,388,1,x2_x1_x1,0.0,0.0,0.0,"(952, 3744, 0)","(868.0, 3744.0, 0)"
1942,388,2,x1_x1_x1,0.0,0.0,0.0,"(808, 1200, 90)","(808.0, 1200.0, 90)"
1943,388,3,XC1_x1_x1,0.0,0.0,0.0,"(1825, 1930, 180)","(1825.0, 1930.0, 180)"
1944,388,4,x3_x1_x1,-37986.58286649576,36651.5,1782446.2604105382,"(4171, 1587, 0)","(4171.0, 1587.0, 0)"
1945,389,0,x2_x1_x1,0.0,0.0,0.0,"(713, 4075, 90)","(713.0, 4075.0, 90)"
1946,389,1,XC1_x1_x1,0.0,0.0,0.0,"(2643, 3878, 180)","(2643.0, 3878.0, 180)"
1947,389,2,x3_x1_x1,0.0,0.0,0.0,"(1616, 769, 180)","(1616.0, 769.0, 180)"
1948,389,3,XC2_x1_x1,0.0,0.0,0.0,"(3029, 4892, 180)","(3029.0, 4892.0, 180)"
1949,389,4,x1_x1_x1,-36028.48277660082,34755.0,1621758.3822989247,"(769, 2503, 0)","(769.0, 2503.0, 0)"
1950,390,0,x2_x1_x1,0.0,0.0,0.0,"(2238, 792, 0)","(2238.0, 792.0, 0)"
1951,390,1,XC1_x1_x1,0.0,0.0,0.0,"(2086, 4743, 90)","(2086.0, 4743.0, 90)"
1952,390,2,XC2_x1_x1,0.0,0.0,0.0,"(476, 1057, 90)","(476.0, 1057.0, 90)"
1953,390,3,x1_x1_x1,0.0,0.0,0.0,"(2809, 3431, 270)","(2809.0, 3431.0, 270)"
1954,390,4,x3_x1_x1,-37039.27624406138,35718.5,1744449.886876883,"(3422, 3218, 270)","(3819.5, 3218.0, 270)"
1955,391,0,x2_x1_x1,0.0,0.0,0.0,"(2457, 107, 90)","(2457.0, 105.0, 90)"
1956,391,1,x3_x1_x1,0.0,0.0,0.0,"(1144, 1712, 270)","(1144.0, 1712.0, 270)"
1957,391,2,x1_x1_x1,0.0,0.0,0.0,"(623, 2505, 180)","(623.0, 2825.0, 180)"
1958,391,3,XC2_x1_x1,0.0,0.0,0.0,"(3209, 2356, 180)","(3209.0, 2356.0, 180)"
1959,391,4,XC1_x1_x1,-28215.79763764834,27179.0,1074949.3414331735,"(2758, 1017, 180)","(2758.0, 1017.0, 180)"
1960,392,0,x1_x1_x1,0.0,0.0,0.0,"(4899, 3175, 270)","(4899.0, 3175.0, 270)"
1961,392,1,XC1_x1_x1,0.0,0.0,0.0,"(1671, 4660, 180)","(1671.0, 4660.0, 180)"
1962,392,2,XC2_x1_x1,0.0,0.0,0.0,"(435, 4384, 0)","(435.0, 4384.0, 0)"
1963,392,3,x3_x1_x1,0.0,0.0,0.0,"(2193, 3672, 270)","(2193.0, 3672.0, 270)"
1964,392,4,x2_x1_x1,-32102.96905709659,31050.0,1108743.8352028804,"(2131, 3070, 90)","(2131.0, 2288.0, 90)"
1965,393,0,x1_x1_x1,0.0,0.0,0.0,"(4707, 4215, 90)","(4707.0, 4215.0, 90)"
1966,393,1,x2_x1_x1,0.0,0.0,0.0,"(413, 1356, 270)","(413.0, 1356.0, 270)"
1967,393,2,x3_x1_x1,0.0,0.0,0.0,"(2072, 3459, 270)","(2072.0, 3459.0, 270)"
1968,393,3,XC1_x1_x1,0.0,0.0,0.0,"(243, 4910, 0)","(243.0, 4910.0, 0)"
1969,393,4,XC2_x1_x1,-47880.04718143362,46352.5,2333400.3915057974,"(87, 1288, 90)","(-396.5, 1288.0, 90)"
1970,394,0,XC1_x1_x1,0.0,0.0,0.0,"(1399, 2751, 180)","(1399.0, 2751.0, 180)"
1971,394,1,x2_x1_x1,0.0,0.0,0.0,"(2629, 3937, 270)","(2629.0, 3937.0, 270)"
1972,394,2,x1_x1_x1,0.0,0.0,0.0,"(4144, 1633, 180)","(4144.0, 1633.0, 180)"
1973,394,3,XC2_x1_x1,0.0,0.0,0.0,"(495, 4398, 0)","(495.0, 4398.0, 0)"
1974,394,4,x3_x1_x1,-42084.425463183805,40727.0,1842603.8880997598,"(3495, 322, 270)","(3495.0, 322.0, 270)"
1975,395,0,x2_x1_x1,0.0,0.0,0.0,"(2499, 3912, 90)","(2499.0, 3912.0, 90)"
1976,395,1,XC1_x1_x1,0.0,0.0,0.0,"(1408, 12, 0)","(1408.0, 12.0, 0)"
1977,395,2,XC2_x1_x1,0.0,0.0,0.0,"(639, 3536, 180)","(639.0, 3536.0, 180)"
1978,395,3,x3_x1_x1,0.0,0.0,0.0,"(3314, 4393, 0)","(3810.0, 4393.0, 0)"
1979,395,4,x1_x1_x1,-32050.436934282294,31154.5,802702.9902111536,"(2406, 2488, 270)","(2406.0, 2488.0, 270)"
1980,396,0,x2_x1_x1,0.0,0.0,0.0,"(3863, 1205, 180)","(3863.0, 1205.0, 180)"
1981,396,1,x1_x1_x1,0.0,0.0,0.0,"(2758, 2378, 180)","(2758.0, 2378.0, 180)"
1982,396,2,XC2_x1_x1,0.0,0.0,0.0,"(2454, 2638, 0)","(2454.0, 2892.0, 0)"
1983,396,3,XC1_x1_x1,0.0,0.0,0.0,"(847, 3408, 0)","(847.0, 3408.0, 0)"
1984,396,4,x3_x1_x1,-29703.001400578265,28720.5,965309.0021382516,"(4816, 1677, 180)","(5247.0, 1677.0, 180)"
1985,397,0,XC2_x1_x1,0.0,0.0,0.0,"(785, 4085, 180)","(785.0, 4085.0, 180)"
1986,397,1,XC1_x1_x1,0.0,0.0,0.0,"(1165, 1886, 90)","(1165.0, 1886.0, 90)"
1987,397,2,x1_x1_x1,0.0,0.0,0.0,"(38, 1055, 90)","(38.0, 1055.0, 90)"
1988,397,3,x2_x1_x1,0.0,0.0,0.0,"(4460, 1509, 180)","(4460.0, 1509.0, 180)"
1989,397,4,x3_x1_x1,-43756.79481902149,42549.0,1458768.3248551432,"(4118, 4403, 90)","(4118.0, 4403.0, 90)"
1990,398,0,XC1_x1_x1,0.0,0.0,0.0,"(784, 3144, 270)","(784.0, 3144.0, 270)"
1991,398,1,x1_x1_x1,0.0,0.0,0.0,"(4105, 4673, 90)","(4105.0, 4673.0, 90)"
1992,398,2,x3_x1_x1,0.0,0.0,0.0,"(2246, 1728, 90)","(2246.0, 1728.0, 90)"
1993,398,3,XC2_x1_x1,0.0,0.0,0.0,"(908, 1158, 180)","(908.0, 1158.0, 180)"
1994,398,4,x2_x1_x1,-37990.86661305342,36837.0,1331408.160719364,"(107, 2606, 0)","(-128.0, 2606.0, 0)"
1995,399,0,XC1_x1_x1,0.0,0.0,0.0,"(571, 4095, 90)","(571.0, 4095.0, 90)"
1996,399,1,x1_x1_x1,0.0,0.0,0.0,"(4613, 3111, 180)","(4613.0, 3111.0, 180)"
1997,399,2,XC2_x1_x1,0.0,0.0,0.0,"(328, 4718, 180)","(328.0, 4728.0, 180)"
1998,399,3,x2_x1_x1,0.0,0.0,0.0,"(1971, 1870, 180)","(1971.0, 1870.0, 180)"
1999,399,4,x3_x1_x1,-44182.62129645416,42831.0,1826880.1290284346,"(3957, 545, 90)","(3957.0, 545.0, 90)"
2000,400,0,x1_x1_x1,0.0,0.0,0.0,"(721, 4471, 180)","(-264.0, 4471.0, 180)"
2001,400,1,XC1_x1_x1,0.0,0.0,0.0,"(3282, 4011, 270)","(3282.0, 4011.0, 270)"
2002,400,2,XC2_x1_x1,0.0,0.0,0.0,"(4246, 4216, 0)","(4246.0, 4216.0, 0)"
2003,400,3,x2_x1_x1,0.0,0.0,0.0,"(853, 4922, 90)","(853.0, 4922.0, 90)"
2004,400,4,x3_x1_x1,-36318.1736475446,35163.0,1334426.1559815065,"(4848, 4833, 0)","(4848.0, 5025.5, 0)"
2005,401,0,XC2_x1_x1,0.0,0.0,0.0,"(2697, 4064, 0)","(2697.0, 4064.0, 0)"
2006,401,1,x2_x1_x1,0.0,0.0,0.0,"(3493, 1624, 0)","(3493.0, 1624.0, 0)"
2007,401,2,XC1_x1_x1,0.0,0.0,0.0,"(3867, 2963, 90)","(3867.0, 2963.0, 90)"
2008,401,3,x1_x1_x1,0.0,0.0,0.0,"(1017, 2137, 180)","(1017.0, 2137.0, 180)"
2009,401,4,x3_x1_x1,-30344.55496851085,29283.0,1126898.9511700713,"(2237, 4182, 90)","(1814.5, 4182.0, 90)"
2010,402,0,XC2_x1_x1,0.0,0.0,0.0,"(1988, 4636, 270)","(1988.0, 4766.5, 270)"
2011,402,1,XC1_x1_x1,0.0,0.0,0.0,"(197, 1531, 0)","(197.0, 1531.0, 0)"
2012,402,2,x1_x1_x1,0.0,0.0,0.0,"(3633, 1410, 0)","(3633.0, 1410.0, 0)"
2013,402,3,x3_x1_x1,0.0,0.0,0.0,"(4435, 3202, 180)","(4435.0, 3202.0, 180)"
2014,402,4,x2_x1_x1,-36189.46944830542,35023.0,1360650.973829941,"(2685, 3884, 0)","(2685.0, 3884.0, 0)"
2015,403,0,XC2_x1_x1,0.0,0.0,0.0,"(396, 4788, 180)","(396.0, 4788.0, 180)"
2016,403,1,x2_x1_x1,0.0,0.0,0.0,"(2197, 960, 180)","(2197.0, 960.0, 180)"
2017,403,2,x3_x1_x1,0.0,0.0,0.0,"(3997, 1080, 270)","(3997.0, 1080.0, 270)"
2018,403,3,x1_x1_x1,0.0,0.0,0.0,"(4566, 2801, 0)","(4566.0, 2801.0, 0)"
2019,403,4,XC1_x1_x1,-37953.85116714361,36755.0,1437244.1209616037,"(1933, 268, 180)","(1933.0, 150.5, 180)"
2020,404,0,XC1_x1_x1,0.0,0.0,0.0,"(3037, 3254, 180)","(3037.0, 3254.0, 180)"
2021,404,1,x3_x1_x1,0.0,0.0,0.0,"(2172, 3835, 90)","(2154.5, 3835.0, 90)"
2022,404,2,x2_x1_x1,0.0,0.0,0.0,"(4260, 3948, 270)","(4260.0, 3948.0, 270)"
2023,404,3,XC2_x1_x1,0.0,0.0,0.0,"(1766, 3270, 0)","(1272.0, 3270.0, 0)"
2024,404,4,x1_x1_x1,-33006.968163713726,31909.5,1204436.3703651794,"(4602, 837, 0)","(4602.0, 837.0, 0)"
2025,405,0,XC1_x1_x1,0.0,0.0,0.0,"(2329, 4482, 180)","(2329.0, 4482.0, 180)"
2026,405,1,x1_x1_x1,0.0,0.0,0.0,"(2936, 4856, 0)","(2936.0, 4996.0, 0)"
2027,405,2,x3_x1_x1,0.0,0.0,0.0,"(4872, 2498, 90)","(4872.0, 2498.0, 90)"
2028,405,3,XC2_x1_x1,0.0,0.0,0.0,"(1450, 2522, 270)","(1450.0, 2522.0, 270)"
2029,405,4,x2_x1_x1,-41607.22615413249,40307.0,1690588.051890172,"(616, 2734, 0)","(538.0, 2734.0, 0)"
2030,406,0,x3_x1_x1,0.0,0.0,0.0,"(137, 2174, 0)","(137.0, 2174.0, 0)"
2031,406,1,XC1_x1_x1,0.0,0.0,0.0,"(2358, 1808, 180)","(2358.0, 1808.0, 180)"
2032,406,2,XC2_x1_x1,0.0,0.0,0.0,"(3962, 195, 180)","(4449.5, 195.0, 180)"
2033,406,3,x1_x1_x1,0.0,0.0,0.0,"(1632, 1179, 180)","(1632.0, 1179.0, 180)"
2034,406,4,x2_x1_x1,-37408.387994657445,36036.5,1882076.669885221,"(3567, 549, 270)","(3567.0, 549.0, 270)"
2035,407,0,XC2_x1_x1,0.0,0.0,0.0,"(4931, 2386, 0)","(4931.0, 2386.0, 0)"
2036,407,1,x3_x1_x1,0.0,0.0,0.0,"(2515, 1965, 90)","(2515.0, 1965.0, 90)"
2037,407,2,x2_x1_x1,0.0,0.0,0.0,"(2167, 30, 90)","(2167.0, -122.0, 90)"
2038,407,3,XC1_x1_x1,0.0,0.0,0.0,"(1752, 790, 0)","(1752.0, 790.0, 0)"
2039,407,4,x1_x1_x1,-28105.09973357108,27251.5,728632.5051526236,"(4756, 255, 180)","(4756.0, 255.0, 180)"
2040,408,0,XC2_x1_x1,0.0,0.0,0.0,"(4439, 2007, 90)","(4439.0, 2007.0, 90)"
2041,408,1,x2_x1_x1,0.0,0.0,0.0,"(1732, 1010, 90)","(1732.0, 1010.0, 90)"
2042,408,2,x1_x1_x1,0.0,0.0,0.0,"(698, 3673, 0)","(698.0, 3673.0, 0)"
2043,408,3,XC1_x1_x1,0.0,0.0,0.0,"(1578, 2482, 180)","(1578.0, 2482.0, 180)"
2044,408,4,x3_x1_x1,-37460.191781949936,36280.0,1392852.6421821667,"(4917, 2870, 90)","(4917.0, 2992.0, 90)"
2045,409,0,x2_x1_x1,0.0,0.0,0.0,"(1394, 305, 270)","(1394.0, 305.0, 270)"
2046,409,1,XC2_x1_x1,0.0,0.0,0.0,"(1964, 3903, 270)","(1964.0, 3903.0, 270)"
2047,409,2,x1_x1_x1,0.0,0.0,0.0,"(1016, 1604, 0)","(1016.0, 1604.0, 0)"
2048,409,3,XC1_x1_x1,0.0,0.0,0.0,"(4612, 2775, 270)","(4612.0, 2775.0, 270)"
2049,409,4,x3_x1_x1,-34808.83987976329,33674.0,1287861.5527011545,"(3247, 934, 0)","(3247.0, 934.0, 0)"
2050,410,0,XC1_x1_x1,0.0,0.0,0.0,"(4009, 2625, 180)","(4009.0, 2625.0, 180)"
2051,410,1,x3_x1_x1,0.0,0.0,0.0,"(700, 1776, 90)","(700.0, 1776.0, 90)"
2052,410,2,x1_x1_x1,0.0,0.0,0.0,"(3895, 1416, 90)","(3895.0, 1617.0, 90)"
2053,410,3,XC2_x1_x1,0.0,0.0,0.0,"(1715, 80, 90)","(1715.0, 80.0, 90)"
2054,410,4,x2_x1_x1,-30588.71550245221,29580.5,1016498.4993849612,"(3626, 427, 90)","(3626.0, 427.0, 90)"
2055,411,0,XC2_x1_x1,0.0,0.0,0.0,"(813, 3096, 0)","(813.0, 3096.0, 0)"
2056,411,1,x1_x1_x1,0.0,0.0,0.0,"(53, 358, 0)","(-148.0, 358.0, 0)"
2057,411,2,XC1_x1_x1,0.0,0.0,0.0,"(570, 643, 270)","(570.0, 643.0, 270)"
2058,411,3,x3_x1_x1,0.0,0.0,0.0,"(3807, 1161, 90)","(3807.0, 1161.0, 90)"
2059,411,4,x2_x1_x1,-42595.2458177851,41098.0,2241745.038874979,"(4382, 2319, 90)","(4382.0, 2545.0, 90)"
2060,412,0,x1_x1_x1,0.0,0.0,0.0,"(4272, 3701, 270)","(4272.0, 3701.0, 270)"
2061,412,1,XC1_x1_x1,0.0,0.0,0.0,"(1134, 1670, 90)","(1016.5, 1670.0, 90)"
2062,412,2,XC2_x1_x1,0.0,0.0,0.0,"(2485, 429, 180)","(2708.5, 429.0, 180)"
2063,412,3,x2_x1_x1,0.0,0.0,0.0,"(1826, 1014, 270)","(1826.0, 1014.0, 270)"
2064,412,4,x3_x1_x1,-30685.850160019698,29714.5,943521.1333702934,"(3202, 569, 0)","(3693.5, 569.0, 0)"
2065,413,0,XC2_x1_x1,0.0,0.0,0.0,"(3925, 930, 270)","(3925.0, 930.0, 270)"
2066,413,1,x3_x1_x1,0.0,0.0,0.0,"(2854, 637, 90)","(2854.0, 637.0, 90)"
2067,413,2,x2_x1_x1,0.0,0.0,0.0,"(1750, 3266, 180)","(1750.0, 3266.0, 180)"
2068,413,3,x1_x1_x1,0.0,0.0,0.0,"(3126, 3678, 90)","(3126.0, 3678.0, 90)"
2069,413,4,XC1_x1_x1,-30661.541261510676,29797.0,747431.5928544734,"(4707, 3288, 0)","(4707.0, 3288.0, 0)"
2070,414,0,x1_x1_x1,0.0,0.0,0.0,"(16, 375, 0)","(16.0, 375.0, 0)"
2071,414,1,XC2_x1_x1,0.0,0.0,0.0,"(3107, 1434, 180)","(3107.0, 1434.0, 180)"
2072,414,2,x2_x1_x1,0.0,0.0,0.0,"(3355, 4083, 90)","(3355.0, 4083.0, 90)"
2073,414,3,XC1_x1_x1,0.0,0.0,0.0,"(2377, 3880, 270)","(2377.0, 3880.0, 270)"
2074,414,4,x3_x1_x1,-39846.42023252544,38566.0,1639475.9718604984,"(507, 2671, 0)","(507.0, 2671.0, 0)"
2075,415,0,XC2_x1_x1,0.0,0.0,0.0,"(1234, 4293, 90)","(1234.0, 4928.5, 90)"
2076,415,1,XC1_x1_x1,0.0,0.0,0.0,"(2311, 2130, 180)","(2311.0, 2130.0, 180)"
2077,415,2,x2_x1_x1,0.0,0.0,0.0,"(981, 4046, 0)","(981.0, 4046.0, 0)"
2078,415,3,x3_x1_x1,0.0,0.0,0.0,"(53, 56, 90)","(53.0, 56.0, 90)"
2079,415,4,x1_x1_x1,-48314.49555071912,46947.0,1870044.0812365776,"(4261, 1616, 180)","(4261.0, 1616.0, 180)"
2080,416,0,x2_x1_x1,0.0,0.0,0.0,"(2096, 4314, 180)","(2096.0, 4314.0, 180)"
2081,416,1,XC2_x1_x1,0.0,0.0,0.0,"(3248, 4111, 270)","(3248.0, 4111.0, 270)"
2082,416,2,XC1_x1_x1,0.0,0.0,0.0,"(1362, 1792, 270)","(1362.0, 1792.0, 270)"
2083,416,3,x1_x1_x1,0.0,0.0,0.0,"(1790, 1310, 180)","(1790.0, 1205.0, 180)"
2084,416,4,x3_x1_x1,-37534.548462830026,36201.5,1777018.204253487,"(1312, 148, 0)","(1312.0, 148.0, 0)"
2085,417,0,x3_x1_x1,0.0,0.0,0.0,"(43, 4183, 0)","(-283.0, 4183.0, 0)"
2086,417,1,XC1_x1_x1,0.0,0.0,0.0,"(3746, 3781, 0)","(3746.0, 3781.0, 0)"
2087,417,2,x2_x1_x1,0.0,0.0,0.0,"(1881, 975, 180)","(1881.0, 975.0, 180)"
2088,417,3,XC2_x1_x1,0.0,0.0,0.0,"(629, 4092, 270)","(629.0, 4092.0, 270)"
2089,417,4,x1_x1_x1,-43303.03444792441,42008.0,1677114.2213108698,"(4398, 3108, 180)","(4398.0, 3108.0, 180)"
2090,418,0,x1_x1_x1,0.0,0.0,0.0,"(1451, 1278, 0)","(1451.0, 1278.0, 0)"
2091,418,1,x3_x1_x1,0.0,0.0,0.0,"(249, 431, 180)","(249.0, 90.5, 180)"
2092,418,2,x2_x1_x1,0.0,0.0,0.0,"(68, 1299, 180)","(68.0, 1299.0, 180)"
2093,418,3,XC2_x1_x1,0.0,0.0,0.0,"(1740, 2908, 180)","(1740.0, 2908.0, 180)"
2094,418,4,XC1_x1_x1,-32204.619008574715,31169.0,1072506.7309212785,"(3463, 3684, 180)","(3463.0, 3684.0, 180)"
2095,419,0,x3_x1_x1,0.0,0.0,0.0,"(279, 1163, 90)","(279.0, 1163.0, 90)"
2096,419,1,XC2_x1_x1,0.0,0.0,0.0,"(1781, 4075, 90)","(1781.0, 4217.0, 90)"
2097,419,2,x1_x1_x1,0.0,0.0,0.0,"(1802, 3630, 180)","(1802.0, 3630.0, 180)"
2098,419,3,XC1_x1_x1,0.0,0.0,0.0,"(3806, 2496, 90)","(3806.0, 2496.0, 90)"
2099,419,4,x2_x1_x1,-39429.02571835711,38200.5,1509275.4406648574,"(4322, 3300, 90)","(4615.5, 3300.0, 90)"
2100,420,0,x1_x1_x1,0.0,0.0,0.0,"(2758, 178, 180)","(2893.0, 178.0, 180)"
2101,420,1,x3_x1_x1,0.0,0.0,0.0,"(1776, 973, 270)","(1776.0, 973.0, 270)"
2102,420,2,XC1_x1_x1,0.0,0.0,0.0,"(4608, 4313, 0)","(4608.0, 4313.0, 0)"
2103,420,3,x2_x1_x1,0.0,0.0,0.0,"(449, 1601, 0)","(449.0, 1601.0, 0)"
2104,420,4,XC2_x1_x1,-37542.3345134675,36448.5,1196473.9428526773,"(2149, 3600, 270)","(2149.0, 3600.0, 270)"
2105,421,0,x2_x1_x1,0.0,0.0,0.0,"(2859, 3781, 90)","(2859.0, 3781.0, 90)"
2106,421,1,XC1_x1_x1,0.0,0.0,0.0,"(4073, 3976, 180)","(4073.0, 3976.0, 180)"
2107,421,2,x1_x1_x1,0.0,0.0,0.0,"(1341, 2613, 90)","(1341.0, 2613.0, 90)"
2108,421,3,x3_x1_x1,0.0,0.0,0.0,"(561, 1350, 270)","(561.0, 1296.0, 270)"
2109,421,4,XC2_x1_x1,-30281.597989875492,29362.5,844741.1149931721,"(1236, 307, 0)","(1236.0, 307.0, 0)"
2110,422,0,x1_x1_x1,0.0,0.0,0.0,"(2985, 3239, 90)","(2996.0, 3239.0, 90)"
2111,422,1,XC2_x1_x1,0.0,0.0,0.0,"(2482, 2685, 270)","(2482.0, 2685.0, 270)"
2112,422,2,x3_x1_x1,0.0,0.0,0.0,"(120, 1096, 90)","(120.0, 1096.0, 90)"
2113,422,3,XC1_x1_x1,0.0,0.0,0.0,"(1958, 1690, 90)","(1958.0, 1690.0, 90)"
2114,422,4,x2_x1_x1,-35330.77611370908,34081.0,1561940.3343977605,"(1836, 3928, 0)","(1836.0, 3928.0, 0)"
2115,423,0,XC1_x1_x1,0.0,0.0,0.0,"(2797, 1641, 0)","(2797.0, 1641.0, 0)"
2116,423,1,XC2_x1_x1,0.0,0.0,0.0,"(4481, 3051, 90)","(4481.0, 3051.0, 90)"
2117,423,2,x3_x1_x1,0.0,0.0,0.0,"(4859, 3982, 180)","(4859.0, 3982.0, 180)"
2118,423,3,x1_x1_x1,0.0,0.0,0.0,"(4350, 1886, 90)","(4350.0, 1886.0, 90)"
2119,423,4,x2_x1_x1,-38161.57022206655,37006.5,1334187.2179048632,"(1270, 4899, 270)","(1270.0, 4899.0, 270)"
2120,424,0,XC2_x1_x1,0.0,0.0,0.0,"(2907, 4655, 270)","(2907.0, 4655.0, 270)"
2121,424,1,XC1_x1_x1,0.0,0.0,0.0,"(627, 4416, 0)","(627.0, 4416.0, 0)"
2122,424,2,x2_x1_x1,0.0,0.0,0.0,"(4066, 958, 270)","(4066.0, 958.0, 270)"
2123,424,3,x3_x1_x1,0.0,0.0,0.0,"(3348, 3497, 180)","(3348.0, 3497.0, 180)"
2124,424,4,x1_x1_x1,-38868.94686207611,37640.0,1510310.3898067214,"(1893, 337, 0)","(1893.0, 337.0, 0)"
2125,425,0,x2_x1_x1,0.0,0.0,0.0,"(2907, 2464, 0)","(2907.0, 2464.0, 0)"
2126,425,1,x1_x1_x1,0.0,0.0,0.0,"(3511, 3024, 180)","(3511.0, 3377.0, 180)"
2127,425,2,XC1_x1_x1,0.0,0.0,0.0,"(334, 4464, 180)","(334.0, 4464.0, 180)"
2128,425,3,XC2_x1_x1,0.0,0.0,0.0,"(4414, 4343, 180)","(4414.0, 4343.0, 180)"
2129,425,4,x3_x1_x1,-26222.809691687005,25351.0,760052.1385193901,"(3084, 4267, 90)","(3084.0, 4490.0, 90)"
2130,426,0,x1_x1_x1,0.0,0.0,0.0,"(172, 32, 90)","(172.0, 32.0, 90)"
2131,426,1,x2_x1_x1,0.0,0.0,0.0,"(1799, 1798, 270)","(1799.0, 1798.0, 270)"
2132,426,2,x3_x1_x1,0.0,0.0,0.0,"(2086, 589, 180)","(2086.0, 516.5, 180)"
2133,426,3,XC1_x1_x1,0.0,0.0,0.0,"(2846, 3119, 90)","(2846.0, 3119.0, 90)"
2134,426,4,XC2_x1_x1,-27281.62114173874,26280.5,1002243.540436272,"(2075, 2262, 90)","(2075.0, 2783.0, 90)"
2135,427,0,XC2_x1_x1,0.0,0.0,0.0,"(4573, 1363, 180)","(4573.0, 1017.0, 180)"
2136,427,1,x2_x1_x1,0.0,0.0,0.0,"(4418, 3035, 0)","(4418.0, 3035.0, 0)"
2137,427,2,x1_x1_x1,0.0,0.0,0.0,"(2895, 4099, 90)","(2895.0, 4099.0, 90)"
2138,427,3,x3_x1_x1,0.0,0.0,0.0,"(4451, 2134, 0)","(4451.0, 1826.5, 0)"
2139,427,4,XC1_x1_x1,-29033.50958106978,28108.0,856567.9846519561,"(458, 2431, 90)","(458.0, 2431.0, 90)"
2140,428,0,x3_x1_x1,0.0,0.0,0.0,"(2710, 1080, 90)","(2710.0, 1080.0, 90)"
2141,428,1,XC2_x1_x1,0.0,0.0,0.0,"(3497, 2624, 180)","(3497.0, 2624.0, 180)"
2142,428,2,x1_x1_x1,0.0,0.0,0.0,"(4139, 4158, 0)","(4139.0, 4158.0, 0)"
2143,428,3,x2_x1_x1,0.0,0.0,0.0,"(317, 2328, 0)","(317.0, 2328.0, 0)"
2144,428,4,XC1_x1_x1,-35715.11471199312,34637.5,1161253.467504017,"(1470, 2617, 180)","(1470.0, 2617.0, 180)"
2145,429,0,x1_x1_x1,0.0,0.0,0.0,"(1671, 2851, 180)","(1671.0, 2851.0, 180)"
2146,429,1,XC2_x1_x1,0.0,0.0,0.0,"(4339, 2441, 90)","(4339.0, 2441.0, 90)"
2147,429,2,x2_x1_x1,0.0,0.0,0.0,"(861, 21, 90)","(861.0, 21.0, 90)"
2148,429,3,x3_x1_x1,0.0,0.0,0.0,"(1777, 3164, 0)","(1777.0, 3861.5, 0)"
2149,429,4,XC1_x1_x1,-34001.4515848018,33119.5,777838.5979344066,"(1482, 3345, 270)","(865.0, 3438.0, 270)"
2150,430,0,XC2_x1_x1,0.0,0.0,0.0,"(2153, 3968, 270)","(2153.0, 3968.0, 270)"
2151,430,1,XC1_x1_x1,0.0,0.0,0.0,"(1746, 1386, 90)","(1746.0, 1386.0, 90)"
2152,430,2,x3_x1_x1,0.0,0.0,0.0,"(3295, 1224, 90)","(3295.0, 1224.0, 90)"
2153,430,3,x2_x1_x1,0.0,0.0,0.0,"(4158, 950, 270)","(4503.5, 950.0, 270)"
2154,430,4,x1_x1_x1,-37180.008661302294,35921.5,1583844.0505728906,"(2014, 4168, 90)","(1639.0, 4168.0, 90)"
2155,431,0,XC2_x1_x1,0.0,0.0,0.0,"(285, 4203, 90)","(285.0, 4203.0, 90)"
2156,431,1,x2_x1_x1,0.0,0.0,0.0,"(1371, 1141, 0)","(1371.0, 602.5, 0)"
2157,431,2,x1_x1_x1,0.0,0.0,0.0,"(1407, 1613, 0)","(1407.0, 1613.0, 0)"
2158,431,3,x3_x1_x1,0.0,0.0,0.0,"(1928, 4880, 90)","(1928.0, 4880.0, 90)"
2159,431,4,XC1_x1_x1,-34172.86172946341,33105.0,1140328.6732525837,"(2182, 3680, 270)","(2182.0, 3680.0, 270)"
2160,432,0,XC1_x1_x1,0.0,0.0,0.0,"(1111, 1198, 270)","(1111.0, 1198.0, 270)"
2161,432,1,x1_x1_x1,0.0,0.0,0.0,"(3423, 2570, 0)","(3423.0, 2570.0, 0)"
2162,432,2,x2_x1_x1,0.0,0.0,0.0,"(4139, 2361, 90)","(4637.5, 2361.0, 90)"
2163,432,3,x3_x1_x1,0.0,0.0,0.0,"(773, 2709, 90)","(773.0, 2709.0, 90)"
2164,432,4,XC2_x1_x1,-34076.38905993747,32892.0,1402777.4452995753,"(4197, 3236, 0)","(4197.0, 3273.0, 0)"
2165,433,0,XC2_x1_x1,0.0,0.0,0.0,"(89, 817, 90)","(89.0, 817.0, 90)"
2166,433,1,x3_x1_x1,0.0,0.0,0.0,"(1970, 2992, 180)","(1970.0, 2992.0, 180)"
2167,433,2,XC1_x1_x1,0.0,0.0,0.0,"(1904, 788, 180)","(1904.0, 788.0, 180)"
2168,433,3,x2_x1_x1,0.0,0.0,0.0,"(1969, 4627, 0)","(1969.0, 5016.5, 0)"
2169,433,4,x1_x1_x1,-31945.709410756215,30899.0,1095600.5905656242,"(1327, 4133, 0)","(1327.0, 4133.0, 0)"
2170,434,0,XC2_x1_x1,0.0,0.0,0.0,"(2008, 1658, 180)","(2008.0, 1658.0, 180)"
2171,434,1,x3_x1_x1,0.0,0.0,0.0,"(2154, 4005, 0)","(2154.0, 4005.0, 0)"
2172,434,2,XC1_x1_x1,0.0,0.0,0.0,"(4182, 4290, 90)","(4182.0, 4290.0, 90)"
2173,434,3,x2_x1_x1,0.0,0.0,0.0,"(2257, 842, 270)","(2257.0, 746.0, 270)"
2174,434,4,x1_x1_x1,-38129.06189051148,36854.5,1624508.0127442067,"(2195, 480, 90)","(2195.0, -444.0, 90)"
2175,435,0,x3_x1_x1,0.0,0.0,0.0,"(1973, 284, 180)","(1958.0, 284.0, 180)"
2176,435,1,XC1_x1_x1,0.0,0.0,0.0,"(2870, 863, 270)","(2870.0, 863.0, 270)"
2177,435,2,x2_x1_x1,0.0,0.0,0.0,"(3587, 2769, 0)","(3587.0, 2769.0, 0)"
2178,435,3,XC2_x1_x1,0.0,0.0,0.0,"(930, 2509, 90)","(930.0, 2509.0, 90)"
2179,435,4,x1_x1_x1,-29044.250128078023,28015.0,1059355.8261486255,"(3420, 1362, 90)","(3420.0, 1362.0, 90)"
2180,436,0,XC1_x1_x1,0.0,0.0,0.0,"(3497, 576, 0)","(3497.0, 576.0, 0)"
2181,436,1,x3_x1_x1,0.0,0.0,0.0,"(2020, 430, 0)","(2020.0, 430.0, 0)"
2182,436,2,x1_x1_x1,0.0,0.0,0.0,"(4890, 636, 0)","(4890.0, 636.0, 0)"
2183,436,3,XC2_x1_x1,0.0,0.0,0.0,"(3061, 3733, 90)","(3061.0, 3733.0, 90)"
2184,436,4,x2_x1_x1,-50044.77607177401,48475.5,2462627.389442469,"(114, 3653, 90)","(114.0, 3653.0, 90)"
2185,437,0,x2_x1_x1,0.0,0.0,0.0,"(3395, 151, 90)","(3395.0, 151.0, 90)"
2186,437,1,x1_x1_x1,0.0,0.0,0.0,"(895, 750, 180)","(895.0, 750.0, 180)"
2187,437,2,XC2_x1_x1,0.0,0.0,0.0,"(897, 3345, 180)","(897.0, 3345.0, 180)"
2188,437,3,XC1_x1_x1,0.0,0.0,0.0,"(2177, 712, 0)","(2177.0, 712.0, 0)"
2189,437,4,x3_x1_x1,-36156.10307925003,35209.5,896057.3896456388,"(891, 4771, 180)","(891.0, 4771.0, 180)"
2190,438,0,x1_x1_x1,0.0,0.0,0.0,"(90, 206, 270)","(90.0, 206.0, 270)"
2191,438,1,XC2_x1_x1,0.0,0.0,0.0,"(3979, 3922, 180)","(3979.0, 3922.0, 180)"
2192,438,2,x2_x1_x1,0.0,0.0,0.0,"(4466, 4584, 90)","(4466.0, 4834.0, 90)"
2193,438,3,XC1_x1_x1,0.0,0.0,0.0,"(4308, 398, 90)","(4308.0, 398.0, 90)"
2194,438,4,x3_x1_x1,-53900.69819099374,52431.5,2158543.324419284,"(254, 3535, 180)","(254.0, 3535.0, 180)"
2195,439,0,x1_x1_x1,0.0,0.0,0.0,"(4713, 1975, 270)","(4713.0, 1975.0, 270)"
2196,439,1,XC2_x1_x1,0.0,0.0,0.0,"(129, 581, 180)","(129.0, 581.0, 180)"
2197,439,2,XC1_x1_x1,0.0,0.0,0.0,"(277, 1295, 0)","(277.0, 1295.0, 0)"
2198,439,3,x2_x1_x1,0.0,0.0,0.0,"(2118, 938, 0)","(2118.0, 938.0, 0)"
2199,439,4,x3_x1_x1,-48992.92106591199,47471.0,2316243.730866691,"(4498, 4672, 270)","(4498.0, 4672.0, 270)"
2200,440,0,x2_x1_x1,0.0,0.0,0.0,"(4288, 1770, 270)","(4288.0, 1770.0, 270)"
2201,440,1,x3_x1_x1,0.0,0.0,0.0,"(4411, 497, 90)","(4411.0, 386.0, 90)"
2202,440,2,XC2_x1_x1,0.0,0.0,0.0,"(1236, 528, 90)","(1236.0, 528.0, 90)"
2203,440,3,XC1_x1_x1,0.0,0.0,0.0,"(4109, 4286, 270)","(4109.0, 4286.0, 270)"
2204,440,4,x1_x1_x1,-26566.34736938851,25806.5,577368.0247666404,"(4190, 1510, 90)","(3375.0, 1510.0, 90)"
2205,441,0,x3_x1_x1,0.0,0.0,0.0,"(1395, 4777, 0)","(1395.0, 4777.0, 0)"
2206,441,1,XC1_x1_x1,0.0,0.0,0.0,"(1158, 3741, 90)","(1158.0, 3741.0, 90)"
2207,441,2,XC2_x1_x1,0.0,0.0,0.0,"(3861, 3455, 270)","(3861.0, 3455.0, 270)"
2208,441,3,x2_x1_x1,0.0,0.0,0.0,"(2177, 1495, 270)","(2177.0, 1495.0, 270)"
2209,441,4,x1_x1_x1,-37839.2134651005,36632.0,1457364.3503199727,"(4337, 4092, 90)","(4375.0, 4092.0, 90)"
2210,442,0,XC2_x1_x1,0.0,0.0,0.0,"(2947, 3533, 180)","(2947.0, 3533.0, 180)"
2211,442,1,XC1_x1_x1,0.0,0.0,0.0,"(2927, 1352, 90)","(2927.0, 1352.0, 90)"
2212,442,2,x2_x1_x1,0.0,0.0,0.0,"(1636, 2398, 270)","(1636.0, 2398.0, 270)"
2213,442,3,x1_x1_x1,0.0,0.0,0.0,"(1110, 1120, 180)","(445.0, 1120.0, 180)"
2214,442,4,x3_x1_x1,-27310.201507448815,26214.5,1200561.793425606,"(1635, 2142, 0)","(1635.0, 1116.5, 0)"
2215,443,0,x2_x1_x1,0.0,0.0,0.0,"(1002, 2828, 180)","(1002.0, 2828.0, 180)"
2216,443,1,x1_x1_x1,0.0,0.0,0.0,"(3775, 2079, 90)","(3775.0, 2079.0, 90)"
2217,443,2,XC1_x1_x1,0.0,0.0,0.0,"(307, 3049, 270)","(90.0, 3049.0, 270)"
2218,443,3,XC2_x1_x1,0.0,0.0,0.0,"(4755, 220, 0)","(4865.0, 220.0, 0)"
2219,443,4,x3_x1_x1,-28033.016168056623,27231.0,643229.9338242284,"(3880, 914, 0)","(3880.0, 864.5, 0)"
2220,444,0,XC2_x1_x1,0.0,0.0,0.0,"(4200, 1501, 90)","(4200.0, 1501.0, 90)"
2221,444,1,x2_x1_x1,0.0,0.0,0.0,"(2738, 177, 90)","(2738.0, 177.0, 90)"
2222,444,2,x3_x1_x1,0.0,0.0,0.0,"(4844, 2161, 90)","(5009.5, 2161.0, 90)"
2223,444,3,XC1_x1_x1,0.0,0.0,0.0,"(2125, 4512, 0)","(2125.0, 4512.0, 0)"
2224,444,4,x1_x1_x1,-40561.964787191304,39509.5,1107682.128277637,"(304, 1923, 0)","(304.0, 1923.0, 0)"
2225,445,0,x3_x1_x1,0.0,0.0,0.0,"(2416, 1909, 90)","(2416.0, 1909.0, 90)"
2226,445,1,XC1_x1_x1,0.0,0.0,0.0,"(1069, 2182, 180)","(808.0, 2182.0, 180)"
2227,445,2,x2_x1_x1,0.0,0.0,0.0,"(3265, 4639, 180)","(3265.0, 4639.0, 180)"
2228,445,3,XC2_x1_x1,0.0,0.0,0.0,"(691, 4419, 270)","(691.0, 4419.0, 270)"
2229,445,4,x1_x1_x1,-35528.448892583416,34231.5,1682076.429973346,"(1395, 2060, 270)","(1395.0, 2060.0, 270)"
2230,446,0,XC2_x1_x1,0.0,0.0,0.0,"(2261, 4355, 270)","(2327.0, 4355.0, 270)"
2231,446,1,x2_x1_x1,0.0,0.0,0.0,"(1415, 3742, 0)","(1415.0, 3742.0, 0)"
2232,446,2,x1_x1_x1,0.0,0.0,0.0,"(1949, 1912, 90)","(1949.0, 1912.0, 90)"
2233,446,3,XC1_x1_x1,0.0,0.0,0.0,"(2383, 2112, 180)","(2536.0, 2112.0, 180)"
2234,446,4,x3_x1_x1,-29843.62165307313,28728.0,1244611.6728056208,"(877, 902, 0)","(836.0, 902.0, 0)"
2235,447,0,x3_x1_x1,0.0,0.0,0.0,"(320, 3211, 90)","(320.0, 3211.0, 90)"
2236,447,1,XC1_x1_x1,0.0,0.0,0.0,"(2362, 2491, 180)","(2362.0, 2491.0, 180)"
2237,447,2,XC2_x1_x1,0.0,0.0,0.0,"(1404, 2855, 90)","(1404.0, 2855.0, 90)"
2238,447,3,x2_x1_x1,0.0,0.0,0.0,"(806, 357, 270)","(806.0, 357.0, 270)"
2239,447,4,x1_x1_x1,-31153.184312817873,30108.5,1091365.313447752,"(543, 4252, 180)","(543.0, 4252.0, 180)"
2240,448,0,XC2_x1_x1,0.0,0.0,0.0,"(931, 3950, 180)","(931.0, 3950.0, 180)"
2241,448,1,x1_x1_x1,0.0,0.0,0.0,"(3277, 4210, 0)","(3277.0, 4316.0, 0)"
2242,448,2,x3_x1_x1,0.0,0.0,0.0,"(1293, 702, 270)","(1293.0, 702.0, 270)"
2243,448,3,XC1_x1_x1,0.0,0.0,0.0,"(3295, 185, 270)","(3295.0, 185.0, 270)"
2244,448,4,x2_x1_x1,-39229.81678968462,38107.5,1259594.9764079866,"(3735, 3330, 90)","(3735.0, 3330.0, 90)"
2245,449,0,x3_x1_x1,0.0,0.0,0.0,"(4395, 1449, 180)","(4965.0, 1449.0, 180)"
2246,449,1,XC1_x1_x1,0.0,0.0,0.0,"(4675, 130, 180)","(4675.0, 130.0, 180)"
2247,449,2,x1_x1_x1,0.0,0.0,0.0,"(3007, 3618, 270)","(3007.0, 4169.0, 270)"
2248,449,3,x2_x1_x1,0.0,0.0,0.0,"(3454, 1667, 0)","(3454.0, 1667.0, 0)"
2249,449,4,XC2_x1_x1,-33763.05385003679,32554.0,1461811.2122887955,"(2597, 3378, 90)","(2597.0, 3378.0, 90)"
2250,450,0,x3_x1_x1,0.0,0.0,0.0,"(3899, 2596, 270)","(3899.0, 2596.0, 270)"
2251,450,1,x1_x1_x1,0.0,0.0,0.0,"(3953, 4905, 0)","(3953.0, 4905.0, 0)"
2252,450,2,XC2_x1_x1,0.0,0.0,0.0,"(2443, 2846, 0)","(2443.0, 2846.0, 0)"
2253,450,3,XC1_x1_x1,0.0,0.0,0.0,"(3725, 1342, 90)","(3725.0, 1342.0, 90)"
2254,450,4,x2_x1_x1,-38256.62687125148,37059.0,1434310.122743604,"(1624, 258, 270)","(1624.0, 258.0, 270)"
2255,451,0,x3_x1_x1,0.0,0.0,0.0,"(933, 294, 180)","(767.0, 294.0, 180)"
2256,451,1,XC1_x1_x1,0.0,0.0,0.0,"(2375, 818, 90)","(2394.0, 818.0, 90)"
2257,451,2,XC2_x1_x1,0.0,0.0,0.0,"(4129, 3702, 90)","(4129.0, 3702.0, 90)"
2258,451,3,x1_x1_x1,0.0,0.0,0.0,"(1880, 1120, 90)","(1880.0, 1120.0, 90)"
2259,451,4,x2_x1_x1,-31644.772064408196,30586.5,1119939.7623067857,"(2591, 853, 0)","(3306.0, 853.0, 0)"
2260,452,0,x2_x1_x1,0.0,0.0,0.0,"(2918, 934, 270)","(2918.0, 830.0, 270)"
2261,452,1,XC1_x1_x1,0.0,0.0,0.0,"(2176, 293, 270)","(2108.5, 293.0, 270)"
2262,452,2,x3_x1_x1,0.0,0.0,0.0,"(724, 2534, 0)","(724.0, 2534.0, 0)"
2263,452,3,x1_x1_x1,0.0,0.0,0.0,"(2573, 1943, 0)","(2573.0, 1943.0, 0)"
2264,452,4,XC2_x1_x1,-24934.530208111883,24100.0,696440.6682512606,"(491, 3107, 0)","(491.0, 3343.5, 0)"
2265,453,0,XC1_x1_x1,0.0,0.0,0.0,"(3206, 2688, 90)","(3206.0, 2688.0, 90)"
2266,453,1,x2_x1_x1,0.0,0.0,0.0,"(4114, 642, 90)","(4114.0, 642.0, 90)"
2267,453,2,XC2_x1_x1,0.0,0.0,0.0,"(3342, 4277, 270)","(3342.0, 4277.0, 270)"
2268,453,3,x1_x1_x1,0.0,0.0,0.0,"(55, 3021, 0)","(55.0, 3021.0, 0)"
2269,453,4,x3_x1_x1,-46697.40211652166,45282.0,2003363.1514540073,"(3690, 494, 0)","(3690.0, -766.5, 0)"
2270,454,0,x1_x1_x1,0.0,0.0,0.0,"(2495, 1698, 0)","(2495.0, 1500.0, 0)"
2271,454,1,x3_x1_x1,0.0,0.0,0.0,"(4914, 4037, 0)","(4914.0, 4037.0, 0)"
2272,454,2,XC1_x1_x1,0.0,0.0,0.0,"(3017, 2014, 180)","(3017.0, 2014.0, 180)"
2273,454,3,XC2_x1_x1,0.0,0.0,0.0,"(593, 739, 270)","(593.0, 739.0, 270)"
2274,454,4,x2_x1_x1,-37586.70191190858,36316.0,1614683.3489281232,"(4287, 1238, 180)","(4287.0, 1238.0, 180)"
2275,455,0,x1_x1_x1,0.0,0.0,0.0,"(1122, 3101, 180)","(1122.0, 3101.0, 180)"
2276,455,1,x2_x1_x1,0.0,0.0,0.0,"(61, 1077, 0)","(61.0, 1077.0, 0)"
2277,455,2,x3_x1_x1,0.0,0.0,0.0,"(2748, 3103, 90)","(2884.5, 3103.0, 90)"
2278,455,3,XC1_x1_x1,0.0,0.0,0.0,"(4158, 3963, 180)","(4158.0, 3963.0, 180)"
2279,455,4,XC2_x1_x1,-36423.823609127925,35143.0,1640509.1176994771,"(2002, 2596, 0)","(2002.0, 2596.0, 0)"
2280,456,0,x1_x1_x1,0.0,0.0,0.0,"(2950, 2786, 180)","(2950.0, 2786.0, 180)"
2281,456,1,x2_x1_x1,0.0,0.0,0.0,"(4426, 1684, 270)","(4426.0, 1684.0, 270)"
2282,456,2,XC2_x1_x1,0.0,0.0,0.0,"(277, 2380, 180)","(277.0, 2380.0, 180)"
2283,456,3,x3_x1_x1,0.0,0.0,0.0,"(2258, 1117, 180)","(2258.0, 1117.0, 180)"
2284,456,4,XC1_x1_x1,-27482.34310626422,26579.0,816028.767635086,"(2190, 2113, 90)","(2190.0, 2113.0, 90)"
2285,457,0,XC1_x1_x1,0.0,0.0,0.0,"(1774, 2867, 180)","(1774.0, 2867.0, 180)"
2286,457,1,x3_x1_x1,0.0,0.0,0.0,"(1162, 4247, 90)","(441.5, 4247.0, 90)"
2287,457,2,x1_x1_x1,0.0,0.0,0.0,"(1325, 3926, 270)","(1325.0, 3926.0, 270)"
2288,457,3,XC2_x1_x1,0.0,0.0,0.0,"(1181, 1652, 180)","(1181.0, 1652.0, 180)"
2289,457,4,x2_x1_x1,-44019.90458287275,42684.0,1784641.054540416,"(4696, 1119, 270)","(4696.0, 1119.0, 270)"
2290,458,0,x2_x1_x1,0.0,0.0,0.0,"(686, 4231, 90)","(686.0, 4231.0, 90)"
2291,458,1,x1_x1_x1,0.0,0.0,0.0,"(2756, 927, 270)","(2756.0, 927.0, 270)"
2292,458,2,x3_x1_x1,0.0,0.0,0.0,"(575, 2032, 270)","(575.0, 2032.0, 270)"
2293,458,3,XC2_x1_x1,0.0,0.0,0.0,"(250, 4264, 90)","(-123.5, 4264.0, 90)"
2294,458,4,XC1_x1_x1,-39875.28056161795,38583.0,1669989.0499356024,"(4095, 4321, 0)","(4095.0, 4321.0, 0)"
2295,459,0,x2_x1_x1,0.0,0.0,0.0,"(2155, 1532, 180)","(2155.0, 993.5, 180)"
2296,459,1,x1_x1_x1,0.0,0.0,0.0,"(2447, 4147, 270)","(2447.0, 4147.0, 270)"
2297,459,2,x3_x1_x1,0.0,0.0,0.0,"(1563, 2402, 90)","(1563.0, 2402.0, 90)"
2298,459,3,XC1_x1_x1,0.0,0.0,0.0,"(1015, 4221, 90)","(1015.0, 4221.0, 90)"
2299,459,4,XC2_x1_x1,-28063.411033612138,26932.0,1280090.9269792854,"(2220, 2147, 90)","(2372.5, 2147.0, 90)"
2300,460,0,XC2_x1_x1,0.0,0.0,0.0,"(1554, 4235, 180)","(1554.0, 4235.0, 180)"
2301,460,1,x1_x1_x1,0.0,0.0,0.0,"(772, 3293, 90)","(772.0, 3293.0, 90)"
2302,460,2,x2_x1_x1,0.0,0.0,0.0,"(2978, 884, 0)","(3954.0, 884.0, 0)"
2303,460,3,x3_x1_x1,0.0,0.0,0.0,"(2643, 686, 270)","(2643.0, 686.0, 270)"
2304,460,4,XC1_x1_x1,-40462.0614207772,39089.0,1885297.665226699,"(1842, 4347, 90)","(2187.0, 4347.0, 90)"
2305,461,0,XC1_x1_x1,0.0,0.0,0.0,"(2141, 1417, 270)","(2141.0, 1417.0, 270)"
2306,461,1,XC2_x1_x1,0.0,0.0,0.0,"(3525, 157, 180)","(3525.0, 157.0, 180)"
2307,461,2,x1_x1_x1,0.0,0.0,0.0,"(3283, 1270, 180)","(3283.0, 1270.0, 180)"
2308,461,3,x3_x1_x1,0.0,0.0,0.0,"(3028, 2367, 0)","(3028.0, 2367.0, 0)"
2309,461,4,x2_x1_x1,-25023.62351472971,24050.5,946969.3749198989,"(4490, 2802, 0)","(4539.0, 2802.0, 0)"
2310,462,0,x1_x1_x1,0.0,0.0,0.0,"(2752, 3775, 270)","(2752.0, 3775.0, 270)"
2311,462,1,XC2_x1_x1,0.0,0.0,0.0,"(4168, 2451, 0)","(4168.0, 2451.0, 0)"
2312,462,2,x3_x1_x1,0.0,0.0,0.0,"(1187, 358, 270)","(1187.0, 358.0, 270)"
2313,462,3,x2_x1_x1,0.0,0.0,0.0,"(4481, 4283, 270)","(4481.0, 4283.0, 270)"
2314,462,4,XC1_x1_x1,-41832.71583667579,40561.0,1617261.1692520003,"(3732, 3181, 0)","(3732.0, 3181.0, 0)"
2315,463,0,XC1_x1_x1,0.0,0.0,0.0,"(3086, 1907, 0)","(3086.0, 1731.0, 0)"
2316,463,1,x1_x1_x1,0.0,0.0,0.0,"(4919, 2004, 0)","(4919.0, 2004.0, 0)"
2317,463,2,XC2_x1_x1,0.0,0.0,0.0,"(1733, 4252, 180)","(1733.0, 4252.0, 180)"
2318,463,3,x2_x1_x1,0.0,0.0,0.0,"(771, 4066, 90)","(771.0, 4066.0, 90)"
2319,463,4,x3_x1_x1,-39057.78880623151,37688.5,1874951.8348709191,"(2647, 2643, 90)","(2647.0, 2643.0, 90)"
2320,464,0,x2_x1_x1,0.0,0.0,0.0,"(413, 964, 270)","(413.0, 964.0, 270)"
2321,464,1,XC2_x1_x1,0.0,0.0,0.0,"(2219, 2856, 0)","(2219.0, 2856.0, 0)"
2322,464,2,XC1_x1_x1,0.0,0.0,0.0,"(3998, 2800, 0)","(3998.0, 2800.0, 0)"
2323,464,3,x1_x1_x1,0.0,0.0,0.0,"(1293, 294, 90)","(1293.0, -226.0, 90)"
2324,464,4,x3_x1_x1,-34599.25469490782,33479.5,1253850.5767680935,"(498, 2653, 90)","(498.0, 2653.0, 90)"
2325,465,0,XC2_x1_x1,0.0,0.0,0.0,"(2375, 2006, 0)","(2375.0, 1772.5, 0)"
2326,465,1,XC1_x1_x1,0.0,0.0,0.0,"(3336, 1800, 270)","(3336.0, 1699.5, 270)"
2327,465,2,x3_x1_x1,0.0,0.0,0.0,"(2688, 2582, 0)","(2647.0, 2582.0, 0)"
2328,465,3,x2_x1_x1,0.0,0.0,0.0,"(4031, 3217, 0)","(4031.0, 3217.0, 0)"
2329,465,4,x1_x1_x1,-22180.194621926716,21309.5,758109.1246521054,"(4625, 1739, 180)","(4625.0, 1739.0, 180)"
2330,466,0,x2_x1_x1,0.0,0.0,0.0,"(4206, 4285, 180)","(4206.0, 4285.0, 180)"
2331,466,1,XC2_x1_x1,0.0,0.0,0.0,"(948, 4457, 180)","(948.0, 4457.0, 180)"
2332,466,2,x1_x1_x1,0.0,0.0,0.0,"(1924, 2875, 270)","(1924.0, 2875.0, 270)"
2333,466,3,XC1_x1_x1,0.0,0.0,0.0,"(295, 347, 90)","(295.0, 110.5, 90)"
2334,466,4,x3_x1_x1,-50003.11712380431,48379.0,2637756.4318343895,"(646, 993, 0)","(646.0, 993.0, 0)"
2335,467,0,XC1_x1_x1,0.0,0.0,0.0,"(3840, 567, 180)","(3840.0, 567.0, 180)"
2336,467,1,XC2_x1_x1,0.0,0.0,0.0,"(920, 4915, 180)","(920.0, 4915.0, 180)"
2337,467,2,x1_x1_x1,0.0,0.0,0.0,"(2199, 444, 0)","(2199.0, 444.0, 0)"
2338,467,3,x3_x1_x1,0.0,0.0,0.0,"(3485, 2318, 0)","(3485.0, 1808.5, 0)"
2339,467,4,x2_x1_x1,-35330.089696772746,34062.5,1606783.6393644165,"(2669, 3017, 0)","(2669.0, 3017.0, 0)"
2340,468,0,x2_x1_x1,0.0,0.0,0.0,"(3404, 1007, 90)","(3404.0, 1007.0, 90)"
2341,468,1,XC1_x1_x1,0.0,0.0,0.0,"(2218, 2078, 180)","(2218.0, 2078.0, 180)"
2342,468,2,x3_x1_x1,0.0,0.0,0.0,"(1355, 1948, 0)","(1233.0, 1948.0, 0)"
2343,468,3,x1_x1_x1,0.0,0.0,0.0,"(4407, 2907, 0)","(4407.0, 2907.0, 0)"
2344,468,4,XC2_x1_x1,-34927.13759255105,33653.0,1623426.6047517937,"(4416, 127, 90)","(4416.0, 127.0, 90)"
2345,469,0,x3_x1_x1,0.0,0.0,0.0,"(2148, 4117, 0)","(2148.0, 4117.0, 0)"
2346,469,1,x1_x1_x1,0.0,0.0,0.0,"(2604, 589, 90)","(2604.0, 589.0, 90)"
2347,469,2,x2_x1_x1,0.0,0.0,0.0,"(558, 4869, 0)","(558.0, 4869.0, 0)"
2348,469,3,XC2_x1_x1,0.0,0.0,0.0,"(3522, 1330, 90)","(3522.0, 1330.0, 90)"
2349,469,4,XC1_x1_x1,-36200.83525578367,35120.0,1168204.8501449535,"(2230, 4774, 90)","(2230.0, 4999.5, 90)"
2350,470,0,x1_x1_x1,0.0,0.0,0.0,"(3315, 1047, 0)","(3315.0, 603.0, 0)"
2351,470,1,x3_x1_x1,0.0,0.0,0.0,"(2702, 3320, 180)","(2702.0, 3320.0, 180)"
2352,470,2,XC2_x1_x1,0.0,0.0,0.0,"(1990, 4426, 180)","(1990.0, 4426.0, 180)"
2353,470,3,x2_x1_x1,0.0,0.0,0.0,"(3128, 1516, 0)","(3128.0, 1516.0, 0)"
2354,470,4,XC1_x1_x1,-32048.921579387974,30880.5,1365208.9871794842,"(1580, 4899, 180)","(1580.0, 4986.0, 180)"
2355,471,0,x1_x1_x1,0.0,0.0,0.0,"(4498, 4676, 0)","(4498.0, 4676.0, 0)"
2356,471,1,x3_x1_x1,0.0,0.0,0.0,"(2904, 528, 90)","(2904.0, 528.0, 90)"
2357,471,2,XC2_x1_x1,0.0,0.0,0.0,"(1205, 3306, 0)","(1205.0, 3306.0, 0)"
2358,471,3,XC1_x1_x1,0.0,0.0,0.0,"(720, 4296, 180)","(512.0, 4296.0, 180)"
2359,471,4,x2_x1_x1,-41286.40830236426,40050.5,1527469.3318528994,"(1497, 4048, 180)","(1497.0, 4115.5, 180)"
2360,472,0,x3_x1_x1,0.0,0.0,0.0,"(2729, 4263, 90)","(2729.0, 4263.0, 90)"
2361,472,1,x2_x1_x1,0.0,0.0,0.0,"(165, 4349, 180)","(165.0, 4349.0, 180)"
2362,472,2,x1_x1_x1,0.0,0.0,0.0,"(1399, 1581, 180)","(1399.0, 1581.0, 180)"
2363,472,3,XC1_x1_x1,0.0,0.0,0.0,"(3008, 1304, 90)","(3008.0, 1304.0, 90)"
2364,472,4,XC2_x1_x1,-37904.72274945909,36702.5,1445339.5393169785,"(4317, 4173, 0)","(4317.0, 4173.0, 0)"
2365,473,0,x1_x1_x1,0.0,0.0,0.0,"(4352, 370, 0)","(4352.0, -162.0, 0)"
2366,473,1,x2_x1_x1,0.0,0.0,0.0,"(3589, 3197, 180)","(3589.0, 3197.0, 180)"
2367,473,2,XC1_x1_x1,0.0,0.0,0.0,"(4181, 2142, 0)","(4181.0, 2142.0, 0)"
2368,473,3,x3_x1_x1,0.0,0.0,0.0,"(4739, 824, 270)","(4739.0, 824.0, 270)"
2369,473,4,XC2_x1_x1,-34987.21028227563,33838.0,1320684.272888025,"(655, 1994, 90)","(655.0, 1994.0, 90)"
2370,474,0,XC2_x1_x1,0.0,0.0,0.0,"(4812, 2966, 90)","(4812.0, 2966.0, 90)"
2371,474,1,x3_x1_x1,0.0,0.0,0.0,"(3916, 4732, 270)","(3916.0, 5299.0, 270)"
2372,474,2,x1_x1_x1,0.0,0.0,0.0,"(2908, 701, 270)","(2908.0, 701.0, 270)"
2373,474,3,XC1_x1_x1,0.0,0.0,0.0,"(3201, 352, 0)","(3201.0, -17.0, 0)"
2374,474,4,x2_x1_x1,-36514.387747184985,35441.5,1151088.1180596736,"(3323, 3788, 270)","(3323.0, 3788.0, 270)"
2375,475,0,x1_x1_x1,0.0,0.0,0.0,"(683, 665, 90)","(683.0, 665.0, 90)"
2376,475,1,XC1_x1_x1,0.0,0.0,0.0,"(324, 1783, 270)","(324.0, 1783.0, 270)"
2377,475,2,x3_x1_x1,0.0,0.0,0.0,"(52, 4916, 270)","(52.0, 4916.0, 270)"
2378,475,3,XC2_x1_x1,0.0,0.0,0.0,"(2006, 2086, 0)","(2006.0, 2086.0, 0)"
2379,475,4,x2_x1_x1,-52359.309999679695,50857.0,2256935.3351376173,"(4687, 1196, 90)","(4687.0, 1196.0, 90)"
2380,476,0,x2_x1_x1,0.0,0.0,0.0,"(1637, 3574, 180)","(1637.0, 3574.0, 180)"
2381,476,1,XC1_x1_x1,0.0,0.0,0.0,"(4422, 4866, 270)","(4422.0, 4866.0, 270)"
2382,476,2,x3_x1_x1,0.0,0.0,0.0,"(1364, 4128, 90)","(1364.0, 4885.0, 90)"
2383,476,3,XC2_x1_x1,0.0,0.0,0.0,"(2648, 997, 180)","(2648.0, 997.0, 180)"
2384,476,4,x1_x1_x1,-35056.773270934646,33896.0,1347394.5865163242,"(499, 2600, 90)","(499.0, 2600.0, 90)"
2385,477,0,x2_x1_x1,0.0,0.0,0.0,"(4082, 1326, 180)","(4082.0, 1326.0, 180)"
2386,477,1,XC1_x1_x1,0.0,0.0,0.0,"(1358, 711, 0)","(1358.0, 711.0, 0)"
2387,477,2,x1_x1_x1,0.0,0.0,0.0,"(2471, 2150, 0)","(2471.0, 2150.0, 0)"
2388,477,3,XC2_x1_x1,0.0,0.0,0.0,"(1308, 381, 0)","(1308.0, 151.0, 0)"
2389,477,4,x3_x1_x1,-33670.60547906114,32527.0,1307833.4917386512,"(178, 882, 0)","(178.0, 882.0, 0)"
2390,478,0,XC1_x1_x1,0.0,0.0,0.0,"(4443, 2711, 180)","(4443.0, 2711.0, 180)"
2391,478,1,x3_x1_x1,0.0,0.0,0.0,"(2965, 793, 90)","(2965.0, 793.0, 90)"
2392,478,2,XC2_x1_x1,0.0,0.0,0.0,"(1571, 4165, 0)","(926.0, 4165.0, 0)"
2393,478,3,x1_x1_x1,0.0,0.0,0.0,"(2185, 3056, 180)","(2185.0, 3056.0, 180)"
2394,478,4,x2_x1_x1,-35112.296933224075,33928.5,1401375.179110725,"(1911, 3187, 180)","(1911.0, 4066.5, 180)"
2395,479,0,x2_x1_x1,0.0,0.0,0.0,"(481, 2654, 90)","(481.0, 2654.0, 90)"
2396,479,1,XC2_x1_x1,0.0,0.0,0.0,"(3452, 426, 180)","(3452.0, 426.0, 180)"
2397,479,2,x3_x1_x1,0.0,0.0,0.0,"(4263, 4371, 270)","(4458.5, 4371.0, 270)"
2398,479,3,XC1_x1_x1,0.0,0.0,0.0,"(3649, 3968, 90)","(3649.0, 3968.0, 90)"
2399,479,4,x1_x1_x1,-43743.55531763027,42377.0,1867473.4361435645,"(2766, 1542, 90)","(2766.0, 1542.0, 90)"
2400,480,0,XC2_x1_x1,0.0,0.0,0.0,"(3086, 1583, 90)","(3086.0, 1583.0, 90)"
2401,480,1,x2_x1_x1,0.0,0.0,0.0,"(1533, 2893, 0)","(1533.0, 2893.0, 0)"
2402,480,2,x1_x1_x1,0.0,0.0,0.0,"(1815, 922, 180)","(1815.0, 922.0, 180)"
2403,480,3,x3_x1_x1,0.0,0.0,0.0,"(3087, 4068, 180)","(3087.0, 4068.0, 180)"
2404,480,4,XC1_x1_x1,-28693.622667442556,27698.0,991264.4959254308,"(2066, 1478, 180)","(2066.0, 1478.0, 180)"
2405,481,0,x2_x1_x1,0.0,0.0,0.0,"(2255, 1995, 90)","(2255.0, 1995.0, 90)"
2406,481,1,x3_x1_x1,0.0,0.0,0.0,"(4154, 3640, 180)","(4154.0, 3640.0, 180)"
2407,481,2,XC2_x1_x1,0.0,0.0,0.0,"(2078, 183, 90)","(2078.0, 183.0, 90)"
2408,481,3,XC1_x1_x1,0.0,0.0,0.0,"(3317, 2465, 180)","(3317.0, 2465.0, 180)"
2409,481,4,x1_x1_x1,-32363.58612778844,31108.5,1575241.1881669818,"(2367, 3528, 0)","(2367.0, 3528.0, 0)"
2410,482,0,XC2_x1_x1,0.0,0.0,0.0,"(1733, 3830, 270)","(1733.0, 3830.0, 270)"
2411,482,1,x2_x1_x1,0.0,0.0,0.0,"(1013, 18, 0)","(1013.0, 18.0, 0)"
2412,482,2,x1_x1_x1,0.0,0.0,0.0,"(2414, 2433, 180)","(2414.0, 2433.0, 180)"
2413,482,3,x3_x1_x1,0.0,0.0,0.0,"(3299, 2287, 90)","(3501.5, 2287.0, 90)"
2414,482,4,XC1_x1_x1,-33631.22609275727,32545.0,1179887.1245867214,"(1654, 2934, 180)","(1654.0, 2947.0, 180)"
2415,483,0,XC1_x1_x1,0.0,0.0,0.0,"(4524, 2212, 90)","(4524.0, 2212.0, 90)"
2416,483,1,x2_x1_x1,0.0,0.0,0.0,"(1485, 2071, 0)","(1485.0, 2071.0, 0)"
2417,483,2,x3_x1_x1,0.0,0.0,0.0,"(171, 803, 270)","(171.0, 803.0, 270)"
2418,483,3,XC2_x1_x1,0.0,0.0,0.0,"(4011, 4455, 0)","(4011.0, 4455.0, 0)"
2419,483,4,x1_x1_x1,-43217.96801823011,41844.0,1887788.1151191657,"(4783, 566, 90)","(4783.0, 566.0, 90)"
2420,484,0,XC2_x1_x1,0.0,0.0,0.0,"(1589, 3946, 0)","(1589.0, 3946.0, 0)"
2421,484,1,x1_x1_x1,0.0,0.0,0.0,"(4554, 2383, 90)","(4554.0, 2383.0, 90)"
2422,484,2,XC1_x1_x1,0.0,0.0,0.0,"(882, 1405, 0)","(882.0, 1405.0, 0)"
2423,484,3,x2_x1_x1,0.0,0.0,0.0,"(1712, 4243, 270)","(1712.0, 4858.0, 270)"
2424,484,4,x3_x1_x1,-38258.16865671621,37026.5,1517007.6799371145,"(4568, 4176, 90)","(4568.0, 4176.0, 90)"
2425,485,0,x3_x1_x1,0.0,0.0,0.0,"(2063, 2575, 0)","(2063.0, 2575.0, 0)"
2426,485,1,x1_x1_x1,0.0,0.0,0.0,"(851, 4272, 90)","(851.0, 4272.0, 90)"
2427,485,2,XC1_x1_x1,0.0,0.0,0.0,"(2584, 3683, 90)","(2584.0, 3683.0, 90)"
2428,485,3,XC2_x1_x1,0.0,0.0,0.0,"(2666, 1561, 90)","(2666.0, 1561.0, 90)"
2429,485,4,x2_x1_x1,-34634.86852876137,33530.0,1220734.4658473216,"(4616, 4782, 90)","(4616.0, 4782.0, 90)"
2430,486,0,x3_x1_x1,0.0,0.0,0.0,"(1420, 2201, 90)","(1420.0, 2201.0, 90)"
2431,486,1,x1_x1_x1,0.0,0.0,0.0,"(3378, 648, 90)","(3378.0, 648.0, 90)"
2432,486,2,x2_x1_x1,0.0,0.0,0.0,"(547, 2456, 90)","(211.5, 2456.0, 90)"
2433,486,3,XC1_x1_x1,0.0,0.0,0.0,"(2642, 681, 180)","(2642.0, 681.0, 180)"
2434,486,4,XC2_x1_x1,-31040.37222851969,29996.0,1090713.3517031828,"(1370, 4095, 90)","(1370.0, 4095.0, 90)"
2435,487,0,x2_x1_x1,0.0,0.0,0.0,"(2075, 1108, 180)","(2075.0, 1108.0, 180)"
2436,487,1,XC1_x1_x1,0.0,0.0,0.0,"(3791, 1197, 90)","(3791.0, 1197.0, 90)"
2437,487,2,x1_x1_x1,0.0,0.0,0.0,"(4773, 1879, 180)","(4773.0, 1879.0, 180)"
2438,487,3,x3_x1_x1,0.0,0.0,0.0,"(4007, 4044, 180)","(4007.0, 4044.0, 180)"
2439,487,4,XC2_x1_x1,-30909.59465178641,29926.0,967458.4390228327,"(4350, 3135, 90)","(4350.0, 3135.0, 90)"
2440,488,0,XC1_x1_x1,0.0,0.0,0.0,"(3890, 1277, 0)","(3890.0, 1252.5, 0)"
2441,488,1,x2_x1_x1,0.0,0.0,0.0,"(3966, 2062, 180)","(3966.0, 2062.0, 180)"
2442,488,2,XC2_x1_x1,0.0,0.0,0.0,"(622, 3342, 180)","(622.0, 3342.0, 180)"
2443,488,3,x1_x1_x1,0.0,0.0,0.0,"(2989, 3167, 180)","(2989.0, 3167.0, 180)"
2444,488,4,x3_x1_x1,-26331.414359126284,25529.5,643066.6393729175,"(2695, 4219, 0)","(2695.0, 4219.0, 0)"
2445,489,0,x2_x1_x1,0.0,0.0,0.0,"(2914, 4083, 180)","(2914.0, 4083.0, 180)"
2446,489,1,XC1_x1_x1,0.0,0.0,0.0,"(1930, 4915, 180)","(1930.0, 4915.0, 180)"
2447,489,2,x1_x1_x1,0.0,0.0,0.0,"(3153, 3110, 180)","(3153.0, 3110.0, 180)"
2448,489,3,x3_x1_x1,0.0,0.0,0.0,"(4022, 4315, 270)","(4195.5, 4315.0, 270)"
2449,489,4,XC2_x1_x1,-19112.21826442302,18488.5,389024.4733748651,"(4357, 4149, 90)","(5005.0, 4149.0, 90)"
2450,490,0,XC1_x1_x1,0.0,0.0,0.0,"(416, 1291, 0)","(170.0, 1291.0, 0)"
2451,490,1,x2_x1_x1,0.0,0.0,0.0,"(2573, 3617, 270)","(2573.0, 3617.0, 270)"
2452,490,2,XC2_x1_x1,0.0,0.0,0.0,"(803, 992, 270)","(803.0, 992.0, 270)"
2453,490,3,x3_x1_x1,0.0,0.0,0.0,"(1813, 4207, 0)","(836.0, 4207.0, 0)"
2454,490,4,x1_x1_x1,-31402.080884129184,30278.5,1262434.0031805157,"(2026, 4161, 0)","(2026.0, 4730.0, 0)"
2455,491,0,x3_x1_x1,0.0,0.0,0.0,"(1126, 2075, 270)","(1126.0, 2357.0, 270)"
2456,491,1,XC2_x1_x1,0.0,0.0,0.0,"(3096, 4015, 0)","(3096.0, 4015.0, 0)"
2457,491,2,XC1_x1_x1,0.0,0.0,0.0,"(3513, 1415, 90)","(3513.0, 1415.0, 90)"
2458,491,3,x2_x1_x1,0.0,0.0,0.0,"(1414, 1046, 180)","(1414.0, 1046.0, 180)"
2459,491,4,x1_x1_x1,-33093.10394951693,32028.0,1134446.4232765716,"(4564, 3332, 180)","(4564.0, 3332.0, 180)"
2460,492,0,XC2_x1_x1,0.0,0.0,0.0,"(4724, 3532, 0)","(4724.0, 3532.0, 0)"
2461,492,1,x2_x1_x1,0.0,0.0,0.0,"(4518, 952, 270)","(4518.0, 952.0, 270)"
2462,492,2,x3_x1_x1,0.0,0.0,0.0,"(2462, 4686, 90)","(2462.0, 4686.0, 90)"
2463,492,3,XC1_x1_x1,0.0,0.0,0.0,"(1546, 2662, 180)","(1546.0, 2662.0, 180)"
2464,492,4,x1_x1_x1,-39765.848767752206,38480.0,1653407.0535298623,"(4140, 2161, 0)","(4140.0, 2161.0, 0)"
2465,493,0,XC1_x1_x1,0.0,0.0,0.0,"(4660, 227, 0)","(4863.5, 227.0, 0)"
2466,493,1,XC2_x1_x1,0.0,0.0,0.0,"(2965, 1713, 0)","(2965.0, 1713.0, 0)"
2467,493,2,x2_x1_x1,0.0,0.0,0.0,"(2597, 2233, 0)","(2597.0, 2522.5, 0)"
2468,493,3,x1_x1_x1,0.0,0.0,0.0,"(524, 1128, 270)","(524.0, 1128.0, 270)"
2469,493,4,x3_x1_x1,-36954.84070758449,35666.0,1661110.3695268896,"(3981, 453, 90)","(3981.0, 453.0, 90)"
2470,494,0,XC1_x1_x1,0.0,0.0,0.0,"(997, 1138, 180)","(997.0, 1138.0, 180)"
2471,494,1,x1_x1_x1,0.0,0.0,0.0,"(2306, 3131, 180)","(2306.0, 3131.0, 180)"
2472,494,2,x3_x1_x1,0.0,0.0,0.0,"(1364, 2702, 90)","(859.5, 2702.0, 90)"
2473,494,3,x2_x1_x1,0.0,0.0,0.0,"(4107, 1890, 180)","(4107.0, 1890.0, 180)"
2474,494,4,XC2_x1_x1,-30304.720135818014,29210.0,1198412.1757654075,"(1742, 2633, 0)","(1742.0, 2617.0, 0)"
2475,495,0,XC1_x1_x1,0.0,0.0,0.0,"(4295, 2221, 90)","(4295.0, 2221.0, 90)"
2476,495,1,x1_x1_x1,0.0,0.0,0.0,"(2451, 4532, 90)","(2451.0, 4532.0, 90)"
2477,495,2,x2_x1_x1,0.0,0.0,0.0,"(661, 1533, 0)","(661.0, 1292.5, 0)"
2478,495,3,XC2_x1_x1,0.0,0.0,0.0,"(193, 4158, 0)","(193.0, 4158.0, 0)"
2479,495,4,x3_x1_x1,-32340.454013632123,31409.0,867606.5795113884,"(715, 2701, 90)","(715.0, 2701.0, 90)"
2480,496,0,x1_x1_x1,0.0,0.0,0.0,"(4373, 3625, 180)","(4373.0, 3625.0, 180)"
2481,496,1,XC1_x1_x1,0.0,0.0,0.0,"(2888, 4051, 90)","(2888.0, 4051.0, 90)"
2482,496,2,XC2_x1_x1,0.0,0.0,0.0,"(1266, 2952, 90)","(1266.0, 2952.0, 90)"
2483,496,3,x2_x1_x1,0.0,0.0,0.0,"(109, 222, 90)","(109.0, 222.0, 90)"
2484,496,4,x3_x1_x1,-45308.00458873797,43865.0,2082262.2431188228,"(2629, 3044, 270)","(2629.0, 3044.0, 270)"
2485,497,0,x3_x1_x1,0.0,0.0,0.0,"(1228, 1519, 180)","(1228.0, 1519.0, 180)"
2486,497,1,x1_x1_x1,0.0,0.0,0.0,"(115, 1745, 270)","(115.0, 1745.0, 270)"
2487,497,2,XC1_x1_x1,0.0,0.0,0.0,"(1642, 3520, 180)","(1642.0, 3520.0, 180)"
2488,497,3,XC2_x1_x1,0.0,0.0,0.0,"(3474, 889, 270)","(3474.0, 889.0, 270)"
2489,497,4,x2_x1_x1,-38202.55868635389,37041.0,1349218.5818441785,"(4342, 3511, 90)","(4342.0, 3511.0, 90)"
2490,498,0,x3_x1_x1,0.0,0.0,0.0,"(864, 1033, 90)","(516.5, 1033.0, 90)"
2491,498,1,x1_x1_x1,0.0,0.0,0.0,"(910, 2444, 270)","(910.0, 2444.0, 270)"
2492,498,2,x2_x1_x1,0.0,0.0,0.0,"(709, 659, 90)","(709.0, -478.0, 90)"
2493,498,3,XC2_x1_x1,0.0,0.0,0.0,"(2906, 3894, 180)","(2906.0, 3894.0, 180)"
2494,498,4,XC1_x1_x1,-30737.2352168117,29764.0,947186.7872425179,"(1399, 1386, 180)","(1399.0, 1386.0, 180)"
2495,499,0,XC1_x1_x1,0.0,0.0,0.0,"(945, 3017, 270)","(545.5, 3017.0, 270)"
2496,499,1,XC2_x1_x1,0.0,0.0,0.0,"(4057, 4025, 270)","(4434.0, 4025.0, 270)"
2497,499,2,x2_x1_x1,0.0,0.0,0.0,"(1032, 3432, 90)","(1032.0, 4223.0, 90)"
2498,499,3,x1_x1_x1,0.0,0.0,0.0,"(3920, 3952, 90)","(3920.0, 3952.0, 90)"
2499,499,4,x3_x1_x1,-28572.414652777617,27557.0,1031066.9170754883,"(1355, 2839, 90)","(1355.0, 2839.0, 90)"
2500,500,0,x3_x1_x1,0.0,0.0,0.0,"(116, 3974, 270)","(116.0, 3974.0, 270)"
2501,500,1,XC1_x1_x1,0.0,0.0,0.0,"(487, 2922, 90)","(487.0, 2922.0, 90)"
2502,500,2,x2_x1_x1,0.0,0.0,0.0,"(23, 4918, 180)","(23.0, 5382.5, 180)"
2503,500,3,XC2_x1_x1,0.0,0.0,0.0,"(4186, 1791, 0)","(4186.0, 1791.0, 0)"
2504,500,4,x1_x1_x1,-49503.40667669532,47952.0,2406862.676494803,"(4025, 1319, 90)","(4025.0, 1073.0, 90)"
2505,501,0,XC1_x1_x1,0.0,0.0,0.0,"(4544, 2135, 90)","(4544.0, 2135.0, 90)"
2506,501,1,x3_x1_x1,0.0,0.0,0.0,"(408, 433, 270)","(408.0, 433.0, 270)"
2507,501,2,x1_x1_x1,0.0,0.0,0.0,"(1158, 4101, 90)","(1158.0, 4101.0, 90)"
2508,501,3,x2_x1_x1,0.0,0.0,0.0,"(3789, 738, 0)","(3789.0, 738.0, 0)"
2509,501,4,XC2_x1_x1,-40971.35256380354,39739.5,1517460.7389493608,"(3196, 2230, 0)","(3196.0, 2230.0, 0)"
2510,502,0,x1_x1_x1,0.0,0.0,0.0,"(873, 4225, 90)","(873.0, 4225.0, 90)"
2511,502,1,XC2_x1_x1,0.0,0.0,0.0,"(643, 4804, 90)","(643.0, 5016.0, 90)"
2512,502,2,XC1_x1_x1,0.0,0.0,0.0,"(329, 858, 180)","(329.0, 858.0, 180)"
2513,502,3,x2_x1_x1,0.0,0.0,0.0,"(2524, 3527, 90)","(2524.0, 3527.0, 90)"
2514,502,4,x3_x1_x1,-45200.88938316389,43622.5,2491313.044884495,"(3209, 481, 0)","(3209.0, 481.0, 0)"
2515,503,0,XC1_x1_x1,0.0,0.0,0.0,"(4367, 4523, 0)","(4367.0, 4523.0, 0)"
2516,503,1,x2_x1_x1,0.0,0.0,0.0,"(9, 2629, 90)","(-126.5, 2629.0, 90)"
2517,503,2,XC2_x1_x1,0.0,0.0,0.0,"(795, 1789, 180)","(756.0, 1789.0, 180)"
2518,503,3,x1_x1_x1,0.0,0.0,0.0,"(1343, 1991, 270)","(1343.0, 1991.0, 270)"
2519,503,4,x3_x1_x1,-34913.80246146509,33625.0,1661011.7846784885,"(2154, 3709, 90)","(2154.0, 3709.0, 90)"
2520,504,0,x3_x1_x1,0.0,0.0,0.0,"(1387, 3412, 90)","(1387.0, 3412.0, 90)"
2521,504,1,XC1_x1_x1,0.0,0.0,0.0,"(1258, 494, 90)","(1258.0, 494.0, 90)"
2522,504,2,x2_x1_x1,0.0,0.0,0.0,"(3851, 4453, 90)","(3851.0, 4453.0, 90)"
2523,504,3,XC2_x1_x1,0.0,0.0,0.0,"(46, 3974, 0)","(46.0, 3974.0, 0)"
2524,504,4,x1_x1_x1,-36098.900133927935,34993.0,1223015.106221816,"(2562, 1821, 0)","(2562.0, 1821.0, 0)"
2525,505,0,x3_x1_x1,0.0,0.0,0.0,"(817, 4823, 270)","(817.0, 4823.0, 270)"
2526,505,1,XC1_x1_x1,0.0,0.0,0.0,"(2414, 4517, 270)","(2414.0, 4517.0, 270)"
2527,505,2,x2_x1_x1,0.0,0.0,0.0,"(4555, 1242, 90)","(4555.0, 1242.0, 90)"
2528,505,3,x1_x1_x1,0.0,0.0,0.0,"(1152, 595, 270)","(1152.0, 595.0, 270)"
2529,505,4,XC2_x1_x1,-53990.068206359174,52220.0,3133141.45516358,"(3203, 1175, 0)","(3203.0, 1175.0, 0)"
2530,506,0,x2_x1_x1,0.0,0.0,0.0,"(423, 954, 180)","(423.0, 954.0, 180)"
2531,506,1,XC1_x1_x1,0.0,0.0,0.0,"(3440, 1681, 90)","(3440.0, 1681.0, 90)"
2532,506,2,XC2_x1_x1,0.0,0.0,0.0,"(4401, 2539, 90)","(4401.0, 2539.0, 90)"
2533,506,3,x1_x1_x1,0.0,0.0,0.0,"(1542, 321, 90)","(1542.0, 321.0, 90)"
2534,506,4,x3_x1_x1,-35121.45883208134,34130.5,981999.4068800167,"(443, 3318, 270)","(443.0, 3318.0, 270)"
2535,507,0,x3_x1_x1,0.0,0.0,0.0,"(362, 2807, 180)","(362.0, 2807.0, 180)"
2536,507,1,x2_x1_x1,0.0,0.0,0.0,"(3136, 3402, 90)","(3136.0, 3402.0, 90)"
2537,507,2,XC1_x1_x1,0.0,0.0,0.0,"(3818, 4736, 270)","(3818.0, 4736.0, 270)"
2538,507,3,XC2_x1_x1,0.0,0.0,0.0,"(646, 1600, 0)","(646.0, 1600.0, 0)"
2539,507,4,x1_x1_x1,-32188.36267521793,31224.5,929031.2566782666,"(3653, 1333, 180)","(3653.0, 1333.0, 180)"
2540,508,0,XC2_x1_x1,0.0,0.0,0.0,"(3390, 2868, 90)","(3390.0, 2868.0, 90)"
2541,508,1,x2_x1_x1,0.0,0.0,0.0,"(1359, 953, 270)","(520.5, 953.0, 270)"
2542,508,2,x1_x1_x1,0.0,0.0,0.0,"(2146, 2226, 0)","(2146.0, 2226.0, 0)"
2543,508,3,XC1_x1_x1,0.0,0.0,0.0,"(4018, 2984, 0)","(4023.0, 2984.0, 0)"
2544,508,4,x3_x1_x1,-29724.986758226245,28604.5,1255490.5753603615,"(1929, 2175, 180)","(1929.0, 1215.5, 180)"
2545,509,0,x3_x1_x1,0.0,0.0,0.0,"(2981, 4427, 180)","(2907.0, 4427.0, 180)"
2546,509,1,XC2_x1_x1,0.0,0.0,0.0,"(3819, 3957, 270)","(3819.0, 3957.0, 270)"
2547,509,2,XC1_x1_x1,0.0,0.0,0.0,"(4609, 2314, 270)","(4609.0, 2314.0, 270)"
2548,509,3,x2_x1_x1,0.0,0.0,0.0,"(4886, 880, 90)","(4886.0, 880.0, 90)"
2549,509,4,x1_x1_x1,-33031.41873311864,32050.0,963182.7297162034,"(2156, 3176, 0)","(2156.0, 3176.0, 0)"
2550,510,0,x1_x1_x1,0.0,0.0,0.0,"(3268, 4876, 180)","(3268.0, 4876.0, 180)"
2551,510,1,x2_x1_x1,0.0,0.0,0.0,"(2555, 1220, 0)","(2555.0, 1220.0, 0)"
2552,510,2,XC2_x1_x1,0.0,0.0,0.0,"(748, 1066, 180)","(748.0, 1066.0, 180)"
2553,510,3,XC1_x1_x1,0.0,0.0,0.0,"(4874, 2947, 270)","(4874.0, 2947.0, 270)"
2554,510,4,x3_x1_x1,-38639.200986550306,37545.0,1197275.7989676672,"(3083, 132, 0)","(3083.0, 11.5, 0)"
2555,511,0,x2_x1_x1,0.0,0.0,0.0,"(3023, 987, 90)","(3164.5, 987.0, 90)"
2556,511,1,x1_x1_x1,0.0,0.0,0.0,"(1366, 4598, 90)","(1366.0, 4665.0, 90)"
2557,511,2,XC1_x1_x1,0.0,0.0,0.0,"(853, 463, 180)","(853.0, 463.0, 180)"
2558,511,3,x3_x1_x1,0.0,0.0,0.0,"(410, 3548, 0)","(410.0, 3548.0, 0)"
2559,511,4,XC2_x1_x1,-40328.225379696356,38981.0,1815016.223697995,"(2282, 1544, 0)","(2282.0, 1544.0, 0)"
2560,512,0,XC2_x1_x1,0.0,0.0,0.0,"(3379, 512, 180)","(3379.0, 512.0, 180)"
2561,512,1,x1_x1_x1,0.0,0.0,0.0,"(1529, 4429, 270)","(1529.0, 4429.0, 270)"
2562,512,2,XC1_x1_x1,0.0,0.0,0.0,"(3243, 15, 90)","(3243.0, -121.0, 90)"
2563,512,3,x2_x1_x1,0.0,0.0,0.0,"(4424, 156, 270)","(4424.0, 156.0, 270)"
2564,512,4,x3_x1_x1,-40428.359216806224,39150.5,1632924.1779766125,"(3144, 2658, 180)","(3144.0, 2658.0, 180)"
2565,513,0,x1_x1_x1,0.0,0.0,0.0,"(2816, 1192, 0)","(2816.0, 1192.0, 0)"
2566,513,1,x2_x1_x1,0.0,0.0,0.0,"(4006, 905, 0)","(4006.0, 905.0, 0)"
2567,513,2,XC2_x1_x1,0.0,0.0,0.0,"(2916, 4418, 270)","(2916.0, 4418.0, 270)"
2568,513,3,x3_x1_x1,0.0,0.0,0.0,"(3982, 2270, 270)","(3982.0, 2270.0, 270)"
2569,513,4,XC1_x1_x1,-24876.479246055726,23897.5,958400.3642078394,"(2949, 2053, 180)","(2949.0, 2053.0, 180)"
2570,514,0,x1_x1_x1,0.0,0.0,0.0,"(1879, 2626, 90)","(1879.0, 2626.0, 90)"
2571,514,1,x3_x1_x1,0.0,0.0,0.0,"(1957, 1563, 0)","(1957.0, 621.5, 0)"
2572,514,2,XC1_x1_x1,0.0,0.0,0.0,"(3318, 994, 90)","(3318.0, 994.0, 90)"
2573,514,3,x2_x1_x1,0.0,0.0,0.0,"(2465, 2030, 90)","(2762.5, 2030.0, 90)"
2574,514,4,XC2_x1_x1,-27903.25835239953,26880.5,1046034.6474030028,"(1302, 4749, 180)","(1302.0, 4749.0, 180)"
2575,515,0,x2_x1_x1,0.0,0.0,0.0,"(4388, 1197, 0)","(4496.0, 1197.0, 0)"
2576,515,1,XC2_x1_x1,0.0,0.0,0.0,"(3250, 4935, 270)","(3250.0, 4935.0, 270)"
2577,515,2,x3_x1_x1,0.0,0.0,0.0,"(3185, 1319, 270)","(3185.0, 768.0, 270)"
2578,515,3,XC1_x1_x1,0.0,0.0,0.0,"(3658, 3426, 90)","(3658.0, 3426.0, 90)"
2579,515,4,x1_x1_x1,-27668.395132774906,26760.5,824273.5721163605,"(3135, 2085, 90)","(3135.0, 2085.0, 90)"
2580,516,0,x2_x1_x1,0.0,0.0,0.0,"(4882, 441, 270)","(4882.0, 441.0, 270)"
2581,516,1,XC2_x1_x1,0.0,0.0,0.0,"(2710, 3371, 90)","(2710.0, 3452.0, 90)"
2582,516,2,x3_x1_x1,0.0,0.0,0.0,"(2947, 2467, 90)","(2947.0, 2467.0, 90)"
2583,516,3,x1_x1_x1,0.0,0.0,0.0,"(844, 4386, 90)","(844.0, 4386.0, 90)"
2584,516,4,XC1_x1_x1,-44032.96357931616,42757.0,1628083.0557412992,"(376, 472, 90)","(376.0, 472.0, 90)"
2585,517,0,x1_x1_x1,0.0,0.0,0.0,"(4102, 1113, 270)","(4102.0, 1113.0, 270)"
2586,517,1,XC1_x1_x1,0.0,0.0,0.0,"(2026, 1469, 180)","(2026.0, 1204.5, 180)"
2587,517,2,x2_x1_x1,0.0,0.0,0.0,"(1088, 1255, 180)","(990.0, 1255.0, 180)"
2588,517,3,x3_x1_x1,0.0,0.0,0.0,"(2374, 2014, 0)","(2374.0, 2014.0, 0)"
2589,517,4,XC2_x1_x1,-24447.241027737004,23595.0,726314.7693582244,"(4345, 2266, 270)","(4345.0, 2266.0, 270)"
2590,518,0,XC2_x1_x1,0.0,0.0,0.0,"(279, 1383, 180)","(279.0, 1383.0, 180)"
2591,518,1,x2_x1_x1,0.0,0.0,0.0,"(3878, 153, 180)","(3878.0, 153.0, 180)"
2592,518,2,x1_x1_x1,0.0,0.0,0.0,"(3168, 4387, 90)","(3168.0, 4985.0, 90)"
2593,518,3,XC1_x1_x1,0.0,0.0,0.0,"(918, 3926, 270)","(918.0, 3926.0, 270)"
2594,518,4,x3_x1_x1,-45928.96466984576,44661.5,1606466.6893072159,"(3527, 3868, 180)","(3527.0, 3868.0, 180)"
2595,519,0,x1_x1_x1,0.0,0.0,0.0,"(4556, 3762, 0)","(4556.0, 3762.0, 0)"
2596,519,1,x3_x1_x1,0.0,0.0,0.0,"(602, 1561, 180)","(602.0, 1561.0, 180)"
2597,519,2,x2_x1_x1,0.0,0.0,0.0,"(167, 1069, 0)","(167.0, 352.5, 0)"
2598,519,3,XC1_x1_x1,0.0,0.0,0.0,"(3046, 3359, 270)","(3046.0, 3359.0, 270)"
2599,519,4,XC2_x1_x1,-45182.67914122396,43742.0,2075556.3879578128,"(248, 2957, 270)","(248.0, 2957.0, 270)"
2600,520,0,XC1_x1_x1,0.0,0.0,0.0,"(1293, 4593, 90)","(1293.0, 4593.0, 90)"
2601,520,1,x3_x1_x1,0.0,0.0,0.0,"(4115, 763, 90)","(4115.0, 251.0, 90)"
2602,520,2,x2_x1_x1,0.0,0.0,0.0,"(3382, 1562, 180)","(3382.0, 1562.0, 180)"
2603,520,3,x1_x1_x1,0.0,0.0,0.0,"(4423, 3124, 90)","(4423.0, 3124.0, 90)"
2604,520,4,XC2_x1_x1,-33756.47247085687,32756.5,999944.942471597,"(1762, 254, 0)","(1762.0, 254.0, 0)"
2605,521,0,XC2_x1_x1,0.0,0.0,0.0,"(2346, 3632, 90)","(2346.0, 3632.0, 90)"
2606,521,1,x1_x1_x1,0.0,0.0,0.0,"(2845, 404, 0)","(2845.0, 404.0, 0)"
2607,521,2,x3_x1_x1,0.0,0.0,0.0,"(3572, 574, 270)","(4059.5, 574.0, 270)"
2608,521,3,XC1_x1_x1,0.0,0.0,0.0,"(1466, 2368, 270)","(1466.0, 2368.0, 270)"
2609,521,4,x2_x1_x1,-41991.398233103304,40624.0,1869777.9278940354,"(1832, 4875, 90)","(1832.0, 4875.0, 90)"
2610,522,0,XC1_x1_x1,0.0,0.0,0.0,"(4671, 729, 90)","(4671.0, 729.0, 90)"
2611,522,1,x3_x1_x1,0.0,0.0,0.0,"(3827, 4067, 0)","(3827.0, 4067.0, 0)"
2612,522,2,XC2_x1_x1,0.0,0.0,0.0,"(121, 4547, 90)","(121.0, 4547.0, 90)"
2613,522,3,x2_x1_x1,0.0,0.0,0.0,"(4452, 4612, 90)","(4452.0, 5378.0, 90)"
2614,522,4,x1_x1_x1,-48346.30792098302,47025.5,1744533.564131475,"(2164, 40, 90)","(2164.0, 40.0, 90)"
2615,523,0,x1_x1_x1,0.0,0.0,0.0,"(1918, 930, 270)","(1918.0, 762.0, 270)"
2616,523,1,XC2_x1_x1,0.0,0.0,0.0,"(3427, 4924, 180)","(3427.0, 4924.0, 180)"
2617,523,2,XC1_x1_x1,0.0,0.0,0.0,"(1823, 3392, 0)","(1823.0, 3392.0, 0)"
2618,523,3,x2_x1_x1,0.0,0.0,0.0,"(4265, 4678, 90)","(4309.5, 4678.0, 90)"
2619,523,4,x3_x1_x1,-42399.64934721865,40857.5,2378224.6091269134,"(2248, 1879, 0)","(2248.0, 1879.0, 0)"
2620,524,0,x3_x1_x1,0.0,0.0,0.0,"(2369, 2000, 90)","(1593.5, 2000.0, 90)"
2621,524,1,XC1_x1_x1,0.0,0.0,0.0,"(3840, 3646, 180)","(4308.0, 3646.0, 180)"
2622,524,2,x1_x1_x1,0.0,0.0,0.0,"(3721, 3686, 270)","(3721.0, 3686.0, 270)"
2623,524,3,XC2_x1_x1,0.0,0.0,0.0,"(2476, 1907, 0)","(2476.0, 1907.0, 0)"
2624,524,4,x2_x1_x1,-35023.98067757842,34038.5,971172.1658804297,"(4132, 35, 270)","(4132.0, 35.0, 270)"
2625,525,0,XC2_x1_x1,0.0,0.0,0.0,"(990, 966, 90)","(990.0, 966.0, 90)"
2626,525,1,x1_x1_x1,0.0,0.0,0.0,"(1679, 2768, 270)","(1679.0, 2768.0, 270)"
2627,525,2,x3_x1_x1,0.0,0.0,0.0,"(737, 379, 0)","(737.0, 83.5, 0)"
2628,525,3,XC1_x1_x1,0.0,0.0,0.0,"(2595, 1457, 270)","(2595.0, 1457.0, 270)"
2629,525,4,x2_x1_x1,-31196.731153864646,30200.5,992476.5119304874,"(515, 3734, 270)","(515.0, 3734.0, 270)"
2630,526,0,x1_x1_x1,0.0,0.0,0.0,"(4257, 2314, 0)","(4257.0, 2314.0, 0)"
2631,526,1,XC1_x1_x1,0.0,0.0,0.0,"(2252, 3790, 0)","(2252.0, 3790.0, 0)"
2632,526,2,XC2_x1_x1,0.0,0.0,0.0,"(1587, 2119, 90)","(1587.0, 2180.5, 90)"
2633,526,3,x2_x1_x1,0.0,0.0,0.0,"(2812, 1499, 0)","(2812.0, 1499.0, 0)"
2634,526,4,x3_x1_x1,-24385.897962618743,23614.5,595054.8167323478,"(1808, 1298, 0)","(1428.0, 1298.0, 0)"
2635,527,0,XC2_x1_x1,0.0,0.0,0.0,"(1782, 635, 90)","(1782.0, 635.0, 90)"
2636,527,1,x3_x1_x1,0.0,0.0,0.0,"(2114, 2691, 180)","(2114.0, 2691.0, 180)"
2637,527,2,x2_x1_x1,0.0,0.0,0.0,"(3096, 4478, 90)","(3096.0, 4478.0, 90)"
2638,527,3,x1_x1_x1,0.0,0.0,0.0,"(765, 4085, 0)","(765.0, 4085.0, 0)"
2639,527,4,XC1_x1_x1,-31187.372157336504,30137.0,1103281.6689077425,"(1154, 2027, 0)","(1129.0, 2027.0, 0)"
2640,528,0,x1_x1_x1,0.0,0.0,0.0,"(306, 1745, 180)","(306.0, 1330.0, 180)"
2641,528,1,XC1_x1_x1,0.0,0.0,0.0,"(3292, 4086, 270)","(4139.0, 4086.0, 270)"
2642,528,2,x3_x1_x1,0.0,0.0,0.0,"(3227, 4156, 180)","(3227.0, 4156.0, 180)"
2643,528,3,XC2_x1_x1,0.0,0.0,0.0,"(615, 1844, 180)","(615.0, 1844.0, 180)"
2644,528,4,x2_x1_x1,-39773.14122211759,38355.5,2009706.6346470593,"(1131, 3501, 270)","(1131.0, 3501.0, 270)"
2645,529,0,XC2_x1_x1,0.0,0.0,0.0,"(3954, 521, 0)","(3954.0, 521.0, 0)"
2646,529,1,x3_x1_x1,0.0,0.0,0.0,"(596, 2676, 270)","(126.5, 2676.0, 270)"
2647,529,2,x1_x1_x1,0.0,0.0,0.0,"(4904, 2828, 90)","(4904.0, 2828.0, 90)"
2648,529,3,x2_x1_x1,0.0,0.0,0.0,"(3720, 1576, 90)","(3720.0, 1576.0, 90)"
2649,529,4,XC1_x1_x1,-43434.37476753939,41923.5,2282742.5631872085,"(936, 2184, 90)","(936.0, 2184.0, 90)"
2650,530,0,x2_x1_x1,0.0,0.0,0.0,"(542, 4706, 180)","(542.0, 4706.0, 180)"
2651,530,1,XC1_x1_x1,0.0,0.0,0.0,"(709, 3667, 90)","(709.0, 3667.0, 90)"
2652,530,2,XC2_x1_x1,0.0,0.0,0.0,"(4475, 2438, 180)","(4475.0, 2438.0, 180)"
2653,530,3,x1_x1_x1,0.0,0.0,0.0,"(2153, 1087, 270)","(2153.0, 1087.0, 270)"
2654,530,4,x3_x1_x1,-41575.81776250254,40375.0,1441963.2987416117,"(4918, 2076, 0)","(4918.0, 1628.5, 0)"
2655,531,0,x3_x1_x1,0.0,0.0,0.0,"(634, 903, 270)","(634.0, 903.0, 270)"
2656,531,1,x2_x1_x1,0.0,0.0,0.0,"(3902, 1610, 180)","(4419.0, 1610.0, 180)"
2657,531,2,XC1_x1_x1,0.0,0.0,0.0,"(3434, 1770, 180)","(3434.0, 1770.0, 180)"
2658,531,3,XC2_x1_x1,0.0,0.0,0.0,"(2039, 3711, 0)","(2039.0, 3711.0, 0)"
2659,531,4,x1_x1_x1,-39897.54604612032,38669.5,1508097.0913917453,"(4519, 4109, 90)","(4519.0, 4109.0, 90)"
2660,532,0,x1_x1_x1,0.0,0.0,0.0,"(704, 1359, 270)","(704.0, 1359.0, 270)"
2661,532,1,x2_x1_x1,0.0,0.0,0.0,"(1888, 3071, 0)","(1888.0, 3071.0, 0)"
2662,532,2,x3_x1_x1,0.0,0.0,0.0,"(2497, 842, 0)","(2497.0, 842.0, 0)"
2663,532,3,XC1_x1_x1,0.0,0.0,0.0,"(3052, 1018, 90)","(3409.0, 1018.0, 90)"
2664,532,4,XC2_x1_x1,-36070.53822687454,34826.0,1548875.3981520196,"(4274, 4454, 270)","(4274.0, 4454.0, 270)"
2665,533,0,x2_x1_x1,0.0,0.0,0.0,"(62, 1354, 0)","(62.0, 1354.0, 0)"
2666,533,1,x1_x1_x1,0.0,0.0,0.0,"(4226, 4365, 180)","(4226.0, 4365.0, 180)"
2667,533,2,XC2_x1_x1,0.0,0.0,0.0,"(3059, 2727, 0)","(3059.0, 2727.0, 0)"
2668,533,3,XC1_x1_x1,0.0,0.0,0.0,"(4618, 2693, 0)","(4618.0, 2693.0, 0)"
2669,533,4,x3_x1_x1,-48820.55949070837,47356.5,2143470.192333257,"(3508, 4726, 180)","(3508.0, 5375.5, 180)"
2670,534,0,x3_x1_x1,0.0,0.0,0.0,"(4768, 2829, 180)","(4768.0, 2611.5, 180)"
2671,534,1,x2_x1_x1,0.0,0.0,0.0,"(518, 2637, 180)","(518.0, 2637.0, 180)"
2672,534,2,x1_x1_x1,0.0,0.0,0.0,"(4193, 3622, 0)","(4193.0, 3622.0, 0)"
2673,534,3,XC1_x1_x1,0.0,0.0,0.0,"(3714, 169, 90)","(3714.0, 169.0, 90)"
2674,534,4,XC2_x1_x1,-36294.078141717284,35288.5,1011187.3990995795,"(3531, 3014, 90)","(3531.0, 3014.0, 90)"
2675,535,0,x1_x1_x1,0.0,0.0,0.0,"(2936, 2609, 180)","(2936.0, 2609.0, 180)"
2676,535,1,XC2_x1_x1,0.0,0.0,0.0,"(1829, 3461, 90)","(1829.0, 3461.0, 90)"
2677,535,2,x2_x1_x1,0.0,0.0,0.0,"(953, 4864, 270)","(953.0, 4864.0, 270)"
2678,535,3,XC1_x1_x1,0.0,0.0,0.0,"(1384, 164, 90)","(1384.0, 164.0, 90)"
2679,535,4,x3_x1_x1,-52243.14291225703,50732.5,2282042.0083524007,"(4596, 333, 180)","(4596.0, 333.0, 180)"
2680,536,0,x3_x1_x1,0.0,0.0,0.0,"(4720, 4891, 0)","(4720.0, 4891.0, 0)"
2681,536,1,XC1_x1_x1,0.0,0.0,0.0,"(1357, 1382, 90)","(1357.0, 1382.0, 90)"
2682,536,2,x2_x1_x1,0.0,0.0,0.0,"(373, 4721, 270)","(373.0, 4721.0, 270)"
2683,536,3,x1_x1_x1,0.0,0.0,0.0,"(805, 3157, 0)","(805.0, 3157.0, 0)"
2684,536,4,XC2_x1_x1,-38693.846301429316,37599.0,1198688.4237534562,"(2682, 4774, 180)","(2682.0, 4774.0, 180)"
2685,537,0,x3_x1_x1,0.0,0.0,0.0,"(2366, 2958, 270)","(2366.0, 2958.0, 270)"
2686,537,1,x1_x1_x1,0.0,0.0,0.0,"(1857, 1046, 0)","(1857.0, 653.0, 0)"
2687,537,2,XC1_x1_x1,0.0,0.0,0.0,"(169, 2483, 0)","(9.5, 2483.0, 0)"
2688,537,3,x2_x1_x1,0.0,0.0,0.0,"(892, 1639, 270)","(892.0, 1639.0, 270)"
2689,537,4,XC2_x1_x1,-28030.26237606323,27184.0,716160.0091401872,"(4360, 1001, 180)","(4360.0, 1001.0, 180)"
2690,538,0,x2_x1_x1,0.0,0.0,0.0,"(1932, 771, 90)","(1291.5, 771.0, 90)"
2691,538,1,XC1_x1_x1,0.0,0.0,0.0,"(2035, 1939, 180)","(2035.0, 1939.0, 180)"
2692,538,2,x1_x1_x1,0.0,0.0,0.0,"(2506, 859, 180)","(2506.0, 859.0, 180)"
2693,538,3,XC2_x1_x1,0.0,0.0,0.0,"(3664, 1666, 270)","(3664.0, 1666.0, 270)"
2694,538,4,x3_x1_x1,-23520.04426597684,22739.5,609249.3511493272,"(1859, 2180, 0)","(1859.0, 2748.5, 0)"
2695,539,0,x1_x1_x1,0.0,0.0,0.0,"(1712, 3128, 90)","(1712.0, 3128.0, 90)"
2696,539,1,x3_x1_x1,0.0,0.0,0.0,"(2882, 98, 180)","(2882.0, 98.0, 180)"
2697,539,2,XC1_x1_x1,0.0,0.0,0.0,"(3910, 1637, 0)","(3910.0, 1637.0, 0)"
2698,539,3,x2_x1_x1,0.0,0.0,0.0,"(992, 4028, 90)","(992.0, 4318.0, 90)"
2699,539,4,XC2_x1_x1,-48641.86330637469,47000.0,2695715.116819631,"(792, 4521, 180)","(109.5, 4521.0, 180)"
2700,540,0,x2_x1_x1,0.0,0.0,0.0,"(347, 4261, 0)","(347.0, 4261.0, 0)"
2701,540,1,x1_x1_x1,0.0,0.0,0.0,"(2258, 3139, 90)","(2258.0, 3139.0, 90)"
2702,540,2,x3_x1_x1,0.0,0.0,0.0,"(1658, 153, 90)","(1658.0, 153.0, 90)"
2703,540,3,XC1_x1_x1,0.0,0.0,0.0,"(1285, 2309, 90)","(1285.0, 2309.0, 90)"
2704,540,4,XC2_x1_x1,-36290.1475239401,35111.5,1389209.985690129,"(861, 3198, 90)","(861.0, 3198.0, 90)"
2705,541,0,XC2_x1_x1,0.0,0.0,0.0,"(3779, 4414, 270)","(3779.0, 4414.0, 270)"
2706,541,1,x1_x1_x1,0.0,0.0,0.0,"(3875, 2431, 90)","(3875.0, 2431.0, 90)"
2707,541,2,x2_x1_x1,0.0,0.0,0.0,"(2514, 1444, 90)","(2514.0, 1444.0, 90)"
2708,541,3,XC1_x1_x1,0.0,0.0,0.0,"(2213, 2145, 90)","(1704.5, 2145.0, 90)"
2709,541,4,x3_x1_x1,-24623.872852530552,23879.5,554090.9435844731,"(4334, 2543, 90)","(4758.5, 2543.0, 90)"
2710,542,0,x3_x1_x1,0.0,0.0,0.0,"(3610, 4502, 0)","(3610.0, 4502.0, 0)"
2711,542,1,x1_x1_x1,0.0,0.0,0.0,"(3025, 2335, 90)","(3025.0, 2335.0, 90)"
2712,542,2,XC1_x1_x1,0.0,0.0,0.0,"(600, 1824, 270)","(600.0, 1824.0, 270)"
2713,542,3,x2_x1_x1,0.0,0.0,0.0,"(530, 888, 180)","(530.0, 888.0, 180)"
2714,542,4,XC2_x1_x1,-44038.532968205625,42637.0,1964294.6609672722,"(127, 1633, 180)","(-455.0, 1633.0, 180)"
2715,543,0,XC1_x1_x1,0.0,0.0,0.0,"(3910, 999, 180)","(3910.0, 999.0, 180)"
2716,543,1,x2_x1_x1,0.0,0.0,0.0,"(3030, 2520, 90)","(3030.0, 2520.0, 90)"
2717,543,2,x3_x1_x1,0.0,0.0,0.0,"(1755, 678, 270)","(1755.0, 678.0, 270)"
2718,543,3,x1_x1_x1,0.0,0.0,0.0,"(92, 4322, 90)","(92.0, 4322.0, 90)"
2719,543,4,XC2_x1_x1,-40711.777442473984,39337.0,1890013.0163353002,"(3399, 2858, 90)","(3839.5, 2858.0, 90)"
2720,544,0,x2_x1_x1,0.0,0.0,0.0,"(367, 567, 180)","(367.0, 567.0, 180)"
2721,544,1,x1_x1_x1,0.0,0.0,0.0,"(334, 2590, 180)","(334.0, 2590.0, 180)"
2722,544,2,XC2_x1_x1,0.0,0.0,0.0,"(2160, 2784, 180)","(2160.0, 2784.0, 180)"
2723,544,3,XC1_x1_x1,0.0,0.0,0.0,"(2450, 2963, 90)","(2793.0, 3597.5, 90)"
2724,544,4,x3_x1_x1,-34768.87720403156,33558.0,1466223.6032432804,"(2431, 2715, 180)","(3145.0, 2715.0, 180)"
2725,545,0,XC1_x1_x1,0.0,0.0,0.0,"(894, 96, 90)","(894.0, 96.0, 90)"
2726,545,1,x1_x1_x1,0.0,0.0,0.0,"(980, 959, 270)","(660.0, 959.0, 270)"
2727,545,2,x3_x1_x1,0.0,0.0,0.0,"(3936, 2746, 90)","(3936.0, 2746.0, 90)"
2728,545,3,x2_x1_x1,0.0,0.0,0.0,"(2970, 37, 90)","(2970.0, 37.0, 90)"
2729,545,4,XC2_x1_x1,-35633.22068038887,34516.5,1247065.0780081714,"(1247, 1115, 180)","(1247.0, 1115.0, 180)"
2730,546,0,XC1_x1_x1,0.0,0.0,0.0,"(2019, 3320, 90)","(2019.0, 3320.0, 90)"
2731,546,1,x3_x1_x1,0.0,0.0,0.0,"(2020, 4824, 90)","(2020.0, 4824.0, 90)"
2732,546,2,x2_x1_x1,0.0,0.0,0.0,"(1549, 823, 0)","(1549.0, 823.0, 0)"
2733,546,3,x1_x1_x1,0.0,0.0,0.0,"(3309, 2617, 270)","(3309.0, 2617.0, 270)"
2734,546,4,XC2_x1_x1,-33291.32043600832,32285.5,1011674.7494919589,"(2640, 2165, 180)","(2640.0, 2165.0, 180)"
2735,547,0,x1_x1_x1,0.0,0.0,0.0,"(1123, 291, 90)","(1123.0, 291.0, 90)"
2736,547,1,x2_x1_x1,0.0,0.0,0.0,"(4588, 2326, 180)","(4588.0, 2326.0, 180)"
2737,547,2,XC2_x1_x1,0.0,0.0,0.0,"(377, 2224, 0)","(377.0, 2224.0, 0)"
2738,547,3,x3_x1_x1,0.0,0.0,0.0,"(2900, 4234, 0)","(2900.0, 4234.0, 0)"
2739,547,4,XC1_x1_x1,-41834.303805252566,40588.5,1552027.1211817688,"(4668, 1103, 180)","(4668.0, 1103.0, 180)"
2740,548,0,x2_x1_x1,0.0,0.0,0.0,"(4426, 3230, 270)","(4426.0, 3230.0, 270)"
2741,548,1,XC1_x1_x1,0.0,0.0,0.0,"(4702, 4535, 0)","(4702.0, 4535.0, 0)"
2742,548,2,x1_x1_x1,0.0,0.0,0.0,"(1996, 1978, 0)","(1996.0, 1978.0, 0)"
2743,548,3,x3_x1_x1,0.0,0.0,0.0,"(2366, 4108, 180)","(2366.0, 4108.0, 180)"
2744,548,4,XC2_x1_x1,-26562.891074173873,25692.5,757580.6220015472,"(1576, 3067, 90)","(1576.0, 3067.0, 90)"
2745,549,0,x1_x1_x1,0.0,0.0,0.0,"(2070, 1442, 180)","(2070.0, 1442.0, 180)"
2746,549,1,x2_x1_x1,0.0,0.0,0.0,"(451, 4803, 270)","(451.0, 4827.0, 270)"
2747,549,2,XC2_x1_x1,0.0,0.0,0.0,"(7, 3842, 270)","(7.0, 3842.0, 270)"
2748,549,3,x3_x1_x1,0.0,0.0,0.0,"(3209, 756, 90)","(3209.0, 756.0, 90)"
2749,549,4,XC1_x1_x1,-52933.384396216476,51130.0,3252195.280517051,"(3626, 1009, 270)","(4018.5, 1009.0, 270)"
2750,550,0,XC2_x1_x1,0.0,0.0,0.0,"(2049, 4316, 180)","(2049.0, 4316.0, 180)"
2751,550,1,x2_x1_x1,0.0,0.0,0.0,"(3096, 1915, 0)","(3096.0, 1915.0, 0)"
2752,550,2,x3_x1_x1,0.0,0.0,0.0,"(1441, 2287, 90)","(1441.0, 2287.0, 90)"
2753,550,3,XC1_x1_x1,0.0,0.0,0.0,"(4845, 684, 270)","(4845.0, 684.0, 270)"
2754,550,4,x1_x1_x1,-32555.15793124286,31618.0,878264.9880913942,"(4716, 4109, 90)","(4716.0, 4109.0, 90)"
2755,551,0,x2_x1_x1,0.0,0.0,0.0,"(4790, 160, 180)","(4790.0, 160.0, 180)"
2756,551,1,x3_x1_x1,0.0,0.0,0.0,"(1024, 2441, 0)","(1024.0, 2441.0, 0)"
2757,551,2,XC2_x1_x1,0.0,0.0,0.0,"(2725, 210, 0)","(2725.0, 210.0, 0)"
2758,551,3,x1_x1_x1,0.0,0.0,0.0,"(425, 1877, 180)","(-166.0, 1877.0, 180)"
2759,551,4,XC1_x1_x1,-47676.45334121108,46191.0,2206571.6289151753,"(3290, 3609, 90)","(3290.0, 3609.0, 90)"
2760,552,0,x1_x1_x1,0.0,0.0,0.0,"(4764, 2793, 180)","(4764.0, 2793.0, 180)"
2761,552,1,x3_x1_x1,0.0,0.0,0.0,"(13, 630, 180)","(13.0, 630.0, 180)"
2762,552,2,XC2_x1_x1,0.0,0.0,0.0,"(1494, 805, 90)","(1494.0, 805.0, 90)"
2763,552,3,x2_x1_x1,0.0,0.0,0.0,"(4197, 3965, 90)","(4197.0, 3965.0, 90)"
2764,552,4,XC1_x1_x1,-44018.19483757327,42747.0,1615936.3150729302,"(1847, 3092, 90)","(1847.0, 3092.0, 90)"
2765,553,0,x3_x1_x1,0.0,0.0,0.0,"(367, 4542, 270)","(367.0, 5035.0, 270)"
2766,553,1,x2_x1_x1,0.0,0.0,0.0,"(2659, 4630, 270)","(2659.0, 4630.0, 270)"
2767,553,2,XC1_x1_x1,0.0,0.0,0.0,"(4130, 920, 90)","(4130.0, 920.0, 90)"
2768,553,3,x1_x1_x1,0.0,0.0,0.0,"(722, 3718, 270)","(722.0, 3718.0, 270)"
2769,553,4,XC2_x1_x1,-36528.75381336844,35591.5,878444.7106736944,"(1000, 894, 90)","(1000.0, 894.0, 90)"
2770,554,0,XC2_x1_x1,0.0,0.0,0.0,"(4396, 2556, 270)","(4396.0, 2556.0, 270)"
2771,554,1,XC1_x1_x1,0.0,0.0,0.0,"(1443, 1847, 90)","(1443.0, 1847.0, 90)"
2772,554,2,x2_x1_x1,0.0,0.0,0.0,"(4762, 773, 180)","(5197.0, 773.0, 180)"
2773,554,3,x3_x1_x1,0.0,0.0,0.0,"(2573, 1416, 270)","(2573.0, 1416.0, 270)"
2774,554,4,x1_x1_x1,-29799.485929518807,28740.5,1121451.1989188113,"(4211, 1532, 90)","(4211.0, 1532.0, 90)"
2775,555,0,x3_x1_x1,0.0,0.0,0.0,"(2070, 829, 270)","(2070.0, 829.0, 270)"
2776,555,1,XC1_x1_x1,0.0,0.0,0.0,"(3554, 3653, 180)","(3554.0, 3653.0, 180)"
2777,555,2,XC2_x1_x1,0.0,0.0,0.0,"(1930, 157, 0)","(1930.0, -83.0, 0)"
2778,555,3,x1_x1_x1,0.0,0.0,0.0,"(789, 3025, 270)","(789.0, 3025.0, 270)"
2779,555,4,x2_x1_x1,-32639.49745064778,31603.0,1074326.9651993532,"(121, 1397, 180)","(121.0, 1397.0, 180)"
2780,556,0,x1_x1_x1,0.0,0.0,0.0,"(2443, 2226, 180)","(2443.0, 2226.0, 180)"
2781,556,1,x3_x1_x1,0.0,0.0,0.0,"(1567, 1302, 0)","(1567.0, 1302.0, 0)"
2782,556,2,XC1_x1_x1,0.0,0.0,0.0,"(4007, 1954, 180)","(4007.0, 1954.0, 180)"
2783,556,3,x2_x1_x1,0.0,0.0,0.0,"(4087, 2752, 270)","(4087.0, 2866.0, 270)"
2784,556,4,XC2_x1_x1,-30112.16326169856,29001.5,1233572.8808868816,"(3790, 4013, 270)","(3790.0, 4013.0, 270)"
2785,557,0,XC1_x1_x1,0.0,0.0,0.0,"(3948, 762, 90)","(3948.0, 762.0, 90)"
2786,557,1,XC2_x1_x1,0.0,0.0,0.0,"(1938, 812, 0)","(1938.0, 812.0, 0)"
2787,557,2,x2_x1_x1,0.0,0.0,0.0,"(1611, 1948, 180)","(1611.0, 1948.0, 180)"
2788,557,3,x1_x1_x1,0.0,0.0,0.0,"(130, 671, 180)","(130.0, 671.0, 180)"
2789,557,4,x3_x1_x1,-35085.49601920318,33872.0,1472572.5886219663,"(716, 3833, 0)","(716.0, 3833.0, 0)"
2790,558,0,x3_x1_x1,0.0,0.0,0.0,"(1306, 3867, 180)","(1306.0, 3867.0, 180)"
2791,558,1,XC1_x1_x1,0.0,0.0,0.0,"(2815, 4617, 270)","(2815.0, 4617.0, 270)"
2792,558,2,XC2_x1_x1,0.0,0.0,0.0,"(346, 1373, 0)","(346.0, 1373.0, 0)"
2793,558,3,x2_x1_x1,0.0,0.0,0.0,"(3983, 1315, 270)","(3983.0, 1315.0, 270)"
2794,558,4,x1_x1_x1,-36295.135588377445,35172.0,1261433.549879944,"(2811, 2620, 180)","(2811.0, 2620.0, 180)"
2795,559,0,x1_x1_x1,0.0,0.0,0.0,"(3786, 2084, 90)","(3786.0, 2084.0, 90)"
2796,559,1,XC1_x1_x1,0.0,0.0,0.0,"(4233, 4663, 90)","(4233.0, 4663.0, 90)"
2797,559,2,x3_x1_x1,0.0,0.0,0.0,"(4540, 1027, 90)","(4669.5, 1027.0, 90)"
2798,559,3,x2_x1_x1,0.0,0.0,0.0,"(1031, 3370, 270)","(1031.0, 3370.0, 270)"
2799,559,4,XC2_x1_x1,-41944.010020385496,40542.0,1965632.0972613294,"(2043, 3370, 270)","(2043.0, 3370.0, 270)"
2800,560,0,x2_x1_x1,0.0,0.0,0.0,"(4833, 890, 270)","(4833.0, 890.0, 270)"
2801,560,1,XC1_x1_x1,0.0,0.0,0.0,"(3555, 4093, 180)","(3555.0, 4093.0, 180)"
2802,560,2,x3_x1_x1,0.0,0.0,0.0,"(334, 1860, 90)","(334.0, 1860.0, 90)"
2803,560,3,x1_x1_x1,0.0,0.0,0.0,"(1940, 4554, 180)","(1940.0, 4554.0, 180)"
2804,560,4,XC2_x1_x1,-45787.98180565264,44555.5,1519011.401264804,"(1519, 4641, 180)","(1149.0, 4641.0, 180)"
2805,561,0,XC1_x1_x1,0.0,0.0,0.0,"(3020, 4698, 90)","(3020.0, 4698.0, 90)"
2806,561,1,x1_x1_x1,0.0,0.0,0.0,"(2612, 3411, 90)","(2612.0, 3411.0, 90)"
2807,561,2,x2_x1_x1,0.0,0.0,0.0,"(1856, 2712, 0)","(1499.0, 2712.0, 0)"
2808,561,3,x3_x1_x1,0.0,0.0,0.0,"(2171, 1764, 180)","(2171.0, 1503.5, 180)"
2809,561,4,XC2_x1_x1,-26996.24117609091,25977.5,1037833.5838630901,"(3573, 4055, 0)","(3573.0, 4055.0, 0)"
2810,562,0,x3_x1_x1,0.0,0.0,0.0,"(2619, 1578, 90)","(2619.0, 1578.0, 90)"
2811,562,1,x1_x1_x1,0.0,0.0,0.0,"(2182, 2600, 180)","(2182.0, 2869.0, 180)"
2812,562,2,XC1_x1_x1,0.0,0.0,0.0,"(2059, 2116, 270)","(1809.5, 2282.0, 270)"
2813,562,3,XC2_x1_x1,0.0,0.0,0.0,"(2505, 1649, 0)","(1736.5, 1649.0, 0)"
2814,562,4,x2_x1_x1,-29144.2735419182,28127.5,1033828.4355448763,"(4920, 3400, 270)","(4920.0, 3400.0, 270)"
2815,563,0,x2_x1_x1,0.0,0.0,0.0,"(2183, 1596, 270)","(2183.0, 1596.0, 270)"
2816,563,1,x3_x1_x1,0.0,0.0,0.0,"(3942, 956, 90)","(3942.0, 956.0, 90)"
2817,563,2,XC2_x1_x1,0.0,0.0,0.0,"(1151, 2484, 90)","(1151.0, 2484.0, 90)"
2818,563,3,x1_x1_x1,0.0,0.0,0.0,"(2081, 4204, 90)","(1551.0, 4204.0, 90)"
2819,563,4,XC1_x1_x1,-33341.062775172155,32211.5,1275912.0630546194,"(2138, 4083, 0)","(2138.0, 4083.0, 0)"
2820,564,0,x2_x1_x1,0.0,0.0,0.0,"(998, 730, 90)","(998.0, 730.0, 90)"
2821,564,1,x3_x1_x1,0.0,0.0,0.0,"(3172, 3558, 180)","(3172.0, 3558.0, 180)"
2822,564,2,XC2_x1_x1,0.0,0.0,0.0,"(3854, 4724, 270)","(3854.0, 4724.0, 270)"
2823,564,3,x1_x1_x1,0.0,0.0,0.0,"(173, 4067, 90)","(173.0, 4067.0, 90)"
2824,564,4,XC1_x1_x1,-38103.08506371228,36989.5,1240071.6941230725,"(1420, 3026, 270)","(1420.0, 3026.0, 270)"
2825,565,0,XC2_x1_x1,0.0,0.0,0.0,"(394, 4551, 180)","(394.0, 4551.0, 180)"
2826,565,1,x1_x1_x1,0.0,0.0,0.0,"(4427, 491, 180)","(4427.0, 491.0, 180)"
2827,565,2,x3_x1_x1,0.0,0.0,0.0,"(1100, 1183, 0)","(243.0, 1183.0, 0)"
2828,565,3,XC1_x1_x1,0.0,0.0,0.0,"(2365, 3745, 90)","(2365.0, 3745.0, 90)"
2829,565,4,x2_x1_x1,-38172.11092687098,37120.0,1106937.4024413093,"(1554, 1231, 90)","(1554.0, 1231.0, 90)"
2830,566,0,XC2_x1_x1,0.0,0.0,0.0,"(2281, 4782, 180)","(2281.0, 4782.0, 180)"
2831,566,1,x1_x1_x1,0.0,0.0,0.0,"(4911, 10, 90)","(4911.0, 10.0, 90)"
2832,566,2,x2_x1_x1,0.0,0.0,0.0,"(2550, 2048, 0)","(2550.0, 2048.0, 0)"
2833,566,3,XC1_x1_x1,0.0,0.0,0.0,"(168, 1195, 0)","(168.0, 1195.0, 0)"
2834,566,4,x3_x1_x1,-40938.27434731682,39788.5,1321981.049747821,"(1244, 2893, 90)","(1244.0, 2893.0, 90)"
2835,567,0,x3_x1_x1,0.0,0.0,0.0,"(1402, 1671, 180)","(1402.0, 1671.0, 180)"
2836,567,1,XC1_x1_x1,0.0,0.0,0.0,"(1425, 198, 90)","(1425.0, 198.0, 90)"
2837,567,2,x2_x1_x1,0.0,0.0,0.0,"(3637, 1724, 180)","(3637.0, 2378.5, 180)"
2838,567,3,x1_x1_x1,0.0,0.0,0.0,"(583, 4704, 270)","(583.0, 4704.0, 270)"
2839,567,4,XC2_x1_x1,-41262.00953319267,39935.5,1759627.541651032,"(3597, 1569, 0)","(3597.0, 1569.0, 0)"
2840,568,0,x2_x1_x1,0.0,0.0,0.0,"(3112, 3630, 270)","(3112.0, 3630.0, 270)"
2841,568,1,x3_x1_x1,0.0,0.0,0.0,"(3382, 492, 270)","(3382.0, 251.0, 270)"
2842,568,2,XC1_x1_x1,0.0,0.0,0.0,"(4733, 3748, 0)","(4919.0, 3748.0, 0)"
2843,568,3,x1_x1_x1,0.0,0.0,0.0,"(3510, 1568, 90)","(3510.0, 1568.0, 90)"
2844,568,4,XC2_x1_x1,-30661.085509090746,29762.0,808354.7526569691,"(4286, 3440, 270)","(4286.0, 3440.0, 270)"
2845,569,0,XC2_x1_x1,0.0,0.0,0.0,"(3685, 152, 180)","(3685.0, 152.0, 180)"
2846,569,1,x3_x1_x1,0.0,0.0,0.0,"(1818, 4841, 270)","(1818.0, 4841.0, 270)"
2847,569,2,x1_x1_x1,0.0,0.0,0.0,"(4104, 947, 180)","(4104.0, 947.0, 180)"
2848,569,3,XC1_x1_x1,0.0,0.0,0.0,"(1720, 86, 270)","(1720.0, 86.0, 270)"
2849,569,4,x2_x1_x1,-46804.94988422642,45168.5,2677968.223584678,"(4028, 3660, 270)","(4028.0, 3660.0, 270)"
2850,570,0,x2_x1_x1,0.0,0.0,0.0,"(1912, 1409, 180)","(1912.0, 1409.0, 180)"
2851,570,1,x1_x1_x1,0.0,0.0,0.0,"(2845, 3801, 270)","(2845.0, 3801.0, 270)"
2852,570,2,XC2_x1_x1,0.0,0.0,0.0,"(4396, 2151, 90)","(4396.0, 2151.0, 90)"
2853,570,3,XC1_x1_x1,0.0,0.0,0.0,"(4896, 2670, 270)","(4956.0, 2670.0, 270)"
2854,570,4,x3_x1_x1,-40521.20621132186,39200.0,1745585.8528354738,"(1357, 4801, 270)","(1357.0, 4801.0, 270)"
2855,571,0,x2_x1_x1,0.0,0.0,0.0,"(3433, 4483, 0)","(3433.0, 5280.5, 0)"
2856,571,1,XC1_x1_x1,0.0,0.0,0.0,"(1455, 3525, 90)","(1455.0, 3525.0, 90)"
2857,571,2,x3_x1_x1,0.0,0.0,0.0,"(3169, 3872, 270)","(3169.0, 3872.0, 270)"
2858,571,3,x1_x1_x1,0.0,0.0,0.0,"(3865, 896, 270)","(3865.0, 896.0, 270)"
2859,571,4,XC2_x1_x1,-40996.16650650188,39685.0,1719157.6077723443,"(531, 769, 180)","(531.0, 769.0, 180)"
2860,572,0,x3_x1_x1,0.0,0.0,0.0,"(3853, 1701, 90)","(3853.0, 1701.0, 90)"
2861,572,1,x1_x1_x1,0.0,0.0,0.0,"(68, 4797, 0)","(68.0, 4923.0, 0)"
2862,572,2,XC2_x1_x1,0.0,0.0,0.0,"(275, 4336, 270)","(275.0, 4336.0, 270)"
2863,572,3,XC1_x1_x1,0.0,0.0,0.0,"(1001, 1819, 270)","(753.0, 1819.0, 270)"
2864,572,4,x2_x1_x1,-39958.01381487642,38628.0,1768936.7477621443,"(1665, 2096, 180)","(1665.0, 2096.0, 180)"
2865,573,0,x1_x1_x1,0.0,0.0,0.0,"(3705, 300, 180)","(3705.0, 300.0, 180)"
2866,573,1,XC1_x1_x1,0.0,0.0,0.0,"(1539, 2706, 90)","(1539.0, 2706.0, 90)"
2867,573,2,x2_x1_x1,0.0,0.0,0.0,"(712, 2269, 0)","(627.0, 2269.0, 0)"
2868,573,3,x3_x1_x1,0.0,0.0,0.0,"(4855, 2140, 180)","(4855.0, 2140.0, 180)"
2869,573,4,XC2_x1_x1,-38769.48192913324,37449.0,1743672.5251674466,"(1535, 335, 270)","(1535.0, 335.0, 270)"
2870,574,0,XC2_x1_x1,0.0,0.0,0.0,"(191, 4387, 180)","(191.0, 4387.0, 180)"
2871,574,1,XC1_x1_x1,0.0,0.0,0.0,"(698, 3277, 270)","(293.5, 3277.0, 270)"
2872,574,2,x3_x1_x1,0.0,0.0,0.0,"(3390, 4818, 0)","(3390.0, 4818.0, 0)"
2873,574,3,x1_x1_x1,0.0,0.0,0.0,"(1204, 4508, 90)","(1204.0, 4508.0, 90)"
2874,574,4,x2_x1_x1,-26863.056521085633,26083.0,608488.176088223,"(1103, 3693, 270)","(1103.0, 3191.0, 270)"
2875,575,0,x2_x1_x1,0.0,0.0,0.0,"(1420, 2098, 180)","(1420.0, 2098.0, 180)"
2876,575,1,XC2_x1_x1,0.0,0.0,0.0,"(2467, 253, 270)","(2467.0, 253.0, 270)"
2877,575,2,x3_x1_x1,0.0,0.0,0.0,"(4065, 1446, 0)","(4065.0, 1446.0, 0)"
2878,575,3,x1_x1_x1,0.0,0.0,0.0,"(499, 2462, 0)","(103.0, 2462.0, 0)"
2879,575,4,XC1_x1_x1,-36064.5308384059,34865.0,1438874.2322867655,"(2820, 98, 0)","(3100.0, 98.0, 0)"
2880,576,0,XC2_x1_x1,0.0,0.0,0.0,"(1180, 1907, 90)","(1180.0, 1907.0, 90)"
2881,576,1,x2_x1_x1,0.0,0.0,0.0,"(4435, 3109, 0)","(4435.0, 2615.5, 0)"
2882,576,2,x1_x1_x1,0.0,0.0,0.0,"(4056, 3626, 0)","(4056.0, 3626.0, 0)"
2883,576,3,x3_x1_x1,0.0,0.0,0.0,"(2373, 4048, 180)","(2373.0, 4048.0, 180)"
2884,576,4,XC1_x1_x1,-27326.224452182458,26528.5,636364.3016098001,"(4031, 1257, 90)","(4031.0, 1257.0, 90)"
2885,577,0,XC1_x1_x1,0.0,0.0,0.0,"(4567, 4385, 180)","(4567.0, 4385.0, 180)"
2886,577,1,x2_x1_x1,0.0,0.0,0.0,"(4872, 484, 90)","(4872.0, 484.0, 90)"
2887,577,2,x1_x1_x1,0.0,0.0,0.0,"(3567, 1048, 270)","(3567.0, 1048.0, 270)"
2888,577,3,x3_x1_x1,0.0,0.0,0.0,"(439, 4482, 0)","(439.0, 4482.0, 0)"
2889,577,4,XC2_x1_x1,-52112.11582329701,50670.5,2078256.1819803158,"(1111, 498, 0)","(1111.0, 498.0, 0)"
2890,578,0,XC2_x1_x1,0.0,0.0,0.0,"(2380, 1115, 270)","(2380.0, 1115.0, 270)"
2891,578,1,XC1_x1_x1,0.0,0.0,0.0,"(3154, 825, 270)","(3154.0, 825.0, 270)"
2892,578,2,x3_x1_x1,0.0,0.0,0.0,"(555, 3272, 90)","(555.0, 3272.0, 90)"
2893,578,3,x1_x1_x1,0.0,0.0,0.0,"(4375, 2435, 90)","(4375.0, 2435.0, 90)"
2894,578,4,x2_x1_x1,-41000.43302947314,39869.0,1280140.7001827685,"(4577, 4624, 90)","(4577.0, 4624.0, 90)"
2895,579,0,x3_x1_x1,0.0,0.0,0.0,"(227, 185, 0)","(227.0, 185.0, 0)"
2896,579,1,x2_x1_x1,0.0,0.0,0.0,"(2045, 4225, 0)","(2045.0, 4225.0, 0)"
2897,579,2,x1_x1_x1,0.0,0.0,0.0,"(3156, 956, 0)","(3156.0, 956.0, 0)"
2898,579,3,XC1_x1_x1,0.0,0.0,0.0,"(2255, 1451, 90)","(2255.0, 1451.0, 90)"
2899,579,4,XC2_x1_x1,-40260.945520490175,39038.0,1495595.7460869853,"(2677, 1994, 0)","(2677.0, 2084.0, 0)"
2900,580,0,XC2_x1_x1,0.0,0.0,0.0,"(3226, 3081, 180)","(3226.0, 3081.0, 180)"
2901,580,1,x2_x1_x1,0.0,0.0,0.0,"(3397, 1956, 0)","(3397.0, 1956.0, 0)"
2902,580,2,x1_x1_x1,0.0,0.0,0.0,"(1397, 4452, 0)","(1397.0, 4452.0, 0)"
2903,580,3,XC1_x1_x1,0.0,0.0,0.0,"(3016, 1745, 0)","(3016.0, 1146.5, 0)"
2904,580,4,x3_x1_x1,-34697.09204289588,33498.0,1437821.727336203,"(2895, 1539, 0)","(2895.0, 337.0, 0)"
2905,581,0,XC1_x1_x1,0.0,0.0,0.0,"(2695, 3539, 180)","(2695.0, 3539.0, 180)"
2906,581,1,x2_x1_x1,0.0,0.0,0.0,"(3583, 1702, 270)","(3583.0, 1702.0, 270)"
2907,581,2,x3_x1_x1,0.0,0.0,0.0,"(3581, 3443, 270)","(3581.0, 3443.0, 270)"
2908,581,3,XC2_x1_x1,0.0,0.0,0.0,"(4771, 4146, 270)","(4771.0, 4146.0, 270)"
2909,581,4,x1_x1_x1,-38677.91326927331,37520.5,1339605.4758899389,"(117, 373, 180)","(117.0, 373.0, 180)"
2910,582,0,x2_x1_x1,0.0,0.0,0.0,"(2317, 238, 0)","(2317.0, 238.0, 0)"
2911,582,1,XC1_x1_x1,0.0,0.0,0.0,"(3819, 4486, 0)","(3819.0, 4486.0, 0)"
2912,582,2,x3_x1_x1,0.0,0.0,0.0,"(1866, 4832, 90)","(1866.0, 4832.0, 90)"
2913,582,3,x1_x1_x1,0.0,0.0,0.0,"(924, 3642, 0)","(924.0, 3642.0, 0)"
2914,582,4,XC2_x1_x1,-38434.138532372715,37275.5,1342443.2486988034,"(2769, 4535, 90)","(2769.0, 4535.0, 90)"
2915,583,0,x3_x1_x1,0.0,0.0,0.0,"(2221, 4595, 0)","(2221.0, 4595.0, 0)"
2916,583,1,XC2_x1_x1,0.0,0.0,0.0,"(4883, 1505, 270)","(4903.0, 1505.0, 270)"
2917,583,2,x2_x1_x1,0.0,0.0,0.0,"(3735, 661, 0)","(3991.0, 661.0, 0)"
2918,583,3,x1_x1_x1,0.0,0.0,0.0,"(2801, 795, 180)","(2801.0, 795.0, 180)"
2919,583,4,XC1_x1_x1,-45446.77134895112,43854.0,2536920.570039567,"(1187, 3523, 0)","(1187.0, 3523.0, 0)"
2920,584,0,XC2_x1_x1,0.0,0.0,0.0,"(3383, 2384, 270)","(3383.0, 2384.0, 270)"
2921,584,1,XC1_x1_x1,0.0,0.0,0.0,"(3908, 913, 0)","(3908.0, 913.0, 0)"
2922,584,2,x3_x1_x1,0.0,0.0,0.0,"(1261, 3100, 0)","(1261.0, 3100.0, 0)"
2923,584,3,x2_x1_x1,0.0,0.0,0.0,"(2535, 43, 0)","(2535.0, 43.0, 0)"
2924,584,4,x1_x1_x1,-32488.103030507587,31591.5,803896.9943153902,"(4314, 1987, 0)","(4314.0, 1987.0, 0)"
2925,585,0,XC2_x1_x1,0.0,0.0,0.0,"(2382, 4671, 270)","(2651.5, 4671.0, 270)"
2926,585,1,XC1_x1_x1,0.0,0.0,0.0,"(966, 1971, 270)","(966.0, 1971.0, 270)"
2927,585,2,x3_x1_x1,0.0,0.0,0.0,"(1842, 4744, 90)","(1842.0, 4744.0, 90)"
2928,585,3,x2_x1_x1,0.0,0.0,0.0,"(3882, 1490, 270)","(3882.0, 1490.0, 270)"
2929,585,4,x1_x1_x1,-41321.46142375914,40017.5,1700315.3946519608,"(856, 239, 0)","(856.0, 239.0, 0)"
2930,586,0,x2_x1_x1,0.0,0.0,0.0,"(3112, 2794, 180)","(3112.0, 2794.0, 180)"
2931,586,1,x3_x1_x1,0.0,0.0,0.0,"(1174, 2165, 90)","(1174.0, 2165.0, 90)"
2932,586,2,XC2_x1_x1,0.0,0.0,0.0,"(792, 2404, 270)","(364.5, 2404.0, 270)"
2933,586,3,x1_x1_x1,0.0,0.0,0.0,"(2895, 1972, 0)","(2895.0, 1881.0, 0)"
2934,586,4,XC1_x1_x1,-20787.940453953284,20141.5,417885.2605073296,"(3780, 4145, 90)","(3780.0, 4145.0, 90)"
2935,587,0,XC2_x1_x1,0.0,0.0,0.0,"(1625, 350, 90)","(1625.0, 350.0, 90)"
2936,587,1,x1_x1_x1,0.0,0.0,0.0,"(2572, 809, 180)","(2572.0, 809.0, 180)"
2937,587,2,x3_x1_x1,0.0,0.0,0.0,"(4125, 2159, 270)","(4125.0, 2159.0, 270)"
2938,587,3,XC1_x1_x1,0.0,0.0,0.0,"(4782, 3108, 270)","(4782.0, 3144.0, 270)"
2939,587,4,x2_x1_x1,-32424.64263801177,31128.0,1681282.130710124,"(2157, 2058, 90)","(2157.0, 2058.0, 90)"
2940,588,0,x3_x1_x1,0.0,0.0,0.0,"(1746, 2490, 180)","(1746.0, 2490.0, 180)"
2941,588,1,x2_x1_x1,0.0,0.0,0.0,"(1897, 3284, 180)","(1897.0, 3698.5, 180)"
2942,588,2,x1_x1_x1,0.0,0.0,0.0,"(3095, 2406, 0)","(3095.0, 2205.0, 0)"
2943,588,3,XC1_x1_x1,0.0,0.0,0.0,"(2711, 2719, 0)","(2731.0, 2719.0, 0)"
2944,588,4,XC2_x1_x1,-22423.62138522348,21583.5,705803.9419098208,"(336, 1553, 0)","(336.0, 1553.0, 0)"
2945,589,0,XC1_x1_x1,0.0,0.0,0.0,"(4192, 3453, 180)","(4192.0, 3453.0, 180)"
2946,589,1,x2_x1_x1,0.0,0.0,0.0,"(4900, 4597, 90)","(4900.0, 4597.0, 90)"
2947,589,2,XC2_x1_x1,0.0,0.0,0.0,"(2839, 60, 180)","(2839.0, 60.0, 180)"
2948,589,3,x3_x1_x1,0.0,0.0,0.0,"(1720, 3644, 90)","(1720.0, 3644.0, 90)"
2949,589,4,x1_x1_x1,-37603.13961746775,36603.0,1000279.2544285432,"(4021, 795, 180)","(4021.0, 795.0, 180)"
2950,590,0,x1_x1_x1,0.0,0.0,0.0,"(1943, 1399, 0)","(1943.0, 1399.0, 0)"
2951,590,1,x3_x1_x1,0.0,0.0,0.0,"(4921, 2327, 180)","(4921.0, 2327.0, 180)"
2952,590,2,XC2_x1_x1,0.0,0.0,0.0,"(2785, 488, 0)","(2474.0, 488.0, 0)"
2953,590,3,x2_x1_x1,0.0,0.0,0.0,"(3459, 476, 0)","(3459.0, 476.0, 0)"
2954,590,4,XC1_x1_x1,-30213.21758188397,29097.0,1245941.690106904,"(3907, 308, 270)","(4371.0, 308.0, 270)"
2955,591,0,x3_x1_x1,0.0,0.0,0.0,"(3979, 1506, 270)","(4730.5, 1506.0, 270)"
2956,591,1,XC2_x1_x1,0.0,0.0,0.0,"(4753, 1497, 270)","(5540.0, 1497.0, 270)"
2957,591,2,XC1_x1_x1,0.0,0.0,0.0,"(286, 968, 90)","(286.0, 968.0, 90)"
2958,591,3,x1_x1_x1,0.0,0.0,0.0,"(1194, 1308, 90)","(1194.0, 1308.0, 90)"
2959,591,4,x2_x1_x1,-27594.132840651117,26653.0,885731.0237520415,"(3522, 1262, 270)","(3522.0, 1262.0, 270)"
2960,592,0,x2_x1_x1,0.0,0.0,0.0,"(1148, 2107, 0)","(1148.0, 2107.0, 0)"
2961,592,1,XC1_x1_x1,0.0,0.0,0.0,"(27, 1147, 90)","(27.0, 1147.0, 90)"
2962,592,2,x1_x1_x1,0.0,0.0,0.0,"(847, 4074, 270)","(847.0, 4074.0, 270)"
2963,592,3,x3_x1_x1,0.0,0.0,0.0,"(2478, 4192, 0)","(2478.0, 4192.0, 0)"
2964,592,4,XC2_x1_x1,-34338.303491682665,33357.5,961975.4892969019,"(4595, 633, 90)","(4595.0, 633.0, 90)"
2965,593,0,XC2_x1_x1,0.0,0.0,0.0,"(3698, 520, 90)","(3698.0, 520.0, 90)"
2966,593,1,x1_x1_x1,0.0,0.0,0.0,"(3331, 2079, 270)","(3331.0, 2079.0, 270)"
2967,593,2,x2_x1_x1,0.0,0.0,0.0,"(1209, 3281, 270)","(1209.0, 3281.0, 270)"
2968,593,3,x3_x1_x1,0.0,0.0,0.0,"(4016, 437, 90)","(4507.5, 437.0, 90)"
2969,593,4,XC1_x1_x1,-33185.144859037675,32202.0,966573.8138522086,"(735, 2463, 0)","(326.5, 2463.0, 0)"
2970,594,0,x2_x1_x1,0.0,0.0,0.0,"(3295, 1813, 0)","(3295.0, 1813.0, 0)"
2971,594,1,XC1_x1_x1,0.0,0.0,0.0,"(1183, 2820, 90)","(1183.0, 2820.0, 90)"
2972,594,2,x3_x1_x1,0.0,0.0,0.0,"(4350, 1529, 270)","(4703.5, 1529.0, 270)"
2973,594,3,XC2_x1_x1,0.0,0.0,0.0,"(2310, 1179, 270)","(2310.0, 1179.0, 270)"
2974,594,4,x1_x1_x1,-32483.150693693926,31328.0,1334373.1251415566,"(1674, 3630, 0)","(1674.0, 3630.0, 0)"
2975,595,0,x3_x1_x1,0.0,0.0,0.0,"(2167, 4400, 0)","(2167.0, 4983.5, 0)"
2976,595,1,XC2_x1_x1,0.0,0.0,0.0,"(2172, 1723, 90)","(2172.0, 1723.0, 90)"
2977,595,2,XC1_x1_x1,0.0,0.0,0.0,"(1613, 4101, 270)","(1613.0, 4101.0, 270)"
2978,595,3,x1_x1_x1,0.0,0.0,0.0,"(3857, 86, 270)","(3857.0, 86.0, 270)"
2979,595,4,x2_x1_x1,-45675.36383836504,44218.0,2123909.35737407,"(4832, 3321, 270)","(4832.0, 3321.0, 270)"
2980,596,0,XC1_x1_x1,0.0,0.0,0.0,"(19, 1303, 90)","(19.0, 1303.0, 90)"
2981,596,1,x2_x1_x1,0.0,0.0,0.0,"(685, 80, 0)","(685.0, 80.0, 0)"
2982,596,2,x1_x1_x1,0.0,0.0,0.0,"(1470, 673, 0)","(2002.0, 673.0, 0)"
2983,596,3,XC2_x1_x1,0.0,0.0,0.0,"(2421, 708, 90)","(2720.0, 708.0, 90)"
2984,596,4,x3_x1_x1,-36531.845728992965,35405.5,1268654.7012206852,"(666, 4282, 90)","(666.0, 4282.0, 90)"
2985,597,0,x2_x1_x1,0.0,0.0,0.0,"(2194, 829, 0)","(2194.0, 829.0, 0)"
2986,597,1,x3_x1_x1,0.0,0.0,0.0,"(4626, 3067, 270)","(4693.5, 3067.0, 270)"
2987,597,2,XC1_x1_x1,0.0,0.0,0.0,"(3811, 3923, 180)","(3811.0, 3923.0, 180)"
2988,597,3,XC2_x1_x1,0.0,0.0,0.0,"(3721, 671, 0)","(3721.0, 671.0, 0)"
2989,597,4,x1_x1_x1,-35092.813064316244,33873.0,1487943.9118765767,"(2800, 2147, 0)","(2800.0, 2147.0, 0)"
2990,598,0,x2_x1_x1,0.0,0.0,0.0,"(3342, 1838, 270)","(3342.0, 1838.0, 270)"
2991,598,1,x3_x1_x1,0.0,0.0,0.0,"(4225, 4553, 0)","(4225.0, 4553.0, 0)"
2992,598,2,x1_x1_x1,0.0,0.0,0.0,"(135, 401, 0)","(135.0, 401.0, 0)"
2993,598,3,XC1_x1_x1,0.0,0.0,0.0,"(2110, 4003, 90)","(2110.0, 4003.0, 90)"
2994,598,4,XC2_x1_x1,-49242.43594745019,47685.0,2425606.7304100753,"(1146, 1870, 180)","(1146.0, 1870.0, 180)"
2995,599,0,XC2_x1_x1,0.0,0.0,0.0,"(947, 4185, 0)","(947.0, 4585.5, 0)"
2996,599,1,x2_x1_x1,0.0,0.0,0.0,"(1453, 3776, 180)","(1453.0, 3776.0, 180)"
2997,599,2,XC1_x1_x1,0.0,0.0,0.0,"(1388, 2464, 180)","(1388.0, 2464.0, 180)"
2998,599,3,x3_x1_x1,0.0,0.0,0.0,"(4587, 2756, 270)","(4587.0, 2756.0, 270)"
2999,599,4,x1_x1_x1,-37942.035546599865,36585.5,1840188.689188991,"(4825, 3231, 90)","(5500.0, 3231.0, 90)"
3000,600,0,XC1_x1_x1,0.0,0.0,0.0,"(2924, 1970, 180)","(2924.0, 1970.0, 180)"
3001,600,1,XC2_x1_x1,0.0,0.0,0.0,"(4171, 3765, 270)","(4171.0, 3765.0, 270)"
3002,600,2,x2_x1_x1,0.0,0.0,0.0,"(4273, 2638, 180)","(4273.0, 2638.0, 180)"
3003,600,3,x1_x1_x1,0.0,0.0,0.0,"(2264, 1976, 90)","(2264.0, 1976.0, 90)"
3004,600,4,x3_x1_x1,-30625.414205982113,29446.0,1391017.8692724174,"(1921, 2050, 270)","(1253.5, 2050.0, 270)"
3005,601,0,XC2_x1_x1,0.0,0.0,0.0,"(3825, 1347, 90)","(3825.0, 1347.0, 90)"
3006,601,1,x2_x1_x1,0.0,0.0,0.0,"(1072, 1667, 90)","(1072.0, 1667.0, 90)"
3007,601,2,x1_x1_x1,0.0,0.0,0.0,"(258, 3382, 90)","(258.0, 3382.0, 90)"
3008,601,3,x3_x1_x1,0.0,0.0,0.0,"(2106, 3884, 0)","(2106.0, 3884.0, 0)"
3009,601,4,XC1_x1_x1,-39339.16754271259,37964.5,1889710.8529874687,"(4700, 4142, 0)","(4700.0, 4142.0, 0)"
3010,602,0,x1_x1_x1,0.0,0.0,0.0,"(4613, 1626, 180)","(4613.0, 1626.0, 180)"
3011,602,1,x3_x1_x1,0.0,0.0,0.0,"(345, 1162, 270)","(345.0, 1162.0, 270)"
3012,602,2,x2_x1_x1,0.0,0.0,0.0,"(2314, 2777, 0)","(2314.0, 2777.0, 0)"
3013,602,3,XC2_x1_x1,0.0,0.0,0.0,"(3927, 512, 90)","(3927.0, 512.0, 90)"
3014,602,4,XC1_x1_x1,-36919.08526515731,35901.0,1036497.6071304227,"(2339, 4613, 180)","(2339.0, 4613.0, 180)"
3015,603,0,x1_x1_x1,0.0,0.0,0.0,"(3721, 2930, 0)","(3721.0, 2930.0, 0)"
3016,603,1,x3_x1_x1,0.0,0.0,0.0,"(2532, 1085, 180)","(2532.0, 1085.0, 180)"
3017,603,2,XC1_x1_x1,0.0,0.0,0.0,"(93, 4076, 0)","(93.0, 4076.0, 0)"
3018,603,3,x2_x1_x1,0.0,0.0,0.0,"(1802, 4690, 270)","(1802.0, 4690.0, 270)"
3019,603,4,XC2_x1_x1,-36335.70242795382,35297.5,1077864.281409207,"(1105, 268, 90)","(1105.0, 268.0, 90)"
3020,604,0,x3_x1_x1,0.0,0.0,0.0,"(332, 2474, 180)","(332.0, 2474.0, 180)"
3021,604,1,XC2_x1_x1,0.0,0.0,0.0,"(551, 355, 270)","(551.0, 355.0, 270)"
3022,604,2,XC1_x1_x1,0.0,0.0,0.0,"(4279, 1364, 90)","(4279.0, 1364.0, 90)"
3023,604,3,x2_x1_x1,0.0,0.0,0.0,"(4794, 1704, 90)","(5088.5, 1704.0, 90)"
3024,604,4,x1_x1_x1,-39697.63311652151,38579.5,1250221.6662621065,"(1251, 4048, 90)","(1251.0, 4048.0, 90)"
3025,605,0,XC2_x1_x1,0.0,0.0,0.0,"(666, 4573, 90)","(666.0, 4573.0, 90)"
3026,605,1,XC1_x1_x1,0.0,0.0,0.0,"(3700, 4914, 0)","(3703.0, 4914.0, 0)"
3027,605,2,x3_x1_x1,0.0,0.0,0.0,"(1377, 1178, 90)","(1377.0, 1178.0, 90)"
3028,605,3,x2_x1_x1,0.0,0.0,0.0,"(2718, 4349, 0)","(2718.0, 4349.0, 0)"
3029,605,4,x1_x1_x1,-31878.704298140416,30916.5,925837.1113598928,"(1271, 3597, 0)","(1271.0, 3597.0, 0)"
3030,606,0,XC1_x1_x1,0.0,0.0,0.0,"(4460, 3379, 180)","(4460.0, 3379.0, 180)"
3031,606,1,XC2_x1_x1,0.0,0.0,0.0,"(642, 642, 90)","(492.0, 642.0, 90)"
3032,606,2,x3_x1_x1,0.0,0.0,0.0,"(1012, 2627, 90)","(1012.0, 2627.0, 90)"
3033,606,3,x2_x1_x1,0.0,0.0,0.0,"(2926, 1252, 270)","(2926.0, 1252.0, 270)"
3034,606,4,x1_x1_x1,-29446.633919415348,28520.0,858650.4206110529,"(1006, 874, 270)","(1006.0, 874.0, 270)"
3035,607,0,x3_x1_x1,0.0,0.0,0.0,"(2499, 2448, 0)","(2499.0, 2448.0, 0)"
3036,607,1,x2_x1_x1,0.0,0.0,0.0,"(3818, 65, 0)","(3818.0, -944.5, 0)"
3037,607,2,XC1_x1_x1,0.0,0.0,0.0,"(1248, 4694, 90)","(1248.0, 4694.0, 90)"
3038,607,3,XC2_x1_x1,0.0,0.0,0.0,"(811, 1548, 270)","(811.0, 1548.0, 270)"
3039,607,4,x1_x1_x1,-43238.33624390907,41848.0,1933034.8711271794,"(3977, 270, 90)","(3977.0, 270.0, 90)"
3040,608,0,XC1_x1_x1,0.0,0.0,0.0,"(4871, 4916, 270)","(4871.0, 4916.0, 270)"
3041,608,1,x1_x1_x1,0.0,0.0,0.0,"(3607, 3996, 0)","(3607.0, 3996.0, 0)"
3042,608,2,XC2_x1_x1,0.0,0.0,0.0,"(476, 4346, 180)","(476.0, 4346.0, 180)"
3043,608,3,x3_x1_x1,0.0,0.0,0.0,"(3258, 4841, 0)","(3258.0, 4879.5, 0)"
3044,608,4,x2_x1_x1,-46873.31569348328,45394.5,2186895.855292426,"(172, 1699, 0)","(172.0, 1699.0, 0)"
3045,609,0,x3_x1_x1,0.0,0.0,0.0,"(72, 108, 0)","(72.0, 108.0, 0)"
3046,609,1,XC2_x1_x1,0.0,0.0,0.0,"(4329, 3804, 270)","(4329.0, 3804.0, 270)"
3047,609,2,XC1_x1_x1,0.0,0.0,0.0,"(383, 3080, 180)","(383.0, 3080.0, 180)"
3048,609,3,x1_x1_x1,0.0,0.0,0.0,"(2455, 3832, 0)","(2455.0, 3832.0, 0)"
3049,609,4,x2_x1_x1,-47045.93371419402,45615.5,2046140.6107029035,"(1629, 4672, 0)","(1629.0, 4715.5, 0)"
3050,610,0,XC1_x1_x1,0.0,0.0,0.0,"(2052, 3999, 90)","(1885.0, 3999.0, 90)"
3051,610,1,x2_x1_x1,0.0,0.0,0.0,"(1747, 1713, 0)","(1747.0, 1713.0, 0)"
3052,610,2,XC2_x1_x1,0.0,0.0,0.0,"(439, 3597, 0)","(439.0, 3597.0, 0)"
3053,610,3,x1_x1_x1,0.0,0.0,0.0,"(2399, 3953, 270)","(2399.0, 3953.0, 270)"
3054,610,4,x3_x1_x1,-32177.534671813937,31167.0,1021180.3229381037,"(4295, 2907, 0)","(4295.0, 2907.0, 0)"
3055,611,0,x1_x1_x1,0.0,0.0,0.0,"(4650, 3264, 180)","(4834.0, 3264.0, 180)"
3056,611,1,x2_x1_x1,0.0,0.0,0.0,"(1389, 727, 180)","(1389.0, 727.0, 180)"
3057,611,2,XC2_x1_x1,0.0,0.0,0.0,"(4043, 3323, 180)","(4043.0, 3323.0, 180)"
3058,611,3,XC1_x1_x1,0.0,0.0,0.0,"(1129, 3256, 180)","(1129.0, 3317.0, 180)"
3059,611,4,x3_x1_x1,-35164.97597791762,33982.0,1399432.1643301377,"(1348, 2405, 270)","(1348.0, 2405.0, 270)"
3060,612,0,XC2_x1_x1,0.0,0.0,0.0,"(4590, 3466, 0)","(4590.0, 3466.0, 0)"
3061,612,1,XC1_x1_x1,0.0,0.0,0.0,"(4680, 4518, 180)","(4680.0, 4518.0, 180)"
3062,612,2,x2_x1_x1,0.0,0.0,0.0,"(4726, 1085, 270)","(4726.0, 1085.0, 270)"
3063,612,3,x3_x1_x1,0.0,0.0,0.0,"(2489, 2764, 270)","(2250.5, 2764.0, 270)"
3064,612,4,x1_x1_x1,-31537.013700109797,30531.5,1011057.8011084927,"(3465, 1890, 180)","(3465.0, 1890.0, 180)"
3065,613,0,x1_x1_x1,0.0,0.0,0.0,"(4636, 4263, 270)","(4636.0, 4263.0, 270)"
3066,613,1,XC2_x1_x1,0.0,0.0,0.0,"(1395, 783, 180)","(1395.0, 783.0, 180)"
3067,613,2,x2_x1_x1,0.0,0.0,0.0,"(4065, 1188, 180)","(4065.0, 1188.0, 180)"
3068,613,3,x3_x1_x1,0.0,0.0,0.0,"(740, 20, 0)","(740.0, -26.5, 0)"
3069,613,4,XC1_x1_x1,-46704.2208282054,45264.5,2072796.063168438,"(1320, 3531, 90)","(1320.0, 3531.0, 90)"
3070,614,0,x2_x1_x1,0.0,0.0,0.0,"(1205, 3609, 90)","(1205.0, 3609.0, 90)"
3071,614,1,x3_x1_x1,0.0,0.0,0.0,"(4473, 2304, 0)","(4722.0, 2304.0, 0)"
3072,614,2,x1_x1_x1,0.0,0.0,0.0,"(4628, 4023, 90)","(4628.0, 4023.0, 90)"
3073,614,3,XC2_x1_x1,0.0,0.0,0.0,"(3737, 2173, 180)","(3737.0, 2173.0, 180)"
3074,614,4,XC1_x1_x1,-34683.48852313033,33690.5,986026.2070685419,"(1192, 157, 0)","(1192.0, 157.0, 0)"
3075,615,0,XC2_x1_x1,0.0,0.0,0.0,"(1675, 4586, 0)","(1675.0, 5155.5, 0)"
3076,615,1,XC1_x1_x1,0.0,0.0,0.0,"(4148, 2304, 0)","(4148.0, 2304.0, 0)"
3077,615,2,x2_x1_x1,0.0,0.0,0.0,"(1989, 4346, 0)","(1989.0, 4346.0, 0)"
3078,615,3,x3_x1_x1,0.0,0.0,0.0,"(4904, 357, 180)","(4904.0, 357.0, 180)"
3079,615,4,x1_x1_x1,-49295.09405196351,47596.0,2886920.597417792,"(4025, 3492, 270)","(4025.0, 3492.0, 270)"
3080,616,0,x3_x1_x1,0.0,0.0,0.0,"(2083, 2073, 270)","(2083.0, 2073.0, 270)"
3081,616,1,XC2_x1_x1,0.0,0.0,0.0,"(2408, 230, 90)","(2408.0, 230.0, 90)"
3082,616,2,x1_x1_x1,0.0,0.0,0.0,"(1584, 1807, 90)","(1170.0, 663.0, 90)"
3083,616,3,x2_x1_x1,0.0,0.0,0.0,"(1760, 1780, 180)","(772.0, 1780.0, 180)"
3084,616,4,XC1_x1_x1,-25878.96447574727,24998.5,775217.693052914,"(2128, 4021, 270)","(2128.0, 4021.0, 270)"
3085,617,0,x1_x1_x1,0.0,0.0,0.0,"(693, 573, 270)","(693.0, 573.0, 270)"
3086,617,1,x3_x1_x1,0.0,0.0,0.0,"(2510, 3989, 180)","(2510.0, 3989.0, 180)"
3087,617,2,XC2_x1_x1,0.0,0.0,0.0,"(2679, 1617, 180)","(2679.0, 1617.0, 180)"
3088,617,3,x2_x1_x1,0.0,0.0,0.0,"(566, 3532, 0)","(566.0, 3532.0, 0)"
3089,617,4,XC1_x1_x1,-32936.4147584244,31823.5,1238579.259518843,"(1726, 2279, 180)","(1726.0, 2279.0, 180)"
3090,618,0,x3_x1_x1,0.0,0.0,0.0,"(1029, 6, 90)","(1029.0, 6.0, 90)"
3091,618,1,XC2_x1_x1,0.0,0.0,0.0,"(834, 1362, 0)","(834.0, 1362.0, 0)"
3092,618,2,x2_x1_x1,0.0,0.0,0.0,"(2550, 1712, 90)","(2550.0, 1712.0, 90)"
3093,618,3,x1_x1_x1,0.0,0.0,0.0,"(539, 1823, 90)","(539.0, 2080.0, 90)"
3094,618,4,XC1_x1_x1,-28978.086267055565,28053.5,854859.7652277445,"(1141, 4175, 270)","(1141.0, 4175.0, 270)"
3095,619,0,XC2_x1_x1,0.0,0.0,0.0,"(3263, 4843, 90)","(3263.0, 4843.0, 90)"
3096,619,1,x1_x1_x1,0.0,0.0,0.0,"(2454, 712, 90)","(2454.0, 712.0, 90)"
3097,619,2,x3_x1_x1,0.0,0.0,0.0,"(2175, 4157, 180)","(2175.0, 4157.0, 180)"
3098,619,3,x2_x1_x1,0.0,0.0,0.0,"(1675, 2446, 270)","(1675.0, 2446.0, 270)"
3099,619,4,XC1_x1_x1,-31041.200930071023,30121.0,846769.7517035743,"(4845, 1466, 270)","(4845.0, 1466.0, 270)"
3100,620,0,x3_x1_x1,0.0,0.0,0.0,"(163, 4557, 90)","(163.0, 4557.0, 90)"
3101,620,1,XC2_x1_x1,0.0,0.0,0.0,"(3696, 652, 270)","(3696.0, 652.0, 270)"
3102,620,2,XC1_x1_x1,0.0,0.0,0.0,"(2568, 2161, 270)","(2568.0, 2161.0, 270)"
3103,620,3,x1_x1_x1,0.0,0.0,0.0,"(2744, 2369, 90)","(3082.0, 2369.0, 90)"
3104,620,4,x2_x1_x1,-36681.03634961506,35455.5,1501939.3442278036,"(1874, 4618, 90)","(1874.0, 4618.0, 90)"
3105,621,0,x3_x1_x1,0.0,0.0,0.0,"(2603, 4132, 270)","(2603.0, 4132.0, 270)"
3106,621,1,x2_x1_x1,0.0,0.0,0.0,"(4505, 4191, 180)","(4505.0, 4191.0, 180)"
3107,621,2,x1_x1_x1,0.0,0.0,0.0,"(3197, 1071, 180)","(3197.0, 1071.0, 180)"
3108,621,3,XC1_x1_x1,0.0,0.0,0.0,"(2900, 4756, 0)","(2900.0, 5044.0, 0)"
3109,621,4,XC2_x1_x1,-33562.540948653106,32349.5,1471468.3431092298,"(4600, 2522, 270)","(4600.0, 2522.0, 270)"
3110,622,0,x1_x1_x1,0.0,0.0,0.0,"(912, 263, 270)","(912.0, 263.0, 270)"
3111,622,1,XC1_x1_x1,0.0,0.0,0.0,"(1093, 2897, 90)","(1093.0, 2897.0, 90)"
3112,622,2,XC2_x1_x1,0.0,0.0,0.0,"(1651, 1561, 180)","(1651.0, 1561.0, 180)"
3113,622,3,x3_x1_x1,0.0,0.0,0.0,"(4600, 3206, 180)","(4600.0, 3206.0, 180)"
3114,622,4,x2_x1_x1,-41436.157219725435,40235.0,1442778.6664985314,"(2071, 4075, 90)","(2071.0, 4075.0, 90)"
3115,623,0,XC1_x1_x1,0.0,0.0,0.0,"(4639, 937, 180)","(5267.0, 937.0, 180)"
3116,623,1,XC2_x1_x1,0.0,0.0,0.0,"(892, 264, 0)","(892.0, 264.0, 0)"
3117,623,2,x1_x1_x1,0.0,0.0,0.0,"(3501, 1422, 90)","(3501.0, 1422.0, 90)"
3118,623,3,x2_x1_x1,0.0,0.0,0.0,"(4307, 3995, 0)","(4307.0, 3995.0, 0)"
3119,623,4,x3_x1_x1,-31454.9640048205,30445.5,1019017.5770282445,"(3583, 1121, 90)","(4384.5, 1121.0, 90)"
3120,624,0,x2_x1_x1,0.0,0.0,0.0,"(1703, 3262, 270)","(1703.0, 3262.0, 270)"
3121,624,1,x3_x1_x1,0.0,0.0,0.0,"(594, 3127, 180)","(392.0, 3127.0, 180)"
3122,624,2,XC1_x1_x1,0.0,0.0,0.0,"(3770, 312, 0)","(3770.0, 312.0, 0)"
3123,624,3,XC2_x1_x1,0.0,0.0,0.0,"(3079, 1711, 90)","(3079.0, 1711.0, 90)"
3124,624,4,x1_x1_x1,-35724.23486743584,34566.0,1341508.0081441205,"(3349, 4055, 0)","(3349.0, 4055.0, 0)"
3125,625,0,x3_x1_x1,0.0,0.0,0.0,"(4610, 2837, 180)","(4610.0, 3749.5, 180)"
3126,625,1,XC2_x1_x1,0.0,0.0,0.0,"(1260, 775, 0)","(1260.0, 775.0, 0)"
3127,625,2,x1_x1_x1,0.0,0.0,0.0,"(4138, 2222, 270)","(4138.0, 2222.0, 270)"
3128,625,3,XC1_x1_x1,0.0,0.0,0.0,"(4152, 2822, 0)","(4152.0, 2940.0, 0)"
3129,625,4,x2_x1_x1,-36141.59640884975,34820.5,1745295.721475705,"(1680, 2453, 90)","(1680.0, 2453.0, 90)"
3130,626,0,x2_x1_x1,0.0,0.0,0.0,"(27, 3929, 180)","(27.0, 3929.0, 180)"
3131,626,1,XC1_x1_x1,0.0,0.0,0.0,"(3575, 2051, 270)","(3575.0, 2051.0, 270)"
3132,626,2,XC2_x1_x1,0.0,0.0,0.0,"(4684, 1244, 90)","(4684.0, 1244.0, 90)"
3133,626,3,x3_x1_x1,0.0,0.0,0.0,"(1959, 1860, 90)","(1959.0, 1860.0, 90)"
3134,626,4,x1_x1_x1,-39590.15691962233,38297.0,1672254.8187671045,"(3749, 3642, 180)","(3749.0, 3642.0, 180)"
3135,627,0,x2_x1_x1,0.0,0.0,0.0,"(156, 4791, 180)","(156.0, 4791.0, 180)"
3136,627,1,XC2_x1_x1,0.0,0.0,0.0,"(4034, 744, 270)","(4034.0, 744.0, 270)"
3137,627,2,XC1_x1_x1,0.0,0.0,0.0,"(4695, 3661, 0)","(4695.0, 3661.0, 0)"
3138,627,3,x3_x1_x1,0.0,0.0,0.0,"(3080, 1923, 0)","(3080.0, 1923.0, 0)"
3139,627,4,x1_x1_x1,-41366.6439442808,40177.0,1415252.7141639641,"(327, 3544, 90)","(327.0, 3544.0, 90)"
3140,628,0,x3_x1_x1,0.0,0.0,0.0,"(2200, 3304, 180)","(2200.0, 3304.0, 180)"
3141,628,1,x1_x1_x1,0.0,0.0,0.0,"(4149, 4255, 270)","(4149.0, 4255.0, 270)"
3142,628,2,XC2_x1_x1,0.0,0.0,0.0,"(874, 878, 180)","(874.0, 878.0, 180)"
3143,628,3,x2_x1_x1,0.0,0.0,0.0,"(4832, 4804, 270)","(5159.5, 4804.0, 270)"
3144,628,4,XC1_x1_x1,-40084.56074654312,38830.0,1573922.666766822,"(984, 2853, 180)","(984.0, 2853.0, 180)"
3145,629,0,XC2_x1_x1,0.0,0.0,0.0,"(4026, 1393, 0)","(4026.0, 1393.0, 0)"
3146,629,1,x1_x1_x1,0.0,0.0,0.0,"(1551, 2977, 0)","(1551.0, 2977.0, 0)"
3147,629,2,x3_x1_x1,0.0,0.0,0.0,"(2801, 3073, 270)","(2801.0, 3073.0, 270)"
3148,629,3,XC1_x1_x1,0.0,0.0,0.0,"(3877, 381, 270)","(3877.0, 381.0, 270)"
3149,629,4,x2_x1_x1,-27054.056121932314,26191.5,744003.0634829134,"(2526, 1097, 270)","(2526.0, 1097.0, 270)"
3150,630,0,x2_x1_x1,0.0,0.0,0.0,"(1592, 3464, 180)","(1592.0, 3464.0, 180)"
3151,630,1,x3_x1_x1,0.0,0.0,0.0,"(2771, 608, 180)","(2771.0, 608.0, 180)"
3152,630,2,XC1_x1_x1,0.0,0.0,0.0,"(3426, 2593, 180)","(3426.0, 2593.0, 180)"
3153,630,3,x1_x1_x1,0.0,0.0,0.0,"(3856, 1951, 90)","(3856.0, 1875.0, 90)"
3154,630,4,XC2_x1_x1,-33080.501079715206,31868.0,1470158.8683105407,"(2706, 3754, 0)","(2706.0, 3754.0, 0)"
3155,631,0,x2_x1_x1,0.0,0.0,0.0,"(3076, 1958, 90)","(4183.5, 1958.0, 90)"
3156,631,1,x3_x1_x1,0.0,0.0,0.0,"(2975, 2130, 270)","(2975.0, 2130.0, 270)"
3157,631,2,XC1_x1_x1,0.0,0.0,0.0,"(897, 4215, 180)","(897.0, 4215.0, 180)"
3158,631,3,x1_x1_x1,0.0,0.0,0.0,"(2644, 912, 0)","(2644.0, 912.0, 0)"
3159,631,4,XC2_x1_x1,-29452.101752820414,28426.5,1051858.9553883048,"(2170, 3378, 90)","(2170.0, 3378.0, 90)"
3160,632,0,x3_x1_x1,0.0,0.0,0.0,"(4201, 1746, 0)","(4201.0, 1746.0, 0)"
3161,632,1,XC1_x1_x1,0.0,0.0,0.0,"(3543, 3163, 180)","(3543.0, 3163.0, 180)"
3162,632,2,x2_x1_x1,0.0,0.0,0.0,"(2500, 1442, 0)","(2500.0, 1442.0, 0)"
3163,632,3,x1_x1_x1,0.0,0.0,0.0,"(915, 420, 180)","(915.0, 420.0, 180)"
3164,632,4,XC2_x1_x1,-35137.09960774403,34041.5,1200338.5004888636,"(4384, 4468, 90)","(4384.0, 4468.0, 90)"
3165,633,0,XC1_x1_x1,0.0,0.0,0.0,"(1280, 3901, 0)","(1280.0, 3901.0, 0)"
3166,633,1,x1_x1_x1,0.0,0.0,0.0,"(4586, 3777, 180)","(4586.0, 3777.0, 180)"
3167,633,2,XC2_x1_x1,0.0,0.0,0.0,"(1685, 931, 90)","(1685.0, 931.0, 90)"
3168,633,3,x2_x1_x1,0.0,0.0,0.0,"(4184, 2759, 90)","(4184.0, 2759.0, 90)"
3169,633,4,x3_x1_x1,-32339.070167696686,31513.5,681566.1017907364,"(4651, 496, 180)","(4651.0, 496.0, 180)"
3170,634,0,XC1_x1_x1,0.0,0.0,0.0,"(3206, 4685, 270)","(3206.0, 4685.0, 270)"
3171,634,1,x2_x1_x1,0.0,0.0,0.0,"(3907, 3287, 90)","(4119.5, 3287.0, 90)"
3172,634,2,XC2_x1_x1,0.0,0.0,0.0,"(4824, 2517, 90)","(4929.0, 2517.0, 90)"
3173,634,3,x3_x1_x1,0.0,0.0,0.0,"(2911, 2435, 90)","(2911.0, 2435.0, 90)"
3174,634,4,x1_x1_x1,-30488.727765986947,29393.0,1200619.3371547447,"(1333, 4037, 180)","(1333.0, 4037.0, 180)"
3175,635,0,XC1_x1_x1,0.0,0.0,0.0,"(796, 3407, 0)","(796.0, 3407.0, 0)"
3176,635,1,x1_x1_x1,0.0,0.0,0.0,"(4761, 4340, 270)","(4761.0, 4340.0, 270)"
3177,635,2,x2_x1_x1,0.0,0.0,0.0,"(472, 3316, 90)","(-86.5, 3316.0, 90)"
3178,635,3,XC2_x1_x1,0.0,0.0,0.0,"(1122, 172, 90)","(1122.0, -546.5, 90)"
3179,635,4,x3_x1_x1,-43075.27337797099,41952.5,1260620.0582803783,"(976, 336, 0)","(976.0, 336.0, 0)"
3180,636,0,XC1_x1_x1,0.0,0.0,0.0,"(139, 512, 90)","(139.0, 512.0, 90)"
3181,636,1,x1_x1_x1,0.0,0.0,0.0,"(2689, 1389, 0)","(2689.0, 1389.0, 0)"
3182,636,2,XC2_x1_x1,0.0,0.0,0.0,"(493, 4855, 90)","(493.0, 5148.0, 90)"
3183,636,3,x3_x1_x1,0.0,0.0,0.0,"(632, 4163, 270)","(632.0, 4163.0, 270)"
3184,636,4,x2_x1_x1,-40109.69495670749,38760.0,1821676.4761616418,"(3462, 4087, 90)","(3462.0, 4087.0, 90)"
3185,637,0,XC1_x1_x1,0.0,0.0,0.0,"(1598, 496, 180)","(1598.0, -10.5, 180)"
3186,637,1,x1_x1_x1,0.0,0.0,0.0,"(762, 393, 180)","(295.0, -408.0, 180)"
3187,637,2,x3_x1_x1,0.0,0.0,0.0,"(735, 578, 270)","(203.5, 578.0, 270)"
3188,637,3,XC2_x1_x1,0.0,0.0,0.0,"(2579, 606, 270)","(2579.0, 606.0, 270)"
3189,637,4,x2_x1_x1,-21692.432208570553,20783.0,827066.9419855133,"(1485, 799, 0)","(1485.0, 799.0, 0)"
3190,638,0,x2_x1_x1,0.0,0.0,0.0,"(337, 4568, 270)","(337.0, 4568.0, 270)"
3191,638,1,XC1_x1_x1,0.0,0.0,0.0,"(925, 2234, 90)","(925.0, 2234.0, 90)"
3192,638,2,XC2_x1_x1,0.0,0.0,0.0,"(1268, 3550, 180)","(1268.0, 3550.0, 180)"
3193,638,3,x3_x1_x1,0.0,0.0,0.0,"(1783, 1132, 270)","(1783.0, 1132.0, 270)"
3194,638,4,x1_x1_x1,-37182.19168404591,36039.5,1305744.2847876796,"(1482, 290, 180)","(1482.0, 146.0, 180)"
3195,639,0,x3_x1_x1,0.0,0.0,0.0,"(312, 3690, 180)","(312.0, 3690.0, 180)"
3196,639,1,x2_x1_x1,0.0,0.0,0.0,"(1019, 49, 90)","(1019.0, 49.0, 90)"
3197,639,2,XC2_x1_x1,0.0,0.0,0.0,"(1767, 4190, 270)","(1767.0, 4190.0, 270)"
3198,639,3,x1_x1_x1,0.0,0.0,0.0,"(2283, 2445, 90)","(2283.0, 2899.0, 90)"
3199,639,4,XC1_x1_x1,-32788.848084487625,31829.0,921308.3452945612,"(2347, 2181, 180)","(2347.0, 2181.0, 180)"
3200,640,0,XC1_x1_x1,0.0,0.0,0.0,"(1561, 3785, 90)","(1561.0, 3785.0, 90)"
3201,640,1,x1_x1_x1,0.0,0.0,0.0,"(1219, 3884, 90)","(1047.0, 3884.0, 90)"
3202,640,2,x2_x1_x1,0.0,0.0,0.0,"(2915, 1770, 90)","(2915.0, 1770.0, 90)"
3203,640,3,XC2_x1_x1,0.0,0.0,0.0,"(4083, 405, 180)","(4083.0, 0.5, 180)"
3204,640,4,x3_x1_x1,-36073.531243535566,34864.5,1461756.5478451496,"(4081, 810, 180)","(4226.0, 810.0, 180)"
3205,641,0,XC2_x1_x1,0.0,0.0,0.0,"(1749, 4474, 180)","(1749.0, 4474.0, 180)"
3206,641,1,x1_x1_x1,0.0,0.0,0.0,"(3650, 741, 0)","(3650.0, 741.0, 0)"
3207,641,2,x2_x1_x1,0.0,0.0,0.0,"(1280, 2214, 180)","(1280.0, 2214.0, 180)"
3208,641,3,x3_x1_x1,0.0,0.0,0.0,"(1393, 1523, 0)","(1393.0, 1005.5, 0)"
3209,641,4,XC1_x1_x1,-30500.268007604904,29503.0,994543.4789922539,"(1386, 3170, 90)","(1386.0, 3170.0, 90)"
3210,642,0,XC1_x1_x1,0.0,0.0,0.0,"(4913, 2538, 180)","(4913.0, 2599.5, 180)"
3211,642,1,x3_x1_x1,0.0,0.0,0.0,"(1665, 4469, 90)","(1665.0, 4469.0, 90)"
3212,642,2,x1_x1_x1,0.0,0.0,0.0,"(4091, 4399, 90)","(4091.0, 4399.0, 90)"
3213,642,3,x2_x1_x1,0.0,0.0,0.0,"(4765, 1790, 0)","(4765.0, 1790.0, 0)"
3214,642,4,XC2_x1_x1,-38666.67949750556,37604.5,1128225.2849211656,"(1100, 12, 90)","(1100.0, 12.0, 90)"
3215,643,0,x3_x1_x1,0.0,0.0,0.0,"(1268, 3325, 0)","(1268.0, 3325.0, 0)"
3216,643,1,x1_x1_x1,0.0,0.0,0.0,"(4082, 1600, 270)","(4082.0, 1600.0, 270)"
3217,643,2,XC2_x1_x1,0.0,0.0,0.0,"(3760, 4687, 0)","(3760.0, 4687.0, 0)"
3218,643,3,XC1_x1_x1,0.0,0.0,0.0,"(2618, 2791, 90)","(2618.0, 2791.0, 90)"
3219,643,4,x2_x1_x1,-40193.4034247145,38936.5,1579806.2190590405,"(4386, 509, 0)","(4386.0, 509.0, 0)"
3220,644,0,x2_x1_x1,0.0,0.0,0.0,"(4070, 3635, 180)","(4070.0, 3635.0, 180)"
3221,644,1,XC1_x1_x1,0.0,0.0,0.0,"(1633, 1964, 0)","(1633.0, 1424.0, 0)"
3222,644,2,XC2_x1_x1,0.0,0.0,0.0,"(315, 3786, 270)","(315.0, 3786.0, 270)"
3223,644,3,x3_x1_x1,0.0,0.0,0.0,"(1865, 2336, 90)","(1865.0, 2336.0, 90)"
3224,644,4,x1_x1_x1,-30291.107132930876,29256.5,1070411.9195114484,"(2849, 3020, 270)","(2849.0, 3020.0, 270)"
3225,645,0,x2_x1_x1,0.0,0.0,0.0,"(50, 1784, 0)","(50.0, 1784.0, 0)"
3226,645,1,x1_x1_x1,0.0,0.0,0.0,"(2338, 590, 90)","(2681.0, 590.0, 90)"
3227,645,2,XC1_x1_x1,0.0,0.0,0.0,"(3628, 3088, 90)","(3628.0, 3088.0, 90)"
3228,645,3,XC2_x1_x1,0.0,0.0,0.0,"(3007, 1987, 90)","(3007.0, 1987.0, 90)"
3229,645,4,x3_x1_x1,-29086.9642312342,28102.5,969169.8225795445,"(1768, 1275, 270)","(1768.0, 1275.0, 270)"
3230,646,0,XC2_x1_x1,0.0,0.0,0.0,"(574, 3607, 270)","(574.0, 3607.0, 270)"
3231,646,1,x1_x1_x1,0.0,0.0,0.0,"(328, 2571, 90)","(328.0, 2571.0, 90)"
3232,646,2,x3_x1_x1,0.0,0.0,0.0,"(3076, 1012, 90)","(3076.0, 1012.0, 90)"
3233,646,3,XC1_x1_x1,0.0,0.0,0.0,"(2791, 2335, 0)","(2791.0, 2335.0, 0)"
3234,646,4,x2_x1_x1,-41349.457568461345,40050.0,1688589.9722314675,"(4872, 615, 0)","(4872.0, 615.0, 0)"
3235,647,0,x2_x1_x1,0.0,0.0,0.0,"(335, 2487, 90)","(309.5, 2487.0, 90)"
3236,647,1,x3_x1_x1,0.0,0.0,0.0,"(1518, 3428, 90)","(1518.0, 3428.0, 90)"
3237,647,2,XC2_x1_x1,0.0,0.0,0.0,"(3303, 981, 90)","(3303.0, 981.0, 90)"
3238,647,3,x1_x1_x1,0.0,0.0,0.0,"(2209, 1976, 0)","(2209.0, 1976.0, 0)"
3239,647,4,XC1_x1_x1,-33357.52684327788,32254.0,1217771.4938348513,"(4094, 4671, 270)","(4094.0, 4671.0, 270)"
3240,648,0,XC1_x1_x1,0.0,0.0,0.0,"(2006, 208, 0)","(2006.0, 208.0, 0)"
3241,648,1,x2_x1_x1,0.0,0.0,0.0,"(1408, 725, 0)","(1021.0, 725.0, 0)"
3242,648,2,XC2_x1_x1,0.0,0.0,0.0,"(3833, 2186, 90)","(3833.0, 2186.0, 90)"
3243,648,3,x1_x1_x1,0.0,0.0,0.0,"(4617, 433, 90)","(5043.0, 433.0, 90)"
3244,648,4,x3_x1_x1,-28756.51208477784,27855.0,812724.0390004934,"(4057, 941, 180)","(4057.0, 941.0, 180)"
3245,649,0,x1_x1_x1,0.0,0.0,0.0,"(974, 884, 0)","(974.0, 884.0, 0)"
3246,649,1,XC2_x1_x1,0.0,0.0,0.0,"(575, 442, 270)","(575.0, 297.0, 270)"
3247,649,2,x3_x1_x1,0.0,0.0,0.0,"(2337, 1037, 0)","(2337.0, 1037.0, 0)"
3248,649,3,x2_x1_x1,0.0,0.0,0.0,"(4461, 1898, 270)","(4461.0, 1898.0, 270)"
3249,649,4,XC1_x1_x1,-31086.89897946401,30122.0,931030.0405706913,"(2243, 3532, 270)","(2243.0, 3532.0, 270)"
3250,650,0,x3_x1_x1,0.0,0.0,0.0,"(2560, 2963, 0)","(2560.0, 2963.0, 0)"
3251,650,1,XC2_x1_x1,0.0,0.0,0.0,"(1404, 2817, 180)","(1404.0, 2817.0, 180)"
3252,650,2,XC1_x1_x1,0.0,0.0,0.0,"(1434, 3780, 90)","(1434.0, 3780.0, 90)"
3253,650,3,x2_x1_x1,0.0,0.0,0.0,"(2518, 1748, 90)","(2518.0, 1652.0, 90)"
3254,650,4,x1_x1_x1,-32600.66824555041,31470.5,1277280.2632504888,"(19, 4649, 270)","(19.0, 4649.0, 270)"
3255,651,0,XC2_x1_x1,0.0,0.0,0.0,"(4546, 1947, 180)","(4546.0, 1947.0, 180)"
3256,651,1,XC1_x1_x1,0.0,0.0,0.0,"(1454, 2599, 90)","(1454.0, 2599.0, 90)"
3257,651,2,x1_x1_x1,0.0,0.0,0.0,"(3209, 863, 0)","(3209.0, 863.0, 0)"
3258,651,3,x2_x1_x1,0.0,0.0,0.0,"(3290, 2669, 0)","(3290.0, 2669.0, 0)"
3259,651,4,x3_x1_x1,-32421.301782639868,31469.5,905926.6334364322,"(4020, 4831, 270)","(4020.0, 4831.0, 270)"
3260,652,0,XC2_x1_x1,0.0,0.0,0.0,"(1495, 3291, 0)","(1495.0, 3291.0, 0)"
3261,652,1,x1_x1_x1,0.0,0.0,0.0,"(137, 4259, 0)","(137.0, 4259.0, 0)"
3262,652,2,x3_x1_x1,0.0,0.0,0.0,"(3445, 2344, 0)","(3445.0, 2344.0, 0)"
3263,652,3,XC1_x1_x1,0.0,0.0,0.0,"(1349, 871, 90)","(1349.0, 871.0, 90)"
3264,652,4,x2_x1_x1,-40411.03439199333,39203.0,1459347.0922386926,"(3916, 524, 0)","(3916.0, 524.0, 0)"
3265,653,0,x2_x1_x1,0.0,0.0,0.0,"(2659, 3336, 270)","(2659.0, 3336.0, 270)"
3266,653,1,x1_x1_x1,0.0,0.0,0.0,"(4453, 2778, 0)","(4453.0, 2778.0, 0)"
3267,653,2,XC1_x1_x1,0.0,0.0,0.0,"(4769, 1959, 0)","(4769.0, 1959.0, 0)"
3268,653,3,XC2_x1_x1,0.0,0.0,0.0,"(76, 2610, 0)","(76.0, 2610.0, 0)"
3269,653,4,x3_x1_x1,-33724.43473639614,32624.5,1209856.4243308501,"(3146, 998, 270)","(3146.0, 998.0, 270)"
3270,654,0,XC1_x1_x1,0.0,0.0,0.0,"(2672, 2813, 270)","(2672.0, 2813.0, 270)"
3271,654,1,x3_x1_x1,0.0,0.0,0.0,"(2380, 1779, 270)","(2380.0, 1779.0, 270)"
3272,654,2,XC2_x1_x1,0.0,0.0,0.0,"(4230, 3876, 0)","(4230.0, 3876.0, 0)"
3273,654,3,x2_x1_x1,0.0,0.0,0.0,"(591, 49, 270)","(591.0, 49.0, 270)"
3274,654,4,x1_x1_x1,-40225.5903354378,39028.5,1433025.2711985966,"(106, 3956, 90)","(106.0, 3956.0, 90)"
3275,655,0,XC1_x1_x1,0.0,0.0,0.0,"(1102, 3260, 180)","(1102.0, 3260.0, 180)"
3276,655,1,x3_x1_x1,0.0,0.0,0.0,"(4696, 4091, 270)","(4696.0, 4091.0, 270)"
3277,655,2,x1_x1_x1,0.0,0.0,0.0,"(3549, 4730, 90)","(3549.0, 4730.0, 90)"
3278,655,3,x2_x1_x1,0.0,0.0,0.0,"(3948, 1357, 270)","(3948.0, 1357.0, 270)"
3279,655,4,XC2_x1_x1,-38080.312338347176,36887.5,1422801.2745132516,"(3005, 953, 90)","(3005.0, 953.0, 90)"
3280,656,0,XC1_x1_x1,0.0,0.0,0.0,"(2381, 2038, 0)","(2381.0, 2038.0, 0)"
3281,656,1,XC2_x1_x1,0.0,0.0,0.0,"(1037, 2166, 180)","(1037.0, 2166.0, 180)"
3282,656,2,x1_x1_x1,0.0,0.0,0.0,"(4277, 1393, 0)","(4277.0, 1083.0, 0)"
3283,656,3,x2_x1_x1,0.0,0.0,0.0,"(3571, 1996, 0)","(3571.0, 1996.0, 0)"
3284,656,4,x3_x1_x1,-27811.050632619423,26849.0,925541.4197234287,"(4118, 2829, 270)","(4118.0, 3307.0, 270)"
3285,657,0,x2_x1_x1,0.0,0.0,0.0,"(3520, 3887, 0)","(3114.0, 3887.0, 0)"
3286,657,1,XC2_x1_x1,0.0,0.0,0.0,"(4532, 4736, 90)","(4532.0, 4736.0, 90)"
3287,657,2,x3_x1_x1,0.0,0.0,0.0,"(1424, 369, 0)","(1424.0, 369.0, 0)"
3288,657,3,XC1_x1_x1,0.0,0.0,0.0,"(4026, 3507, 270)","(4026.0, 3507.0, 270)"
3289,657,4,x1_x1_x1,-47779.353674495986,46204.0,2481739.199748004,"(1310, 43, 90)","(1310.0, -748.0, 90)"
3290,658,0,x2_x1_x1,0.0,0.0,0.0,"(1808, 170, 180)","(1808.0, 170.0, 180)"
3291,658,1,x1_x1_x1,0.0,0.0,0.0,"(3474, 1253, 270)","(3474.0, 1253.0, 270)"
3292,658,2,x3_x1_x1,0.0,0.0,0.0,"(1641, 2307, 180)","(1641.0, 2307.0, 180)"
3293,658,3,XC2_x1_x1,0.0,0.0,0.0,"(500, 126, 270)","(500.0, 126.0, 270)"
3294,658,4,XC1_x1_x1,-32914.71549554069,31715.5,1438117.804744893,"(4779, 2704, 90)","(4779.0, 2704.0, 90)"
3295,659,0,x2_x1_x1,0.0,0.0,0.0,"(2384, 1642, 0)","(2384.0, 1642.0, 0)"
3296,659,1,x3_x1_x1,0.0,0.0,0.0,"(524, 1100, 180)","(524.0, 1100.0, 180)"
3297,659,2,XC1_x1_x1,0.0,0.0,0.0,"(1089, 1956, 0)","(1089.0, 1956.0, 0)"
3298,659,3,x1_x1_x1,0.0,0.0,0.0,"(978, 4871, 90)","(978.0, 4871.0, 90)"
3299,659,4,XC2_x1_x1,-31496.37504095516,30528.5,936782.0949039542,"(1187, 2559, 180)","(1187.0, 2559.0, 180)"
3300,660,0,x1_x1_x1,0.0,0.0,0.0,"(4710, 144, 0)","(4710.0, 144.0, 0)"
3301,660,1,XC1_x1_x1,0.0,0.0,0.0,"(1593, 1581, 270)","(1563.0, 1581.0, 270)"
3302,660,2,XC2_x1_x1,0.0,0.0,0.0,"(3475, 1840, 180)","(3475.0, 1840.0, 180)"
3303,660,3,x3_x1_x1,0.0,0.0,0.0,"(251, 4906, 90)","(251.0, 4906.0, 90)"
3304,660,4,x2_x1_x1,-48785.80942384395,47376.5,1986153.0521353774,"(2475, 2240, 0)","(2475.0, 2240.0, 0)"
3305,661,0,x2_x1_x1,0.0,0.0,0.0,"(4720, 4764, 270)","(4720.0, 4764.0, 270)"
3306,661,1,XC2_x1_x1,0.0,0.0,0.0,"(917, 4752, 90)","(917.0, 4752.0, 90)"
3307,661,2,XC1_x1_x1,0.0,0.0,0.0,"(4233, 310, 0)","(4233.0, 310.0, 0)"
3308,661,3,x1_x1_x1,0.0,0.0,0.0,"(2177, 4608, 0)","(2177.0, 4608.0, 0)"
3309,661,4,x3_x1_x1,-35897.33432370724,34918.5,958116.6332674058,"(2756, 2918, 270)","(2756.0, 2918.0, 270)"
3310,662,0,x1_x1_x1,0.0,0.0,0.0,"(3593, 3424, 270)","(3593.0, 3678.0, 270)"
3311,662,1,XC1_x1_x1,0.0,0.0,0.0,"(1961, 2524, 180)","(1961.0, 2524.0, 180)"
3312,662,2,XC2_x1_x1,0.0,0.0,0.0,"(439, 2381, 270)","(439.0, 2381.0, 270)"
3313,662,3,x3_x1_x1,0.0,0.0,0.0,"(1092, 412, 180)","(1092.0, 412.0, 180)"
3314,662,4,x2_x1_x1,-32374.813505445323,31296.5,1162760.0160257833,"(3011, 2561, 0)","(3011.0, 2561.0, 0)"
3315,663,0,x1_x1_x1,0.0,0.0,0.0,"(156, 1196, 180)","(156.0, 1196.0, 180)"
3316,663,1,XC2_x1_x1,0.0,0.0,0.0,"(2314, 4253, 90)","(2314.0, 4253.0, 90)"
3317,663,2,x2_x1_x1,0.0,0.0,0.0,"(226, 4091, 0)","(226.0, 4091.0, 0)"
3318,663,3,x3_x1_x1,0.0,0.0,0.0,"(4867, 3729, 0)","(4867.0, 3729.0, 0)"
3319,663,4,XC1_x1_x1,-51248.62670022606,49625.5,2634540.2849867176,"(4176, 842, 180)","(4176.0, 842.0, 180)"
3320,664,0,XC1_x1_x1,0.0,0.0,0.0,"(3126, 1052, 270)","(2654.0, 1052.0, 270)"
3321,664,1,x3_x1_x1,0.0,0.0,0.0,"(4456, 1151, 0)","(4456.0, 1151.0, 0)"
3322,664,2,x2_x1_x1,0.0,0.0,0.0,"(2522, 2864, 270)","(2522.0, 2864.0, 270)"
3323,664,3,XC2_x1_x1,0.0,0.0,0.0,"(3287, 1158, 0)","(3287.0, 1158.0, 0)"
3324,664,4,x1_x1_x1,-29866.594452343343,28801.0,1135491.536864907,"(4656, 126, 90)","(4656.0, 34.0, 90)"
3325,665,0,XC1_x1_x1,0.0,0.0,0.0,"(389, 2332, 180)","(389.0, 2332.0, 180)"
3326,665,1,XC2_x1_x1,0.0,0.0,0.0,"(314, 3570, 90)","(104.5, 3570.0, 90)"
3327,665,2,x2_x1_x1,0.0,0.0,0.0,"(914, 3643, 90)","(914.0, 3643.0, 90)"
3328,665,3,x1_x1_x1,0.0,0.0,0.0,"(4920, 1318, 270)","(4920.0, 1318.0, 270)"
3329,665,4,x3_x1_x1,-40414.23257286357,39058.5,1838010.8091232795,"(3097, 1692, 90)","(3097.0, 1692.0, 90)"
3330,666,0,x2_x1_x1,0.0,0.0,0.0,"(267, 2343, 0)","(267.0, 2343.0, 0)"
3331,666,1,x3_x1_x1,0.0,0.0,0.0,"(3044, 4260, 270)","(3044.0, 4547.0, 270)"
3332,666,2,XC1_x1_x1,0.0,0.0,0.0,"(4048, 1045, 90)","(4048.0, 1045.0, 90)"
3333,666,3,x1_x1_x1,0.0,0.0,0.0,"(4678, 4341, 180)","(4678.0, 4341.0, 180)"
3334,666,4,XC2_x1_x1,-38938.85876314032,37843.5,1199810.8199882968,"(2832, 3562, 270)","(2832.0, 3562.0, 270)"
3335,667,0,x2_x1_x1,0.0,0.0,0.0,"(4140, 4416, 90)","(4140.0, 5462.0, 90)"
3336,667,1,x1_x1_x1,0.0,0.0,0.0,"(2736, 3753, 270)","(2736.0, 3753.0, 270)"
3337,667,2,XC2_x1_x1,0.0,0.0,0.0,"(49, 1519, 270)","(49.0, 1519.0, 270)"
3338,667,3,x3_x1_x1,0.0,0.0,0.0,"(4051, 4151, 0)","(4051.0, 4151.0, 0)"
3339,667,4,XC1_x1_x1,-36333.44150757716,35377.5,913824.1659088994,"(3670, 1021, 0)","(3670.0, 1021.0, 0)"
3340,668,0,x2_x1_x1,0.0,0.0,0.0,"(4312, 3900, 90)","(4312.0, 4017.0, 90)"
3341,668,1,XC2_x1_x1,0.0,0.0,0.0,"(1984, 87, 90)","(1984.0, 87.0, 90)"
3342,668,2,x3_x1_x1,0.0,0.0,0.0,"(3719, 2706, 0)","(3719.0, 2706.0, 0)"
3343,668,3,x1_x1_x1,0.0,0.0,0.0,"(4577, 3848, 180)","(5429.0, 3848.0, 180)"
3344,668,4,XC1_x1_x1,-27783.69541146862,27034.5,561293.7645656345,"(4879, 4822, 90)","(4879.0, 5002.0, 90)"
3345,669,0,x1_x1_x1,0.0,0.0,0.0,"(2180, 748, 0)","(2180.0, 748.0, 0)"
3346,669,1,x3_x1_x1,0.0,0.0,0.0,"(4353, 38, 0)","(4353.0, 38.0, 0)"
3347,669,2,XC2_x1_x1,0.0,0.0,0.0,"(4653, 898, 180)","(4653.0, 898.0, 180)"
3348,669,3,XC1_x1_x1,0.0,0.0,0.0,"(2439, 4707, 90)","(2439.0, 4707.0, 90)"
3349,669,4,x2_x1_x1,-27717.82093346211,26933.0,615943.8976003384,"(2296, 1987, 180)","(2296.0, 1987.0, 180)"
3350,670,0,XC1_x1_x1,0.0,0.0,0.0,"(3012, 205, 180)","(3012.0, 205.0, 180)"
3351,670,1,x3_x1_x1,0.0,0.0,0.0,"(3509, 2145, 0)","(3509.0, 2145.0, 0)"
3352,670,2,x1_x1_x1,0.0,0.0,0.0,"(2338, 2929, 90)","(2338.0, 2929.0, 90)"
3353,670,3,XC2_x1_x1,0.0,0.0,0.0,"(4818, 3304, 90)","(4818.0, 3304.0, 90)"
3354,670,4,x2_x1_x1,-33463.36849866587,32409.5,1110638.812480262,"(762, 3864, 90)","(762.0, 3864.0, 90)"
3355,671,0,XC1_x1_x1,0.0,0.0,0.0,"(2492, 3913, 180)","(2492.0, 3913.0, 180)"
3356,671,1,x1_x1_x1,0.0,0.0,0.0,"(1689, 439, 0)","(1689.0, 439.0, 0)"
3357,671,2,XC2_x1_x1,0.0,0.0,0.0,"(331, 323, 180)","(331.0, 323.0, 180)"
3358,671,3,x3_x1_x1,0.0,0.0,0.0,"(3813, 1131, 90)","(3813.0, 1131.0, 90)"
3359,671,4,x2_x1_x1,-35230.308589530025,34209.5,1042050.1764582747,"(4672, 3137, 180)","(4672.0, 3137.0, 180)"
3360,672,0,XC2_x1_x1,0.0,0.0,0.0,"(1881, 3538, 270)","(1881.0, 3538.0, 270)"
3361,672,1,XC1_x1_x1,0.0,0.0,0.0,"(4844, 335, 90)","(4844.0, 335.0, 90)"
3362,672,2,x2_x1_x1,0.0,0.0,0.0,"(1826, 450, 0)","(1802.0, 450.0, 0)"
3363,672,3,x1_x1_x1,0.0,0.0,0.0,"(2788, 1429, 270)","(2788.0, 1429.0, 270)"
3364,672,4,x3_x1_x1,-24842.32131686275,24203.5,408092.6748782606,"(1178, 1934, 0)","(1178.0, 1934.0, 0)"
3365,673,0,XC1_x1_x1,0.0,0.0,0.0,"(4106, 3060, 0)","(4106.0, 3060.0, 0)"
3366,673,1,x1_x1_x1,0.0,0.0,0.0,"(3527, 545, 0)","(3527.0, 545.0, 0)"
3367,673,2,x2_x1_x1,0.0,0.0,0.0,"(2356, 2762, 270)","(2356.0, 2762.0, 270)"
3368,673,3,x3_x1_x1,0.0,0.0,0.0,"(18, 450, 270)","(18.0, 450.0, 270)"
3369,673,4,XC2_x1_x1,-41834.94628280405,40582.5,1568621.6913096705,"(2258, 4888, 90)","(2258.0, 4888.0, 90)"
3370,674,0,x2_x1_x1,0.0,0.0,0.0,"(905, 755, 90)","(905.0, 755.0, 90)"
3371,674,1,XC2_x1_x1,0.0,0.0,0.0,"(584, 328, 90)","(95.5, 328.0, 90)"
3372,674,2,x1_x1_x1,0.0,0.0,0.0,"(3792, 1214, 90)","(3792.0, 1214.0, 90)"
3373,674,3,XC1_x1_x1,0.0,0.0,0.0,"(288, 783, 270)","(95.5, 1034.0, 270)"
3374,674,4,x3_x1_x1,-26733.6451739968,25928.0,649064.1463843336,"(748, 1564, 90)","(748.0, 2139.0, 90)"
3375,675,0,x1_x1_x1,0.0,0.0,0.0,"(1207, 2292, 90)","(1207.0, 2292.0, 90)"
3376,675,1,x2_x1_x1,0.0,0.0,0.0,"(7, 4359, 180)","(7.0, 4359.0, 180)"
3377,675,2,XC2_x1_x1,0.0,0.0,0.0,"(1050, 3555, 90)","(1050.0, 3555.0, 90)"
3378,675,3,x3_x1_x1,0.0,0.0,0.0,"(4560, 406, 180)","(4560.0, 406.0, 180)"
3379,675,4,XC1_x1_x1,-56785.295450174686,54963.0,3320760.707727376,"(3613, 1279, 270)","(3613.0, 1279.0, 270)"
3380,676,0,x3_x1_x1,0.0,0.0,0.0,"(914, 1058, 180)","(541.0, 1058.0, 180)"
3381,676,1,XC2_x1_x1,0.0,0.0,0.0,"(3396, 91, 90)","(3396.0, 91.0, 90)"
3382,676,2,x1_x1_x1,0.0,0.0,0.0,"(544, 4191, 270)","(544.0, 4191.0, 270)"
3383,676,3,XC1_x1_x1,0.0,0.0,0.0,"(1453, 754, 90)","(1453.0, 754.0, 90)"
3384,676,4,x2_x1_x1,-47374.80450674479,45918.0,2122279.370871924,"(4206, 631, 0)","(4308.0, 631.0, 0)"
3385,677,0,x1_x1_x1,0.0,0.0,0.0,"(2324, 3006, 90)","(2324.0, 3006.0, 90)"
3386,677,1,x2_x1_x1,0.0,0.0,0.0,"(3833, 3058, 0)","(3896.0, 3058.0, 0)"
3387,677,2,XC2_x1_x1,0.0,0.0,0.0,"(2397, 1372, 270)","(2397.0, 1372.0, 270)"
3388,677,3,x3_x1_x1,0.0,0.0,0.0,"(280, 479, 0)","(280.0, 479.0, 0)"
3389,677,4,XC1_x1_x1,-33977.38791116679,32931.0,1094927.6606360006,"(2858, 3237, 0)","(2911.0, 3237.0, 0)"
3390,678,0,x1_x1_x1,0.0,0.0,0.0,"(4432, 1790, 90)","(4432.0, 2072.0, 90)"
3391,678,1,XC2_x1_x1,0.0,0.0,0.0,"(271, 1146, 180)","(271.0, 1146.0, 180)"
3392,678,2,XC1_x1_x1,0.0,0.0,0.0,"(4234, 545, 0)","(4617.0, 545.0, 0)"
3393,678,3,x3_x1_x1,0.0,0.0,0.0,"(2121, 1704, 0)","(2121.0, 1704.0, 0)"
3394,678,4,x2_x1_x1,-22944.410532447124,22320.0,389888.51303090085,"(3283, 955, 0)","(3632.0, 955.0, 0)"
3395,679,0,XC1_x1_x1,0.0,0.0,0.0,"(393, 2694, 0)","(393.0, 2694.0, 0)"
3396,679,1,x3_x1_x1,0.0,0.0,0.0,"(70, 3533, 90)","(-489.5, 3533.0, 90)"
3397,679,2,x1_x1_x1,0.0,0.0,0.0,"(3402, 3602, 90)","(3402.0, 3602.0, 90)"
3398,679,3,x2_x1_x1,0.0,0.0,0.0,"(3519, 2740, 180)","(3519.0, 2387.5, 180)"
3399,679,4,XC2_x1_x1,-37685.004773299646,36473.5,1467743.8157278225,"(3060, 4838, 90)","(3060.0, 4838.0, 90)"
3400,680,0,XC1_x1_x1,0.0,0.0,0.0,"(2412, 3369, 90)","(2412.0, 3369.0, 90)"
3401,680,1,x1_x1_x1,0.0,0.0,0.0,"(2701, 1783, 0)","(2701.0, 1783.0, 0)"
3402,680,2,x2_x1_x1,0.0,0.0,0.0,"(1881, 786, 270)","(1881.0, 670.0, 270)"
3403,680,3,XC2_x1_x1,0.0,0.0,0.0,"(3532, 3674, 180)","(3532.0, 3674.0, 180)"
3404,680,4,x3_x1_x1,-23929.76556439616,23232.5,486179.26729269256,"(3262, 723, 0)","(3262.0, 723.0, 0)"
3405,681,0,XC1_x1_x1,0.0,0.0,0.0,"(207, 1219, 90)","(207.0, 1219.0, 90)"
3406,681,1,x1_x1_x1,0.0,0.0,0.0,"(1281, 4470, 180)","(1281.0, 4470.0, 180)"
3407,681,2,XC2_x1_x1,0.0,0.0,0.0,"(414, 256, 180)","(414.0, 256.0, 180)"
3408,681,3,x2_x1_x1,0.0,0.0,0.0,"(4793, 1897, 90)","(4793.0, 1897.0, 90)"
3409,681,4,x3_x1_x1,-42713.646198869916,41508.0,1453582.7568494708,"(1098, 2759, 90)","(1098.0, 2759.0, 90)"
3410,682,0,x2_x1_x1,0.0,0.0,0.0,"(3239, 2331, 180)","(3239.0, 2331.0, 180)"
3411,682,1,x3_x1_x1,0.0,0.0,0.0,"(534, 906, 0)","(534.0, 906.0, 0)"
3412,682,2,XC1_x1_x1,0.0,0.0,0.0,"(256, 439, 180)","(256.0, 96.5, 180)"
3413,682,3,XC2_x1_x1,0.0,0.0,0.0,"(845, 3258, 270)","(845.0, 3258.0, 270)"
3414,682,4,x1_x1_x1,-39502.05791189547,38058.0,2085303.252907897,"(4037, 690, 180)","(4037.0, 690.0, 180)"
3415,683,0,x2_x1_x1,0.0,0.0,0.0,"(2793, 840, 270)","(2793.0, 840.0, 270)"
3416,683,1,XC1_x1_x1,0.0,0.0,0.0,"(4451, 2434, 180)","(4451.0, 2434.0, 180)"
3417,683,2,x1_x1_x1,0.0,0.0,0.0,"(2567, 3800, 90)","(2567.0, 3800.0, 90)"
3418,683,3,x3_x1_x1,0.0,0.0,0.0,"(3628, 4119, 90)","(3628.0, 4119.0, 90)"
3419,683,4,XC2_x1_x1,-32953.70527153262,31932.0,1043881.6618775532,"(363, 3404, 90)","(363.0, 3404.0, 90)"
3420,684,0,XC1_x1_x1,0.0,0.0,0.0,"(2660, 3890, 0)","(2660.0, 3890.0, 0)"
3421,684,1,x2_x1_x1,0.0,0.0,0.0,"(266, 4932, 0)","(266.0, 4932.0, 0)"
3422,684,2,x1_x1_x1,0.0,0.0,0.0,"(2224, 1798, 0)","(2224.0, 1798.0, 0)"
3423,684,3,x3_x1_x1,0.0,0.0,0.0,"(4820, 1582, 270)","(4927.5, 1582.0, 270)"
3424,684,4,XC2_x1_x1,-41753.38163035297,40545.0,1460186.1645745006,"(4045, 1754, 0)","(4045.0, 1754.0, 0)"
3425,685,0,x3_x1_x1,0.0,0.0,0.0,"(2762, 3250, 90)","(2762.0, 4214.0, 90)"
3426,685,1,x1_x1_x1,0.0,0.0,0.0,"(3477, 2413, 90)","(3834.0, 2413.0, 90)"
3427,685,2,XC2_x1_x1,0.0,0.0,0.0,"(862, 592, 90)","(862.0, 592.0, 90)"
3428,685,3,XC1_x1_x1,0.0,0.0,0.0,"(3851, 429, 0)","(3851.0, 429.0, 0)"
3429,685,4,x2_x1_x1,-29086.806162637527,28292.5,630922.2800039515,"(2921, 2830, 90)","(2921.0, 2830.0, 90)"
3430,686,0,x2_x1_x1,0.0,0.0,0.0,"(2861, 4710, 180)","(1965.0, 4710.0, 180)"
3431,686,1,x1_x1_x1,0.0,0.0,0.0,"(28, 3519, 90)","(28.0, 3519.0, 90)"
3432,686,2,x3_x1_x1,0.0,0.0,0.0,"(3276, 4388, 270)","(3276.0, 4388.0, 270)"
3433,686,3,XC2_x1_x1,0.0,0.0,0.0,"(4741, 2082, 180)","(4741.0, 2082.0, 180)"
3434,686,4,XC1_x1_x1,-30772.75117340598,29865.5,823104.6916465288,"(2502, 4893, 180)","(2393.5, 5519.5, 180)"
3435,687,0,x1_x1_x1,0.0,0.0,0.0,"(3663, 3395, 180)","(3663.0, 3395.0, 180)"
3436,687,1,x2_x1_x1,0.0,0.0,0.0,"(1721, 401, 0)","(1721.0, 401.0, 0)"
3437,687,2,XC1_x1_x1,0.0,0.0,0.0,"(1529, 3131, 270)","(1529.0, 3131.0, 270)"
3438,687,3,XC2_x1_x1,0.0,0.0,0.0,"(1583, 1608, 90)","(1583.0, 1608.0, 90)"
3439,687,4,x3_x1_x1,-44409.441493995095,43075.5,1779399.9094018617,"(269, 4704, 180)","(269.0, 4704.0, 180)"
3440,688,0,x3_x1_x1,0.0,0.0,0.0,"(904, 3080, 270)","(904.0, 3080.0, 270)"
3441,688,1,x1_x1_x1,0.0,0.0,0.0,"(3190, 364, 0)","(3190.0, 364.0, 0)"
3442,688,2,XC2_x1_x1,0.0,0.0,0.0,"(748, 542, 90)","(748.0, 542.0, 90)"
3443,688,3,x2_x1_x1,0.0,0.0,0.0,"(4669, 1874, 180)","(4669.0, 1874.0, 180)"
3444,688,4,XC1_x1_x1,-43176.361010160195,41861.0,1730174.587049645,"(733, 151, 90)","(733.0, -164.0, 90)"
3445,689,0,XC2_x1_x1,0.0,0.0,0.0,"(3928, 4320, 180)","(3928.0, 4320.0, 180)"
3446,689,1,x2_x1_x1,0.0,0.0,0.0,"(2056, 3471, 270)","(1323.5, 3471.0, 270)"
3447,689,2,x1_x1_x1,0.0,0.0,0.0,"(2334, 3154, 90)","(2334.0, 3154.0, 90)"
3448,689,3,XC1_x1_x1,0.0,0.0,0.0,"(611, 207, 90)","(611.0, 207.0, 90)"
3449,689,4,x3_x1_x1,-31929.85387467165,30984.5,893693.9483567076,"(4577, 3172, 90)","(4577.0, 3172.0, 90)"
3450,690,0,XC1_x1_x1,0.0,0.0,0.0,"(4909, 3831, 270)","(4909.0, 3831.0, 270)"
3451,690,1,x2_x1_x1,0.0,0.0,0.0,"(1797, 587, 270)","(1797.0, 587.0, 270)"
3452,690,2,x1_x1_x1,0.0,0.0,0.0,"(510, 1533, 90)","(510.0, 1533.0, 90)"
3453,690,3,XC2_x1_x1,0.0,0.0,0.0,"(3118, 1340, 90)","(3118.0, 1340.0, 90)"
3454,690,4,x3_x1_x1,-42701.641243814636,41339.5,1855428.7681008894,"(1867, 4067, 90)","(1867.0, 4067.0, 90)"
3455,691,0,x1_x1_x1,0.0,0.0,0.0,"(1979, 4563, 0)","(1979.0, 4563.0, 0)"
3456,691,1,XC1_x1_x1,0.0,0.0,0.0,"(1665, 2501, 90)","(1665.0, 2501.0, 90)"
3457,691,2,x3_x1_x1,0.0,0.0,0.0,"(3188, 2270, 90)","(3188.0, 2270.0, 90)"
3458,691,3,XC2_x1_x1,0.0,0.0,0.0,"(3591, 4193, 0)","(3591.0, 4193.0, 0)"
3459,691,4,x2_x1_x1,-35393.07684917049,34025.0,1871634.2652362562,"(4516, 4465, 270)","(4516.0, 4465.0, 270)"
3460,692,0,XC2_x1_x1,0.0,0.0,0.0,"(2240, 1846, 0)","(2240.0, 1719.5, 0)"
3461,692,1,x1_x1_x1,0.0,0.0,0.0,"(4003, 3325, 0)","(4003.0, 3325.0, 0)"
3462,692,2,x3_x1_x1,0.0,0.0,0.0,"(1254, 4651, 180)","(1254.0, 4651.0, 180)"
3463,692,3,x2_x1_x1,0.0,0.0,0.0,"(1644, 2529, 180)","(1644.0, 2529.0, 180)"
3464,692,4,XC1_x1_x1,-34107.565616829655,32837.0,1614336.9866697213,"(2448, 4440, 90)","(2448.0, 4440.0, 90)"
3465,693,0,XC1_x1_x1,0.0,0.0,0.0,"(2412, 4061, 180)","(2412.0, 4124.0, 180)"
3466,693,1,x2_x1_x1,0.0,0.0,0.0,"(1941, 158, 90)","(1941.0, 158.0, 90)"
3467,693,2,XC2_x1_x1,0.0,0.0,0.0,"(4925, 1546, 90)","(4925.0, 1546.0, 90)"
3468,693,3,x3_x1_x1,0.0,0.0,0.0,"(2126, 3212, 90)","(2126.0, 3212.0, 90)"
3469,693,4,x1_x1_x1,-33484.608222166054,32510.5,948886.828491518,"(1976, 1989, 0)","(1976.0, 1989.0, 0)"
3470,694,0,x2_x1_x1,0.0,0.0,0.0,"(3134, 860, 0)","(3134.0, 860.0, 0)"
3471,694,1,x3_x1_x1,0.0,0.0,0.0,"(3121, 154, 90)","(3121.0, -451.0, 90)"
3472,694,2,x1_x1_x1,0.0,0.0,0.0,"(1572, 1826, 270)","(1572.0, 1826.0, 270)"
3473,694,3,XC1_x1_x1,0.0,0.0,0.0,"(132, 2820, 0)","(132.0, 2820.0, 0)"
3474,694,4,XC2_x1_x1,-30885.726355251707,29828.0,1118785.0425940636,"(2673, 2045, 90)","(2673.0, 2045.0, 90)"
3475,695,0,x3_x1_x1,0.0,0.0,0.0,"(1704, 461, 90)","(1704.0, 461.0, 90)"
3476,695,1,x1_x1_x1,0.0,0.0,0.0,"(4070, 215, 180)","(4070.0, 215.0, 180)"
3477,695,2,XC2_x1_x1,0.0,0.0,0.0,"(2895, 4904, 270)","(2895.0, 4904.0, 270)"
3478,695,3,x2_x1_x1,0.0,0.0,0.0,"(4797, 2526, 270)","(4797.0, 2526.0, 270)"
3479,695,4,XC1_x1_x1,-41427.257067335086,40099.5,1762938.8298582595,"(3502, 433, 90)","(3352.0, 433.0, 90)"
3480,696,0,x1_x1_x1,0.0,0.0,0.0,"(2365, 3997, 0)","(2365.0, 3997.0, 0)"
3481,696,1,x3_x1_x1,0.0,0.0,0.0,"(4345, 4028, 180)","(4345.0, 4028.0, 180)"
3482,696,2,XC2_x1_x1,0.0,0.0,0.0,"(2241, 1248, 0)","(2241.0, 1248.0, 0)"
3483,696,3,x2_x1_x1,0.0,0.0,0.0,"(1427, 3081, 180)","(1427.0, 3081.0, 180)"
3484,696,4,XC1_x1_x1,-35373.61569846597,34313.0,1124905.659832448,"(2904, 643, 90)","(2904.0, 643.0, 90)"
3485,697,0,x3_x1_x1,0.0,0.0,0.0,"(2010, 303, 90)","(2010.0, 303.0, 90)"
3486,697,1,XC1_x1_x1,0.0,0.0,0.0,"(2914, 1389, 180)","(2914.0, 1389.0, 180)"
3487,697,2,XC2_x1_x1,0.0,0.0,0.0,"(342, 2072, 0)","(342.0, 2072.0, 0)"
3488,697,3,x1_x1_x1,0.0,0.0,0.0,"(3268, 2430, 180)","(3268.0, 2430.0, 180)"
3489,697,4,x2_x1_x1,-24638.346326234394,23810.0,686157.6361860139,"(2399, 395, 90)","(3218.5, 395.0, 90)"
3490,698,0,x3_x1_x1,0.0,0.0,0.0,"(1352, 126, 0)","(1352.0, 126.0, 0)"
3491,698,1,XC1_x1_x1,0.0,0.0,0.0,"(2543, 698, 90)","(2543.0, 698.0, 90)"
3492,698,2,x2_x1_x1,0.0,0.0,0.0,"(3363, 4791, 270)","(3363.0, 4791.0, 270)"
3493,698,3,XC2_x1_x1,0.0,0.0,0.0,"(1371, 3615, 180)","(1371.0, 3615.0, 180)"
3494,698,4,x1_x1_x1,-44606.97247621915,43201.0,1976758.6038858076,"(3102, 1312, 90)","(3102.0, 1312.0, 90)"
3495,699,0,x1_x1_x1,0.0,0.0,0.0,"(3570, 3209, 270)","(3570.0, 3209.0, 270)"
3496,699,1,x2_x1_x1,0.0,0.0,0.0,"(1290, 893, 90)","(1290.0, 290.0, 90)"
3497,699,2,x3_x1_x1,0.0,0.0,0.0,"(1558, 1674, 270)","(1558.0, 1674.0, 270)"
3498,699,3,XC1_x1_x1,0.0,0.0,0.0,"(2250, 3412, 180)","(2250.0, 3412.0, 180)"
3499,699,4,XC2_x1_x1,-34410.47158894222,33179.0,1516522.274371873,"(2893, 3850, 0)","(2956.0, 3850.0, 0)"
3500,700,0,x3_x1_x1,0.0,0.0,0.0,"(832, 3095, 0)","(832.0, 3095.0, 0)"
3501,700,1,x1_x1_x1,0.0,0.0,0.0,"(4210, 239, 270)","(4210.0, 239.0, 270)"
3502,700,2,x2_x1_x1,0.0,0.0,0.0,"(2617, 1578, 0)","(2617.0, 1578.0, 0)"
3503,700,3,XC2_x1_x1,0.0,0.0,0.0,"(3398, 3909, 90)","(3398.0, 3909.0, 90)"
3504,700,4,XC1_x1_x1,-35879.46692250666,34725.0,1332793.8751619975,"(4284, 2501, 90)","(4284.0, 2501.0, 90)"
3505,701,0,x3_x1_x1,0.0,0.0,0.0,"(3143, 3026, 0)","(3143.0, 3026.0, 0)"
3506,701,1,XC2_x1_x1,0.0,0.0,0.0,"(2357, 3251, 0)","(2158.0, 3251.0, 0)"
3507,701,2,XC1_x1_x1,0.0,0.0,0.0,"(3045, 2008, 180)","(3045.0, 2008.0, 180)"
3508,701,3,x1_x1_x1,0.0,0.0,0.0,"(999, 2923, 90)","(999.0, 2923.0, 90)"
3509,701,4,x2_x1_x1,-24485.36817553585,23628.5,734223.0702461309,"(3346, 1428, 180)","(3346.0, 1198.5, 180)"
3510,702,0,XC2_x1_x1,0.0,0.0,0.0,"(1645, 1693, 0)","(1645.0, 1693.0, 0)"
3511,702,1,x3_x1_x1,0.0,0.0,0.0,"(2616, 1791, 90)","(2616.0, 1791.0, 90)"
3512,702,2,x2_x1_x1,0.0,0.0,0.0,"(3829, 1848, 0)","(3927.0, 1848.0, 0)"
3513,702,3,XC1_x1_x1,0.0,0.0,0.0,"(4146, 1356, 0)","(4146.0, 1038.5, 0)"
3514,702,4,x1_x1_x1,-27423.44048063896,26469.5,910002.4406016956,"(1305, 3670, 270)","(1305.0, 3670.0, 270)"
3515,703,0,x2_x1_x1,0.0,0.0,0.0,"(4111, 4569, 0)","(4111.0, 4569.0, 0)"
3516,703,1,XC2_x1_x1,0.0,0.0,0.0,"(588, 2458, 270)","(588.0, 2458.0, 270)"
3517,703,2,x1_x1_x1,0.0,0.0,0.0,"(472, 3807, 90)","(472.0, 3807.0, 90)"
3518,703,3,XC1_x1_x1,0.0,0.0,0.0,"(4228, 1466, 180)","(4228.0, 1466.0, 180)"
3519,703,4,x3_x1_x1,-34133.2824180826,33215.5,842324.5669415401,"(508, 4822, 0)","(508.0, 4894.5, 0)"
3520,704,0,XC1_x1_x1,0.0,0.0,0.0,"(981, 845, 180)","(981.0, 845.0, 180)"
3521,704,1,XC2_x1_x1,0.0,0.0,0.0,"(4017, 4353, 90)","(4017.0, 4353.0, 90)"
3522,704,2,x1_x1_x1,0.0,0.0,0.0,"(1840, 847, 90)","(1840.0, 480.0, 90)"
3523,704,3,x2_x1_x1,0.0,0.0,0.0,"(2373, 1797, 90)","(2373.0, 1797.0, 90)"
3524,704,4,x3_x1_x1,-32473.961794948827,31434.5,1080480.8231582404,"(433, 3002, 90)","(433.0, 3002.0, 90)"
3525,705,0,x3_x1_x1,0.0,0.0,0.0,"(4188, 2958, 0)","(4188.0, 2958.0, 0)"
3526,705,1,x1_x1_x1,0.0,0.0,0.0,"(2317, 521, 0)","(2317.0, 521.0, 0)"
3527,705,2,XC1_x1_x1,0.0,0.0,0.0,"(4263, 4897, 0)","(4263.0, 4897.0, 0)"
3528,705,3,XC2_x1_x1,0.0,0.0,0.0,"(4032, 3726, 90)","(4032.0, 3840.5, 90)"
3529,705,4,x2_x1_x1,-31776.555979291952,30644.0,1282683.046229949,"(4198, 2150, 0)","(4198.0, 1749.5, 0)"
3530,706,0,x2_x1_x1,0.0,0.0,0.0,"(3625, 3791, 0)","(3625.0, 3791.0, 0)"
3531,706,1,x3_x1_x1,0.0,0.0,0.0,"(4279, 4269, 180)","(4279.0, 4999.5, 180)"
3532,706,2,XC1_x1_x1,0.0,0.0,0.0,"(3593, 2591, 270)","(3593.0, 2591.0, 270)"
3533,706,3,XC2_x1_x1,0.0,0.0,0.0,"(4863, 2859, 0)","(4863.0, 2859.0, 0)"
3534,706,4,x1_x1_x1,-24309.16468550939,23354.0,912339.576444248,"(2838, 4177, 270)","(2639.0, 4177.0, 270)"
3535,707,0,x3_x1_x1,0.0,0.0,0.0,"(1382, 4510, 270)","(1382.0, 4510.0, 270)"
3536,707,1,x2_x1_x1,0.0,0.0,0.0,"(491, 4542, 0)","(71.0, 4542.0, 0)"
3537,707,2,XC2_x1_x1,0.0,0.0,0.0,"(1071, 3562, 180)","(1071.0, 3562.0, 180)"
3538,707,3,x1_x1_x1,0.0,0.0,0.0,"(339, 769, 270)","(339.0, 769.0, 270)"
3539,707,4,XC1_x1_x1,-33965.77349178719,32823.0,1305931.2535314981,"(1476, 225, 180)","(1476.0, 225.0, 180)"
3540,708,0,x1_x1_x1,0.0,0.0,0.0,"(676, 884, 180)","(676.0, 406.0, 180)"
3541,708,1,x2_x1_x1,0.0,0.0,0.0,"(3683, 3430, 90)","(3683.0, 3430.0, 90)"
3542,708,2,x3_x1_x1,0.0,0.0,0.0,"(860, 1392, 270)","(860.0, 1392.0, 270)"
3543,708,3,XC1_x1_x1,0.0,0.0,0.0,"(2930, 470, 270)","(2930.0, 470.0, 270)"
3544,708,4,XC2_x1_x1,-35362.281191439404,34174.0,1412012.189928658,"(2284, 1678, 180)","(2284.0, 1678.0, 180)"
3545,709,0,x2_x1_x1,0.0,0.0,0.0,"(3710, 172, 90)","(3710.0, 172.0, 90)"
3546,709,1,x3_x1_x1,0.0,0.0,0.0,"(2737, 2821, 0)","(2737.0, 2821.0, 0)"
3547,709,2,x1_x1_x1,0.0,0.0,0.0,"(4270, 1772, 0)","(4270.0, 1772.0, 0)"
3548,709,3,XC2_x1_x1,0.0,0.0,0.0,"(1252, 1847, 90)","(1252.0, 1847.0, 90)"
3549,709,4,XC1_x1_x1,-27775.884621761397,26906.0,756699.2551769661,"(4369, 1559, 0)","(4369.0, 1258.0, 0)"
3550,710,0,x1_x1_x1,0.0,0.0,0.0,"(2005, 1709, 180)","(2005.0, 1709.0, 180)"
3551,710,1,x2_x1_x1,0.0,0.0,0.0,"(4693, 2864, 180)","(4693.0, 2864.0, 180)"
3552,710,2,x3_x1_x1,0.0,0.0,0.0,"(343, 2648, 0)","(343.0, 2648.0, 0)"
3553,710,3,XC1_x1_x1,0.0,0.0,0.0,"(3687, 4703, 0)","(3687.0, 4703.0, 0)"
3554,710,4,XC2_x1_x1,-38799.34400264428,37702.5,1203066.7661367184,"(3235, 263, 180)","(3235.0, 263.0, 180)"
3555,711,0,x1_x1_x1,0.0,0.0,0.0,"(404, 342, 180)","(404.0, 342.0, 180)"
3556,711,1,x3_x1_x1,0.0,0.0,0.0,"(2689, 2927, 0)","(2689.0, 2927.0, 0)"
3557,711,2,XC2_x1_x1,0.0,0.0,0.0,"(1372, 9, 0)","(1372.0, 9.0, 0)"
3558,711,3,XC1_x1_x1,0.0,0.0,0.0,"(422, 2163, 180)","(422.0, 2163.0, 180)"
3559,711,4,x2_x1_x1,-43797.72618979732,42393.0,1973255.668302505,"(3901, 3623, 180)","(4200.0, 3623.0, 180)"
3560,712,0,x3_x1_x1,0.0,0.0,0.0,"(3658, 3168, 90)","(3752.5, 3168.0, 90)"
3561,712,1,x1_x1_x1,0.0,0.0,0.0,"(954, 1853, 270)","(954.0, 2484.0, 270)"
3562,712,2,XC2_x1_x1,0.0,0.0,0.0,"(2606, 161, 270)","(2606.0, 161.0, 270)"
3563,712,3,XC1_x1_x1,0.0,0.0,0.0,"(2943, 3476, 90)","(2943.0, 3476.0, 90)"
3564,712,4,x2_x1_x1,-34824.842913887944,33580.5,1548389.2873431323,"(1074, 1367, 0)","(1074.0, 1367.0, 0)"
3565,713,0,x2_x1_x1,0.0,0.0,0.0,"(2369, 1680, 270)","(2369.0, 1680.0, 270)"
3566,713,1,x3_x1_x1,0.0,0.0,0.0,"(307, 2965, 90)","(307.0, 2965.0, 90)"
3567,713,2,x1_x1_x1,0.0,0.0,0.0,"(1465, 1223, 90)","(1456.0, 1223.0, 90)"
3568,713,3,XC2_x1_x1,0.0,0.0,0.0,"(2665, 560, 180)","(2665.0, 560.0, 180)"
3569,713,4,XC1_x1_x1,-29154.847259497365,28096.0,1121157.5189450772,"(3772, 1472, 270)","(3772.0, 1472.0, 270)"
3570,714,0,XC1_x1_x1,0.0,0.0,0.0,"(1418, 1783, 270)","(1418.0, 1783.0, 270)"
3571,714,1,x2_x1_x1,0.0,0.0,0.0,"(4216, 872, 0)","(4216.0, 872.0, 0)"
3572,714,2,x1_x1_x1,0.0,0.0,0.0,"(152, 873, 90)","(152.0, 873.0, 90)"
3573,714,3,XC2_x1_x1,0.0,0.0,0.0,"(3771, 4089, 90)","(3771.0, 4089.0, 90)"
3574,714,4,x3_x1_x1,-39698.15949783644,38409.0,1661932.2108618899,"(2402, 3012, 0)","(2402.0, 3012.0, 0)"
3575,715,0,XC1_x1_x1,0.0,0.0,0.0,"(4156, 4317, 0)","(4156.0, 4317.0, 0)"
3576,715,1,XC2_x1_x1,0.0,0.0,0.0,"(4252, 4928, 90)","(4252.0, 4950.0, 90)"
3577,715,2,x2_x1_x1,0.0,0.0,0.0,"(1602, 4191, 90)","(1602.0, 4191.0, 90)"
3578,715,3,x1_x1_x1,0.0,0.0,0.0,"(3402, 179, 90)","(3402.0, 179.0, 90)"
3579,715,4,x3_x1_x1,-39532.69554268905,38301.5,1515842.4643373792,"(2686, 2080, 270)","(2686.0, 2080.0, 270)"
3580,716,0,x2_x1_x1,0.0,0.0,0.0,"(4504, 2950, 270)","(4504.0, 2950.0, 270)"
3581,716,1,XC1_x1_x1,0.0,0.0,0.0,"(4934, 2954, 270)","(5313.5, 2954.0, 270)"
3582,716,2,x1_x1_x1,0.0,0.0,0.0,"(4099, 890, 0)","(4767.0, 890.0, 0)"
3583,716,3,XC2_x1_x1,0.0,0.0,0.0,"(2913, 2823, 0)","(2913.0, 2823.0, 0)"
3584,716,4,x3_x1_x1,-24163.34733802444,23310.5,727348.5819753722,"(3650, 1101, 270)","(3650.0, 1101.0, 270)"
3585,717,0,XC1_x1_x1,0.0,0.0,0.0,"(432, 1252, 0)","(265.0, 1252.0, 0)"
3586,717,1,x1_x1_x1,0.0,0.0,0.0,"(2638, 4443, 90)","(2638.0, 4443.0, 90)"
3587,717,2,x3_x1_x1,0.0,0.0,0.0,"(1177, 1917, 90)","(1147.5, 1917.0, 90)"
3588,717,3,x2_x1_x1,0.0,0.0,0.0,"(3687, 4595, 0)","(3687.0, 4595.0, 0)"
3589,717,4,XC2_x1_x1,-39041.73517316736,37658.0,1914723.0294605037,"(1957, 2684, 90)","(1957.0, 2684.0, 90)"
3590,718,0,x1_x1_x1,0.0,0.0,0.0,"(31, 704, 90)","(31.0, 704.0, 90)"
3591,718,1,XC2_x1_x1,0.0,0.0,0.0,"(1854, 1067, 0)","(1854.0, 1067.0, 0)"
3592,718,2,XC1_x1_x1,0.0,0.0,0.0,"(3778, 644, 270)","(3778.0, 644.0, 270)"
3593,718,3,x3_x1_x1,0.0,0.0,0.0,"(926, 1914, 180)","(926.0, 1914.0, 180)"
3594,718,4,x2_x1_x1,-35719.75017795698,34587.5,1281990.4654836112,"(1669, 4392, 0)","(1669.0, 4392.0, 0)"
3595,719,0,x3_x1_x1,0.0,0.0,0.0,"(4127, 2439, 180)","(4127.0, 2439.0, 180)"
3596,719,1,XC2_x1_x1,0.0,0.0,0.0,"(4912, 2585, 180)","(5112.0, 2585.0, 180)"
3597,719,2,x1_x1_x1,0.0,0.0,0.0,"(4724, 1043, 90)","(4724.0, 1043.0, 90)"
3598,719,3,XC1_x1_x1,0.0,0.0,0.0,"(1154, 1581, 0)","(1154.0, 1581.0, 0)"
3599,719,4,x2_x1_x1,-28269.890824070615,27332.0,879639.1978758608,"(1743, 514, 0)","(1743.0, 514.0, 0)"
3600,720,0,XC1_x1_x1,0.0,0.0,0.0,"(3071, 776, 90)","(3259.0, 776.0, 90)"
3601,720,1,x2_x1_x1,0.0,0.0,0.0,"(1701, 3874, 90)","(1701.0, 3874.0, 90)"
3602,720,2,x3_x1_x1,0.0,0.0,0.0,"(2347, 632, 180)","(2347.0, 632.0, 180)"
3603,720,3,XC2_x1_x1,0.0,0.0,0.0,"(1272, 147, 270)","(1272.0, 147.0, 270)"
3604,720,4,x1_x1_x1,-32043.26347422309,30898.5,1310483.4119153249,"(2505, 169, 0)","(2505.0, -281.0, 0)"
3605,721,0,x2_x1_x1,0.0,0.0,0.0,"(2262, 2242, 90)","(2262.0, 2242.0, 90)"
3606,721,1,x3_x1_x1,0.0,0.0,0.0,"(1658, 848, 180)","(1658.0, 833.5, 180)"
3607,721,2,x1_x1_x1,0.0,0.0,0.0,"(2140, 2668, 270)","(2140.0, 3432.0, 270)"
3608,721,3,XC1_x1_x1,0.0,0.0,0.0,"(2306, 3912, 0)","(2306.0, 4150.0, 0)"
3609,721,4,XC2_x1_x1,-26495.68322279114,25433.5,1128233.198778969,"(3105, 3661, 90)","(3105.0, 3661.0, 90)"
3610,722,0,x1_x1_x1,0.0,0.0,0.0,"(2385, 1683, 180)","(2385.0, 1683.0, 180)"
3611,722,1,XC1_x1_x1,0.0,0.0,0.0,"(4215, 3371, 270)","(4215.0, 3371.0, 270)"
3612,722,2,x2_x1_x1,0.0,0.0,0.0,"(728, 4853, 90)","(728.0, 5327.0, 90)"
3613,722,3,x3_x1_x1,0.0,0.0,0.0,"(1746, 1629, 90)","(1170.5, 1629.0, 90)"
3614,722,4,XC2_x1_x1,-38982.1542411681,37906.5,1157032.046542917,"(906, 4342, 90)","(906.0, 4342.0, 90)"
3615,723,0,x2_x1_x1,0.0,0.0,0.0,"(3584, 2723, 90)","(3584.0, 2723.0, 90)"
3616,723,1,x3_x1_x1,0.0,0.0,0.0,"(3635, 970, 0)","(3635.0, 536.5, 0)"
3617,723,2,XC1_x1_x1,0.0,0.0,0.0,"(3137, 1346, 0)","(3137.0, 1346.0, 0)"
3618,723,3,XC2_x1_x1,0.0,0.0,0.0,"(2905, 4315, 180)","(2905.0, 4315.0, 180)"
3619,723,4,x1_x1_x1,-33934.78761639386,32702.0,1519765.307134068,"(4566, 4591, 270)","(4566.0, 4591.0, 270)"
3620,724,0,x1_x1_x1,0.0,0.0,0.0,"(3252, 1150, 180)","(3252.0, 1150.0, 180)"
3621,724,1,x2_x1_x1,0.0,0.0,0.0,"(3117, 121, 90)","(3117.0, 121.0, 90)"
3622,724,2,XC2_x1_x1,0.0,0.0,0.0,"(4390, 1885, 0)","(4390.0, 1885.0, 0)"
3623,724,3,x3_x1_x1,0.0,0.0,0.0,"(2822, 3736, 180)","(2822.0, 3736.0, 180)"
3624,724,4,XC1_x1_x1,-35445.81182554103,34151.5,1675243.101735358,"(3865, 4241, 90)","(3865.0, 4241.0, 90)"
3625,725,0,XC1_x1_x1,0.0,0.0,0.0,"(610, 1471, 90)","(610.0, 1471.0, 90)"
3626,725,1,x1_x1_x1,0.0,0.0,0.0,"(1751, 3542, 270)","(2486.0, 3542.0, 270)"
3627,725,2,XC2_x1_x1,0.0,0.0,0.0,"(4656, 2902, 0)","(4656.0, 2902.0, 0)"
3628,725,3,x3_x1_x1,0.0,0.0,0.0,"(245, 85, 270)","(245.0, 85.0, 270)"
3629,725,4,x2_x1_x1,-42875.51656383406,41512.0,1859177.4198498398,"(1573, 3454, 90)","(1573.0, 3454.0, 90)"
3630,726,0,x2_x1_x1,0.0,0.0,0.0,"(3852, 628, 0)","(3852.0, 628.0, 0)"
3631,726,1,XC1_x1_x1,0.0,0.0,0.0,"(1532, 4104, 0)","(1532.0, 4104.0, 0)"
3632,726,2,x3_x1_x1,0.0,0.0,0.0,"(2138, 3227, 180)","(2138.0, 3227.0, 180)"
3633,726,3,XC2_x1_x1,0.0,0.0,0.0,"(3839, 1749, 180)","(3839.0, 1749.0, 180)"
3634,726,4,x1_x1_x1,-37502.3107959893,36029.0,2170644.701578638,"(3540, 554, 270)","(2866.0, 554.0, 270)"
3635,727,0,x3_x1_x1,0.0,0.0,0.0,"(2976, 216, 180)","(2976.0, 216.0, 180)"
3636,727,1,x2_x1_x1,0.0,0.0,0.0,"(435, 1615, 90)","(435.0, 1615.0, 90)"
3637,727,2,XC2_x1_x1,0.0,0.0,0.0,"(3815, 3368, 0)","(3815.0, 3368.0, 0)"
3638,727,3,x1_x1_x1,0.0,0.0,0.0,"(2260, 1789, 90)","(2260.0, 1789.0, 90)"
3639,727,4,XC1_x1_x1,-31112.485969249214,30025.5,1181538.497344649,"(2659, 1718, 180)","(2847.0, 1718.0, 180)"
3640,728,0,x2_x1_x1,0.0,0.0,0.0,"(4276, 3555, 90)","(4413.5, 3555.0, 90)"
3641,728,1,x3_x1_x1,0.0,0.0,0.0,"(565, 1876, 270)","(565.0, 1876.0, 270)"
3642,728,2,x1_x1_x1,0.0,0.0,0.0,"(3326, 3734, 180)","(3326.0, 3734.0, 180)"
3643,728,3,XC2_x1_x1,0.0,0.0,0.0,"(31, 4367, 270)","(31.0, 4367.0, 270)"
3644,728,4,XC1_x1_x1,-43066.68281380339,41555.0,2285184.9295485355,"(157, 2129, 180)","(-317.5, 2129.0, 180)"
3645,729,0,XC1_x1_x1,0.0,0.0,0.0,"(535, 1968, 90)","(535.0, 1968.0, 90)"
3646,729,1,x1_x1_x1,0.0,0.0,0.0,"(768, 115, 0)","(768.0, 115.0, 0)"
3647,729,2,x2_x1_x1,0.0,0.0,0.0,"(4312, 450, 180)","(4312.0, 450.0, 180)"
3648,729,3,x3_x1_x1,0.0,0.0,0.0,"(4163, 4330, 90)","(4163.0, 4330.0, 90)"
3649,729,4,XC2_x1_x1,-47921.749064725176,46473.0,2098873.8525420763,"(1880, 1296, 270)","(1880.0, 1296.0, 270)"
3650,730,0,XC2_x1_x1,0.0,0.0,0.0,"(1869, 1617, 0)","(1869.0, 1617.0, 0)"
3651,730,1,x2_x1_x1,0.0,0.0,0.0,"(4379, 3238, 0)","(4793.0, 3238.0, 0)"
3652,730,2,x1_x1_x1,0.0,0.0,0.0,"(3807, 2971, 90)","(3807.0, 2971.0, 90)"
3653,730,3,XC1_x1_x1,0.0,0.0,0.0,"(1578, 4351, 270)","(1578.0, 4351.0, 270)"
3654,730,4,x3_x1_x1,-33367.054149231284,32183.0,1401984.2283118258,"(2403, 4512, 90)","(2403.0, 4512.0, 90)"
3655,731,0,XC2_x1_x1,0.0,0.0,0.0,"(3675, 3301, 180)","(3675.0, 3301.0, 180)"
3656,731,1,x1_x1_x1,0.0,0.0,0.0,"(1080, 1546, 90)","(1080.0, 1546.0, 90)"
3657,731,2,XC1_x1_x1,0.0,0.0,0.0,"(2610, 293, 180)","(2610.0, 293.0, 180)"
3658,731,3,x3_x1_x1,0.0,0.0,0.0,"(4503, 513, 180)","(4503.0, 513.0, 180)"
3659,731,4,x2_x1_x1,-46301.42169271168,44802.5,2246766.2408816377,"(1229, 4139, 90)","(1229.0, 4139.0, 90)"
3660,732,0,x1_x1_x1,0.0,0.0,0.0,"(4342, 2245, 270)","(4342.0, 2245.0, 270)"
3661,732,1,XC2_x1_x1,0.0,0.0,0.0,"(1808, 1560, 180)","(1516.0, 1560.0, 180)"
3662,732,2,x2_x1_x1,0.0,0.0,0.0,"(2644, 366, 270)","(2644.0, 366.0, 270)"
3663,732,3,XC1_x1_x1,0.0,0.0,0.0,"(2222, 1504, 0)","(2222.0, 1504.0, 0)"
3664,732,4,x3_x1_x1,-33348.202799070415,32289.0,1121910.5695586079,"(926, 3085, 270)","(926.0, 3085.0, 270)"
3665,733,0,x1_x1_x1,0.0,0.0,0.0,"(1488, 110, 270)","(1488.0, 110.0, 270)"
3666,733,1,XC2_x1_x1,0.0,0.0,0.0,"(2518, 1449, 270)","(2518.0, 1449.0, 270)"
3667,733,2,XC1_x1_x1,0.0,0.0,0.0,"(2024, 4781, 90)","(2024.0, 4781.0, 90)"
3668,733,3,x2_x1_x1,0.0,0.0,0.0,"(157, 2634, 0)","(157.0, 2634.0, 0)"
3669,733,4,x3_x1_x1,-45167.7305993589,43830.0,1789523.156461137,"(3647, 4211, 0)","(3647.0, 4211.0, 0)"
3670,734,0,x3_x1_x1,0.0,0.0,0.0,"(1177, 3869, 270)","(1177.0, 3869.0, 270)"
3671,734,1,XC2_x1_x1,0.0,0.0,0.0,"(3987, 4133, 180)","(3987.0, 4133.0, 180)"
3672,734,2,x2_x1_x1,0.0,0.0,0.0,"(4307, 3333, 90)","(4307.0, 3221.0, 90)"
3673,734,3,XC1_x1_x1,0.0,0.0,0.0,"(273, 2023, 0)","(273.0, 2023.0, 0)"
3674,734,4,x1_x1_x1,-39720.11424900676,38380.5,1794566.3361419477,"(630, 1731, 270)","(630.0, 1305.0, 270)"
3675,735,0,XC1_x1_x1,0.0,0.0,0.0,"(3292, 1515, 180)","(3292.0, 1515.0, 180)"
3676,735,1,x2_x1_x1,0.0,0.0,0.0,"(2246, 2881, 270)","(2246.0, 2881.0, 270)"
3677,735,2,x1_x1_x1,0.0,0.0,0.0,"(1205, 4797, 0)","(1205.0, 4797.0, 0)"
3678,735,3,XC2_x1_x1,0.0,0.0,0.0,"(4068, 4426, 180)","(4068.0, 4426.0, 180)"
3679,735,4,x3_x1_x1,-27141.139211479232,26150.0,982356.9365316727,"(2389, 3692, 90)","(2389.0, 4392.0, 90)"
3680,736,0,x2_x1_x1,0.0,0.0,0.0,"(578, 3596, 90)","(578.0, 4240.0, 90)"
3681,736,1,XC2_x1_x1,0.0,0.0,0.0,"(4270, 1128, 180)","(4270.0, 1128.0, 180)"
3682,736,2,XC1_x1_x1,0.0,0.0,0.0,"(717, 3255, 270)","(717.0, 3255.0, 270)"
3683,736,3,x1_x1_x1,0.0,0.0,0.0,"(4733, 1252, 90)","(4857.0, 1252.0, 90)"
3684,736,4,x3_x1_x1,-36370.01201441018,35358.5,1023156.5552961429,"(1605, 1626, 0)","(1605.0, 1626.0, 0)"
3685,737,0,x3_x1_x1,0.0,0.0,0.0,"(295, 1985, 0)","(295.0, 1985.0, 0)"
3686,737,1,XC1_x1_x1,0.0,0.0,0.0,"(63, 965, 0)","(63.0, 965.0, 0)"
3687,737,2,x1_x1_x1,0.0,0.0,0.0,"(4484, 2991, 90)","(4484.0, 2991.0, 90)"
3688,737,3,XC2_x1_x1,0.0,0.0,0.0,"(3077, 4246, 180)","(3077.0, 4246.0, 180)"
3689,737,4,x2_x1_x1,-54114.23595859581,52307.0,3266101.8100417205,"(4443, 4911, 90)","(4443.0, 4911.0, 90)"
3690,738,0,x2_x1_x1,0.0,0.0,0.0,"(3160, 2637, 90)","(3160.0, 2637.0, 90)"
3691,738,1,XC1_x1_x1,0.0,0.0,0.0,"(4065, 600, 0)","(4065.0, 600.0, 0)"
3692,738,2,XC2_x1_x1,0.0,0.0,0.0,"(465, 3055, 180)","(465.0, 3055.0, 180)"
3693,738,3,x1_x1_x1,0.0,0.0,0.0,"(2049, 953, 180)","(2049.0, 953.0, 180)"
3694,738,4,x3_x1_x1,-30536.81733492744,29637.0,809671.2362359194,"(1903, 4084, 0)","(1903.0, 4084.0, 0)"
3695,739,0,x1_x1_x1,0.0,0.0,0.0,"(2600, 4912, 90)","(2600.0, 4912.0, 90)"
3696,739,1,XC2_x1_x1,0.0,0.0,0.0,"(1870, 2047, 90)","(1870.0, 2044.0, 90)"
3697,739,2,x3_x1_x1,0.0,0.0,0.0,"(2468, 3029, 270)","(2468.0, 3029.0, 270)"
3698,739,3,x2_x1_x1,0.0,0.0,0.0,"(603, 3768, 270)","(603.0, 3768.0, 270)"
3699,739,4,XC1_x1_x1,-29098.136884122745,28085.5,1025433.4590858205,"(1434, 1465, 270)","(1310.0, 1465.0, 270)"
3700,740,0,x1_x1_x1,0.0,0.0,0.0,"(3624, 3993, 0)","(3624.0, 3993.0, 0)"
3701,740,1,XC1_x1_x1,0.0,0.0,0.0,"(208, 3082, 90)","(208.0, 3082.0, 90)"
3702,740,2,x2_x1_x1,0.0,0.0,0.0,"(4864, 3071, 90)","(4864.0, 3071.0, 90)"
3703,740,3,x3_x1_x1,0.0,0.0,0.0,"(1852, 2932, 90)","(1852.0, 2932.0, 90)"
3704,740,4,XC2_x1_x1,-35548.11686245154,34415.0,1283953.8239720275,"(18, 1283, 180)","(18.0, 1283.0, 180)"
3705,741,0,XC2_x1_x1,0.0,0.0,0.0,"(2231, 1567, 180)","(2231.0, 1347.0, 180)"
3706,741,1,XC1_x1_x1,0.0,0.0,0.0,"(4572, 4585, 90)","(4572.0, 4585.0, 90)"
3707,741,2,x1_x1_x1,0.0,0.0,0.0,"(2319, 433, 180)","(2319.0, 433.0, 180)"
3708,741,3,x2_x1_x1,0.0,0.0,0.0,"(4908, 2430, 90)","(4908.0, 2430.0, 90)"
3709,741,4,x3_x1_x1,-30527.21136463206,29558.5,938401.7079673127,"(2434, 2259, 270)","(2434.0, 2259.0, 270)"
3710,742,0,x2_x1_x1,0.0,0.0,0.0,"(4591, 4066, 0)","(4591.0, 4066.0, 0)"
3711,742,1,x1_x1_x1,0.0,0.0,0.0,"(1905, 411, 180)","(1905.0, 411.0, 180)"
3712,742,2,x3_x1_x1,0.0,0.0,0.0,"(4451, 399, 180)","(4451.0, 399.0, 180)"
3713,742,3,XC1_x1_x1,0.0,0.0,0.0,"(1090, 2809, 0)","(1090.0, 2809.0, 0)"
3714,742,4,XC2_x1_x1,-46740.91497616593,45273.0,2154774.377252215,"(379, 2794, 0)","(379.0, 2794.0, 0)"
3715,743,0,XC1_x1_x1,0.0,0.0,0.0,"(1593, 3923, 180)","(1593.0, 3923.0, 180)"
3716,743,1,x2_x1_x1,0.0,0.0,0.0,"(2164, 4846, 180)","(2164.0, 4846.0, 180)"
3717,743,2,x3_x1_x1,0.0,0.0,0.0,"(2981, 2660, 90)","(2981.0, 2660.0, 90)"
3718,743,3,XC2_x1_x1,0.0,0.0,0.0,"(372, 3965, 90)","(372.0, 3965.0, 90)"
3719,743,4,x1_x1_x1,-25789.24942029817,24911.0,771322.044254068,"(1449, 3131, 180)","(1449.0, 3131.0, 180)"
3720,744,0,x3_x1_x1,0.0,0.0,0.0,"(4342, 4830, 90)","(4620.5, 4830.0, 90)"
3721,744,1,x2_x1_x1,0.0,0.0,0.0,"(2750, 4064, 0)","(2750.0, 4064.0, 0)"
3722,744,2,XC1_x1_x1,0.0,0.0,0.0,"(3811, 4632, 270)","(3811.0, 4632.0, 270)"
3723,744,3,XC2_x1_x1,0.0,0.0,0.0,"(1848, 2979, 270)","(1848.0, 2979.0, 270)"
3724,744,4,x1_x1_x1,-32408.251147749448,31152.5,1576910.9450740558,"(4720, 2297, 0)","(4720.0, 2297.0, 0)"
3725,745,0,XC2_x1_x1,0.0,0.0,0.0,"(1362, 4535, 90)","(1362.0, 4535.0, 90)"
3726,745,1,x1_x1_x1,0.0,0.0,0.0,"(1814, 893, 0)","(1814.0, 893.0, 0)"
3727,745,2,XC1_x1_x1,0.0,0.0,0.0,"(4169, 3317, 90)","(4169.0, 3317.0, 90)"
3728,745,3,x2_x1_x1,0.0,0.0,0.0,"(24, 4863, 0)","(24.0, 4863.0, 0)"
3729,745,4,x3_x1_x1,-39031.90629961628,37801.0,1515130.3184350596,"(249, 3211, 270)","(249.0, 3211.0, 270)"
3730,746,0,x2_x1_x1,0.0,0.0,0.0,"(2287, 2193, 270)","(2287.0, 2193.0, 270)"
3731,746,1,x1_x1_x1,0.0,0.0,0.0,"(4552, 1904, 90)","(4552.0, 1904.0, 90)"
3732,746,2,XC1_x1_x1,0.0,0.0,0.0,"(3752, 680, 180)","(3752.0, 680.0, 180)"
3733,746,3,XC2_x1_x1,0.0,0.0,0.0,"(772, 1531, 90)","(772.0, 1531.0, 90)"
3734,746,4,x3_x1_x1,-32995.99440087183,31831.5,1356047.2096618495,"(4701, 620, 180)","(4737.0, 620.0, 180)"
3735,747,0,XC2_x1_x1,0.0,0.0,0.0,"(3067, 2961, 180)","(3067.0, 2961.0, 180)"
3736,747,1,x2_x1_x1,0.0,0.0,0.0,"(4359, 3126, 90)","(4359.0, 3126.0, 90)"
3737,747,2,x3_x1_x1,0.0,0.0,0.0,"(1595, 11, 270)","(1595.0, -104.0, 270)"
3738,747,3,XC1_x1_x1,0.0,0.0,0.0,"(894, 3050, 90)","(894.0, 3050.0, 90)"
3739,747,4,x1_x1_x1,-41279.107675477484,39908.5,1878565.4000778024,"(1798, 1009, 0)","(1798.0, 1009.0, 0)"
3740,748,0,XC2_x1_x1,0.0,0.0,0.0,"(3395, 2977, 180)","(3855.0, 2977.0, 180)"
3741,748,1,x3_x1_x1,0.0,0.0,0.0,"(2870, 2767, 0)","(2870.0, 2767.0, 0)"
3742,748,2,x1_x1_x1,0.0,0.0,0.0,"(517, 2510, 90)","(517.0, 2510.0, 90)"
3743,748,3,x2_x1_x1,0.0,0.0,0.0,"(4353, 84, 180)","(4353.0, 84.0, 180)"
3744,748,4,XC1_x1_x1,-43619.554427707364,42257.5,1855192.2640372438,"(895, 4663, 180)","(895.0, 4663.0, 180)"
3745,749,0,x1_x1_x1,0.0,0.0,0.0,"(1553, 2015, 270)","(1553.0, 2015.0, 270)"
3746,749,1,x2_x1_x1,0.0,0.0,0.0,"(2751, 3329, 0)","(2751.0, 3329.0, 0)"
3747,749,2,x3_x1_x1,0.0,0.0,0.0,"(4553, 1244, 90)","(4553.0, 1244.0, 90)"
3748,749,3,XC2_x1_x1,0.0,0.0,0.0,"(715, 4797, 270)","(715.0, 5255.0, 270)"
3749,749,4,XC1_x1_x1,-43150.221398886504,41762.0,1927158.6523263974,"(744, 4622, 180)","(744.0, 4622.0, 180)"
3750,750,0,XC1_x1_x1,0.0,0.0,0.0,"(4047, 2324, 180)","(4047.0, 2324.0, 180)"
3751,750,1,x1_x1_x1,0.0,0.0,0.0,"(1231, 3372, 0)","(1231.0, 3372.0, 0)"
3752,750,2,XC2_x1_x1,0.0,0.0,0.0,"(4080, 3053, 180)","(4080.0, 3053.0, 180)"
3753,750,3,x2_x1_x1,0.0,0.0,0.0,"(306, 4726, 0)","(306.0, 4726.0, 0)"
3754,750,4,x3_x1_x1,-45883.107998997155,44424.0,2128996.152737489,"(4466, 1497, 270)","(4466.0, 1412.0, 270)"
3755,751,0,XC1_x1_x1,0.0,0.0,0.0,"(4127, 3821, 180)","(4127.0, 3821.0, 180)"
3756,751,1,XC2_x1_x1,0.0,0.0,0.0,"(4493, 4045, 0)","(4493.0, 4381.0, 0)"
3757,751,2,x3_x1_x1,0.0,0.0,0.0,"(992, 631, 90)","(992.0, 631.0, 90)"
3758,751,3,x2_x1_x1,0.0,0.0,0.0,"(1961, 3598, 270)","(1961.0, 3667.0, 270)"
3759,751,4,x1_x1_x1,-37665.591564100345,36448.5,1481311.875404226,"(2330, 2350, 270)","(2330.0, 2350.0, 270)"
3760,752,0,XC1_x1_x1,0.0,0.0,0.0,"(625, 1586, 180)","(625.0, 1586.0, 180)"
3761,752,1,x1_x1_x1,0.0,0.0,0.0,"(1760, 3832, 0)","(1760.0, 3832.0, 0)"
3762,752,2,x3_x1_x1,0.0,0.0,0.0,"(4046, 4902, 270)","(4046.0, 4902.0, 270)"
3763,752,3,XC2_x1_x1,0.0,0.0,0.0,"(2518, 4447, 90)","(2518.0, 4447.0, 90)"
3764,752,4,x2_x1_x1,-29537.137311996565,28571.0,933421.3056319505,"(1500, 4766, 90)","(1500.0, 4818.0, 90)"
3765,753,0,x1_x1_x1,0.0,0.0,0.0,"(407, 535, 0)","(407.0, 535.0, 0)"
3766,753,1,x3_x1_x1,0.0,0.0,0.0,"(3331, 4310, 0)","(3331.0, 5041.5, 0)"
3767,753,2,XC2_x1_x1,0.0,0.0,0.0,"(4223, 4394, 180)","(4316.0, 4394.0, 180)"
3768,753,3,x2_x1_x1,0.0,0.0,0.0,"(2811, 3760, 90)","(2811.0, 3760.0, 90)"
3769,753,4,XC1_x1_x1,-37566.9088843266,36419.5,1316547.1478316158,"(1595, 3940, 180)","(1595.0, 3940.0, 180)"
3770,754,0,XC2_x1_x1,0.0,0.0,0.0,"(217, 973, 90)","(217.0, 973.0, 90)"
3771,754,1,XC1_x1_x1,0.0,0.0,0.0,"(3222, 4247, 90)","(3222.0, 4247.0, 90)"
3772,754,2,x2_x1_x1,0.0,0.0,0.0,"(4865, 3475, 270)","(5304.5, 3475.0, 270)"
3773,754,3,x1_x1_x1,0.0,0.0,0.0,"(4294, 4308, 270)","(4294.0, 4308.0, 270)"
3774,754,4,x3_x1_x1,-33827.52380300869,32924.5,815451.9888002746,"(1984, 3117, 0)","(1984.0, 3117.0, 0)"
3775,755,0,XC1_x1_x1,0.0,0.0,0.0,"(3181, 2660, 90)","(3181.0, 2660.0, 90)"
3776,755,1,x2_x1_x1,0.0,0.0,0.0,"(3609, 4216, 90)","(3609.0, 4445.0, 90)"
3777,755,2,x3_x1_x1,0.0,0.0,0.0,"(3334, 4746, 0)","(3334.0, 5726.5, 0)"
3778,755,3,XC2_x1_x1,0.0,0.0,0.0,"(4170, 1266, 180)","(4170.0, 1266.0, 180)"
3779,755,4,x1_x1_x1,-26297.752717863026,25316.5,962856.8963135734,"(3070, 3332, 180)","(3070.0, 3332.0, 180)"
3780,756,0,x2_x1_x1,0.0,0.0,0.0,"(3640, 4073, 270)","(3640.0, 4073.0, 270)"
3781,756,1,XC2_x1_x1,0.0,0.0,0.0,"(328, 4442, 0)","(328.0, 4442.0, 0)"
3782,756,2,XC1_x1_x1,0.0,0.0,0.0,"(4328, 384, 0)","(4328.0, 384.0, 0)"
3783,756,3,x3_x1_x1,0.0,0.0,0.0,"(3487, 4836, 180)","(3487.0, 5481.5, 180)"
3784,756,4,x1_x1_x1,-40858.93839287703,39748.0,1234184.112768202,"(1364, 1550, 0)","(1364.0, 1550.0, 0)"
3785,757,0,XC1_x1_x1,0.0,0.0,0.0,"(702, 4437, 270)","(491.0, 4437.0, 270)"
3786,757,1,XC2_x1_x1,0.0,0.0,0.0,"(4291, 1962, 180)","(4291.0, 1962.0, 180)"
3787,757,2,x2_x1_x1,0.0,0.0,0.0,"(1403, 4406, 180)","(1403.0, 4406.0, 180)"
3788,757,3,x3_x1_x1,0.0,0.0,0.0,"(4669, 3322, 180)","(4669.0, 3322.0, 180)"
3789,757,4,x1_x1_x1,-31443.590908524075,30602.5,707433.9164018558,"(1076, 1757, 0)","(1076.0, 1757.0, 0)"
3790,758,0,XC2_x1_x1,0.0,0.0,0.0,"(2817, 3300, 90)","(2817.0, 3300.0, 90)"
3791,758,1,x3_x1_x1,0.0,0.0,0.0,"(947, 4837, 270)","(947.0, 4837.0, 270)"
3792,758,2,x2_x1_x1,0.0,0.0,0.0,"(1494, 2431, 90)","(1494.0, 2431.0, 90)"
3793,758,3,x1_x1_x1,0.0,0.0,0.0,"(3403, 3313, 180)","(3535.0, 3313.0, 180)"
3794,758,4,XC1_x1_x1,-33581.64265764863,32381.0,1441542.791365561,"(1963, 4856, 180)","(1963.0, 4856.0, 180)"
3795,759,0,XC1_x1_x1,0.0,0.0,0.0,"(4393, 1537, 90)","(4393.0, 1012.0, 90)"
3796,759,1,x3_x1_x1,0.0,0.0,0.0,"(4163, 1997, 90)","(4163.0, 1997.0, 90)"
3797,759,2,XC2_x1_x1,0.0,0.0,0.0,"(1161, 1554, 0)","(1161.0, 1554.0, 0)"
3798,759,3,x1_x1_x1,0.0,0.0,0.0,"(4002, 3863, 270)","(4002.0, 3863.0, 270)"
3799,759,4,x2_x1_x1,-47688.859577898744,46079.5,2590038.2509744223,"(438, 4753, 0)","(438.0, 4753.0, 0)"
3800,760,0,x3_x1_x1,0.0,0.0,0.0,"(561, 4333, 180)","(561.0, 4333.0, 180)"
3801,760,1,XC2_x1_x1,0.0,0.0,0.0,"(2319, 2131, 270)","(2319.0, 2131.0, 270)"
3802,760,2,x1_x1_x1,0.0,0.0,0.0,"(534, 851, 270)","(534.0, 851.0, 270)"
3803,760,3,x2_x1_x1,0.0,0.0,0.0,"(4252, 3827, 90)","(4252.0, 3827.0, 90)"
3804,760,4,XC1_x1_x1,-44427.0384471716,43153.0,1623173.9648714256,"(3128, 233, 0)","(3128.0, 233.0, 0)"
3805,761,0,x2_x1_x1,0.0,0.0,0.0,"(4756, 693, 180)","(4961.0, 693.0, 180)"
3806,761,1,x3_x1_x1,0.0,0.0,0.0,"(2832, 1392, 180)","(2832.0, 1392.0, 180)"
3807,761,2,XC2_x1_x1,0.0,0.0,0.0,"(3434, 3784, 90)","(3434.0, 3784.0, 90)"
3808,761,3,XC1_x1_x1,0.0,0.0,0.0,"(4702, 2250, 270)","(4702.0, 2250.0, 270)"
3809,761,4,x1_x1_x1,-24240.349680750907,23584.0,430794.9034218193,"(3975, 964, 90)","(3975.0, 964.0, 90)"
3810,762,0,XC1_x1_x1,0.0,0.0,0.0,"(809, 126, 90)","(809.0, 126.0, 90)"
3811,762,1,x1_x1_x1,0.0,0.0,0.0,"(3943, 942, 90)","(3943.0, 942.0, 90)"
3812,762,2,x3_x1_x1,0.0,0.0,0.0,"(2056, 3352, 90)","(2056.0, 3352.0, 90)"
3813,762,3,XC2_x1_x1,0.0,0.0,0.0,"(2935, 3603, 270)","(2935.0, 3603.0, 270)"
3814,762,4,x2_x1_x1,-36354.51932028307,35106.5,1557552.2237998242,"(3254, 3747, 0)","(3847.0, 3747.0, 0)"
3815,763,0,XC2_x1_x1,0.0,0.0,0.0,"(763, 4600, 180)","(763.0, 4600.0, 180)"
3816,763,1,XC1_x1_x1,0.0,0.0,0.0,"(369, 3735, 0)","(369.0, 3735.0, 0)"
3817,763,2,x3_x1_x1,0.0,0.0,0.0,"(2949, 217, 90)","(2949.0, -520.0, 90)"
3818,763,3,x2_x1_x1,0.0,0.0,0.0,"(3851, 2993, 0)","(3851.0, 2993.0, 0)"
3819,763,4,x1_x1_x1,-44780.28669329668,43540.0,1538311.081568806,"(2891, 593, 0)","(2891.0, 593.0, 0)"
3820,764,0,x1_x1_x1,0.0,0.0,0.0,"(3007, 4526, 270)","(3007.0, 4526.0, 270)"
3821,764,1,x2_x1_x1,0.0,0.0,0.0,"(1680, 3, 180)","(2042.0, 3.0, 180)"
3822,764,2,x3_x1_x1,0.0,0.0,0.0,"(294, 4295, 90)","(294.0, 4295.0, 90)"
3823,764,3,XC1_x1_x1,0.0,0.0,0.0,"(3296, 3402, 270)","(3296.0, 3402.0, 270)"
3824,764,4,XC2_x1_x1,-48493.174225815266,46955.0,2365979.9489623974,"(1130, 398, 90)","(1130.0, 398.0, 90)"
3825,765,0,x3_x1_x1,0.0,0.0,0.0,"(525, 4048, 270)","(525.0, 4048.0, 270)"
3826,765,1,x2_x1_x1,0.0,0.0,0.0,"(4848, 4476, 90)","(4848.0, 4476.0, 90)"
3827,765,2,XC2_x1_x1,0.0,0.0,0.0,"(2278, 1919, 270)","(2278.0, 1735.0, 270)"
3828,765,3,x1_x1_x1,0.0,0.0,0.0,"(3459, 109, 0)","(3459.0, 109.0, 0)"
3829,765,4,XC1_x1_x1,-49555.484564565355,48101.0,2115525.348558881,"(2075, 2441, 270)","(2075.0, 2441.0, 270)"
3830,766,0,x2_x1_x1,0.0,0.0,0.0,"(3768, 1924, 270)","(3768.0, 1924.0, 270)"
3831,766,1,x1_x1_x1,0.0,0.0,0.0,"(1042, 4102, 90)","(1042.0, 4102.0, 90)"
3832,766,2,XC1_x1_x1,0.0,0.0,0.0,"(1110, 4294, 0)","(1629.0, 4294.0, 0)"
3833,766,3,XC2_x1_x1,0.0,0.0,0.0,"(680, 4747, 180)","(680.0, 4820.0, 180)"
3834,766,4,x3_x1_x1,-36648.574076039295,35640.0,1017221.666858511,"(317, 1580, 90)","(317.0, 1580.0, 90)"
3835,767,0,x2_x1_x1,0.0,0.0,0.0,"(4897, 4214, 270)","(4897.0, 4214.0, 270)"
3836,767,1,x3_x1_x1,0.0,0.0,0.0,"(2498, 3672, 180)","(2324.0, 3672.0, 180)"
3837,767,2,XC1_x1_x1,0.0,0.0,0.0,"(3236, 3807, 90)","(3236.0, 3807.0, 90)"
3838,767,3,x1_x1_x1,0.0,0.0,0.0,"(1410, 2476, 270)","(1410.0, 2476.0, 270)"
3839,767,4,XC2_x1_x1,-32811.35018205145,31800.5,1021818.0905534491,"(2032, 679, 90)","(2032.0, 679.0, 90)"
3840,768,0,x2_x1_x1,0.0,0.0,0.0,"(198, 127, 180)","(198.0, 127.0, 180)"
3841,768,1,XC1_x1_x1,0.0,0.0,0.0,"(2183, 2930, 180)","(2183.0, 2930.0, 180)"
3842,768,2,XC2_x1_x1,0.0,0.0,0.0,"(4890, 1156, 90)","(4890.0, 1156.0, 90)"
3843,768,3,x1_x1_x1,0.0,0.0,0.0,"(337, 1658, 90)","(337.0, 1658.0, 90)"
3844,768,4,x3_x1_x1,-43733.27149114119,42353.0,1905149.3892571172,"(3716, 3183, 180)","(3716.0, 3183.0, 180)"
3845,769,0,XC1_x1_x1,0.0,0.0,0.0,"(907, 2383, 90)","(907.0, 2384.5, 90)"
3846,769,1,XC2_x1_x1,0.0,0.0,0.0,"(1557, 419, 270)","(1557.0, 419.0, 270)"
3847,769,2,x1_x1_x1,0.0,0.0,0.0,"(283, 2, 90)","(283.0, 2.0, 90)"
3848,769,3,x3_x1_x1,0.0,0.0,0.0,"(1162, 1502, 180)","(1162.0, 1502.0, 180)"
3849,769,4,x2_x1_x1,-25622.376378483463,24607.5,1029974.0636037102,"(797, 2707, 0)","(797.0, 3267.0, 0)"
3850,770,0,x2_x1_x1,0.0,0.0,0.0,"(1498, 2508, 180)","(1498.0, 2508.0, 180)"
3851,770,1,x3_x1_x1,0.0,0.0,0.0,"(648, 4256, 90)","(648.0, 4256.0, 90)"
3852,770,2,x1_x1_x1,0.0,0.0,0.0,"(2315, 2089, 90)","(2484.0, 2089.0, 90)"
3853,770,3,XC2_x1_x1,0.0,0.0,0.0,"(2510, 864, 90)","(2510.0, 864.0, 90)"
3854,770,4,XC1_x1_x1,-29985.96306104728,28908.0,1162004.3609824288,"(3077, 2942, 0)","(3077.0, 2942.0, 0)"
3855,771,0,x2_x1_x1,0.0,0.0,0.0,"(4558, 4011, 270)","(4558.0, 4011.0, 270)"
3856,771,1,XC2_x1_x1,0.0,0.0,0.0,"(1683, 4164, 0)","(1683.0, 4164.0, 0)"
3857,771,2,x3_x1_x1,0.0,0.0,0.0,"(4310, 2103, 90)","(4310.0, 2103.0, 90)"
3858,771,3,x1_x1_x1,0.0,0.0,0.0,"(1393, 2782, 180)","(1393.0, 2782.0, 180)"
3859,771,4,XC1_x1_x1,-37845.216928975395,36510.0,1782804.2474224893,"(502, 3418, 0)","(502.0, 3418.0, 0)"
3860,772,0,x2_x1_x1,0.0,0.0,0.0,"(1955, 1318, 0)","(1955.0, 1318.0, 0)"
3861,772,1,x1_x1_x1,0.0,0.0,0.0,"(277, 4126, 270)","(277.0, 4126.0, 270)"
3862,772,2,XC1_x1_x1,0.0,0.0,0.0,"(481, 191, 270)","(481.0, 191.0, 270)"
3863,772,3,XC2_x1_x1,0.0,0.0,0.0,"(2413, 1630, 270)","(2867.0, 1630.0, 270)"
3864,772,4,x3_x1_x1,-35336.769404450046,34104.5,1518487.8851436684,"(1312, 4502, 0)","(1312.0, 4502.0, 0)"
3865,773,0,XC2_x1_x1,0.0,0.0,0.0,"(2552, 1086, 90)","(2552.0, 1086.0, 90)"
3866,773,1,XC1_x1_x1,0.0,0.0,0.0,"(4352, 118, 90)","(4352.0, 118.0, 90)"
3867,773,2,x1_x1_x1,0.0,0.0,0.0,"(4345, 710, 180)","(4345.0, 710.0, 180)"
3868,773,3,x3_x1_x1,0.0,0.0,0.0,"(3413, 2116, 270)","(3413.0, 2116.0, 270)"
3869,773,4,x2_x1_x1,-33583.06944358981,32251.5,1773077.1831020743,"(2510, 3140, 180)","(2510.0, 3524.5, 180)"
3870,774,0,x2_x1_x1,0.0,0.0,0.0,"(2503, 3372, 270)","(2760.5, 3462.0, 270)"
3871,774,1,XC2_x1_x1,0.0,0.0,0.0,"(1479, 2253, 90)","(1479.0, 1846.5, 90)"
3872,774,2,x3_x1_x1,0.0,0.0,0.0,"(1352, 2729, 0)","(1352.0, 2729.0, 0)"
3873,774,3,x1_x1_x1,0.0,0.0,0.0,"(2507, 1825, 0)","(2507.0, 1816.0, 0)"
3874,774,4,XC1_x1_x1,-19449.344936987243,18741.0,501752.5497554594,"(2463, 2477, 270)","(2463.0, 2477.0, 270)"
3875,775,0,XC1_x1_x1,0.0,0.0,0.0,"(655, 1761, 180)","(655.0, 1761.0, 180)"
3876,775,1,x3_x1_x1,0.0,0.0,0.0,"(4353, 885, 180)","(4353.0, 780.5, 180)"
3877,775,2,x2_x1_x1,0.0,0.0,0.0,"(2342, 3642, 270)","(2342.0, 3642.0, 270)"
3878,775,3,x1_x1_x1,0.0,0.0,0.0,"(4595, 1664, 180)","(4595.0, 1664.0, 180)"
3879,775,4,XC2_x1_x1,-46863.37521869974,45347.5,2297877.6786679737,"(25, 4915, 90)","(25.0, 4915.0, 90)"
3880,776,0,x1_x1_x1,0.0,0.0,0.0,"(3835, 4044, 90)","(3835.0, 4044.0, 90)"
3881,776,1,x3_x1_x1,0.0,0.0,0.0,"(3379, 45, 90)","(3379.0, 45.0, 90)"
3882,776,2,x2_x1_x1,0.0,0.0,0.0,"(3924, 4458, 270)","(3924.0, 5234.0, 270)"
3883,776,3,XC2_x1_x1,0.0,0.0,0.0,"(3724, 1922, 0)","(3724.0, 1922.0, 0)"
3884,776,4,XC1_x1_x1,-45749.592373408006,44304.5,2088291.9676819926,"(1168, 349, 0)","(1168.0, 349.0, 0)"
3885,777,0,x3_x1_x1,0.0,0.0,0.0,"(3917, 3247, 0)","(3917.0, 3247.0, 0)"
3886,777,1,XC1_x1_x1,0.0,0.0,0.0,"(4348, 1974, 180)","(4348.0, 1974.0, 180)"
3887,777,2,x1_x1_x1,0.0,0.0,0.0,"(3741, 622, 180)","(3741.0, 622.0, 180)"
3888,777,3,XC2_x1_x1,0.0,0.0,0.0,"(254, 3898, 90)","(254.0, 3898.0, 90)"
3889,777,4,x2_x1_x1,-34380.40549501136,33281.0,1208692.4424611726,"(4080, 3360, 0)","(4080.0, 4455.5, 0)"
3890,778,0,XC2_x1_x1,0.0,0.0,0.0,"(3419, 2100, 270)","(3419.0, 2100.0, 270)"
3891,778,1,x3_x1_x1,0.0,0.0,0.0,"(922, 89, 90)","(922.0, 89.0, 90)"
3892,778,2,x2_x1_x1,0.0,0.0,0.0,"(966, 2426, 90)","(966.0, 2426.0, 90)"
3893,778,3,XC1_x1_x1,0.0,0.0,0.0,"(2376, 4247, 180)","(2376.0, 4247.0, 180)"
3894,778,4,x1_x1_x1,-38841.21633776655,37643.0,1435722.392090683,"(3701, 3573, 270)","(3701.0, 3573.0, 270)"
3895,779,0,x1_x1_x1,0.0,0.0,0.0,"(1799, 1554, 90)","(1799.0, 1500.0, 90)"
3896,779,1,x3_x1_x1,0.0,0.0,0.0,"(705, 4052, 90)","(705.0, 4052.0, 90)"
3897,779,2,x2_x1_x1,0.0,0.0,0.0,"(93, 4480, 180)","(-606.0, 4480.0, 180)"
3898,779,3,XC1_x1_x1,0.0,0.0,0.0,"(4579, 1021, 270)","(4579.0, 1021.0, 270)"
3899,779,4,XC2_x1_x1,-41787.094809050555,40457.0,1769152.2010632323,"(2326, 2218, 0)","(2326.0, 2218.0, 0)"
3900,780,0,x1_x1_x1,0.0,0.0,0.0,"(2368, 3428, 90)","(2368.0, 3428.0, 90)"
3901,780,1,XC2_x1_x1,0.0,0.0,0.0,"(2948, 2188, 90)","(2948.0, 2188.0, 90)"
3902,780,2,XC1_x1_x1,0.0,0.0,0.0,"(1539, 3761, 90)","(1539.0, 3761.0, 90)"
3903,780,3,x3_x1_x1,0.0,0.0,0.0,"(3413, 697, 180)","(3413.0, 697.0, 180)"
3904,780,4,x2_x1_x1,-30122.704599279718,29165.5,916240.6448822429,"(856, 3708, 90)","(729.5, 3708.0, 90)"
3905,781,0,XC2_x1_x1,0.0,0.0,0.0,"(4193, 3363, 0)","(4193.0, 3487.0, 0)"
3906,781,1,XC1_x1_x1,0.0,0.0,0.0,"(3214, 837, 180)","(3214.0, 610.0, 180)"
3907,781,2,x1_x1_x1,0.0,0.0,0.0,"(960, 3123, 0)","(960.0, 3123.0, 0)"
3908,781,3,x3_x1_x1,0.0,0.0,0.0,"(3567, 1522, 270)","(3567.0, 1522.0, 270)"
3909,781,4,x2_x1_x1,-33882.585146787074,32690.0,1422259.3323371417,"(4347, 2575, 270)","(4775.5, 2575.0, 270)"
3910,782,0,XC2_x1_x1,0.0,0.0,0.0,"(4091, 2733, 270)","(4091.0, 2733.0, 270)"
3911,782,1,x2_x1_x1,0.0,0.0,0.0,"(1930, 4445, 0)","(1930.0, 4445.0, 0)"
3912,782,2,XC1_x1_x1,0.0,0.0,0.0,"(2795, 4289, 270)","(2842.0, 4289.0, 270)"
3913,782,3,x3_x1_x1,0.0,0.0,0.0,"(572, 4917, 90)","(572.0, 4917.0, 90)"
3914,782,4,x1_x1_x1,-27785.83156276346,26799.0,973836.5332661674,"(566, 3744, 270)","(566.0, 3600.0, 270)"
3915,783,0,x2_x1_x1,0.0,0.0,0.0,"(4859, 337, 0)","(4859.0, 337.0, 0)"
3916,783,1,x1_x1_x1,0.0,0.0,0.0,"(1371, 721, 180)","(1371.0, 721.0, 180)"
3917,783,2,XC2_x1_x1,0.0,0.0,0.0,"(409, 2384, 0)","(-8.0, 2384.0, 0)"
3918,783,3,XC1_x1_x1,0.0,0.0,0.0,"(625, 2364, 270)","(625.0, 2364.0, 270)"
3919,783,4,x3_x1_x1,-39270.50210175356,37915.0,1837385.9478583168,"(3860, 1861, 270)","(3860.0, 1861.0, 270)"
3920,784,0,x3_x1_x1,0.0,0.0,0.0,"(3964, 253, 270)","(3964.0, 253.0, 270)"
3921,784,1,x2_x1_x1,0.0,0.0,0.0,"(2519, 2970, 0)","(2519.0, 2970.0, 0)"
3922,784,2,x1_x1_x1,0.0,0.0,0.0,"(1512, 2459, 90)","(1512.0, 2459.0, 90)"
3923,784,3,XC2_x1_x1,0.0,0.0,0.0,"(3679, 1173, 0)","(3679.0, 1173.0, 0)"
3924,784,4,XC1_x1_x1,-32252.896608182502,31064.0,1413475.1449478597,"(851, 420, 270)","(851.0, 420.0, 270)"
3925,785,0,XC2_x1_x1,0.0,0.0,0.0,"(412, 1439, 270)","(412.0, 1439.0, 270)"
3926,785,1,x1_x1_x1,0.0,0.0,0.0,"(3994, 1863, 90)","(4207.0, 1863.0, 90)"
3927,785,2,x3_x1_x1,0.0,0.0,0.0,"(3294, 2347, 270)","(3294.0, 2347.0, 270)"
3928,785,3,XC1_x1_x1,0.0,0.0,0.0,"(984, 2765, 270)","(984.0, 2765.0, 270)"
3929,785,4,x2_x1_x1,-32512.9266145863,31348.0,1357054.0173715004,"(4847, 1603, 0)","(5193.0, 1603.0, 0)"
3930,786,0,x3_x1_x1,0.0,0.0,0.0,"(4138, 4844, 90)","(4138.0, 4844.0, 90)"
3931,786,1,XC1_x1_x1,0.0,0.0,0.0,"(3237, 898, 0)","(3237.0, 898.0, 0)"
3932,786,2,x1_x1_x1,0.0,0.0,0.0,"(3091, 3346, 90)","(3091.0, 3346.0, 90)"
3933,786,3,x2_x1_x1,0.0,0.0,0.0,"(2368, 213, 180)","(2252.0, 213.0, 180)"
3934,786,4,XC2_x1_x1,-37952.566980009055,36850.5,1214551.6284262808,"(1058, 3632, 0)","(1058.0, 3632.0, 0)"
3935,787,0,XC1_x1_x1,0.0,0.0,0.0,"(2002, 4447, 180)","(2002.0, 4447.0, 180)"
3936,787,1,x1_x1_x1,0.0,0.0,0.0,"(2130, 1998, 90)","(2130.0, 1998.0, 90)"
3937,787,2,x2_x1_x1,0.0,0.0,0.0,"(1943, 1588, 180)","(1943.0, 783.5, 180)"
3938,787,3,x3_x1_x1,0.0,0.0,0.0,"(4692, 3801, 0)","(4692.0, 3801.0, 0)"
3939,787,4,XC2_x1_x1,-40810.92391936522,39519.0,1669067.4134279895,"(2988, 603, 0)","(2988.0, 603.0, 0)"
3940,788,0,XC2_x1_x1,0.0,0.0,0.0,"(870, 4275, 90)","(870.0, 4275.0, 90)"
3941,788,1,x2_x1_x1,0.0,0.0,0.0,"(3199, 3625, 90)","(3199.0, 3625.0, 90)"
3942,788,2,XC1_x1_x1,0.0,0.0,0.0,"(4499, 159, 180)","(4499.0, 159.0, 180)"
3943,788,3,x3_x1_x1,0.0,0.0,0.0,"(2010, 490, 180)","(2010.0, 490.0, 180)"
3944,788,4,x1_x1_x1,-39888.43526305578,38633.5,1574862.5144608743,"(4220, 3558, 90)","(4220.0, 3558.0, 90)"
3945,789,0,x2_x1_x1,0.0,0.0,0.0,"(4399, 2321, 0)","(4410.0, 2321.0, 0)"
3946,789,1,XC1_x1_x1,0.0,0.0,0.0,"(4474, 4567, 90)","(4474.0, 4567.0, 90)"
3947,789,2,x1_x1_x1,0.0,0.0,0.0,"(3297, 2450, 270)","(3297.0, 2450.0, 270)"
3948,789,3,x3_x1_x1,0.0,0.0,0.0,"(744, 3418, 0)","(744.0, 3418.0, 0)"
3949,789,4,XC2_x1_x1,-31649.509384549987,30644.0,1011049.1224180906,"(952, 1987, 0)","(952.0, 1987.0, 0)"
3950,790,0,XC2_x1_x1,0.0,0.0,0.0,"(3961, 2504, 180)","(3961.0, 3135.0, 180)"
3951,790,1,XC1_x1_x1,0.0,0.0,0.0,"(2161, 2551, 0)","(2161.0, 2551.0, 0)"
3952,790,2,x2_x1_x1,0.0,0.0,0.0,"(3523, 1920, 270)","(3523.0, 1920.0, 270)"
3953,790,3,x1_x1_x1,0.0,0.0,0.0,"(2948, 45, 90)","(2948.0, 45.0, 90)"
3954,790,4,x3_x1_x1,-26847.038649193757,25899.5,897829.4917159273,"(3733, 2223, 90)","(4731.5, 2223.0, 90)"
3955,791,0,XC1_x1_x1,0.0,0.0,0.0,"(1055, 190, 270)","(1055.0, 190.0, 270)"
3956,791,1,x2_x1_x1,0.0,0.0,0.0,"(1010, 3306, 0)","(1010.0, 3306.0, 0)"
3957,791,2,XC2_x1_x1,0.0,0.0,0.0,"(1091, 2075, 0)","(1091.0, 2075.0, 0)"
3958,791,3,x3_x1_x1,0.0,0.0,0.0,"(3099, 2386, 90)","(3099.0, 2386.0, 90)"
3959,791,4,x1_x1_x1,-33284.65471162527,32131.0,1330919.1936551759,"(3641, 460, 0)","(3641.0, 460.0, 0)"
3960,792,0,XC1_x1_x1,0.0,0.0,0.0,"(4074, 4871, 270)","(4074.0, 5092.0, 270)"
3961,792,1,XC2_x1_x1,0.0,0.0,0.0,"(3968, 869, 180)","(3968.0, 608.0, 180)"
3962,792,2,x1_x1_x1,0.0,0.0,0.0,"(4072, 4301, 90)","(4072.0, 4301.0, 90)"
3963,792,3,x3_x1_x1,0.0,0.0,0.0,"(3457, 554, 90)","(3457.0, -304.0, 90)"
3964,792,4,x2_x1_x1,-32636.94965159041,31751.5,784021.0855015779,"(3471, 1520, 90)","(3471.0, 1520.0, 90)"
3965,793,0,x1_x1_x1,0.0,0.0,0.0,"(2919, 2334, 180)","(2919.0, 2334.0, 180)"
3966,793,1,XC2_x1_x1,0.0,0.0,0.0,"(866, 3690, 0)","(866.0, 3690.0, 0)"
3967,793,2,XC1_x1_x1,0.0,0.0,0.0,"(506, 1474, 90)","(506.0, 1474.0, 90)"
3968,793,3,x3_x1_x1,0.0,0.0,0.0,"(3822, 713, 270)","(3822.0, -36.0, 270)"
3969,793,4,x2_x1_x1,-31733.38437160882,30757.5,952350.3067503397,"(3558, 1695, 270)","(3558.0, 1348.0, 270)"
3970,794,0,x2_x1_x1,0.0,0.0,0.0,"(2431, 1467, 270)","(2431.0, 1467.0, 270)"
3971,794,1,x1_x1_x1,0.0,0.0,0.0,"(1480, 4933, 0)","(1480.0, 4933.0, 0)"
3972,794,2,XC2_x1_x1,0.0,0.0,0.0,"(3132, 1073, 90)","(3240.5, 1073.0, 90)"
3973,794,3,x3_x1_x1,0.0,0.0,0.0,"(2489, 1212, 90)","(2489.0, 83.0, 90)"
3974,794,4,XC1_x1_x1,-32865.0122920236,31755.0,1232127.2884434895,"(2799, 3154, 90)","(2799.0, 3154.0, 90)"
3975,795,0,XC2_x1_x1,0.0,0.0,0.0,"(4431, 2104, 270)","(4431.0, 2104.0, 270)"
3976,795,1,x1_x1_x1,0.0,0.0,0.0,"(2820, 3280, 0)","(2820.0, 3382.0, 0)"
3977,795,2,XC1_x1_x1,0.0,0.0,0.0,"(1778, 4380, 180)","(1778.0, 4380.0, 180)"
3978,795,3,x2_x1_x1,0.0,0.0,0.0,"(722, 304, 270)","(722.0, 304.0, 270)"
3979,795,4,x3_x1_x1,-35129.751428945994,34123.0,1013548.4396848044,"(3493, 2469, 0)","(3493.0, 2469.0, 0)"
3980,796,0,x2_x1_x1,0.0,0.0,0.0,"(4660, 2990, 180)","(5825.0, 2990.0, 180)"
3981,796,1,x3_x1_x1,0.0,0.0,0.0,"(4314, 2388, 0)","(4314.0, 2388.0, 0)"
3982,796,2,x1_x1_x1,0.0,0.0,0.0,"(2351, 3413, 90)","(2351.0, 3413.0, 90)"
3983,796,3,XC1_x1_x1,0.0,0.0,0.0,"(974, 985, 0)","(974.0, 985.0, 0)"
3984,796,4,XC2_x1_x1,-39079.368515495014,37852.5,1505206.3543129386,"(1173, 1976, 0)","(1173.0, 1976.0, 0)"
3985,797,0,x2_x1_x1,0.0,0.0,0.0,"(3169, 4080, 90)","(3169.0, 4080.0, 90)"
3986,797,1,XC2_x1_x1,0.0,0.0,0.0,"(3599, 548, 90)","(3599.0, 548.0, 90)"
3987,797,2,x3_x1_x1,0.0,0.0,0.0,"(178, 4010, 180)","(178.0, 4010.0, 180)"
3988,797,3,XC1_x1_x1,0.0,0.0,0.0,"(1530, 58, 0)","(1530.0, 58.0, 0)"
3989,797,4,x1_x1_x1,-46416.06645194487,44966.5,2101242.898604033,"(4058, 1757, 90)","(4058.0, 1757.0, 90)"
3990,798,0,x1_x1_x1,0.0,0.0,0.0,"(4764, 2334, 180)","(4764.0, 2334.0, 180)"
3991,798,1,x3_x1_x1,0.0,0.0,0.0,"(4378, 607, 270)","(4378.0, 607.0, 270)"
3992,798,2,x2_x1_x1,0.0,0.0,0.0,"(1586, 3827, 90)","(1586.0, 3827.0, 90)"
3993,798,3,XC1_x1_x1,0.0,0.0,0.0,"(564, 2446, 180)","(564.0, 2446.0, 180)"
3994,798,4,XC2_x1_x1,-39898.73279412217,38715.0,1401223.3278802647,"(3981, 4734, 0)","(3981.0, 4734.0, 0)"
3995,799,0,x2_x1_x1,0.0,0.0,0.0,"(1563, 1282, 270)","(1563.0, 1282.0, 270)"
3996,799,1,x1_x1_x1,0.0,0.0,0.0,"(1446, 4627, 0)","(1446.0, 4627.0, 0)"
3997,799,2,XC1_x1_x1,0.0,0.0,0.0,"(1639, 89, 0)","(1639.0, 89.0, 0)"
3998,799,3,x3_x1_x1,0.0,0.0,0.0,"(4542, 2270, 270)","(4542.0, 2270.0, 270)"
3999,799,4,XC2_x1_x1,-39324.056061261464,38127.5,1431746.4077415497,"(831, 1409, 0)","(680.5, 1409.0, 0)"
4000,800,0,XC1_x1_x1,0.0,0.0,0.0,"(3162, 1640, 180)","(3162.0, 1640.0, 180)"
4001,800,1,x1_x1_x1,0.0,0.0,0.0,"(431, 639, 0)","(431.0, 639.0, 0)"
4002,800,2,XC2_x1_x1,0.0,0.0,0.0,"(657, 2635, 180)","(657.0, 2635.0, 180)"
4003,800,3,x2_x1_x1,0.0,0.0,0.0,"(3862, 4371, 0)","(3862.0, 4371.0, 0)"
4004,800,4,x3_x1_x1,-47881.997081107904,46527.0,1836017.0898109402,"(14, 109, 0)","(14.0, -371.5, 0)"
4005,801,0,XC1_x1_x1,0.0,0.0,0.0,"(709, 4133, 180)","(709.0, 4133.0, 180)"
4006,801,1,XC2_x1_x1,0.0,0.0,0.0,"(602, 970, 90)","(-173.5, 970.0, 90)"
4007,801,2,x2_x1_x1,0.0,0.0,0.0,"(4747, 1324, 270)","(4747.0, 1324.0, 270)"
4008,801,3,x3_x1_x1,0.0,0.0,0.0,"(636, 981, 90)","(636.0, 981.0, 90)"
4009,801,4,x1_x1_x1,-40502.23738211092,39288.0,1474372.4201155854,"(3029, 2836, 180)","(3029.0, 2836.0, 180)"
4010,802,0,x3_x1_x1,0.0,0.0,0.0,"(3462, 2197, 180)","(3462.0, 2197.0, 180)"
4011,802,1,XC2_x1_x1,0.0,0.0,0.0,"(4563, 2491, 0)","(4563.0, 2491.0, 0)"
4012,802,2,x1_x1_x1,0.0,0.0,0.0,"(2339, 180, 90)","(2339.0, 180.0, 90)"
4013,802,3,XC1_x1_x1,0.0,0.0,0.0,"(4824, 2077, 90)","(4824.0, 1858.0, 90)"
4014,802,4,x2_x1_x1,-36948.08209991213,35770.5,1386699.6020334535,"(4855, 4446, 180)","(4855.0, 4446.0, 180)"
4015,803,0,x3_x1_x1,0.0,0.0,0.0,"(145, 34, 270)","(145.0, 34.0, 270)"
4016,803,1,x2_x1_x1,0.0,0.0,0.0,"(20, 2463, 0)","(20.0, 2463.0, 0)"
4017,803,2,x1_x1_x1,0.0,0.0,0.0,"(4737, 34, 180)","(4737.0, 34.0, 180)"
4018,803,3,XC1_x1_x1,0.0,0.0,0.0,"(2575, 4830, 270)","(2575.0, 4830.0, 270)"
4019,803,4,XC2_x1_x1,-55107.951828133846,53504.5,2571057.7651457647,"(4592, 4270, 0)","(4592.0, 4270.0, 0)"
4020,804,0,XC2_x1_x1,0.0,0.0,0.0,"(1071, 4404, 0)","(1071.0, 4404.0, 0)"
4021,804,1,x3_x1_x1,0.0,0.0,0.0,"(4627, 3443, 180)","(4627.0, 3443.0, 180)"
4022,804,2,XC1_x1_x1,0.0,0.0,0.0,"(3591, 4679, 180)","(3591.0, 4679.0, 180)"
4023,804,3,x2_x1_x1,0.0,0.0,0.0,"(1539, 2472, 0)","(1539.0, 2472.0, 0)"
4024,804,4,x1_x1_x1,-44897.557772249886,43515.5,1910083.685836309,"(1245, 121, 0)","(1245.0, 121.0, 0)"
4025,805,0,XC2_x1_x1,0.0,0.0,0.0,"(565, 2010, 90)","(565.0, 2010.0, 90)"
4026,805,1,x1_x1_x1,0.0,0.0,0.0,"(4330, 1108, 0)","(4330.0, 1108.0, 0)"
4027,805,2,x2_x1_x1,0.0,0.0,0.0,"(4702, 2815, 90)","(4702.0, 2815.0, 90)"
4028,805,3,x3_x1_x1,0.0,0.0,0.0,"(2213, 2559, 180)","(2213.0, 2559.0, 180)"
4029,805,4,XC1_x1_x1,-34439.894755212226,33346.5,1195512.0907255982,"(43, 2446, 0)","(-68.0, 2446.0, 0)"
4030,806,0,XC2_x1_x1,0.0,0.0,0.0,"(1290, 3294, 0)","(1290.0, 3294.0, 0)"
4031,806,1,x3_x1_x1,0.0,0.0,0.0,"(3465, 4074, 270)","(3465.0, 4074.0, 270)"
4032,806,2,XC1_x1_x1,0.0,0.0,0.0,"(2620, 3251, 90)","(2620.0, 3312.0, 90)"
4033,806,3,x2_x1_x1,0.0,0.0,0.0,"(3399, 265, 180)","(3399.0, 265.0, 180)"
4034,806,4,x1_x1_x1,-32933.986271647176,31916.0,1036296.0492621171,"(2324, 2725, 180)","(2324.0, 2725.0, 180)"
4035,807,0,x2_x1_x1,0.0,0.0,0.0,"(4072, 3843, 90)","(4194.5, 3843.0, 90)"
4036,807,1,x1_x1_x1,0.0,0.0,0.0,"(1798, 882, 0)","(1798.0, 882.0, 0)"
4037,807,2,XC2_x1_x1,0.0,0.0,0.0,"(2161, 2097, 180)","(2161.0, 2097.0, 180)"
4038,807,3,x3_x1_x1,0.0,0.0,0.0,"(2986, 3046, 90)","(2986.0, 3046.0, 90)"
4039,807,4,XC1_x1_x1,-29869.735520711132,28882.5,974633.9733537788,"(2905, 4714, 270)","(2905.0, 4714.0, 270)"
4040,808,0,x3_x1_x1,0.0,0.0,0.0,"(2406, 4836, 0)","(2406.0, 4917.5, 0)"
4041,808,1,x2_x1_x1,0.0,0.0,0.0,"(4174, 1865, 90)","(4174.0, 1865.0, 90)"
4042,808,2,XC1_x1_x1,0.0,0.0,0.0,"(3230, 4108, 180)","(3230.0, 4108.0, 180)"
4043,808,3,XC2_x1_x1,0.0,0.0,0.0,"(4192, 1805, 0)","(4192.0, 953.0, 0)"
4044,808,4,x1_x1_x1,-39111.60166532564,37632.0,2189221.088034401,"(2708, 1228, 0)","(2708.0, 1228.0, 0)"
4045,809,0,x1_x1_x1,0.0,0.0,0.0,"(4586, 1651, 0)","(4586.0, 1651.0, 0)"
4046,809,1,x3_x1_x1,0.0,0.0,0.0,"(528, 3409, 0)","(-338.0, 3409.0, 0)"
4047,809,2,XC2_x1_x1,0.0,0.0,0.0,"(2626, 2576, 0)","(2626.0, 2576.0, 0)"
4048,809,3,x2_x1_x1,0.0,0.0,0.0,"(973, 3253, 90)","(973.0, 3253.0, 90)"
4049,809,4,XC1_x1_x1,-37274.763588256224,36051.5,1496373.806353486,"(162, 2479, 270)","(162.0, 2479.0, 270)"
4050,810,0,XC2_x1_x1,0.0,0.0,0.0,"(1837, 2582, 180)","(1837.0, 2582.0, 180)"
4051,810,1,x3_x1_x1,0.0,0.0,0.0,"(126, 431, 270)","(126.0, 431.0, 270)"
4052,810,2,x1_x1_x1,0.0,0.0,0.0,"(666, 2299, 0)","(666.0, 2299.0, 0)"
4053,810,3,x2_x1_x1,0.0,0.0,0.0,"(1553, 4689, 0)","(1553.0, 4689.0, 0)"
4054,810,4,XC1_x1_x1,-40897.34862402837,39654.5,1544672.7022492073,"(3485, 563, 270)","(3485.0, 563.0, 270)"
4055,811,0,x3_x1_x1,0.0,0.0,0.0,"(268, 37, 270)","(268.0, 37.0, 270)"
4056,811,1,XC2_x1_x1,0.0,0.0,0.0,"(1081, 1555, 180)","(1081.0, 1555.0, 180)"
4057,811,2,x1_x1_x1,0.0,0.0,0.0,"(2962, 904, 0)","(2962.0, 904.0, 0)"
4058,811,3,x2_x1_x1,0.0,0.0,0.0,"(2134, 3001, 90)","(2134.0, 3001.0, 90)"
4059,811,4,XC1_x1_x1,-31926.248021626372,30914.0,1024646.0572865054,"(1150, 1905, 0)","(1150.0, 2115.0, 0)"
4060,812,0,x2_x1_x1,0.0,0.0,0.0,"(1766, 1382, 0)","(1766.0, 1382.0, 0)"
4061,812,1,XC2_x1_x1,0.0,0.0,0.0,"(2262, 1260, 0)","(2751.0, 1260.0, 0)"
4062,812,2,x3_x1_x1,0.0,0.0,0.0,"(130, 738, 0)","(130.0, 738.0, 0)"
4063,812,3,x1_x1_x1,0.0,0.0,0.0,"(494, 4556, 90)","(494.0, 4556.0, 90)"
4064,812,4,XC1_x1_x1,-35152.5333435519,34155.5,994075.4881542829,"(3774, 634, 180)","(3774.0, 634.0, 180)"
4065,813,0,x2_x1_x1,0.0,0.0,0.0,"(2336, 1864, 90)","(2336.0, 1864.0, 90)"
4066,813,1,XC1_x1_x1,0.0,0.0,0.0,"(4818, 1905, 180)","(4818.0, 1905.0, 180)"
4067,813,2,x3_x1_x1,0.0,0.0,0.0,"(2282, 1469, 0)","(2282.0, 455.5, 0)"
4068,813,3,XC2_x1_x1,0.0,0.0,0.0,"(3382, 2639, 90)","(3382.0, 2639.0, 90)"
4069,813,4,x1_x1_x1,-29335.61305553129,28272.5,1130209.3688410746,"(1319, 3191, 90)","(1319.0, 3191.0, 90)"
4070,814,0,XC2_x1_x1,0.0,0.0,0.0,"(4074, 3924, 90)","(4074.0, 3924.0, 90)"
4071,814,1,x2_x1_x1,0.0,0.0,0.0,"(813, 2148, 0)","(813.0, 2148.0, 0)"
4072,814,2,x1_x1_x1,0.0,0.0,0.0,"(767, 1725, 270)","(767.0, 1031.0, 270)"
4073,814,3,XC1_x1_x1,0.0,0.0,0.0,"(4227, 3741, 0)","(4227.0, 3291.0, 0)"
4074,814,4,x3_x1_x1,-38855.74446976972,37569.5,1654424.836013197,"(4563, 1868, 90)","(4563.0, 1868.0, 90)"
4075,815,0,x3_x1_x1,0.0,0.0,0.0,"(973, 3833, 90)","(973.0, 4625.0, 90)"
4076,815,1,x1_x1_x1,0.0,0.0,0.0,"(712, 2994, 180)","(712.0, 3512.0, 180)"
4077,815,2,x2_x1_x1,0.0,0.0,0.0,"(966, 2599, 0)","(966.0, 2599.0, 0)"
4078,815,3,XC2_x1_x1,0.0,0.0,0.0,"(2805, 2038, 0)","(2805.0, 2038.0, 0)"
4079,815,4,XC1_x1_x1,-24478.307553051945,23641.5,700246.8808447869,"(343, 2632, 270)","(54.0, 2632.0, 270)"
4080,816,0,XC1_x1_x1,0.0,0.0,0.0,"(1079, 516, 90)","(915.0, 516.0, 90)"
4081,816,1,x3_x1_x1,0.0,0.0,0.0,"(3677, 3462, 90)","(3677.0, 3462.0, 90)"
4082,816,2,XC2_x1_x1,0.0,0.0,0.0,"(3360, 962, 270)","(3360.0, 962.0, 270)"
4083,816,3,x2_x1_x1,0.0,0.0,0.0,"(1827, 120, 180)","(1827.0, 120.0, 180)"
4084,816,4,x1_x1_x1,-34195.272527671856,33203.5,983612.7466446155,"(103, 632, 90)","(103.0, 632.0, 90)"
4085,817,0,x2_x1_x1,0.0,0.0,0.0,"(851, 1707, 0)","(851.0, 1707.0, 0)"
4086,817,1,x1_x1_x1,0.0,0.0,0.0,"(3723, 1167, 180)","(4110.0, 1167.0, 180)"
4087,817,2,XC2_x1_x1,0.0,0.0,0.0,"(3554, 1854, 0)","(3554.0, 1854.0, 0)"
4088,817,3,x3_x1_x1,0.0,0.0,0.0,"(1998, 4049, 0)","(1998.0, 4049.0, 0)"
4089,817,4,XC1_x1_x1,-35124.18329819845,34043.0,1168957.3243032717,"(3392, 1602, 90)","(3392.0, 1221.0, 90)"
4090,818,0,XC1_x1_x1,0.0,0.0,0.0,"(1535, 4779, 0)","(1535.0, 4779.0, 0)"
4091,818,1,x3_x1_x1,0.0,0.0,0.0,"(494, 1675, 0)","(494.0, 1675.0, 0)"
4092,818,2,XC2_x1_x1,0.0,0.0,0.0,"(527, 3320, 90)","(527.0, 3320.0, 90)"
4093,818,3,x2_x1_x1,0.0,0.0,0.0,"(2612, 1016, 90)","(2612.0, 1016.0, 90)"
4094,818,4,x1_x1_x1,-29344.629522509567,28440.5,817450.193473379,"(1574, 2893, 270)","(1574.0, 2893.0, 270)"
4095,819,0,XC1_x1_x1,0.0,0.0,0.0,"(642, 1543, 180)","(642.0, 1543.0, 180)"
4096,819,1,x1_x1_x1,0.0,0.0,0.0,"(1495, 1677, 0)","(1495.0, 1677.0, 0)"
4097,819,2,XC2_x1_x1,0.0,0.0,0.0,"(3035, 3349, 0)","(3035.0, 3349.0, 0)"
4098,819,3,x2_x1_x1,0.0,0.0,0.0,"(4176, 4729, 270)","(4703.5, 4729.0, 270)"
4099,819,4,x3_x1_x1,-41398.78521201931,39954.0,2087404.3088696923,"(3295, 4647, 0)","(3295.0, 4647.0, 0)"
4100,820,0,XC1_x1_x1,0.0,0.0,0.0,"(3408, 4616, 0)","(3408.0, 4616.0, 0)"
4101,820,1,XC2_x1_x1,0.0,0.0,0.0,"(3276, 2468, 270)","(3276.0, 2468.0, 270)"
4102,820,2,x2_x1_x1,0.0,0.0,0.0,"(1034, 1899, 0)","(1034.0, 1899.0, 0)"
4103,820,3,x3_x1_x1,0.0,0.0,0.0,"(1515, 422, 0)","(1515.0, 422.0, 0)"
4104,820,4,x1_x1_x1,-36065.55582946988,34983.0,1171927.1239192237,"(4477, 2040, 0)","(4477.0, 2040.0, 0)"
4105,821,0,x2_x1_x1,0.0,0.0,0.0,"(2893, 4887, 90)","(2893.0, 4887.0, 90)"
4106,821,1,XC1_x1_x1,0.0,0.0,0.0,"(2197, 3637, 90)","(2197.0, 3637.0, 90)"
4107,821,2,x1_x1_x1,0.0,0.0,0.0,"(3176, 1685, 0)","(3176.0, 1685.0, 0)"
4108,821,3,x3_x1_x1,0.0,0.0,0.0,"(3602, 687, 180)","(3602.0, 674.5, 180)"
4109,821,4,XC2_x1_x1,-40164.51226239764,38917.0,1556286.8448324825,"(457, 4603, 90)","(457.0, 4603.0, 90)"
4110,822,0,x2_x1_x1,0.0,0.0,0.0,"(3680, 1704, 90)","(3680.0, 1161.0, 90)"
4111,822,1,XC2_x1_x1,0.0,0.0,0.0,"(1205, 4017, 90)","(1205.0, 4017.0, 90)"
4112,822,2,x3_x1_x1,0.0,0.0,0.0,"(3793, 2472, 180)","(3793.0, 2472.0, 180)"
4113,822,3,x1_x1_x1,0.0,0.0,0.0,"(1323, 788, 0)","(1323.0, 788.0, 0)"
4114,822,4,XC1_x1_x1,-27192.883674805096,26386.0,651061.2646669775,"(2576, 548, 0)","(2576.0, 548.0, 0)"
4115,823,0,XC2_x1_x1,0.0,0.0,0.0,"(1723, 167, 180)","(1723.0, 167.0, 180)"
4116,823,1,x3_x1_x1,0.0,0.0,0.0,"(1142, 3413, 0)","(1142.0, 3413.0, 0)"
4117,823,2,x1_x1_x1,0.0,0.0,0.0,"(521, 283, 270)","(521.0, 283.0, 270)"
4118,823,3,x2_x1_x1,0.0,0.0,0.0,"(4268, 762, 90)","(4268.0, 762.0, 90)"
4119,823,4,XC1_x1_x1,-40810.02197587823,39494.5,1730598.0690185782,"(128, 949, 0)","(128.0, 1001.0, 0)"
4120,824,0,x3_x1_x1,0.0,0.0,0.0,"(3693, 2862, 180)","(3693.0, 2862.0, 180)"
4121,824,1,XC1_x1_x1,0.0,0.0,0.0,"(4600, 2444, 180)","(4678.0, 2444.0, 180)"
4122,824,2,x1_x1_x1,0.0,0.0,0.0,"(138, 335, 270)","(128.0, 335.0, 270)"
4123,824,3,XC2_x1_x1,0.0,0.0,0.0,"(4365, 1368, 270)","(4365.0, 1368.0, 270)"
4124,824,4,x2_x1_x1,-44485.84021563055,42904.0,2502218.46778611,"(1041, 397, 90)","(1041.0, 397.0, 90)"
4125,825,0,x2_x1_x1,0.0,0.0,0.0,"(3962, 1682, 90)","(3962.0, 1682.0, 90)"
4126,825,1,x3_x1_x1,0.0,0.0,0.0,"(279, 3460, 180)","(279.0, 3460.0, 180)"
4127,825,2,XC1_x1_x1,0.0,0.0,0.0,"(1183, 2048, 90)","(1183.0, 2048.0, 90)"
4128,825,3,x1_x1_x1,0.0,0.0,0.0,"(4034, 1336, 180)","(4034.0, 569.0, 180)"
4129,825,4,XC2_x1_x1,-44408.75910677592,42964.0,2087328.8766119576,"(4294, 2034, 0)","(4844.5, 2034.0, 0)"
4130,826,0,XC1_x1_x1,0.0,0.0,0.0,"(4064, 1125, 180)","(4064.0, 1125.0, 180)"
4131,826,1,XC2_x1_x1,0.0,0.0,0.0,"(4490, 1420, 270)","(4697.0, 1420.0, 270)"
4132,826,2,x1_x1_x1,0.0,0.0,0.0,"(2179, 4821, 0)","(2179.0, 4821.0, 0)"
4133,826,3,x3_x1_x1,0.0,0.0,0.0,"(2909, 1645, 90)","(2909.0, 1645.0, 90)"
4134,826,4,x2_x1_x1,-32160.02439463378,31076.0,1175108.8881611319,"(2217, 1916, 90)","(1700.5, 1916.0, 90)"
4135,827,0,x3_x1_x1,0.0,0.0,0.0,"(3530, 582, 180)","(3530.0, 582.0, 180)"
4136,827,1,XC1_x1_x1,0.0,0.0,0.0,"(1536, 2094, 0)","(1536.0, 2094.0, 0)"
4137,827,2,XC2_x1_x1,0.0,0.0,0.0,"(1234, 4537, 0)","(1234.0, 4537.0, 0)"
4138,827,3,x1_x1_x1,0.0,0.0,0.0,"(1030, 29, 90)","(1030.0, 29.0, 90)"
4139,827,4,x2_x1_x1,-43579.87489945609,42124.0,2119571.722866273,"(4422, 3178, 270)","(4422.0, 3178.0, 270)"
4140,828,0,x1_x1_x1,0.0,0.0,0.0,"(4346, 3475, 0)","(4346.0, 3475.0, 0)"
4141,828,1,XC2_x1_x1,0.0,0.0,0.0,"(2462, 881, 270)","(2462.0, 881.0, 270)"
4142,828,2,x2_x1_x1,0.0,0.0,0.0,"(3798, 880, 270)","(3798.0, 880.0, 270)"
4143,828,3,XC1_x1_x1,0.0,0.0,0.0,"(1451, 1417, 90)","(1451.0, 1417.0, 90)"
4144,828,4,x3_x1_x1,-47873.60389959628,46296.5,2487256.7101217876,"(975, 4726, 270)","(975.0, 4726.0, 270)"
4145,829,0,x3_x1_x1,0.0,0.0,0.0,"(1740, 2171, 180)","(1740.0, 2171.0, 180)"
4146,829,1,x2_x1_x1,0.0,0.0,0.0,"(1224, 2347, 90)","(331.5, 2347.0, 90)"
4147,829,2,XC2_x1_x1,0.0,0.0,0.0,"(822, 2278, 270)","(822.0, 3332.0, 270)"
4148,829,3,x1_x1_x1,0.0,0.0,0.0,"(845, 3053, 90)","(308.0, 3537.0, 90)"
4149,829,4,XC1_x1_x1,-30592.248408694817,29581.5,1021612.3456791082,"(4806, 655, 270)","(4806.0, 655.0, 270)"
4150,830,0,XC2_x1_x1,0.0,0.0,0.0,"(4856, 3340, 180)","(4856.0, 3340.0, 180)"
4151,830,1,XC1_x1_x1,0.0,0.0,0.0,"(3386, 2485, 180)","(3386.0, 2485.0, 180)"
4152,830,2,x2_x1_x1,0.0,0.0,0.0,"(3906, 992, 90)","(3906.0, 858.0, 90)"
4153,830,3,x3_x1_x1,0.0,0.0,0.0,"(237, 4510, 180)","(237.0, 4510.0, 180)"
4154,830,4,x1_x1_x1,-44073.244403886536,42805.5,1607175.8735856204,"(3559, 2348, 0)","(3559.0, 1971.0, 0)"
4155,831,0,XC1_x1_x1,0.0,0.0,0.0,"(4925, 4491, 270)","(4925.0, 4491.0, 270)"
4156,831,1,x2_x1_x1,0.0,0.0,0.0,"(3918, 136, 90)","(3918.0, 136.0, 90)"
4157,831,2,XC2_x1_x1,0.0,0.0,0.0,"(872, 1894, 0)","(540.0, 1894.0, 0)"
4158,831,3,x3_x1_x1,0.0,0.0,0.0,"(4411, 2288, 270)","(4411.0, 2288.0, 270)"
4159,831,4,x1_x1_x1,-41747.17391047535,40498.0,1560435.4586122823,"(1331, 1749, 0)","(1331.0, 1749.0, 0)"
4160,832,0,x2_x1_x1,0.0,0.0,0.0,"(770, 4274, 0)","(770.0, 4988.5, 0)"
4161,832,1,x1_x1_x1,0.0,0.0,0.0,"(1755, 2539, 270)","(1755.0, 2539.0, 270)"
4162,832,2,XC2_x1_x1,0.0,0.0,0.0,"(608, 2336, 90)","(608.0, 2336.0, 90)"
4163,832,3,XC1_x1_x1,0.0,0.0,0.0,"(515, 620, 0)","(515.0, 620.0, 0)"
4164,832,4,x3_x1_x1,-29856.19063793412,28669.5,1408234.6701604908,"(847, 3580, 270)","(847.0, 3580.0, 270)"
4165,833,0,x1_x1_x1,0.0,0.0,0.0,"(196, 1, 90)","(196.0, 1.0, 90)"
4166,833,1,XC2_x1_x1,0.0,0.0,0.0,"(2488, 3746, 0)","(2488.0, 3746.0, 0)"
4167,833,2,x2_x1_x1,0.0,0.0,0.0,"(4791, 3196, 0)","(4791.0, 3196.0, 0)"
4168,833,3,x3_x1_x1,0.0,0.0,0.0,"(1287, 2032, 270)","(1287.0, 2032.0, 270)"
4169,833,4,XC1_x1_x1,-45653.88646435657,44292.5,1853373.1053332859,"(950, 2949, 180)","(950.0, 2949.0, 180)"
4170,834,0,x2_x1_x1,0.0,0.0,0.0,"(1499, 1831, 90)","(1499.0, 1831.0, 90)"
4171,834,1,XC1_x1_x1,0.0,0.0,0.0,"(120, 4650, 90)","(120.0, 4696.0, 90)"
4172,834,2,x1_x1_x1,0.0,0.0,0.0,"(2306, 3442, 0)","(2306.0, 3442.0, 0)"
4173,834,3,x3_x1_x1,0.0,0.0,0.0,"(2204, 676, 0)","(2204.0, 422.5, 0)"
4174,834,4,XC2_x1_x1,-34592.265390759596,33424.0,1364844.0232466687,"(381, 3990, 270)","(381.0, 3990.0, 270)"
4175,835,0,x1_x1_x1,0.0,0.0,0.0,"(4730, 1963, 0)","(4730.0, 1963.0, 0)"
4176,835,1,x2_x1_x1,0.0,0.0,0.0,"(4846, 28, 90)","(4846.0, 28.0, 90)"
4177,835,2,XC2_x1_x1,0.0,0.0,0.0,"(4728, 3638, 90)","(4728.0, 3638.0, 90)"
4178,835,3,XC1_x1_x1,0.0,0.0,0.0,"(3753, 3300, 270)","(3753.0, 3300.0, 270)"
4179,835,4,x3_x1_x1,-30732.6680345082,29553.5,1390437.2536059301,"(3923, 46, 270)","(3637.5, 46.0, 270)"
4180,836,0,x3_x1_x1,0.0,0.0,0.0,"(746, 1130, 180)","(746.0, 1130.0, 180)"
4181,836,1,XC2_x1_x1,0.0,0.0,0.0,"(37, 3903, 90)","(37.0, 3903.0, 90)"
4182,836,2,x1_x1_x1,0.0,0.0,0.0,"(3802, 4300, 90)","(3802.0, 4300.0, 90)"
4183,836,3,XC1_x1_x1,0.0,0.0,0.0,"(3306, 1127, 180)","(3306.0, 1127.0, 180)"
4184,836,4,x2_x1_x1,-45838.27536197062,44450.5,1925920.4552926896,"(4427, 4377, 0)","(4788.0, 4377.0, 0)"
4185,837,0,x2_x1_x1,0.0,0.0,0.0,"(3005, 3498, 180)","(3005.0, 3498.0, 180)"
4186,837,1,XC2_x1_x1,0.0,0.0,0.0,"(3560, 2446, 270)","(3560.0, 2446.0, 270)"
4187,837,2,x3_x1_x1,0.0,0.0,0.0,"(3837, 1422, 90)","(3837.0, 1422.0, 90)"
4188,837,3,x1_x1_x1,0.0,0.0,0.0,"(579, 902, 90)","(579.0, 902.0, 90)"
4189,837,4,XC1_x1_x1,-32206.1447115834,31161.0,1092327.4681507517,"(4023, 4131, 180)","(4023.0, 4131.0, 180)"
4190,838,0,XC1_x1_x1,0.0,0.0,0.0,"(3854, 1043, 270)","(3854.0, 1043.0, 270)"
4191,838,1,x1_x1_x1,0.0,0.0,0.0,"(4756, 189, 90)","(4756.0, 189.0, 90)"
4192,838,2,x3_x1_x1,0.0,0.0,0.0,"(3850, 2384, 90)","(3850.0, 2384.0, 90)"
4193,838,3,XC2_x1_x1,0.0,0.0,0.0,"(172, 387, 180)","(172.0, 387.0, 180)"
4194,838,4,x2_x1_x1,-35484.80988470423,34383.0,1213985.0220319468,"(3431, 3517, 180)","(3431.0, 3665.5, 180)"
4195,839,0,XC1_x1_x1,0.0,0.0,0.0,"(2092, 802, 90)","(2092.0, 802.0, 90)"
4196,839,1,x1_x1_x1,0.0,0.0,0.0,"(110, 1859, 90)","(110.0, 2056.0, 90)"
4197,839,2,x2_x1_x1,0.0,0.0,0.0,"(575, 739, 270)","(575.0, 739.0, 270)"
4198,839,3,XC2_x1_x1,0.0,0.0,0.0,"(1312, 2458, 90)","(1312.0, 2458.0, 90)"
4199,839,4,x3_x1_x1,-37125.515612651,35986.0,1298495.8314753738,"(4690, 2702, 90)","(4690.0, 2702.0, 90)"
4200,840,0,x3_x1_x1,0.0,0.0,0.0,"(4757, 2008, 0)","(4757.0, 2008.0, 0)"
4201,840,1,XC2_x1_x1,0.0,0.0,0.0,"(413, 318, 270)","(413.0, -110.0, 270)"
4202,840,2,XC1_x1_x1,0.0,0.0,0.0,"(2711, 342, 0)","(2711.0, 342.0, 0)"
4203,840,3,x2_x1_x1,0.0,0.0,0.0,"(761, 4523, 270)","(761.0, 4523.0, 270)"
4204,840,4,x1_x1_x1,-53517.33413030385,51932.5,2511699.2205759543,"(460, 477, 0)","(460.0, 477.0, 0)"
4205,841,0,x3_x1_x1,0.0,0.0,0.0,"(1325, 3808, 180)","(1325.0, 3808.0, 180)"
4206,841,1,XC2_x1_x1,0.0,0.0,0.0,"(1145, 374, 180)","(1145.0, 374.0, 180)"
4207,841,2,XC1_x1_x1,0.0,0.0,0.0,"(2094, 1488, 90)","(2094.0, 1488.0, 90)"
4208,841,3,x2_x1_x1,0.0,0.0,0.0,"(4715, 4773, 180)","(4715.0, 4773.0, 180)"
4209,841,4,x1_x1_x1,-39794.76841565201,38709.5,1177807.5340118315,"(4184, 3865, 0)","(4184.0, 3865.0, 0)"
4210,842,0,x2_x1_x1,0.0,0.0,0.0,"(311, 4604, 270)","(250.5, 4604.0, 270)"
4211,842,1,XC2_x1_x1,0.0,0.0,0.0,"(1060, 3918, 90)","(1060.0, 3918.0, 90)"
4212,842,2,XC1_x1_x1,0.0,0.0,0.0,"(1652, 558, 180)","(1652.0, 558.0, 180)"
4213,842,3,x1_x1_x1,0.0,0.0,0.0,"(3222, 3698, 0)","(3222.0, 3698.0, 0)"
4214,842,4,x3_x1_x1,-48081.1600863966,46579.0,2256484.925163043,"(4461, 1992, 0)","(4461.0, 1992.0, 0)"
4215,843,0,x3_x1_x1,0.0,0.0,0.0,"(723, 24, 180)","(723.0, 24.0, 180)"
4216,843,1,XC1_x1_x1,0.0,0.0,0.0,"(4085, 1297, 180)","(4085.0, 1297.0, 180)"
4217,843,2,XC2_x1_x1,0.0,0.0,0.0,"(4349, 1238, 0)","(4791.0, 1238.0, 0)"
4218,843,3,x1_x1_x1,0.0,0.0,0.0,"(1284, 4915, 90)","(1284.0, 4915.0, 90)"
4219,843,4,x2_x1_x1,-49012.64702403309,47650.5,1855444.5150822087,"(4327, 376, 270)","(4327.0, 326.0, 270)"
4220,844,0,XC2_x1_x1,0.0,0.0,0.0,"(1267, 3544, 180)","(1267.0, 3544.0, 180)"
4221,844,1,x3_x1_x1,0.0,0.0,0.0,"(441, 1288, 180)","(441.0, 1288.0, 180)"
4222,844,2,x2_x1_x1,0.0,0.0,0.0,"(607, 4806, 0)","(607.0, 4806.0, 0)"
4223,844,3,x1_x1_x1,0.0,0.0,0.0,"(543, 2920, 180)","(543.0, 2920.0, 180)"
4224,844,4,XC1_x1_x1,-28385.615781355817,27211.0,1379722.2338101342,"(1031, 2847, 180)","(1334.0, 2847.0, 180)"
4225,845,0,XC1_x1_x1,0.0,0.0,0.0,"(4726, 4523, 90)","(4726.0, 4523.0, 90)"
4226,845,1,x2_x1_x1,0.0,0.0,0.0,"(1875, 1012, 0)","(1875.0, 1012.0, 0)"
4227,845,2,XC2_x1_x1,0.0,0.0,0.0,"(3397, 1330, 270)","(3397.0, 1330.0, 270)"
4228,845,3,x1_x1_x1,0.0,0.0,0.0,"(4284, 893, 270)","(4284.0, 893.0, 270)"
4229,845,4,x3_x1_x1,-33331.33210154035,32173.5,1340575.175357343,"(1788, 1500, 90)","(1788.0, 2323.0, 90)"
4230,846,0,x1_x1_x1,0.0,0.0,0.0,"(635, 3034, 90)","(148.0, 3034.0, 90)"
4231,846,1,XC1_x1_x1,0.0,0.0,0.0,"(1398, 1843, 270)","(1398.0, 1843.0, 270)"
4232,846,2,x2_x1_x1,0.0,0.0,0.0,"(2160, 2442, 90)","(2207.5, 2442.0, 90)"
4233,846,3,x3_x1_x1,0.0,0.0,0.0,"(232, 4237, 0)","(232.0, 4237.0, 0)"
4234,846,4,XC2_x1_x1,-23755.583373522797,22894.0,742325.9095309225,"(735, 2876, 0)","(735.0, 2876.0, 0)"
4235,847,0,x2_x1_x1,0.0,0.0,0.0,"(2065, 3721, 90)","(2065.0, 3721.0, 90)"
4236,847,1,XC2_x1_x1,0.0,0.0,0.0,"(1711, 1436, 0)","(1711.0, 1436.0, 0)"
4237,847,2,XC1_x1_x1,0.0,0.0,0.0,"(2795, 4601, 270)","(2874.5, 4601.0, 270)"
4238,847,3,x3_x1_x1,0.0,0.0,0.0,"(3730, 4373, 270)","(3730.0, 4373.0, 270)"
4239,847,4,x1_x1_x1,-35338.72510198626,34006.0,1776156.1974642936,"(4111, 1310, 90)","(4111.0, 1310.0, 90)"
4240,848,0,XC2_x1_x1,0.0,0.0,0.0,"(1021, 3949, 0)","(1021.0, 4280.0, 0)"
4241,848,1,x3_x1_x1,0.0,0.0,0.0,"(1858, 3368, 90)","(1363.5, 3368.0, 90)"
4242,848,2,x2_x1_x1,0.0,0.0,0.0,"(2645, 3403, 0)","(2645.0, 3403.0, 0)"
4243,848,3,XC1_x1_x1,0.0,0.0,0.0,"(3858, 1334, 0)","(3858.0, 1318.0, 0)"
4244,848,4,x1_x1_x1,-26414.210243649402,25461.0,908609.768598156,"(4066, 2036, 90)","(4066.0, 2036.0, 90)"
4245,849,0,x1_x1_x1,0.0,0.0,0.0,"(4891, 2823, 180)","(4891.0, 2823.0, 180)"
4246,849,1,x3_x1_x1,0.0,0.0,0.0,"(1422, 3600, 270)","(1422.0, 3600.0, 270)"
4247,849,2,x2_x1_x1,0.0,0.0,0.0,"(2950, 2513, 180)","(2950.0, 2513.0, 180)"
4248,849,3,XC1_x1_x1,0.0,0.0,0.0,"(3067, 1162, 270)","(3067.0, 1162.0, 270)"
4249,849,4,XC2_x1_x1,-30321.47638517884,29334.5,974122.3849006908,"(1790, 1489, 270)","(1790.0, 1489.0, 270)"
4250,850,0,x2_x1_x1,0.0,0.0,0.0,"(2959, 3484, 90)","(2959.0, 3484.0, 90)"
4251,850,1,XC2_x1_x1,0.0,0.0,0.0,"(1331, 3236, 0)","(1331.0, 3236.0, 0)"
4252,850,2,XC1_x1_x1,0.0,0.0,0.0,"(3674, 664, 0)","(3674.0, 664.0, 0)"
4253,850,3,x3_x1_x1,0.0,0.0,0.0,"(3249, 3800, 270)","(4167.5, 3800.0, 270)"
4254,850,4,x1_x1_x1,-41034.063008984805,39719.5,1728075.904591184,"(1, 1062, 0)","(1.0, 1062.0, 0)"
4255,851,0,x1_x1_x1,0.0,0.0,0.0,"(375, 126, 90)","(375.0, 126.0, 90)"
4256,851,1,x3_x1_x1,0.0,0.0,0.0,"(3708, 3734, 0)","(3708.0, 3734.0, 0)"
4257,851,2,XC1_x1_x1,0.0,0.0,0.0,"(4033, 4335, 180)","(4033.0, 4543.5, 180)"
4258,851,3,x2_x1_x1,0.0,0.0,0.0,"(140, 2131, 0)","(140.0, 2131.0, 0)"
4259,851,4,XC2_x1_x1,-49936.77462759427,48321.0,2610727.647177398,"(2431, 1910, 0)","(2431.0, 1910.0, 0)"
4260,852,0,x1_x1_x1,0.0,0.0,0.0,"(108, 1126, 270)","(108.0, 1126.0, 270)"
4261,852,1,x2_x1_x1,0.0,0.0,0.0,"(665, 4424, 90)","(665.0, 4639.0, 90)"
4262,852,2,XC1_x1_x1,0.0,0.0,0.0,"(3112, 566, 0)","(3112.0, 566.0, 0)"
4263,852,3,x3_x1_x1,0.0,0.0,0.0,"(162, 3328, 180)","(162.0, 3328.0, 180)"
4264,852,4,XC2_x1_x1,-36706.10519064165,35514.5,1419922.9303641124,"(1448, 967, 180)","(1448.0, 967.0, 180)"
4265,853,0,x1_x1_x1,0.0,0.0,0.0,"(2198, 283, 0)","(2198.0, 283.0, 0)"
4266,853,1,x3_x1_x1,0.0,0.0,0.0,"(182, 1127, 90)","(182.0, 1127.0, 90)"
4267,853,2,XC2_x1_x1,0.0,0.0,0.0,"(2191, 2622, 270)","(2191.0, 2622.0, 270)"
4268,853,3,XC1_x1_x1,0.0,0.0,0.0,"(3764, 4912, 270)","(3764.0, 4912.0, 270)"
4269,853,4,x2_x1_x1,-38576.16071909739,37433.5,1305673.5189681572,"(440, 3670, 0)","(440.0, 3670.0, 0)"
4270,854,0,x2_x1_x1,0.0,0.0,0.0,"(1435, 4308, 180)","(665.0, 4871.5, 180)"
4271,854,1,XC2_x1_x1,0.0,0.0,0.0,"(1221, 3989, 270)","(1221.0, 3989.0, 270)"
4272,854,2,x1_x1_x1,0.0,0.0,0.0,"(2833, 2187, 270)","(2833.0, 2187.0, 270)"
4273,854,3,XC1_x1_x1,0.0,0.0,0.0,"(4177, 116, 0)","(4177.0, 116.0, 0)"
4274,854,4,x3_x1_x1,-41007.96849029402,39696.0,1721261.3195243676,"(1976, 4536, 270)","(1976.0, 4974.0, 270)"
4275,855,0,x2_x1_x1,0.0,0.0,0.0,"(843, 1676, 0)","(843.0, 1676.0, 0)"
4276,855,1,x1_x1_x1,0.0,0.0,0.0,"(1710, 4351, 90)","(1710.0, 4351.0, 90)"
4277,855,2,x3_x1_x1,0.0,0.0,0.0,"(4635, 3938, 180)","(4635.0, 3938.0, 180)"
4278,855,3,XC1_x1_x1,0.0,0.0,0.0,"(2322, 1282, 270)","(2322.0, 1282.0, 270)"
4279,855,4,XC2_x1_x1,-35239.5108324419,34221.0,1037364.3158014858,"(2961, 4850, 90)","(2961.0, 4850.0, 90)"
4280,856,0,x2_x1_x1,0.0,0.0,0.0,"(3668, 2645, 90)","(3668.0, 2645.0, 90)"
4281,856,1,x1_x1_x1,0.0,0.0,0.0,"(456, 2079, 270)","(456.0, 2079.0, 270)"
4282,856,2,x3_x1_x1,0.0,0.0,0.0,"(1452, 284, 180)","(1452.0, -56.5, 180)"
4283,856,3,XC1_x1_x1,0.0,0.0,0.0,"(1044, 753, 0)","(1044.0, 753.0, 0)"
4284,856,4,XC2_x1_x1,-41066.71747029595,39776.5,1664661.1206568948,"(494, 4582, 180)","(494.0, 4582.0, 180)"
4285,857,0,XC2_x1_x1,0.0,0.0,0.0,"(485, 3987, 90)","(485.0, 3987.0, 90)"
4286,857,1,XC1_x1_x1,0.0,0.0,0.0,"(4824, 4672, 90)","(4824.0, 4672.0, 90)"
4287,857,2,x3_x1_x1,0.0,0.0,0.0,"(3151, 4720, 0)","(3151.0, 4720.0, 0)"
4288,857,3,x2_x1_x1,0.0,0.0,0.0,"(1441, 1281, 270)","(1441.0, 1281.0, 270)"
4289,857,4,x1_x1_x1,-41426.215216107514,40077.0,1820381.6993760457,"(1400, 4813, 270)","(1400.0, 4813.0, 270)"
4290,858,0,x1_x1_x1,0.0,0.0,0.0,"(4458, 931, 90)","(4458.0, 931.0, 90)"
4291,858,1,x3_x1_x1,0.0,0.0,0.0,"(2931, 3963, 0)","(2931.0, 3963.0, 0)"
4292,858,2,XC1_x1_x1,0.0,0.0,0.0,"(3858, 2847, 270)","(3858.0, 2847.0, 270)"
4293,858,3,x2_x1_x1,0.0,0.0,0.0,"(890, 760, 0)","(890.0, 760.0, 0)"
4294,858,4,XC2_x1_x1,-43621.169618099426,42153.0,2155522.027510205,"(859, 3444, 0)","(859.0, 3444.0, 0)"
4295,859,0,XC1_x1_x1,0.0,0.0,0.0,"(1419, 2516, 180)","(1419.0, 2516.0, 180)"
4296,859,1,x1_x1_x1,0.0,0.0,0.0,"(3233, 2696, 0)","(3233.0, 2696.0, 0)"
4297,859,2,x2_x1_x1,0.0,0.0,0.0,"(4365, 1777, 90)","(4447.5, 1777.0, 90)"
4298,859,3,x3_x1_x1,0.0,0.0,0.0,"(212, 1917, 0)","(212.0, 1917.0, 0)"
4299,859,4,XC2_x1_x1,-35595.78104785346,34299.5,1680344.5550240693,"(2474, 1174, 270)","(2474.0, 1174.0, 270)"
4300,860,0,x3_x1_x1,0.0,0.0,0.0,"(4209, 4479, 270)","(4209.0, 4479.0, 270)"
4301,860,1,XC1_x1_x1,0.0,0.0,0.0,"(1798, 421, 180)","(1798.0, 421.0, 180)"
4302,860,2,x1_x1_x1,0.0,0.0,0.0,"(2681, 3563, 0)","(2681.0, 3563.0, 0)"
4303,860,3,x2_x1_x1,0.0,0.0,0.0,"(554, 704, 270)","(554.0, 704.0, 270)"
4304,860,4,XC2_x1_x1,-44083.57806929275,42749.5,1779764.294967867,"(2744, 1081, 90)","(2744.0, 1081.0, 90)"
4305,861,0,XC2_x1_x1,0.0,0.0,0.0,"(4098, 2144, 180)","(4098.0, 2284.0, 180)"
4306,861,1,x2_x1_x1,0.0,0.0,0.0,"(3629, 1372, 270)","(4181.5, 1372.0, 270)"
4307,861,2,x1_x1_x1,0.0,0.0,0.0,"(2096, 2006, 0)","(2096.0, 2006.0, 0)"
4308,861,3,XC1_x1_x1,0.0,0.0,0.0,"(3299, 1117, 0)","(3299.0, 1117.0, 0)"
4309,861,4,x3_x1_x1,-29299.960553742647,28320.5,959342.9763378556,"(2593, 4121, 270)","(2593.0, 4121.0, 270)"
4310,862,0,x3_x1_x1,0.0,0.0,0.0,"(3317, 3189, 180)","(3317.0, 3189.0, 180)"
4311,862,1,XC2_x1_x1,0.0,0.0,0.0,"(4305, 4742, 180)","(4305.0, 5207.0, 180)"
4312,862,2,XC1_x1_x1,0.0,0.0,0.0,"(644, 3260, 90)","(644.0, 3260.0, 90)"
4313,862,3,x2_x1_x1,0.0,0.0,0.0,"(3975, 4266, 0)","(3975.0, 4397.5, 0)"
4314,862,4,x1_x1_x1,-30265.212746931822,29110.0,1334516.490673762,"(1575, 4512, 90)","(1575.0, 4512.0, 90)"
4315,863,0,XC2_x1_x1,0.0,0.0,0.0,"(3485, 859, 180)","(3485.0, 859.0, 180)"
4316,863,1,XC1_x1_x1,0.0,0.0,0.0,"(692, 3084, 270)","(692.0, 3084.0, 270)"
4317,863,2,x1_x1_x1,0.0,0.0,0.0,"(1993, 4373, 180)","(1993.0, 4373.0, 180)"
4318,863,3,x3_x1_x1,0.0,0.0,0.0,"(43, 4370, 180)","(43.0, 4370.0, 180)"
4319,863,4,x2_x1_x1,-54207.89756964702,52349.0,3455500.174439605,"(4040, 1290, 90)","(4367.5, 1290.0, 90)"
4320,864,0,XC2_x1_x1,0.0,0.0,0.0,"(47, 4416, 0)","(-68.0, 4416.0, 0)"
4321,864,1,x3_x1_x1,0.0,0.0,0.0,"(1966, 318, 180)","(1966.0, 318.0, 180)"
4322,864,2,x2_x1_x1,0.0,0.0,0.0,"(917, 4337, 0)","(917.0, 4337.0, 0)"
4323,864,3,XC1_x1_x1,0.0,0.0,0.0,"(2572, 4056, 90)","(2572.0, 4056.0, 90)"
4324,864,4,x1_x1_x1,-40602.41879479531,39262.5,1795382.3766457092,"(182, 4829, 0)","(182.0, 5250.0, 0)"
4325,865,0,XC2_x1_x1,0.0,0.0,0.0,"(1850, 635, 180)","(1850.0, 635.0, 180)"
4326,865,1,XC1_x1_x1,0.0,0.0,0.0,"(4753, 3052, 270)","(4753.0, 3052.0, 270)"
4327,865,2,x1_x1_x1,0.0,0.0,0.0,"(3009, 2331, 90)","(3009.0, 2331.0, 90)"
4328,865,3,x3_x1_x1,0.0,0.0,0.0,"(4348, 75, 270)","(4348.0, -431.0, 270)"
4329,865,4,x2_x1_x1,-28319.203820913765,27498.5,673554.761662454,"(4162, 953, 270)","(4162.0, 953.0, 270)"
4330,866,0,x2_x1_x1,0.0,0.0,0.0,"(4086, 1789, 270)","(4224.5, 1789.0, 270)"
4331,866,1,x1_x1_x1,0.0,0.0,0.0,"(2755, 256, 0)","(2755.0, 256.0, 0)"
4332,866,2,XC1_x1_x1,0.0,0.0,0.0,"(2464, 1847, 90)","(1904.0, 1847.0, 90)"
4333,866,3,XC2_x1_x1,0.0,0.0,0.0,"(885, 1395, 270)","(885.0, 1395.0, 270)"
4334,866,4,x3_x1_x1,-25318.112562983115,24397.5,847527.4911223388,"(2816, 1613, 0)","(2816.0, 1613.0, 0)"
4335,867,0,x1_x1_x1,0.0,0.0,0.0,"(155, 4679, 90)","(155.0, 4679.0, 90)"
4336,867,1,XC2_x1_x1,0.0,0.0,0.0,"(4631, 2830, 180)","(4631.0, 2830.0, 180)"
4337,867,2,x2_x1_x1,0.0,0.0,0.0,"(2297, 3370, 90)","(2297.0, 3370.0, 90)"
4338,867,3,XC1_x1_x1,0.0,0.0,0.0,"(1879, 1910, 270)","(1879.0, 1910.0, 270)"
4339,867,4,x3_x1_x1,-37605.438036809246,36353.0,1568601.0360465988,"(960, 1572, 90)","(960.0, 1572.0, 90)"
4340,868,0,XC2_x1_x1,0.0,0.0,0.0,"(278, 4061, 0)","(278.0, 4061.0, 0)"
4341,868,1,x3_x1_x1,0.0,0.0,0.0,"(1287, 978, 90)","(1287.0, 978.0, 90)"
4342,868,2,x2_x1_x1,0.0,0.0,0.0,"(985, 166, 90)","(985.0, -533.0, 90)"
4343,868,3,x1_x1_x1,0.0,0.0,0.0,"(218, 357, 90)","(72.0, 357.0, 90)"
4344,868,4,XC1_x1_x1,-30509.88580823222,29625.0,783022.8936107858,"(3900, 987, 180)","(3900.0, 987.0, 180)"
4345,869,0,x2_x1_x1,0.0,0.0,0.0,"(3108, 4241, 90)","(3108.0, 4241.0, 90)"
4346,869,1,XC1_x1_x1,0.0,0.0,0.0,"(138, 2905, 90)","(138.0, 2905.0, 90)"
4347,869,2,x1_x1_x1,0.0,0.0,0.0,"(3423, 1135, 270)","(3423.0, 1135.0, 270)"
4348,869,3,x3_x1_x1,0.0,0.0,0.0,"(3983, 4502, 180)","(4419.0, 4502.0, 180)"
4349,869,4,XC2_x1_x1,-40746.961654269086,39592.0,1333936.4228319793,"(533, 1190, 90)","(533.0, 1190.0, 90)"
4350,870,0,x3_x1_x1,0.0,0.0,0.0,"(927, 4822, 270)","(799.5, 4822.0, 270)"
4351,870,1,XC2_x1_x1,0.0,0.0,0.0,"(422, 3099, 180)","(422.0, 3099.0, 180)"
4352,870,2,x2_x1_x1,0.0,0.0,0.0,"(2008, 4870, 270)","(2008.0, 4870.0, 270)"
4353,870,3,XC1_x1_x1,0.0,0.0,0.0,"(2583, 3846, 270)","(2583.0, 3846.0, 270)"
4354,870,4,x1_x1_x1,-38046.49259761978,36899.5,1315592.018994571,"(3315, 364, 90)","(3315.0, 364.0, 90)"
4355,871,0,XC1_x1_x1,0.0,0.0,0.0,"(1291, 3572, 0)","(1291.0, 3572.0, 0)"
4356,871,1,x3_x1_x1,0.0,0.0,0.0,"(3712, 199, 0)","(3712.0, 199.0, 0)"
4357,871,2,XC2_x1_x1,0.0,0.0,0.0,"(839, 4258, 90)","(839.0, 4258.0, 90)"
4358,871,3,x2_x1_x1,0.0,0.0,0.0,"(964, 2502, 270)","(964.0, 2502.0, 270)"
4359,871,4,x1_x1_x1,-40378.000223217576,39047.0,1771561.5942052435,"(4337, 1926, 270)","(4337.0, 1926.0, 270)"
4360,872,0,x2_x1_x1,0.0,0.0,0.0,"(4928, 3919, 0)","(4928.0, 3919.0, 0)"
4361,872,1,x3_x1_x1,0.0,0.0,0.0,"(2256, 962, 270)","(2256.0, 962.0, 270)"
4362,872,2,x1_x1_x1,0.0,0.0,0.0,"(3453, 4827, 0)","(3453.0, 4827.0, 0)"
4363,872,3,XC2_x1_x1,0.0,0.0,0.0,"(659, 569, 180)","(659.0, 569.0, 180)"
4364,872,4,XC1_x1_x1,-41642.487165774925,40462.5,1392369.7113935424,"(3717, 847, 270)","(3717.0, 847.0, 270)"
4365,873,0,x2_x1_x1,0.0,0.0,0.0,"(859, 1939, 270)","(859.0, 2770.0, 270)"
4366,873,1,x1_x1_x1,0.0,0.0,0.0,"(4712, 2782, 90)","(4712.0, 2782.0, 90)"
4367,873,2,XC2_x1_x1,0.0,0.0,0.0,"(1108, 207, 180)","(1108.0, 207.0, 180)"
4368,873,3,x3_x1_x1,0.0,0.0,0.0,"(604, 1459, 180)","(604.0, 1459.0, 180)"
4369,873,4,XC1_x1_x1,-35649.122751134506,34442.0,1457145.336306542,"(2190, 907, 270)","(2190.0, 907.0, 270)"
4370,874,0,x2_x1_x1,0.0,0.0,0.0,"(2450, 4058, 180)","(2450.0, 4058.0, 180)"
4371,874,1,XC1_x1_x1,0.0,0.0,0.0,"(4577, 1565, 90)","(4577.0, 1565.0, 90)"
4372,874,2,XC2_x1_x1,0.0,0.0,0.0,"(4331, 4094, 270)","(4331.0, 4094.0, 270)"
4373,874,3,x1_x1_x1,0.0,0.0,0.0,"(3915, 809, 0)","(3915.0, 628.0, 0)"
4374,874,4,x3_x1_x1,-36560.1523154431,35189.5,1878687.7698295286,"(2998, 1541, 0)","(2998.0, 1541.0, 0)"
4375,875,0,x1_x1_x1,0.0,0.0,0.0,"(2347, 3870, 90)","(2347.0, 3870.0, 90)"
4376,875,1,x3_x1_x1,0.0,0.0,0.0,"(584, 4161, 180)","(584.0, 4161.0, 180)"
4377,875,2,XC1_x1_x1,0.0,0.0,0.0,"(2325, 4205, 90)","(2325.0, 4661.0, 90)"
4378,875,3,XC2_x1_x1,0.0,0.0,0.0,"(2077, 1266, 270)","(2077.0, 1266.0, 270)"
4379,875,4,x2_x1_x1,-37540.52694866668,36351.0,1414974.3616042542,"(4551, 3016, 0)","(4551.0, 3016.0, 0)"
4380,876,0,x2_x1_x1,0.0,0.0,0.0,"(4695, 2736, 180)","(4695.0, 2736.0, 180)"
4381,876,1,XC1_x1_x1,0.0,0.0,0.0,"(208, 4811, 270)","(208.0, 4811.0, 270)"
4382,876,2,XC2_x1_x1,0.0,0.0,0.0,"(2891, 3002, 0)","(2891.0, 3002.0, 0)"
4383,876,3,x3_x1_x1,0.0,0.0,0.0,"(2474, 4404, 270)","(2474.0, 4404.0, 270)"
4384,876,4,x1_x1_x1,-39906.565370737655,38561.0,1810546.166928358,"(4552, 2015, 90)","(4552.0, 1619.0, 90)"
4385,877,0,x1_x1_x1,0.0,0.0,0.0,"(580, 1038, 180)","(580.0, 1038.0, 180)"
4386,877,1,XC2_x1_x1,0.0,0.0,0.0,"(1175, 2829, 90)","(1175.0, 3218.0, 90)"
4387,877,2,x2_x1_x1,0.0,0.0,0.0,"(4187, 2415, 180)","(4187.0, 2415.0, 180)"
4388,877,3,XC1_x1_x1,0.0,0.0,0.0,"(1375, 2585, 0)","(1375.0, 2585.0, 0)"
4389,877,4,x3_x1_x1,-36566.50350897079,35349.0,1482314.7943561862,"(4612, 1241, 90)","(4612.0, 1104.0, 90)"
4390,878,0,x1_x1_x1,0.0,0.0,0.0,"(3728, 2722, 90)","(3897.0, 2722.0, 90)"
4391,878,1,XC1_x1_x1,0.0,0.0,0.0,"(1244, 4291, 0)","(1244.0, 4291.0, 0)"
4392,878,2,x2_x1_x1,0.0,0.0,0.0,"(4363, 2501, 180)","(4883.0, 2501.0, 180)"
4393,878,3,XC2_x1_x1,0.0,0.0,0.0,"(4928, 597, 270)","(4928.0, 597.0, 270)"
4394,878,4,x3_x1_x1,-29704.206217655024,28744.5,921036.0242057125,"(2984, 2804, 90)","(2984.0, 2804.0, 90)"
4395,879,0,x3_x1_x1,0.0,0.0,0.0,"(4296, 3943, 90)","(4296.0, 3943.0, 90)"
4396,879,1,x1_x1_x1,0.0,0.0,0.0,"(219, 1317, 270)","(219.0, 1317.0, 270)"
4397,879,2,XC2_x1_x1,0.0,0.0,0.0,"(4912, 4178, 0)","(5178.5, 4178.0, 0)"
4398,879,3,XC1_x1_x1,0.0,0.0,0.0,"(1943, 4720, 90)","(1943.0, 4720.0, 90)"
4399,879,4,x2_x1_x1,-40414.48005145885,39154.5,1587549.7300742383,"(401, 3457, 0)","(401.0, 3457.0, 0)"
4400,880,0,x1_x1_x1,0.0,0.0,0.0,"(1452, 4107, 180)","(1452.0, 4107.0, 180)"
4401,880,1,x2_x1_x1,0.0,0.0,0.0,"(4607, 4370, 180)","(4607.0, 4370.0, 180)"
4402,880,2,XC1_x1_x1,0.0,0.0,0.0,"(1820, 1821, 270)","(1820.0, 1821.0, 270)"
4403,880,3,x3_x1_x1,0.0,0.0,0.0,"(1257, 1181, 180)","(1257.0, 938.5, 180)"
4404,880,4,XC2_x1_x1,-45394.76177205611,43900.0,2234312.755200316,"(3734, 356, 180)","(3734.0, 356.0, 180)"
4405,881,0,x3_x1_x1,0.0,0.0,0.0,"(4598, 1035, 270)","(4598.0, 1035.0, 270)"
4406,881,1,XC2_x1_x1,0.0,0.0,0.0,"(3507, 4492, 180)","(3514.0, 4492.0, 180)"
4407,881,2,x2_x1_x1,0.0,0.0,0.0,"(2529, 4279, 180)","(2529.0, 4279.0, 180)"
4408,881,3,XC1_x1_x1,0.0,0.0,0.0,"(945, 300, 270)","(945.0, 300.0, 270)"
4409,881,4,x1_x1_x1,-41859.07166152027,40598.0,1590301.7354894846,"(2168, 1063, 270)","(2168.0, 1063.0, 270)"
4410,882,0,x1_x1_x1,0.0,0.0,0.0,"(1467, 914, 180)","(1467.0, 914.0, 180)"
4411,882,1,x3_x1_x1,0.0,0.0,0.0,"(744, 3685, 270)","(744.0, 3685.0, 270)"
4412,882,2,XC1_x1_x1,0.0,0.0,0.0,"(3138, 3206, 180)","(3138.0, 3206.0, 180)"
4413,882,3,x2_x1_x1,0.0,0.0,0.0,"(3150, 2048, 90)","(3150.0, 2048.0, 90)"
4414,882,4,XC2_x1_x1,-36311.709137028585,35054.0,1581832.2733651828,"(4643, 2259, 180)","(4643.0, 2259.0, 180)"
4415,883,0,x1_x1_x1,0.0,0.0,0.0,"(2326, 3353, 0)","(2812.0, 3353.0, 0)"
4416,883,1,x3_x1_x1,0.0,0.0,0.0,"(1695, 3110, 270)","(1695.0, 3597.0, 270)"
4417,883,2,XC1_x1_x1,0.0,0.0,0.0,"(3627, 865, 90)","(3627.0, 865.0, 90)"
4418,883,3,XC2_x1_x1,0.0,0.0,0.0,"(697, 635, 180)","(697.0, 635.0, 180)"
4419,883,4,x2_x1_x1,-28566.00527747856,27633.5,869566.0925253718,"(1691, 2086, 270)","(1691.0, 2086.0, 270)"
4420,884,0,XC2_x1_x1,0.0,0.0,0.0,"(741, 4056, 180)","(741.0, 4056.0, 180)"
4421,884,1,XC1_x1_x1,0.0,0.0,0.0,"(4354, 723, 90)","(4354.0, 723.0, 90)"
4422,884,2,x3_x1_x1,0.0,0.0,0.0,"(3626, 31, 270)","(3626.0, -262.0, 270)"
4423,884,3,x2_x1_x1,0.0,0.0,0.0,"(618, 4189, 270)","(-141.5, 4189.0, 270)"
4424,884,4,x1_x1_x1,-60643.515371696514,58641.5,4008065.5485091186,"(3269, 1238, 0)","(3269.0, 1238.0, 0)"
4425,885,0,XC2_x1_x1,0.0,0.0,0.0,"(2562, 4270, 0)","(2562.0, 4270.0, 0)"
4426,885,1,x1_x1_x1,0.0,0.0,0.0,"(667, 2053, 0)","(667.0, 2053.0, 0)"
4427,885,2,x2_x1_x1,0.0,0.0,0.0,"(3959, 1237, 90)","(3959.0, 1237.0, 90)"
4428,885,3,x3_x1_x1,0.0,0.0,0.0,"(329, 2136, 0)","(329.0, 2936.5, 0)"
4429,885,4,XC1_x1_x1,-38815.5546125906,37691.0,1264623.076698779,"(3415, 4619, 270)","(3415.0, 4619.0, 270)"
4430,886,0,XC1_x1_x1,0.0,0.0,0.0,"(3562, 3110, 270)","(3562.0, 3110.0, 270)"
4431,886,1,XC2_x1_x1,0.0,0.0,0.0,"(320, 782, 180)","(320.0, 782.0, 180)"
4432,886,2,x2_x1_x1,0.0,0.0,0.0,"(3426, 4902, 0)","(3426.0, 4902.0, 0)"
4433,886,3,x3_x1_x1,0.0,0.0,0.0,"(569, 4090, 0)","(569.0, 4090.0, 0)"
4434,886,4,x1_x1_x1,-36171.962452718435,35156.0,1032179.7053336555,"(2583, 1650, 90)","(2583.0, 1650.0, 90)"
4435,887,0,x2_x1_x1,0.0,0.0,0.0,"(312, 3309, 90)","(-115.5, 3309.0, 90)"
4436,887,1,XC1_x1_x1,0.0,0.0,0.0,"(2705, 1936, 180)","(2705.0, 1936.0, 180)"
4437,887,2,XC2_x1_x1,0.0,0.0,0.0,"(3121, 3465, 180)","(3121.0, 3465.0, 180)"
4438,887,3,x1_x1_x1,0.0,0.0,0.0,"(4550, 747, 90)","(4550.0, 747.0, 90)"
4439,887,4,x3_x1_x1,-40177.79644805818,38911.0,1604773.240812824,"(1166, 2579, 0)","(1166.0, 2579.0, 0)"
4440,888,0,XC2_x1_x1,0.0,0.0,0.0,"(4502, 1446, 0)","(4502.0, 1446.0, 0)"
4441,888,1,x1_x1_x1,0.0,0.0,0.0,"(2432, 1859, 90)","(2344.0, 1859.0, 90)"
4442,888,2,XC1_x1_x1,0.0,0.0,0.0,"(1903, 4563, 90)","(1903.0, 4563.0, 90)"
4443,888,3,x2_x1_x1,0.0,0.0,0.0,"(3780, 346, 180)","(3780.0, 346.0, 180)"
4444,888,4,x3_x1_x1,-30616.303708301653,29536.0,1167056.1021703077,"(3257, 2159, 90)","(3257.0, 2159.0, 90)"
4445,889,0,XC2_x1_x1,0.0,0.0,0.0,"(4894, 4288, 0)","(5473.0, 4288.0, 0)"
4446,889,1,XC1_x1_x1,0.0,0.0,0.0,"(4401, 361, 90)","(4401.0, 361.0, 90)"
4447,889,2,x1_x1_x1,0.0,0.0,0.0,"(4431, 4403, 180)","(4682.0, 4403.0, 180)"
4448,889,3,x3_x1_x1,0.0,0.0,0.0,"(3365, 3744, 0)","(3365.0, 3744.0, 0)"
4449,889,4,x2_x1_x1,-34975.799921230166,33958.5,1034899.1297349087,"(1218, 2398, 90)","(1218.0, 2398.0, 90)"
4450,890,0,x1_x1_x1,0.0,0.0,0.0,"(2147, 2034, 0)","(2147.0, 2034.0, 0)"
4451,890,1,x2_x1_x1,0.0,0.0,0.0,"(188, 4347, 90)","(-536.5, 4347.0, 90)"
4452,890,2,x3_x1_x1,0.0,0.0,0.0,"(1185, 3359, 0)","(1185.0, 3359.0, 0)"
4453,890,3,XC1_x1_x1,0.0,0.0,0.0,"(4166, 3909, 270)","(4166.0, 3909.0, 270)"
4454,890,4,XC2_x1_x1,-34332.34340734661,33228.5,1218470.2679425771,"(321, 3899, 90)","(273.0, 3899.0, 90)"
4455,891,0,x3_x1_x1,0.0,0.0,0.0,"(4208, 1236, 90)","(4208.0, 1236.0, 90)"
4456,891,1,XC2_x1_x1,0.0,0.0,0.0,"(1545, 3278, 270)","(1545.0, 3278.0, 270)"
4457,891,2,x2_x1_x1,0.0,0.0,0.0,"(3589, 4490, 0)","(3589.0, 4490.0, 0)"
4458,891,3,x1_x1_x1,0.0,0.0,0.0,"(4914, 4340, 0)","(4914.0, 4340.0, 0)"
4459,891,4,XC1_x1_x1,-40940.11376667239,39700.0,1537882.1542903758,"(429, 2505, 180)","(429.0, 2505.0, 180)"
4460,892,0,x2_x1_x1,0.0,0.0,0.0,"(3999, 362, 90)","(3999.0, 362.0, 90)"
4461,892,1,x1_x1_x1,0.0,0.0,0.0,"(1967, 1047, 90)","(1967.0, 1047.0, 90)"
4462,892,2,XC1_x1_x1,0.0,0.0,0.0,"(3259, 3030, 180)","(3259.0, 3159.0, 180)"
4463,892,3,x3_x1_x1,0.0,0.0,0.0,"(3211, 2247, 270)","(3211.0, 2247.0, 270)"
4464,892,4,XC2_x1_x1,-33258.40499437278,32172.0,1180275.8117981239,"(4495, 4593, 270)","(4495.0, 4593.0, 270)"
4465,893,0,XC1_x1_x1,0.0,0.0,0.0,"(4335, 2463, 180)","(4335.0, 2463.0, 180)"
4466,893,1,x3_x1_x1,0.0,0.0,0.0,"(4566, 1969, 0)","(4566.0, 1653.5, 0)"
4467,893,2,x2_x1_x1,0.0,0.0,0.0,"(143, 262, 90)","(143.0, 262.0, 90)"
4468,893,3,XC2_x1_x1,0.0,0.0,0.0,"(2199, 3855, 180)","(2199.0, 3855.0, 180)"
4469,893,4,x1_x1_x1,-50303.89842951961,48739.0,2448907.0947129545,"(563, 2985, 270)","(563.0, 2985.0, 270)"
4470,894,0,x1_x1_x1,0.0,0.0,0.0,"(4871, 2274, 0)","(5835.0, 2274.0, 0)"
4471,894,1,XC1_x1_x1,0.0,0.0,0.0,"(1087, 1046, 270)","(1087.0, 1046.0, 270)"
4472,894,2,x3_x1_x1,0.0,0.0,0.0,"(4645, 2176, 180)","(4645.0, 2176.0, 180)"
4473,894,3,x2_x1_x1,0.0,0.0,0.0,"(1559, 4797, 0)","(1559.0, 4797.0, 0)"
4474,894,4,XC2_x1_x1,-44888.56047048089,43578.0,1717568.7467870808,"(1622, 2512, 90)","(1622.0, 2512.0, 90)"
4475,895,0,x1_x1_x1,0.0,0.0,0.0,"(2218, 3181, 270)","(2218.0, 3181.0, 270)"
4476,895,1,x2_x1_x1,0.0,0.0,0.0,"(1342, 4718, 90)","(1342.0, 4718.0, 90)"
4477,895,2,XC2_x1_x1,0.0,0.0,0.0,"(3141, 2644, 0)","(3141.0, 2644.0, 0)"
4478,895,3,x3_x1_x1,0.0,0.0,0.0,"(2470, 326, 90)","(2470.0, 326.0, 90)"
4479,895,4,XC1_x1_x1,-31476.925335707438,30624.0,727481.628291648,"(2289, 4443, 0)","(2289.0, 4443.0, 0)"
4480,896,0,XC2_x1_x1,0.0,0.0,0.0,"(1790, 3410, 0)","(1790.0, 3410.0, 0)"
4481,896,1,x3_x1_x1,0.0,0.0,0.0,"(2630, 2577, 90)","(2672.5, 2577.0, 90)"
4482,896,2,x1_x1_x1,0.0,0.0,0.0,"(1513, 3706, 90)","(1203.0, 3706.0, 90)"
4483,896,3,XC1_x1_x1,0.0,0.0,0.0,"(3349, 1807, 180)","(3349.0, 1665.0, 180)"
4484,896,4,x2_x1_x1,-33948.38014559524,32686.0,1593603.6319930546,"(110, 4550, 270)","(110.0, 4550.0, 270)"
4485,897,0,x1_x1_x1,0.0,0.0,0.0,"(3572, 3095, 90)","(4254.0, 3095.0, 90)"
4486,897,1,XC1_x1_x1,0.0,0.0,0.0,"(1547, 1749, 0)","(1547.0, 1749.0, 0)"
4487,897,2,XC2_x1_x1,0.0,0.0,0.0,"(3608, 2943, 90)","(3740.0, 2943.0, 90)"
4488,897,3,x2_x1_x1,0.0,0.0,0.0,"(2828, 3587, 180)","(2828.0, 3587.0, 180)"
4489,897,4,x3_x1_x1,-35996.94476434121,34652.5,1807531.7243644998,"(1574, 1118, 90)","(1574.0, 837.0, 90)"
4490,898,0,x3_x1_x1,0.0,0.0,0.0,"(4230, 2324, 270)","(4230.0, 2324.0, 270)"
4491,898,1,XC1_x1_x1,0.0,0.0,0.0,"(4844, 4418, 180)","(4908.0, 4418.0, 180)"
4492,898,2,XC2_x1_x1,0.0,0.0,0.0,"(2806, 1900, 0)","(2806.0, 1900.0, 0)"
4493,898,3,x1_x1_x1,0.0,0.0,0.0,"(4117, 3986, 180)","(4117.0, 3986.0, 180)"
4494,898,4,x2_x1_x1,-29574.64385711412,28485.0,1187323.7353465343,"(2130, 2720, 0)","(2130.0, 2720.0, 0)"
4495,899,0,x2_x1_x1,0.0,0.0,0.0,"(2794, 1753, 90)","(2794.0, 1753.0, 90)"
4496,899,1,x1_x1_x1,0.0,0.0,0.0,"(3680, 3697, 270)","(3680.0, 3697.0, 270)"
4497,899,2,XC2_x1_x1,0.0,0.0,0.0,"(4517, 268, 90)","(4517.0, 268.0, 90)"
4498,899,3,x3_x1_x1,0.0,0.0,0.0,"(1675, 2716, 90)","(1585.5, 2716.0, 90)"
4499,899,4,XC1_x1_x1,-33637.07465346313,32448.5,1412709.706855004,"(3615, 4113, 270)","(3615.0, 4488.0, 270)"
4500,900,0,x3_x1_x1,0.0,0.0,0.0,"(1356, 1326, 90)","(1356.0, 1326.0, 90)"
4501,900,1,XC2_x1_x1,0.0,0.0,0.0,"(3129, 3655, 0)","(3129.0, 3655.0, 0)"
4502,900,2,XC1_x1_x1,0.0,0.0,0.0,"(1113, 3619, 90)","(1113.0, 3619.0, 90)"
4503,900,3,x2_x1_x1,0.0,0.0,0.0,"(4377, 1542, 0)","(4377.0, 1542.0, 0)"
4504,900,4,x1_x1_x1,-35476.56802789825,34208.5,1607996.523377743,"(2968, 2091, 270)","(2968.0, 2091.0, 270)"
4505,901,0,x3_x1_x1,0.0,0.0,0.0,"(3621, 3614, 90)","(3621.0, 3614.0, 90)"
4506,901,1,x2_x1_x1,0.0,0.0,0.0,"(3238, 2629, 180)","(3238.0, 2205.5, 180)"
4507,901,2,x1_x1_x1,0.0,0.0,0.0,"(887, 4523, 90)","(887.0, 4523.0, 90)"
4508,901,3,XC1_x1_x1,0.0,0.0,0.0,"(2795, 4822, 90)","(2795.0, 4822.0, 90)"
4509,901,4,XC2_x1_x1,-31354.15906348602,30175.0,1390416.0970012199,"(3044, 2502, 0)","(2253.0, 2502.0, 0)"
4510,902,0,x3_x1_x1,0.0,0.0,0.0,"(4255, 1885, 270)","(4255.0, 1885.0, 270)"
4511,902,1,XC2_x1_x1,0.0,0.0,0.0,"(951, 2365, 90)","(951.0, 2365.0, 90)"
4512,902,2,XC1_x1_x1,0.0,0.0,0.0,"(3955, 3090, 270)","(3955.0, 3090.0, 270)"
4513,902,3,x2_x1_x1,0.0,0.0,0.0,"(3112, 4443, 0)","(3112.0, 4443.0, 0)"
4514,902,4,x1_x1_x1,-29794.584899003414,28796.0,997171.800517659,"(3894, 1506, 270)","(3342.0, 1506.0, 270)"
4515,903,0,x2_x1_x1,0.0,0.0,0.0,"(4870, 3645, 90)","(4870.0, 3645.0, 90)"
4516,903,1,XC1_x1_x1,0.0,0.0,0.0,"(3110, 715, 0)","(3110.0, 715.0, 0)"
4517,903,2,x1_x1_x1,0.0,0.0,0.0,"(1631, 2029, 90)","(1631.0, 2029.0, 90)"
4518,903,3,x3_x1_x1,0.0,0.0,0.0,"(2342, 216, 90)","(2227.5, 216.0, 90)"
4519,903,4,XC2_x1_x1,-40118.72711573186,38798.0,1744320.1142294048,"(2693, 1382, 270)","(2693.0, 1382.0, 270)"
4520,904,0,XC1_x1_x1,0.0,0.0,0.0,"(1352, 1827, 180)","(1352.0, 1827.0, 180)"
4521,904,1,x2_x1_x1,0.0,0.0,0.0,"(2873, 1528, 90)","(2873.0, 1528.0, 90)"
4522,904,2,x1_x1_x1,0.0,0.0,0.0,"(1378, 161, 180)","(1378.0, 161.0, 180)"
4523,904,3,XC2_x1_x1,0.0,0.0,0.0,"(698, 4282, 180)","(698.0, 4282.0, 180)"
4524,904,4,x3_x1_x1,-30747.502715962153,29804.5,889254.1223119976,"(176, 2210, 0)","(176.0, 2210.0, 0)"
4525,905,0,x2_x1_x1,0.0,0.0,0.0,"(3235, 2495, 180)","(3235.0, 2495.0, 180)"
4526,905,1,XC1_x1_x1,0.0,0.0,0.0,"(1538, 1570, 180)","(1538.0, 1570.0, 180)"
4527,905,2,x1_x1_x1,0.0,0.0,0.0,"(138, 1395, 180)","(138.0, 1395.0, 180)"
4528,905,3,x3_x1_x1,0.0,0.0,0.0,"(4739, 458, 270)","(4739.0, 458.0, 270)"
4529,905,4,XC2_x1_x1,-42707.03993438573,41468.5,1533981.1690682068,"(1364, 4190, 180)","(1364.0, 4190.0, 180)"
4530,906,0,x3_x1_x1,0.0,0.0,0.0,"(1854, 645, 270)","(1854.0, 645.0, 270)"
4531,906,1,x2_x1_x1,0.0,0.0,0.0,"(2934, 4431, 0)","(3203.0, 4431.0, 0)"
4532,906,2,x1_x1_x1,0.0,0.0,0.0,"(1557, 3918, 0)","(1427.0, 3918.0, 0)"
4533,906,3,XC2_x1_x1,0.0,0.0,0.0,"(2015, 218, 270)","(2015.0, -340.0, 270)"
4534,906,4,XC1_x1_x1,-30563.88205577691,29694.5,755825.1589068881,"(2218, 3950, 180)","(2218.0, 3950.0, 180)"
4535,907,0,x2_x1_x1,0.0,0.0,0.0,"(2645, 2119, 0)","(2645.0, 2119.0, 0)"
4536,907,1,XC2_x1_x1,0.0,0.0,0.0,"(2575, 658, 0)","(2575.0, 658.0, 0)"
4537,907,2,XC1_x1_x1,0.0,0.0,0.0,"(1466, 811, 90)","(1466.0, 811.0, 90)"
4538,907,3,x1_x1_x1,0.0,0.0,0.0,"(77, 3660, 270)","(77.0, 3660.0, 270)"
4539,907,4,x3_x1_x1,-40429.69417357007,39246.5,1399948.4523701614,"(4231, 3827, 0)","(4231.0, 3827.0, 0)"
4540,908,0,XC2_x1_x1,0.0,0.0,0.0,"(4047, 219, 270)","(4488.0, 219.0, 270)"
4541,908,1,x1_x1_x1,0.0,0.0,0.0,"(1708, 3663, 90)","(1708.0, 3663.0, 90)"
4542,908,2,x3_x1_x1,0.0,0.0,0.0,"(1139, 4016, 180)","(1139.0, 4750.5, 180)"
4543,908,3,x2_x1_x1,0.0,0.0,0.0,"(614, 2273, 180)","(614.0, 2273.0, 180)"
4544,908,4,XC1_x1_x1,-43586.53976876971,42282.5,1700519.7185329588,"(3855, 22, 0)","(3855.0, 22.0, 0)"
4545,909,0,x2_x1_x1,0.0,0.0,0.0,"(1915, 4363, 270)","(1915.0, 4363.0, 270)"
4546,909,1,x3_x1_x1,0.0,0.0,0.0,"(3182, 903, 270)","(3182.0, 903.0, 270)"
4547,909,2,XC1_x1_x1,0.0,0.0,0.0,"(3449, 3119, 0)","(3449.0, 3119.0, 0)"
4548,909,3,XC2_x1_x1,0.0,0.0,0.0,"(3527, 836, 90)","(3991.5, 836.0, 90)"
4549,909,4,x1_x1_x1,-34592.38862149348,33540.5,1106469.6720274582,"(3147, 126, 90)","(3147.0, -287.0, 90)"
4550,910,0,x1_x1_x1,0.0,0.0,0.0,"(2991, 564, 0)","(2991.0, 564.0, 0)"
4551,910,1,XC1_x1_x1,0.0,0.0,0.0,"(2822, 1478, 180)","(2822.0, 1478.0, 180)"
4552,910,2,x2_x1_x1,0.0,0.0,0.0,"(3249, 4139, 270)","(3249.0, 4139.0, 270)"
4553,910,3,x3_x1_x1,0.0,0.0,0.0,"(1831, 163, 0)","(1801.0, 163.0, 0)"
4554,910,4,XC2_x1_x1,-35688.25617282317,34544.0,1309322.189043922,"(2163, 3111, 90)","(2163.0, 3111.0, 90)"
4555,911,0,XC1_x1_x1,0.0,0.0,0.0,"(1470, 4349, 0)","(1470.0, 4349.0, 0)"
4556,911,1,x1_x1_x1,0.0,0.0,0.0,"(2806, 4591, 0)","(2806.0, 4591.0, 0)"
4557,911,2,x3_x1_x1,0.0,0.0,0.0,"(4221, 2643, 180)","(4221.0, 2643.0, 180)"
4558,911,3,XC2_x1_x1,0.0,0.0,0.0,"(2455, 3934, 180)","(2455.0, 3934.0, 180)"
4559,911,4,x2_x1_x1,-32388.067315060962,31264.0,1263527.3287883578,"(859, 4319, 90)","(587.5, 4319.0, 90)"
4560,912,0,x1_x1_x1,0.0,0.0,0.0,"(4771, 1242, 180)","(4771.0, 1242.0, 180)"
4561,912,1,x2_x1_x1,0.0,0.0,0.0,"(1005, 875, 270)","(1005.0, 875.0, 270)"
4562,912,2,XC1_x1_x1,0.0,0.0,0.0,"(3942, 4731, 90)","(3942.0, 4731.0, 90)"
4563,912,3,x3_x1_x1,0.0,0.0,0.0,"(2874, 1499, 270)","(2874.0, 1499.0, 270)"
4564,912,4,XC2_x1_x1,-34431.42262108989,33431.0,1000845.4207883733,"(2760, 725, 90)","(2760.0, 514.0, 90)"
4565,913,0,XC2_x1_x1,0.0,0.0,0.0,"(2476, 3267, 0)","(2476.0, 3267.0, 0)"
4566,913,1,x2_x1_x1,0.0,0.0,0.0,"(1136, 2047, 0)","(1136.0, 2047.0, 0)"
4567,913,2,x1_x1_x1,0.0,0.0,0.0,"(1798, 30, 0)","(1798.0, 30.0, 0)"
4568,913,3,x3_x1_x1,0.0,0.0,0.0,"(667, 3845, 0)","(667.0, 3845.0, 0)"
4569,913,4,XC1_x1_x1,-33377.78970955098,32289.0,1185463.0316241228,"(1875, 4800, 0)","(1875.0, 4800.0, 0)"
4570,914,0,x2_x1_x1,0.0,0.0,0.0,"(3940, 587, 0)","(3940.0, 587.0, 0)"
4571,914,1,x1_x1_x1,0.0,0.0,0.0,"(260, 3258, 0)","(260.0, 3258.0, 0)"
4572,914,2,x3_x1_x1,0.0,0.0,0.0,"(1697, 3386, 270)","(1697.0, 3386.0, 270)"
4573,914,3,XC2_x1_x1,0.0,0.0,0.0,"(3943, 3868, 0)","(3943.0, 3868.0, 0)"
4574,914,4,XC1_x1_x1,-37387.60982305472,36264.5,1261375.6746419999,"(4404, 2170, 0)","(4404.0, 2170.0, 0)"
4575,915,0,XC2_x1_x1,0.0,0.0,0.0,"(1217, 2320, 90)","(1217.0, 2320.0, 90)"
4576,915,1,x1_x1_x1,0.0,0.0,0.0,"(1418, 1525, 180)","(1418.0, 1525.0, 180)"
4577,915,2,XC1_x1_x1,0.0,0.0,0.0,"(3381, 632, 180)","(3381.0, 632.0, 180)"
4578,915,3,x3_x1_x1,0.0,0.0,0.0,"(1667, 166, 90)","(1667.0, 166.0, 90)"
4579,915,4,x2_x1_x1,-33422.73342584992,32276.5,1313851.0665356393,"(138, 3021, 0)","(138.0, 3021.0, 0)"
4580,916,0,XC1_x1_x1,0.0,0.0,0.0,"(3641, 2051, 90)","(3641.0, 2303.0, 90)"
4581,916,1,x1_x1_x1,0.0,0.0,0.0,"(3571, 1716, 0)","(3571.0, 1716.0, 0)"
4582,916,2,XC2_x1_x1,0.0,0.0,0.0,"(1103, 2210, 90)","(1103.0, 2210.0, 90)"
4583,916,3,x2_x1_x1,0.0,0.0,0.0,"(2055, 973, 270)","(2055.0, 973.0, 270)"
4584,916,4,x3_x1_x1,-29289.322106689753,28189.5,1209608.6663634907,"(3212, 2823, 270)","(3212.0, 3288.0, 270)"
4585,917,0,XC1_x1_x1,0.0,0.0,0.0,"(2954, 3349, 270)","(2954.0, 3349.0, 270)"
4586,917,1,x3_x1_x1,0.0,0.0,0.0,"(2374, 565, 180)","(2374.0, 565.0, 180)"
4587,917,2,x1_x1_x1,0.0,0.0,0.0,"(2536, 3652, 180)","(2536.0, 3936.0, 180)"
4588,917,3,x2_x1_x1,0.0,0.0,0.0,"(3090, 3439, 0)","(3866.0, 3439.0, 0)"
4589,917,4,XC2_x1_x1,-31863.483394482166,30704.5,1343242.5086854026,"(3480, 3394, 270)","(3514.0, 4321.5, 270)"
4590,918,0,x1_x1_x1,0.0,0.0,0.0,"(3886, 2631, 90)","(4528.0, 2631.0, 90)"
4591,918,1,x3_x1_x1,0.0,0.0,0.0,"(3615, 2465, 90)","(3615.0, 3059.0, 90)"
4592,918,2,XC2_x1_x1,0.0,0.0,0.0,"(133, 2380, 180)","(133.0, 2380.0, 180)"
4593,918,3,XC1_x1_x1,0.0,0.0,0.0,"(196, 645, 0)","(196.0, 645.0, 0)"
4594,918,4,x2_x1_x1,-30191.14314358664,29441.0,562714.735870046,"(2825, 1748, 0)","(2825.0, 1748.0, 0)"
4595,919,0,XC1_x1_x1,0.0,0.0,0.0,"(15, 1287, 270)","(15.0, 1287.0, 270)"
4596,919,1,x2_x1_x1,0.0,0.0,0.0,"(4301, 2666, 180)","(4301.0, 2666.0, 180)"
4597,919,2,x1_x1_x1,0.0,0.0,0.0,"(44, 2897, 180)","(44.0, 2897.0, 180)"
4598,919,3,XC2_x1_x1,0.0,0.0,0.0,"(3414, 656, 270)","(3414.0, 656.0, 270)"
4599,919,4,x3_x1_x1,-41196.54620753922,39907.0,1662929.421378785,"(1571, 3633, 270)","(1571.0, 3633.0, 270)"
4600,920,0,XC2_x1_x1,0.0,0.0,0.0,"(1050, 4334, 270)","(1050.0, 4334.0, 270)"
4601,920,1,x2_x1_x1,0.0,0.0,0.0,"(107, 4417, 0)","(-650.0, 4417.0, 0)"
4602,920,2,x1_x1_x1,0.0,0.0,0.0,"(667, 4875, 180)","(667.0, 4921.0, 180)"
4603,920,3,XC1_x1_x1,0.0,0.0,0.0,"(1759, 243, 90)","(1759.0, 243.0, 90)"
4604,920,4,x3_x1_x1,-37403.97964530063,36407.5,992971.6834984575,"(3542, 4410, 270)","(3542.0, 4410.0, 270)"
4605,921,0,XC1_x1_x1,0.0,0.0,0.0,"(3801, 1588, 0)","(3801.0, 1588.0, 0)"
4606,921,1,XC2_x1_x1,0.0,0.0,0.0,"(4113, 2760, 0)","(4113.0, 2760.0, 0)"
4607,921,2,x1_x1_x1,0.0,0.0,0.0,"(1694, 1943, 180)","(1694.0, 1943.0, 180)"
4608,921,3,x2_x1_x1,0.0,0.0,0.0,"(2927, 3636, 90)","(2927.0, 3636.0, 90)"
4609,921,4,x3_x1_x1,-32909.03653312037,31749.5,1344524.9716408066,"(1415, 1937, 0)","(1415.0, 1059.5, 0)"
4610,922,0,x3_x1_x1,0.0,0.0,0.0,"(4917, 569, 90)","(4917.0, 569.0, 90)"
4611,922,1,x2_x1_x1,0.0,0.0,0.0,"(2609, 4038, 270)","(2609.0, 4038.0, 270)"
4612,922,2,XC2_x1_x1,0.0,0.0,0.0,"(2805, 48, 180)","(2805.0, 48.0, 180)"
4613,922,3,XC1_x1_x1,0.0,0.0,0.0,"(1143, 4295, 90)","(1143.0, 4295.0, 90)"
4614,922,4,x1_x1_x1,-40477.44684301267,39275.5,1444676.213428126,"(4880, 203, 0)","(4880.0, -544.0, 0)"
4615,923,0,x2_x1_x1,0.0,0.0,0.0,"(2776, 1244, 0)","(2776.0, 1244.0, 0)"
4616,923,1,x3_x1_x1,0.0,0.0,0.0,"(274, 3625, 0)","(274.0, 3625.0, 0)"
4617,923,2,XC1_x1_x1,0.0,0.0,0.0,"(3615, 2894, 0)","(3615.0, 2894.0, 0)"
4618,923,3,XC2_x1_x1,0.0,0.0,0.0,"(4091, 1784, 270)","(4091.0, 1784.0, 270)"
4619,923,4,x1_x1_x1,-37850.24005600521,36566.0,1649272.5214482679,"(2499, 988, 90)","(1790.0, 988.0, 90)"
4620,924,0,x3_x1_x1,0.0,0.0,0.0,"(4715, 348, 180)","(4715.0, 348.0, 180)"
4621,924,1,XC2_x1_x1,0.0,0.0,0.0,"(380, 4482, 180)","(380.0, 4482.0, 180)"
4622,924,2,XC1_x1_x1,0.0,0.0,0.0,"(4263, 3010, 270)","(4263.0, 3010.0, 270)"
4623,924,3,x1_x1_x1,0.0,0.0,0.0,"(1033, 1705, 180)","(1033.0, 1705.0, 180)"
4624,924,4,x2_x1_x1,-53940.228881348456,52203.0,3017964.1861912,"(2033, 4434, 270)","(2033.0, 4434.0, 270)"
4625,925,0,x2_x1_x1,0.0,0.0,0.0,"(478, 2823, 180)","(478.0, 2823.0, 180)"
4626,925,1,XC1_x1_x1,0.0,0.0,0.0,"(2885, 1346, 90)","(2885.0, 1346.0, 90)"
4627,925,2,XC2_x1_x1,0.0,0.0,0.0,"(12, 1608, 180)","(12.0, 1608.0, 180)"
4628,925,3,x1_x1_x1,0.0,0.0,0.0,"(4164, 3336, 90)","(4164.0, 3336.0, 90)"
4629,925,4,x3_x1_x1,-44103.168730922065,42678.0,2031105.9115980123,"(3928, 4485, 90)","(3928.0, 4526.0, 90)"
4630,926,0,x3_x1_x1,0.0,0.0,0.0,"(4000, 2768, 0)","(4000.0, 2768.0, 0)"
4631,926,1,XC1_x1_x1,0.0,0.0,0.0,"(110, 1997, 270)","(110.0, 1997.0, 270)"
4632,926,2,XC2_x1_x1,0.0,0.0,0.0,"(33, 4149, 270)","(33.0, 4149.0, 270)"
4633,926,3,x2_x1_x1,0.0,0.0,0.0,"(4070, 1524, 90)","(4070.0, 1457.0, 90)"
4634,926,4,x1_x1_x1,-46111.057423806524,44670.5,2075205.6912840968,"(12, 4564, 270)","(12.0, 4940.0, 270)"
4635,927,0,x1_x1_x1,0.0,0.0,0.0,"(3080, 2201, 180)","(3080.0, 2201.0, 180)"
4636,927,1,x3_x1_x1,0.0,0.0,0.0,"(683, 933, 90)","(683.0, 933.0, 90)"
4637,927,2,XC1_x1_x1,0.0,0.0,0.0,"(4881, 4170, 0)","(4881.0, 4170.0, 0)"
4638,927,3,XC2_x1_x1,0.0,0.0,0.0,"(3434, 618, 90)","(3434.0, 618.0, 90)"
4639,927,4,x2_x1_x1,-34213.90512536364,33232.5,963156.0200900265,"(4789, 2235, 0)","(4789.0, 2235.0, 0)"
4640,928,0,XC2_x1_x1,0.0,0.0,0.0,"(1343, 476, 180)","(1343.0, 282.5, 180)"
4641,928,1,XC1_x1_x1,0.0,0.0,0.0,"(3687, 3487, 270)","(3687.0, 3487.0, 270)"
4642,928,2,x2_x1_x1,0.0,0.0,0.0,"(1811, 1092, 180)","(1811.0, 1092.0, 180)"
4643,928,3,x1_x1_x1,0.0,0.0,0.0,"(530, 4293, 90)","(530.0, 4293.0, 90)"
4644,928,4,x3_x1_x1,-50391.03722613971,48612.0,3164973.4519908815,"(4192, 4217, 180)","(4192.0, 4369.5, 180)"
4645,929,0,x1_x1_x1,0.0,0.0,0.0,"(1630, 2642, 180)","(1630.0, 2642.0, 180)"
4646,929,1,XC2_x1_x1,0.0,0.0,0.0,"(1651, 2818, 180)","(1651.0, 3156.0, 180)"
4647,929,2,x2_x1_x1,0.0,0.0,0.0,"(2327, 1612, 90)","(2327.0, 1612.0, 90)"
4648,929,3,x3_x1_x1,0.0,0.0,0.0,"(1166, 1160, 0)","(1016.0, 1160.0, 0)"
4649,929,4,XC1_x1_x1,-26378.849555508536,25516.0,744509.3554412745,"(4297, 3497, 180)","(4297.0, 3497.0, 180)"
4650,930,0,x3_x1_x1,0.0,0.0,0.0,"(567, 2089, 0)","(567.0, 2089.0, 0)"
4651,930,1,x1_x1_x1,0.0,0.0,0.0,"(1131, 4505, 90)","(1131.0, 4505.0, 90)"
4652,930,2,x2_x1_x1,0.0,0.0,0.0,"(2644, 3971, 90)","(2644.0, 3971.0, 90)"
4653,930,3,XC2_x1_x1,0.0,0.0,0.0,"(1503, 916, 270)","(1503.0, 916.0, 270)"
4654,930,4,XC1_x1_x1,-27369.925195943655,26466.5,816177.0846658347,"(2149, 2884, 0)","(2149.0, 2884.0, 0)"
4655,931,0,x1_x1_x1,0.0,0.0,0.0,"(436, 2381, 0)","(436.0, 2381.0, 0)"
4656,931,1,x3_x1_x1,0.0,0.0,0.0,"(3218, 811, 0)","(3218.0, 811.0, 0)"
4657,931,2,XC2_x1_x1,0.0,0.0,0.0,"(3590, 44, 270)","(3590.0, -71.5, 270)"
4658,931,3,XC1_x1_x1,0.0,0.0,0.0,"(4549, 3749, 90)","(4549.0, 3749.0, 90)"
4659,931,4,x2_x1_x1,-40864.20930948944,39459.0,1974613.20347578,"(190, 396, 90)","(190.0, 396.0, 90)"
4660,932,0,XC2_x1_x1,0.0,0.0,0.0,"(412, 4382, 0)","(412.0, 4382.0, 0)"
4661,932,1,x1_x1_x1,0.0,0.0,0.0,"(3778, 3114, 270)","(3778.0, 3114.0, 270)"
4662,932,2,x3_x1_x1,0.0,0.0,0.0,"(4762, 2760, 180)","(4891.0, 2760.0, 180)"
4663,932,3,x2_x1_x1,0.0,0.0,0.0,"(3575, 267, 0)","(3575.0, 267.0, 0)"
4664,932,4,XC1_x1_x1,-40672.65315996431,39649.0,1047865.7919049188,"(466, 2968, 90)","(466.0, 2968.0, 90)"
4665,933,0,x3_x1_x1,0.0,0.0,0.0,"(1963, 3521, 0)","(1963.0, 3521.0, 0)"
4666,933,1,XC1_x1_x1,0.0,0.0,0.0,"(3305, 2957, 90)","(3305.0, 2957.0, 90)"
4667,933,2,XC2_x1_x1,0.0,0.0,0.0,"(4490, 2679, 90)","(5129.0, 2679.0, 90)"
4668,933,3,x1_x1_x1,0.0,0.0,0.0,"(3012, 878, 90)","(3012.0, 878.0, 90)"
4669,933,4,x2_x1_x1,-33368.30072624983,32164.0,1450340.2392458636,"(4114, 2184, 0)","(4217.0, 2184.0, 0)"
4670,934,0,XC1_x1_x1,0.0,0.0,0.0,"(3390, 611, 0)","(3390.0, 611.0, 0)"
4671,934,1,x2_x1_x1,0.0,0.0,0.0,"(2944, 433, 0)","(2405.0, 433.0, 0)"
4672,934,2,x3_x1_x1,0.0,0.0,0.0,"(4433, 2081, 180)","(4433.0, 2081.0, 180)"
4673,934,3,XC2_x1_x1,0.0,0.0,0.0,"(3369, 3225, 180)","(3369.0, 3225.0, 180)"
4674,934,4,x1_x1_x1,-31459.05169847167,30537.5,849257.53295602,"(984, 2355, 270)","(984.0, 2355.0, 270)"
4675,935,0,x3_x1_x1,0.0,0.0,0.0,"(3577, 183, 270)","(3577.0, 183.0, 270)"
4676,935,1,x1_x1_x1,0.0,0.0,0.0,"(1646, 2833, 180)","(1646.0, 2833.0, 180)"
4677,935,2,x2_x1_x1,0.0,0.0,0.0,"(2089, 1346, 0)","(2089.0, 1346.0, 0)"
4678,935,3,XC2_x1_x1,0.0,0.0,0.0,"(1632, 520, 0)","(1632.0, 520.0, 0)"
4679,935,4,XC1_x1_x1,-28291.3780854643,27265.5,1052425.846235897,"(3491, 1592, 270)","(3491.0, 1592.0, 270)"
4680,936,0,x3_x1_x1,0.0,0.0,0.0,"(3259, 2921, 0)","(3259.0, 2921.0, 0)"
4681,936,1,x1_x1_x1,0.0,0.0,0.0,"(3866, 689, 0)","(3866.0, 689.0, 0)"
4682,936,2,XC2_x1_x1,0.0,0.0,0.0,"(167, 595, 270)","(167.0, 595.0, 270)"
4683,936,3,XC1_x1_x1,0.0,0.0,0.0,"(2018, 462, 90)","(2018.0, 462.0, 90)"
4684,936,4,x2_x1_x1,-39054.874507137196,37865.0,1415801.3427349771,"(3549, 4660, 90)","(3549.0, 4660.0, 90)"
4685,937,0,XC2_x1_x1,0.0,0.0,0.0,"(1323, 2682, 0)","(1323.0, 2682.0, 0)"
4686,937,1,XC1_x1_x1,0.0,0.0,0.0,"(4505, 1357, 180)","(4505.0, 1357.0, 180)"
4687,937,2,x1_x1_x1,0.0,0.0,0.0,"(714, 1374, 180)","(714.0, 1374.0, 180)"
4688,937,3,x2_x1_x1,0.0,0.0,0.0,"(258, 239, 90)","(258.0, 239.0, 90)"
4689,937,4,x3_x1_x1,-50233.505970346,48759.0,2174167.856585993,"(3584, 4916, 180)","(3584.0, 4916.0, 180)"
4690,938,0,x2_x1_x1,0.0,0.0,0.0,"(442, 4321, 90)","(442.0, 4321.0, 90)"
4691,938,1,XC2_x1_x1,0.0,0.0,0.0,"(4609, 2438, 180)","(4609.0, 2438.0, 180)"
4692,938,2,XC1_x1_x1,0.0,0.0,0.0,"(1677, 1383, 0)","(1677.0, 1383.0, 0)"
4693,938,3,x1_x1_x1,0.0,0.0,0.0,"(3225, 1682, 0)","(3225.0, 1682.0, 0)"
4694,938,4,x3_x1_x1,-37150.415984000945,36002.0,1318859.2723088576,"(1978, 4697, 0)","(1978.0, 4697.0, 0)"
4695,939,0,XC1_x1_x1,0.0,0.0,0.0,"(4830, 354, 180)","(4830.0, 354.0, 180)"
4696,939,1,x3_x1_x1,0.0,0.0,0.0,"(605, 2461, 0)","(605.0, 2461.0, 0)"
4697,939,2,x2_x1_x1,0.0,0.0,0.0,"(2465, 2865, 90)","(2465.0, 2865.0, 90)"
4698,939,3,x1_x1_x1,0.0,0.0,0.0,"(2346, 510, 0)","(2346.0, 510.0, 0)"
4699,939,4,XC2_x1_x1,-36522.766315060486,35359.5,1353188.5197544028,"(4126, 118, 90)","(4126.0, 118.0, 90)"
4700,940,0,x3_x1_x1,0.0,0.0,0.0,"(4823, 1723, 270)","(4823.0, 1723.0, 270)"
4701,940,1,x1_x1_x1,0.0,0.0,0.0,"(4717, 3078, 180)","(4717.0, 3078.0, 180)"
4702,940,2,XC2_x1_x1,0.0,0.0,0.0,"(3387, 3116, 90)","(3387.0, 3116.0, 90)"
4703,940,3,XC1_x1_x1,0.0,0.0,0.0,"(4514, 4493, 0)","(4514.0, 4493.0, 0)"
4704,940,4,x2_x1_x1,-28993.587672831887,28006.0,975329.4115295061,"(2943, 2975, 0)","(2475.0, 2975.0, 0)"
4705,941,0,x2_x1_x1,0.0,0.0,0.0,"(2310, 2349, 0)","(2310.0, 2349.0, 0)"
4706,941,1,x1_x1_x1,0.0,0.0,0.0,"(159, 4116, 270)","(159.0, 4116.0, 270)"
4707,941,2,XC2_x1_x1,0.0,0.0,0.0,"(932, 2704, 0)","(932.0, 2704.0, 0)"
4708,941,3,XC1_x1_x1,0.0,0.0,0.0,"(4656, 4860, 180)","(4934.0, 4860.0, 180)"
4709,941,4,x3_x1_x1,-42641.34354590285,41102.0,2369578.552312761,"(3949, 4430, 0)","(3949.0, 4430.0, 0)"
4710,942,0,x1_x1_x1,0.0,0.0,0.0,"(625, 665, 270)","(625.0, 665.0, 270)"
4711,942,1,x3_x1_x1,0.0,0.0,0.0,"(2476, 3577, 90)","(2476.0, 3577.0, 90)"
4712,942,2,XC1_x1_x1,0.0,0.0,0.0,"(4585, 2072, 180)","(4585.0, 2072.0, 180)"
4713,942,3,XC2_x1_x1,0.0,0.0,0.0,"(1547, 1112, 180)","(1547.0, 1112.0, 180)"
4714,942,4,x2_x1_x1,-33662.53529301711,32536.0,1269081.7664131394,"(1540, 3335, 90)","(1267.5, 3335.0, 90)"
4715,943,0,x2_x1_x1,0.0,0.0,0.0,"(4345, 970, 180)","(4345.0, 970.0, 180)"
4716,943,1,x3_x1_x1,0.0,0.0,0.0,"(1242, 3465, 180)","(747.0, 3465.0, 180)"
4717,943,2,x1_x1_x1,0.0,0.0,0.0,"(2064, 3735, 180)","(2064.0, 3735.0, 180)"
4718,943,3,XC1_x1_x1,0.0,0.0,0.0,"(4452, 4042, 90)","(4452.0, 4042.0, 90)"
4719,943,4,XC2_x1_x1,-36586.81393818353,35456.0,1278740.1627901455,"(1953, 3968, 90)","(1953.0, 4322.0, 90)"
4720,944,0,x2_x1_x1,0.0,0.0,0.0,"(911, 3887, 180)","(911.0, 3887.0, 180)"
4721,944,1,x3_x1_x1,0.0,0.0,0.0,"(203, 1067, 270)","(203.0, 1067.0, 270)"
4722,944,2,XC1_x1_x1,0.0,0.0,0.0,"(3251, 890, 0)","(3251.0, 890.0, 0)"
4723,944,3,XC2_x1_x1,0.0,0.0,0.0,"(2599, 4079, 180)","(2599.0, 4079.0, 180)"
4724,944,4,x1_x1_x1,-44111.80363848609,42515.0,2549781.8598824237,"(3552, 1979, 0)","(3552.0, 1979.0, 0)"
4725,945,0,x1_x1_x1,0.0,0.0,0.0,"(4383, 3656, 180)","(4383.0, 3656.0, 180)"
4726,945,1,x3_x1_x1,0.0,0.0,0.0,"(2441, 3246, 90)","(2441.0, 3246.0, 90)"
4727,945,2,XC1_x1_x1,0.0,0.0,0.0,"(1342, 3999, 270)","(1342.0, 3999.0, 270)"
4728,945,3,XC2_x1_x1,0.0,0.0,0.0,"(4176, 586, 270)","(4176.0, 586.0, 270)"
4729,945,4,x2_x1_x1,-40256.53091596755,38945.5,1718802.0626227276,"(580, 1248, 0)","(580.0, 1248.0, 0)"
4730,946,0,XC2_x1_x1,0.0,0.0,0.0,"(4825, 2715, 0)","(4825.0, 2715.0, 0)"
4731,946,1,XC1_x1_x1,0.0,0.0,0.0,"(2105, 414, 0)","(2105.0, 414.0, 0)"
4732,946,2,x3_x1_x1,0.0,0.0,0.0,"(3480, 3239, 90)","(3480.0, 3239.0, 90)"
4733,946,3,x2_x1_x1,0.0,0.0,0.0,"(1989, 434, 90)","(1222.5, 434.0, 90)"
4734,946,4,x1_x1_x1,-35952.03776301684,34828.0,1263460.8926878911,"(734, 3722, 90)","(734.0, 3722.0, 90)"
4735,947,0,x3_x1_x1,0.0,0.0,0.0,"(4535, 3424, 180)","(4535.0, 3424.0, 180)"
4736,947,1,XC2_x1_x1,0.0,0.0,0.0,"(3283, 69, 90)","(3283.0, 69.0, 90)"
4737,947,2,x2_x1_x1,0.0,0.0,0.0,"(4313, 1611, 180)","(4313.0, 1611.0, 180)"
4738,947,3,x1_x1_x1,0.0,0.0,0.0,"(2423, 3328, 90)","(2423.0, 3328.0, 90)"
4739,947,4,XC1_x1_x1,-35185.92320943237,34053.5,1282382.3252611023,"(130, 2994, 0)","(130.0, 2994.0, 0)"
4740,948,0,XC1_x1_x1,0.0,0.0,0.0,"(4401, 1815, 270)","(4401.0, 1815.0, 270)"
4741,948,1,x2_x1_x1,0.0,0.0,0.0,"(2801, 2743, 0)","(2801.0, 2743.0, 0)"
4742,948,2,x1_x1_x1,0.0,0.0,0.0,"(1445, 547, 90)","(1445.0, 547.0, 90)"
4743,948,3,x3_x1_x1,0.0,0.0,0.0,"(3589, 450, 270)","(3589.0, 450.0, 270)"
4744,948,4,XC2_x1_x1,-33705.98686991516,32418.0,1658910.1770738622,"(1580, 2806, 180)","(1580.0, 2806.0, 180)"
4745,949,0,x3_x1_x1,0.0,0.0,0.0,"(2290, 949, 90)","(2290.0, 73.0, 90)"
4746,949,1,XC2_x1_x1,0.0,0.0,0.0,"(3243, 1653, 270)","(3243.0, 1653.0, 270)"
4747,949,2,XC1_x1_x1,0.0,0.0,0.0,"(2230, 2540, 90)","(2230.0, 2540.0, 90)"
4748,949,3,x2_x1_x1,0.0,0.0,0.0,"(1989, 1384, 0)","(1989.0, 1384.0, 0)"
4749,949,4,x1_x1_x1,-26900.9205300646,25900.5,1000841.2369747335,"(1259, 3035, 270)","(1259.0, 3035.0, 270)"
4750,950,0,x3_x1_x1,0.0,0.0,0.0,"(938, 4203, 270)","(938.0, 4203.0, 270)"
4751,950,1,XC2_x1_x1,0.0,0.0,0.0,"(3119, 785, 270)","(3119.0, 685.5, 270)"
4752,950,2,x2_x1_x1,0.0,0.0,0.0,"(3771, 1568, 180)","(3771.0, 1568.0, 180)"
4753,950,3,XC1_x1_x1,0.0,0.0,0.0,"(301, 619, 180)","(301.0, 619.0, 180)"
4754,950,4,x1_x1_x1,-44577.080461195386,43038.0,2368768.6660333984,"(2765, 4297, 270)","(2765.0, 4297.0, 270)"
4755,951,0,x3_x1_x1,0.0,0.0,0.0,"(1373, 810, 270)","(1373.0, 810.0, 270)"
4756,951,1,XC2_x1_x1,0.0,0.0,0.0,"(4737, 2750, 90)","(4737.0, 2750.0, 90)"
4757,951,2,XC1_x1_x1,0.0,0.0,0.0,"(604, 4549, 270)","(604.0, 4549.0, 270)"
4758,951,3,x1_x1_x1,0.0,0.0,0.0,"(3559, 4584, 270)","(3559.0, 4584.0, 270)"
4759,951,4,x2_x1_x1,-39258.54944600431,38024.5,1522878.0351835482,"(2877, 3467, 0)","(2877.0, 3467.0, 0)"
4760,952,0,x1_x1_x1,0.0,0.0,0.0,"(847, 3155, 270)","(847.0, 3155.0, 270)"
4761,952,1,x2_x1_x1,0.0,0.0,0.0,"(3358, 327, 270)","(3358.0, 327.0, 270)"
4762,952,2,x3_x1_x1,0.0,0.0,0.0,"(2640, 3329, 90)","(2640.0, 3329.0, 90)"
4763,952,3,XC2_x1_x1,0.0,0.0,0.0,"(4315, 4717, 270)","(4315.0, 4717.0, 270)"
4764,952,4,XC1_x1_x1,-39521.69254629126,38284.5,1530645.39659866,"(2612, 3431, 90)","(1830.5, 3431.0, 90)"
4765,953,0,x2_x1_x1,0.0,0.0,0.0,"(3249, 4244, 90)","(3249.0, 4244.0, 90)"
4766,953,1,x3_x1_x1,0.0,0.0,0.0,"(2145, 418, 270)","(2145.0, 418.0, 270)"
4767,953,2,x1_x1_x1,0.0,0.0,0.0,"(81, 1113, 270)","(81.0, 1113.0, 270)"
4768,953,3,XC2_x1_x1,0.0,0.0,0.0,"(2637, 1770, 0)","(2637.0, 1770.0, 0)"
4769,953,4,XC1_x1_x1,-41771.201506211146,40599.5,1372884.419657466,"(4528, 197, 180)","(4528.0, 197.0, 180)"
4770,954,0,x1_x1_x1,0.0,0.0,0.0,"(660, 1360, 90)","(660.0, 1360.0, 90)"
4771,954,1,XC1_x1_x1,0.0,0.0,0.0,"(143, 3855, 180)","(143.0, 3855.0, 180)"
4772,954,2,XC2_x1_x1,0.0,0.0,0.0,"(4101, 3612, 90)","(4101.0, 3612.0, 90)"
4773,954,3,x2_x1_x1,0.0,0.0,0.0,"(1732, 3417, 270)","(1732.0, 3417.0, 270)"
4774,954,4,x3_x1_x1,-34117.5317583123,33022.0,1200189.8334708442,"(2481, 463, 0)","(2481.0, 463.0, 0)"
4775,955,0,x3_x1_x1,0.0,0.0,0.0,"(4638, 3062, 0)","(4638.0, 3062.0, 0)"
4776,955,1,x1_x1_x1,0.0,0.0,0.0,"(2548, 3874, 270)","(2429.0, 3874.0, 270)"
4777,955,2,XC1_x1_x1,0.0,0.0,0.0,"(3016, 4216, 180)","(3016.0, 4216.0, 180)"
4778,955,3,XC2_x1_x1,0.0,0.0,0.0,"(4732, 303, 180)","(4732.0, -18.5, 180)"
4779,955,4,x2_x1_x1,-39109.19652130357,37667.0,2079930.8060601358,"(4762, 791, 180)","(4762.0, 791.0, 180)"
4780,956,0,XC1_x1_x1,0.0,0.0,0.0,"(1381, 1644, 0)","(1381.0, 1644.0, 0)"
4781,956,1,x3_x1_x1,0.0,0.0,0.0,"(3246, 3963, 180)","(3246.0, 3963.0, 180)"
4782,956,2,x1_x1_x1,0.0,0.0,0.0,"(1824, 1234, 0)","(1824.0, 1130.0, 0)"
4783,956,3,x2_x1_x1,0.0,0.0,0.0,"(1264, 931, 180)","(634.0, 834.5, 180)"
4784,956,4,XC2_x1_x1,-33413.58843018171,32341.0,1150445.9405596782,"(2565, 1183, 90)","(2565.0, 1183.0, 90)"
4785,957,0,x2_x1_x1,0.0,0.0,0.0,"(3145, 4055, 270)","(3145.0, 4055.0, 270)"
4786,957,1,x1_x1_x1,0.0,0.0,0.0,"(4508, 752, 0)","(4508.0, 752.0, 0)"
4787,957,2,x3_x1_x1,0.0,0.0,0.0,"(4281, 4201, 90)","(4353.5, 4201.0, 90)"
4788,957,3,XC2_x1_x1,0.0,0.0,0.0,"(524, 4882, 90)","(524.0, 4882.0, 90)"
4789,957,4,XC1_x1_x1,-39217.02353540287,37995.5,1492119.7475431324,"(3073, 398, 90)","(3073.0, 398.0, 90)"
4790,958,0,XC2_x1_x1,0.0,0.0,0.0,"(4035, 3162, 90)","(4035.0, 3162.0, 90)"
4791,958,1,x2_x1_x1,0.0,0.0,0.0,"(3349, 4395, 0)","(3349.0, 4395.0, 0)"
4792,958,2,XC1_x1_x1,0.0,0.0,0.0,"(3532, 2202, 180)","(3532.0, 2202.0, 180)"
4793,958,3,x1_x1_x1,0.0,0.0,0.0,"(4263, 3268, 0)","(4753.0, 3268.0, 0)"
4794,958,4,x3_x1_x1,-25864.111994429306,24946.5,842011.7723205306,"(1925, 4218, 0)","(1925.0, 4218.0, 0)"
4795,959,0,x3_x1_x1,0.0,0.0,0.0,"(4600, 3202, 270)","(4600.0, 3202.0, 270)"
4796,959,1,XC1_x1_x1,0.0,0.0,0.0,"(4195, 4431, 270)","(4195.0, 4431.0, 270)"
4797,959,2,x2_x1_x1,0.0,0.0,0.0,"(353, 2741, 0)","(353.0, 2741.0, 0)"
4798,959,3,x1_x1_x1,0.0,0.0,0.0,"(3884, 1480, 90)","(3884.0, 1480.0, 90)"
4799,959,4,XC2_x1_x1,-45530.78211032785,44026.5,2262864.667452401,"(582, 3845, 180)","(582.0, 3845.0, 180)"
4800,960,0,XC2_x1_x1,0.0,0.0,0.0,"(3355, 1900, 0)","(3355.0, 1900.0, 0)"
4801,960,1,x3_x1_x1,0.0,0.0,0.0,"(2479, 2416, 0)","(2201.0, 2416.0, 0)"
4802,960,2,x1_x1_x1,0.0,0.0,0.0,"(619, 4095, 0)","(619.0, 4095.0, 0)"
4803,960,3,x2_x1_x1,0.0,0.0,0.0,"(4872, 1772, 90)","(4872.0, 1772.0, 90)"
4804,960,4,XC1_x1_x1,-36849.85429602929,35628.0,1492927.9207252404,"(3186, 2935, 0)","(3186.0, 2935.0, 0)"
4805,961,0,XC2_x1_x1,0.0,0.0,0.0,"(2832, 568, 90)","(2832.0, 568.0, 90)"
4806,961,1,x3_x1_x1,0.0,0.0,0.0,"(2926, 1998, 0)","(2926.0, 1998.0, 0)"
4807,961,2,XC1_x1_x1,0.0,0.0,0.0,"(4236, 1775, 180)","(4236.0, 1775.0, 180)"
4808,961,3,x2_x1_x1,0.0,0.0,0.0,"(4060, 1039, 0)","(4060.0, 789.5, 0)"
4809,961,4,x1_x1_x1,-33571.565579770075,32443.0,1273660.2678417696,"(1383, 4056, 180)","(1383.0, 4056.0, 180)"
4810,962,0,x3_x1_x1,0.0,0.0,0.0,"(4862, 2137, 90)","(4862.0, 2137.0, 90)"
4811,962,1,x2_x1_x1,0.0,0.0,0.0,"(2653, 1778, 0)","(2653.0, 1778.0, 0)"
4812,962,2,XC1_x1_x1,0.0,0.0,0.0,"(4634, 1195, 90)","(4634.0, 1152.0, 90)"
4813,962,3,x1_x1_x1,0.0,0.0,0.0,"(3263, 2996, 90)","(3263.0, 2996.0, 90)"
4814,962,4,XC2_x1_x1,-28420.60275446991,27316.0,1220147.245182515,"(2023, 3484, 0)","(2023.0, 3484.0, 0)"
4815,963,0,XC1_x1_x1,0.0,0.0,0.0,"(2782, 779, 180)","(2782.0, 779.0, 180)"
4816,963,1,x3_x1_x1,0.0,0.0,0.0,"(4409, 458, 270)","(4409.0, 458.0, 270)"
4817,963,2,XC2_x1_x1,0.0,0.0,0.0,"(4589, 4605, 90)","(4589.0, 4605.0, 90)"
4818,963,3,x2_x1_x1,0.0,0.0,0.0,"(2111, 2293, 180)","(2111.0, 2293.0, 180)"
4819,963,4,x1_x1_x1,-37201.31872847068,36053.0,1318635.9021565244,"(4452, 3957, 0)","(4452.0, 3957.0, 0)"
4820,964,0,XC1_x1_x1,0.0,0.0,0.0,"(2870, 2676, 90)","(2870.0, 2676.0, 90)"
4821,964,1,x2_x1_x1,0.0,0.0,0.0,"(56, 251, 180)","(56.0, 251.0, 180)"
4822,964,2,XC2_x1_x1,0.0,0.0,0.0,"(1538, 4507, 270)","(1538.0, 4507.0, 270)"
4823,964,3,x3_x1_x1,0.0,0.0,0.0,"(4313, 157, 0)","(4313.0, 157.0, 0)"
4824,964,4,x1_x1_x1,-48710.38462166963,47251.5,2128344.339344155,"(2307, 2425, 90)","(2307.0, 2425.0, 90)"
4825,965,0,XC2_x1_x1,0.0,0.0,0.0,"(783, 1786, 0)","(783.0, 1786.0, 0)"
4826,965,1,x1_x1_x1,0.0,0.0,0.0,"(910, 513, 270)","(910.0, 513.0, 270)"
4827,965,2,x2_x1_x1,0.0,0.0,0.0,"(3650, 718, 0)","(3650.0, 718.0, 0)"
4828,965,3,x3_x1_x1,0.0,0.0,0.0,"(2732, 2345, 0)","(2732.0, 2345.0, 0)"
4829,965,4,XC1_x1_x1,-33367.134282486484,32156.0,1466846.2502140463,"(3152, 3599, 90)","(3152.0, 3599.0, 90)"
4830,966,0,x3_x1_x1,0.0,0.0,0.0,"(433, 4794, 270)","(367.5, 4794.0, 270)"
4831,966,1,XC1_x1_x1,0.0,0.0,0.0,"(1250, 4117, 0)","(1250.0, 4117.0, 0)"
4832,966,2,x1_x1_x1,0.0,0.0,0.0,"(4932, 369, 270)","(4932.0, 369.0, 270)"
4833,966,3,x2_x1_x1,0.0,0.0,0.0,"(3144, 25, 270)","(3144.0, 25.0, 270)"
4834,966,4,XC2_x1_x1,-58611.42808393855,56905.0,2911896.805654191,"(997, 774, 90)","(997.0, 774.0, 90)"
4835,967,0,x3_x1_x1,0.0,0.0,0.0,"(2105, 116, 90)","(2105.0, 116.0, 90)"
4836,967,1,x1_x1_x1,0.0,0.0,0.0,"(666, 854, 0)","(666.0, 854.0, 0)"
4837,967,2,XC2_x1_x1,0.0,0.0,0.0,"(2541, 4437, 270)","(2541.0, 4437.0, 270)"
4838,967,3,x2_x1_x1,0.0,0.0,0.0,"(4070, 2332, 90)","(4070.0, 2332.0, 90)"
4839,967,4,XC1_x1_x1,-41882.74001783104,40498.5,1916120.4269648844,"(1218, 218, 270)","(1218.0, 218.0, 270)"
4840,968,0,x3_x1_x1,0.0,0.0,0.0,"(240, 1206, 180)","(240.0, 1206.0, 180)"
4841,968,1,XC2_x1_x1,0.0,0.0,0.0,"(469, 2937, 0)","(469.0, 2937.0, 0)"
4842,968,2,XC1_x1_x1,0.0,0.0,0.0,"(4508, 2738, 270)","(4508.0, 2738.0, 270)"
4843,968,3,x2_x1_x1,0.0,0.0,0.0,"(4889, 84, 0)","(4889.0, 84.0, 0)"
4844,968,4,x1_x1_x1,-45755.877162054894,44595.0,1347635.785380621,"(2990, 4309, 90)","(2990.0, 4309.0, 90)"
4845,969,0,XC2_x1_x1,0.0,0.0,0.0,"(2791, 1163, 90)","(2791.0, 1163.0, 90)"
4846,969,1,x2_x1_x1,0.0,0.0,0.0,"(2491, 994, 90)","(1981.5, 994.0, 90)"
4847,969,2,x1_x1_x1,0.0,0.0,0.0,"(3075, 724, 90)","(3305.0, -314.0, 90)"
4848,969,3,x3_x1_x1,0.0,0.0,0.0,"(2918, 1003, 90)","(3600.5, 1003.0, 90)"
4849,969,4,XC1_x1_x1,-28767.575658337846,27827.0,884682.5690576701,"(4860, 4008, 270)","(4860.0, 4008.0, 270)"
4850,970,0,XC1_x1_x1,0.0,0.0,0.0,"(2512, 2680, 270)","(2512.0, 2680.0, 270)"
4851,970,1,x1_x1_x1,0.0,0.0,0.0,"(4337, 3210, 270)","(4337.0, 3210.0, 270)"
4852,970,2,XC2_x1_x1,0.0,0.0,0.0,"(4809, 1071, 270)","(4809.0, 1071.0, 270)"
4853,970,3,x3_x1_x1,0.0,0.0,0.0,"(3014, 1323, 270)","(3014.0, 1323.0, 270)"
4854,970,4,x2_x1_x1,-30406.6861037352,29229.0,1386944.558930992,"(4884, 2814, 90)","(5347.5, 2814.0, 90)"
4855,971,0,XC1_x1_x1,0.0,0.0,0.0,"(4865, 4530, 0)","(4865.0, 4530.0, 0)"
4856,971,1,x1_x1_x1,0.0,0.0,0.0,"(195, 3823, 90)","(195.0, 3823.0, 90)"
4857,971,2,XC2_x1_x1,0.0,0.0,0.0,"(725, 741, 0)","(725.0, 741.0, 0)"
4858,971,3,x2_x1_x1,0.0,0.0,0.0,"(1935, 2927, 0)","(1935.0, 2927.0, 0)"
4859,971,4,x3_x1_x1,-41489.77821159654,40113.5,1894141.7157153632,"(4030, 3391, 180)","(4030.0, 3391.0, 180)"
4860,972,0,XC2_x1_x1,0.0,0.0,0.0,"(2071, 988, 270)","(2071.0, 988.0, 270)"
4861,972,1,x3_x1_x1,0.0,0.0,0.0,"(621, 3548, 90)","(621.0, 3548.0, 90)"
4862,972,2,x1_x1_x1,0.0,0.0,0.0,"(4579, 899, 270)","(4579.0, 899.0, 270)"
4863,972,3,x2_x1_x1,0.0,0.0,0.0,"(660, 273, 270)","(660.0, 270.0, 270)"
4864,972,4,XC1_x1_x1,-39953.0407868862,38755.0,1435301.727042902,"(952, 1255, 90)","(952.0, 1255.0, 90)"
4865,973,0,x2_x1_x1,0.0,0.0,0.0,"(679, 4447, 90)","(679.0, 4482.0, 90)"
4866,973,1,XC2_x1_x1,0.0,0.0,0.0,"(513, 3497, 270)","(304.0, 3497.0, 270)"
4867,973,2,x3_x1_x1,0.0,0.0,0.0,"(1216, 3162, 180)","(1216.0, 3162.0, 180)"
4868,973,3,x1_x1_x1,0.0,0.0,0.0,"(2905, 3693, 90)","(2905.0, 3693.0, 90)"
4869,973,4,XC1_x1_x1,-28887.81584844318,28007.0,775836.558868681,"(962, 195, 0)","(962.0, 195.0, 0)"
4870,974,0,XC1_x1_x1,0.0,0.0,0.0,"(2524, 936, 0)","(2524.0, 936.0, 0)"
4871,974,1,x1_x1_x1,0.0,0.0,0.0,"(4224, 4403, 0)","(4224.0, 4403.0, 0)"
4872,974,2,x3_x1_x1,0.0,0.0,0.0,"(1470, 2575, 0)","(1470.0, 2575.0, 0)"
4873,974,3,XC2_x1_x1,0.0,0.0,0.0,"(246, 3580, 270)","(246.0, 3580.0, 270)"
4874,974,4,x2_x1_x1,-35274.65789475713,34223.5,1104932.9197102431,"(2876, 832, 90)","(3406.5, 832.0, 90)"
4875,975,0,XC2_x1_x1,0.0,0.0,0.0,"(3485, 874, 0)","(3485.0, 874.0, 0)"
4876,975,1,x3_x1_x1,0.0,0.0,0.0,"(4193, 3125, 0)","(4193.0, 3125.0, 0)"
4877,975,2,x1_x1_x1,0.0,0.0,0.0,"(626, 2912, 270)","(626.0, 2912.0, 270)"
4878,975,3,x2_x1_x1,0.0,0.0,0.0,"(663, 4486, 270)","(663.0, 4486.0, 270)"
4879,975,4,XC1_x1_x1,-35145.060274452604,34155.5,979229.5367747071,"(2163, 3702, 0)","(2163.0, 3702.0, 0)"
4880,976,0,x3_x1_x1,0.0,0.0,0.0,"(2857, 132, 0)","(2857.0, 132.0, 0)"
4881,976,1,x2_x1_x1,0.0,0.0,0.0,"(431, 1939, 180)","(-355.0, 1939.0, 180)"
4882,976,2,XC2_x1_x1,0.0,0.0,0.0,"(557, 1980, 270)","(557.0, 1980.0, 270)"
4883,976,3,XC1_x1_x1,0.0,0.0,0.0,"(2291, 4073, 270)","(2291.0, 4073.0, 270)"
4884,976,4,x1_x1_x1,-45187.42019173118,43824.0,1858914.6192202927,"(3732, 3130, 180)","(3732.0, 3130.0, 180)"
4885,977,0,XC2_x1_x1,0.0,0.0,0.0,"(3811, 376, 0)","(3811.0, 376.0, 0)"
4886,977,1,x2_x1_x1,0.0,0.0,0.0,"(32, 4264, 0)","(32.0, 4264.0, 0)"
4887,977,2,x1_x1_x1,0.0,0.0,0.0,"(4615, 2967, 180)","(4615.0, 3004.0, 180)"
4888,977,3,x3_x1_x1,0.0,0.0,0.0,"(4555, 2091, 180)","(4555.0, 2091.0, 180)"
4889,977,4,XC1_x1_x1,-43136.89294313269,41957.5,1390967.7143111886,"(4651, 4889, 0)","(4651.0, 4889.0, 0)"
4890,978,0,x2_x1_x1,0.0,0.0,0.0,"(4850, 1579, 270)","(4850.0, 1579.0, 270)"
4891,978,1,x3_x1_x1,0.0,0.0,0.0,"(2056, 1470, 90)","(2056.0, 1470.0, 90)"
4892,978,2,XC1_x1_x1,0.0,0.0,0.0,"(757, 1277, 270)","(757.0, 1277.0, 270)"
4893,978,3,XC2_x1_x1,0.0,0.0,0.0,"(4348, 448, 90)","(4348.0, 448.0, 90)"
4894,978,4,x1_x1_x1,-37161.79025038487,35837.0,1755069.2075147922,"(2609, 3645, 180)","(2609.0, 3645.0, 180)"
4895,979,0,x3_x1_x1,0.0,0.0,0.0,"(2624, 2338, 180)","(2624.0, 2338.0, 180)"
4896,979,1,x2_x1_x1,0.0,0.0,0.0,"(4654, 1409, 0)","(4856.0, 1409.0, 0)"
4897,979,2,x1_x1_x1,0.0,0.0,0.0,"(3539, 1047, 0)","(3539.0, 1047.0, 0)"
4898,979,3,XC2_x1_x1,0.0,0.0,0.0,"(115, 3381, 90)","(115.0, 3381.0, 90)"
4899,979,4,XC1_x1_x1,-29804.029646058712,28869.0,874280.4390086799,"(2123, 1566, 180)","(2123.0, 1528.5, 180)"
4900,980,0,XC2_x1_x1,0.0,0.0,0.0,"(1248, 2062, 180)","(1248.0, 2062.0, 180)"
4901,980,1,x3_x1_x1,0.0,0.0,0.0,"(3360, 3784, 0)","(3360.0, 3951.5, 0)"
4902,980,2,x1_x1_x1,0.0,0.0,0.0,"(3510, 3068, 0)","(3510.0, 3068.0, 0)"
4903,980,3,XC1_x1_x1,0.0,0.0,0.0,"(4618, 3382, 180)","(4618.0, 3382.0, 180)"
4904,980,4,x2_x1_x1,-25242.13803583486,24434.5,652279.1969271937,"(4899, 3618, 90)","(5500.5, 3618.0, 90)"
4905,981,0,x1_x1_x1,0.0,0.0,0.0,"(2861, 2696, 270)","(2861.0, 2696.0, 270)"
4906,981,1,XC2_x1_x1,0.0,0.0,0.0,"(2716, 3983, 180)","(2716.0, 3983.0, 180)"
4907,981,2,XC1_x1_x1,0.0,0.0,0.0,"(2448, 231, 270)","(2105.5, 231.0, 270)"
4908,981,3,x3_x1_x1,0.0,0.0,0.0,"(4821, 4676, 0)","(4821.0, 4676.0, 0)"
4909,981,4,x2_x1_x1,-35622.317161391904,34615.5,1013680.7964732557,"(2915, 269, 270)","(2915.0, 269.0, 270)"
4910,982,0,XC1_x1_x1,0.0,0.0,0.0,"(2300, 1884, 180)","(2300.0, 2264.5, 180)"
4911,982,1,x2_x1_x1,0.0,0.0,0.0,"(2151, 1455, 180)","(2151.0, 1455.0, 180)"
4912,982,2,x3_x1_x1,0.0,0.0,0.0,"(562, 2230, 90)","(562.0, 2230.0, 90)"
4913,982,3,x1_x1_x1,0.0,0.0,0.0,"(1669, 285, 270)","(1669.0, 285.0, 270)"
4914,982,4,XC2_x1_x1,-24771.31297336755,23812.0,920281.3808712842,"(2674, 2355, 180)","(3006.0, 2355.0, 180)"
4915,983,0,XC1_x1_x1,0.0,0.0,0.0,"(1630, 2294, 270)","(1630.0, 2294.0, 270)"
4916,983,1,x1_x1_x1,0.0,0.0,0.0,"(1457, 2959, 90)","(1457.0, 3085.0, 90)"
4917,983,2,XC2_x1_x1,0.0,0.0,0.0,"(2218, 658, 90)","(2218.0, 658.0, 90)"
4918,983,3,x3_x1_x1,0.0,0.0,0.0,"(1468, 168, 90)","(1408.5, 168.0, 90)"
4919,983,4,x2_x1_x1,-35316.74399316009,34194.0,1260554.0741770677,"(4444, 3193, 90)","(4444.0, 3193.0, 90)"
4920,984,0,XC1_x1_x1,0.0,0.0,0.0,"(4629, 2387, 180)","(4629.0, 2387.0, 180)"
4921,984,1,x1_x1_x1,0.0,0.0,0.0,"(971, 967, 90)","(971.0, 967.0, 90)"
4922,984,2,XC2_x1_x1,0.0,0.0,0.0,"(1957, 982, 0)","(1957.0, 982.0, 0)"
4923,984,3,x2_x1_x1,0.0,0.0,0.0,"(1500, 2681, 0)","(1500.0, 2681.0, 0)"
4924,984,4,x3_x1_x1,-28088.6154510533,27096.5,984293.0682186987,"(2922, 2572, 90)","(2922.0, 2572.0, 90)"
4925,985,0,XC2_x1_x1,0.0,0.0,0.0,"(1234, 104, 90)","(1234.0, 104.0, 90)"
4926,985,1,XC1_x1_x1,0.0,0.0,0.0,"(3302, 157, 270)","(3302.0, 157.0, 270)"
4927,985,2,x1_x1_x1,0.0,0.0,0.0,"(3793, 2834, 180)","(4290.0, 2834.0, 180)"
4928,985,3,x3_x1_x1,0.0,0.0,0.0,"(2260, 957, 270)","(2260.0, 957.0, 270)"
4929,985,4,x2_x1_x1,-30522.365875473108,29486.5,1073018.1119696714,"(2973, 2934, 0)","(2973.0, 2934.0, 0)"
4930,986,0,x1_x1_x1,0.0,0.0,0.0,"(2500, 4794, 0)","(2500.0, 4794.0, 0)"
4931,986,1,XC1_x1_x1,0.0,0.0,0.0,"(490, 1482, 180)","(490.0, 1482.0, 180)"
4932,986,2,XC2_x1_x1,0.0,0.0,0.0,"(4225, 2044, 180)","(4225.0, 2044.0, 180)"
4933,986,3,x2_x1_x1,0.0,0.0,0.0,"(284, 3105, 180)","(284.0, 3105.0, 180)"
4934,986,4,x3_x1_x1,-32570.10754071161,31610.5,920846.6321905897,"(2890, 1919, 0)","(2890.0, 1919.0, 0)"
4935,987,0,x2_x1_x1,0.0,0.0,0.0,"(4165, 3586, 0)","(4165.0, 3586.0, 0)"
4936,987,1,XC2_x1_x1,0.0,0.0,0.0,"(2241, 306, 0)","(2241.0, -134.5, 0)"
4937,987,2,XC1_x1_x1,0.0,0.0,0.0,"(397, 191, 270)","(397.0, 191.0, 270)"
4938,987,3,x1_x1_x1,0.0,0.0,0.0,"(4164, 106, 270)","(4164.0, 106.0, 270)"
4939,987,4,x3_x1_x1,-38694.46700126327,37434.0,1588777.0612736233,"(2385, 675, 0)","(2385.0, 675.0, 0)"
4940,988,0,XC2_x1_x1,0.0,0.0,0.0,"(992, 2109, 0)","(992.0, 2109.0, 0)"
4941,988,1,x2_x1_x1,0.0,0.0,0.0,"(3514, 3999, 180)","(3514.0, 3999.0, 180)"
4942,988,2,x1_x1_x1,0.0,0.0,0.0,"(36, 2885, 90)","(36.0, 2885.0, 90)"
4943,988,3,x3_x1_x1,0.0,0.0,0.0,"(255, 3492, 90)","(255.0, 4075.0, 90)"
4944,988,4,XC1_x1_x1,-37159.14298097151,36014.5,1310207.5538873505,"(30, 870, 90)","(30.0, 870.0, 90)"
4945,989,0,x1_x1_x1,0.0,0.0,0.0,"(2089, 1819, 0)","(2089.0, 1819.0, 0)"
4946,989,1,XC2_x1_x1,0.0,0.0,0.0,"(2231, 4531, 90)","(2231.0, 4531.0, 90)"
4947,989,2,x2_x1_x1,0.0,0.0,0.0,"(53, 2830, 180)","(53.0, 2830.0, 180)"
4948,989,3,x3_x1_x1,0.0,0.0,0.0,"(4640, 4910, 180)","(4640.0, 4910.0, 180)"
4949,989,4,XC1_x1_x1,-41970.72943401811,40791.5,1390582.0580546744,"(497, 4761, 90)","(497.0, 4761.0, 90)"
4950,990,0,XC1_x1_x1,0.0,0.0,0.0,"(4295, 4601, 270)","(4295.0, 4601.0, 270)"
4951,990,1,x3_x1_x1,0.0,0.0,0.0,"(471, 1675, 180)","(471.0, 1675.0, 180)"
4952,990,2,x2_x1_x1,0.0,0.0,0.0,"(4342, 466, 270)","(4342.0, 466.0, 270)"
4953,990,3,x1_x1_x1,0.0,0.0,0.0,"(2792, 3159, 0)","(2792.0, 3159.0, 0)"
4954,990,4,XC2_x1_x1,-38377.89717820518,37418.5,920442.9455480672,"(36, 3643, 0)","(36.0, 3643.0, 0)"
4955,991,0,XC2_x1_x1,0.0,0.0,0.0,"(4168, 709, 180)","(4168.0, 709.0, 180)"
4956,991,1,x1_x1_x1,0.0,0.0,0.0,"(1857, 101, 90)","(1857.0, 101.0, 90)"
4957,991,2,x3_x1_x1,0.0,0.0,0.0,"(3526, 3646, 90)","(3526.0, 3646.0, 90)"
4958,991,3,XC1_x1_x1,0.0,0.0,0.0,"(3039, 2344, 90)","(3039.0, 2344.0, 90)"
4959,991,4,x2_x1_x1,-33261.47215202706,32150.0,1235370.3447316696,"(1729, 2680, 0)","(1729.0, 2680.0, 0)"
4960,992,0,x3_x1_x1,0.0,0.0,0.0,"(4426, 2756, 90)","(4426.0, 2756.0, 90)"
4961,992,1,x1_x1_x1,0.0,0.0,0.0,"(3303, 3746, 0)","(3303.0, 3746.0, 0)"
4962,992,2,XC1_x1_x1,0.0,0.0,0.0,"(4574, 3406, 0)","(4574.0, 3668.0, 0)"
4963,992,3,x2_x1_x1,0.0,0.0,0.0,"(2232, 667, 270)","(2232.0, 667.0, 270)"
4964,992,4,XC2_x1_x1,-39803.73182288743,38414.5,1929965.0577231338,"(480, 2547, 90)","(480.0, 2547.0, 90)"
4965,993,0,XC2_x1_x1,0.0,0.0,0.0,"(183, 3387, 180)","(183.0, 3387.0, 180)"
4966,993,1,x3_x1_x1,0.0,0.0,0.0,"(2242, 931, 180)","(2242.0, 931.0, 180)"
4967,993,2,XC1_x1_x1,0.0,0.0,0.0,"(55, 3888, 0)","(55.0, 3947.0, 0)"
4968,993,3,x2_x1_x1,0.0,0.0,0.0,"(3617, 2195, 180)","(3617.0, 2195.0, 180)"
4969,993,4,x1_x1_x1,-38643.69923682122,37432.0,1468215.0405131292,"(4544, 3018, 90)","(4603.0, 3018.0, 90)"
4970,994,0,x1_x1_x1,0.0,0.0,0.0,"(3241, 3416, 270)","(3241.0, 3416.0, 270)"
4971,994,1,XC1_x1_x1,0.0,0.0,0.0,"(1222, 2783, 270)","(1222.0, 2783.0, 270)"
4972,994,2,x2_x1_x1,0.0,0.0,0.0,"(435, 3148, 270)","(412.5, 3148.0, 270)"
4973,994,3,XC2_x1_x1,0.0,0.0,0.0,"(2464, 3635, 90)","(2464.0, 3635.0, 90)"
4974,994,4,x3_x1_x1,-28872.431480912062,27917.5,911894.1332369024,"(2519, 1183, 90)","(2519.0, 1183.0, 90)"
4975,995,0,x2_x1_x1,0.0,0.0,0.0,"(1458, 4544, 180)","(1458.0, 4544.0, 180)"
4976,995,1,x3_x1_x1,0.0,0.0,0.0,"(1170, 1449, 180)","(1170.0, 1449.0, 180)"
4977,995,2,XC2_x1_x1,0.0,0.0,0.0,"(3567, 905, 0)","(3567.0, 905.0, 0)"
4978,995,3,x1_x1_x1,0.0,0.0,0.0,"(2466, 3795, 270)","(2466.0, 3844.0, 270)"
4979,995,4,XC1_x1_x1,-31100.757284737814,30067.5,1067620.6164637608,"(2590, 3053, 270)","(2590.0, 3053.0, 270)"
4980,996,0,x3_x1_x1,0.0,0.0,0.0,"(1610, 491, 90)","(1610.0, 491.0, 90)"
4981,996,1,x1_x1_x1,0.0,0.0,0.0,"(3199, 4071, 90)","(3199.0, 4071.0, 90)"
4982,996,2,x2_x1_x1,0.0,0.0,0.0,"(3736, 1713, 270)","(3736.0, 1713.0, 270)"
4983,996,3,XC1_x1_x1,0.0,0.0,0.0,"(3926, 4142, 0)","(3926.0, 4142.0, 0)"
4984,996,4,XC2_x1_x1,-37140.17040348191,36234.5,820238.879743091,"(1, 4869, 270)","(1.0, 4869.0, 270)"
4985,997,0,x3_x1_x1,0.0,0.0,0.0,"(3958, 1389, 180)","(4145.0, 1389.0, 180)"
4986,997,1,x2_x1_x1,0.0,0.0,0.0,"(2634, 793, 0)","(2634.0, 793.0, 0)"
4987,997,2,XC2_x1_x1,0.0,0.0,0.0,"(2413, 4666, 90)","(2413.0, 4666.0, 90)"
4988,997,3,XC1_x1_x1,0.0,0.0,0.0,"(2309, 607, 180)","(2309.0, -16.5, 180)"
4989,997,4,x1_x1_x1,-34249.925993220604,33367.0,779558.309504593,"(181, 487, 90)","(181.0, 487.0, 90)"
4990,998,0,x2_x1_x1,0.0,0.0,0.0,"(3232, 1440, 270)","(3232.0, 1440.0, 270)"
4991,998,1,x3_x1_x1,0.0,0.0,0.0,"(3730, 356, 0)","(3730.0, 158.5, 0)"
4992,998,2,XC1_x1_x1,0.0,0.0,0.0,"(1440, 2396, 90)","(1440.0, 2396.0, 90)"
4993,998,3,XC2_x1_x1,0.0,0.0,0.0,"(332, 164, 90)","(332.0, 164.0, 90)"
4994,998,4,x1_x1_x1,-35174.1712647698,34143.5,1062283.2560221823,"(2249, 4110, 0)","(2249.0, 4110.0, 0)"
4995,999,0,XC1_x1_x1,0.0,0.0,0.0,"(1754, 4483, 180)","(1754.0, 4483.0, 180)"
4996,999,1,x1_x1_x1,0.0,0.0,0.0,"(3672, 748, 0)","(3805.0, 748.0, 0)"
4997,999,2,XC2_x1_x1,0.0,0.0,0.0,"(3400, 3031, 270)","(3400.0, 3031.0, 270)"
4998,999,3,x2_x1_x1,0.0,0.0,0.0,"(3551, 444, 90)","(3896.5, -365.0, 90)"
4999,999,4,x3_x1_x1,-33785.97020215192,32674.0,1236477.7304737768,"(2688, 1409, 270)","(2688.0, 1409.0, 270)"
