,n_placement,n_step,placed_dev,reward,HPWL,congestion,action,legalized_action
0,0,0,x1_x1,0.0,0.0,0.0,"(5931, 1449, 270)","(5931.0, -296.0, 270)"
1,0,1,x2_x1,0.0,0.0,0.0,"(5931, 1449, 270)","(7040.0, 1449.0, 270)"
2,0,2,x3_x1,-27231.80902593269,26206.5,1051258.5986590413,"(5931, 1449, 270)","(5931.0, 1449.0, 270)"
3,1,0,x3_x1,0.0,0.0,0.0,"(5931, 1449, 270)","(4822.0, 2945.0, 270)"
4,1,1,x2_x1,0.0,0.0,0.0,"(5931, 1449, 270)","(5931.0, 3194.0, 270)"
5,1,2,x1_x1,-26194.722514156263,25300.5,799633.9048239467,"(5931, 1449, 270)","(5931.0, 1449.0, 270)"
6,2,0,x2_x1,0.0,0.0,0.0,"(5931, 1449, 270)","(7040.0, 3194.0, 270)"
7,2,1,x3_x1,0.0,0.0,0.0,"(5931, 1449, 270)","(5931.0, 2945.0, 270)"
8,2,2,x1_x1,-27175.50821780863,26152.5,1046545.8137039939,"(5931, 1449, 270)","(5931.0, 1449.0, 270)"
9,3,0,x2_x1,0.0,0.0,0.0,"(5931, 1449, 270)","(7040.0, 1698.0, 270)"
10,3,1,x1_x1,0.0,0.0,0.0,"(5931, 1449, 270)","(5931.0, -47.0, 270)"
11,3,2,x3_x1,-27175.50821780863,26152.5,1046545.8137039939,"(5931, 1449, 270)","(5931.0, 1449.0, 270)"
12,4,0,x2_x1,0.0,0.0,0.0,"(5931, 1449, 270)","(7040.0, 1698.0, 270)"
13,4,1,x1_x1,0.0,0.0,0.0,"(5931, 1449, 270)","(5931.0, -47.0, 270)"
14,4,2,x3_x1,-27175.50821780863,26152.5,1046545.8137039939,"(5931, 1449, 270)","(5931.0, 1449.0, 270)"
15,5,0,x1_x1,0.0,0.0,0.0,"(5931, 1449, 270)","(5931.0, -296.0, 270)"
16,5,1,x3_x1,0.0,0.0,0.0,"(5931, 1449, 270)","(4822.0, 1449.0, 270)"
17,5,2,x2_x1,-26251.460055947,25354.5,804537.3419644436,"(5931, 1449, 270)","(5931.0, 1449.0, 270)"
18,6,0,x1_x1,0.0,0.0,0.0,"(5931, 1449, 270)","(5931.0, -296.0, 270)"
19,6,1,x3_x1,0.0,0.0,0.0,"(5931, 1449, 270)","(4822.0, 1449.0, 270)"
20,6,2,x2_x1,-26251.460055947,25354.5,804537.3419644436,"(5931, 1449, 270)","(5931.0, 1449.0, 270)"
21,7,0,x1_x1,0.0,0.0,0.0,"(5931, 1449, 270)","(5931.0, -296.0, 270)"
22,7,1,x3_x1,0.0,0.0,0.0,"(5931, 1449, 270)","(4822.0, 1449.0, 270)"
23,7,2,x2_x1,-26251.460055947,25354.5,804537.3419644436,"(5931, 1449, 270)","(5931.0, 1449.0, 270)"
24,8,0,x1_x1,0.0,0.0,0.0,"(5931, 1449, 270)","(5931.0, -296.0, 270)"
25,8,1,x2_x1,0.0,0.0,0.0,"(5931, 1449, 270)","(7040.0, 1449.0, 270)"
26,8,2,x3_x1,-27231.80902593269,26206.5,1051258.5986590413,"(5931, 1449, 270)","(5931.0, 1449.0, 270)"
27,9,0,x3_x1,0.0,0.0,0.0,"(5931, 1449, 270)","(4822.0, 1449.0, 270)"
28,9,1,x1_x1,0.0,0.0,0.0,"(5931, 1449, 270)","(5931.0, -296.0, 270)"
29,9,2,x2_x1,-26251.460055947,25354.5,804537.3419644436,"(5931, 1449, 270)","(5931.0, 1449.0, 270)"
30,10,0,x1_x1,0.0,0.0,0.0,"(5931, 1449, 270)","(5931.0, -296.0, 270)"
31,10,1,x2_x1,0.0,0.0,0.0,"(5931, 1449, 270)","(7040.0, 1449.0, 270)"
32,10,2,x3_x1,-27231.80902593269,26206.5,1051258.5986590413,"(5931, 1449, 270)","(5931.0, 1449.0, 270)"
33,11,0,x2_x1,0.0,0.0,0.0,"(5931, 1449, 270)","(7040.0, 1698.0, 270)"
34,11,1,x1_x1,0.0,0.0,0.0,"(5931, 1449, 270)","(5931.0, -47.0, 270)"
35,11,2,x3_x1,-27175.50821780863,26152.5,1046545.8137039939,"(5931, 1449, 270)","(5931.0, 1449.0, 270)"
36,12,0,x3_x1,0.0,0.0,0.0,"(5931, 1449, 270)","(4822.0, 1449.0, 270)"
37,12,1,x1_x1,0.0,0.0,0.0,"(5931, 1449, 270)","(5931.0, -296.0, 270)"
38,12,2,x2_x1,-26251.460055947,25354.5,804537.3419644436,"(5931, 1449, 270)","(5931.0, 1449.0, 270)"
39,13,0,x1_x1,0.0,0.0,0.0,"(5931, 1449, 270)","(5931.0, -296.0, 270)"
40,13,1,x2_x1,0.0,0.0,0.0,"(5931, 1449, 270)","(7040.0, 1449.0, 270)"
41,13,2,x3_x1,-27231.80902593269,26206.5,1051258.5986590413,"(5931, 1449, 270)","(5931.0, 1449.0, 270)"
42,14,0,x2_x1,0.0,0.0,0.0,"(5931, 1449, 270)","(7040.0, 3194.0, 270)"
43,14,1,x3_x1,0.0,0.0,0.0,"(5931, 1449, 270)","(5931.0, 2945.0, 270)"
44,14,2,x1_x1,-27175.50821780863,26152.5,1046545.8137039939,"(5931, 1449, 270)","(5931.0, 1449.0, 270)"
45,15,0,x3_x1,0.0,0.0,0.0,"(5931, 1449, 270)","(4822.0, 1449.0, 270)"
46,15,1,x1_x1,0.0,0.0,0.0,"(5931, 1449, 270)","(5931.0, -296.0, 270)"
47,15,2,x2_x1,-26251.460055947,25354.5,804537.3419644436,"(5931, 1449, 270)","(5931.0, 1449.0, 270)"
48,16,0,x2_x1,0.0,0.0,0.0,"(5931, 1449, 270)","(7040.0, 1698.0, 270)"
49,16,1,x1_x1,0.0,0.0,0.0,"(5931, 1449, 270)","(5931.0, -47.0, 270)"
50,16,2,x3_x1,-27175.50821780863,26152.5,1046545.8137039939,"(5931, 1449, 270)","(5931.0, 1449.0, 270)"
51,17,0,x2_x1,0.0,0.0,0.0,"(5931, 1449, 270)","(7040.0, 3194.0, 270)"
52,17,1,x3_x1,0.0,0.0,0.0,"(5931, 1449, 270)","(5931.0, 2945.0, 270)"
53,17,2,x1_x1,-27175.50821780863,26152.5,1046545.8137039939,"(5931, 1449, 270)","(5931.0, 1449.0, 270)"
54,18,0,x3_x1,0.0,0.0,0.0,"(5931, 1449, 270)","(4822.0, 1449.0, 270)"
55,18,1,x1_x1,0.0,0.0,0.0,"(5931, 1449, 270)","(5931.0, -296.0, 270)"
56,18,2,x2_x1,-26251.460055947,25354.5,804537.3419644436,"(5931, 1449, 270)","(5931.0, 1449.0, 270)"
57,19,0,x1_x1,0.0,0.0,0.0,"(5931, 1449, 270)","(5931.0, -296.0, 270)"
58,19,1,x3_x1,0.0,0.0,0.0,"(5931, 1449, 270)","(4822.0, 1449.0, 270)"
59,19,2,x2_x1,-26251.460055947,25354.5,804537.3419644436,"(5931, 1449, 270)","(5931.0, 1449.0, 270)"
60,20,0,x1_x1,0.0,0.0,0.0,"(5931, 1449, 270)","(5931.0, -296.0, 270)"
61,20,1,x2_x1,0.0,0.0,0.0,"(5931, 1449, 270)","(7040.0, 1449.0, 270)"
62,20,2,x3_x1,-27231.80902593269,26206.5,1051258.5986590413,"(5931, 1449, 270)","(5931.0, 1449.0, 270)"
63,21,0,x1_x1,0.0,0.0,0.0,"(5931, 1449, 270)","(5931.0, -296.0, 270)"
64,21,1,x2_x1,0.0,0.0,0.0,"(5931, 1449, 270)","(7040.0, 1449.0, 270)"
65,21,2,x3_x1,-27231.80902593269,26206.5,1051258.5986590413,"(5931, 1449, 270)","(5931.0, 1449.0, 270)"
66,22,0,x3_x1,0.0,0.0,0.0,"(5931, 1449, 270)","(4822.0, 2945.0, 270)"
67,22,1,x2_x1,0.0,0.0,0.0,"(5931, 1449, 270)","(5931.0, 3194.0, 270)"
68,22,2,x1_x1,-26194.722514156263,25300.5,799633.9048239467,"(5931, 1449, 270)","(5931.0, 1449.0, 270)"
69,23,0,x2_x1,0.0,0.0,0.0,"(5931, 1449, 270)","(7040.0, 1698.0, 270)"
70,23,1,x1_x1,0.0,0.0,0.0,"(5931, 1449, 270)","(5931.0, -47.0, 270)"
71,23,2,x3_x1,-27175.50821780863,26152.5,1046545.8137039939,"(5931, 1449, 270)","(5931.0, 1449.0, 270)"
72,24,0,x3_x1,0.0,0.0,0.0,"(5931, 1449, 270)","(4822.0, 2945.0, 270)"
73,24,1,x2_x1,0.0,0.0,0.0,"(5931, 1449, 270)","(5931.0, 3194.0, 270)"
74,24,2,x1_x1,-26194.722514156263,25300.5,799633.9048239467,"(5931, 1449, 270)","(5931.0, 1449.0, 270)"
75,25,0,x1_x1,0.0,0.0,0.0,"(5931, 1449, 270)","(5931.0, -296.0, 270)"
76,25,1,x3_x1,0.0,0.0,0.0,"(5931, 1449, 270)","(4822.0, 1449.0, 270)"
77,25,2,x2_x1,-26251.460055947,25354.5,804537.3419644436,"(5931, 1449, 270)","(5931.0, 1449.0, 270)"
78,26,0,x2_x1,0.0,0.0,0.0,"(5931, 1449, 270)","(7040.0, 3194.0, 270)"
79,26,1,x3_x1,0.0,0.0,0.0,"(5931, 1449, 270)","(5931.0, 2945.0, 270)"
80,26,2,x1_x1,-27175.50821780863,26152.5,1046545.8137039939,"(5931, 1449, 270)","(5931.0, 1449.0, 270)"
81,27,0,x2_x1,0.0,0.0,0.0,"(5931, 1449, 270)","(7040.0, 3194.0, 270)"
82,27,1,x3_x1,0.0,0.0,0.0,"(5931, 1449, 270)","(5931.0, 2945.0, 270)"
83,27,2,x1_x1,-27175.50821780863,26152.5,1046545.8137039939,"(5931, 1449, 270)","(5931.0, 1449.0, 270)"
84,28,0,x3_x1,0.0,0.0,0.0,"(5931, 1449, 270)","(4822.0, 2945.0, 270)"
85,28,1,x2_x1,0.0,0.0,0.0,"(5931, 1449, 270)","(5931.0, 3194.0, 270)"
86,28,2,x1_x1,-26194.722514156263,25300.5,799633.9048239467,"(5931, 1449, 270)","(5931.0, 1449.0, 270)"
87,29,0,x2_x1,0.0,0.0,0.0,"(5931, 1449, 270)","(7040.0, 1698.0, 270)"
88,29,1,x1_x1,0.0,0.0,0.0,"(5931, 1449, 270)","(5931.0, -47.0, 270)"
89,29,2,x3_x1,-27175.50821780863,26152.5,1046545.8137039939,"(5931, 1449, 270)","(5931.0, 1449.0, 270)"
90,30,0,x2_x1,0.0,0.0,0.0,"(5931, 1449, 270)","(7040.0, 1698.0, 270)"
91,30,1,x1_x1,0.0,0.0,0.0,"(5931, 1449, 270)","(5931.0, -47.0, 270)"
92,30,2,x3_x1,-27175.50821780863,26152.5,1046545.8137039939,"(5931, 1449, 270)","(5931.0, 1449.0, 270)"
93,31,0,x1_x1,0.0,0.0,0.0,"(5931, 1449, 270)","(5931.0, -296.0, 270)"
94,31,1,x3_x1,0.0,0.0,0.0,"(5931, 1449, 270)","(4822.0, 1449.0, 270)"
95,31,2,x2_x1,-26251.460055947,25354.5,804537.3419644436,"(5931, 1449, 270)","(5931.0, 1449.0, 270)"
96,32,0,x3_x1,0.0,0.0,0.0,"(5931, 1449, 270)","(4822.0, 2945.0, 270)"
97,32,1,x2_x1,0.0,0.0,0.0,"(5931, 1449, 270)","(5931.0, 3194.0, 270)"
98,32,2,x1_x1,-26194.722514156263,25300.5,799633.9048239467,"(5931, 1449, 270)","(5931.0, 1449.0, 270)"
99,33,0,x1_x1,0.0,0.0,0.0,"(5931, 1449, 270)","(5931.0, -296.0, 270)"
100,33,1,x3_x1,0.0,0.0,0.0,"(5931, 1449, 270)","(4822.0, 1449.0, 270)"
101,33,2,x2_x1,-26251.460055947,25354.5,804537.3419644436,"(5931, 1449, 270)","(5931.0, 1449.0, 270)"
102,34,0,x2_x1,0.0,0.0,0.0,"(5931, 1449, 270)","(7040.0, 3194.0, 270)"
103,34,1,x3_x1,0.0,0.0,0.0,"(5931, 1449, 270)","(5931.0, 2945.0, 270)"
104,34,2,x1_x1,-27175.50821780863,26152.5,1046545.8137039939,"(5931, 1449, 270)","(5931.0, 1449.0, 270)"
105,35,0,x3_x1,0.0,0.0,0.0,"(5931, 1449, 270)","(4822.0, 1449.0, 270)"
106,35,1,x1_x1,0.0,0.0,0.0,"(5931, 1449, 270)","(5931.0, -296.0, 270)"
107,35,2,x2_x1,-26251.460055947,25354.5,804537.3419644436,"(5931, 1449, 270)","(5931.0, 1449.0, 270)"
108,36,0,x3_x1,0.0,0.0,0.0,"(5931, 1449, 270)","(4822.0, 1449.0, 270)"
109,36,1,x1_x1,0.0,0.0,0.0,"(5931, 1449, 270)","(5931.0, -296.0, 270)"
110,36,2,x2_x1,-26251.460055947,25354.5,804537.3419644436,"(5931, 1449, 270)","(5931.0, 1449.0, 270)"
111,37,0,x1_x1,0.0,0.0,0.0,"(5931, 1449, 270)","(5931.0, -296.0, 270)"
112,37,1,x2_x1,0.0,0.0,0.0,"(5931, 1449, 270)","(7040.0, 1449.0, 270)"
113,37,2,x3_x1,-27231.80902593269,26206.5,1051258.5986590413,"(5931, 1449, 270)","(5931.0, 1449.0, 270)"
114,38,0,x3_x1,0.0,0.0,0.0,"(5931, 1449, 270)","(4822.0, 2945.0, 270)"
115,38,1,x2_x1,0.0,0.0,0.0,"(5931, 1449, 270)","(5931.0, 3194.0, 270)"
116,38,2,x1_x1,-26194.722514156263,25300.5,799633.9048239467,"(5931, 1449, 270)","(5931.0, 1449.0, 270)"
117,39,0,x1_x1,0.0,0.0,0.0,"(5931, 1449, 270)","(5931.0, -296.0, 270)"
118,39,1,x3_x1,0.0,0.0,0.0,"(5931, 1449, 270)","(4822.0, 1449.0, 270)"
119,39,2,x2_x1,-26251.460055947,25354.5,804537.3419644436,"(5931, 1449, 270)","(5931.0, 1449.0, 270)"
120,40,0,x1_x1,0.0,0.0,0.0,"(5931, 1449, 270)","(5931.0, -296.0, 270)"
121,40,1,x2_x1,0.0,0.0,0.0,"(5931, 1449, 270)","(7040.0, 1449.0, 270)"
122,40,2,x3_x1,-27231.80902593269,26206.5,1051258.5986590413,"(5931, 1449, 270)","(5931.0, 1449.0, 270)"
123,41,0,x1_x1,0.0,0.0,0.0,"(5931, 1449, 270)","(5931.0, -296.0, 270)"
124,41,1,x3_x1,0.0,0.0,0.0,"(5931, 1449, 270)","(4822.0, 1449.0, 270)"
125,41,2,x2_x1,-26251.460055947,25354.5,804537.3419644436,"(5931, 1449, 270)","(5931.0, 1449.0, 270)"
126,42,0,x1_x1,0.0,0.0,0.0,"(5931, 1449, 270)","(5931.0, -296.0, 270)"
127,42,1,x2_x1,0.0,0.0,0.0,"(5931, 1449, 270)","(7040.0, 1449.0, 270)"
128,42,2,x3_x1,-27231.80902593269,26206.5,1051258.5986590413,"(5931, 1449, 270)","(5931.0, 1449.0, 270)"
129,43,0,x1_x1,0.0,0.0,0.0,"(5931, 1449, 270)","(5931.0, -296.0, 270)"
130,43,1,x3_x1,0.0,0.0,0.0,"(5931, 1449, 270)","(4822.0, 1449.0, 270)"
131,43,2,x2_x1,-26251.460055947,25354.5,804537.3419644436,"(5931, 1449, 270)","(5931.0, 1449.0, 270)"
132,44,0,x1_x1,0.0,0.0,0.0,"(5931, 1449, 270)","(5931.0, -296.0, 270)"
133,44,1,x3_x1,0.0,0.0,0.0,"(5931, 1449, 270)","(4822.0, 1449.0, 270)"
134,44,2,x2_x1,-26251.460055947,25354.5,804537.3419644436,"(5931, 1449, 270)","(5931.0, 1449.0, 270)"
135,45,0,x1_x1,0.0,0.0,0.0,"(5931, 1449, 270)","(5931.0, -296.0, 270)"
136,45,1,x2_x1,0.0,0.0,0.0,"(5931, 1449, 270)","(7040.0, 1449.0, 270)"
137,45,2,x3_x1,-27231.80902593269,26206.5,1051258.5986590413,"(5931, 1449, 270)","(5931.0, 1449.0, 270)"
138,46,0,x3_x1,0.0,0.0,0.0,"(5931, 1449, 270)","(4822.0, 2945.0, 270)"
139,46,1,x2_x1,0.0,0.0,0.0,"(5931, 1449, 270)","(5931.0, 3194.0, 270)"
140,46,2,x1_x1,-26194.722514156263,25300.5,799633.9048239467,"(5931, 1449, 270)","(5931.0, 1449.0, 270)"
141,47,0,x1_x1,0.0,0.0,0.0,"(5931, 1449, 270)","(5931.0, -296.0, 270)"
142,47,1,x3_x1,0.0,0.0,0.0,"(5931, 1449, 270)","(4822.0, 1449.0, 270)"
143,47,2,x2_x1,-26251.460055947,25354.5,804537.3419644436,"(5931, 1449, 270)","(5931.0, 1449.0, 270)"
144,48,0,x2_x1,0.0,0.0,0.0,"(5931, 1449, 270)","(7040.0, 3194.0, 270)"
145,48,1,x3_x1,0.0,0.0,0.0,"(5931, 1449, 270)","(5931.0, 2945.0, 270)"
146,48,2,x1_x1,-27175.50821780863,26152.5,1046545.8137039939,"(5931, 1449, 270)","(5931.0, 1449.0, 270)"
147,49,0,x2_x1,0.0,0.0,0.0,"(5931, 1449, 270)","(7040.0, 3194.0, 270)"
148,49,1,x3_x1,0.0,0.0,0.0,"(5931, 1449, 270)","(5931.0, 2945.0, 270)"
149,49,2,x1_x1,-27175.50821780863,26152.5,1046545.8137039939,"(5931, 1449, 270)","(5931.0, 1449.0, 270)"
150,50,0,x1_x1,0.0,0.0,0.0,"(5931, 1449, 270)","(5931.0, -296.0, 270)"
151,50,1,x2_x1,0.0,0.0,0.0,"(5931, 1449, 270)","(7040.0, 1449.0, 270)"
152,50,2,x3_x1,-27231.80902593269,26206.5,1051258.5986590413,"(5931, 1449, 270)","(5931.0, 1449.0, 270)"
153,51,0,x2_x1,0.0,0.0,0.0,"(5931, 1449, 270)","(7040.0, 1698.0, 270)"
154,51,1,x1_x1,0.0,0.0,0.0,"(5931, 1449, 270)","(5931.0, -47.0, 270)"
155,51,2,x3_x1,-27175.50821780863,26152.5,1046545.8137039939,"(5931, 1449, 270)","(5931.0, 1449.0, 270)"
156,52,0,x2_x1,0.0,0.0,0.0,"(5931, 1449, 270)","(7040.0, 3194.0, 270)"
157,52,1,x3_x1,0.0,0.0,0.0,"(5931, 1449, 270)","(5931.0, 2945.0, 270)"
158,52,2,x1_x1,-27175.50821780863,26152.5,1046545.8137039939,"(5931, 1449, 270)","(5931.0, 1449.0, 270)"
159,53,0,x3_x1,0.0,0.0,0.0,"(5931, 1449, 270)","(4822.0, 1449.0, 270)"
160,53,1,x1_x1,0.0,0.0,0.0,"(5931, 1449, 270)","(5931.0, -296.0, 270)"
161,53,2,x2_x1,-26251.460055947,25354.5,804537.3419644436,"(5931, 1449, 270)","(5931.0, 1449.0, 270)"
162,54,0,x2_x1,0.0,0.0,0.0,"(5931, 1449, 270)","(7040.0, 3194.0, 270)"
163,54,1,x3_x1,0.0,0.0,0.0,"(5931, 1449, 270)","(5931.0, 2945.0, 270)"
164,54,2,x1_x1,-27175.50821780863,26152.5,1046545.8137039939,"(5931, 1449, 270)","(5931.0, 1449.0, 270)"
165,55,0,x2_x1,0.0,0.0,0.0,"(5931, 1449, 270)","(7040.0, 3194.0, 270)"
166,55,1,x3_x1,0.0,0.0,0.0,"(5931, 1449, 270)","(5931.0, 2945.0, 270)"
167,55,2,x1_x1,-27175.50821780863,26152.5,1046545.8137039939,"(5931, 1449, 270)","(5931.0, 1449.0, 270)"
168,56,0,x1_x1,0.0,0.0,0.0,"(5931, 1449, 270)","(5931.0, -296.0, 270)"
169,56,1,x3_x1,0.0,0.0,0.0,"(5931, 1449, 270)","(4822.0, 1449.0, 270)"
170,56,2,x2_x1,-26251.460055947,25354.5,804537.3419644436,"(5931, 1449, 270)","(5931.0, 1449.0, 270)"
171,57,0,x3_x1,0.0,0.0,0.0,"(5931, 1449, 270)","(4822.0, 2945.0, 270)"
172,57,1,x2_x1,0.0,0.0,0.0,"(5931, 1449, 270)","(5931.0, 3194.0, 270)"
173,57,2,x1_x1,-26194.722514156263,25300.5,799633.9048239467,"(5931, 1449, 270)","(5931.0, 1449.0, 270)"
174,58,0,x1_x1,0.0,0.0,0.0,"(5931, 1449, 270)","(5931.0, -296.0, 270)"
175,58,1,x2_x1,0.0,0.0,0.0,"(5931, 1449, 270)","(7040.0, 1449.0, 270)"
176,58,2,x3_x1,-27231.80902593269,26206.5,1051258.5986590413,"(5931, 1449, 270)","(5931.0, 1449.0, 270)"
177,59,0,x2_x1,0.0,0.0,0.0,"(5931, 1449, 270)","(7040.0, 3194.0, 270)"
178,59,1,x3_x1,0.0,0.0,0.0,"(5931, 1449, 270)","(5931.0, 2945.0, 270)"
179,59,2,x1_x1,-27175.50821780863,26152.5,1046545.8137039939,"(5931, 1449, 270)","(5931.0, 1449.0, 270)"
180,60,0,x3_x1,0.0,0.0,0.0,"(5931, 1449, 270)","(4822.0, 2945.0, 270)"
181,60,1,x2_x1,0.0,0.0,0.0,"(5931, 1449, 270)","(5931.0, 3194.0, 270)"
182,60,2,x1_x1,-26194.722514156263,25300.5,799633.9048239467,"(5931, 1449, 270)","(5931.0, 1449.0, 270)"
183,61,0,x3_x1,0.0,0.0,0.0,"(5931, 1449, 270)","(4822.0, 1449.0, 270)"
184,61,1,x1_x1,0.0,0.0,0.0,"(5931, 1449, 270)","(5931.0, -296.0, 270)"
185,61,2,x2_x1,-26251.460055947,25354.5,804537.3419644436,"(5931, 1449, 270)","(5931.0, 1449.0, 270)"
186,62,0,x2_x1,0.0,0.0,0.0,"(5931, 1449, 270)","(7040.0, 3194.0, 270)"
187,62,1,x3_x1,0.0,0.0,0.0,"(5931, 1449, 270)","(5931.0, 2945.0, 270)"
188,62,2,x1_x1,-27175.50821780863,26152.5,1046545.8137039939,"(5931, 1449, 270)","(5931.0, 1449.0, 270)"
189,63,0,x3_x1,0.0,0.0,0.0,"(5931, 1449, 270)","(4822.0, 1449.0, 270)"
190,63,1,x1_x1,0.0,0.0,0.0,"(5931, 1449, 270)","(5931.0, -296.0, 270)"
191,63,2,x2_x1,-26251.460055947,25354.5,804537.3419644436,"(5931, 1449, 270)","(5931.0, 1449.0, 270)"
192,64,0,x2_x1,0.0,0.0,0.0,"(5931, 1449, 270)","(7040.0, 1698.0, 270)"
193,64,1,x1_x1,0.0,0.0,0.0,"(5931, 1449, 270)","(5931.0, -47.0, 270)"
194,64,2,x3_x1,-27175.50821780863,26152.5,1046545.8137039939,"(5931, 1449, 270)","(5931.0, 1449.0, 270)"
195,65,0,x2_x1,0.0,0.0,0.0,"(5931, 1449, 270)","(7040.0, 3194.0, 270)"
196,65,1,x3_x1,0.0,0.0,0.0,"(5931, 1449, 270)","(5931.0, 2945.0, 270)"
197,65,2,x1_x1,-27175.50821780863,26152.5,1046545.8137039939,"(5931, 1449, 270)","(5931.0, 1449.0, 270)"
198,66,0,x2_x1,0.0,0.0,0.0,"(5931, 1449, 270)","(7040.0, 1698.0, 270)"
199,66,1,x1_x1,0.0,0.0,0.0,"(5931, 1449, 270)","(5931.0, -47.0, 270)"
200,66,2,x3_x1,-27175.50821780863,26152.5,1046545.8137039939,"(5931, 1449, 270)","(5931.0, 1449.0, 270)"
201,67,0,x1_x1,0.0,0.0,0.0,"(5931, 1449, 270)","(5931.0, -296.0, 270)"
202,67,1,x3_x1,0.0,0.0,0.0,"(5931, 1449, 270)","(4822.0, 1449.0, 270)"
203,67,2,x2_x1,-26251.460055947,25354.5,804537.3419644436,"(5931, 1449, 270)","(5931.0, 1449.0, 270)"
204,68,0,x1_x1,0.0,0.0,0.0,"(5931, 1449, 270)","(5931.0, -296.0, 270)"
205,68,1,x2_x1,0.0,0.0,0.0,"(5931, 1449, 270)","(7040.0, 1449.0, 270)"
206,68,2,x3_x1,-27231.80902593269,26206.5,1051258.5986590413,"(5931, 1449, 270)","(5931.0, 1449.0, 270)"
207,69,0,x3_x1,0.0,0.0,0.0,"(5931, 1449, 270)","(4822.0, 2945.0, 270)"
208,69,1,x2_x1,0.0,0.0,0.0,"(5931, 1449, 270)","(5931.0, 3194.0, 270)"
209,69,2,x1_x1,-26194.722514156263,25300.5,799633.9048239467,"(5931, 1449, 270)","(5931.0, 1449.0, 270)"
210,70,0,x3_x1,0.0,0.0,0.0,"(5931, 1449, 270)","(4822.0, 1449.0, 270)"
211,70,1,x1_x1,0.0,0.0,0.0,"(5931, 1449, 270)","(5931.0, -296.0, 270)"
212,70,2,x2_x1,-26251.460055947,25354.5,804537.3419644436,"(5931, 1449, 270)","(5931.0, 1449.0, 270)"
213,71,0,x3_x1,0.0,0.0,0.0,"(5931, 1449, 270)","(4822.0, 2945.0, 270)"
214,71,1,x2_x1,0.0,0.0,0.0,"(5931, 1449, 270)","(5931.0, 3194.0, 270)"
215,71,2,x1_x1,-26194.722514156263,25300.5,799633.9048239467,"(5931, 1449, 270)","(5931.0, 1449.0, 270)"
216,72,0,x1_x1,0.0,0.0,0.0,"(5931, 1449, 270)","(5931.0, -296.0, 270)"
217,72,1,x2_x1,0.0,0.0,0.0,"(5931, 1449, 270)","(7040.0, 1449.0, 270)"
218,72,2,x3_x1,-27231.80902593269,26206.5,1051258.5986590413,"(5931, 1449, 270)","(5931.0, 1449.0, 270)"
219,73,0,x3_x1,0.0,0.0,0.0,"(5931, 1449, 270)","(4822.0, 1449.0, 270)"
220,73,1,x1_x1,0.0,0.0,0.0,"(5931, 1449, 270)","(5931.0, -296.0, 270)"
221,73,2,x2_x1,-26251.460055947,25354.5,804537.3419644436,"(5931, 1449, 270)","(5931.0, 1449.0, 270)"
222,74,0,x3_x1,0.0,0.0,0.0,"(5931, 1449, 270)","(4822.0, 2945.0, 270)"
223,74,1,x2_x1,0.0,0.0,0.0,"(5931, 1449, 270)","(5931.0, 3194.0, 270)"
224,74,2,x1_x1,-26194.722514156263,25300.5,799633.9048239467,"(5931, 1449, 270)","(5931.0, 1449.0, 270)"
225,75,0,x2_x1,0.0,0.0,0.0,"(5931, 1449, 270)","(7040.0, 3194.0, 270)"
226,75,1,x3_x1,0.0,0.0,0.0,"(5931, 1449, 270)","(5931.0, 2945.0, 270)"
227,75,2,x1_x1,-27175.50821780863,26152.5,1046545.8137039939,"(5931, 1449, 270)","(5931.0, 1449.0, 270)"
228,76,0,x3_x1,0.0,0.0,0.0,"(5931, 1449, 270)","(4822.0, 1449.0, 270)"
229,76,1,x1_x1,0.0,0.0,0.0,"(5931, 1449, 270)","(5931.0, -296.0, 270)"
230,76,2,x2_x1,-26251.460055947,25354.5,804537.3419644436,"(5931, 1449, 270)","(5931.0, 1449.0, 270)"
231,77,0,x2_x1,0.0,0.0,0.0,"(5931, 1449, 270)","(7040.0, 3194.0, 270)"
232,77,1,x3_x1,0.0,0.0,0.0,"(5931, 1449, 270)","(5931.0, 2945.0, 270)"
233,77,2,x1_x1,-27175.50821780863,26152.5,1046545.8137039939,"(5931, 1449, 270)","(5931.0, 1449.0, 270)"
234,78,0,x1_x1,0.0,0.0,0.0,"(5931, 1449, 270)","(5931.0, -296.0, 270)"
235,78,1,x2_x1,0.0,0.0,0.0,"(5931, 1449, 270)","(7040.0, 1449.0, 270)"
236,78,2,x3_x1,-27231.80902593269,26206.5,1051258.5986590413,"(5931, 1449, 270)","(5931.0, 1449.0, 270)"
237,79,0,x1_x1,0.0,0.0,0.0,"(5931, 1449, 270)","(5931.0, -296.0, 270)"
238,79,1,x3_x1,0.0,0.0,0.0,"(5931, 1449, 270)","(4822.0, 1449.0, 270)"
239,79,2,x2_x1,-26251.460055947,25354.5,804537.3419644436,"(5931, 1449, 270)","(5931.0, 1449.0, 270)"
240,80,0,x3_x1,0.0,0.0,0.0,"(5931, 1449, 270)","(4822.0, 1449.0, 270)"
241,80,1,x1_x1,0.0,0.0,0.0,"(5931, 1449, 270)","(5931.0, -296.0, 270)"
242,80,2,x2_x1,-26251.460055947,25354.5,804537.3419644436,"(5931, 1449, 270)","(5931.0, 1449.0, 270)"
243,81,0,x1_x1,0.0,0.0,0.0,"(5931, 1449, 270)","(5931.0, -296.0, 270)"
244,81,1,x3_x1,0.0,0.0,0.0,"(5931, 1449, 270)","(4822.0, 1449.0, 270)"
245,81,2,x2_x1,-26251.460055947,25354.5,804537.3419644436,"(5931, 1449, 270)","(5931.0, 1449.0, 270)"
246,82,0,x3_x1,0.0,0.0,0.0,"(5931, 1449, 270)","(4822.0, 2945.0, 270)"
247,82,1,x2_x1,0.0,0.0,0.0,"(5931, 1449, 270)","(5931.0, 3194.0, 270)"
248,82,2,x1_x1,-26194.722514156263,25300.5,799633.9048239467,"(5931, 1449, 270)","(5931.0, 1449.0, 270)"
249,83,0,x2_x1,0.0,0.0,0.0,"(5931, 1449, 270)","(7040.0, 3194.0, 270)"
250,83,1,x3_x1,0.0,0.0,0.0,"(5931, 1449, 270)","(5931.0, 2945.0, 270)"
251,83,2,x1_x1,-27175.50821780863,26152.5,1046545.8137039939,"(5931, 1449, 270)","(5931.0, 1449.0, 270)"
252,84,0,x3_x1,0.0,0.0,0.0,"(5931, 1449, 270)","(4822.0, 1449.0, 270)"
253,84,1,x1_x1,0.0,0.0,0.0,"(5931, 1449, 270)","(5931.0, -296.0, 270)"
254,84,2,x2_x1,-26251.460055947,25354.5,804537.3419644436,"(5931, 1449, 270)","(5931.0, 1449.0, 270)"
255,85,0,x1_x1,0.0,0.0,0.0,"(5931, 1449, 270)","(5931.0, -296.0, 270)"
256,85,1,x2_x1,0.0,0.0,0.0,"(5931, 1449, 270)","(7040.0, 1449.0, 270)"
257,85,2,x3_x1,-27231.80902593269,26206.5,1051258.5986590413,"(5931, 1449, 270)","(5931.0, 1449.0, 270)"
258,86,0,x1_x1,0.0,0.0,0.0,"(5931, 1449, 270)","(5931.0, -296.0, 270)"
259,86,1,x2_x1,0.0,0.0,0.0,"(5931, 1449, 270)","(7040.0, 1449.0, 270)"
260,86,2,x3_x1,-27231.80902593269,26206.5,1051258.5986590413,"(5931, 1449, 270)","(5931.0, 1449.0, 270)"
261,87,0,x3_x1,0.0,0.0,0.0,"(5931, 1449, 270)","(4822.0, 1449.0, 270)"
262,87,1,x1_x1,0.0,0.0,0.0,"(5931, 1449, 270)","(5931.0, -296.0, 270)"
263,87,2,x2_x1,-26251.460055947,25354.5,804537.3419644436,"(5931, 1449, 270)","(5931.0, 1449.0, 270)"
264,88,0,x1_x1,0.0,0.0,0.0,"(5931, 1449, 270)","(5931.0, -296.0, 270)"
265,88,1,x2_x1,0.0,0.0,0.0,"(5931, 1449, 270)","(7040.0, 1449.0, 270)"
266,88,2,x3_x1,-27231.80902593269,26206.5,1051258.5986590413,"(5931, 1449, 270)","(5931.0, 1449.0, 270)"
267,89,0,x2_x1,0.0,0.0,0.0,"(5931, 1449, 270)","(7040.0, 1698.0, 270)"
268,89,1,x1_x1,0.0,0.0,0.0,"(5931, 1449, 270)","(5931.0, -47.0, 270)"
269,89,2,x3_x1,-27175.50821780863,26152.5,1046545.8137039939,"(5931, 1449, 270)","(5931.0, 1449.0, 270)"
270,90,0,x1_x1,0.0,0.0,0.0,"(5931, 1449, 270)","(5931.0, -296.0, 270)"
271,90,1,x2_x1,0.0,0.0,0.0,"(5931, 1449, 270)","(7040.0, 1449.0, 270)"
272,90,2,x3_x1,-27231.80902593269,26206.5,1051258.5986590413,"(5931, 1449, 270)","(5931.0, 1449.0, 270)"
273,91,0,x3_x1,0.0,0.0,0.0,"(5931, 1449, 270)","(4822.0, 1449.0, 270)"
274,91,1,x1_x1,0.0,0.0,0.0,"(5931, 1449, 270)","(5931.0, -296.0, 270)"
275,91,2,x2_x1,-26251.460055947,25354.5,804537.3419644436,"(5931, 1449, 270)","(5931.0, 1449.0, 270)"
276,92,0,x1_x1,0.0,0.0,0.0,"(5931, 1449, 270)","(5931.0, -296.0, 270)"
277,92,1,x2_x1,0.0,0.0,0.0,"(5931, 1449, 270)","(7040.0, 1449.0, 270)"
278,92,2,x3_x1,-27231.80902593269,26206.5,1051258.5986590413,"(5931, 1449, 270)","(5931.0, 1449.0, 270)"
279,93,0,x1_x1,0.0,0.0,0.0,"(5931, 1449, 270)","(5931.0, -296.0, 270)"
280,93,1,x3_x1,0.0,0.0,0.0,"(5931, 1449, 270)","(4822.0, 1449.0, 270)"
281,93,2,x2_x1,-26251.460055947,25354.5,804537.3419644436,"(5931, 1449, 270)","(5931.0, 1449.0, 270)"
282,94,0,x3_x1,0.0,0.0,0.0,"(5931, 1449, 270)","(4822.0, 1449.0, 270)"
283,94,1,x1_x1,0.0,0.0,0.0,"(5931, 1449, 270)","(5931.0, -296.0, 270)"
284,94,2,x2_x1,-26251.460055947,25354.5,804537.3419644436,"(5931, 1449, 270)","(5931.0, 1449.0, 270)"
285,95,0,x3_x1,0.0,0.0,0.0,"(5931, 1449, 270)","(4822.0, 1449.0, 270)"
286,95,1,x1_x1,0.0,0.0,0.0,"(5931, 1449, 270)","(5931.0, -296.0, 270)"
287,95,2,x2_x1,-26251.460055947,25354.5,804537.3419644436,"(5931, 1449, 270)","(5931.0, 1449.0, 270)"
288,96,0,x1_x1,0.0,0.0,0.0,"(5931, 3711, 270)","(5931.0, 3711.0, 270)"
289,96,1,x3_x1,0.0,0.0,0.0,"(5931, 1449, 270)","(4822.0, 1449.0, 270)"
290,96,2,x2_x1,-26563.069852593428,25654.0,826407.9968942384,"(5931, 1449, 270)","(5931.0, 1449.0, 270)"
291,97,0,x1_x1,0.0,0.0,0.0,"(5931, 1449, 270)","(5931.0, -296.0, 270)"
292,97,1,x3_x1,0.0,0.0,0.0,"(5931, 1449, 270)","(4822.0, 1449.0, 270)"
293,97,2,x2_x1,-26251.460055947,25354.5,804537.3419644436,"(5931, 1449, 270)","(5931.0, 1449.0, 270)"
294,98,0,x3_x1,0.0,0.0,0.0,"(5931, 1449, 270)","(4822.0, 1449.0, 270)"
295,98,1,x1_x1,0.0,0.0,0.0,"(5931, 1449, 270)","(5931.0, -296.0, 270)"
296,98,2,x2_x1,-26251.460055947,25354.5,804537.3419644436,"(5931, 1449, 270)","(5931.0, 1449.0, 270)"
297,99,0,x2_x1,0.0,0.0,0.0,"(5931, 1449, 270)","(7040.0, 3194.0, 270)"
298,99,1,x3_x1,0.0,0.0,0.0,"(5931, 1449, 270)","(5931.0, 2945.0, 270)"
299,99,2,x1_x1,-27175.50821780863,26152.5,1046545.8137039939,"(5931, 1449, 270)","(5931.0, 1449.0, 270)"
300,100,0,x2_x1,0.0,0.0,0.0,"(2794, 5751, 90)","(3808.0, 5751.0, 90)"
301,100,1,x3_x1,0.0,0.0,0.0,"(2594, 5683, 0)","(2594.0, 5683.0, 0)"
302,100,2,x1_x1,-44765.12678624376,43253.0,2286527.417675882,"(1979, 1953, 270)","(1979.0, 1953.0, 270)"
303,101,0,x1_x1,0.0,0.0,0.0,"(3169, 3822, 270)","(3169.0, 3822.0, 270)"
304,101,1,x3_x1,0.0,0.0,0.0,"(4724, 1234, 0)","(4724.0, 1234.0, 0)"
305,101,2,x2_x1,-37062.12419984429,35812.0,1562810.5150363264,"(4317, 427, 270)","(4317.0, -59.0, 270)"
306,102,0,x1_x1,0.0,0.0,0.0,"(5458, 386, 90)","(5458.0, 386.0, 90)"
307,102,1,x3_x1,0.0,0.0,0.0,"(2132, 2378, 90)","(2132.0, 2378.0, 90)"
308,102,2,x2_x1,-43407.9565166771,42040.5,1869937.325002656,"(546, 846, 0)","(546.0, 846.0, 0)"
309,103,0,x1_x1,0.0,0.0,0.0,"(838, 78, 180)","(838.0, -628.0, 180)"
310,103,1,x2_x1,0.0,0.0,0.0,"(393, 1768, 0)","(393.0, 1768.0, 0)"
311,103,2,x3_x1,-49738.464015868616,48465.5,1620437.385696347,"(4917, 5833, 180)","(4917.0, 5833.0, 180)"
312,104,0,x1_x1,0.0,0.0,0.0,"(3652, 2500, 180)","(3652.0, 2500.0, 180)"
313,104,1,x2_x1,0.0,0.0,0.0,"(3786, 5900, 270)","(3786.0, 5900.0, 270)"
314,104,2,x3_x1,-35612.09378156214,34340.5,1616950.7453074863,"(4729, 1994, 180)","(5275.0, 1994.0, 180)"
315,105,0,x1_x1,0.0,0.0,0.0,"(1310, 3686, 180)","(1310.0, 3686.0, 180)"
316,105,1,x3_x1,0.0,0.0,0.0,"(615, 2590, 270)","(-208.0, 2590.0, 270)"
317,105,2,x2_x1,-44456.07099669821,43043.0,1996769.6417096807,"(3287, 496, 90)","(3287.0, 496.0, 90)"
318,106,0,x1_x1,0.0,0.0,0.0,"(959, 265, 270)","(959.0, -569.0, 270)"
319,106,1,x2_x1,0.0,0.0,0.0,"(2306, 1303, 90)","(2306.0, 1303.0, 90)"
320,106,2,x3_x1,-44624.127175501795,43310.0,1726930.2333923192,"(3853, 4501, 90)","(3853.0, 4501.0, 90)"
321,107,0,x2_x1,0.0,0.0,0.0,"(3677, 3143, 180)","(3603.0, 3143.0, 180)"
322,107,1,x3_x1,0.0,0.0,0.0,"(2613, 313, 270)","(2613.0, 313.0, 270)"
323,107,2,x1_x1,-34376.61863120062,33183.5,1423532.0681180363,"(5348, 1483, 180)","(5348.0, 1483.0, 180)"
324,108,0,x3_x1,0.0,0.0,0.0,"(2996, 3502, 90)","(3102.0, 3502.0, 90)"
325,108,1,x2_x1,0.0,0.0,0.0,"(1682, 4562, 0)","(1682.0, 4567.0, 0)"
326,108,2,x1_x1,-34342.37726634408,33180.5,1349958.782047205,"(144, 2171, 180)","(144.0, 2171.0, 180)"
327,109,0,x1_x1,0.0,0.0,0.0,"(4609, 4035, 180)","(4609.0, 4035.0, 180)"
328,109,1,x3_x1,0.0,0.0,0.0,"(363, 5669, 180)","(363.0, 5669.0, 180)"
329,109,2,x2_x1,-46619.59228739207,45344.5,1625860.3413667395,"(4360, 643, 90)","(4360.0, 643.0, 90)"
330,110,0,x2_x1,0.0,0.0,0.0,"(5818, 4171, 180)","(5818.0, 4171.0, 180)"
331,110,1,x3_x1,0.0,0.0,0.0,"(4634, 2300, 90)","(4634.0, 2300.0, 90)"
332,110,2,x1_x1,-33866.2815526854,32717.0,1320848.0873429736,"(5660, 1014, 90)","(5660.0, 677.0, 90)"
333,111,0,x2_x1,0.0,0.0,0.0,"(3139, 3838, 90)","(3139.0, 3838.0, 90)"
334,111,1,x1_x1,0.0,0.0,0.0,"(5769, 4884, 0)","(5769.0, 4884.0, 0)"
335,111,2,x3_x1,-35892.1633651553,34676.0,1479053.3307458647,"(5704, 5922, 0)","(5704.0, 7237.0, 0)"
336,112,0,x3_x1,0.0,0.0,0.0,"(310, 2101, 0)","(310.0, 2101.0, 0)"
337,112,1,x2_x1,0.0,0.0,0.0,"(4808, 3760, 270)","(4808.0, 3760.0, 270)"
338,112,2,x1_x1,-38758.11361598276,37658.5,1209150.1044546762,"(4393, 5780, 270)","(4393.0, 5780.0, 270)"
339,113,0,x3_x1,0.0,0.0,0.0,"(5614, 532, 270)","(5614.0, 532.0, 270)"
340,113,1,x1_x1,0.0,0.0,0.0,"(1096, 1965, 180)","(1096.0, 1965.0, 180)"
341,113,2,x2_x1,-40589.49080887623,39383.0,1455620.0719028192,"(287, 1112, 90)","(-465.0, 1112.0, 90)"
342,114,0,x1_x1,0.0,0.0,0.0,"(5247, 2819, 0)","(5247.0, 2819.0, 0)"
343,114,1,x3_x1,0.0,0.0,0.0,"(3671, 4076, 180)","(3624.0, 4076.0, 180)"
344,114,2,x2_x1,-30573.833719022678,29461.5,1237286.3024748198,"(4989, 5514, 90)","(4989.0, 5514.0, 90)"
345,115,0,x1_x1,0.0,0.0,0.0,"(5830, 3505, 0)","(5830.0, 3505.0, 0)"
346,115,1,x2_x1,0.0,0.0,0.0,"(4755, 557, 270)","(4755.0, 557.0, 270)"
347,115,2,x3_x1,-32502.516519686513,31313.0,1414949.5506071153,"(4001, 2703, 90)","(4001.0, 2703.0, 90)"
348,116,0,x3_x1,0.0,0.0,0.0,"(2685, 2849, 0)","(2685.0, 2849.0, 0)"
349,116,1,x2_x1,0.0,0.0,0.0,"(1200, 3855, 180)","(1200.0, 3855.0, 180)"
350,116,2,x1_x1,-38781.44874556915,37427.0,1834531.4043738476,"(4082, 2191, 180)","(4308.0, 2191.0, 180)"
351,117,0,x1_x1,0.0,0.0,0.0,"(2566, 5415, 90)","(2566.0, 5415.0, 90)"
352,117,1,x3_x1,0.0,0.0,0.0,"(951, 4970, 90)","(213.0, 4970.0, 90)"
353,117,2,x2_x1,-29147.620723440697,28120.5,1054976.9805213388,"(2747, 5542, 270)","(2747.0, 7287.0, 270)"
354,118,0,x1_x1,0.0,0.0,0.0,"(364, 310, 90)","(364.0, 310.0, 90)"
355,118,1,x3_x1,0.0,0.0,0.0,"(366, 618, 180)","(366.0, 1955.0, 180)"
356,118,2,x2_x1,-29738.388146561614,28651.0,1182412.981282703,"(2419, 616, 180)","(2944.0, 616.0, 180)"
357,119,0,x1_x1,0.0,0.0,0.0,"(729, 2861, 270)","(729.0, 2861.0, 270)"
358,119,1,x2_x1,0.0,0.0,0.0,"(4944, 2148, 270)","(5442.0, 2148.0, 270)"
359,119,2,x3_x1,-43828.74401895307,42371.0,2125017.6247934494,"(4355, 1332, 180)","(4355.0, 1332.0, 180)"
360,120,0,x1_x1,0.0,0.0,0.0,"(299, 384, 90)","(299.0, 384.0, 90)"
361,120,1,x3_x1,0.0,0.0,0.0,"(4280, 93, 270)","(4280.0, 93.0, 270)"
362,120,2,x2_x1,-71653.22491509285,69590.5,4254834.07534482,"(5050, 5948, 270)","(5050.0, 5948.0, 270)"
363,121,0,x3_x1,0.0,0.0,0.0,"(2742, 3870, 90)","(2742.0, 3870.0, 90)"
364,121,1,x1_x1,0.0,0.0,0.0,"(5515, 3456, 270)","(5515.0, 3456.0, 270)"
365,121,2,x2_x1,-40924.92315532757,39484.5,2074818.8664038212,"(2427, 5396, 0)","(2427.0, 5396.0, 0)"
366,122,0,x2_x1,0.0,0.0,0.0,"(3158, 4908, 270)","(3158.0, 4908.0, 270)"
367,122,1,x1_x1,0.0,0.0,0.0,"(3915, 3500, 90)","(3915.0, 3163.0, 90)"
368,122,2,x3_x1,-32811.37115180767,31736.0,1156423.1141401485,"(352, 5831, 90)","(352.0, 5831.0, 90)"
369,123,0,x1_x1,0.0,0.0,0.0,"(866, 1483, 90)","(866.0, 1483.0, 90)"
370,123,1,x2_x1,0.0,0.0,0.0,"(2314, 4802, 0)","(2314.0, 4802.0, 0)"
371,123,2,x3_x1,-40384.822896319514,39053.5,1772420.654264588,"(1225, 5896, 180)","(1225.0, 5911.0, 180)"
372,124,0,x2_x1,0.0,0.0,0.0,"(5098, 2160, 180)","(5098.0, 2160.0, 180)"
373,124,1,x1_x1,0.0,0.0,0.0,"(1065, 4650, 180)","(472.0, 4650.0, 180)"
374,124,2,x3_x1,-49863.078574699786,48245.0,2618178.2739024893,"(2095, 4833, 180)","(2095.0, 4833.0, 180)"
375,125,0,x1_x1,0.0,0.0,0.0,"(4642, 3484, 90)","(4642.0, 2710.0, 90)"
376,125,1,x2_x1,0.0,0.0,0.0,"(417, 3780, 90)","(417.0, 3780.0, 90)"
377,125,2,x3_x1,-41577.312510524,40131.0,2091819.878098246,"(4396, 4228, 0)","(4396.0, 4228.0, 0)"
378,126,0,x1_x1,0.0,0.0,0.0,"(5286, 4957, 180)","(5286.0, 4957.0, 180)"
379,126,1,x2_x1,0.0,0.0,0.0,"(1797, 5129, 180)","(1797.0, 5129.0, 180)"
380,126,2,x3_x1,-44280.37640286202,43077.0,1448114.7669651292,"(5679, 1507, 90)","(5679.0, 1507.0, 90)"
381,127,0,x3_x1,0.0,0.0,0.0,"(5790, 640, 90)","(5790.0, 640.0, 90)"
382,127,1,x1_x1,0.0,0.0,0.0,"(3392, 3982, 270)","(3392.0, 3982.0, 270)"
383,127,2,x2_x1,-45069.60463277902,43752.5,1734764.6136879432,"(1671, 5043, 90)","(996.0, 5043.0, 90)"
384,128,0,x2_x1,0.0,0.0,0.0,"(2566, 1789, 180)","(2566.0, 1789.0, 180)"
385,128,1,x1_x1,0.0,0.0,0.0,"(992, 3557, 90)","(992.0, 3557.0, 90)"
386,128,2,x3_x1,-36072.2246729713,34774.5,1684089.3268384614,"(3339, 4605, 180)","(3339.0, 4605.0, 180)"
387,129,0,x3_x1,0.0,0.0,0.0,"(5858, 2045, 0)","(5858.0, 2045.0, 0)"
388,129,1,x1_x1,0.0,0.0,0.0,"(760, 3558, 270)","(760.0, 3558.0, 270)"
389,129,2,x2_x1,-39911.288004049406,38755.5,1335845.9103045156,"(873, 936, 180)","(873.0, 936.0, 180)"
390,130,0,x2_x1,0.0,0.0,0.0,"(3613, 5620, 270)","(3613.0, 5620.0, 270)"
391,130,1,x1_x1,0.0,0.0,0.0,"(1601, 799, 180)","(1601.0, 799.0, 180)"
392,130,2,x3_x1,-49230.10239373523,47621.0,2589210.5135244383,"(3836, 2764, 90)","(3836.0, 2764.0, 90)"
393,131,0,x1_x1,0.0,0.0,0.0,"(4994, 2765, 180)","(5139.0, 2765.0, 180)"
394,131,1,x3_x1,0.0,0.0,0.0,"(1854, 202, 270)","(1854.0, 202.0, 270)"
395,131,2,x2_x1,-38347.25333351363,37120.5,1504923.7412868144,"(3451, 1511, 270)","(3451.0, 1511.0, 270)"
396,132,0,x3_x1,0.0,0.0,0.0,"(682, 208, 270)","(682.0, 208.0, 270)"
397,132,1,x1_x1,0.0,0.0,0.0,"(744, 4374, 270)","(744.0, 4374.0, 270)"
398,132,2,x2_x1,-28453.896192299606,27553.5,810713.3031076281,"(625, 2743, 0)","(625.0, 2743.0, 0)"
399,133,0,x3_x1,0.0,0.0,0.0,"(4505, 1167, 0)","(4505.0, 713.0, 0)"
400,133,1,x1_x1,0.0,0.0,0.0,"(3203, 2358, 270)","(3203.0, 2358.0, 270)"
401,133,2,x2_x1,-49178.09936387448,47589.0,2525236.7882662774,"(636, 5150, 180)","(636.0, 5150.0, 180)"
402,134,0,x3_x1,0.0,0.0,0.0,"(2483, 2331, 180)","(2483.0, 2331.0, 180)"
403,134,1,x1_x1,0.0,0.0,0.0,"(5382, 1455, 270)","(5382.0, 1455.0, 270)"
404,134,2,x2_x1,-50279.03793970188,48629.0,2722625.202455611,"(1320, 4023, 90)","(1320.0, 4023.0, 90)"
405,135,0,x3_x1,0.0,0.0,0.0,"(2168, 3534, 180)","(484.0, 3534.0, 180)"
406,135,1,x1_x1,0.0,0.0,0.0,"(3132, 3949, 180)","(3132.0, 3949.0, 180)"
407,135,2,x2_x1,-29151.860801788735,28159.5,984779.9609267823,"(2946, 3198, 270)","(1571.0, 3198.0, 270)"
408,136,0,x3_x1,0.0,0.0,0.0,"(283, 2689, 90)","(283.0, 2689.0, 90)"
409,136,1,x2_x1,0.0,0.0,0.0,"(2829, 5379, 270)","(3379.0, 5379.0, 270)"
410,136,2,x1_x1,-35131.8176625115,33925.5,1455202.3028872032,"(983, 4518, 90)","(983.0, 4518.0, 90)"
411,137,0,x3_x1,0.0,0.0,0.0,"(2096, 4251, 180)","(2096.0, 4251.0, 180)"
412,137,1,x2_x1,0.0,0.0,0.0,"(5122, 535, 270)","(5122.0, 122.0, 270)"
413,137,2,x1_x1,-36088.52016988107,34947.5,1301927.0280754191,"(5465, 2702, 0)","(5465.0, 2702.0, 0)"
414,138,0,x1_x1,0.0,0.0,0.0,"(3639, 4815, 90)","(3639.0, 4815.0, 90)"
415,138,1,x2_x1,0.0,0.0,0.0,"(5757, 2788, 270)","(5757.0, 2788.0, 270)"
416,138,2,x3_x1,-36866.47358420126,35508.0,1845450.4789726138,"(2630, 3232, 180)","(2630.0, 3232.0, 180)"
417,139,0,x3_x1,0.0,0.0,0.0,"(1525, 1093, 270)","(1525.0, 1093.0, 270)"
418,139,1,x1_x1,0.0,0.0,0.0,"(4393, 4733, 90)","(4393.0, 4733.0, 90)"
419,139,2,x2_x1,-40898.05084697062,39623.5,1624479.8615135236,"(5520, 3741, 270)","(5520.0, 2988.0, 270)"
420,140,0,x1_x1,0.0,0.0,0.0,"(63, 437, 180)","(63.0, 437.0, 180)"
421,140,1,x3_x1,0.0,0.0,0.0,"(3622, 5126, 180)","(3622.0, 6073.0, 180)"
422,140,2,x2_x1,-59659.720459742006,57848.5,3280519.5537880464,"(3888, 4837, 180)","(3888.0, 4837.0, 180)"
423,141,0,x3_x1,0.0,0.0,0.0,"(2164, 2780, 270)","(2164.0, 2633.0, 270)"
424,141,1,x1_x1,0.0,0.0,0.0,"(1452, 4256, 270)","(1452.0, 4256.0, 270)"
425,141,2,x2_x1,-29338.822676469044,28214.0,1265226.0534989843,"(3829, 4121, 270)","(3848.0, 4121.0, 270)"
426,142,0,x3_x1,0.0,0.0,0.0,"(1517, 4495, 270)","(1517.0, 4495.0, 270)"
427,142,1,x2_x1,0.0,0.0,0.0,"(344, 2991, 90)","(344.0, 2991.0, 90)"
428,142,2,x1_x1,-46176.969895543196,44788.5,1927848.6508297338,"(4859, 2367, 180)","(4859.0, 2367.0, 180)"
429,143,0,x3_x1,0.0,0.0,0.0,"(5265, 522, 0)","(5265.0, 522.0, 0)"
430,143,1,x2_x1,0.0,0.0,0.0,"(1856, 3684, 270)","(1856.0, 3684.0, 270)"
431,143,2,x1_x1,-46699.96288738339,45446.5,1571169.210047508,"(538, 4020, 90)","(-413.0, 4020.0, 90)"
432,144,0,x3_x1,0.0,0.0,0.0,"(4934, 1157, 0)","(4934.0, 1157.0, 0)"
433,144,1,x2_x1,0.0,0.0,0.0,"(805, 1696, 0)","(805.0, 1696.0, 0)"
434,144,2,x1_x1,-32614.628900199492,31530.0,1176419.8511479571,"(2756, 1059, 180)","(2756.0, 1059.0, 180)"
435,145,0,x2_x1,0.0,0.0,0.0,"(320, 4147, 90)","(-653.0, 4147.0, 90)"
436,145,1,x1_x1,0.0,0.0,0.0,"(1743, 4961, 270)","(1743.0, 4961.0, 270)"
437,145,2,x3_x1,-31424.13102564974,30255.5,1365698.4741111684,"(2955, 3347, 0)","(2955.0, 3316.0, 0)"
438,146,0,x3_x1,0.0,0.0,0.0,"(661, 5866, 90)","(-261.0, 5866.0, 90)"
439,146,1,x2_x1,0.0,0.0,0.0,"(4741, 4184, 270)","(4741.0, 4184.0, 270)"
440,146,2,x1_x1,-38588.388935225106,37246.0,1802008.0534148002,"(2092, 5438, 90)","(2092.0, 5438.0, 90)"
441,147,0,x3_x1,0.0,0.0,0.0,"(693, 2799, 90)","(693.0, 2799.0, 90)"
442,147,1,x1_x1,0.0,0.0,0.0,"(5609, 5708, 90)","(5609.0, 5708.0, 90)"
443,147,2,x2_x1,-73406.08609444712,71282.5,4509617.900529156,"(412, 454, 0)","(412.0, 454.0, 0)"
444,148,0,x2_x1,0.0,0.0,0.0,"(4451, 2445, 90)","(4451.0, 2445.0, 90)"
445,148,1,x3_x1,0.0,0.0,0.0,"(3098, 1336, 270)","(3098.0, 1336.0, 270)"
446,148,2,x1_x1,-45894.68237092759,44417.0,2183545.1893501976,"(355, 4473, 270)","(355.0, 4473.0, 270)"
447,149,0,x2_x1,0.0,0.0,0.0,"(3983, 3110, 90)","(3983.0, 3164.0, 90)"
448,149,1,x1_x1,0.0,0.0,0.0,"(3675, 584, 180)","(3675.0, 584.0, 180)"
449,149,2,x3_x1,-29517.850950899952,28478.5,1080250.3991366369,"(5840, 2218, 180)","(5840.0, 2218.0, 180)"
450,150,0,x3_x1,0.0,0.0,0.0,"(5769, 652, 90)","(5769.0, 652.0, 90)"
451,150,1,x2_x1,0.0,0.0,0.0,"(2780, 3664, 180)","(2780.0, 3664.0, 180)"
452,150,2,x1_x1,-52861.293047080144,51254.0,2583390.93919218,"(375, 398, 90)","(375.0, 398.0, 90)"
453,151,0,x3_x1,0.0,0.0,0.0,"(2512, 3949, 270)","(2512.0, 4709.0, 270)"
454,151,1,x2_x1,0.0,0.0,0.0,"(3606, 156, 90)","(3606.0, -202.0, 90)"
455,151,2,x1_x1,-37334.42674227736,36059.0,1626713.3749162522,"(2427, 2378, 0)","(2427.0, 2378.0, 0)"
456,152,0,x1_x1,0.0,0.0,0.0,"(5424, 3819, 0)","(5424.0, 3819.0, 0)"
457,152,1,x2_x1,0.0,0.0,0.0,"(1610, 1156, 270)","(1610.0, 1156.0, 270)"
458,152,2,x3_x1,-48039.251085220196,46489.5,2401728.4261411726,"(702, 1998, 0)","(523.0, 1998.0, 0)"
459,153,0,x1_x1,0.0,0.0,0.0,"(5894, 138, 180)","(5894.0, 138.0, 180)"
460,153,1,x3_x1,0.0,0.0,0.0,"(324, 5275, 90)","(324.0, 5275.0, 90)"
461,153,2,x2_x1,-55918.780360083,54426.0,2228393.2034495273,"(2827, 1439, 0)","(2827.0, 1439.0, 0)"
462,154,0,x3_x1,0.0,0.0,0.0,"(2484, 5165, 270)","(2484.0, 5165.0, 270)"
463,154,1,x1_x1,0.0,0.0,0.0,"(4061, 2819, 90)","(4061.0, 2819.0, 90)"
464,154,2,x2_x1,-42054.11532228582,40701.5,1829568.2100823792,"(5790, 691, 270)","(5790.0, 691.0, 270)"
465,155,0,x1_x1,0.0,0.0,0.0,"(3257, 2252, 270)","(3257.0, 2252.0, 270)"
466,155,1,x3_x1,0.0,0.0,0.0,"(2329, 966, 90)","(2329.0, 629.0, 90)"
467,155,2,x2_x1,-35925.09979267388,34655.5,1611883.6335575548,"(5443, 3288, 270)","(5653.0, 3288.0, 270)"
468,156,0,x1_x1,0.0,0.0,0.0,"(3218, 2772, 90)","(3218.0, 2772.0, 90)"
469,156,1,x2_x1,0.0,0.0,0.0,"(989, 2378, 270)","(822.0, 2378.0, 270)"
470,156,2,x3_x1,-32295.808255291468,31137.5,1341678.0142763648,"(118, 2012, 180)","(-265.0, 2012.0, 180)"
471,157,0,x3_x1,0.0,0.0,0.0,"(2725, 4097, 90)","(2725.0, 4328.0, 90)"
472,157,1,x1_x1,0.0,0.0,0.0,"(856, 2705, 90)","(856.0, 2705.0, 90)"
473,157,2,x2_x1,-45771.88982050655,44267.5,2263188.732043719,"(3841, 566, 90)","(3841.0, 566.0, 90)"
474,158,0,x1_x1,0.0,0.0,0.0,"(2936, 1503, 90)","(2936.0, 1503.0, 90)"
475,158,1,x2_x1,0.0,0.0,0.0,"(1116, 5798, 270)","(1116.0, 5798.0, 270)"
476,158,2,x3_x1,-43653.47524657952,42185.0,2156419.5498167635,"(3085, 3678, 0)","(3085.0, 3678.0, 0)"
477,159,0,x1_x1,0.0,0.0,0.0,"(813, 4901, 90)","(813.0, 4901.0, 90)"
478,159,1,x3_x1,0.0,0.0,0.0,"(57, 1841, 270)","(57.0, 1390.0, 270)"
479,159,2,x2_x1,-33061.72456098842,31999.5,1128321.0179670455,"(645, 2477, 180)","(645.0, 2477.0, 180)"
480,160,0,x3_x1,0.0,0.0,0.0,"(1145, 4420, 0)","(1145.0, 4420.0, 0)"
481,160,1,x1_x1,0.0,0.0,0.0,"(893, 1029, 180)","(893.0, 1029.0, 180)"
482,160,2,x2_x1,-32736.863090760246,31592.5,1309566.8834943455,"(2649, 2781, 270)","(2649.0, 2781.0, 270)"
483,161,0,x3_x1,0.0,0.0,0.0,"(2413, 4272, 0)","(1195.0, 4272.0, 0)"
484,161,1,x2_x1,0.0,0.0,0.0,"(3554, 4686, 180)","(4563.0, 4686.0, 180)"
485,161,2,x1_x1,-27266.1570691048,26355.0,830207.2045796493,"(2691, 3801, 180)","(2691.0, 3801.0, 180)"
486,162,0,x3_x1,0.0,0.0,0.0,"(3415, 245, 90)","(3415.0, 245.0, 90)"
487,162,1,x2_x1,0.0,0.0,0.0,"(5156, 3261, 90)","(5156.0, 3261.0, 90)"
488,162,2,x1_x1,-35032.48917438205,33915.5,1247664.815686681,"(2323, 2999, 180)","(2323.0, 2999.0, 180)"
489,163,0,x2_x1,0.0,0.0,0.0,"(2122, 1622, 0)","(2122.0, 1622.0, 0)"
490,163,1,x1_x1,0.0,0.0,0.0,"(2464, 1046, 0)","(3994.0, 1046.0, 0)"
491,163,2,x3_x1,-36558.61657965424,35463.0,1200375.689613257,"(1963, 5963, 90)","(1963.0, 5963.0, 90)"
492,164,0,x3_x1,0.0,0.0,0.0,"(3269, 2337, 180)","(3269.0, 2337.0, 180)"
493,164,1,x1_x1,0.0,0.0,0.0,"(4100, 1028, 270)","(4100.0, 692.0, 270)"
494,164,2,x2_x1,-43214.262915794134,41745.0,2158733.515727872,"(656, 2605, 270)","(656.0, 2605.0, 270)"
495,165,0,x1_x1,0.0,0.0,0.0,"(1552, 1318, 90)","(1552.0, 1318.0, 90)"
496,165,1,x3_x1,0.0,0.0,0.0,"(4867, 4508, 180)","(4867.0, 4508.0, 180)"
497,165,2,x2_x1,-46407.75445070641,45063.5,1807020.0282439908,"(1127, 5672, 180)","(1127.0, 5672.0, 180)"
498,166,0,x3_x1,0.0,0.0,0.0,"(3915, 3362, 270)","(3915.0, 3362.0, 270)"
499,166,1,x1_x1,0.0,0.0,0.0,"(1530, 4426, 270)","(1530.0, 4426.0, 270)"
500,166,2,x2_x1,-39453.429087154,38226.0,1506582.1639916985,"(885, 530, 270)","(885.0, 530.0, 270)"
501,167,0,x3_x1,0.0,0.0,0.0,"(5248, 1606, 180)","(5248.0, 1147.0, 180)"
502,167,1,x2_x1,0.0,0.0,0.0,"(2130, 3367, 90)","(2130.0, 3367.0, 90)"
503,167,2,x1_x1,-34234.46389694568,33120.5,1240915.563698402,"(4885, 3500, 0)","(4885.0, 3500.0, 0)"
504,168,0,x3_x1,0.0,0.0,0.0,"(4208, 5277, 270)","(4208.0, 5277.0, 270)"
505,168,1,x2_x1,0.0,0.0,0.0,"(786, 5100, 90)","(786.0, 5100.0, 90)"
506,168,2,x1_x1,-45436.44939049666,43854.5,2502563.874092757,"(4853, 3022, 90)","(4853.0, 3022.0, 90)"
507,169,0,x3_x1,0.0,0.0,0.0,"(141, 1807, 0)","(-37.0, 1807.0, 0)"
508,169,1,x2_x1,0.0,0.0,0.0,"(1050, 2799, 270)","(1050.0, 2799.0, 270)"
509,169,2,x1_x1,-26272.256837887435,25385.0,787224.6963780104,"(728, 4141, 270)","(728.0, 4671.0, 270)"
510,170,0,x1_x1,0.0,0.0,0.0,"(4415, 5783, 180)","(4415.0, 5783.0, 180)"
511,170,1,x2_x1,0.0,0.0,0.0,"(4925, 2014, 180)","(4925.0, 2014.0, 180)"
512,170,2,x3_x1,-45495.75220509956,44240.5,1575658.098407319,"(613, 4342, 0)","(613.0, 4342.0, 0)"
513,171,0,x2_x1,0.0,0.0,0.0,"(406, 507, 180)","(406.0, 507.0, 180)"
514,171,1,x1_x1,0.0,0.0,0.0,"(4833, 5785, 270)","(4833.0, 5785.0, 270)"
515,171,2,x3_x1,-67146.66734592957,65159.5,3948834.0607287614,"(641, 5640, 270)","(641.0, 5640.0, 270)"
516,172,0,x3_x1,0.0,0.0,0.0,"(1019, 645, 180)","(1019.0, 645.0, 180)"
517,172,1,x1_x1,0.0,0.0,0.0,"(3427, 2877, 0)","(3427.0, 2877.0, 0)"
518,172,2,x2_x1,-40361.495506857034,39078.5,1646077.4706153444,"(3612, 5807, 90)","(3612.0, 5807.0, 90)"
519,173,0,x1_x1,0.0,0.0,0.0,"(4710, 426, 270)","(4710.0, 426.0, 270)"
520,173,1,x3_x1,0.0,0.0,0.0,"(5936, 998, 180)","(5936.0, 1944.0, 180)"
521,173,2,x2_x1,-31984.02054050885,30847.0,1292815.709539036,"(5237, 1800, 180)","(5237.0, 3053.0, 180)"
522,174,0,x3_x1,0.0,0.0,0.0,"(1812, 2046, 270)","(1812.0, 2046.0, 270)"
523,174,1,x1_x1,0.0,0.0,0.0,"(4888, 160, 0)","(4888.0, 160.0, 0)"
524,174,2,x2_x1,-42061.66459923763,40806.5,1575438.1711793544,"(5423, 3403, 180)","(5423.0, 3403.0, 180)"
525,175,0,x1_x1,0.0,0.0,0.0,"(1682, 1913, 0)","(1682.0, 1913.0, 0)"
526,175,1,x3_x1,0.0,0.0,0.0,"(3859, 3948, 180)","(3859.0, 3948.0, 180)"
527,175,2,x2_x1,-43270.09990701455,41904.5,1864863.1060381376,"(5709, 2777, 180)","(5709.0, 2777.0, 180)"
528,176,0,x1_x1,0.0,0.0,0.0,"(711, 585, 180)","(711.0, 585.0, 180)"
529,176,1,x3_x1,0.0,0.0,0.0,"(4038, 3132, 0)","(4038.0, 3132.0, 0)"
530,176,2,x2_x1,-47800.98142192711,46274.5,2330145.531488594,"(4885, 2505, 270)","(5252.0, 2505.0, 270)"
531,177,0,x1_x1,0.0,0.0,0.0,"(724, 5735, 180)","(724.0, 5735.0, 180)"
532,177,1,x2_x1,0.0,0.0,0.0,"(5164, 3464, 180)","(5164.0, 3464.0, 180)"
533,177,2,x3_x1,-47373.373114802955,45815.0,2428526.7649406525,"(2611, 5198, 90)","(2611.0, 5198.0, 90)"
534,178,0,x1_x1,0.0,0.0,0.0,"(1646, 37, 90)","(1646.0, -569.0, 90)"
535,178,1,x3_x1,0.0,0.0,0.0,"(89, 4218, 0)","(89.0, 4218.0, 0)"
536,178,2,x2_x1,-34893.58145686782,33799.0,1198108.5657188788,"(256, 992, 180)","(256.0, 992.0, 180)"
537,179,0,x2_x1,0.0,0.0,0.0,"(1519, 3953, 0)","(1519.0, 3953.0, 0)"
538,179,1,x3_x1,0.0,0.0,0.0,"(3651, 4232, 90)","(3651.0, 4232.0, 90)"
539,179,2,x1_x1,-31021.48148345061,30107.5,835362.1520905772,"(1279, 4422, 0)","(-226.0, 4422.0, 0)"
540,180,0,x1_x1,0.0,0.0,0.0,"(2150, 4750, 0)","(2150.0, 4750.0, 0)"
541,180,1,x2_x1,0.0,0.0,0.0,"(453, 3825, 90)","(453.0, 3825.0, 90)"
542,180,2,x3_x1,-39765.91893005555,38615.5,1323463.714630164,"(5851, 2187, 90)","(5851.0, 2187.0, 90)"
543,181,0,x1_x1,0.0,0.0,0.0,"(3502, 5843, 270)","(3502.0, 5843.0, 270)"
544,181,1,x3_x1,0.0,0.0,0.0,"(5255, 2585, 90)","(5255.0, 2585.0, 90)"
545,181,2,x2_x1,-38370.38321328558,37147.0,1496666.4865489604,"(1276, 4713, 90)","(1106.0, 4713.0, 90)"
546,182,0,x1_x1,0.0,0.0,0.0,"(212, 3062, 90)","(212.0, 3062.0, 90)"
547,182,1,x3_x1,0.0,0.0,0.0,"(4874, 5154, 90)","(4874.0, 5154.0, 90)"
548,182,2,x2_x1,-49453.897032802524,47949.5,2263210.432305046,"(4036, 1953, 90)","(4036.0, 1953.0, 90)"
549,183,0,x3_x1,0.0,0.0,0.0,"(3873, 5108, 180)","(3873.0, 5108.0, 180)"
550,183,1,x2_x1,0.0,0.0,0.0,"(4820, 2719, 270)","(4820.0, 2719.0, 270)"
551,183,2,x1_x1,-39134.75844236705,37926.5,1459888.4635512515,"(1166, 2925, 270)","(1166.0, 2925.0, 270)"
552,184,0,x2_x1,0.0,0.0,0.0,"(2526, 2370, 180)","(2526.0, 2370.0, 180)"
553,184,1,x1_x1,0.0,0.0,0.0,"(5006, 425, 180)","(5006.0, 425.0, 180)"
554,184,2,x3_x1,-45415.37274602303,44041.5,1887526.3222648513,"(4860, 5517, 90)","(4860.0, 5517.0, 90)"
555,185,0,x3_x1,0.0,0.0,0.0,"(5518, 4421, 0)","(5518.0, 4421.0, 0)"
556,185,1,x2_x1,0.0,0.0,0.0,"(1406, 1445, 90)","(1406.0, 1445.0, 90)"
557,185,2,x1_x1,-58083.42555701473,56292.5,3207414.35076852,"(4699, 5901, 180)","(4022.0, 5901.0, 180)"
558,186,0,x1_x1,0.0,0.0,0.0,"(4959, 5317, 180)","(3501.0, 5317.0, 180)"
559,186,1,x2_x1,0.0,0.0,0.0,"(3889, 869, 180)","(3889.0, 869.0, 180)"
560,186,2,x3_x1,-42327.126652328254,40900.5,2035263.6051333223,"(5124, 5000, 180)","(5124.0, 5000.0, 180)"
561,187,0,x1_x1,0.0,0.0,0.0,"(4678, 36, 270)","(4678.0, 36.0, 270)"
562,187,1,x3_x1,0.0,0.0,0.0,"(5273, 154, 180)","(5273.0, 1554.0, 180)"
563,187,2,x2_x1,-57655.72985901898,55912.5,3038850.3413753337,"(2555, 5541, 180)","(2555.0, 5541.0, 180)"
564,188,0,x1_x1,0.0,0.0,0.0,"(2608, 3971, 180)","(2608.0, 3971.0, 180)"
565,188,1,x3_x1,0.0,0.0,0.0,"(3055, 4637, 90)","(4253.0, 4637.0, 90)"
566,188,2,x2_x1,-46184.25147441536,44689.5,2234281.9702668833,"(940, 542, 0)","(940.0, 542.0, 0)"
567,189,0,x1_x1,0.0,0.0,0.0,"(4625, 3006, 270)","(4625.0, 3006.0, 270)"
568,189,1,x2_x1,0.0,0.0,0.0,"(3536, 4622, 90)","(3536.0, 4751.0, 90)"
569,189,2,x3_x1,-34357.422667368635,33196.5,1347741.4396103036,"(4715, 558, 90)","(4715.0, 558.0, 90)"
570,190,0,x2_x1,0.0,0.0,0.0,"(4997, 5449, 0)","(4997.0, 5449.0, 0)"
571,190,1,x3_x1,0.0,0.0,0.0,"(1006, 5380, 90)","(1006.0, 5380.0, 90)"
572,190,2,x1_x1,-45869.21102423277,44490.0,1902223.0493652013,"(4118, 1716, 180)","(4118.0, 1716.0, 180)"
573,191,0,x1_x1,0.0,0.0,0.0,"(4303, 2915, 270)","(4303.0, 2915.0, 270)"
574,191,1,x3_x1,0.0,0.0,0.0,"(4103, 4511, 90)","(2786.0, 4511.0, 90)"
575,191,2,x2_x1,-27386.097384490266,26436.5,901735.1926307542,"(3895, 4355, 270)","(3895.0, 4660.0, 270)"
576,192,0,x3_x1,0.0,0.0,0.0,"(4466, 4112, 90)","(4466.0, 4112.0, 90)"
577,192,1,x2_x1,0.0,0.0,0.0,"(1654, 5086, 180)","(1654.0, 5086.0, 180)"
578,192,2,x1_x1,-49493.397893560854,47890.5,2569281.657181827,"(5797, 3930, 270)","(6819.0, 3930.0, 270)"
579,193,0,x3_x1,0.0,0.0,0.0,"(857, 981, 270)","(857.0, 981.0, 270)"
580,193,1,x1_x1,0.0,0.0,0.0,"(284, 1312, 0)","(-788.0, 1312.0, 0)"
581,193,2,x2_x1,-73282.66626935331,71205.0,4316697.12680854,"(5487, 5304, 0)","(5487.0, 5304.0, 0)"
582,194,0,x1_x1,0.0,0.0,0.0,"(349, 5082, 0)","(349.0, 5082.0, 0)"
583,194,1,x2_x1,0.0,0.0,0.0,"(3158, 3684, 0)","(3158.0, 3684.0, 0)"
584,194,2,x3_x1,-38894.58990293127,37617.0,1632235.960071942,"(3434, 3043, 0)","(3434.0, 2448.0, 0)"
585,195,0,x2_x1,0.0,0.0,0.0,"(4932, 746, 180)","(3815.0, 746.0, 180)"
586,195,1,x3_x1,0.0,0.0,0.0,"(5601, 5237, 180)","(5601.0, 5237.0, 180)"
587,195,2,x1_x1,-34426.093714550145,33337.0,1186125.1190726282,"(5687, 971, 0)","(5687.0, 971.0, 0)"
588,196,0,x1_x1,0.0,0.0,0.0,"(4840, 1431, 180)","(4840.0, 1431.0, 180)"
589,196,1,x2_x1,0.0,0.0,0.0,"(223, 1861, 180)","(223.0, 1861.0, 180)"
590,196,2,x3_x1,-50348.78183578627,49076.0,1619973.6015074612,"(1120, 5356, 90)","(1120.0, 5356.0, 90)"
591,197,0,x2_x1,0.0,0.0,0.0,"(4291, 993, 0)","(4291.0, 993.0, 0)"
592,197,1,x3_x1,0.0,0.0,0.0,"(417, 3922, 270)","(417.0, 4118.0, 270)"
593,197,2,x1_x1,-48399.581491643476,46827.5,2471440.216367975,"(362, 2495, 90)","(362.0, 2495.0, 90)"
594,198,0,x2_x1,0.0,0.0,0.0,"(2731, 1798, 270)","(2731.0, 1798.0, 270)"
595,198,1,x3_x1,0.0,0.0,0.0,"(4841, 160, 90)","(4841.0, 160.0, 90)"
596,198,2,x1_x1,-31998.986403053525,30968.5,1061902.2268781892,"(1881, 180, 270)","(1881.0, 53.0, 270)"
597,199,0,x2_x1,0.0,0.0,0.0,"(954, 5530, 180)","(954.0, 5530.0, 180)"
598,199,1,x1_x1,0.0,0.0,0.0,"(1443, 731, 0)","(1443.0, 731.0, 0)"
599,199,2,x3_x1,-45192.86197461622,43711.5,2194433.2998388787,"(1800, 5709, 270)","(2247.0, 5709.0, 270)"
600,200,0,x1_x1,0.0,0.0,0.0,"(2155, 3292, 180)","(2155.0, 3292.0, 180)"
601,200,1,x3_x1,0.0,0.0,0.0,"(430, 4031, 180)","(430.0, 4031.0, 180)"
602,200,2,x2_x1,-37002.75166723879,35640.5,1855729.6048948553,"(2, 5700, 0)","(2.0, 5700.0, 0)"
603,201,0,x2_x1,0.0,0.0,0.0,"(16, 1258, 90)","(16.0, 1258.0, 90)"
604,201,1,x1_x1,0.0,0.0,0.0,"(1811, 5638, 180)","(2669.0, 5638.0, 180)"
605,201,2,x3_x1,-53845.60687806114,52112.0,3005392.807660876,"(1173, 5679, 180)","(1173.0, 5679.0, 180)"
606,202,0,x1_x1,0.0,0.0,0.0,"(2722, 2880, 180)","(2722.0, 2880.0, 180)"
607,202,1,x3_x1,0.0,0.0,0.0,"(1045, 704, 180)","(1045.0, 704.0, 180)"
608,202,2,x2_x1,-35633.39971295111,34503.0,1277803.511039959,"(2265, 5260, 180)","(2265.0, 5276.0, 180)"
609,203,0,x1_x1,0.0,0.0,0.0,"(174, 3286, 90)","(174.0, 3286.0, 90)"
610,203,1,x3_x1,0.0,0.0,0.0,"(4132, 3982, 270)","(4132.0, 3982.0, 270)"
611,203,2,x2_x1,-46265.52226559427,44721.5,2384004.7566508744,"(5475, 2918, 180)","(5475.0, 2918.0, 180)"
612,204,0,x2_x1,0.0,0.0,0.0,"(294, 5091, 0)","(294.0, 5091.0, 0)"
613,204,1,x3_x1,0.0,0.0,0.0,"(2232, 1319, 270)","(2232.0, 1319.0, 270)"
614,204,2,x1_x1,-45994.18075421763,44588.0,1977344.3135320689,"(1090, 522, 90)","(1090.0, -177.0, 90)"
615,205,0,x2_x1,0.0,0.0,0.0,"(3845, 4873, 180)","(3845.0, 4873.0, 180)"
616,205,1,x3_x1,0.0,0.0,0.0,"(3449, 5520, 90)","(3449.0, 6087.0, 90)"
617,205,2,x1_x1,-39270.642595756675,37898.5,1882775.3030898648,"(1918, 1925, 180)","(1918.0, 1925.0, 180)"
618,206,0,x2_x1,0.0,0.0,0.0,"(2880, 3197, 180)","(2880.0, 4153.0, 180)"
619,206,1,x1_x1,0.0,0.0,0.0,"(3651, 1757, 180)","(3651.0, 1757.0, 180)"
620,206,2,x3_x1,-35535.43908538073,34405.5,1276762.3366710413,"(490, 3291, 90)","(490.0, 3291.0, 90)"
621,207,0,x3_x1,0.0,0.0,0.0,"(4770, 5611, 90)","(4770.0, 5611.0, 90)"
622,207,1,x2_x1,0.0,0.0,0.0,"(2424, 244, 180)","(2424.0, 244.0, 180)"
623,207,2,x1_x1,-54099.10326450647,52542.0,2424570.576336696,"(1774, 5784, 180)","(1774.0, 5784.0, 180)"
624,208,0,x3_x1,0.0,0.0,0.0,"(2193, 4772, 180)","(2193.0, 5078.0, 180)"
625,208,1,x1_x1,0.0,0.0,0.0,"(2081, 198, 180)","(2081.0, 198.0, 180)"
626,208,2,x2_x1,-38193.32652762723,36889.0,1701267.6906720991,"(1851, 3842, 180)","(1851.0, 3842.0, 180)"
627,209,0,x1_x1,0.0,0.0,0.0,"(3140, 3309, 0)","(3140.0, 3309.0, 0)"
628,209,1,x2_x1,0.0,0.0,0.0,"(1035, 1705, 270)","(1035.0, 1705.0, 270)"
629,209,2,x3_x1,-29960.703327486175,28801.5,1343752.354455017,"(1208, 4375, 90)","(1208.0, 4375.0, 90)"
630,210,0,x1_x1,0.0,0.0,0.0,"(2425, 3250, 90)","(2425.0, 3250.0, 90)"
631,210,1,x3_x1,0.0,0.0,0.0,"(4443, 2721, 0)","(4756.0, 2721.0, 0)"
632,210,2,x2_x1,-34765.730464503955,33607.0,1342656.2893695482,"(1853, 5762, 270)","(1853.0, 5762.0, 270)"
633,211,0,x3_x1,0.0,0.0,0.0,"(689, 5050, 270)","(689.0, 5050.0, 270)"
634,211,1,x2_x1,0.0,0.0,0.0,"(4112, 717, 0)","(4112.0, 717.0, 0)"
635,211,2,x1_x1,-50456.295256127414,49001.5,2116429.237250837,"(5775, 2814, 90)","(5775.0, 2814.0, 90)"
636,212,0,x2_x1,0.0,0.0,0.0,"(4431, 1835, 90)","(4431.0, 1835.0, 90)"
637,212,1,x3_x1,0.0,0.0,0.0,"(2870, 3034, 180)","(2870.0, 3034.0, 180)"
638,212,2,x1_x1,-38544.74030601852,37214.0,1770869.76206226,"(611, 3187, 270)","(539.0, 3187.0, 270)"
639,213,0,x2_x1,0.0,0.0,0.0,"(1931, 5811, 90)","(1931.0, 5811.0, 90)"
640,213,1,x3_x1,0.0,0.0,0.0,"(1188, 95, 90)","(1188.0, -1224.0, 90)"
641,213,2,x1_x1,-51917.39041845358,50424.0,2230214.9419289622,"(1747, 399, 270)","(1747.0, 399.0, 270)"
642,214,0,x3_x1,0.0,0.0,0.0,"(4858, 2651, 0)","(4858.0, 2651.0, 0)"
643,214,1,x1_x1,0.0,0.0,0.0,"(5463, 476, 270)","(5463.0, 476.0, 270)"
644,214,2,x2_x1,-40468.78116476615,39103.0,1865358.190029988,"(3529, 3627, 0)","(3529.0, 3627.0, 0)"
645,215,0,x2_x1,0.0,0.0,0.0,"(2457, 3711, 90)","(2457.0, 3711.0, 90)"
646,215,1,x3_x1,0.0,0.0,0.0,"(5646, 3829, 90)","(5646.0, 5016.0, 90)"
647,215,2,x1_x1,-41188.48259227453,39836.5,1827856.929813348,"(5912, 2685, 180)","(5912.0, 2685.0, 180)"
648,216,0,x3_x1,0.0,0.0,0.0,"(5603, 4560, 0)","(5603.0, 4560.0, 0)"
649,216,1,x1_x1,0.0,0.0,0.0,"(1075, 1976, 90)","(1075.0, 1689.0, 90)"
650,216,2,x2_x1,-38760.48154751344,37598.5,1350201.1167617189,"(2252, 3434, 270)","(2252.0, 3434.0, 270)"
651,217,0,x2_x1,0.0,0.0,0.0,"(5657, 5535, 0)","(5657.0, 5535.0, 0)"
652,217,1,x1_x1,0.0,0.0,0.0,"(2655, 3614, 0)","(2101.0, 3614.0, 0)"
653,217,2,x3_x1,-44007.881459388926,42537.5,2162021.6361147007,"(3597, 4736, 0)","(3597.0, 4736.0, 0)"
654,218,0,x1_x1,0.0,0.0,0.0,"(990, 3063, 90)","(990.0, 3063.0, 90)"
655,218,1,x2_x1,0.0,0.0,0.0,"(1740, 5337, 180)","(1740.0, 5337.0, 180)"
656,218,2,x3_x1,-27204.40183495623,26175.5,1058638.9859762907,"(343, 5096, 270)","(343.0, 5096.0, 270)"
657,219,0,x3_x1,0.0,0.0,0.0,"(4254, 2833, 270)","(5019.0, 2833.0, 270)"
658,219,1,x2_x1,0.0,0.0,0.0,"(619, 3712, 180)","(86.0, 3712.0, 180)"
659,219,2,x1_x1,-32529.079995170978,31379.0,1322683.9952924782,"(2666, 3255, 90)","(2666.0, 3255.0, 90)"
660,220,0,x2_x1,0.0,0.0,0.0,"(2313, 386, 90)","(2224.0, 386.0, 90)"
661,220,1,x3_x1,0.0,0.0,0.0,"(789, 3868, 180)","(789.0, 3868.0, 180)"
662,220,2,x1_x1,-40210.17297748664,38964.5,1551701.1668404257,"(4620, 779, 90)","(4620.0, 779.0, 90)"
663,221,0,x2_x1,0.0,0.0,0.0,"(2539, 2513, 180)","(2539.0, 3449.0, 180)"
664,221,1,x1_x1,0.0,0.0,0.0,"(2038, 1053, 180)","(2038.0, 1053.0, 180)"
665,221,2,x3_x1,-29710.67262112815,28689.0,1043814.9447628617,"(1555, 1090, 90)","(520.0, 1090.0, 90)"
666,222,0,x3_x1,0.0,0.0,0.0,"(5021, 1892, 0)","(5021.0, 1892.0, 0)"
667,222,1,x1_x1,0.0,0.0,0.0,"(2531, 3840, 270)","(2531.0, 3840.0, 270)"
668,222,2,x2_x1,-43195.808848636996,41790.0,1976298.518906071,"(1279, 51, 90)","(1279.0, 51.0, 90)"
669,223,0,x2_x1,0.0,0.0,0.0,"(2125, 936, 180)","(2125.0, 936.0, 180)"
670,223,1,x3_x1,0.0,0.0,0.0,"(3424, 5679, 270)","(3424.0, 5679.0, 270)"
671,223,2,x1_x1,-46306.66920380919,44888.0,2012622.309836612,"(2210, 5907, 0)","(1779.0, 5907.0, 0)"
672,224,0,x2_x1,0.0,0.0,0.0,"(4266, 5699, 0)","(4266.0, 5699.0, 0)"
673,224,1,x1_x1,0.0,0.0,0.0,"(5065, 1427, 270)","(5065.0, 1427.0, 270)"
674,224,2,x3_x1,-56217.15475644399,54705.0,2286612.0074361754,"(332, 689, 270)","(332.0, 689.0, 270)"
675,225,0,x3_x1,0.0,0.0,0.0,"(5735, 17, 90)","(5735.0, 17.0, 90)"
676,225,1,x1_x1,0.0,0.0,0.0,"(2373, 1605, 270)","(2373.0, 1605.0, 270)"
677,225,2,x2_x1,-39556.37365706051,38249.5,1707918.7555187226,"(3896, 2692, 180)","(3896.0, 3166.0, 180)"
678,226,0,x2_x1,0.0,0.0,0.0,"(257, 1301, 180)","(257.0, 1301.0, 180)"
679,226,1,x3_x1,0.0,0.0,0.0,"(2287, 5769, 270)","(2287.0, 5769.0, 270)"
680,226,2,x1_x1,-37235.60588764139,36048.5,1409220.38847284,"(780, 3445, 90)","(780.0, 3445.0, 90)"
681,227,0,x3_x1,0.0,0.0,0.0,"(4405, 1518, 0)","(4157.0, 1518.0, 0)"
682,227,1,x1_x1,0.0,0.0,0.0,"(5617, 4090, 270)","(5617.0, 4090.0, 270)"
683,227,2,x2_x1,-29077.105570658252,28020.0,1117472.1875167112,"(5555, 1671, 180)","(5555.0, 1671.0, 180)"
684,228,0,x2_x1,0.0,0.0,0.0,"(2023, 1021, 270)","(2023.0, 1021.0, 270)"
685,228,1,x3_x1,0.0,0.0,0.0,"(4854, 4214, 0)","(4854.0, 4214.0, 0)"
686,228,2,x1_x1,-52549.37250251882,50875.0,2803523.277191128,"(4421, 5798, 90)","(4421.0, 5859.0, 90)"
687,229,0,x2_x1,0.0,0.0,0.0,"(4913, 5200, 180)","(4913.0, 5200.0, 180)"
688,229,1,x3_x1,0.0,0.0,0.0,"(5628, 561, 180)","(5628.0, 282.0, 180)"
689,229,2,x1_x1,-33850.77854039274,32625.0,1502533.0300873609,"(4711, 2635, 180)","(4711.0, 2635.0, 180)"
690,230,0,x1_x1,0.0,0.0,0.0,"(2735, 4123, 180)","(2735.0, 4123.0, 180)"
691,230,1,x3_x1,0.0,0.0,0.0,"(2658, 1352, 270)","(2658.0, 1352.0, 270)"
692,230,2,x2_x1,-33552.11043415765,32297.0,1575302.201931413,"(3396, 1037, 270)","(3767.0, 1037.0, 270)"
693,231,0,x2_x1,0.0,0.0,0.0,"(34, 3129, 0)","(-488.0, 3129.0, 0)"
694,231,1,x1_x1,0.0,0.0,0.0,"(1257, 4396, 180)","(1257.0, 4396.0, 180)"
695,231,2,x3_x1,-33271.58177828743,32092.5,1390233.8398894512,"(2164, 4738, 90)","(2902.0, 4738.0, 90)"
696,232,0,x1_x1,0.0,0.0,0.0,"(4622, 1941, 270)","(4622.0, 1941.0, 270)"
697,232,1,x2_x1,0.0,0.0,0.0,"(3919, 5610, 180)","(3919.0, 5610.0, 180)"
698,232,2,x3_x1,-44211.39459361796,42847.5,1860208.4625002935,"(2587, 1538, 180)","(2291.0, 1538.0, 180)"
699,233,0,x2_x1,0.0,0.0,0.0,"(4416, 2936, 90)","(3337.0, 2936.0, 90)"
700,233,1,x3_x1,0.0,0.0,0.0,"(5485, 3392, 90)","(6543.0, 3392.0, 90)"
701,233,2,x1_x1,-27931.133213082125,26972.0,919936.5204372416,"(5025, 2777, 0)","(5025.0, 2777.0, 0)"
702,234,0,x3_x1,0.0,0.0,0.0,"(5508, 4415, 270)","(6037.0, 4415.0, 270)"
703,234,1,x1_x1,0.0,0.0,0.0,"(3684, 4202, 90)","(3684.0, 4202.0, 90)"
704,234,2,x2_x1,-50293.93511971257,48696.5,2551798.9616911197,"(308, 1583, 270)","(308.0, 1583.0, 270)"
705,235,0,x2_x1,0.0,0.0,0.0,"(2952, 3991, 0)","(2952.0, 3991.0, 0)"
706,235,1,x3_x1,0.0,0.0,0.0,"(1838, 5965, 0)","(1838.0, 5965.0, 0)"
707,235,2,x1_x1,-47594.24971135586,46104.0,2220844.202196204,"(947, 366, 180)","(947.0, 366.0, 180)"
708,236,0,x2_x1,0.0,0.0,0.0,"(2200, 2081, 0)","(2200.0, 2081.0, 0)"
709,236,1,x3_x1,0.0,0.0,0.0,"(239, 5711, 180)","(239.0, 5711.0, 180)"
710,236,2,x1_x1,-45867.39345690651,44408.5,2128370.1186046153,"(4426, 3888, 90)","(4426.0, 3888.0, 90)"
711,237,0,x1_x1,0.0,0.0,0.0,"(2474, 2270, 180)","(2474.0, 2270.0, 180)"
712,237,1,x2_x1,0.0,0.0,0.0,"(3407, 997, 270)","(4162.0, 997.0, 270)"
713,237,2,x3_x1,-30437.549940694447,29364.0,1152509.4751650486,"(1225, 3139, 0)","(978.0, 3139.0, 0)"
714,238,0,x3_x1,0.0,0.0,0.0,"(4343, 2686, 90)","(4343.0, 2686.0, 90)"
715,238,1,x1_x1,0.0,0.0,0.0,"(1022, 1733, 180)","(1022.0, 1733.0, 180)"
716,238,2,x2_x1,-45125.39360376591,43572.5,2411478.5446170713,"(4351, 4780, 90)","(4351.0, 4780.0, 90)"
717,239,0,x3_x1,0.0,0.0,0.0,"(4730, 5464, 0)","(4730.0, 5464.0, 0)"
718,239,1,x2_x1,0.0,0.0,0.0,"(863, 4837, 180)","(863.0, 5052.0, 180)"
719,239,2,x1_x1,-34135.37342049688,32935.5,1439696.2252148814,"(2920, 3364, 90)","(2920.0, 3364.0, 90)"
720,240,0,x3_x1,0.0,0.0,0.0,"(5025, 3106, 0)","(5025.0, 3106.0, 0)"
721,240,1,x2_x1,0.0,0.0,0.0,"(5170, 4575, 270)","(5170.0, 4575.0, 270)"
722,240,2,x1_x1,-41038.996468273006,39611.0,2039173.913400172,"(3056, 1553, 270)","(3056.0, 1553.0, 270)"
723,241,0,x1_x1,0.0,0.0,0.0,"(1650, 1345, 90)","(1650.0, 1345.0, 90)"
724,241,1,x3_x1,0.0,0.0,0.0,"(3986, 3681, 270)","(3986.0, 3681.0, 270)"
725,241,2,x2_x1,-39783.54344194862,38487.0,1681024.8968599716,"(4679, 701, 90)","(4679.0, 701.0, 90)"
726,242,0,x2_x1,0.0,0.0,0.0,"(2179, 375, 270)","(2179.0, 375.0, 270)"
727,242,1,x3_x1,0.0,0.0,0.0,"(4630, 1770, 180)","(4630.0, 1770.0, 180)"
728,242,2,x1_x1,-40163.41592593651,38898.5,1600012.2996878207,"(676, 3290, 180)","(676.0, 3290.0, 180)"
729,243,0,x2_x1,0.0,0.0,0.0,"(2154, 928, 0)","(2154.0, 928.0, 0)"
730,243,1,x3_x1,0.0,0.0,0.0,"(125, 5006, 90)","(125.0, 5006.0, 90)"
731,243,2,x1_x1,-42591.36736110263,41281.5,1715752.503681972,"(3836, 2740, 270)","(3836.0, 2740.0, 270)"
732,244,0,x2_x1,0.0,0.0,0.0,"(498, 3359, 180)","(498.0, 4205.0, 180)"
733,244,1,x3_x1,0.0,0.0,0.0,"(3665, 2869, 0)","(3842.0, 2869.0, 0)"
734,244,2,x1_x1,-31312.917644820467,30208.0,1220843.0018356044,"(1511, 2644, 270)","(1511.0, 2644.0, 270)"
735,245,0,x3_x1,0.0,0.0,0.0,"(1558, 315, 90)","(1558.0, 315.0, 90)"
736,245,1,x2_x1,0.0,0.0,0.0,"(4913, 785, 180)","(4913.0, 423.0, 180)"
737,245,2,x1_x1,-34991.397118357585,33858.5,1283455.8807829227,"(4451, 2819, 0)","(4451.0, 2819.0, 0)"
738,246,0,x2_x1,0.0,0.0,0.0,"(4388, 666, 180)","(4388.0, 666.0, 180)"
739,246,1,x1_x1,0.0,0.0,0.0,"(5386, 3878, 90)","(5386.0, 3878.0, 90)"
740,246,2,x3_x1,-39805.17580852384,38521.0,1649107.5071978606,"(4190, 308, 90)","(4190.0, -421.0, 90)"
741,247,0,x3_x1,0.0,0.0,0.0,"(5077, 3189, 90)","(5077.0, 3189.0, 90)"
742,247,1,x2_x1,0.0,0.0,0.0,"(1444, 4658, 0)","(1444.0, 4658.0, 0)"
743,247,2,x1_x1,-40482.368606042655,39281.0,1443286.5275848662,"(1210, 1612, 90)","(1210.0, 1612.0, 90)"
744,248,0,x2_x1,0.0,0.0,0.0,"(2157, 5532, 0)","(2157.0, 5532.0, 0)"
745,248,1,x1_x1,0.0,0.0,0.0,"(4470, 2313, 270)","(4470.0, 2313.0, 270)"
746,248,2,x3_x1,-47582.826426989064,46079.5,2259990.3460837053,"(3959, 547, 270)","(3959.0, 547.0, 270)"
747,249,0,x2_x1,0.0,0.0,0.0,"(390, 3331, 270)","(390.0, 3331.0, 270)"
748,249,1,x1_x1,0.0,0.0,0.0,"(434, 1264, 90)","(434.0, 1264.0, 90)"
749,249,2,x3_x1,-32141.49865945884,31071.5,1144897.131243714,"(3416, 2222, 90)","(3416.0, 2222.0, 90)"
750,250,0,x1_x1,0.0,0.0,0.0,"(4922, 2636, 0)","(4922.0, 2636.0, 0)"
751,250,1,x3_x1,0.0,0.0,0.0,"(799, 5400, 90)","(799.0, 5400.0, 90)"
752,250,2,x2_x1,-46640.54480451904,45315.5,1755743.7339828988,"(5687, 785, 270)","(5687.0, 56.0, 270)"
753,251,0,x2_x1,0.0,0.0,0.0,"(1721, 4007, 0)","(1721.0, 4007.0, 0)"
754,251,1,x1_x1,0.0,0.0,0.0,"(5583, 4460, 270)","(5583.0, 4460.0, 270)"
755,251,2,x3_x1,-38880.619150671635,37595.0,1652816.600573664,"(5965, 5761, 90)","(5965.0, 5956.0, 90)"
756,252,0,x1_x1,0.0,0.0,0.0,"(750, 4368, 0)","(504.0, 4368.0, 0)"
757,252,1,x3_x1,0.0,0.0,0.0,"(2127, 4961, 180)","(2127.0, 4961.0, 180)"
758,252,2,x2_x1,-32043.181027040726,30920.5,1260412.6884772182,"(3112, 4286, 180)","(3398.0, 4286.0, 180)"
759,253,0,x3_x1,0.0,0.0,0.0,"(660, 3660, 90)","(660.0, 3660.0, 90)"
760,253,1,x1_x1,0.0,0.0,0.0,"(2492, 644, 0)","(2492.0, 644.0, 0)"
761,253,2,x2_x1,-47062.884559336184,45566.0,2240663.383979091,"(2611, 5465, 0)","(2611.0, 5465.0, 0)"
762,254,0,x2_x1,0.0,0.0,0.0,"(4084, 4357, 90)","(4084.0, 4357.0, 90)"
763,254,1,x1_x1,0.0,0.0,0.0,"(788, 223, 180)","(788.0, 223.0, 180)"
764,254,2,x3_x1,-50821.448241930135,49140.5,2825586.992048017,"(3513, 2822, 90)","(3513.0, 2822.0, 90)"
765,255,0,x3_x1,0.0,0.0,0.0,"(3724, 88, 0)","(3724.0, 88.0, 0)"
766,255,1,x2_x1,0.0,0.0,0.0,"(4622, 3395, 270)","(4622.0, 3395.0, 270)"
767,255,2,x1_x1,-42436.335235561084,41104.0,1775117.1799176116,"(1233, 2680, 90)","(1233.0, 2680.0, 90)"
768,256,0,x2_x1,0.0,0.0,0.0,"(8, 1448, 0)","(-102.0, 1448.0, 0)"
769,256,1,x3_x1,0.0,0.0,0.0,"(1191, 2017, 90)","(1191.0, 2123.0, 90)"
770,256,2,x1_x1,-34265.9925457616,33077.5,1412514.5313308756,"(2840, 627, 270)","(2840.0, 627.0, 270)"
771,257,0,x2_x1,0.0,0.0,0.0,"(5549, 5587, 180)","(5549.0, 5587.0, 180)"
772,257,1,x1_x1,0.0,0.0,0.0,"(198, 4919, 90)","(197.0, 4919.0, 90)"
773,257,2,x3_x1,-47924.21320334952,46444.0,2191031.1273702565,"(2528, 3931, 180)","(2528.0, 3931.0, 180)"
774,258,0,x2_x1,0.0,0.0,0.0,"(5671, 1125, 270)","(5671.0, 1125.0, 270)"
775,258,1,x1_x1,0.0,0.0,0.0,"(3007, 3663, 180)","(3007.0, 3663.0, 180)"
776,258,2,x3_x1,-43687.39350984151,42190.5,2240690.17980564,"(5631, 378, 270)","(5631.0, -146.0, 270)"
777,259,0,x1_x1,0.0,0.0,0.0,"(5927, 328, 0)","(5927.0, 328.0, 0)"
778,259,1,x3_x1,0.0,0.0,0.0,"(3194, 4900, 0)","(3194.0, 4900.0, 0)"
779,259,2,x2_x1,-58817.382171255354,57012.0,3259404.7842866913,"(1695, 3584, 90)","(1695.0, 3584.0, 90)"
780,260,0,x3_x1,0.0,0.0,0.0,"(837, 308, 90)","(837.0, 308.0, 90)"
781,260,1,x2_x1,0.0,0.0,0.0,"(4142, 5435, 270)","(4142.0, 5435.0, 270)"
782,260,2,x1_x1,-49399.03740411123,47917.0,2196434.8671847614,"(3033, 699, 180)","(3033.0, 699.0, 180)"
783,261,0,x2_x1,0.0,0.0,0.0,"(259, 5800, 180)","(259.0, 5800.0, 180)"
784,261,1,x3_x1,0.0,0.0,0.0,"(2838, 5233, 90)","(2838.0, 5233.0, 90)"
785,261,2,x1_x1,-46402.098868652465,44914.0,2214438.242884749,"(1180, 1546, 180)","(1180.0, 1546.0, 180)"
786,262,0,x1_x1,0.0,0.0,0.0,"(5331, 3730, 270)","(5331.0, 3730.0, 270)"
787,262,1,x2_x1,0.0,0.0,0.0,"(1064, 5402, 90)","(1064.0, 5402.0, 90)"
788,262,2,x3_x1,-52095.05362944505,50515.5,2494989.6682930314,"(4541, 1403, 270)","(4541.0, 1403.0, 270)"
789,263,0,x2_x1,0.0,0.0,0.0,"(3267, 2063, 180)","(3267.0, 2063.0, 180)"
790,263,1,x1_x1,0.0,0.0,0.0,"(2071, 4315, 270)","(2071.0, 4315.0, 270)"
791,263,2,x3_x1,-34758.75958490821,33595.5,1353172.8618808354,"(1291, 216, 180)","(1291.0, 216.0, 180)"
792,264,0,x3_x1,0.0,0.0,0.0,"(2849, 400, 180)","(2866.0, 400.0, 180)"
793,264,1,x1_x1,0.0,0.0,0.0,"(535, 1618, 90)","(535.0, 1618.0, 90)"
794,264,2,x2_x1,-40719.43906943975,39262.0,2124128.641129411,"(2950, 293, 270)","(3953.0, 293.0, 270)"
795,265,0,x3_x1,0.0,0.0,0.0,"(1739, 2388, 180)","(1739.0, 2388.0, 180)"
796,265,1,x2_x1,0.0,0.0,0.0,"(5119, 766, 180)","(5119.0, 766.0, 180)"
797,265,2,x1_x1,-37330.15499287502,36219.5,1233554.5131982001,"(5325, 107, 0)","(6864.0, 107.0, 0)"
798,266,0,x3_x1,0.0,0.0,0.0,"(5947, 2808, 270)","(5947.0, 2808.0, 270)"
799,266,1,x2_x1,0.0,0.0,0.0,"(228, 5184, 270)","(-1509.0, 5184.0, 270)"
800,266,2,x1_x1,-45129.0447473473,43836.5,1670671.923895095,"(887, 5212, 270)","(887.0, 5212.0, 270)"
801,267,0,x2_x1,0.0,0.0,0.0,"(5674, 5198, 90)","(5674.0, 5198.0, 90)"
802,267,1,x1_x1,0.0,0.0,0.0,"(4842, 336, 0)","(4842.0, 336.0, 0)"
803,267,2,x3_x1,-54491.81358851201,52951.0,2374106.5145432474,"(1231, 222, 90)","(1231.0, 222.0, 90)"
804,268,0,x2_x1,0.0,0.0,0.0,"(498, 1136, 0)","(498.0, 1136.0, 0)"
805,268,1,x1_x1,0.0,0.0,0.0,"(4657, 5645, 270)","(4657.0, 5645.0, 270)"
806,268,2,x3_x1,-64202.86925314911,62335.5,3487067.9276066595,"(5002, 5886, 90)","(5002.0, 7141.0, 90)"
807,269,0,x3_x1,0.0,0.0,0.0,"(3258, 5179, 180)","(3258.0, 5179.0, 180)"
808,269,1,x2_x1,0.0,0.0,0.0,"(4025, 3460, 0)","(4025.0, 3460.0, 0)"
809,269,2,x1_x1,-38796.347012978884,37581.5,1475853.264943725,"(4560, 733, 270)","(4560.0, 733.0, 270)"
810,270,0,x1_x1,0.0,0.0,0.0,"(1303, 2183, 270)","(1303.0, 2183.0, 270)"
811,270,1,x3_x1,0.0,0.0,0.0,"(4189, 2047, 90)","(4189.0, 2047.0, 90)"
812,270,2,x2_x1,-38344.234081847535,37174.0,1369447.8063175417,"(511, 4794, 0)","(511.0, 4794.0, 0)"
813,271,0,x1_x1,0.0,0.0,0.0,"(3667, 99, 90)","(3667.0, 99.0, 90)"
814,271,1,x2_x1,0.0,0.0,0.0,"(2944, 2597, 0)","(2944.0, 2597.0, 0)"
815,271,2,x3_x1,-35503.71654065544,34409.0,1198404.304384609,"(3562, 4971, 0)","(3562.0, 4971.0, 0)"
816,272,0,x1_x1,0.0,0.0,0.0,"(3311, 2803, 90)","(3311.0, 2803.0, 90)"
817,272,1,x2_x1,0.0,0.0,0.0,"(1827, 2908, 90)","(915.0, 2908.0, 90)"
818,272,2,x3_x1,-31465.170187850927,30298.0,1362286.2474079644,"(5777, 2954, 0)","(5777.0, 2954.0, 0)"
819,273,0,x2_x1,0.0,0.0,0.0,"(33, 2197, 90)","(33.0, 2197.0, 90)"
820,273,1,x1_x1,0.0,0.0,0.0,"(5184, 251, 90)","(5234.0, 251.0, 90)"
821,273,2,x3_x1,-49223.21342764964,47623.0,2560683.014030228,"(3008, 1131, 270)","(3008.0, 1131.0, 270)"
822,274,0,x3_x1,0.0,0.0,0.0,"(5825, 3580, 0)","(5825.0, 3580.0, 0)"
823,274,1,x1_x1,0.0,0.0,0.0,"(745, 5146, 0)","(745.0, 5146.0, 0)"
824,274,2,x2_x1,-44925.93669379816,43507.0,2013381.3410068615,"(3971, 3390, 0)","(3971.0, 3390.0, 0)"
825,275,0,x1_x1,0.0,0.0,0.0,"(1618, 5355, 270)","(1618.0, 5355.0, 270)"
826,275,1,x2_x1,0.0,0.0,0.0,"(2775, 3214, 180)","(2775.0, 3214.0, 180)"
827,275,2,x3_x1,-34544.19502150328,33380.5,1354186.1030715127,"(5394, 4536, 180)","(5394.0, 4536.0, 180)"
828,276,0,x1_x1,0.0,0.0,0.0,"(1544, 149, 0)","(1544.0, 149.0, 0)"
829,276,1,x3_x1,0.0,0.0,0.0,"(265, 1339, 0)","(-79.0, 1339.0, 0)"
830,276,2,x2_x1,-39109.09753995172,37831.0,1633533.3216306292,"(4612, 600, 180)","(4612.0, 600.0, 180)"
831,277,0,x1_x1,0.0,0.0,0.0,"(3502, 3273, 270)","(3502.0, 3273.0, 270)"
832,277,1,x3_x1,0.0,0.0,0.0,"(5487, 3260, 270)","(5855.0, 3260.0, 270)"
833,277,2,x2_x1,-46852.61066639207,45331.5,2313777.6594117377,"(862, 87, 0)","(862.0, 87.0, 0)"
834,278,0,x1_x1,0.0,0.0,0.0,"(2945, 2328, 180)","(2945.0, 2328.0, 180)"
835,278,1,x2_x1,0.0,0.0,0.0,"(2712, 2975, 90)","(1384.0, 2975.0, 90)"
836,278,2,x3_x1,-27538.222025371942,26527.0,1022569.9845973367,"(1606, 3192, 180)","(1449.0, 4268.0, 180)"
837,279,0,x1_x1,0.0,0.0,0.0,"(4245, 1363, 90)","(4245.0, 1363.0, 90)"
838,279,1,x2_x1,0.0,0.0,0.0,"(4694, 2264, 270)","(4694.0, 3235.0, 270)"
839,279,2,x3_x1,-30158.535076202024,29099.0,1122614.5777024273,"(5479, 1214, 90)","(6598.0, 1214.0, 90)"
840,280,0,x3_x1,0.0,0.0,0.0,"(2429, 1704, 0)","(2429.0, 1704.0, 0)"
841,280,1,x2_x1,0.0,0.0,0.0,"(122, 385, 270)","(122.0, 385.0, 270)"
842,280,2,x1_x1,-47700.31079478322,46094.0,2580234.369437096,"(3394, 3711, 0)","(3394.0, 4057.0, 0)"
843,281,0,x3_x1,0.0,0.0,0.0,"(907, 1908, 180)","(907.0, 1908.0, 180)"
844,281,1,x1_x1,0.0,0.0,0.0,"(3809, 3719, 0)","(4287.0, 3719.0, 0)"
845,281,2,x2_x1,-30323.2961647041,29307.0,1032857.8943922687,"(2599, 3767, 270)","(2599.0, 3767.0, 270)"
846,282,0,x2_x1,0.0,0.0,0.0,"(5377, 10, 180)","(5377.0, -809.0, 180)"
847,282,1,x3_x1,0.0,0.0,0.0,"(5436, 1242, 90)","(5992.0, 1242.0, 90)"
848,282,2,x1_x1,-31395.04512106018,30226.0,1366666.495074611,"(4347, 1587, 180)","(4347.0, 1587.0, 180)"
849,283,0,x1_x1,0.0,0.0,0.0,"(1429, 1508, 270)","(1429.0, 1508.0, 270)"
850,283,1,x3_x1,0.0,0.0,0.0,"(3956, 4873, 270)","(3956.0, 4873.0, 270)"
851,283,2,x2_x1,-37891.15394471592,36720.0,1371601.5622236605,"(1349, 4300, 180)","(1349.0, 4300.0, 180)"
852,284,0,x3_x1,0.0,0.0,0.0,"(499, 513, 270)","(257.0, 513.0, 270)"
853,284,1,x1_x1,0.0,0.0,0.0,"(1902, 1249, 0)","(1902.0, 1249.0, 0)"
854,284,2,x2_x1,-30983.647756946048,29854.0,1276104.0547732355,"(1717, 3238, 180)","(1717.0, 3645.0, 180)"
855,285,0,x3_x1,0.0,0.0,0.0,"(1280, 196, 90)","(1280.0, -543.0, 90)"
856,285,1,x1_x1,0.0,0.0,0.0,"(2178, 1788, 0)","(2178.0, 1788.0, 0)"
857,285,2,x2_x1,-31868.011505922044,30720.0,1317930.4177294008,"(2164, 2710, 180)","(2164.0, 4184.0, 180)"
858,286,0,x2_x1,0.0,0.0,0.0,"(3500, 2581, 90)","(3500.0, 2581.0, 90)"
859,286,1,x3_x1,0.0,0.0,0.0,"(2858, 4978, 270)","(2858.0, 4978.0, 270)"
860,286,2,x1_x1,-36010.95012410362,34776.0,1525101.8090235363,"(719, 2700, 90)","(719.0, 2700.0, 90)"
861,287,0,x3_x1,0.0,0.0,0.0,"(5004, 382, 180)","(5004.0, -167.0, 180)"
862,287,1,x2_x1,0.0,0.0,0.0,"(514, 1048, 90)","(514.0, 1048.0, 90)"
863,287,2,x1_x1,-50842.866616593135,49360.0,2198893.4026063806,"(5286, 2186, 180)","(5286.0, 2186.0, 180)"
864,288,0,x2_x1,0.0,0.0,0.0,"(91, 2592, 270)","(-912.0, 2592.0, 270)"
865,288,1,x3_x1,0.0,0.0,0.0,"(2309, 1114, 0)","(2309.0, 1114.0, 0)"
866,288,2,x1_x1,-30286.463362617564,29229.5,1117171.5499158264,"(649, 2157, 180)","(649.0, 2157.0, 180)"
867,289,0,x1_x1,0.0,0.0,0.0,"(2867, 5883, 180)","(2867.0, 5883.0, 180)"
868,289,1,x2_x1,0.0,0.0,0.0,"(3028, 2734, 90)","(3028.0, 2734.0, 90)"
869,289,2,x3_x1,-39704.11933882878,38550.5,1330837.5789197516,"(801, 1475, 270)","(801.0, 1475.0, 270)"
870,290,0,x3_x1,0.0,0.0,0.0,"(665, 5509, 180)","(665.0, 5509.0, 180)"
871,290,1,x2_x1,0.0,0.0,0.0,"(4346, 4707, 0)","(4346.0, 4707.0, 0)"
872,290,2,x1_x1,-47122.53197219011,45564.5,2427463.626366604,"(1427, 1990, 270)","(1427.0, 1990.0, 270)"
873,291,0,x1_x1,0.0,0.0,0.0,"(19, 118, 0)","(19.0, 118.0, 0)"
874,291,1,x3_x1,0.0,0.0,0.0,"(5061, 4926, 90)","(5061.0, 4926.0, 90)"
875,291,2,x2_x1,-67458.59904047984,65509.0,3800936.418639915,"(3573, 4884, 180)","(3573.0, 4884.0, 180)"
876,292,0,x2_x1,0.0,0.0,0.0,"(5461, 569, 270)","(5461.0, 569.0, 270)"
877,292,1,x3_x1,0.0,0.0,0.0,"(3931, 4117, 270)","(3931.0, 4117.0, 270)"
878,292,2,x1_x1,-58377.34636174434,56574.5,3250255.004054806,"(414, 3016, 90)","(414.0, 3016.0, 90)"
879,293,0,x1_x1,0.0,0.0,0.0,"(3776, 5047, 0)","(3776.0, 5047.0, 0)"
880,293,1,x3_x1,0.0,0.0,0.0,"(3622, 917, 90)","(3622.0, 479.0, 90)"
881,293,2,x2_x1,-37732.23887818061,36453.0,1636452.1074487853,"(2482, 1693, 0)","(2482.0, 1693.0, 0)"
882,294,0,x1_x1,0.0,0.0,0.0,"(5633, 1489, 0)","(5633.0, 1489.0, 0)"
883,294,1,x3_x1,0.0,0.0,0.0,"(2266, 4151, 270)","(1323.0, 4151.0, 270)"
884,294,2,x2_x1,-48183.76359847835,46652.5,2344768.2080248506,"(2743, 4540, 180)","(2743.0, 4540.0, 180)"
885,295,0,x2_x1,0.0,0.0,0.0,"(2106, 3092, 90)","(2106.0, 3092.0, 90)"
886,295,1,x3_x1,0.0,0.0,0.0,"(2579, 1121, 270)","(2579.0, 1121.0, 270)"
887,295,2,x1_x1,-42114.01425307705,40817.0,1682245.9726850262,"(5622, 4119, 90)","(5622.0, 4119.0, 90)"
888,296,0,x1_x1,0.0,0.0,0.0,"(2176, 5856, 270)","(2176.0, 5980.0, 270)"
889,296,1,x2_x1,0.0,0.0,0.0,"(2216, 4292, 180)","(2216.0, 4292.0, 180)"
890,296,2,x3_x1,-29097.68135085909,28130.5,935439.765449611,"(1462, 2180, 90)","(1462.0, 2180.0, 90)"
891,297,0,x3_x1,0.0,0.0,0.0,"(2240, 3056, 270)","(2240.0, 3056.0, 270)"
892,297,1,x2_x1,0.0,0.0,0.0,"(4437, 3245, 90)","(4437.0, 3245.0, 90)"
893,297,2,x1_x1,-41785.49564320617,40371.5,1999383.679006034,"(777, 3837, 90)","(777.0, 4679.0, 90)"
894,298,0,x3_x1,0.0,0.0,0.0,"(2333, 2398, 270)","(2333.0, 2992.0, 270)"
895,298,1,x1_x1,0.0,0.0,0.0,"(1615, 1369, 90)","(1615.0, 1369.0, 90)"
896,298,2,x2_x1,-24168.267656910877,23193.5,950171.9849595245,"(705, 1563, 180)","(705.0, 3057.0, 180)"
897,299,0,x3_x1,0.0,0.0,0.0,"(1352, 4067, 270)","(1352.0, 4067.0, 270)"
898,299,1,x2_x1,0.0,0.0,0.0,"(128, 3002, 90)","(116.0, 3002.0, 90)"
899,299,2,x1_x1,-35653.55593840888,34354.0,1688845.6370537772,"(1970, 5006, 0)","(2870.0, 5006.0, 0)"
900,300,0,x2_x1,0.0,0.0,0.0,"(62, 4734, 270)","(62.0, 4734.0, 270)"
901,300,1,x1_x1,0.0,0.0,0.0,"(4374, 4136, 270)","(4374.0, 4136.0, 270)"
902,300,2,x3_x1,-54160.3384410908,52640.5,2309908.8870173013,"(5677, 97, 180)","(5677.0, 97.0, 180)"
903,301,0,x1_x1,0.0,0.0,0.0,"(3371, 1451, 180)","(4248.0, 1451.0, 180)"
904,301,1,x3_x1,0.0,0.0,0.0,"(2603, 2590, 90)","(2603.0, 2590.0, 90)"
905,301,2,x2_x1,-39437.94223447445,38139.5,1685952.236267,"(4614, 5311, 270)","(4614.0, 5311.0, 270)"
906,302,0,x2_x1,0.0,0.0,0.0,"(4100, 3974, 180)","(4100.0, 3974.0, 180)"
907,302,1,x3_x1,0.0,0.0,0.0,"(2976, 2737, 270)","(2976.0, 2737.0, 270)"
908,302,2,x1_x1,-40952.82132399763,39595.0,1843678.7479026872,"(568, 5146, 0)","(568.0, 5146.0, 0)"
909,303,0,x3_x1,0.0,0.0,0.0,"(4890, 2729, 180)","(4890.0, 2729.0, 180)"
910,303,1,x1_x1,0.0,0.0,0.0,"(1925, 1334, 180)","(1925.0, 1334.0, 180)"
911,303,2,x2_x1,-53253.721836578115,51521.5,3000592.491118056,"(5444, 5604, 180)","(5444.0, 5604.0, 180)"
912,304,0,x2_x1,0.0,0.0,0.0,"(5141, 5611, 270)","(5141.0, 6076.0, 270)"
913,304,1,x3_x1,0.0,0.0,0.0,"(4041, 3731, 90)","(3893.0, 3731.0, 90)"
914,304,2,x1_x1,-30586.76129158073,29493.0,1196313.7629603473,"(5538, 3496, 0)","(5538.0, 3496.0, 0)"
915,305,0,x1_x1,0.0,0.0,0.0,"(5836, 1060, 90)","(5836.0, 1060.0, 90)"
916,305,1,x3_x1,0.0,0.0,0.0,"(1286, 2209, 270)","(1286.0, 2209.0, 270)"
917,305,2,x2_x1,-51494.06740882158,49882.5,2597149.5131759024,"(193, 289, 180)","(193.0, 289.0, 180)"
918,306,0,x2_x1,0.0,0.0,0.0,"(5476, 4917, 90)","(5476.0, 4917.0, 90)"
919,306,1,x3_x1,0.0,0.0,0.0,"(4305, 30, 90)","(4305.0, 30.0, 90)"
920,306,2,x1_x1,-60395.62796780745,58892.5,2259393.687604959,"(535, 5933, 0)","(535.0, 5933.0, 0)"
921,307,0,x2_x1,0.0,0.0,0.0,"(5581, 4861, 0)","(5581.0, 4861.0, 0)"
922,307,1,x1_x1,0.0,0.0,0.0,"(1596, 200, 180)","(1596.0, 200.0, 180)"
923,307,2,x3_x1,-59446.34995549212,57592.0,3438613.757433644,"(2226, 4477, 90)","(2226.0, 4477.0, 90)"
924,308,0,x3_x1,0.0,0.0,0.0,"(3715, 5010, 180)","(3715.0, 5010.0, 180)"
925,308,1,x1_x1,0.0,0.0,0.0,"(4181, 479, 90)","(4181.0, 479.0, 90)"
926,308,2,x2_x1,-35385.80656614871,34236.5,1320905.5829925474,"(4476, 3334, 0)","(4476.0, 3334.0, 0)"
927,309,0,x1_x1,0.0,0.0,0.0,"(1295, 3921, 180)","(1295.0, 3921.0, 180)"
928,309,1,x2_x1,0.0,0.0,0.0,"(4463, 2356, 0)","(4463.0, 2356.0, 0)"
929,309,2,x3_x1,-37456.16815707938,36130.0,1758721.980851324,"(4965, 3686, 270)","(4965.0, 3686.0, 270)"
930,310,0,x3_x1,0.0,0.0,0.0,"(4845, 5048, 180)","(4845.0, 5048.0, 180)"
931,310,1,x2_x1,0.0,0.0,0.0,"(3806, 2390, 90)","(3806.0, 2344.0, 90)"
932,310,2,x1_x1,-40003.79745604215,38631.5,1883200.3078597654,"(1604, 4089, 90)","(1604.0, 4089.0, 90)"
933,311,0,x2_x1,0.0,0.0,0.0,"(2494, 233, 90)","(2494.0, 233.0, 90)"
934,311,1,x3_x1,0.0,0.0,0.0,"(5407, 3218, 0)","(5407.0, 3218.0, 0)"
935,311,2,x1_x1,-47427.374250797686,45949.5,2184112.3011708264,"(3950, 4707, 0)","(3911.0, 4707.0, 0)"
936,312,0,x1_x1,0.0,0.0,0.0,"(1178, 1761, 90)","(1178.0, 1761.0, 90)"
937,312,1,x2_x1,0.0,0.0,0.0,"(1663, 4819, 270)","(1663.0, 4819.0, 270)"
938,312,2,x3_x1,-41981.79319566977,40712.0,1612374.759769247,"(3491, 36, 90)","(3491.0, 36.0, 90)"
939,313,0,x2_x1,0.0,0.0,0.0,"(3512, 5483, 0)","(3512.0, 5483.0, 0)"
940,313,1,x3_x1,0.0,0.0,0.0,"(947, 5600, 0)","(947.0, 5600.0, 0)"
941,313,2,x1_x1,-60997.59814245905,59158.0,3384121.3257387932,"(681, 78, 270)","(681.0, 78.0, 270)"
942,314,0,x2_x1,0.0,0.0,0.0,"(5525, 5364, 0)","(6815.0, 5364.0, 0)"
943,314,1,x1_x1,0.0,0.0,0.0,"(4943, 5705, 180)","(4943.0, 5705.0, 180)"
944,314,2,x3_x1,-28222.755167313808,27250.5,945280.110368399,"(4231, 5234, 0)","(3447.0, 5234.0, 0)"
945,315,0,x1_x1,0.0,0.0,0.0,"(4639, 4284, 0)","(4639.0, 4284.0, 0)"
946,315,1,x3_x1,0.0,0.0,0.0,"(513, 1684, 180)","(513.0, 1684.0, 180)"
947,315,2,x2_x1,-37462.71187298983,36288.5,1378773.5226702823,"(4381, 2328, 90)","(4381.0, 1704.0, 90)"
948,316,0,x3_x1,0.0,0.0,0.0,"(2154, 1704, 90)","(2154.0, 1704.0, 90)"
949,316,1,x1_x1,0.0,0.0,0.0,"(1820, 1959, 180)","(636.0, 1959.0, 180)"
950,316,2,x2_x1,-46236.74568778784,44728.0,2276313.5504184156,"(5296, 3786, 270)","(5296.0, 3786.0, 270)"
951,317,0,x3_x1,0.0,0.0,0.0,"(4333, 5171, 180)","(4333.0, 5171.0, 180)"
952,317,1,x2_x1,0.0,0.0,0.0,"(5302, 4435, 0)","(5604.0, 4435.0, 0)"
953,317,2,x1_x1,-33472.734685170515,32254.0,1485314.2328376796,"(2515, 5454, 180)","(2515.0, 5454.0, 180)"
954,318,0,x1_x1,0.0,0.0,0.0,"(1242, 4513, 180)","(1242.0, 4513.0, 180)"
955,318,1,x3_x1,0.0,0.0,0.0,"(1991, 833, 180)","(1991.0, 833.0, 180)"
956,318,2,x2_x1,-42627.03980322176,41175.5,2106967.800337077,"(3027, 871, 0)","(3262.0, 871.0, 0)"
957,319,0,x3_x1,0.0,0.0,0.0,"(5904, 888, 180)","(5904.0, 888.0, 180)"
958,319,1,x2_x1,0.0,0.0,0.0,"(2348, 575, 180)","(2348.0, 575.0, 180)"
959,319,2,x1_x1,-49736.43009849643,48121.0,2609614.4031281825,"(4488, 4240, 180)","(4488.0, 4240.0, 180)"
960,320,0,x2_x1,0.0,0.0,0.0,"(5304, 1248, 180)","(5304.0, 1248.0, 180)"
961,320,1,x1_x1,0.0,0.0,0.0,"(1254, 303, 90)","(1254.0, 303.0, 90)"
962,320,2,x3_x1,-46326.60499438791,44907.5,2013858.9850967228,"(5867, 2974, 0)","(5867.0, 2974.0, 0)"
963,321,0,x2_x1,0.0,0.0,0.0,"(3019, 443, 0)","(1639.0, 443.0, 0)"
964,321,1,x1_x1,0.0,0.0,0.0,"(3511, 829, 0)","(3511.0, 829.0, 0)"
965,321,2,x3_x1,-32137.688593816867,31190.5,897166.2322567715,"(4907, 3676, 270)","(4907.0, 3676.0, 270)"
966,322,0,x3_x1,0.0,0.0,0.0,"(4313, 2285, 180)","(4313.0, 2285.0, 180)"
967,322,1,x2_x1,0.0,0.0,0.0,"(1528, 4693, 180)","(1528.0, 4693.0, 180)"
968,322,2,x1_x1,-31797.244727145437,30740.5,1116709.4183496824,"(1435, 2831, 90)","(1435.0, 2831.0, 90)"
969,323,0,x1_x1,0.0,0.0,0.0,"(5715, 5799, 90)","(5715.0, 5799.0, 90)"
970,323,1,x3_x1,0.0,0.0,0.0,"(5747, 950, 180)","(5747.0, 950.0, 180)"
971,323,2,x2_x1,-59731.26697019909,57925.0,3262600.367632209,"(2004, 1892, 180)","(2004.0, 1892.0, 180)"
972,324,0,x1_x1,0.0,0.0,0.0,"(3847, 1502, 0)","(4934.0, 1502.0, 0)"
973,324,1,x2_x1,0.0,0.0,0.0,"(4554, 4142, 90)","(4554.0, 4142.0, 90)"
974,324,2,x3_x1,-29944.30968235475,28862.0,1171394.2485188348,"(3289, 2592, 90)","(3289.0, 2592.0, 90)"
975,325,0,x2_x1,0.0,0.0,0.0,"(5690, 4911, 270)","(5690.0, 3115.0, 270)"
976,325,1,x3_x1,0.0,0.0,0.0,"(1786, 3998, 0)","(1786.0, 3998.0, 0)"
977,325,2,x1_x1,-29224.357331436124,28354.0,757521.884384613,"(5418, 4987, 270)","(5418.0, 4987.0, 270)"
978,326,0,x2_x1,0.0,0.0,0.0,"(5403, 2759, 180)","(5403.0, 2558.0, 180)"
979,326,1,x1_x1,0.0,0.0,0.0,"(4523, 4954, 0)","(4523.0, 4954.0, 0)"
980,326,2,x3_x1,-43794.184343149675,42530.5,1596898.11912162,"(626, 1425, 180)","(626.0, 1425.0, 180)"
981,327,0,x1_x1,0.0,0.0,0.0,"(5503, 5126, 180)","(6456.0, 5126.0, 180)"
982,327,1,x2_x1,0.0,0.0,0.0,"(2047, 4679, 90)","(2047.0, 4679.0, 90)"
983,327,2,x3_x1,-43623.71773090359,42245.5,1899484.1137770445,"(4833, 5954, 0)","(4833.0, 5954.0, 0)"
984,328,0,x3_x1,0.0,0.0,0.0,"(2709, 3092, 180)","(2709.0, 3092.0, 180)"
985,328,1,x2_x1,0.0,0.0,0.0,"(3200, 4597, 180)","(3200.0, 4597.0, 180)"
986,328,2,x1_x1,-30788.159456395293,29696.5,1191720.368737266,"(3242, 5749, 0)","(3242.0, 6993.0, 0)"
987,329,0,x2_x1,0.0,0.0,0.0,"(677, 2619, 90)","(-697.0, 1492.0, 90)"
988,329,1,x1_x1,0.0,0.0,0.0,"(1699, 2771, 90)","(1699.0, 2771.0, 90)"
989,329,2,x3_x1,-32516.09319788575,31290.5,1502078.686703821,"(823, 2912, 180)","(-632.0, 2912.0, 180)"
990,330,0,x3_x1,0.0,0.0,0.0,"(1094, 3897, 90)","(950.0, 3897.0, 90)"
991,330,1,x2_x1,0.0,0.0,0.0,"(2370, 2826, 180)","(2370.0, 2826.0, 180)"
992,330,2,x1_x1,-36489.610782475276,35268.0,1492332.9038598605,"(3816, 5224, 90)","(3816.0, 5224.0, 90)"
993,331,0,x1_x1,0.0,0.0,0.0,"(1841, 2904, 0)","(1841.0, 2904.0, 0)"
994,331,1,x2_x1,0.0,0.0,0.0,"(4486, 3355, 0)","(4486.0, 3355.0, 0)"
995,331,2,x3_x1,-37889.99932900072,36724.0,1359554.4352301303,"(960, 4355, 270)","(196.0, 4355.0, 270)"
996,332,0,x3_x1,0.0,0.0,0.0,"(3154, 1555, 180)","(3004.0, 1555.0, 180)"
997,332,1,x2_x1,0.0,0.0,0.0,"(3205, 4398, 180)","(3205.0, 4398.0, 180)"
998,332,2,x1_x1,-38716.28584109641,37336.0,1905189.0031312255,"(5335, 1385, 90)","(5335.0, 1385.0, 90)"
999,333,0,x2_x1,0.0,0.0,0.0,"(3649, 1355, 0)","(3649.0, 1355.0, 0)"
1000,333,1,x1_x1,0.0,0.0,0.0,"(3397, 4056, 90)","(3397.0, 4056.0, 90)"
1001,333,2,x3_x1,-36972.96006350071,35809.5,1353639.3193610697,"(3266, 5618, 0)","(3266.0, 5701.0, 0)"
1002,334,0,x2_x1,0.0,0.0,0.0,"(3931, 1329, 0)","(3931.0, 1329.0, 0)"
1003,334,1,x1_x1,0.0,0.0,0.0,"(1307, 843, 270)","(1307.0, 843.0, 270)"
1004,334,2,x3_x1,-30419.677749071045,29251.5,1364639.253424697,"(3540, 89, 90)","(3660.0, 89.0, 90)"
1005,335,0,x2_x1,0.0,0.0,0.0,"(5943, 2329, 180)","(5943.0, 2329.0, 180)"
1006,335,1,x3_x1,0.0,0.0,0.0,"(389, 888, 270)","(389.0, -596.0, 270)"
1007,335,2,x1_x1,-49059.50635889268,47540.5,2307380.318356402,"(1257, 900, 90)","(1257.0, 900.0, 90)"
1008,336,0,x1_x1,0.0,0.0,0.0,"(3015, 4944, 180)","(3015.0, 4944.0, 180)"
1009,336,1,x3_x1,0.0,0.0,0.0,"(4410, 4765, 180)","(4638.0, 4765.0, 180)"
1010,336,2,x2_x1,-40031.374163741806,38689.0,1801968.3954815164,"(438, 3397, 90)","(438.0, 3397.0, 90)"
1011,337,0,x1_x1,0.0,0.0,0.0,"(3531, 503, 90)","(3531.0, 503.0, 90)"
1012,337,1,x3_x1,0.0,0.0,0.0,"(2220, 2614, 270)","(2220.0, 2614.0, 270)"
1013,337,2,x2_x1,-32892.62865993292,31733.0,1344738.6289378095,"(4520, 800, 270)","(5927.0, 800.0, 270)"
1014,338,0,x2_x1,0.0,0.0,0.0,"(481, 4894, 270)","(481.0, 5869.0, 270)"
1015,338,1,x1_x1,0.0,0.0,0.0,"(1328, 4124, 270)","(1328.0, 4124.0, 270)"
1016,338,2,x3_x1,-32761.447364843258,31611.5,1322378.9419099514,"(2748, 3507, 0)","(3659.0, 3507.0, 0)"
1017,339,0,x2_x1,0.0,0.0,0.0,"(4405, 705, 270)","(4405.0, 705.0, 270)"
1018,339,1,x3_x1,0.0,0.0,0.0,"(5258, 5637, 270)","(5770.0, 5637.0, 270)"
1019,339,2,x1_x1,-36632.48532069862,35375.0,1581269.3317725114,"(4125, 4129, 180)","(4125.0, 4129.0, 180)"
1020,340,0,x3_x1,0.0,0.0,0.0,"(534, 2306, 90)","(534.0, 2444.0, 90)"
1021,340,1,x1_x1,0.0,0.0,0.0,"(1901, 821, 90)","(1901.0, 821.0, 90)"
1022,340,2,x2_x1,-31814.39464056653,30710.0,1219687.5221120783,"(3022, 235, 180)","(3022.0, -740.0, 180)"
1023,341,0,x2_x1,0.0,0.0,0.0,"(4397, 5417, 270)","(4397.0, 5417.0, 270)"
1024,341,1,x3_x1,0.0,0.0,0.0,"(2852, 4688, 180)","(2852.0, 4688.0, 180)"
1025,341,2,x1_x1,-31715.089020339838,30584.5,1278231.532912996,"(4410, 5914, 90)","(4410.0, 7289.0, 90)"
1026,342,0,x3_x1,0.0,0.0,0.0,"(2845, 3640, 180)","(2845.0, 3640.0, 180)"
1027,342,1,x1_x1,0.0,0.0,0.0,"(4461, 5899, 180)","(4461.0, 5899.0, 180)"
1028,342,2,x2_x1,-59224.34284829512,57383.0,3390543.4849675773,"(919, 1352, 0)","(919.0, 1352.0, 0)"
1029,343,0,x1_x1,0.0,0.0,0.0,"(3752, 236, 180)","(3752.0, 236.0, 180)"
1030,343,1,x3_x1,0.0,0.0,0.0,"(1403, 1377, 0)","(1403.0, 1377.0, 0)"
1031,343,2,x2_x1,-49502.59406881676,48120.0,1911566.3591272829,"(3588, 5540, 0)","(3588.0, 5540.0, 0)"
1032,344,0,x3_x1,0.0,0.0,0.0,"(3661, 3807, 0)","(3661.0, 3807.0, 0)"
1033,344,1,x1_x1,0.0,0.0,0.0,"(2530, 4892, 180)","(2165.0, 4892.0, 180)"
1034,344,2,x2_x1,-42332.73976203424,40903.0,2044155.7871417147,"(3921, 985, 0)","(3921.0, 985.0, 0)"
1035,345,0,x1_x1,0.0,0.0,0.0,"(4503, 5040, 180)","(4503.0, 5040.0, 180)"
1036,345,1,x3_x1,0.0,0.0,0.0,"(2444, 3884, 270)","(2444.0, 3884.0, 270)"
1037,345,2,x2_x1,-30609.83796791296,29613.0,993685.9342728386,"(5504, 5731, 90)","(6191.0, 5731.0, 90)"
1038,346,0,x2_x1,0.0,0.0,0.0,"(5331, 4089, 0)","(5331.0, 4089.0, 0)"
1039,346,1,x3_x1,0.0,0.0,0.0,"(1768, 4744, 180)","(1768.0, 4744.0, 180)"
1040,346,2,x1_x1,-41142.998792229104,39729.5,1997978.8356331307,"(3042, 1826, 270)","(3042.0, 1826.0, 270)"
1041,347,0,x3_x1,0.0,0.0,0.0,"(5418, 1876, 180)","(5418.0, 1876.0, 180)"
1042,347,1,x1_x1,0.0,0.0,0.0,"(598, 4662, 180)","(598.0, 4662.0, 180)"
1043,347,2,x2_x1,-51384.76936622416,49858.5,2329498.1782742934,"(2704, 907, 90)","(2704.0, 907.0, 90)"
1044,348,0,x1_x1,0.0,0.0,0.0,"(3069, 5293, 0)","(3645.0, 5293.0, 0)"
1045,348,1,x2_x1,0.0,0.0,0.0,"(293, 5657, 180)","(293.0, 5657.0, 180)"
1046,348,2,x3_x1,-33744.839505995915,32548.0,1432424.803112546,"(2000, 4367, 90)","(2000.0, 4367.0, 90)"
1047,349,0,x3_x1,0.0,0.0,0.0,"(3315, 2314, 180)","(3315.0, 2314.0, 180)"
1048,349,1,x2_x1,0.0,0.0,0.0,"(1894, 5808, 180)","(1894.0, 5808.0, 180)"
1049,349,2,x1_x1,-56630.6003733859,54845.0,3188368.693435871,"(4196, 1050, 180)","(4811.0, 1050.0, 180)"
1050,350,0,x1_x1,0.0,0.0,0.0,"(4963, 5055, 90)","(4963.0, 5055.0, 90)"
1051,350,1,x2_x1,0.0,0.0,0.0,"(5163, 5941, 90)","(5163.0, 6927.0, 90)"
1052,350,2,x3_x1,-26934.1721204914,26128.5,649107.5657371101,"(4577, 3171, 270)","(4577.0, 3171.0, 270)"
1053,351,0,x1_x1,0.0,0.0,0.0,"(5522, 1635, 180)","(5996.0, 1635.0, 180)"
1054,351,1,x3_x1,0.0,0.0,0.0,"(5097, 4707, 270)","(5097.0, 4707.0, 270)"
1055,351,2,x2_x1,-32677.98112497054,31593.5,1176099.3104173727,"(4251, 2811, 180)","(4251.0, 2811.0, 180)"
1056,352,0,x2_x1,0.0,0.0,0.0,"(18, 4150, 0)","(-311.0, 4150.0, 0)"
1057,352,1,x1_x1,0.0,0.0,0.0,"(1434, 2091, 180)","(1434.0, 2091.0, 180)"
1058,352,2,x3_x1,-33284.1718605931,32025.5,1584254.8526489022,"(283, 1211, 90)","(-84.0, 1211.0, 90)"
1059,353,0,x3_x1,0.0,0.0,0.0,"(1663, 688, 270)","(1663.0, 688.0, 270)"
1060,353,1,x2_x1,0.0,0.0,0.0,"(4839, 3049, 90)","(4839.0, 4576.0, 90)"
1061,353,2,x1_x1,-33871.21504095507,32925.0,895322.9037295969,"(4776, 2704, 90)","(4776.0, 2704.0, 90)"
1062,354,0,x1_x1,0.0,0.0,0.0,"(1156, 4302, 180)","(1156.0, 4302.0, 180)"
1063,354,1,x2_x1,0.0,0.0,0.0,"(292, 3351, 270)","(-405.0, 3351.0, 270)"
1064,354,2,x3_x1,-31080.5999974687,30028.0,1107966.7546711094,"(2793, 4737, 90)","(2801.0, 4737.0, 90)"
1065,355,0,x1_x1,0.0,0.0,0.0,"(4416, 5087, 180)","(4416.0, 5087.0, 180)"
1066,355,1,x3_x1,0.0,0.0,0.0,"(725, 4040, 180)","(725.0, 4040.0, 180)"
1067,355,2,x2_x1,-50036.562808204995,48429.0,2584258.182323927,"(228, 3614, 180)","(228.0, 2804.0, 180)"
1068,356,0,x2_x1,0.0,0.0,0.0,"(1901, 5379, 0)","(1901.0, 5379.0, 0)"
1069,356,1,x3_x1,0.0,0.0,0.0,"(4752, 1248, 180)","(4752.0, 1248.0, 180)"
1070,356,2,x1_x1,-44334.71687370497,43064.5,1613450.9062448384,"(712, 2653, 90)","(712.0, 2653.0, 90)"
1071,357,0,x3_x1,0.0,0.0,0.0,"(640, 2482, 270)","(640.0, 2482.0, 270)"
1072,357,1,x1_x1,0.0,0.0,0.0,"(2096, 5704, 180)","(2096.0, 5704.0, 180)"
1073,357,2,x2_x1,-49023.89005681821,47427.0,2550057.8535648533,"(101, 1807, 180)","(101.0, 1395.0, 180)"
1074,358,0,x1_x1,0.0,0.0,0.0,"(4841, 1580, 0)","(4841.0, 1580.0, 0)"
1075,358,1,x3_x1,0.0,0.0,0.0,"(4569, 3354, 180)","(4569.0, 3933.0, 180)"
1076,358,2,x2_x1,-32520.43514689461,31321.0,1438644.6716060962,"(3788, 3636, 180)","(3171.0, 3976.0, 180)"
1077,359,0,x2_x1,0.0,0.0,0.0,"(4854, 2184, 180)","(4854.0, 2184.0, 180)"
1078,359,1,x1_x1,0.0,0.0,0.0,"(1754, 5632, 90)","(1754.0, 5632.0, 90)"
1079,359,2,x3_x1,-51197.696852402245,49539.5,2749616.8013167037,"(887, 2031, 90)","(887.0, 2031.0, 90)"
1080,360,0,x3_x1,0.0,0.0,0.0,"(4474, 5900, 180)","(4474.0, 5900.0, 180)"
1081,360,1,x1_x1,0.0,0.0,0.0,"(466, 49, 0)","(466.0, 49.0, 0)"
1082,360,2,x2_x1,-52259.38634709965,50861.0,1955484.3757547156,"(3315, 707, 180)","(3315.0, 707.0, 180)"
1083,361,0,x3_x1,0.0,0.0,0.0,"(4271, 2546, 180)","(4271.0, 2546.0, 180)"
1084,361,1,x1_x1,0.0,0.0,0.0,"(1659, 5019, 270)","(1659.0, 3582.0, 270)"
1085,361,2,x2_x1,-33550.526515684745,32373.5,1385391.418624965,"(2661, 5143, 180)","(2661.0, 5143.0, 180)"
1086,362,0,x2_x1,0.0,0.0,0.0,"(4448, 4419, 180)","(4448.0, 4419.0, 180)"
1087,362,1,x1_x1,0.0,0.0,0.0,"(1110, 2003, 0)","(1110.0, 2003.0, 0)"
1088,362,2,x3_x1,-50102.14109518387,48491.5,2594164.737495106,"(5569, 3427, 180)","(5719.0, 3427.0, 180)"
1089,363,0,x3_x1,0.0,0.0,0.0,"(1112, 1434, 0)","(861.0, 1434.0, 0)"
1090,363,1,x1_x1,0.0,0.0,0.0,"(2357, 3230, 180)","(2357.0, 3230.0, 180)"
1091,363,2,x2_x1,-38320.58487406213,37077.5,1545260.0041220682,"(4084, 434, 180)","(4084.0, 434.0, 180)"
1092,364,0,x3_x1,0.0,0.0,0.0,"(367, 5506, 270)","(367.0, 5506.0, 270)"
1093,364,1,x2_x1,0.0,0.0,0.0,"(2904, 1580, 270)","(2904.0, 1580.0, 270)"
1094,364,2,x1_x1,-40253.28851210509,38982.5,1614903.4424982779,"(276, 2623, 90)","(276.0, 2623.0, 90)"
1095,365,0,x2_x1,0.0,0.0,0.0,"(638, 3506, 0)","(-852.0, 3506.0, 0)"
1096,365,1,x1_x1,0.0,0.0,0.0,"(893, 2988, 180)","(893.0, 2988.0, 180)"
1097,365,2,x3_x1,-37567.66608942246,36408.0,1344825.4389563825,"(3844, 1153, 90)","(3844.0, 1153.0, 90)"
1098,366,0,x3_x1,0.0,0.0,0.0,"(1208, 3105, 180)","(1208.0, 3105.0, 180)"
1099,366,1,x1_x1,0.0,0.0,0.0,"(3956, 5485, 90)","(3956.0, 5485.0, 90)"
1100,366,2,x2_x1,-44393.87775454108,42965.0,2041691.637422358,"(2195, 1901, 180)","(2195.0, 1869.0, 180)"
1101,367,0,x2_x1,0.0,0.0,0.0,"(5965, 1347, 270)","(5965.0, 1347.0, 270)"
1102,367,1,x3_x1,0.0,0.0,0.0,"(2918, 3408, 270)","(2918.0, 3408.0, 270)"
1103,367,2,x1_x1,-42884.95164964051,41558.0,1760800.6804836693,"(5969, 5367, 0)","(5969.0, 5367.0, 0)"
1104,368,0,x3_x1,0.0,0.0,0.0,"(1393, 5824, 0)","(1393.0, 5824.0, 0)"
1105,368,1,x1_x1,0.0,0.0,0.0,"(5391, 1524, 270)","(5391.0, 1524.0, 270)"
1106,368,2,x2_x1,-57153.64981878693,55441.5,2931457.0019721217,"(1482, 4214, 0)","(1482.0, 4214.0, 0)"
1107,369,0,x2_x1,0.0,0.0,0.0,"(440, 2932, 90)","(440.0, 2932.0, 90)"
1108,369,1,x1_x1,0.0,0.0,0.0,"(4620, 4872, 90)","(4620.0, 4915.0, 90)"
1109,369,2,x3_x1,-47346.6222487868,45773.0,2476286.981876827,"(3776, 3397, 180)","(3776.0, 3397.0, 180)"
1110,370,0,x2_x1,0.0,0.0,0.0,"(54, 5649, 0)","(54.0, 5649.0, 0)"
1111,370,1,x3_x1,0.0,0.0,0.0,"(5838, 1600, 90)","(5838.0, 1600.0, 90)"
1112,370,2,x1_x1,-56261.68489824513,54688.5,2474910.724066535,"(5378, 4560, 180)","(5378.0, 4560.0, 180)"
1113,371,0,x3_x1,0.0,0.0,0.0,"(143, 2610, 180)","(-233.0, 2610.0, 180)"
1114,371,1,x1_x1,0.0,0.0,0.0,"(1263, 2742, 180)","(1263.0, 2742.0, 180)"
1115,371,2,x2_x1,-29978.216621655327,28927.5,1104005.4190227827,"(2956, 4166, 90)","(2956.0, 4166.0, 90)"
1116,372,0,x3_x1,0.0,0.0,0.0,"(3009, 4271, 270)","(3009.0, 4271.0, 270)"
1117,372,1,x2_x1,0.0,0.0,0.0,"(3902, 1741, 270)","(3902.0, 1741.0, 270)"
1118,372,2,x1_x1,-34285.7019876514,33191.0,1198372.4417679333,"(1007, 2332, 270)","(1007.0, 2332.0, 270)"
1119,373,0,x1_x1,0.0,0.0,0.0,"(3852, 330, 0)","(3852.0, 330.0, 0)"
1120,373,1,x2_x1,0.0,0.0,0.0,"(1141, 2020, 180)","(142.0, 2020.0, 180)"
1121,373,2,x3_x1,-41028.28458191479,39617.5,1990313.1365684923,"(1435, 2283, 90)","(1435.0, 2283.0, 90)"
1122,374,0,x3_x1,0.0,0.0,0.0,"(290, 2140, 180)","(290.0, 2140.0, 180)"
1123,374,1,x1_x1,0.0,0.0,0.0,"(5361, 1902, 0)","(5361.0, 1902.0, 0)"
1124,374,2,x2_x1,-58119.34827777593,56343.5,3153637.105679727,"(1192, 5513, 270)","(1192.0, 5513.0, 270)"
1125,375,0,x3_x1,0.0,0.0,0.0,"(4118, 5262, 180)","(4118.0, 5262.0, 180)"
1126,375,1,x2_x1,0.0,0.0,0.0,"(2341, 4279, 0)","(2341.0, 4279.0, 0)"
1127,375,2,x1_x1,-35784.80972646892,34605.0,1391950.9906706668,"(1251, 2232, 180)","(1251.0, 1883.0, 180)"
1128,376,0,x2_x1,0.0,0.0,0.0,"(5822, 5239, 90)","(5822.0, 5239.0, 90)"
1129,376,1,x3_x1,0.0,0.0,0.0,"(3130, 3793, 0)","(3130.0, 3793.0, 0)"
1130,376,2,x1_x1,-34213.63191756797,33120.5,1194937.3892058223,"(5304, 1943, 90)","(5304.0, 1943.0, 90)"
1131,377,0,x3_x1,0.0,0.0,0.0,"(5520, 4794, 0)","(5520.0, 4794.0, 0)"
1132,377,1,x1_x1,0.0,0.0,0.0,"(1251, 5945, 180)","(1251.0, 5945.0, 180)"
1133,377,2,x2_x1,-35324.229195959044,34121.0,1447760.4980082507,"(3811, 4762, 0)","(3811.0, 4762.0, 0)"
1134,378,0,x2_x1,0.0,0.0,0.0,"(4924, 5871, 0)","(4924.0, 6049.0, 0)"
1135,378,1,x3_x1,0.0,0.0,0.0,"(4048, 4813, 0)","(4048.0, 4813.0, 0)"
1136,378,2,x1_x1,-45217.94291195134,43694.0,2322401.998886728,"(2317, 2476, 90)","(2317.0, 2476.0, 90)"
1137,379,0,x3_x1,0.0,0.0,0.0,"(5539, 4476, 180)","(5539.0, 4476.0, 180)"
1138,379,1,x2_x1,0.0,0.0,0.0,"(2737, 4489, 90)","(2737.0, 4489.0, 90)"
1139,379,2,x1_x1,-30728.623384037703,29735.5,986294.055922495,"(1160, 3925, 180)","(1049.0, 3925.0, 180)"
1140,380,0,x3_x1,0.0,0.0,0.0,"(1194, 3281, 180)","(1194.0, 3281.0, 180)"
1141,380,1,x1_x1,0.0,0.0,0.0,"(5956, 2039, 180)","(5956.0, 2039.0, 180)"
1142,380,2,x2_x1,-60075.452629428015,58265.0,3277738.7234028256,"(62, 4364, 180)","(62.0, 4390.0, 180)"
1143,381,0,x3_x1,0.0,0.0,0.0,"(4259, 4384, 180)","(4259.0, 4384.0, 180)"
1144,381,1,x2_x1,0.0,0.0,0.0,"(5865, 5334, 270)","(5865.0, 5334.0, 270)"
1145,381,2,x1_x1,-33650.48891374808,32479.0,1372386.2750346574,"(2503, 4945, 180)","(2503.0, 4945.0, 180)"
1146,382,0,x1_x1,0.0,0.0,0.0,"(4240, 5651, 270)","(4240.0, 6591.0, 270)"
1147,382,1,x2_x1,0.0,0.0,0.0,"(2515, 4083, 270)","(2515.0, 4083.0, 270)"
1148,382,2,x3_x1,-32418.877874818445,31215.5,1448118.3096025565,"(4315, 5095, 90)","(4315.0, 5095.0, 90)"
1149,383,0,x2_x1,0.0,0.0,0.0,"(5669, 357, 90)","(5669.0, 357.0, 90)"
1150,383,1,x3_x1,0.0,0.0,0.0,"(2095, 4934, 180)","(2095.0, 4934.0, 180)"
1151,383,2,x1_x1,-40582.89216522952,39367.0,1478393.7574665286,"(3290, 1114, 180)","(3290.0, 1114.0, 180)"
1152,384,0,x3_x1,0.0,0.0,0.0,"(599, 5226, 270)","(599.0, 5226.0, 270)"
1153,384,1,x2_x1,0.0,0.0,0.0,"(647, 1679, 270)","(647.0, 1679.0, 270)"
1154,384,2,x1_x1,-45890.56617784269,44560.0,1770406.353618892,"(4907, 2146, 0)","(4907.0, 2146.0, 0)"
1155,385,0,x2_x1,0.0,0.0,0.0,"(2357, 679, 180)","(2357.0, 679.0, 180)"
1156,385,1,x1_x1,0.0,0.0,0.0,"(518, 3953, 90)","(518.0, 3953.0, 90)"
1157,385,2,x3_x1,-47425.39470805474,45890.5,2355901.764814438,"(3719, 490, 270)","(3719.0, 490.0, 270)"
1158,386,0,x2_x1,0.0,0.0,0.0,"(2777, 2451, 90)","(3823.0, 2451.0, 90)"
1159,386,1,x3_x1,0.0,0.0,0.0,"(3127, 1428, 0)","(3127.0, 1031.0, 0)"
1160,386,2,x1_x1,-28478.112893022204,27464.5,1027411.0969008418,"(2135, 3547, 180)","(2135.0, 3547.0, 180)"
1161,387,0,x2_x1,0.0,0.0,0.0,"(2103, 2380, 180)","(2103.0, 2380.0, 180)"
1162,387,1,x1_x1,0.0,0.0,0.0,"(3605, 562, 0)","(3848.0, 562.0, 0)"
1163,387,2,x3_x1,-36808.53575173602,35598.5,1464186.5204793555,"(4210, 4433, 90)","(4210.0, 4433.0, 90)"
1164,388,0,x3_x1,0.0,0.0,0.0,"(2562, 2326, 90)","(2562.0, 1575.0, 90)"
1165,388,1,x2_x1,0.0,0.0,0.0,"(2899, 3325, 180)","(2899.0, 4759.0, 180)"
1166,388,2,x1_x1,-31509.678681196274,30386.0,1262653.7785749938,"(3773, 3198, 270)","(3773.0, 3198.0, 270)"
1167,389,0,x1_x1,0.0,0.0,0.0,"(246, 3991, 180)","(246.0, 3991.0, 180)"
1168,389,1,x2_x1,0.0,0.0,0.0,"(5445, 147, 90)","(5445.0, 147.0, 90)"
1169,389,2,x3_x1,-62767.68821842931,60872.0,3593633.8214917174,"(2770, 1028, 90)","(2770.0, 1028.0, 90)"
1170,390,0,x2_x1,0.0,0.0,0.0,"(2082, 3494, 0)","(2082.0, 3494.0, 0)"
1171,390,1,x1_x1,0.0,0.0,0.0,"(4985, 2804, 90)","(4985.0, 2804.0, 90)"
1172,390,2,x3_x1,-34499.983560355504,33411.5,1184796.4611641883,"(4688, 486, 270)","(4688.0, 486.0, 270)"
1173,391,0,x1_x1,0.0,0.0,0.0,"(3791, 2824, 180)","(3791.0, 2824.0, 180)"
1174,391,1,x2_x1,0.0,0.0,0.0,"(843, 3909, 180)","(843.0, 3909.0, 180)"
1175,391,2,x3_x1,-40417.58218542684,39107.5,1716315.3325727677,"(4112, 1119, 90)","(4112.0, 493.0, 90)"
1176,392,0,x3_x1,0.0,0.0,0.0,"(2907, 2687, 0)","(2907.0, 2687.0, 0)"
1177,392,1,x1_x1,0.0,0.0,0.0,"(4564, 1245, 90)","(4564.0, 1169.0, 90)"
1178,392,2,x2_x1,-40407.1743206287,39114.5,1671006.8992128603,"(3497, 5638, 90)","(3497.0, 5638.0, 90)"
1179,393,0,x3_x1,0.0,0.0,0.0,"(3301, 552, 0)","(3301.0, 400.0, 0)"
1180,393,1,x1_x1,0.0,0.0,0.0,"(3520, 2753, 180)","(3520.0, 2753.0, 180)"
1181,393,2,x2_x1,-29245.28255819114,28199.0,1094707.1915749917,"(4744, 3698, 270)","(5208.0, 3698.0, 270)"
1182,394,0,x1_x1,0.0,0.0,0.0,"(4409, 5153, 90)","(4409.0, 5153.0, 90)"
1183,394,1,x3_x1,0.0,0.0,0.0,"(3047, 1129, 180)","(3047.0, 1129.0, 180)"
1184,394,2,x2_x1,-38262.03553060986,37094.5,1363139.2152364335,"(4814, 1820, 90)","(4814.0, 1820.0, 90)"
1185,395,0,x2_x1,0.0,0.0,0.0,"(389, 619, 0)","(389.0, -489.0, 0)"
1186,395,1,x3_x1,0.0,0.0,0.0,"(368, 3972, 270)","(368.0, 4238.0, 270)"
1187,395,2,x1_x1,-31820.33263663548,30622.5,1434803.0253891048,"(1002, 1907, 0)","(1002.0, 1907.0, 0)"
1188,396,0,x1_x1,0.0,0.0,0.0,"(4292, 215, 90)","(4292.0, 215.0, 90)"
1189,396,1,x3_x1,0.0,0.0,0.0,"(4708, 2617, 180)","(4708.0, 2617.0, 180)"
1190,396,2,x2_x1,-36764.465321093274,35508.5,1577448.8877889302,"(5286, 3871, 0)","(5286.0, 3871.0, 0)"
1191,397,0,x3_x1,0.0,0.0,0.0,"(4932, 3843, 270)","(4932.0, 3843.0, 270)"
1192,397,1,x1_x1,0.0,0.0,0.0,"(806, 4878, 0)","(806.0, 4878.0, 0)"
1193,397,2,x2_x1,-47895.52240672724,46601.0,1675788.2615188898,"(1256, 616, 270)","(1256.0, 616.0, 270)"
1194,398,0,x3_x1,0.0,0.0,0.0,"(2705, 3878, 0)","(2705.0, 3878.0, 0)"
1195,398,1,x2_x1,0.0,0.0,0.0,"(2512, 2967, 90)","(2512.0, 2585.0, 90)"
1196,398,2,x1_x1,-37066.84835360701,35723.5,1804584.7991386682,"(5795, 3658, 90)","(5795.0, 3658.0, 90)"
1197,399,0,x2_x1,0.0,0.0,0.0,"(3837, 4648, 90)","(3538.0, 4648.0, 90)"
1198,399,1,x3_x1,0.0,0.0,0.0,"(4038, 1499, 180)","(4038.0, 1499.0, 180)"
1199,399,2,x1_x1,-35675.512476544274,34519.5,1336364.8459260184,"(5934, 4823, 270)","(5934.0, 4823.0, 270)"
1200,400,0,x2_x1,0.0,0.0,0.0,"(3358, 5113, 180)","(3358.0, 5186.0, 180)"
1201,400,1,x3_x1,0.0,0.0,0.0,"(2051, 4768, 0)","(1960.0, 4768.0, 0)"
1202,400,2,x1_x1,-36700.1104460256,35456.0,1547810.801910022,"(4898, 2790, 180)","(4898.0, 2790.0, 180)"
1203,401,0,x3_x1,0.0,0.0,0.0,"(1507, 4658, 0)","(1507.0, 4658.0, 0)"
1204,401,1,x2_x1,0.0,0.0,0.0,"(2393, 2049, 180)","(2393.0, 1367.0, 180)"
1205,401,2,x1_x1,-27843.334246911338,26909.5,872046.400704462,"(1871, 3055, 270)","(1871.0, 3055.0, 270)"
1206,402,0,x1_x1,0.0,0.0,0.0,"(5079, 3979, 180)","(6203.0, 3979.0, 180)"
1207,402,1,x3_x1,0.0,0.0,0.0,"(4707, 4851, 180)","(4707.0, 4851.0, 180)"
1208,402,2,x2_x1,-49505.8015764034,47935.5,2465847.0408550072,"(712, 5007, 0)","(712.0, 5007.0, 0)"
1209,403,0,x2_x1,0.0,0.0,0.0,"(5381, 1282, 270)","(5663.0, 1282.0, 270)"
1210,403,1,x1_x1,0.0,0.0,0.0,"(3267, 1588, 90)","(3267.0, 1588.0, 90)"
1211,403,2,x3_x1,-35701.221795788464,34568.0,1284191.63845003,"(3418, 4585, 0)","(3418.0, 4585.0, 0)"
1212,404,0,x3_x1,0.0,0.0,0.0,"(5405, 3272, 180)","(5405.0, 2235.0, 180)"
1213,404,1,x1_x1,0.0,0.0,0.0,"(4718, 3753, 90)","(4718.0, 3753.0, 90)"
1214,404,2,x2_x1,-31948.906292478234,30872.5,1158650.50648674,"(5165, 2930, 180)","(5165.0, 999.0, 180)"
1215,405,0,x2_x1,0.0,0.0,0.0,"(3101, 5363, 180)","(3101.0, 5363.0, 180)"
1216,405,1,x1_x1,0.0,0.0,0.0,"(1327, 2135, 270)","(1327.0, 2135.0, 270)"
1217,405,2,x3_x1,-44704.55969533566,43256.0,2098325.1909509418,"(2651, 504, 180)","(2651.0, 490.0, 180)"
1218,406,0,x3_x1,0.0,0.0,0.0,"(3659, 1566, 90)","(3330.0, 1566.0, 90)"
1219,406,1,x1_x1,0.0,0.0,0.0,"(5002, 4998, 270)","(5002.0, 4998.0, 270)"
1220,406,2,x2_x1,-35180.27377727393,33983.0,1433464.4977477854,"(4623, 1712, 0)","(4623.0, 1712.0, 0)"
1221,407,0,x2_x1,0.0,0.0,0.0,"(595, 3379, 90)","(595.0, 3379.0, 90)"
1222,407,1,x3_x1,0.0,0.0,0.0,"(1274, 2112, 90)","(1274.0, 1981.0, 90)"
1223,407,2,x1_x1,-36374.86738455483,35136.5,1533553.7791291843,"(2618, 4974, 180)","(2618.0, 4974.0, 180)"
1224,408,0,x1_x1,0.0,0.0,0.0,"(5438, 2887, 180)","(5438.0, 2887.0, 180)"
1225,408,1,x3_x1,0.0,0.0,0.0,"(1312, 2740, 180)","(1312.0, 2740.0, 180)"
1226,408,2,x2_x1,-54951.86139813535,53214.5,3018424.6277308054,"(906, 5738, 270)","(906.0, 5738.0, 270)"
1227,409,0,x2_x1,0.0,0.0,0.0,"(2933, 1554, 180)","(2933.0, 1554.0, 180)"
1228,409,1,x3_x1,0.0,0.0,0.0,"(3900, 4469, 0)","(3900.0, 5041.0, 0)"
1229,409,2,x1_x1,-39386.573702661,38093.0,1673332.9242160863,"(5306, 3523, 270)","(5306.0, 3523.0, 270)"
1230,410,0,x3_x1,0.0,0.0,0.0,"(5262, 1859, 0)","(5783.0, 1859.0, 0)"
1231,410,1,x2_x1,0.0,0.0,0.0,"(1002, 4354, 90)","(1002.0, 4354.0, 90)"
1232,410,2,x1_x1,-42984.13903337602,41594.5,1931096.6430822457,"(4160, 3011, 180)","(4160.0, 3011.0, 180)"
1233,411,0,x1_x1,0.0,0.0,0.0,"(555, 4423, 180)","(555.0, 4423.0, 180)"
1234,411,1,x3_x1,0.0,0.0,0.0,"(4812, 3661, 0)","(4812.0, 3661.0, 0)"
1235,411,2,x2_x1,-39502.650685331384,38317.5,1404582.1469414486,"(878, 1681, 90)","(878.0, 1681.0, 90)"
1236,412,0,x3_x1,0.0,0.0,0.0,"(231, 1182, 0)","(231.0, -82.0, 0)"
1237,412,1,x1_x1,0.0,0.0,0.0,"(244, 1436, 90)","(244.0, 1436.0, 90)"
1238,412,2,x2_x1,-59617.87653222711,57851.0,3121852.6801348855,"(4469, 4947, 0)","(4469.0, 4947.0, 0)"
1239,413,0,x1_x1,0.0,0.0,0.0,"(2698, 3382, 90)","(2698.0, 3382.0, 90)"
1240,413,1,x2_x1,0.0,0.0,0.0,"(5200, 4182, 90)","(5200.0, 4182.0, 90)"
1241,413,2,x3_x1,-34636.59990871867,33529.0,1226777.5577936147,"(1593, 1259, 0)","(1593.0, 1259.0, 0)"
1242,414,0,x2_x1,0.0,0.0,0.0,"(1592, 862, 0)","(1592.0, 862.0, 0)"
1243,414,1,x1_x1,0.0,0.0,0.0,"(5171, 4716, 90)","(5171.0, 4716.0, 90)"
1244,414,2,x3_x1,-54106.20522856098,52374.5,2998802.998625446,"(2273, 2788, 90)","(2273.0, 2788.0, 90)"
1245,415,0,x2_x1,0.0,0.0,0.0,"(3032, 2354, 90)","(3032.0, 3908.0, 90)"
1246,415,1,x3_x1,0.0,0.0,0.0,"(3541, 2170, 180)","(4119.0, 3681.0, 180)"
1247,415,2,x1_x1,-23933.25721370224,23072.5,740902.9809404452,"(2755, 2036, 90)","(2755.0, 2036.0, 90)"
1248,416,0,x1_x1,0.0,0.0,0.0,"(1090, 177, 90)","(1090.0, 177.0, 90)"
1249,416,1,x2_x1,0.0,0.0,0.0,"(1313, 4124, 180)","(1313.0, 4124.0, 180)"
1250,416,2,x3_x1,-41544.697229002224,40260.0,1650446.9702059953,"(3390, 431, 90)","(3443.0, 431.0, 90)"
1251,417,0,x2_x1,0.0,0.0,0.0,"(3878, 1345, 180)","(3878.0, 1345.0, 180)"
1252,417,1,x3_x1,0.0,0.0,0.0,"(5425, 2198, 270)","(5425.0, 2198.0, 270)"
1253,417,2,x1_x1,-30612.09131476725,29639.5,945933.8655606896,"(1581, 1330, 180)","(1581.0, 1330.0, 180)"
1254,418,0,x3_x1,0.0,0.0,0.0,"(2482, 5533, 270)","(2482.0, 5533.0, 270)"
1255,418,1,x1_x1,0.0,0.0,0.0,"(2764, 1978, 0)","(2029.0, 1978.0, 0)"
1256,418,2,x2_x1,-35539.18718849502,34373.5,1358826.6214214268,"(3717, 3088, 90)","(3717.0, 3088.0, 90)"
1257,419,0,x3_x1,0.0,0.0,0.0,"(5111, 3206, 90)","(5111.0, 3206.0, 90)"
1258,419,1,x2_x1,0.0,0.0,0.0,"(1826, 3194, 180)","(1826.0, 3194.0, 180)"
1259,419,2,x1_x1,-38351.02626478788,37095.5,1576346.2015722005,"(1885, 5713, 180)","(1885.0, 5713.0, 180)"
1260,420,0,x1_x1,0.0,0.0,0.0,"(4757, 5347, 180)","(4757.0, 5347.0, 180)"
1261,420,1,x2_x1,0.0,0.0,0.0,"(1575, 2215, 0)","(1575.0, 1703.0, 0)"
1262,420,2,x3_x1,-51623.08332271717,49935.5,2847937.4711131295,"(2214, 2917, 90)","(2214.0, 2917.0, 90)"
1263,421,0,x3_x1,0.0,0.0,0.0,"(4641, 2715, 0)","(4641.0, 2724.0, 0)"
1264,421,1,x1_x1,0.0,0.0,0.0,"(2702, 1206, 270)","(2702.0, 1206.0, 270)"
1265,421,2,x2_x1,-43827.23284773852,42396.5,2046996.4815979793,"(342, 4033, 0)","(342.0, 4033.0, 0)"
1266,422,0,x2_x1,0.0,0.0,0.0,"(2631, 3087, 0)","(2631.0, 3282.0, 0)"
1267,422,1,x3_x1,0.0,0.0,0.0,"(1995, 2047, 0)","(1360.0, 2047.0, 0)"
1268,422,2,x1_x1,-33092.816886675086,31908.5,1402606.4880637676,"(4112, 1721, 270)","(4112.0, 1721.0, 270)"
1269,423,0,x3_x1,0.0,0.0,0.0,"(4173, 2472, 180)","(4173.0, 1860.0, 180)"
1270,423,1,x2_x1,0.0,0.0,0.0,"(3064, 4047, 0)","(2197.0, 4047.0, 0)"
1271,423,2,x1_x1,-30777.883168498043,29723.5,1111723.8660119695,"(3942, 4213, 180)","(3942.0, 4213.0, 180)"
1272,424,0,x2_x1,0.0,0.0,0.0,"(5704, 532, 90)","(5704.0, 532.0, 90)"
1273,424,1,x3_x1,0.0,0.0,0.0,"(4423, 4279, 0)","(4423.0, 4279.0, 0)"
1274,424,2,x1_x1,-45749.79841356089,44200.0,2401875.122675856,"(2582, 3607, 180)","(2582.0, 3607.0, 180)"
1275,425,0,x2_x1,0.0,0.0,0.0,"(1113, 1719, 180)","(1113.0, 1719.0, 180)"
1276,425,1,x3_x1,0.0,0.0,0.0,"(3088, 4873, 90)","(3088.0, 4873.0, 90)"
1277,425,2,x1_x1,-42109.12576884763,40840.5,1609411.3413842476,"(4573, 851, 90)","(4573.0, 851.0, 90)"
1278,426,0,x3_x1,0.0,0.0,0.0,"(302, 891, 270)","(302.0, 891.0, 270)"
1279,426,1,x2_x1,0.0,0.0,0.0,"(1955, 5281, 90)","(1955.0, 5281.0, 90)"
1280,426,2,x1_x1,-52058.23543632548,50529.5,2337032.0342772533,"(5095, 2358, 90)","(5095.0, 2358.0, 90)"
1281,427,0,x2_x1,0.0,0.0,0.0,"(5482, 958, 270)","(5482.0, 958.0, 270)"
1282,427,1,x3_x1,0.0,0.0,0.0,"(29, 5087, 90)","(29.0, 5087.0, 90)"
1283,427,2,x1_x1,-49065.37713460687,47584.5,2192997.0878014537,"(2801, 2964, 90)","(2801.0, 2964.0, 90)"
1284,428,0,x2_x1,0.0,0.0,0.0,"(5854, 1898, 0)","(6227.0, 1898.0, 0)"
1285,428,1,x3_x1,0.0,0.0,0.0,"(2421, 2693, 90)","(2421.0, 3243.0, 90)"
1286,428,2,x1_x1,-31111.75858959123,30004.5,1226021.584223558,"(3647, 1620, 90)","(3647.0, 1620.0, 90)"
1287,429,0,x2_x1,0.0,0.0,0.0,"(5902, 782, 90)","(5902.0, 782.0, 90)"
1288,429,1,x1_x1,0.0,0.0,0.0,"(2058, 3476, 90)","(2058.0, 3476.0, 90)"
1289,429,2,x3_x1,-51173.56459436671,49501.5,2795800.007734716,"(5967, 3221, 180)","(5967.0, 3221.0, 180)"
1290,430,0,x1_x1,0.0,0.0,0.0,"(4442, 3820, 90)","(4442.0, 4300.0, 90)"
1291,430,1,x3_x1,0.0,0.0,0.0,"(3135, 1340, 270)","(3135.0, 1157.0, 270)"
1292,430,2,x2_x1,-28630.954721506947,27735.5,801839.1582690859,"(4147, 2555, 90)","(4147.0, 2555.0, 90)"
1293,431,0,x2_x1,0.0,0.0,0.0,"(1072, 1908, 180)","(1072.0, 1908.0, 180)"
1294,431,1,x1_x1,0.0,0.0,0.0,"(4413, 4873, 0)","(4413.0, 4873.0, 0)"
1295,431,2,x3_x1,-44865.00715104138,43331.0,2353177.9394461103,"(1126, 3308, 90)","(1126.0, 3308.0, 90)"
1296,432,0,x3_x1,0.0,0.0,0.0,"(492, 3520, 270)","(492.0, 3520.0, 270)"
1297,432,1,x2_x1,0.0,0.0,0.0,"(2570, 5625, 180)","(2570.0, 6749.0, 180)"
1298,432,2,x1_x1,-29282.37117797537,28284.0,996745.0090119218,"(2167, 5061, 90)","(2167.0, 5061.0, 90)"
1299,433,0,x3_x1,0.0,0.0,0.0,"(1462, 1681, 270)","(1462.0, 1681.0, 270)"
1300,433,1,x2_x1,0.0,0.0,0.0,"(2030, 5667, 0)","(2030.0, 5667.0, 0)"
1301,433,2,x1_x1,-50863.45581837595,49228.5,2673080.52804138,"(5092, 3224, 270)","(5092.0, 3224.0, 270)"
1302,434,0,x1_x1,0.0,0.0,0.0,"(4582, 1905, 180)","(4582.0, 1905.0, 180)"
1303,434,1,x2_x1,0.0,0.0,0.0,"(5374, 564, 180)","(5374.0, -491.0, 180)"
1304,434,2,x3_x1,-32879.51886046845,31791.5,1183785.0407350687,"(3768, 2949, 270)","(3064.0, 2949.0, 270)"
1305,435,0,x3_x1,0.0,0.0,0.0,"(647, 1882, 0)","(647.0, 1882.0, 0)"
1306,435,1,x1_x1,0.0,0.0,0.0,"(1188, 5180, 90)","(1188.0, 5180.0, 90)"
1307,435,2,x2_x1,-53411.475789341814,51727.0,2837458.6848787246,"(5331, 2520, 90)","(5331.0, 2520.0, 90)"
1308,436,0,x2_x1,0.0,0.0,0.0,"(2845, 1848, 0)","(2845.0, 1848.0, 0)"
1309,436,1,x1_x1,0.0,0.0,0.0,"(4928, 5298, 90)","(4928.0, 5298.0, 90)"
1310,436,2,x3_x1,-50784.098252849086,49208.5,2482509.8543810835,"(1154, 1399, 180)","(1154.0, 1399.0, 180)"
1311,437,0,x3_x1,0.0,0.0,0.0,"(1209, 3271, 270)","(1209.0, 3271.0, 270)"
1312,437,1,x2_x1,0.0,0.0,0.0,"(4990, 2525, 0)","(4990.0, 2525.0, 0)"
1313,437,2,x1_x1,-38440.2186059604,37311.0,1275134.660047152,"(5353, 954, 270)","(5353.0, 837.0, 270)"
1314,438,0,x2_x1,0.0,0.0,0.0,"(2464, 2195, 270)","(2464.0, 2195.0, 270)"
1315,438,1,x1_x1,0.0,0.0,0.0,"(4916, 1598, 270)","(4916.0, 1598.0, 270)"
1316,438,2,x3_x1,-39124.06117710171,37974.5,1321490.8998994685,"(4094, 5664, 180)","(4094.0, 5664.0, 180)"
1317,439,0,x1_x1,0.0,0.0,0.0,"(1223, 5465, 180)","(361.0, 5465.0, 180)"
1318,439,1,x3_x1,0.0,0.0,0.0,"(1984, 4176, 180)","(1984.0, 4176.0, 180)"
1319,439,2,x2_x1,-40181.24927094357,38939.5,1541941.2518888894,"(4821, 4886, 180)","(4821.0, 4886.0, 180)"
1320,440,0,x3_x1,0.0,0.0,0.0,"(5236, 5176, 180)","(5236.0, 5176.0, 180)"
1321,440,1,x1_x1,0.0,0.0,0.0,"(1833, 4775, 270)","(850.0, 4775.0, 270)"
1322,440,2,x2_x1,-33403.163426588966,32240.5,1351786.2435275977,"(3303, 5399, 0)","(3303.0, 5399.0, 0)"
1323,441,0,x1_x1,0.0,0.0,0.0,"(1389, 2562, 0)","(1389.0, 2562.0, 0)"
1324,441,1,x3_x1,0.0,0.0,0.0,"(1299, 1249, 180)","(1299.0, 209.0, 180)"
1325,441,2,x2_x1,-33540.460859389044,32367.0,1377010.3885180785,"(2093, 3875, 270)","(2950.0, 3875.0, 270)"
1326,442,0,x3_x1,0.0,0.0,0.0,"(627, 1238, 90)","(627.0, 1180.0, 90)"
1327,442,1,x1_x1,0.0,0.0,0.0,"(1026, 4095, 90)","(1026.0, 4323.0, 90)"
1328,442,2,x2_x1,-28862.789069838538,27933.0,864507.7143912136,"(360, 2578, 90)","(360.0, 2578.0, 90)"
1329,443,0,x3_x1,0.0,0.0,0.0,"(4542, 3279, 270)","(4542.0, 3279.0, 270)"
1330,443,1,x1_x1,0.0,0.0,0.0,"(1019, 2702, 0)","(117.0, 2702.0, 0)"
1331,443,2,x2_x1,-33473.443295214485,32490.5,966177.5216071142,"(1805, 2742, 90)","(1805.0, 2742.0, 90)"
1332,444,0,x2_x1,0.0,0.0,0.0,"(5328, 4942, 180)","(5328.0, 4942.0, 180)"
1333,444,1,x1_x1,0.0,0.0,0.0,"(4300, 2630, 270)","(4300.0, 2630.0, 270)"
1334,444,2,x3_x1,-37287.686498119285,36056.5,1515820.1931512305,"(2725, 1366, 0)","(2725.0, 985.0, 0)"
1335,445,0,x1_x1,0.0,0.0,0.0,"(498, 4668, 270)","(498.0, 4668.0, 270)"
1336,445,1,x2_x1,0.0,0.0,0.0,"(172, 954, 180)","(172.0, 954.0, 180)"
1337,445,2,x3_x1,-44389.557517960275,43090.0,1688849.7424870622,"(4298, 4683, 0)","(4298.0, 4683.0, 0)"
1338,446,0,x3_x1,0.0,0.0,0.0,"(2176, 2409, 0)","(2176.0, 2409.0, 0)"
1339,446,1,x2_x1,0.0,0.0,0.0,"(4428, 5850, 0)","(4428.0, 5850.0, 0)"
1340,446,2,x1_x1,-32314.456033501607,31185.5,1274541.7255796816,"(4080, 3440, 180)","(4080.0, 3440.0, 180)"
1341,447,0,x3_x1,0.0,0.0,0.0,"(2781, 412, 180)","(2252.0, 412.0, 180)"
1342,447,1,x2_x1,0.0,0.0,0.0,"(4343, 3501, 180)","(4343.0, 3501.0, 180)"
1343,447,2,x1_x1,-35790.333120392504,34632.5,1340577.5346778422,"(4583, 1433, 270)","(4583.0, 1433.0, 270)"
1344,448,0,x2_x1,0.0,0.0,0.0,"(4743, 5562, 180)","(4743.0, 5562.0, 180)"
1345,448,1,x1_x1,0.0,0.0,0.0,"(4792, 1519, 180)","(4792.0, 1519.0, 180)"
1346,448,2,x3_x1,-44932.174819044645,43647.0,1651674.315506429,"(1620, 797, 0)","(1620.0, 797.0, 0)"
1347,449,0,x2_x1,0.0,0.0,0.0,"(1662, 3222, 270)","(1662.0, 3216.0, 270)"
1348,449,1,x3_x1,0.0,0.0,0.0,"(2030, 4636, 180)","(2030.0, 4636.0, 180)"
1349,449,2,x1_x1,-33060.94426867037,31860.5,1441066.442183534,"(368, 5860, 0)","(368.0, 5860.0, 0)"
1350,450,0,x3_x1,0.0,0.0,0.0,"(4655, 3964, 0)","(4655.0, 3964.0, 0)"
1351,450,1,x1_x1,0.0,0.0,0.0,"(1343, 3625, 0)","(1343.0, 3625.0, 0)"
1352,450,2,x2_x1,-40695.88376567194,39309.5,1922059.9457187173,"(4383, 5273, 270)","(4383.0, 5384.0, 270)"
1353,451,0,x1_x1,0.0,0.0,0.0,"(5951, 5108, 180)","(5951.0, 5108.0, 180)"
1354,451,1,x2_x1,0.0,0.0,0.0,"(1951, 2447, 180)","(1951.0, 2447.0, 180)"
1355,451,2,x3_x1,-51318.49072116656,49669.5,2719170.3984934315,"(1836, 5498, 90)","(1836.0, 5498.0, 90)"
1356,452,0,x1_x1,0.0,0.0,0.0,"(3827, 510, 270)","(3827.0, 510.0, 270)"
1357,452,1,x2_x1,0.0,0.0,0.0,"(5194, 3853, 180)","(5194.0, 3853.0, 180)"
1358,452,2,x3_x1,-47605.451462386445,46194.0,1992195.230672838,"(247, 424, 180)","(247.0, 424.0, 180)"
1359,453,0,x3_x1,0.0,0.0,0.0,"(398, 3312, 180)","(398.0, 3312.0, 180)"
1360,453,1,x1_x1,0.0,0.0,0.0,"(3673, 5676, 90)","(3673.0, 5676.0, 90)"
1361,453,2,x2_x1,-58433.77706326006,56747.0,2845216.861140223,"(1685, 140, 180)","(1685.0, 140.0, 180)"
1362,454,0,x3_x1,0.0,0.0,0.0,"(3342, 1606, 270)","(3342.0, 1606.0, 270)"
1363,454,1,x1_x1,0.0,0.0,0.0,"(3641, 904, 0)","(4860.0, 904.0, 0)"
1364,454,2,x2_x1,-43358.874046747005,41967.5,1935921.7379611372,"(115, 1913, 90)","(115.0, 1913.0, 90)"
1365,455,0,x2_x1,0.0,0.0,0.0,"(1482, 4353, 180)","(1482.0, 4353.0, 180)"
1366,455,1,x1_x1,0.0,0.0,0.0,"(4086, 112, 90)","(4086.0, 112.0, 90)"
1367,455,2,x3_x1,-49516.94883957453,47915.5,2564638.3857746003,"(3883, 4838, 270)","(3883.0, 4838.0, 270)"
1368,456,0,x3_x1,0.0,0.0,0.0,"(2686, 1912, 180)","(2686.0, 1912.0, 180)"
1369,456,1,x1_x1,0.0,0.0,0.0,"(2807, 1925, 0)","(4182.0, 1925.0, 0)"
1370,456,2,x2_x1,-30561.520852318656,29407.5,1331764.1275862749,"(1831, 364, 90)","(1831.0, 364.0, 90)"
1371,457,0,x2_x1,0.0,0.0,0.0,"(786, 4681, 270)","(786.0, 4681.0, 270)"
1372,457,1,x1_x1,0.0,0.0,0.0,"(905, 5199, 0)","(2474.0, 5199.0, 0)"
1373,457,2,x3_x1,-34755.94917330446,33698.0,1119256.4532955945,"(4704, 2339, 180)","(4704.0, 2339.0, 180)"
1374,458,0,x1_x1,0.0,0.0,0.0,"(4070, 2944, 270)","(5411.0, 2944.0, 270)"
1375,458,1,x3_x1,0.0,0.0,0.0,"(3185, 3009, 270)","(3185.0, 3009.0, 270)"
1376,458,2,x2_x1,-41142.158679081054,39757.5,1917279.6575544893,"(1255, 1701, 180)","(1255.0, 1701.0, 180)"
1377,459,0,x2_x1,0.0,0.0,0.0,"(921, 2343, 270)","(714.0, 2343.0, 270)"
1378,459,1,x3_x1,0.0,0.0,0.0,"(5120, 4507, 90)","(5463.0, 4507.0, 90)"
1379,459,2,x1_x1,-38445.69383890838,37142.0,1699617.6256076714,"(3110, 3684, 90)","(3110.0, 3684.0, 90)"
1380,460,0,x1_x1,0.0,0.0,0.0,"(971, 2500, 270)","(971.0, 1247.0, 270)"
1381,460,1,x3_x1,0.0,0.0,0.0,"(2993, 4855, 90)","(2993.0, 4855.0, 90)"
1382,460,2,x2_x1,-32890.05249441353,31914.0,952678.4718508811,"(712, 2992, 270)","(712.0, 2992.0, 270)"
1383,461,0,x1_x1,0.0,0.0,0.0,"(3835, 1733, 0)","(3835.0, 1733.0, 0)"
1384,461,1,x3_x1,0.0,0.0,0.0,"(5260, 5166, 90)","(5260.0, 5166.0, 90)"
1385,461,2,x2_x1,-35141.61207830264,34002.5,1297576.326934961,"(3554, 4604, 0)","(3554.0, 4604.0, 0)"
1386,462,0,x2_x1,0.0,0.0,0.0,"(557, 412, 0)","(557.0, 299.0, 0)"
1387,462,1,x1_x1,0.0,0.0,0.0,"(1382, 1860, 90)","(1382.0, 1860.0, 90)"
1388,462,2,x3_x1,-39432.382206723705,38260.5,1373307.9064356277,"(3027, 5558, 0)","(3027.0, 5558.0, 0)"
1389,463,0,x1_x1,0.0,0.0,0.0,"(4526, 4033, 90)","(4526.0, 4033.0, 90)"
1390,463,1,x3_x1,0.0,0.0,0.0,"(4523, 1607, 90)","(4523.0, 1607.0, 90)"
1391,463,2,x2_x1,-37244.841598749816,35992.5,1568359.4799592437,"(1683, 3090, 180)","(1683.0, 3090.0, 180)"
1392,464,0,x3_x1,0.0,0.0,0.0,"(2428, 905, 0)","(2136.0, 905.0, 0)"
1393,464,1,x2_x1,0.0,0.0,0.0,"(791, 955, 0)","(791.0, 955.0, 0)"
1394,464,2,x1_x1,-35053.16158738528,33768.5,1650355.3941032565,"(3759, 2824, 0)","(3759.0, 2824.0, 0)"
1395,465,0,x1_x1,0.0,0.0,0.0,"(1875, 3275, 90)","(1875.0, 3275.0, 90)"
1396,465,1,x3_x1,0.0,0.0,0.0,"(4922, 4654, 180)","(4922.0, 4654.0, 180)"
1397,465,2,x2_x1,-41478.86740391885,40210.5,1608755.871323848,"(1058, 765, 180)","(1058.0, 765.0, 180)"
1398,466,0,x2_x1,0.0,0.0,0.0,"(2899, 469, 270)","(2899.0, 469.0, 270)"
1399,466,1,x3_x1,0.0,0.0,0.0,"(3714, 1815, 270)","(3714.0, 1815.0, 270)"
1400,466,2,x1_x1,-44950.04851030996,43488.0,2137585.846499579,"(1161, 4173, 90)","(1161.0, 4173.0, 90)"
1401,467,0,x2_x1,0.0,0.0,0.0,"(5600, 5630, 270)","(5600.0, 5630.0, 270)"
1402,467,1,x3_x1,0.0,0.0,0.0,"(4486, 3456, 90)","(4486.0, 3456.0, 90)"
1403,467,2,x1_x1,-39915.28924711294,38596.0,1740524.1175478296,"(5490, 1791, 180)","(6131.0, 1791.0, 180)"
1404,468,0,x1_x1,0.0,0.0,0.0,"(5385, 3933, 0)","(5385.0, 3933.0, 0)"
1405,468,1,x2_x1,0.0,0.0,0.0,"(1436, 3919, 270)","(1436.0, 3919.0, 270)"
1406,468,2,x3_x1,-39554.31993479162,38336.5,1483085.3935758753,"(689, 3437, 180)","(349.0, 3437.0, 180)"
1407,469,0,x1_x1,0.0,0.0,0.0,"(4468, 1161, 270)","(4468.0, 1161.0, 270)"
1408,469,1,x3_x1,0.0,0.0,0.0,"(3958, 3081, 180)","(3958.0, 3081.0, 180)"
1409,469,2,x2_x1,-35506.07003854556,34323.0,1399654.7161041764,"(1621, 1836, 180)","(1621.0, 1836.0, 180)"
1410,470,0,x2_x1,0.0,0.0,0.0,"(1698, 5152, 180)","(1698.0, 5152.0, 180)"
1411,470,1,x3_x1,0.0,0.0,0.0,"(5549, 5253, 0)","(5549.0, 5253.0, 0)"
1412,470,2,x1_x1,-40174.37606695276,38972.5,1444506.0803138448,"(1021, 2908, 270)","(1021.0, 2908.0, 270)"
1413,471,0,x1_x1,0.0,0.0,0.0,"(192, 4244, 0)","(192.0, 4244.0, 0)"
1414,471,1,x3_x1,0.0,0.0,0.0,"(4241, 1377, 270)","(4241.0, 1377.0, 270)"
1415,471,2,x2_x1,-61076.79205875594,59219.5,3449533.7915178747,"(5831, 1661, 270)","(5831.0, 1661.0, 270)"
1416,472,0,x2_x1,0.0,0.0,0.0,"(3132, 5782, 90)","(3132.0, 6005.0, 90)"
1417,472,1,x1_x1,0.0,0.0,0.0,"(4241, 3425, 180)","(4241.0, 3425.0, 180)"
1418,472,2,x3_x1,-37889.959789184286,36613.0,1630626.303193583,"(4410, 820, 180)","(4410.0, 820.0, 180)"
1419,473,0,x2_x1,0.0,0.0,0.0,"(5428, 1088, 180)","(5428.0, 1088.0, 180)"
1420,473,1,x1_x1,0.0,0.0,0.0,"(4965, 3267, 90)","(4965.0, 4362.0, 90)"
1421,473,2,x3_x1,-34594.087709866646,33504.5,1187201.3774924404,"(4988, 2866, 90)","(4988.0, 2866.0, 90)"
1422,474,0,x3_x1,0.0,0.0,0.0,"(995, 2882, 270)","(774.0, 2882.0, 270)"
1423,474,1,x1_x1,0.0,0.0,0.0,"(3127, 2704, 90)","(3127.0, 4145.0, 90)"
1424,474,2,x2_x1,-30845.376513489824,29755.5,1187830.8146567314,"(2340, 2273, 270)","(2340.0, 2273.0, 270)"
1425,475,0,x3_x1,0.0,0.0,0.0,"(2755, 1623, 90)","(2755.0, 1623.0, 90)"
1426,475,1,x1_x1,0.0,0.0,0.0,"(1608, 2821, 90)","(1608.0, 3119.0, 90)"
1427,475,2,x2_x1,-36524.43694374037,35376.0,1318907.413747728,"(5008, 3466, 0)","(5008.0, 3466.0, 0)"
1428,476,0,x2_x1,0.0,0.0,0.0,"(5215, 5692, 180)","(5215.0, 5692.0, 180)"
1429,476,1,x3_x1,0.0,0.0,0.0,"(3047, 4742, 180)","(3047.0, 4742.0, 180)"
1430,476,2,x1_x1,-38731.190682898494,37375.0,1839253.1683806835,"(2349, 4044, 180)","(1424.0, 4044.0, 180)"
1431,477,0,x3_x1,0.0,0.0,0.0,"(3316, 4944, 90)","(3316.0, 4944.0, 90)"
1432,477,1,x2_x1,0.0,0.0,0.0,"(465, 1673, 270)","(465.0, 1673.0, 270)"
1433,477,2,x1_x1,-47365.31755765825,45997.5,1870924.871038185,"(4953, 2851, 270)","(4953.0, 2851.0, 270)"
1434,478,0,x1_x1,0.0,0.0,0.0,"(5455, 2147, 180)","(5455.0, 2147.0, 180)"
1435,478,1,x3_x1,0.0,0.0,0.0,"(295, 2210, 0)","(295.0, 2210.0, 0)"
1436,478,2,x2_x1,-49961.687908234584,48412.5,2399983.1750202505,"(1142, 330, 90)","(1142.0, 330.0, 90)"
1437,479,0,x1_x1,0.0,0.0,0.0,"(2657, 3029, 270)","(2657.0, 3029.0, 270)"
1438,479,1,x3_x1,0.0,0.0,0.0,"(715, 3089, 270)","(304.0, 3089.0, 270)"
1439,479,2,x2_x1,-28169.036634354336,27187.5,963414.1645796379,"(2552, 2104, 180)","(2552.0, 1341.0, 180)"
1440,480,0,x2_x1,0.0,0.0,0.0,"(4267, 1118, 0)","(4267.0, -172.0, 0)"
1441,480,1,x3_x1,0.0,0.0,0.0,"(5819, 462, 90)","(5819.0, -107.0, 90)"
1442,480,2,x1_x1,-26663.73634394444,25699.0,930716.2133272883,"(4558, 1389, 90)","(4558.0, 1389.0, 90)"
1443,481,0,x3_x1,0.0,0.0,0.0,"(5818, 293, 0)","(5818.0, 293.0, 0)"
1444,481,1,x2_x1,0.0,0.0,0.0,"(510, 2628, 0)","(351.0, 2628.0, 0)"
1445,481,2,x1_x1,-44499.57940115387,43247.0,1568955.156194975,"(2096, 3683, 180)","(2096.0, 3683.0, 180)"
1446,482,0,x1_x1,0.0,0.0,0.0,"(1777, 536, 180)","(1777.0, 536.0, 180)"
1447,482,1,x2_x1,0.0,0.0,0.0,"(1542, 4322, 180)","(1542.0, 4322.0, 180)"
1448,482,2,x3_x1,-36332.35048819779,35100.5,1517455.6252731383,"(955, 2763, 0)","(955.0, 2763.0, 0)"
1449,483,0,x3_x1,0.0,0.0,0.0,"(5189, 1419, 180)","(5189.0, 1419.0, 180)"
1450,483,1,x1_x1,0.0,0.0,0.0,"(2939, 340, 270)","(2939.0, -944.0, 270)"
1451,483,2,x2_x1,-29424.349732453105,28464.5,921311.508890299,"(3657, 801, 270)","(3657.0, 801.0, 270)"
1452,484,0,x3_x1,0.0,0.0,0.0,"(3471, 3243, 270)","(3471.0, 4498.0, 270)"
1453,484,1,x2_x1,0.0,0.0,0.0,"(2637, 1299, 270)","(2637.0, 1130.0, 270)"
1454,484,2,x1_x1,-29772.846333318517,28757.0,1031943.7729166794,"(3674, 3002, 270)","(3674.0, 3002.0, 270)"
1455,485,0,x3_x1,0.0,0.0,0.0,"(2197, 5255, 90)","(2197.0, 5255.0, 90)"
1456,485,1,x1_x1,0.0,0.0,0.0,"(1714, 521, 180)","(1714.0, 521.0, 180)"
1457,485,2,x2_x1,-48320.79506696448,46687.5,2667652.7757705026,"(29, 4853, 270)","(29.0, 4853.0, 270)"
1458,486,0,x1_x1,0.0,0.0,0.0,"(4589, 5503, 90)","(4589.0, 5503.0, 90)"
1459,486,1,x3_x1,0.0,0.0,0.0,"(5966, 3475, 270)","(5966.0, 3475.0, 270)"
1460,486,2,x2_x1,-36278.94100296925,35012.0,1605139.5050047338,"(3312, 2733, 90)","(3312.0, 2733.0, 90)"
1461,487,0,x3_x1,0.0,0.0,0.0,"(305, 3161, 90)","(305.0, 3161.0, 90)"
1462,487,1,x1_x1,0.0,0.0,0.0,"(4914, 5215, 180)","(6167.0, 5215.0, 180)"
1463,487,2,x2_x1,-41164.28783990435,40038.0,1268524.2983164054,"(4606, 5738, 90)","(4606.0, 5738.0, 90)"
1464,488,0,x2_x1,0.0,0.0,0.0,"(2418, 2840, 90)","(2418.0, 2840.0, 90)"
1465,488,1,x1_x1,0.0,0.0,0.0,"(3830, 4503, 0)","(3979.0, 4503.0, 0)"
1466,488,2,x3_x1,-37446.03633702988,36299.5,1314545.5721298994,"(848, 369, 270)","(848.0, 369.0, 270)"
1467,489,0,x3_x1,0.0,0.0,0.0,"(5868, 2829, 180)","(5868.0, 2829.0, 180)"
1468,489,1,x2_x1,0.0,0.0,0.0,"(2364, 1649, 0)","(2364.0, 1649.0, 0)"
1469,489,2,x1_x1,-56504.48789617162,54935.0,2463292.2562292046,"(593, 5821, 90)","(593.0, 5821.0, 90)"
1470,490,0,x1_x1,0.0,0.0,0.0,"(5119, 1048, 0)","(5119.0, 1048.0, 0)"
1471,490,1,x2_x1,0.0,0.0,0.0,"(3261, 3536, 270)","(3261.0, 3536.0, 270)"
1472,490,2,x3_x1,-39236.94304828651,37918.0,1739610.7646233079,"(3592, 5382, 180)","(3592.0, 5382.0, 180)"
1473,491,0,x3_x1,0.0,0.0,0.0,"(1976, 111, 0)","(1976.0, 111.0, 0)"
1474,491,1,x2_x1,0.0,0.0,0.0,"(4356, 2210, 270)","(5351.0, 2210.0, 270)"
1475,491,2,x1_x1,-36848.18296268724,35616.5,1517042.920574027,"(2955, 2845, 90)","(2955.0, 2845.0, 90)"
1476,492,0,x3_x1,0.0,0.0,0.0,"(5395, 5186, 90)","(5395.0, 5186.0, 90)"
1477,492,1,x2_x1,0.0,0.0,0.0,"(36, 346, 270)","(36.0, 346.0, 270)"
1478,492,2,x1_x1,-51717.61586983216,50248.0,2159770.804862531,"(1519, 4265, 270)","(1519.0, 4265.0, 270)"
1479,493,0,x2_x1,0.0,0.0,0.0,"(943, 5698, 90)","(943.0, 5803.0, 90)"
1480,493,1,x1_x1,0.0,0.0,0.0,"(3659, 3110, 180)","(3659.0, 3110.0, 180)"
1481,493,2,x3_x1,-41627.97252090746,40184.0,2085056.641135843,"(1173, 4405, 270)","(1173.0, 4405.0, 270)"
1482,494,0,x1_x1,0.0,0.0,0.0,"(1267, 2549, 270)","(1267.0, 2549.0, 270)"
1483,494,1,x2_x1,0.0,0.0,0.0,"(3091, 5582, 0)","(3091.0, 5582.0, 0)"
1484,494,2,x3_x1,-39601.214136872404,38225.5,1892589.3863905843,"(484, 3017, 180)","(484.0, 4067.0, 180)"
1485,495,0,x3_x1,0.0,0.0,0.0,"(3, 4290, 180)","(3.0, 4290.0, 180)"
1486,495,1,x1_x1,0.0,0.0,0.0,"(570, 5604, 0)","(570.0, 6516.0, 0)"
1487,495,2,x2_x1,-55557.95003181049,53802.5,3081604.814183466,"(2136, 774, 0)","(2136.0, 774.0, 0)"
1488,496,0,x2_x1,0.0,0.0,0.0,"(3475, 1413, 180)","(3475.0, 1413.0, 180)"
1489,496,1,x3_x1,0.0,0.0,0.0,"(5110, 781, 0)","(5110.0, 781.0, 0)"
1490,496,2,x1_x1,-38832.82411970121,37496.5,1785762.1528952108,"(1210, 3190, 270)","(1210.0, 3190.0, 270)"
1491,497,0,x2_x1,0.0,0.0,0.0,"(3175, 2407, 0)","(3175.0, 2407.0, 0)"
1492,497,1,x1_x1,0.0,0.0,0.0,"(3551, 1576, 90)","(3551.0, 719.0, 90)"
1493,497,2,x3_x1,-27156.811099764596,26206.5,903091.1863357972,"(768, 1600, 180)","(768.0, 1600.0, 180)"
1494,498,0,x1_x1,0.0,0.0,0.0,"(3812, 3512, 180)","(3812.0, 3512.0, 180)"
1495,498,1,x2_x1,0.0,0.0,0.0,"(4893, 2293, 270)","(5500.0, 2293.0, 270)"
1496,498,2,x3_x1,-33816.21311731418,32641.5,1379950.9079899956,"(2901, 615, 0)","(2901.0, 615.0, 0)"
1497,499,0,x2_x1,0.0,0.0,0.0,"(2174, 414, 180)","(2174.0, 414.0, 180)"
1498,499,1,x1_x1,0.0,0.0,0.0,"(2519, 5742, 270)","(2519.0, 5742.0, 270)"
1499,499,2,x3_x1,-49820.023173248446,48426.0,1943300.6075536772,"(1784, 5914, 180)","(1784.0, 7260.0, 180)"
1500,500,0,x1_x1,0.0,0.0,0.0,"(3818, 1491, 0)","(3818.0, 1491.0, 0)"
1501,500,1,x3_x1,0.0,0.0,0.0,"(4323, 5438, 180)","(4323.0, 5438.0, 180)"
1502,500,2,x2_x1,-39989.211569868225,38781.0,1459775.1975634454,"(1082, 1748, 180)","(1082.0, 1748.0, 180)"
1503,501,0,x3_x1,0.0,0.0,0.0,"(619, 4090, 0)","(619.0, 4971.0, 0)"
1504,501,1,x1_x1,0.0,0.0,0.0,"(392, 2618, 0)","(392.0, 2618.0, 0)"
1505,501,2,x2_x1,-38890.744745412936,37591.0,1689336.403228546,"(2114, 475, 0)","(2137.0, 475.0, 0)"
1506,502,0,x3_x1,0.0,0.0,0.0,"(1205, 2298, 90)","(1205.0, 2298.0, 90)"
1507,502,1,x1_x1,0.0,0.0,0.0,"(1592, 306, 90)","(1592.0, 306.0, 90)"
1508,502,2,x2_x1,-35621.660304727884,34353.5,1608230.5584875261,"(4733, 1748, 180)","(4733.0, 1748.0, 180)"
1509,503,0,x3_x1,0.0,0.0,0.0,"(3181, 2349, 270)","(3181.0, 2349.0, 270)"
1510,503,1,x2_x1,0.0,0.0,0.0,"(1998, 5302, 90)","(1998.0, 5302.0, 90)"
1511,503,2,x1_x1,-60954.41055921722,59072.0,3543469.51345248,"(5294, 41, 180)","(5294.0, 41.0, 180)"
1512,504,0,x2_x1,0.0,0.0,0.0,"(5249, 726, 180)","(5249.0, 726.0, 180)"
1513,504,1,x3_x1,0.0,0.0,0.0,"(2407, 1662, 90)","(2407.0, 1662.0, 90)"
1514,504,2,x1_x1,-63912.67856649371,61985.0,3715944.655719257,"(124, 5007, 180)","(124.0, 5007.0, 180)"
1515,505,0,x2_x1,0.0,0.0,0.0,"(444, 1161, 270)","(444.0, 1161.0, 270)"
1516,505,1,x1_x1,0.0,0.0,0.0,"(962, 5078, 0)","(962.0, 5078.0, 0)"
1517,505,2,x3_x1,-45996.136609012894,44696.0,1690355.2020955556,"(4304, 1082, 90)","(4304.0, 1082.0, 90)"
1518,506,0,x1_x1,0.0,0.0,0.0,"(4185, 1628, 90)","(4185.0, 1628.0, 90)"
1519,506,1,x2_x1,0.0,0.0,0.0,"(4024, 3501, 180)","(4024.0, 3501.0, 180)"
1520,506,2,x3_x1,-32183.10522839101,31150.5,1066273.5577004545,"(5955, 5478, 90)","(5955.0, 5478.0, 90)"
1521,507,0,x3_x1,0.0,0.0,0.0,"(1251, 4459, 90)","(1251.0, 5383.0, 90)"
1522,507,1,x2_x1,0.0,0.0,0.0,"(124, 3205, 0)","(-260.0, 3205.0, 0)"
1523,507,2,x1_x1,-31536.571371560756,30435.5,1212358.1652706875,"(2320, 3887, 270)","(2320.0, 3887.0, 270)"
1524,508,0,x2_x1,0.0,0.0,0.0,"(5406, 415, 270)","(5406.0, 415.0, 270)"
1525,508,1,x3_x1,0.0,0.0,0.0,"(1679, 3200, 270)","(1679.0, 3200.0, 270)"
1526,508,2,x1_x1,-58782.64627776974,57015.0,3124573.3633132093,"(3568, 5843, 0)","(3568.0, 5843.0, 0)"
1527,509,0,x3_x1,0.0,0.0,0.0,"(4827, 1971, 180)","(4827.0, 1971.0, 180)"
1528,509,1,x2_x1,0.0,0.0,0.0,"(3210, 4650, 180)","(2208.0, 4650.0, 180)"
1529,509,2,x1_x1,-34097.02463591177,33042.5,1112022.2077448394,"(3953, 4929, 180)","(3953.0, 4929.0, 180)"
1530,510,0,x3_x1,0.0,0.0,0.0,"(1171, 331, 0)","(-306.0, 331.0, 0)"
1531,510,1,x1_x1,0.0,0.0,0.0,"(2342, 944, 180)","(2342.0, 944.0, 180)"
1532,510,2,x2_x1,-28650.39119734421,27688.5,925234.675528274,"(1676, 141, 270)","(781.0, 141.0, 270)"
1533,511,0,x1_x1,0.0,0.0,0.0,"(2504, 5155, 0)","(2504.0, 5155.0, 0)"
1534,511,1,x2_x1,0.0,0.0,0.0,"(158, 1170, 0)","(158.0, 1141.0, 0)"
1535,511,2,x3_x1,-44423.73521862601,42901.0,2318722.5460440046,"(1174, 2250, 0)","(1174.0, 2250.0, 0)"
1536,512,0,x3_x1,0.0,0.0,0.0,"(476, 3830, 0)","(476.0, 3830.0, 0)"
1537,512,1,x2_x1,0.0,0.0,0.0,"(1395, 2142, 270)","(1395.0, 2142.0, 270)"
1538,512,2,x1_x1,-31902.37327560689,30842.0,1124391.483621285,"(3537, 2824, 180)","(3537.0, 2824.0, 180)"
1539,513,0,x3_x1,0.0,0.0,0.0,"(5401, 1010, 270)","(5401.0, 1010.0, 270)"
1540,513,1,x2_x1,0.0,0.0,0.0,"(3116, 2591, 270)","(3116.0, 2591.0, 270)"
1541,513,2,x1_x1,-32823.20078240827,31709.5,1240329.4327367926,"(3805, 4758, 270)","(3805.0, 4758.0, 270)"
1542,514,0,x1_x1,0.0,0.0,0.0,"(5749, 3099, 0)","(6092.0, 3099.0, 0)"
1543,514,1,x3_x1,0.0,0.0,0.0,"(3329, 5327, 180)","(3329.0, 5327.0, 180)"
1544,514,2,x2_x1,-31166.78440714386,30119.0,1097852.1638538127,"(4220, 3735, 0)","(4220.0, 3735.0, 0)"
1545,515,0,x2_x1,0.0,0.0,0.0,"(1868, 3849, 90)","(1868.0, 3849.0, 90)"
1546,515,1,x3_x1,0.0,0.0,0.0,"(1418, 368, 90)","(1418.0, 368.0, 90)"
1547,515,2,x1_x1,-47329.93260443765,45898.5,2048999.3010471454,"(5840, 2521, 180)","(5840.0, 2521.0, 180)"
1548,516,0,x3_x1,0.0,0.0,0.0,"(1963, 130, 180)","(1963.0, 130.0, 180)"
1549,516,1,x2_x1,0.0,0.0,0.0,"(5016, 5960, 180)","(5016.0, 5960.0, 180)"
1550,516,2,x1_x1,-50255.20959484021,48932.0,1750883.6318772053,"(837, 5207, 180)","(837.0, 5207.0, 180)"
1551,517,0,x2_x1,0.0,0.0,0.0,"(3935, 4090, 0)","(3935.0, 4730.0, 0)"
1552,517,1,x3_x1,0.0,0.0,0.0,"(3696, 3500, 180)","(3696.0, 3621.0, 180)"
1553,517,2,x1_x1,-29496.942614040123,28394.0,1216482.4098656587,"(4578, 1976, 90)","(4578.0, 1976.0, 90)"
1554,518,0,x3_x1,0.0,0.0,0.0,"(4984, 2885, 270)","(4984.0, 2885.0, 270)"
1555,518,1,x1_x1,0.0,0.0,0.0,"(889, 1071, 180)","(178.0, 1071.0, 180)"
1556,518,2,x2_x1,-35569.53808455558,34427.5,1304250.9865753795,"(1923, 2458, 0)","(1923.0, 2458.0, 0)"
1557,519,0,x3_x1,0.0,0.0,0.0,"(4614, 735, 180)","(5624.0, 735.0, 180)"
1558,519,1,x1_x1,0.0,0.0,0.0,"(4128, 1267, 0)","(4128.0, 1267.0, 0)"
1559,519,2,x2_x1,-31813.64841748169,30671.5,1304503.0075559265,"(4591, 3186, 180)","(4591.0, 3663.0, 180)"
1560,520,0,x1_x1,0.0,0.0,0.0,"(5932, 4801, 90)","(5932.0, 4801.0, 90)"
1561,520,1,x2_x1,0.0,0.0,0.0,"(3204, 4303, 270)","(3204.0, 4303.0, 270)"
1562,520,2,x3_x1,-41243.4928930056,40026.5,1481071.7016261267,"(5580, 321, 270)","(5580.0, 321.0, 270)"
1563,521,0,x1_x1,0.0,0.0,0.0,"(591, 2924, 270)","(591.0, 2924.0, 270)"
1564,521,1,x3_x1,0.0,0.0,0.0,"(568, 1654, 180)","(568.0, 1279.0, 180)"
1565,521,2,x2_x1,-60085.95739682273,58294.0,3211111.3120276835,"(5822, 5346, 90)","(5822.0, 5346.0, 90)"
1566,522,0,x1_x1,0.0,0.0,0.0,"(915, 5160, 90)","(915.0, 5160.0, 90)"
1567,522,1,x3_x1,0.0,0.0,0.0,"(863, 2424, 0)","(863.0, 2424.0, 0)"
1568,522,2,x2_x1,-43673.72911599212,42333.5,1796214.0833530219,"(1648, 648, 90)","(1648.0, 648.0, 90)"
1569,523,0,x2_x1,0.0,0.0,0.0,"(5734, 3667, 180)","(5734.0, 3667.0, 180)"
1570,523,1,x1_x1,0.0,0.0,0.0,"(3339, 4471, 180)","(3339.0, 4471.0, 180)"
1571,523,2,x3_x1,-37655.49498443846,36534.5,1256629.7551361904,"(2476, 803, 90)","(2476.0, 803.0, 90)"
1572,524,0,x3_x1,0.0,0.0,0.0,"(5659, 4168, 90)","(5659.0, 4168.0, 90)"
1573,524,1,x2_x1,0.0,0.0,0.0,"(1421, 4265, 90)","(1421.0, 4265.0, 90)"
1574,524,2,x1_x1,-41865.91931690751,40392.5,2170964.4834361905,"(4619, 1987, 90)","(4619.0, 1987.0, 90)"
1575,525,0,x3_x1,0.0,0.0,0.0,"(5377, 2633, 180)","(5377.0, 2633.0, 180)"
1576,525,1,x2_x1,0.0,0.0,0.0,"(250, 1272, 0)","(250.0, 1272.0, 0)"
1577,525,2,x1_x1,-44037.065325048046,42736.5,1691470.164717328,"(1271, 4004, 180)","(1271.0, 4004.0, 180)"
1578,526,0,x2_x1,0.0,0.0,0.0,"(4698, 2966, 180)","(4861.0, 2966.0, 180)"
1579,526,1,x1_x1,0.0,0.0,0.0,"(2989, 1455, 180)","(2989.0, 1455.0, 180)"
1580,526,2,x3_x1,-33193.941619853074,32105.5,1184705.159828392,"(1448, 3830, 180)","(1448.0, 3830.0, 180)"
1581,527,0,x3_x1,0.0,0.0,0.0,"(1170, 2777, 180)","(1170.0, 2777.0, 180)"
1582,527,1,x2_x1,0.0,0.0,0.0,"(3823, 1388, 180)","(3823.0, 1388.0, 180)"
1583,527,2,x1_x1,-32813.83263852678,31838.0,952249.3384141299,"(4286, 1559, 180)","(5568.0, 1559.0, 180)"
1584,528,0,x1_x1,0.0,0.0,0.0,"(522, 1350, 0)","(522.0, 1350.0, 0)"
1585,528,1,x2_x1,0.0,0.0,0.0,"(3947, 1737, 180)","(3947.0, 1737.0, 180)"
1586,528,2,x3_x1,-47155.78888958208,45790.0,1865379.2909058474,"(3669, 5456, 0)","(3669.0, 5456.0, 0)"
1587,529,0,x3_x1,0.0,0.0,0.0,"(3489, 2760, 0)","(3489.0, 2760.0, 0)"
1588,529,1,x1_x1,0.0,0.0,0.0,"(5074, 2963, 270)","(5820.0, 2963.0, 270)"
1589,529,2,x2_x1,-49358.43989972283,47701.5,2745449.8312935005,"(1612, 4958, 180)","(1612.0, 4958.0, 180)"
1590,530,0,x2_x1,0.0,0.0,0.0,"(1932, 263, 0)","(2007.0, 263.0, 0)"
1591,530,1,x1_x1,0.0,0.0,0.0,"(187, 4719, 270)","(187.0, 4719.0, 270)"
1592,530,2,x3_x1,-45169.10287887024,43686.5,2198111.2964343308,"(714, 34, 270)","(714.0, 34.0, 270)"
1593,531,0,x3_x1,0.0,0.0,0.0,"(2119, 4331, 0)","(1838.0, 4331.0, 0)"
1594,531,1,x2_x1,0.0,0.0,0.0,"(3109, 5017, 0)","(3109.0, 5017.0, 0)"
1595,531,2,x1_x1,-32091.939663131805,30957.0,1288088.0389497352,"(4763, 5410, 180)","(4981.0, 5410.0, 180)"
1596,532,0,x1_x1,0.0,0.0,0.0,"(933, 1609, 90)","(933.0, 1218.0, 90)"
1597,532,1,x3_x1,0.0,0.0,0.0,"(557, 2736, 0)","(557.0, 2736.0, 0)"
1598,532,2,x2_x1,-54474.9170309905,52732.5,3036017.1098857606,"(4859, 5154, 90)","(4859.0, 5154.0, 90)"
1599,533,0,x3_x1,0.0,0.0,0.0,"(3726, 1103, 270)","(3726.0, 1103.0, 270)"
1600,533,1,x2_x1,0.0,0.0,0.0,"(2710, 3216, 0)","(2710.0, 3216.0, 0)"
1601,533,2,x1_x1,-33191.70800062278,32086.0,1222590.1826412135,"(1440, 3553, 270)","(257.0, 3553.0, 270)"
1602,534,0,x1_x1,0.0,0.0,0.0,"(3363, 2085, 270)","(3363.0, 2085.0, 270)"
1603,534,1,x2_x1,0.0,0.0,0.0,"(4406, 3275, 90)","(4406.0, 3830.0, 90)"
1604,534,2,x3_x1,-38367.22965564509,37193.5,1377641.304540741,"(435, 85, 270)","(435.0, 85.0, 270)"
1605,535,0,x3_x1,0.0,0.0,0.0,"(4968, 3876, 270)","(5066.0, 3876.0, 270)"
1606,535,1,x2_x1,0.0,0.0,0.0,"(3276, 1919, 180)","(3276.0, 1919.0, 180)"
1607,535,2,x1_x1,-34671.930413296424,33530.0,1304005.0688113405,"(2713, 4348, 90)","(2713.0, 4348.0, 90)"
1608,536,0,x2_x1,0.0,0.0,0.0,"(5466, 531, 90)","(5466.0, 531.0, 90)"
1609,536,1,x1_x1,0.0,0.0,0.0,"(2431, 2477, 180)","(2431.0, 2477.0, 180)"
1610,536,2,x3_x1,-42255.843650062285,40881.5,1888820.4684665152,"(1208, 285, 90)","(1208.0, 146.0, 90)"
1611,537,0,x2_x1,0.0,0.0,0.0,"(3645, 1708, 90)","(3645.0, 1708.0, 90)"
1612,537,1,x3_x1,0.0,0.0,0.0,"(757, 5091, 0)","(757.0, 5091.0, 0)"
1613,537,2,x1_x1,-42749.42316076801,41579.5,1368720.2021014243,"(4535, 1129, 90)","(4535.0, -164.0, 90)"
1614,538,0,x2_x1,0.0,0.0,0.0,"(3140, 4522, 90)","(3140.0, 4522.0, 90)"
1615,538,1,x1_x1,0.0,0.0,0.0,"(5245, 1011, 0)","(5245.0, 1011.0, 0)"
1616,538,2,x3_x1,-44823.07930274398,43266.5,2422939.1257309387,"(5068, 5187, 90)","(5068.0, 5187.0, 90)"
1617,539,0,x3_x1,0.0,0.0,0.0,"(1107, 3423, 0)","(1107.0, 3423.0, 0)"
1618,539,1,x2_x1,0.0,0.0,0.0,"(4897, 2540, 270)","(4897.0, 2540.0, 270)"
1619,539,2,x1_x1,-39516.942558729934,38315.5,1443464.2219275353,"(5464, 136, 90)","(5464.0, 136.0, 90)"
1620,540,0,x3_x1,0.0,0.0,0.0,"(5037, 4562, 90)","(5037.0, 4562.0, 90)"
1621,540,1,x1_x1,0.0,0.0,0.0,"(4719, 1515, 0)","(4719.0, 1515.0, 0)"
1622,540,2,x2_x1,-31311.876508504276,30292.5,1039128.4660903686,"(2873, 1225, 270)","(2873.0, 1225.0, 270)"
1623,541,0,x1_x1,0.0,0.0,0.0,"(1263, 3175, 180)","(1263.0, 3175.0, 180)"
1624,541,1,x2_x1,0.0,0.0,0.0,"(3831, 2314, 270)","(3831.0, 2314.0, 270)"
1625,541,2,x3_x1,-34953.33306257222,33756.5,1432409.379666006,"(426, 2405, 180)","(-233.0, 2405.0, 180)"
1626,542,0,x1_x1,0.0,0.0,0.0,"(3237, 2836, 90)","(3237.0, 2836.0, 90)"
1627,542,1,x3_x1,0.0,0.0,0.0,"(1660, 2568, 180)","(906.0, 2568.0, 180)"
1628,542,2,x2_x1,-36539.266738086706,35347.5,1420307.9580098279,"(2216, 34, 180)","(2216.0, 34.0, 180)"
1629,543,0,x3_x1,0.0,0.0,0.0,"(3740, 2559, 270)","(3740.0, 2559.0, 270)"
1630,543,1,x2_x1,0.0,0.0,0.0,"(1370, 5079, 0)","(1370.0, 5079.0, 0)"
1631,543,2,x1_x1,-64861.425056682536,62934.0,3714967.3491276857,"(5427, 70, 270)","(5427.0, 70.0, 270)"
1632,544,0,x2_x1,0.0,0.0,0.0,"(1084, 1673, 0)","(1084.0, 1673.0, 0)"
1633,544,1,x1_x1,0.0,0.0,0.0,"(3853, 455, 90)","(3853.0, 455.0, 90)"
1634,544,2,x3_x1,-44559.49974451507,43265.5,1674435.3388050657,"(5250, 5650, 0)","(5250.0, 5650.0, 0)"
1635,545,0,x2_x1,0.0,0.0,0.0,"(5435, 2652, 90)","(5435.0, 1861.0, 90)"
1636,545,1,x3_x1,0.0,0.0,0.0,"(569, 898, 0)","(569.0, 898.0, 0)"
1637,545,2,x1_x1,-42273.163773327105,41101.0,1373967.9115004311,"(4863, 4441, 180)","(4863.0, 4441.0, 180)"
1638,546,0,x2_x1,0.0,0.0,0.0,"(30, 4702, 0)","(30.0, 4702.0, 0)"
1639,546,1,x3_x1,0.0,0.0,0.0,"(5149, 4344, 0)","(5149.0, 4344.0, 0)"
1640,546,2,x1_x1,-40067.58737225102,38898.0,1367934.6213290447,"(620, 2277, 180)","(620.0, 2277.0, 180)"
1641,547,0,x2_x1,0.0,0.0,0.0,"(919, 3026, 0)","(919.0, 2626.0, 0)"
1642,547,1,x3_x1,0.0,0.0,0.0,"(4717, 5581, 90)","(4717.0, 5581.0, 90)"
1643,547,2,x1_x1,-37079.51930274873,35917.0,1351451.129263399,"(2273, 5022, 0)","(2273.0, 5022.0, 0)"
1644,548,0,x3_x1,0.0,0.0,0.0,"(2666, 2270, 0)","(2666.0, 2270.0, 0)"
1645,548,1,x1_x1,0.0,0.0,0.0,"(3057, 4751, 0)","(3057.0, 4751.0, 0)"
1646,548,2,x2_x1,-34551.71308438152,33358.0,1424950.9278236318,"(5333, 5399, 180)","(5333.0, 5399.0, 180)"
1647,549,0,x3_x1,0.0,0.0,0.0,"(1056, 2415, 180)","(1056.0, 2415.0, 180)"
1648,549,1,x1_x1,0.0,0.0,0.0,"(3483, 3861, 180)","(3483.0, 3861.0, 180)"
1649,549,2,x2_x1,-33291.68073527862,32228.0,1131416.7066028728,"(3698, 1419, 180)","(3698.0, 1419.0, 180)"
1650,550,0,x2_x1,0.0,0.0,0.0,"(3632, 2718, 180)","(3632.0, 2718.0, 180)"
1651,550,1,x3_x1,0.0,0.0,0.0,"(431, 1348, 90)","(431.0, 1348.0, 90)"
1652,550,2,x1_x1,-42193.67046010922,40812.0,1909013.2603384163,"(342, 4243, 0)","(342.0, 4243.0, 0)"
1653,551,0,x3_x1,0.0,0.0,0.0,"(3126, 1775, 0)","(3126.0, 2485.0, 0)"
1654,551,1,x2_x1,0.0,0.0,0.0,"(4847, 2165, 270)","(5111.0, 2165.0, 270)"
1655,551,2,x1_x1,-30856.083589162332,29707.0,1320393.0948821837,"(3423, 132, 180)","(3423.0, 132.0, 180)"
1656,552,0,x1_x1,0.0,0.0,0.0,"(4804, 655, 180)","(4804.0, 655.0, 180)"
1657,552,1,x2_x1,0.0,0.0,0.0,"(3192, 5158, 180)","(3192.0, 5158.0, 180)"
1658,552,2,x3_x1,-50633.47883018524,49089.5,2383870.628060186,"(2431, 5355, 180)","(1794.0, 5355.0, 180)"
1659,553,0,x3_x1,0.0,0.0,0.0,"(5162, 3217, 90)","(5162.0, 3217.0, 90)"
1660,553,1,x1_x1,0.0,0.0,0.0,"(5189, 4594, 0)","(5189.0, 5421.0, 0)"
1661,553,2,x2_x1,-37668.54682349424,36336.5,1774348.7399810944,"(5952, 1581, 90)","(5952.0, 1581.0, 90)"
1662,554,0,x1_x1,0.0,0.0,0.0,"(3236, 4064, 90)","(3236.0, 4064.0, 90)"
1663,554,1,x2_x1,0.0,0.0,0.0,"(3777, 1535, 180)","(3777.0, 1535.0, 180)"
1664,554,2,x3_x1,-38383.48339106039,37222.5,1347882.4343180847,"(388, 5111, 180)","(388.0, 5111.0, 180)"
1665,555,0,x3_x1,0.0,0.0,0.0,"(402, 1699, 270)","(402.0, 1699.0, 270)"
1666,555,1,x2_x1,0.0,0.0,0.0,"(1397, 3036, 180)","(1397.0, 3036.0, 180)"
1667,555,2,x1_x1,-28193.165415209623,27190.5,1005337.9348574836,"(1618, 3681, 270)","(1618.0, 4724.0, 270)"
1668,556,0,x3_x1,0.0,0.0,0.0,"(5874, 1950, 270)","(6609.0, 1950.0, 270)"
1669,556,1,x1_x1,0.0,0.0,0.0,"(4964, 1483, 180)","(4964.0, 1483.0, 180)"
1670,556,2,x2_x1,-54638.352129036335,52927.0,2928726.10955719,"(1909, 5110, 270)","(1909.0, 5110.0, 270)"
1671,557,0,x2_x1,0.0,0.0,0.0,"(5711, 4537, 180)","(5711.0, 4537.0, 180)"
1672,557,1,x3_x1,0.0,0.0,0.0,"(1322, 5847, 270)","(1322.0, 5847.0, 270)"
1673,557,2,x1_x1,-40212.872832012006,38983.5,1511357.5600892182,"(1622, 4053, 270)","(1622.0, 4053.0, 270)"
1674,558,0,x2_x1,0.0,0.0,0.0,"(4176, 3464, 270)","(4584.0, 3464.0, 270)"
1675,558,1,x1_x1,0.0,0.0,0.0,"(2896, 5323, 180)","(2896.0, 5323.0, 180)"
1676,558,2,x3_x1,-43816.92781200142,42483.5,1778029.7298189008,"(761, 1347, 180)","(761.0, 1347.0, 180)"
1677,559,0,x2_x1,0.0,0.0,0.0,"(1737, 1675, 90)","(1737.0, 1675.0, 90)"
1678,559,1,x3_x1,0.0,0.0,0.0,"(5269, 2365, 0)","(5269.0, 2365.0, 0)"
1679,559,2,x1_x1,-42266.25394691734,40973.0,1672505.7712172898,"(625, 228, 270)","(625.0, -197.0, 270)"
1680,560,0,x3_x1,0.0,0.0,0.0,"(3472, 1946, 90)","(4456.0, 1946.0, 90)"
1681,560,1,x1_x1,0.0,0.0,0.0,"(2103, 2305, 270)","(2103.0, 2305.0, 270)"
1682,560,2,x2_x1,-28266.383190642147,27254.5,1023907.5915041303,"(2313, 2174, 90)","(2313.0, 433.0, 90)"
1683,561,0,x1_x1,0.0,0.0,0.0,"(489, 3366, 180)","(489.0, 3366.0, 180)"
1684,561,1,x3_x1,0.0,0.0,0.0,"(4024, 3638, 0)","(4024.0, 3638.0, 0)"
1685,561,2,x2_x1,-44683.48257422901,43204.5,2187389.4548730655,"(4711, 1510, 90)","(4711.0, 1510.0, 90)"
1686,562,0,x2_x1,0.0,0.0,0.0,"(1309, 949, 0)","(1288.0, 949.0, 0)"
1687,562,1,x1_x1,0.0,0.0,0.0,"(3868, 2034, 270)","(3868.0, 2034.0, 270)"
1688,562,2,x3_x1,-35594.50960684869,34388.5,1454459.1718113292,"(5138, 3745, 90)","(5138.0, 3745.0, 90)"
1689,563,0,x3_x1,0.0,0.0,0.0,"(3939, 4159, 0)","(3939.0, 4159.0, 0)"
1690,563,1,x1_x1,0.0,0.0,0.0,"(494, 5689, 0)","(494.0, 5689.0, 0)"
1691,563,2,x2_x1,-31317.366031308695,30285.0,1065779.6226000686,"(2062, 5191, 270)","(2062.0, 5191.0, 270)"
1692,564,0,x1_x1,0.0,0.0,0.0,"(5208, 2326, 270)","(5208.0, 2326.0, 270)"
1693,564,1,x3_x1,0.0,0.0,0.0,"(2239, 96, 0)","(2239.0, 96.0, 0)"
1694,564,2,x2_x1,-36452.088861541706,35177.0,1625851.6048277158,"(2167, 1937, 270)","(2167.0, 1937.0, 270)"
1695,565,0,x3_x1,0.0,0.0,0.0,"(5538, 1229, 0)","(5538.0, 1229.0, 0)"
1696,565,1,x1_x1,0.0,0.0,0.0,"(5695, 73, 0)","(5695.0, -997.0, 0)"
1697,565,2,x2_x1,-55449.2200972027,53735.5,2936836.571556424,"(4416, 5652, 90)","(4416.0, 5652.0, 90)"
1698,566,0,x2_x1,0.0,0.0,0.0,"(5307, 1394, 180)","(5307.0, 1394.0, 180)"
1699,566,1,x3_x1,0.0,0.0,0.0,"(4910, 4400, 90)","(4910.0, 4400.0, 90)"
1700,566,2,x1_x1,-45158.56141322682,43953.0,1453378.3210614307,"(732, 1051, 180)","(732.0, 1051.0, 180)"
1701,567,0,x3_x1,0.0,0.0,0.0,"(4863, 2986, 180)","(4863.0, 2986.0, 180)"
1702,567,1,x2_x1,0.0,0.0,0.0,"(3706, 5889, 180)","(3706.0, 5889.0, 180)"
1703,567,2,x1_x1,-42533.79253493523,41116.5,2008718.129583123,"(2937, 1983, 90)","(2532.0, 1983.0, 90)"
1704,568,0,x3_x1,0.0,0.0,0.0,"(5471, 746, 0)","(5471.0, 746.0, 0)"
1705,568,1,x1_x1,0.0,0.0,0.0,"(4400, 5671, 270)","(4400.0, 5671.0, 270)"
1706,568,2,x2_x1,-47852.37727620196,46312.0,2372762.15303936,"(2627, 1312, 180)","(2627.0, 1312.0, 180)"
1707,569,0,x2_x1,0.0,0.0,0.0,"(2243, 1446, 90)","(1756.0, 1446.0, 90)"
1708,569,1,x1_x1,0.0,0.0,0.0,"(4152, 1739, 270)","(4152.0, 1739.0, 270)"
1709,569,2,x3_x1,-37638.27422944854,36450.0,1411995.6443715293,"(4377, 5265, 180)","(4377.0, 5265.0, 180)"
1710,570,0,x2_x1,0.0,0.0,0.0,"(761, 522, 0)","(761.0, 522.0, 0)"
1711,570,1,x3_x1,0.0,0.0,0.0,"(455, 2627, 0)","(455.0, 2627.0, 0)"
1712,570,2,x1_x1,-40843.30586677519,39504.0,1793740.204778449,"(246, 5022, 0)","(246.0, 5022.0, 0)"
1713,571,0,x1_x1,0.0,0.0,0.0,"(5133, 5021, 0)","(5133.0, 5021.0, 0)"
1714,571,1,x3_x1,0.0,0.0,0.0,"(5816, 4399, 90)","(6651.0, 4399.0, 90)"
1715,571,2,x2_x1,-37502.83552915225,36257.0,1552106.1656980806,"(3045, 2709, 270)","(3045.0, 2709.0, 270)"
1716,572,0,x2_x1,0.0,0.0,0.0,"(4284, 2197, 270)","(4284.0, 2197.0, 270)"
1717,572,1,x3_x1,0.0,0.0,0.0,"(936, 3928, 90)","(936.0, 3928.0, 90)"
1718,572,2,x1_x1,-39515.56783936033,38368.5,1315764.6280947758,"(4918, 1081, 0)","(5972.0, 1081.0, 0)"
1719,573,0,x1_x1,0.0,0.0,0.0,"(3716, 411, 0)","(3716.0, 411.0, 0)"
1720,573,1,x2_x1,0.0,0.0,0.0,"(2550, 4189, 0)","(2550.0, 4189.0, 0)"
1721,573,2,x3_x1,-42125.23790477546,40712.5,1995828.3875893464,"(2497, 5268, 180)","(2497.0, 5298.0, 180)"
1722,574,0,x2_x1,0.0,0.0,0.0,"(4455, 2887, 90)","(4455.0, 2887.0, 90)"
1723,574,1,x1_x1,0.0,0.0,0.0,"(790, 5872, 0)","(624.0, 5872.0, 0)"
1724,574,2,x3_x1,-51039.406289770974,49380.0,2753629.23453146,"(2247, 5582, 180)","(2247.0, 5582.0, 180)"
1725,575,0,x2_x1,0.0,0.0,0.0,"(3357, 1767, 180)","(3357.0, 1767.0, 180)"
1726,575,1,x3_x1,0.0,0.0,0.0,"(5145, 461, 90)","(5145.0, 461.0, 90)"
1727,575,2,x1_x1,-44169.63949985032,42861.0,1712537.3405684829,"(3413, 5944, 270)","(3413.0, 5944.0, 270)"
1728,576,0,x3_x1,0.0,0.0,0.0,"(5282, 797, 270)","(5282.0, 797.0, 270)"
1729,576,1,x2_x1,0.0,0.0,0.0,"(3149, 20, 0)","(3149.0, 20.0, 0)"
1730,576,2,x1_x1,-37636.66918879056,36411.5,1501039.5411617244,"(936, 1474, 0)","(936.0, 1474.0, 0)"
1731,577,0,x3_x1,0.0,0.0,0.0,"(4838, 900, 90)","(4838.0, 900.0, 90)"
1732,577,1,x1_x1,0.0,0.0,0.0,"(2260, 4865, 180)","(2260.0, 4865.0, 180)"
1733,577,2,x2_x1,-41771.41175012209,40502.0,1611406.1913480244,"(5450, 5216, 0)","(5450.0, 5216.0, 0)"
1734,578,0,x3_x1,0.0,0.0,0.0,"(2291, 1343, 90)","(2291.0, 1343.0, 90)"
1735,578,1,x2_x1,0.0,0.0,0.0,"(5765, 3255, 0)","(5765.0, 3255.0, 0)"
1736,578,2,x1_x1,-54891.57524481812,53136.0,3082044.4402182107,"(1858, 574, 270)","(1858.0, -280.0, 270)"
1737,579,0,x1_x1,0.0,0.0,0.0,"(60, 1088, 0)","(60.0, 1088.0, 0)"
1738,579,1,x3_x1,0.0,0.0,0.0,"(3049, 1052, 0)","(3049.0, 1052.0, 0)"
1739,579,2,x2_x1,-62635.376691737496,60759.0,3520789.489295745,"(5387, 4287, 0)","(5387.0, 4287.0, 0)"
1740,580,0,x3_x1,0.0,0.0,0.0,"(2689, 5476, 90)","(2689.0, 6812.0, 90)"
1741,580,1,x2_x1,0.0,0.0,0.0,"(4223, 3503, 270)","(4549.0, 3503.0, 270)"
1742,580,2,x1_x1,-28529.083427136324,27481.0,1098478.8702378238,"(2861, 4481, 180)","(2861.0, 4481.0, 180)"
1743,581,0,x1_x1,0.0,0.0,0.0,"(925, 4284, 270)","(514.0, 4284.0, 270)"
1744,581,1,x3_x1,0.0,0.0,0.0,"(4551, 5217, 0)","(4551.0, 5217.0, 0)"
1745,581,2,x2_x1,-34756.80397379034,33649.5,1226122.0903718728,"(2783, 3227, 270)","(2783.0, 3227.0, 270)"
1746,582,0,x3_x1,0.0,0.0,0.0,"(5383, 97, 180)","(5383.0, 97.0, 180)"
1747,582,1,x1_x1,0.0,0.0,0.0,"(4476, 5384, 0)","(4476.0, 5384.0, 0)"
1748,582,2,x2_x1,-42875.71174578273,41467.5,1983060.320960452,"(5481, 1796, 90)","(5481.0, 1796.0, 90)"
1749,583,0,x3_x1,0.0,0.0,0.0,"(4958, 615, 90)","(4958.0, 615.0, 90)"
1750,583,1,x2_x1,0.0,0.0,0.0,"(761, 5262, 180)","(761.0, 6151.0, 180)"
1751,583,2,x1_x1,-45939.42202708426,44623.5,1731650.7813655525,"(542, 3755, 180)","(542.0, 3755.0, 180)"
1752,584,0,x2_x1,0.0,0.0,0.0,"(3758, 2731, 0)","(3758.0, 2279.0, 0)"
1753,584,1,x3_x1,0.0,0.0,0.0,"(5175, 2444, 180)","(5175.0, 2322.0, 180)"
1754,584,2,x1_x1,-25506.99804426218,24568.0,881717.3271282043,"(4394, 3840, 90)","(4394.0, 3840.0, 90)"
1755,585,0,x1_x1,0.0,0.0,0.0,"(1155, 1946, 180)","(1155.0, 1946.0, 180)"
1756,585,1,x3_x1,0.0,0.0,0.0,"(5400, 3413, 0)","(5400.0, 3413.0, 0)"
1757,585,2,x2_x1,-38894.132639077216,37750.5,1307895.6131627224,"(528, 4274, 0)","(528.0, 4342.0, 0)"
1758,586,0,x3_x1,0.0,0.0,0.0,"(721, 4445, 90)","(721.0, 4445.0, 90)"
1759,586,1,x1_x1,0.0,0.0,0.0,"(4069, 5167, 90)","(4069.0, 5167.0, 90)"
1760,586,2,x2_x1,-43581.34896559175,42218.0,1858720.40198009,"(2508, 1890, 180)","(2508.0, 1890.0, 180)"
1761,587,0,x3_x1,0.0,0.0,0.0,"(1294, 2844, 0)","(1127.0, 2844.0, 0)"
1762,587,1,x2_x1,0.0,0.0,0.0,"(2398, 3523, 0)","(2398.0, 3523.0, 0)"
1763,587,2,x1_x1,-43568.55852691647,42140.0,2040779.4648257592,"(5730, 1925, 180)","(5730.0, 1925.0, 180)"
1764,588,0,x3_x1,0.0,0.0,0.0,"(3410, 982, 0)","(3410.0, 982.0, 0)"
1765,588,1,x1_x1,0.0,0.0,0.0,"(4936, 644, 90)","(5741.0, 644.0, 90)"
1766,588,2,x2_x1,-53597.90335228782,51859.0,3023784.8685978223,"(1509, 4265, 90)","(1509.0, 4265.0, 90)"
1767,589,0,x3_x1,0.0,0.0,0.0,"(3944, 3332, 270)","(3944.0, 3332.0, 270)"
1768,589,1,x1_x1,0.0,0.0,0.0,"(5593, 2821, 0)","(5593.0, 2821.0, 0)"
1769,589,2,x2_x1,-49403.53632472238,47827.5,2483890.4968444197,"(388, 4632, 0)","(388.0, 4632.0, 0)"
1770,590,0,x1_x1,0.0,0.0,0.0,"(997, 1083, 0)","(997.0, 1083.0, 0)"
1771,590,1,x2_x1,0.0,0.0,0.0,"(2841, 4708, 90)","(2841.0, 4708.0, 90)"
1772,590,2,x3_x1,-43545.96217363622,42050.0,2237902.824950388,"(2488, 374, 180)","(2493.0, 374.0, 180)"
1773,591,0,x3_x1,0.0,0.0,0.0,"(1345, 1012, 270)","(1345.0, 1012.0, 270)"
1774,591,1,x2_x1,0.0,0.0,0.0,"(4925, 426, 90)","(4925.0, 426.0, 90)"
1775,591,2,x1_x1,-54226.398665254055,52490.0,3015080.3246960673,"(1129, 3963, 0)","(1129.0, 3963.0, 0)"
1776,592,0,x2_x1,0.0,0.0,0.0,"(3450, 5210, 0)","(3450.0, 5210.0, 0)"
1777,592,1,x1_x1,0.0,0.0,0.0,"(3969, 4561, 90)","(3969.0, 3522.0, 90)"
1778,592,2,x3_x1,-28384.678056466462,27417.0,936400.8209667066,"(682, 3981, 0)","(682.0, 3981.0, 0)"
1779,593,0,x3_x1,0.0,0.0,0.0,"(2029, 5819, 180)","(2029.0, 5819.0, 180)"
1780,593,1,x1_x1,0.0,0.0,0.0,"(5936, 2998, 90)","(5936.0, 2998.0, 90)"
1781,593,2,x2_x1,-48784.29308783882,47467.5,1733944.036180097,"(4990, 223, 90)","(4990.0, 223.0, 90)"
1782,594,0,x3_x1,0.0,0.0,0.0,"(4573, 1247, 270)","(4573.0, 1247.0, 270)"
1783,594,1,x2_x1,0.0,0.0,0.0,"(259, 1841, 0)","(259.0, 1841.0, 0)"
1784,594,2,x1_x1,-50029.33607459282,48420.5,2588353.514911231,"(4934, 4286, 0)","(4934.0, 4286.0, 0)"
1785,595,0,x3_x1,0.0,0.0,0.0,"(2553, 186, 270)","(2553.0, 186.0, 270)"
1786,595,1,x2_x1,0.0,0.0,0.0,"(112, 4525, 0)","(112.0, 4525.0, 0)"
1787,595,2,x1_x1,-41244.25738067998,40124.5,1253856.5915872778,"(336, 5957, 90)","(336.0, 6086.0, 90)"
1788,596,0,x2_x1,0.0,0.0,0.0,"(424, 5123, 180)","(424.0, 5123.0, 180)"
1789,596,1,x1_x1,0.0,0.0,0.0,"(3192, 1668, 0)","(3192.0, 1668.0, 0)"
1790,596,2,x3_x1,-45813.5261608788,44263.0,2404131.375569545,"(2281, 4200, 0)","(2281.0, 4200.0, 0)"
1791,597,0,x2_x1,0.0,0.0,0.0,"(2937, 3067, 0)","(2937.0, 3067.0, 0)"
1792,597,1,x1_x1,0.0,0.0,0.0,"(1964, 57, 0)","(1964.0, 57.0, 0)"
1793,597,2,x3_x1,-48680.79031353066,47343.0,1789682.9229764764,"(5838, 4718, 0)","(5838.0, 4718.0, 0)"
1794,598,0,x3_x1,0.0,0.0,0.0,"(511, 584, 0)","(511.0, 584.0, 0)"
1795,598,1,x2_x1,0.0,0.0,0.0,"(4169, 1328, 270)","(5171.0, 1328.0, 270)"
1796,598,2,x1_x1,-34234.579533984965,33141.0,1195916.1971507783,"(3610, 816, 0)","(3610.0, 816.0, 0)"
1797,599,0,x3_x1,0.0,0.0,0.0,"(2815, 2003, 0)","(2815.0, 2003.0, 0)"
1798,599,1,x1_x1,0.0,0.0,0.0,"(248, 5427, 180)","(248.0, 5427.0, 180)"
1799,599,2,x2_x1,-37326.38240300246,36126.5,1439717.781034966,"(494, 2257, 90)","(494.0, 2257.0, 90)"
1800,600,0,x2_x1,0.0,0.0,0.0,"(5040, 4527, 90)","(5040.0, 4527.0, 90)"
1801,600,1,x3_x1,0.0,0.0,0.0,"(1594, 1718, 90)","(1594.0, 1718.0, 90)"
1802,600,2,x1_x1,-40195.65570473277,38869.0,1760015.358900016,"(3759, 1738, 0)","(3759.0, 1738.0, 0)"
1803,601,0,x2_x1,0.0,0.0,0.0,"(5472, 1233, 90)","(5472.0, 1233.0, 90)"
1804,601,1,x3_x1,0.0,0.0,0.0,"(2682, 4279, 90)","(2682.0, 4279.0, 90)"
1805,601,2,x1_x1,-53827.9544068994,52116.0,2930787.891302276,"(1693, 4197, 0)","(1164.0, 4197.0, 0)"
1806,602,0,x3_x1,0.0,0.0,0.0,"(253, 4968, 180)","(253.0, 4968.0, 180)"
1807,602,1,x1_x1,0.0,0.0,0.0,"(2149, 5819, 0)","(2149.0, 5819.0, 0)"
1808,602,2,x2_x1,-57137.62538527979,55383.5,3076955.8672829657,"(5390, 2153, 0)","(5390.0, 2153.0, 0)"
1809,603,0,x2_x1,0.0,0.0,0.0,"(617, 2676, 270)","(617.0, 2676.0, 270)"
1810,603,1,x3_x1,0.0,0.0,0.0,"(3141, 3237, 180)","(3141.0, 3237.0, 180)"
1811,603,2,x1_x1,-45565.38229009218,44019.5,2389752.0548206368,"(3628, 4898, 180)","(3628.0, 5463.0, 180)"
1812,604,0,x3_x1,0.0,0.0,0.0,"(3111, 1103, 270)","(3111.0, 1103.0, 270)"
1813,604,1,x2_x1,0.0,0.0,0.0,"(4048, 2692, 180)","(4048.0, 2692.0, 180)"
1814,604,2,x1_x1,-38168.28040043401,36872.5,1679046.846148911,"(102, 2006, 90)","(102.0, 2006.0, 90)"
1815,605,0,x3_x1,0.0,0.0,0.0,"(3362, 3222, 180)","(3362.0, 3222.0, 180)"
1816,605,1,x1_x1,0.0,0.0,0.0,"(1043, 5677, 180)","(1043.0, 5677.0, 180)"
1817,605,2,x2_x1,-33611.02765953888,32476.5,1287153.0102587687,"(3575, 5213, 0)","(3575.0, 5213.0, 0)"
1818,606,0,x2_x1,0.0,0.0,0.0,"(2327, 3806, 270)","(2327.0, 3806.0, 270)"
1819,606,1,x3_x1,0.0,0.0,0.0,"(4660, 902, 180)","(4660.0, 902.0, 180)"
1820,606,2,x1_x1,-38443.415791845204,37304.5,1297129.1809143943,"(1485, 4625, 180)","(766.0, 4625.0, 180)"
1821,607,0,x2_x1,0.0,0.0,0.0,"(5961, 1183, 270)","(5961.0, 1183.0, 270)"
1822,607,1,x3_x1,0.0,0.0,0.0,"(1132, 1228, 0)","(1132.0, 1228.0, 0)"
1823,607,2,x1_x1,-58899.123328000496,57041.5,3450764.428731634,"(2134, 5026, 90)","(2134.0, 5026.0, 90)"
1824,608,0,x3_x1,0.0,0.0,0.0,"(2985, 860, 180)","(2985.0, 281.0, 180)"
1825,608,1,x2_x1,0.0,0.0,0.0,"(2859, 1574, 270)","(2859.0, 1574.0, 270)"
1826,608,2,x1_x1,-39841.629011070116,38483.5,1844514.4107102898,"(257, 2878, 90)","(257.0, 2878.0, 90)"
1827,609,0,x3_x1,0.0,0.0,0.0,"(283, 1150, 270)","(283.0, 1150.0, 270)"
1828,609,1,x1_x1,0.0,0.0,0.0,"(5510, 3771, 180)","(5510.0, 3771.0, 180)"
1829,609,2,x2_x1,-43704.59024494304,42504.0,1441416.9362524042,"(5116, 1275, 90)","(5116.0, 1191.0, 90)"
1830,610,0,x2_x1,0.0,0.0,0.0,"(3707, 4905, 270)","(3707.0, 4905.0, 270)"
1831,610,1,x1_x1,0.0,0.0,0.0,"(4632, 1631, 90)","(4632.0, 413.0, 90)"
1832,610,2,x3_x1,-41158.89760081534,39826.5,1775283.3666584683,"(5444, 2058, 180)","(5444.0, 2058.0, 180)"
1833,611,0,x2_x1,0.0,0.0,0.0,"(5679, 5917, 180)","(5679.0, 5917.0, 180)"
1834,611,1,x1_x1,0.0,0.0,0.0,"(1755, 3848, 90)","(1755.0, 3848.0, 90)"
1835,611,2,x3_x1,-49600.905365285245,48048.0,2411515.0735317096,"(788, 2776, 180)","(788.0, 2330.0, 180)"
1836,612,0,x3_x1,0.0,0.0,0.0,"(4186, 2520, 0)","(4186.0, 2520.0, 0)"
1837,612,1,x1_x1,0.0,0.0,0.0,"(1416, 1700, 0)","(1416.0, 1700.0, 0)"
1838,612,2,x2_x1,-33520.1810973261,32451.0,1143148.2188794408,"(826, 1912, 180)","(-456.0, 1912.0, 180)"
1839,613,0,x3_x1,0.0,0.0,0.0,"(3396, 2266, 90)","(3396.0, 2266.0, 90)"
1840,613,1,x1_x1,0.0,0.0,0.0,"(524, 4982, 180)","(524.0, 4982.0, 180)"
1841,613,2,x2_x1,-32751.954033184094,31679.5,1150157.6532928343,"(562, 5344, 0)","(2396.0, 5344.0, 0)"
1842,614,0,x3_x1,0.0,0.0,0.0,"(5597, 1383, 180)","(5597.0, 1383.0, 180)"
1843,614,1,x2_x1,0.0,0.0,0.0,"(2038, 3058, 90)","(2038.0, 3058.0, 90)"
1844,614,2,x1_x1,-47562.401283690364,45955.0,2583738.886809429,"(5587, 804, 90)","(5587.0, -262.0, 90)"
1845,615,0,x2_x1,0.0,0.0,0.0,"(1136, 3711, 180)","(1136.0, 3711.0, 180)"
1846,615,1,x1_x1,0.0,0.0,0.0,"(2945, 269, 270)","(2945.0, 269.0, 270)"
1847,615,2,x3_x1,-45689.124848488245,44239.5,2101412.2013545595,"(1662, 4206, 90)","(1662.0, 4925.0, 90)"
1848,616,0,x3_x1,0.0,0.0,0.0,"(3861, 1187, 180)","(3861.0, 1149.0, 180)"
1849,616,1,x2_x1,0.0,0.0,0.0,"(878, 2851, 90)","(160.0, 2851.0, 90)"
1850,616,2,x1_x1,-31513.247937907032,30448.5,1133688.171277278,"(2556, 2667, 90)","(2556.0, 2667.0, 90)"
1851,617,0,x2_x1,0.0,0.0,0.0,"(2792, 5876, 0)","(2792.0, 5876.0, 0)"
1852,617,1,x3_x1,0.0,0.0,0.0,"(5384, 1062, 270)","(5384.0, 1062.0, 270)"
1853,617,2,x1_x1,-41533.94538951899,40382.5,1325826.485044538,"(2559, 5761, 180)","(1047.0, 5761.0, 180)"
1854,618,0,x3_x1,0.0,0.0,0.0,"(2765, 5249, 90)","(2765.0, 5249.0, 90)"
1855,618,1,x2_x1,0.0,0.0,0.0,"(1329, 4692, 270)","(1329.0, 4692.0, 270)"
1856,618,2,x1_x1,-28933.572906236175,27908.5,1050774.4630994813,"(182, 5941, 270)","(182.0, 6564.0, 270)"
1857,619,0,x2_x1,0.0,0.0,0.0,"(3595, 1261, 270)","(3595.0, -30.0, 270)"
1858,619,1,x3_x1,0.0,0.0,0.0,"(4896, 5194, 0)","(4896.0, 5194.0, 0)"
1859,619,2,x1_x1,-36001.028129720784,34912.5,1184893.4891934246,"(4613, 1842, 270)","(4613.0, 1842.0, 270)"
1860,620,0,x1_x1,0.0,0.0,0.0,"(5862, 2878, 180)","(5862.0, 2878.0, 180)"
1861,620,1,x2_x1,0.0,0.0,0.0,"(2470, 79, 180)","(2470.0, 79.0, 180)"
1862,620,2,x3_x1,-59176.9729244089,57531.0,2709226.867887188,"(37, 5463, 90)","(37.0, 5463.0, 90)"
1863,621,0,x1_x1,0.0,0.0,0.0,"(1387, 442, 270)","(1387.0, -386.0, 270)"
1864,621,1,x2_x1,0.0,0.0,0.0,"(2614, 1175, 180)","(2614.0, 1175.0, 180)"
1865,621,2,x3_x1,-34958.202337114075,33856.5,1213748.0396026121,"(607, 3909, 90)","(607.0, 3909.0, 90)"
1866,622,0,x3_x1,0.0,0.0,0.0,"(5539, 320, 90)","(5539.0, 320.0, 90)"
1867,622,1,x1_x1,0.0,0.0,0.0,"(3664, 5944, 270)","(3664.0, 5944.0, 270)"
1868,622,2,x2_x1,-44013.32533987015,42692.0,1745900.653782968,"(2157, 3970, 270)","(2157.0, 3970.0, 270)"
1869,623,0,x3_x1,0.0,0.0,0.0,"(2830, 2716, 0)","(2830.0, 2716.0, 0)"
1870,623,1,x2_x1,0.0,0.0,0.0,"(122, 472, 90)","(122.0, 472.0, 90)"
1871,623,2,x1_x1,-44777.21455275047,43409.0,1872011.0623581754,"(447, 4841, 0)","(447.0, 4841.0, 0)"
1872,624,0,x1_x1,0.0,0.0,0.0,"(3955, 4531, 270)","(3955.0, 4531.0, 270)"
1873,624,1,x3_x1,0.0,0.0,0.0,"(3941, 2267, 270)","(3941.0, 1629.0, 270)"
1874,624,2,x2_x1,-27935.964887441423,26940.0,991946.0570162036,"(2745, 4149, 0)","(2745.0, 2843.0, 0)"
1875,625,0,x1_x1,0.0,0.0,0.0,"(1644, 3520, 0)","(1644.0, 3520.0, 0)"
1876,625,1,x3_x1,0.0,0.0,0.0,"(3222, 988, 180)","(3222.0, 988.0, 180)"
1877,625,2,x2_x1,-36050.051157973176,34832.5,1482430.8222818265,"(757, 410, 90)","(757.0, 410.0, 90)"
1878,626,0,x1_x1,0.0,0.0,0.0,"(3559, 1111, 270)","(3559.0, 1111.0, 270)"
1879,626,1,x2_x1,0.0,0.0,0.0,"(5913, 3349, 0)","(5913.0, 3349.0, 0)"
1880,626,2,x3_x1,-39987.40791932664,38599.0,1927676.550448918,"(4276, 3901, 0)","(4276.0, 3901.0, 0)"
1881,627,0,x1_x1,0.0,0.0,0.0,"(5081, 2525, 270)","(5081.0, 1995.0, 270)"
1882,627,1,x2_x1,0.0,0.0,0.0,"(3681, 3683, 0)","(3681.0, 3683.0, 0)"
1883,627,2,x3_x1,-34401.24670216106,33296.5,1220465.2759357374,"(5173, 5449, 270)","(5173.0, 5449.0, 270)"
1884,628,0,x3_x1,0.0,0.0,0.0,"(4120, 5917, 0)","(4120.0, 5917.0, 0)"
1885,628,1,x2_x1,0.0,0.0,0.0,"(5255, 2432, 180)","(5255.0, 2432.0, 180)"
1886,628,2,x1_x1,-34927.73783674071,33947.5,960866.216578101,"(5456, 2253, 180)","(7000.0, 2253.0, 180)"
1887,629,0,x2_x1,0.0,0.0,0.0,"(4013, 491, 180)","(4013.0, 347.0, 180)"
1888,629,1,x1_x1,0.0,0.0,0.0,"(3559, 1908, 90)","(3559.0, 1908.0, 90)"
1889,629,2,x3_x1,-28058.50930366898,27130.0,862129.5269998563,"(1420, 1067, 180)","(1228.0, 1067.0, 180)"
1890,630,0,x2_x1,0.0,0.0,0.0,"(3508, 1423, 180)","(3508.0, 1423.0, 180)"
1891,630,1,x3_x1,0.0,0.0,0.0,"(1602, 4758, 180)","(1602.0, 4758.0, 180)"
1892,630,2,x1_x1,-49526.401733876126,47891.0,2674538.8311650343,"(261, 4951, 180)","(-21.0, 4951.0, 180)"
1893,631,0,x2_x1,0.0,0.0,0.0,"(146, 2710, 0)","(146.0, 2761.0, 0)"
1894,631,1,x1_x1,0.0,0.0,0.0,"(1765, 1200, 270)","(1765.0, 1200.0, 270)"
1895,631,2,x3_x1,-30011.150781914486,28898.5,1237991.762494915,"(2149, 2888, 90)","(2149.0, 2888.0, 90)"
1896,632,0,x2_x1,0.0,0.0,0.0,"(3928, 3315, 90)","(3928.0, 3315.0, 90)"
1897,632,1,x3_x1,0.0,0.0,0.0,"(5963, 2047, 180)","(5963.0, 2047.0, 180)"
1898,632,2,x1_x1,-34826.99823459953,33662.0,1357220.8866200196,"(2177, 3548, 270)","(1532.0, 3548.0, 270)"
1899,633,0,x3_x1,0.0,0.0,0.0,"(1722, 1231, 180)","(1722.0, 1231.0, 180)"
1900,633,1,x1_x1,0.0,0.0,0.0,"(5736, 5501, 180)","(5736.0, 5501.0, 180)"
1901,633,2,x2_x1,-48737.850946595914,47482.5,1575905.9991192564,"(1896, 5417, 180)","(1896.0, 5417.0, 180)"
1902,634,0,x1_x1,0.0,0.0,0.0,"(5494, 783, 270)","(5494.0, 783.0, 270)"
1903,634,1,x2_x1,0.0,0.0,0.0,"(2315, 5652, 180)","(2315.0, 5652.0, 180)"
1904,634,2,x3_x1,-60034.874481505205,58202.0,3359428.864952974,"(5599, 3693, 90)","(5599.0, 3693.0, 90)"
1905,635,0,x1_x1,0.0,0.0,0.0,"(2868, 4036, 90)","(2868.0, 4620.0, 90)"
1906,635,1,x2_x1,0.0,0.0,0.0,"(3026, 3059, 0)","(3026.0, 3059.0, 0)"
1907,635,2,x3_x1,-30770.36136695513,29756.0,1028928.9827710835,"(642, 2097, 90)","(642.0, 2097.0, 90)"
1908,636,0,x2_x1,0.0,0.0,0.0,"(5453, 5114, 270)","(5453.0, 6391.0, 270)"
1909,636,1,x1_x1,0.0,0.0,0.0,"(5482, 3811, 180)","(5482.0, 3811.0, 180)"
1910,636,2,x3_x1,-35371.45604668284,34196.0,1381696.9176832498,"(4251, 1704, 270)","(4251.0, 1480.0, 270)"
1911,637,0,x1_x1,0.0,0.0,0.0,"(5703, 108, 0)","(5703.0, 108.0, 0)"
1912,637,1,x2_x1,0.0,0.0,0.0,"(4602, 263, 90)","(4015.0, 263.0, 90)"
1913,637,2,x3_x1,-26928.177009348125,25951.5,953897.9805891995,"(5299, 2414, 270)","(5299.0, 2439.0, 270)"
1914,638,0,x2_x1,0.0,0.0,0.0,"(4416, 215, 0)","(4416.0, 215.0, 0)"
1915,638,1,x1_x1,0.0,0.0,0.0,"(1774, 4797, 0)","(1774.0, 4797.0, 0)"
1916,638,2,x3_x1,-53864.86075337342,52139.0,2978595.3400346683,"(3936, 3791, 0)","(3936.0, 3791.0, 0)"
1917,639,0,x1_x1,0.0,0.0,0.0,"(3517, 2498, 0)","(3517.0, 2498.0, 0)"
1918,639,1,x2_x1,0.0,0.0,0.0,"(3538, 5831, 270)","(3538.0, 5831.0, 270)"
1919,639,2,x3_x1,-36446.923280034556,35299.0,1317727.856845294,"(4164, 1694, 0)","(5013.0, 1694.0, 0)"
1920,640,0,x3_x1,0.0,0.0,0.0,"(1819, 123, 270)","(1819.0, 123.0, 270)"
1921,640,1,x1_x1,0.0,0.0,0.0,"(4895, 1965, 180)","(4895.0, 1965.0, 180)"
1922,640,2,x2_x1,-36892.33957039017,35704.0,1412150.9345550954,"(4090, 3719, 90)","(3334.0, 3719.0, 90)"
1923,641,0,x3_x1,0.0,0.0,0.0,"(1912, 1948, 180)","(1912.0, 1948.0, 180)"
1924,641,1,x2_x1,0.0,0.0,0.0,"(3508, 500, 90)","(3508.0, 500.0, 90)"
1925,641,2,x1_x1,-42064.55483060859,40755.5,1713624.5495396964,"(4733, 3873, 90)","(4733.0, 3873.0, 90)"
1926,642,0,x1_x1,0.0,0.0,0.0,"(4810, 2832, 270)","(4810.0, 2832.0, 270)"
1927,642,1,x2_x1,0.0,0.0,0.0,"(3738, 2975, 180)","(3738.0, 4393.0, 180)"
1928,642,2,x3_x1,-30346.94585578011,29292.0,1112910.7586276298,"(3718, 4490, 90)","(3718.0, 5607.0, 90)"
1929,643,0,x3_x1,0.0,0.0,0.0,"(3381, 561, 90)","(3381.0, 561.0, 90)"
1930,643,1,x1_x1,0.0,0.0,0.0,"(550, 1628, 180)","(550.0, 1628.0, 180)"
1931,643,2,x2_x1,-32995.70965967871,31969.5,1053106.2656178966,"(4153, 1478, 180)","(4153.0, 1648.0, 180)"
1932,644,0,x1_x1,0.0,0.0,0.0,"(251, 4160, 180)","(251.0, 4160.0, 180)"
1933,644,1,x3_x1,0.0,0.0,0.0,"(1616, 845, 180)","(1616.0, 845.0, 180)"
1934,644,2,x2_x1,-41942.321423604306,40638.0,1701254.376073157,"(3680, 2939, 180)","(3680.0, 2939.0, 180)"
1935,645,0,x2_x1,0.0,0.0,0.0,"(3620, 2682, 270)","(3620.0, 2682.0, 270)"
1936,645,1,x3_x1,0.0,0.0,0.0,"(787, 1001, 90)","(787.0, 1001.0, 90)"
1937,645,2,x1_x1,-34501.81117008917,33349.0,1328973.5938823603,"(4946, 970, 90)","(4946.0, 937.0, 90)"
1938,646,0,x2_x1,0.0,0.0,0.0,"(2603, 1918, 0)","(2603.0, 1918.0, 0)"
1939,646,1,x1_x1,0.0,0.0,0.0,"(4398, 5151, 90)","(4398.0, 5151.0, 90)"
1940,646,2,x3_x1,-46270.97152707211,44776.5,2233445.1452292493,"(881, 3575, 180)","(881.0, 3575.0, 180)"
1941,647,0,x2_x1,0.0,0.0,0.0,"(254, 643, 180)","(254.0, 643.0, 180)"
1942,647,1,x1_x1,0.0,0.0,0.0,"(3982, 4719, 90)","(3982.0, 4719.0, 90)"
1943,647,2,x3_x1,-57103.18591989887,55308.0,3222692.4870031467,"(3754, 1538, 180)","(3754.0, 1538.0, 180)"
1944,648,0,x2_x1,0.0,0.0,0.0,"(5957, 3308, 270)","(5957.0, 3308.0, 270)"
1945,648,1,x1_x1,0.0,0.0,0.0,"(954, 3337, 90)","(954.0, 3337.0, 90)"
1946,648,2,x3_x1,-51286.02862637627,49862.0,2027857.5287390896,"(446, 698, 180)","(446.0, 698.0, 180)"
1947,649,0,x1_x1,0.0,0.0,0.0,"(3348, 2704, 180)","(3348.0, 2704.0, 180)"
1948,649,1,x2_x1,0.0,0.0,0.0,"(4173, 4005, 0)","(5220.0, 4005.0, 0)"
1949,649,2,x3_x1,-38408.57236540736,37224.0,1403211.6888867794,"(1058, 5617, 0)","(1058.0, 5617.0, 0)"
1950,650,0,x1_x1,0.0,0.0,0.0,"(3714, 3548, 270)","(3714.0, 3548.0, 270)"
1951,650,1,x2_x1,0.0,0.0,0.0,"(5131, 1396, 90)","(5131.0, 1396.0, 90)"
1952,650,2,x3_x1,-29647.639991244243,28528.0,1253593.7099934083,"(2476, 2622, 180)","(2476.0, 1903.0, 180)"
1953,651,0,x3_x1,0.0,0.0,0.0,"(275, 4536, 270)","(275.0, 4536.0, 270)"
1954,651,1,x2_x1,0.0,0.0,0.0,"(2523, 4662, 180)","(2523.0, 4662.0, 180)"
1955,651,2,x1_x1,-35439.401999255635,34289.0,1323424.7598913577,"(2378, 1410, 90)","(2378.0, 1410.0, 90)"
1956,652,0,x1_x1,0.0,0.0,0.0,"(2918, 1316, 0)","(2918.0, 1316.0, 0)"
1957,652,1,x2_x1,0.0,0.0,0.0,"(4484, 3966, 90)","(4484.0, 3966.0, 90)"
1958,652,2,x3_x1,-42716.87442897123,41347.0,1876555.9511492455,"(188, 3119, 0)","(188.0, 3119.0, 0)"
1959,653,0,x3_x1,0.0,0.0,0.0,"(5649, 862, 180)","(5649.0, 862.0, 180)"
1960,653,1,x2_x1,0.0,0.0,0.0,"(992, 2426, 0)","(992.0, 2426.0, 0)"
1961,653,2,x1_x1,-33760.08319084391,32689.5,1146148.3685175139,"(3406, 1746, 0)","(3406.0, 1746.0, 0)"
1962,654,0,x3_x1,0.0,0.0,0.0,"(2897, 1330, 180)","(2897.0, 1330.0, 180)"
1963,654,1,x1_x1,0.0,0.0,0.0,"(2880, 643, 0)","(1274.0, 643.0, 0)"
1964,654,2,x2_x1,-63745.440264113604,61830.0,3668911.4053875906,"(5755, 5044, 90)","(5755.0, 5044.0, 90)"
1965,655,0,x1_x1,0.0,0.0,0.0,"(2522, 5673, 180)","(2522.0, 5673.0, 180)"
1966,655,1,x3_x1,0.0,0.0,0.0,"(5652, 4942, 0)","(5652.0, 4942.0, 0)"
1967,655,2,x2_x1,-35159.930878712315,34027.5,1282399.6950611514,"(2727, 3466, 90)","(2727.0, 3093.0, 90)"
1968,656,0,x2_x1,0.0,0.0,0.0,"(2929, 4423, 0)","(2929.0, 4423.0, 0)"
1969,656,1,x1_x1,0.0,0.0,0.0,"(3343, 1701, 0)","(3343.0, 1701.0, 0)"
1970,656,2,x3_x1,-33971.77426412648,32769.0,1446665.9304449968,"(1100, 2182, 90)","(1100.0, 2182.0, 90)"
1971,657,0,x1_x1,0.0,0.0,0.0,"(2444, 1830, 90)","(2444.0, 1830.0, 90)"
1972,657,1,x3_x1,0.0,0.0,0.0,"(4914, 2752, 90)","(4914.0, 2752.0, 90)"
1973,657,2,x2_x1,-35509.61083392073,34212.0,1683793.8763084414,"(4793, 3599, 90)","(4840.0, 4023.0, 90)"
1974,658,0,x2_x1,0.0,0.0,0.0,"(4605, 4040, 270)","(4605.0, 4040.0, 270)"
1975,658,1,x1_x1,0.0,0.0,0.0,"(828, 3496, 180)","(828.0, 3496.0, 180)"
1976,658,2,x3_x1,-42848.16745720171,41541.0,1708686.7611671786,"(3561, 402, 0)","(3561.0, 402.0, 0)"
1977,659,0,x1_x1,0.0,0.0,0.0,"(361, 5024, 180)","(361.0, 5360.0, 180)"
1978,659,1,x2_x1,0.0,0.0,0.0,"(1113, 3091, 0)","(1113.0, 3091.0, 0)"
1979,659,2,x3_x1,-37171.05614504474,36008.0,1352699.59652634,"(4669, 3478, 180)","(4669.0, 3478.0, 180)"
1980,660,0,x3_x1,0.0,0.0,0.0,"(3981, 4588, 0)","(3981.0, 4588.0, 0)"
1981,660,1,x1_x1,0.0,0.0,0.0,"(1148, 2423, 180)","(270.0, 2423.0, 180)"
1982,660,2,x2_x1,-32438.085201755577,31395.5,1086983.9029197209,"(1831, 3514, 270)","(1831.0, 3514.0, 270)"
1983,661,0,x2_x1,0.0,0.0,0.0,"(4115, 3888, 180)","(4115.0, 3545.0, 180)"
1984,661,1,x3_x1,0.0,0.0,0.0,"(4273, 5482, 90)","(4273.0, 5482.0, 90)"
1985,661,2,x1_x1,-32066.90529217653,30835.0,1517590.6488925363,"(3924, 5941, 180)","(2755.0, 5941.0, 180)"
1986,662,0,x2_x1,0.0,0.0,0.0,"(1819, 5945, 180)","(1819.0, 5945.0, 180)"
1987,662,1,x3_x1,0.0,0.0,0.0,"(4999, 5842, 180)","(4999.0, 5842.0, 180)"
1988,662,2,x1_x1,-61988.30418985929,60268.5,2957726.451457567,"(237, 80, 180)","(237.0, 80.0, 180)"
1989,663,0,x2_x1,0.0,0.0,0.0,"(4467, 3693, 180)","(4467.0, 3693.0, 180)"
1990,663,1,x3_x1,0.0,0.0,0.0,"(71, 4621, 90)","(71.0, 4621.0, 90)"
1991,663,2,x1_x1,-31522.962344817195,30580.5,888235.2713983277,"(2057, 4047, 180)","(2057.0, 4047.0, 180)"
1992,664,0,x1_x1,0.0,0.0,0.0,"(925, 3478, 0)","(105.0, 3478.0, 0)"
1993,664,1,x2_x1,0.0,0.0,0.0,"(1977, 3106, 180)","(1977.0, 3106.0, 180)"
1994,664,2,x3_x1,-37044.51429794002,35848.0,1431646.4651748945,"(4558, 1972, 180)","(4558.0, 1972.0, 180)"
1995,665,0,x1_x1,0.0,0.0,0.0,"(599, 5257, 270)","(599.0, 5257.0, 270)"
1996,665,1,x2_x1,0.0,0.0,0.0,"(1246, 3327, 0)","(1246.0, 3327.0, 0)"
1997,665,2,x3_x1,-27972.495036436274,26967.0,1011020.2682979857,"(1329, 3180, 0)","(1329.0, 2091.0, 0)"
1998,666,0,x1_x1,0.0,0.0,0.0,"(3628, 683, 180)","(3628.0, 683.0, 180)"
1999,666,1,x3_x1,0.0,0.0,0.0,"(1986, 4513, 270)","(1986.0, 4513.0, 270)"
2000,666,2,x2_x1,-34503.98071028891,33439.5,1133119.182577178,"(3542, 116, 180)","(1883.0, 116.0, 180)"
2001,667,0,x2_x1,0.0,0.0,0.0,"(5389, 4928, 180)","(5389.0, 4928.0, 180)"
2002,667,1,x3_x1,0.0,0.0,0.0,"(2340, 2755, 0)","(2340.0, 2755.0, 0)"
2003,667,2,x1_x1,-59722.220573564264,57866.0,3445554.817723244,"(724, 1361, 270)","(724.0, 1237.0, 270)"
2004,668,0,x2_x1,0.0,0.0,0.0,"(5652, 526, 180)","(5652.0, -760.0, 180)"
2005,668,1,x1_x1,0.0,0.0,0.0,"(5651, 801, 90)","(5651.0, 801.0, 90)"
2006,668,2,x3_x1,-35728.29027123855,34717.5,1021696.9724304896,"(728, 377, 180)","(728.0, 377.0, 180)"
2007,669,0,x3_x1,0.0,0.0,0.0,"(4741, 2601, 90)","(4741.0, 2601.0, 90)"
2008,669,1,x1_x1,0.0,0.0,0.0,"(5695, 4479, 0)","(5695.0, 4805.0, 0)"
2009,669,2,x2_x1,-48745.454754977516,47158.0,2520012.599100733,"(1051, 2559, 90)","(1051.0, 2559.0, 90)"
2010,670,0,x2_x1,0.0,0.0,0.0,"(2608, 5270, 270)","(4195.0, 5270.0, 270)"
2011,670,1,x1_x1,0.0,0.0,0.0,"(1799, 5342, 270)","(1799.0, 5342.0, 270)"
2012,670,2,x3_x1,-31231.44719265986,30090.5,1301760.496438416,"(2623, 3173, 270)","(2623.0, 3173.0, 270)"
2013,671,0,x3_x1,0.0,0.0,0.0,"(5177, 2304, 270)","(5177.0, 2304.0, 270)"
2014,671,1,x2_x1,0.0,0.0,0.0,"(1014, 1641, 270)","(1014.0, 1641.0, 270)"
2015,671,2,x1_x1,-33343.61191801288,32280.5,1130206.9502210324,"(2649, 2551, 180)","(2649.0, 2551.0, 180)"
2016,672,0,x2_x1,0.0,0.0,0.0,"(3697, 1697, 180)","(3697.0, 1697.0, 180)"
2017,672,1,x1_x1,0.0,0.0,0.0,"(4289, 5965, 180)","(4289.0, 5965.0, 180)"
2018,672,2,x3_x1,-48359.55663563548,47011.5,1817256.6928808598,"(1043, 4279, 270)","(1043.0, 4279.0, 270)"
2019,673,0,x3_x1,0.0,0.0,0.0,"(535, 336, 0)","(535.0, 336.0, 0)"
2020,673,1,x2_x1,0.0,0.0,0.0,"(881, 5619, 270)","(881.0, 5619.0, 270)"
2021,673,2,x1_x1,-56017.518054034765,54277.5,3027662.8283669236,"(4299, 2152, 180)","(4299.0, 2152.0, 180)"
2022,674,0,x3_x1,0.0,0.0,0.0,"(318, 4425, 0)","(318.0, 4222.0, 0)"
2023,674,1,x2_x1,0.0,0.0,0.0,"(2807, 3912, 0)","(2807.0, 3912.0, 0)"
2024,674,2,x1_x1,-30476.9019305904,29343.0,1285733.5881966376,"(1705, 5740, 90)","(1705.0, 5740.0, 90)"
2025,675,0,x1_x1,0.0,0.0,0.0,"(2625, 2018, 270)","(2625.0, 2018.0, 270)"
2026,675,1,x2_x1,0.0,0.0,0.0,"(2622, 301, 90)","(2622.0, 146.0, 90)"
2027,675,2,x3_x1,-28678.16840579847,27686.0,984398.1454646833,"(3272, 3228, 270)","(3272.0, 3514.0, 270)"
2028,676,0,x3_x1,0.0,0.0,0.0,"(5538, 5912, 270)","(6232.0, 5912.0, 270)"
2029,676,1,x1_x1,0.0,0.0,0.0,"(3879, 5469, 90)","(3879.0, 5469.0, 90)"
2030,676,2,x2_x1,-49095.55538329884,47803.5,1669407.1135115009,"(3824, 602, 90)","(3824.0, 602.0, 90)"
2031,677,0,x2_x1,0.0,0.0,0.0,"(4535, 422, 270)","(4657.0, 422.0, 270)"
2032,677,1,x1_x1,0.0,0.0,0.0,"(2261, 1173, 90)","(2261.0, 1173.0, 90)"
2033,677,2,x3_x1,-32104.14930385659,30954.5,1321693.5218579408,"(4450, 2506, 90)","(4614.0, 2506.0, 90)"
2034,678,0,x3_x1,0.0,0.0,0.0,"(2256, 3161, 270)","(1411.0, 3161.0, 270)"
2035,678,1,x2_x1,0.0,0.0,0.0,"(2295, 2660, 270)","(1368.0, 1890.0, 270)"
2036,678,2,x1_x1,-29169.322545992683,28020.0,1320942.3147271082,"(3056, 3983, 0)","(3056.0, 3983.0, 0)"
2037,679,0,x2_x1,0.0,0.0,0.0,"(1467, 1084, 270)","(1467.0, 1084.0, 270)"
2038,679,1,x3_x1,0.0,0.0,0.0,"(958, 449, 90)","(358.0, 449.0, 90)"
2039,679,2,x1_x1,-47941.67292978906,46361.5,2496946.4880381543,"(4367, 3965, 0)","(4367.0, 3965.0, 0)"
2040,680,0,x3_x1,0.0,0.0,0.0,"(4281, 2576, 90)","(4281.0, 2576.0, 90)"
2041,680,1,x1_x1,0.0,0.0,0.0,"(868, 1940, 180)","(868.0, 1940.0, 180)"
2042,680,2,x2_x1,-38872.40843932317,37620.0,1568526.8988878967,"(896, 4878, 270)","(896.0, 4878.0, 270)"
2043,681,0,x3_x1,0.0,0.0,0.0,"(244, 5596, 90)","(244.0, 5596.0, 90)"
2044,681,1,x1_x1,0.0,0.0,0.0,"(4883, 1598, 180)","(4883.0, 1598.0, 180)"
2045,681,2,x2_x1,-47624.90720040774,46310.5,1727666.2884837012,"(3267, 30, 180)","(3138.0, 30.0, 180)"
2046,682,0,x2_x1,0.0,0.0,0.0,"(4078, 4997, 180)","(4078.0, 5741.0, 180)"
2047,682,1,x3_x1,0.0,0.0,0.0,"(3759, 4626, 180)","(3759.0, 4632.0, 180)"
2048,682,2,x1_x1,-33079.25972730392,31866.5,1470786.1561702779,"(3176, 2279, 180)","(3176.0, 2279.0, 180)"
2049,683,0,x1_x1,0.0,0.0,0.0,"(1615, 709, 180)","(56.0, 709.0, 180)"
2050,683,1,x3_x1,0.0,0.0,0.0,"(1414, 4108, 180)","(1414.0, 4108.0, 180)"
2051,683,2,x2_x1,-27961.586724082375,27105.5,732884.4791500934,"(1928, 965, 180)","(1928.0, 965.0, 180)"
2052,684,0,x3_x1,0.0,0.0,0.0,"(1563, 2497, 180)","(1563.0, 2497.0, 180)"
2053,684,1,x1_x1,0.0,0.0,0.0,"(3935, 774, 90)","(3935.0, 774.0, 90)"
2054,684,2,x2_x1,-38939.591186358186,37728.0,1467953.2028608406,"(4402, 4525, 180)","(4402.0, 4525.0, 180)"
2055,685,0,x2_x1,0.0,0.0,0.0,"(1746, 4581, 180)","(1746.0, 4581.0, 180)"
2056,685,1,x3_x1,0.0,0.0,0.0,"(3218, 470, 180)","(3218.0, 470.0, 180)"
2057,685,2,x1_x1,-42230.170790410615,41001.5,1509631.9112082405,"(499, 5683, 270)","(499.0, 6269.0, 270)"
2058,686,0,x2_x1,0.0,0.0,0.0,"(4517, 3426, 0)","(4517.0, 3426.0, 0)"
2059,686,1,x3_x1,0.0,0.0,0.0,"(471, 2242, 180)","(471.0, 2242.0, 180)"
2060,686,2,x1_x1,-52063.91677485372,50493.0,2467779.513516817,"(31, 5273, 0)","(31.0, 5273.0, 0)"
2061,687,0,x3_x1,0.0,0.0,0.0,"(233, 129, 180)","(233.0, 129.0, 180)"
2062,687,1,x2_x1,0.0,0.0,0.0,"(23, 2462, 270)","(23.0, 2462.0, 270)"
2063,687,2,x1_x1,-36233.058136182,34900.5,1775711.1863048384,"(2115, 252, 180)","(2115.0, 252.0, 180)"
2064,688,0,x3_x1,0.0,0.0,0.0,"(4665, 429, 270)","(3832.0, 429.0, 270)"
2065,688,1,x2_x1,0.0,0.0,0.0,"(2285, 3973, 0)","(2285.0, 3973.0, 0)"
2066,688,2,x1_x1,-41566.28588607974,40120.5,2090296.8283873915,"(5477, 1525, 0)","(5477.0, 1525.0, 0)"
2067,689,0,x1_x1,0.0,0.0,0.0,"(2523, 152, 0)","(2523.0, 152.0, 0)"
2068,689,1,x2_x1,0.0,0.0,0.0,"(3345, 178, 180)","(4268.0, 178.0, 180)"
2069,689,2,x3_x1,-41070.97541411782,39893.0,1387626.0762660515,"(40, 4000, 180)","(40.0, 4000.0, 180)"
2070,690,0,x2_x1,0.0,0.0,0.0,"(5337, 630, 180)","(5337.0, 630.0, 180)"
2071,690,1,x3_x1,0.0,0.0,0.0,"(1186, 2911, 90)","(1186.0, 3285.0, 90)"
2072,690,2,x1_x1,-39747.2819287741,38480.0,1606003.4869974074,"(2450, 954, 0)","(2450.0, 954.0, 0)"
2073,691,0,x1_x1,0.0,0.0,0.0,"(3313, 3298, 270)","(3313.0, 3298.0, 270)"
2074,691,1,x3_x1,0.0,0.0,0.0,"(2793, 2377, 0)","(2049.0, 1653.0, 0)"
2075,691,2,x2_x1,-24746.99564771792,23807.5,882652.0720809139,"(3263, 2329, 90)","(3263.0, 1426.0, 90)"
2076,692,0,x3_x1,0.0,0.0,0.0,"(924, 3887, 90)","(924.0, 3887.0, 90)"
2077,692,1,x2_x1,0.0,0.0,0.0,"(1425, 5878, 180)","(1425.0, 5947.0, 180)"
2078,692,2,x1_x1,-30776.359135575938,29624.0,1327931.5773453214,"(1034, 3551, 0)","(2569.0, 3551.0, 0)"
2079,693,0,x1_x1,0.0,0.0,0.0,"(4322, 4170, 270)","(4322.0, 4170.0, 270)"
2080,693,1,x3_x1,0.0,0.0,0.0,"(320, 110, 90)","(320.0, 110.0, 90)"
2081,693,2,x2_x1,-49848.84353220853,48293.0,2420649.096715113,"(1249, 1265, 180)","(1249.0, 1265.0, 180)"
2082,694,0,x2_x1,0.0,0.0,0.0,"(2623, 715, 270)","(2623.0, -39.0, 270)"
2083,694,1,x1_x1,0.0,0.0,0.0,"(3284, 2541, 0)","(3284.0, 2541.0, 0)"
2084,694,2,x3_x1,-30319.459278748738,29293.0,1053618.6509293811,"(4326, 1233, 270)","(4802.0, 1233.0, 270)"
2085,695,0,x3_x1,0.0,0.0,0.0,"(5137, 1238, 270)","(5137.0, 1238.0, 270)"
2086,695,1,x1_x1,0.0,0.0,0.0,"(2671, 544, 270)","(2671.0, 544.0, 270)"
2087,695,2,x2_x1,-51151.90492467328,49777.5,1888988.896966169,"(2228, 5821, 0)","(2228.0, 5821.0, 0)"
2088,696,0,x1_x1,0.0,0.0,0.0,"(4590, 615, 90)","(4590.0, 615.0, 90)"
2089,696,1,x3_x1,0.0,0.0,0.0,"(5206, 4272, 0)","(5206.0, 4272.0, 0)"
2090,696,2,x2_x1,-58013.73028981448,56195.5,3305961.386798829,"(871, 5250, 180)","(871.0, 5250.0, 180)"
2091,697,0,x2_x1,0.0,0.0,0.0,"(1988, 1197, 180)","(1988.0, 2420.0, 180)"
2092,697,1,x1_x1,0.0,0.0,0.0,"(1764, 859, 270)","(1764.0, 859.0, 270)"
2093,697,2,x3_x1,-27642.168720872338,26726.0,839365.1251048534,"(1800, 1625, 180)","(1800.0, 3656.0, 180)"
2094,698,0,x1_x1,0.0,0.0,0.0,"(3885, 4670, 270)","(3885.0, 6152.0, 270)"
2095,698,1,x2_x1,0.0,0.0,0.0,"(4164, 4464, 180)","(4164.0, 4464.0, 180)"
2096,698,2,x3_x1,-31251.590199780563,30269.0,965483.5007048063,"(3309, 1585, 0)","(3309.0, 1585.0, 0)"
2097,699,0,x3_x1,0.0,0.0,0.0,"(160, 3247, 180)","(160.0, 3247.0, 180)"
2098,699,1,x1_x1,0.0,0.0,0.0,"(2975, 3214, 270)","(2975.0, 3214.0, 270)"
2099,699,2,x2_x1,-35098.40926205379,33944.5,1331506.585053524,"(2699, 499, 0)","(2699.0, 499.0, 0)"
2100,700,0,x2_x1,0.0,0.0,0.0,"(543, 122, 180)","(543.0, 122.0, 180)"
2101,700,1,x3_x1,0.0,0.0,0.0,"(4533, 1301, 180)","(4533.0, 1301.0, 180)"
2102,700,2,x1_x1,-33044.090480549465,31935.0,1230081.694045442,"(2790, 1392, 0)","(2790.0, 1392.0, 0)"
2103,701,0,x2_x1,0.0,0.0,0.0,"(5225, 78, 180)","(5225.0, 12.0, 180)"
2104,701,1,x1_x1,0.0,0.0,0.0,"(1545, 3654, 90)","(1545.0, 3654.0, 90)"
2105,701,2,x3_x1,-54192.54800169764,52470.0,2967171.6181525486,"(4442, 1248, 180)","(4442.0, 1248.0, 180)"
2106,702,0,x3_x1,0.0,0.0,0.0,"(1985, 2184, 0)","(1985.0, 2184.0, 0)"
2107,702,1,x2_x1,0.0,0.0,0.0,"(3879, 2143, 270)","(3879.0, 2143.0, 270)"
2108,702,2,x1_x1,-31091.530820895296,30012.5,1164307.5124419788,"(4890, 3547, 270)","(4890.0, 4015.0, 270)"
2109,703,0,x2_x1,0.0,0.0,0.0,"(3764, 2048, 0)","(4711.0, 2048.0, 0)"
2110,703,1,x1_x1,0.0,0.0,0.0,"(2839, 2996, 180)","(2839.0, 2996.0, 180)"
2111,703,2,x3_x1,-37515.534236725514,36359.0,1337571.4407182608,"(521, 525, 180)","(521.0, 525.0, 180)"
2112,704,0,x1_x1,0.0,0.0,0.0,"(2905, 2641, 180)","(2905.0, 2641.0, 180)"
2113,704,1,x2_x1,0.0,0.0,0.0,"(4116, 5106, 90)","(4116.0, 5221.0, 90)"
2114,704,2,x3_x1,-37110.904685138375,35933.5,1386281.7925857997,"(837, 1176, 90)","(837.0, 1176.0, 90)"
2115,705,0,x2_x1,0.0,0.0,0.0,"(501, 4735, 90)","(501.0, 4735.0, 90)"
2116,705,1,x1_x1,0.0,0.0,0.0,"(5146, 999, 0)","(5146.0, 999.0, 0)"
2117,705,2,x3_x1,-59029.93401932041,57177.0,3433364.4799548956,"(2563, 4522, 180)","(2563.0, 4522.0, 180)"
2118,706,0,x3_x1,0.0,0.0,0.0,"(4291, 1980, 0)","(4291.0, 1980.0, 0)"
2119,706,1,x2_x1,0.0,0.0,0.0,"(2976, 2206, 0)","(2976.0, 2206.0, 0)"
2120,706,2,x1_x1,-38407.71704385028,37049.0,1846112.005249246,"(4774, 5756, 0)","(4774.0, 5756.0, 0)"
2121,707,0,x1_x1,0.0,0.0,0.0,"(4707, 5810, 180)","(4707.0, 5810.0, 180)"
2122,707,1,x3_x1,0.0,0.0,0.0,"(5672, 1686, 270)","(5672.0, 1686.0, 270)"
2123,707,2,x2_x1,-45582.62703531542,44079.0,2260894.261331424,"(2671, 3005, 90)","(2671.0, 3005.0, 90)"
2124,708,0,x3_x1,0.0,0.0,0.0,"(1972, 399, 270)","(1972.0, 399.0, 270)"
2125,708,1,x1_x1,0.0,0.0,0.0,"(5214, 907, 270)","(5214.0, 907.0, 270)"
2126,708,2,x2_x1,-36655.352740416965,35297.0,1845122.1673982716,"(1890, 1266, 180)","(1890.0, 1613.0, 180)"
2127,709,0,x2_x1,0.0,0.0,0.0,"(897, 3356, 90)","(897.0, 3470.0, 90)"
2128,709,1,x3_x1,0.0,0.0,0.0,"(5238, 3733, 180)","(5238.0, 3733.0, 180)"
2129,709,2,x1_x1,-41553.95526059896,40251.5,1696389.7058618937,"(2013, 890, 0)","(2013.0, 890.0, 0)"
2130,710,0,x2_x1,0.0,0.0,0.0,"(4967, 3563, 90)","(5734.0, 3563.0, 90)"
2131,710,1,x1_x1,0.0,0.0,0.0,"(3338, 2670, 90)","(3338.0, 2670.0, 90)"
2132,710,2,x3_x1,-32921.924092658555,31743.5,1388683.3421581415,"(5908, 4175, 270)","(5908.0, 4834.0, 270)"
2133,711,0,x3_x1,0.0,0.0,0.0,"(2863, 1982, 0)","(2863.0, 1982.0, 0)"
2134,711,1,x1_x1,0.0,0.0,0.0,"(2383, 1917, 180)","(1367.0, 1917.0, 180)"
2135,711,2,x2_x1,-31697.55583010851,30710.0,975266.5175813083,"(4868, 1557, 180)","(4868.0, 1557.0, 180)"
2136,712,0,x2_x1,0.0,0.0,0.0,"(5891, 5321, 270)","(5891.0, 5321.0, 270)"
2137,712,1,x3_x1,0.0,0.0,0.0,"(5520, 489, 180)","(5520.0, 489.0, 180)"
2138,712,2,x1_x1,-65016.01586995838,63065.0,3806462.924829439,"(1882, 289, 270)","(1882.0, 289.0, 270)"
2139,713,0,x3_x1,0.0,0.0,0.0,"(793, 2718, 0)","(793.0, 2718.0, 0)"
2140,713,1,x1_x1,0.0,0.0,0.0,"(5215, 1950, 180)","(5215.0, 1950.0, 180)"
2141,713,2,x2_x1,-48149.91356777217,46577.5,2472484.4281140026,"(1366, 4236, 180)","(1366.0, 4236.0, 180)"
2142,714,0,x1_x1,0.0,0.0,0.0,"(1885, 2129, 90)","(1885.0, 1649.0, 90)"
2143,714,1,x2_x1,0.0,0.0,0.0,"(3451, 3337, 0)","(3451.0, 3337.0, 0)"
2144,714,2,x3_x1,-34796.468754996444,33646.0,1323578.356223059,"(3893, 5472, 180)","(3893.0, 5472.0, 180)"
2145,715,0,x3_x1,0.0,0.0,0.0,"(4874, 1857, 0)","(4874.0, 758.0, 0)"
2146,715,1,x1_x1,0.0,0.0,0.0,"(4835, 3111, 0)","(4835.0, 3111.0, 0)"
2147,715,2,x2_x1,-29519.3374158909,28485.0,1069853.889911859,"(5556, 3609, 180)","(6580.0, 3609.0, 180)"
2148,716,0,x3_x1,0.0,0.0,0.0,"(3106, 3566, 180)","(4467.0, 3566.0, 180)"
2149,716,1,x2_x1,0.0,0.0,0.0,"(3023, 3397, 180)","(5738.0, 3397.0, 180)"
2150,716,2,x1_x1,-31864.9897953846,30703.5,1349058.5447825661,"(2971, 4069, 0)","(2971.0, 4069.0, 0)"
2151,717,0,x2_x1,0.0,0.0,0.0,"(5355, 4303, 270)","(5355.0, 4303.0, 270)"
2152,717,1,x3_x1,0.0,0.0,0.0,"(3677, 3948, 0)","(3677.0, 3948.0, 0)"
2153,717,2,x1_x1,-35744.29464655489,34518.5,1502572.5155226307,"(4756, 759, 180)","(4756.0, 759.0, 180)"
2154,718,0,x3_x1,0.0,0.0,0.0,"(5889, 3949, 90)","(5889.0, 3949.0, 90)"
2155,718,1,x1_x1,0.0,0.0,0.0,"(1740, 858, 0)","(278.0, 858.0, 0)"
2156,718,2,x2_x1,-44283.09065722747,43096.5,1407997.3878195162,"(1839, 1518, 270)","(1839.0, 1518.0, 270)"
2157,719,0,x2_x1,0.0,0.0,0.0,"(2152, 1115, 0)","(2152.0, 1115.0, 0)"
2158,719,1,x1_x1,0.0,0.0,0.0,"(4778, 418, 0)","(4778.0, 418.0, 0)"
2159,719,2,x3_x1,-31386.901260242925,30302.5,1175926.0932164413,"(2537, 2232, 270)","(2537.0, 2232.0, 270)"
2160,720,0,x1_x1,0.0,0.0,0.0,"(712, 1732, 180)","(712.0, 1732.0, 180)"
2161,720,1,x2_x1,0.0,0.0,0.0,"(7, 1417, 270)","(-849.0, 1417.0, 270)"
2162,720,2,x3_x1,-30177.953118042984,29173.5,1008926.0663462697,"(1815, 3321, 270)","(2357.0, 3321.0, 270)"
2163,721,0,x3_x1,0.0,0.0,0.0,"(3944, 3663, 0)","(3944.0, 3663.0, 0)"
2164,721,1,x2_x1,0.0,0.0,0.0,"(475, 5676, 0)","(475.0, 5676.0, 0)"
2165,721,2,x1_x1,-36895.63373317001,35613.0,1645149.2934656458,"(3834, 5569, 270)","(3834.0, 5569.0, 270)"
2166,722,0,x2_x1,0.0,0.0,0.0,"(5481, 5355, 180)","(5481.0, 5355.0, 180)"
2167,722,1,x1_x1,0.0,0.0,0.0,"(122, 521, 0)","(122.0, 521.0, 0)"
2168,722,2,x3_x1,-74310.40900147725,72172.5,4570654.89859747,"(5632, 3052, 0)","(5632.0, 3052.0, 0)"
2169,723,0,x1_x1,0.0,0.0,0.0,"(641, 4262, 0)","(641.0, 4262.0, 0)"
2170,723,1,x2_x1,0.0,0.0,0.0,"(1003, 2638, 0)","(1003.0, 1866.0, 0)"
2171,723,2,x3_x1,-35914.66104042211,34797.5,1248048.7902370086,"(3716, 5014, 90)","(3716.0, 5014.0, 90)"
2172,724,0,x2_x1,0.0,0.0,0.0,"(1088, 4024, 180)","(1088.0, 4190.0, 180)"
2173,724,1,x1_x1,0.0,0.0,0.0,"(1453, 1794, 180)","(1453.0, 1794.0, 180)"
2174,724,2,x3_x1,-36532.083486902935,35330.5,1443802.87599782,"(4786, 3612, 180)","(4786.0, 3612.0, 180)"
2175,725,0,x2_x1,0.0,0.0,0.0,"(1274, 4909, 270)","(-208.0, 4909.0, 270)"
2176,725,1,x1_x1,0.0,0.0,0.0,"(1480, 4757, 0)","(1480.0, 4757.0, 0)"
2177,725,2,x3_x1,-25992.286122916357,25068.0,854304.8370157519,"(638, 2298, 270)","(638.0, 2298.0, 270)"
2178,726,0,x3_x1,0.0,0.0,0.0,"(4392, 3574, 180)","(4392.0, 3574.0, 180)"
2179,726,1,x1_x1,0.0,0.0,0.0,"(246, 1581, 270)","(246.0, 1581.0, 270)"
2180,726,2,x2_x1,-37221.5514470449,36149.0,1150366.6065581,"(217, 1347, 180)","(217.0, -107.0, 180)"
2181,727,0,x2_x1,0.0,0.0,0.0,"(4206, 4425, 180)","(4206.0, 2774.0, 180)"
2182,727,1,x3_x1,0.0,0.0,0.0,"(1255, 4743, 180)","(1255.0, 4743.0, 180)"
2183,727,2,x1_x1,-35144.08269481094,34055.0,1186101.1161366561,"(4285, 5170, 180)","(4285.0, 5170.0, 180)"
2184,728,0,x3_x1,0.0,0.0,0.0,"(1546, 3437, 270)","(1099.0, 3437.0, 270)"
2185,728,1,x1_x1,0.0,0.0,0.0,"(3452, 2587, 270)","(3452.0, 2587.0, 270)"
2186,728,2,x2_x1,-38507.13425526458,37115.0,1938037.784681077,"(1286, 4711, 0)","(1286.0, 4711.0, 0)"
2187,729,0,x3_x1,0.0,0.0,0.0,"(2561, 3261, 270)","(2561.0, 3261.0, 270)"
2188,729,1,x2_x1,0.0,0.0,0.0,"(4803, 3719, 0)","(4803.0, 4806.0, 0)"
2189,729,2,x1_x1,-33913.45772028943,32807.0,1224248.6867880847,"(5138, 2410, 180)","(5138.0, 2410.0, 180)"
2190,730,0,x3_x1,0.0,0.0,0.0,"(5861, 5725, 270)","(5861.0, 5725.0, 270)"
2191,730,1,x1_x1,0.0,0.0,0.0,"(2890, 2730, 0)","(2890.0, 2730.0, 0)"
2192,730,2,x2_x1,-38037.54131061278,36948.5,1186010.9762212045,"(1764, 2676, 270)","(1202.0, 2676.0, 270)"
2193,731,0,x3_x1,0.0,0.0,0.0,"(1336, 976, 270)","(1336.0, 976.0, 270)"
2194,731,1,x1_x1,0.0,0.0,0.0,"(4136, 2939, 270)","(4136.0, 2939.0, 270)"
2195,731,2,x2_x1,-31528.652140692124,30585.0,890479.3626328311,"(4329, 435, 270)","(4329.0, 435.0, 270)"
2196,732,0,x1_x1,0.0,0.0,0.0,"(5372, 2647, 270)","(5372.0, 2647.0, 270)"
2197,732,1,x3_x1,0.0,0.0,0.0,"(5223, 4216, 180)","(5223.0, 4216.0, 180)"
2198,732,2,x2_x1,-43825.490702928924,42427.0,1955776.246178631,"(1199, 1595, 0)","(1199.0, 1595.0, 0)"
2199,733,0,x3_x1,0.0,0.0,0.0,"(5578, 3167, 270)","(5700.0, 3167.0, 270)"
2200,733,1,x2_x1,0.0,0.0,0.0,"(930, 3880, 180)","(767.0, 3880.0, 180)"
2201,733,2,x1_x1,-37040.76201815737,35762.0,1635232.29908192,"(3347, 2808, 270)","(3347.0, 2808.0, 270)"
2202,734,0,x3_x1,0.0,0.0,0.0,"(4680, 2252, 180)","(4680.0, 2252.0, 180)"
2203,734,1,x2_x1,0.0,0.0,0.0,"(312, 5485, 90)","(312.0, 5485.0, 90)"
2204,734,2,x1_x1,-49125.784400959754,47725.5,1960796.4035712103,"(1086, 1149, 0)","(1086.0, 1149.0, 0)"
2205,735,0,x2_x1,0.0,0.0,0.0,"(1948, 5765, 0)","(1948.0, 5765.0, 0)"
2206,735,1,x1_x1,0.0,0.0,0.0,"(851, 2919, 90)","(851.0, 2919.0, 90)"
2207,735,2,x3_x1,-41430.09575366164,40201.5,1509447.5259154162,"(5454, 4605, 180)","(5454.0, 4605.0, 180)"
2208,736,0,x2_x1,0.0,0.0,0.0,"(848, 3752, 0)","(848.0, 3752.0, 0)"
2209,736,1,x3_x1,0.0,0.0,0.0,"(319, 1178, 180)","(-103.0, 1178.0, 180)"
2210,736,2,x1_x1,-38910.89546017496,37549.5,1853397.598984991,"(2228, 373, 90)","(2228.0, 373.0, 90)"
2211,737,0,x3_x1,0.0,0.0,0.0,"(1459, 5598, 180)","(1459.0, 5598.0, 180)"
2212,737,1,x1_x1,0.0,0.0,0.0,"(4487, 1751, 0)","(4487.0, 1751.0, 0)"
2213,737,2,x2_x1,-45393.31140971477,44036.5,1840937.2015321867,"(914, 567, 270)","(914.0, 567.0, 270)"
2214,738,0,x1_x1,0.0,0.0,0.0,"(962, 1222, 180)","(962.0, 1222.0, 180)"
2215,738,1,x3_x1,0.0,0.0,0.0,"(3964, 4104, 0)","(3964.0, 4104.0, 0)"
2216,738,2,x2_x1,-52153.043604705614,50421.5,2998243.254996898,"(3660, 5700, 180)","(3660.0, 5700.0, 180)"
2217,739,0,x1_x1,0.0,0.0,0.0,"(3008, 2823, 270)","(3008.0, 2823.0, 270)"
2218,739,1,x2_x1,0.0,0.0,0.0,"(2053, 3541, 180)","(2053.0, 4384.0, 180)"
2219,739,2,x3_x1,-33291.157203468254,32184.0,1225797.0731916483,"(5159, 5367, 90)","(5159.0, 5367.0, 90)"
2220,740,0,x1_x1,0.0,0.0,0.0,"(3496, 3758, 180)","(3496.0, 3758.0, 180)"
2221,740,1,x3_x1,0.0,0.0,0.0,"(3852, 721, 270)","(3852.0, 721.0, 270)"
2222,740,2,x2_x1,-37243.486621118194,36000.0,1546258.9768999384,"(5864, 5261, 270)","(5864.0, 5261.0, 270)"
2223,741,0,x2_x1,0.0,0.0,0.0,"(2316, 2944, 0)","(2316.0, 2944.0, 0)"
2224,741,1,x3_x1,0.0,0.0,0.0,"(5230, 5016, 0)","(5230.0, 5016.0, 0)"
2225,741,2,x1_x1,-38422.056303364145,37328.5,1195865.3886274565,"(2325, 1126, 270)","(2325.0, 1126.0, 270)"
2226,742,0,x1_x1,0.0,0.0,0.0,"(3555, 5844, 270)","(3555.0, 5844.0, 270)"
2227,742,1,x3_x1,0.0,0.0,0.0,"(5839, 3085, 0)","(5839.0, 3085.0, 0)"
2228,742,2,x2_x1,-50583.98140969912,48946.5,2681345.367110204,"(5257, 703, 180)","(5257.0, 703.0, 180)"
2229,743,0,x2_x1,0.0,0.0,0.0,"(446, 4803, 270)","(446.0, 4803.0, 270)"
2230,743,1,x3_x1,0.0,0.0,0.0,"(2077, 4845, 90)","(2077.0, 4845.0, 90)"
2231,743,2,x1_x1,-34156.690841518976,32866.5,1664592.4075394457,"(2878, 5017, 90)","(2878.0, 6341.0, 90)"
2232,744,0,x1_x1,0.0,0.0,0.0,"(5733, 1932, 0)","(5733.0, 1932.0, 0)"
2233,744,1,x2_x1,0.0,0.0,0.0,"(154, 3447, 270)","(154.0, 3447.0, 270)"
2234,744,2,x3_x1,-54035.646674277974,52457.0,2492125.3222089126,"(4989, 4552, 0)","(4989.0, 4552.0, 0)"
2235,745,0,x1_x1,0.0,0.0,0.0,"(5791, 3888, 0)","(5791.0, 3888.0, 0)"
2236,745,1,x3_x1,0.0,0.0,0.0,"(3887, 5559, 180)","(3887.0, 5559.0, 180)"
2237,745,2,x2_x1,-36112.22160441077,34812.5,1689276.2489721149,"(3210, 1986, 0)","(3210.0, 1986.0, 0)"
2238,746,0,x2_x1,0.0,0.0,0.0,"(1525, 1819, 90)","(1525.0, 1819.0, 90)"
2239,746,1,x3_x1,0.0,0.0,0.0,"(3483, 692, 90)","(3483.0, 692.0, 90)"
2240,746,2,x1_x1,-34216.34442227041,32999.0,1481927.442432889,"(2709, 4398, 270)","(2709.0, 4398.0, 270)"
2241,747,0,x2_x1,0.0,0.0,0.0,"(5348, 3947, 180)","(5348.0, 3947.0, 180)"
2242,747,1,x3_x1,0.0,0.0,0.0,"(2322, 4997, 90)","(2322.0, 4997.0, 90)"
2243,747,2,x1_x1,-50434.90095590312,48835.5,2558083.4177438,"(1447, 1385, 270)","(1447.0, 1385.0, 270)"
2244,748,0,x3_x1,0.0,0.0,0.0,"(2386, 360, 270)","(1312.0, 360.0, 270)"
2245,748,1,x1_x1,0.0,0.0,0.0,"(3665, 439, 90)","(3665.0, 439.0, 90)"
2246,748,2,x2_x1,-46572.18306684785,45082.5,2219155.6396532115,"(1879, 5022, 90)","(1879.0, 5022.0, 90)"
2247,749,0,x3_x1,0.0,0.0,0.0,"(5160, 2801, 270)","(5160.0, 2801.0, 270)"
2248,749,1,x1_x1,0.0,0.0,0.0,"(4623, 3964, 180)","(3515.0, 3964.0, 180)"
2249,749,2,x2_x1,-46150.261156199,44625.0,2326421.5946095097,"(2090, 329, 90)","(2090.0, 329.0, 90)"
2250,750,0,x1_x1,0.0,0.0,0.0,"(2793, 2682, 0)","(2793.0, 2682.0, 0)"
2251,750,1,x3_x1,0.0,0.0,0.0,"(2924, 3794, 90)","(2924.0, 5013.0, 90)"
2252,750,2,x2_x1,-33230.831525759095,32011.0,1487988.9512357612,"(4509, 4746, 180)","(4538.0, 4746.0, 180)"
2253,751,0,x1_x1,0.0,0.0,0.0,"(727, 5281, 0)","(727.0, 5281.0, 0)"
2254,751,1,x2_x1,0.0,0.0,0.0,"(5407, 2151, 0)","(5407.0, 2151.0, 0)"
2255,751,2,x3_x1,-57454.187403847456,55659.0,3222697.814932581,"(4213, 5598, 180)","(4213.0, 5598.0, 180)"
2256,752,0,x2_x1,0.0,0.0,0.0,"(3251, 4108, 0)","(3251.0, 4108.0, 0)"
2257,752,1,x3_x1,0.0,0.0,0.0,"(3184, 2141, 90)","(3184.0, 2141.0, 90)"
2258,752,2,x1_x1,-38836.93861294803,37485.5,1826386.3245669028,"(3177, 1142, 0)","(3177.0, -190.0, 0)"
2259,753,0,x2_x1,0.0,0.0,0.0,"(2331, 1504, 180)","(2331.0, 1504.0, 180)"
2260,753,1,x3_x1,0.0,0.0,0.0,"(481, 2703, 180)","(481.0, 2703.0, 180)"
2261,753,2,x1_x1,-41440.67213753957,40184.0,1579224.861268271,"(2584, 5356, 180)","(2584.0, 5356.0, 180)"
2262,754,0,x3_x1,0.0,0.0,0.0,"(4639, 5335, 270)","(6018.0, 5335.0, 270)"
2263,754,1,x1_x1,0.0,0.0,0.0,"(3665, 5485, 270)","(3665.0, 5485.0, 270)"
2264,754,2,x2_x1,-32670.29881586453,31529.5,1301421.9382779177,"(4525, 2901, 0)","(4525.0, 2901.0, 0)"
2265,755,0,x3_x1,0.0,0.0,0.0,"(372, 3758, 270)","(372.0, 3758.0, 270)"
2266,755,1,x1_x1,0.0,0.0,0.0,"(2891, 4397, 270)","(2891.0, 4397.0, 270)"
2267,755,2,x2_x1,-38220.903748023695,36921.0,1689749.7541260475,"(4831, 5658, 0)","(4831.0, 5958.0, 0)"
2268,756,0,x1_x1,0.0,0.0,0.0,"(2616, 4508, 270)","(2616.0, 4508.0, 270)"
2269,756,1,x3_x1,0.0,0.0,0.0,"(5387, 1503, 270)","(5387.0, 1129.0, 270)"
2270,756,2,x2_x1,-41592.034889725415,40218.5,1886598.0932930037,"(5878, 2527, 90)","(5878.0, 2527.0, 90)"
2271,757,0,x3_x1,0.0,0.0,0.0,"(5698, 4313, 0)","(5698.0, 4313.0, 0)"
2272,757,1,x2_x1,0.0,0.0,0.0,"(290, 3823, 270)","(-805.0, 3823.0, 270)"
2273,757,2,x1_x1,-42792.44131214335,41561.5,1515216.5139412044,"(756, 2534, 180)","(756.0, 2534.0, 180)"
2274,758,0,x2_x1,0.0,0.0,0.0,"(2956, 3735, 180)","(2956.0, 4851.0, 180)"
2275,758,1,x3_x1,0.0,0.0,0.0,"(1868, 1450, 0)","(1868.0, 1450.0, 0)"
2276,758,2,x1_x1,-36509.554154468206,35293.5,1478787.7065993845,"(4417, 3290, 270)","(4417.0, 3290.0, 270)"
2277,759,0,x1_x1,0.0,0.0,0.0,"(3074, 4308, 90)","(3074.0, 4308.0, 90)"
2278,759,1,x3_x1,0.0,0.0,0.0,"(4128, 2217, 90)","(4128.0, 2217.0, 90)"
2279,759,2,x2_x1,-32293.243205736973,31231.0,1128360.6281343612,"(4288, 4236, 90)","(5470.0, 4236.0, 90)"
2280,760,0,x2_x1,0.0,0.0,0.0,"(74, 1694, 90)","(-1406.0, 1694.0, 90)"
2281,760,1,x1_x1,0.0,0.0,0.0,"(990, 1948, 270)","(990.0, 1948.0, 270)"
2282,760,2,x3_x1,-33188.85663028053,32022.0,1361554.395629625,"(3332, 636, 180)","(3332.0, 636.0, 180)"
2283,761,0,x1_x1,0.0,0.0,0.0,"(126, 3427, 0)","(126.0, 3427.0, 0)"
2284,761,1,x2_x1,0.0,0.0,0.0,"(504, 5210, 270)","(504.0, 6007.0, 270)"
2285,761,2,x3_x1,-46874.14017409339,45627.5,1554111.7236635974,"(5781, 1434, 270)","(5781.0, 1434.0, 270)"
2286,762,0,x2_x1,0.0,0.0,0.0,"(3027, 3951, 0)","(3027.0, 3951.0, 0)"
2287,762,1,x3_x1,0.0,0.0,0.0,"(1668, 1737, 180)","(1668.0, 1737.0, 180)"
2288,762,2,x1_x1,-36247.52523391799,34936.0,1720098.439203647,"(911, 2096, 180)","(45.0, 2096.0, 180)"
2289,763,0,x2_x1,0.0,0.0,0.0,"(2035, 4361, 270)","(2035.0, 4361.0, 270)"
2290,763,1,x3_x1,0.0,0.0,0.0,"(978, 1999, 90)","(978.0, 1999.0, 90)"
2291,763,2,x1_x1,-39189.19645378727,37879.0,1716614.747516731,"(4785, 3036, 180)","(4785.0, 3036.0, 180)"
2292,764,0,x3_x1,0.0,0.0,0.0,"(5867, 2511, 0)","(5867.0, 2511.0, 0)"
2293,764,1,x2_x1,0.0,0.0,0.0,"(2871, 5798, 180)","(2871.0, 5798.0, 180)"
2294,764,2,x1_x1,-39660.01840788337,38428.0,1517869.3573634813,"(5959, 4949, 180)","(5959.0, 4949.0, 180)"
2295,765,0,x3_x1,0.0,0.0,0.0,"(3514, 963, 270)","(3514.0, 963.0, 270)"
2296,765,1,x1_x1,0.0,0.0,0.0,"(5219, 1815, 0)","(5219.0, 1815.0, 0)"
2297,765,2,x2_x1,-29466.8950769727,28414.5,1107535.3980363812,"(5210, 267, 180)","(5210.0, -581.0, 180)"
2298,766,0,x2_x1,0.0,0.0,0.0,"(2280, 770, 0)","(2280.0, 770.0, 0)"
2299,766,1,x1_x1,0.0,0.0,0.0,"(1736, 1204, 90)","(1736.0, 2331.0, 90)"
2300,766,2,x3_x1,-34241.467461523804,33157.0,1176069.6751038772,"(5643, 2219, 180)","(5643.0, 2219.0, 180)"
2301,767,0,x1_x1,0.0,0.0,0.0,"(3672, 3883, 180)","(3672.0, 3883.0, 180)"
2302,767,1,x3_x1,0.0,0.0,0.0,"(2438, 5700, 180)","(2176.0, 5700.0, 180)"
2303,767,2,x2_x1,-29555.168372873824,28592.5,926730.3961315351,"(5296, 4826, 180)","(5544.0, 4826.0, 180)"
2304,768,0,x2_x1,0.0,0.0,0.0,"(783, 3293, 180)","(783.0, 3293.0, 180)"
2305,768,1,x1_x1,0.0,0.0,0.0,"(2997, 4449, 0)","(2997.0, 4449.0, 0)"
2306,768,2,x3_x1,-37536.3418435426,36340.0,1431233.8066109084,"(5568, 2497, 270)","(5568.0, 2497.0, 270)"
2307,769,0,x2_x1,0.0,0.0,0.0,"(3223, 5084, 270)","(3223.0, 5084.0, 270)"
2308,769,1,x1_x1,0.0,0.0,0.0,"(1066, 2500, 0)","(1066.0, 2500.0, 0)"
2309,769,2,x3_x1,-46221.29786822995,44787.0,2057210.3748089874,"(5316, 4276, 90)","(5316.0, 4276.0, 90)"
2310,770,0,x2_x1,0.0,0.0,0.0,"(2199, 19, 0)","(2199.0, 19.0, 0)"
2311,770,1,x3_x1,0.0,0.0,0.0,"(5899, 2964, 0)","(5899.0, 2964.0, 0)"
2312,770,2,x1_x1,-66308.91229074067,64560.0,3058694.2007037583,"(71, 5957, 270)","(71.0, 5957.0, 270)"
2313,771,0,x2_x1,0.0,0.0,0.0,"(2564, 4541, 0)","(2564.0, 4541.0, 0)"
2314,771,1,x1_x1,0.0,0.0,0.0,"(4866, 1445, 180)","(4866.0, 1445.0, 180)"
2315,771,2,x3_x1,-50647.41241711446,49056.5,2531002.318928955,"(888, 5075, 270)","(888.0, 5075.0, 270)"
2316,772,0,x3_x1,0.0,0.0,0.0,"(5733, 315, 180)","(5733.0, 315.0, 180)"
2317,772,1,x2_x1,0.0,0.0,0.0,"(5904, 2122, 270)","(5904.0, 2122.0, 270)"
2318,772,2,x1_x1,-39360.67073092561,38007.0,1832424.447764672,"(4169, 4462, 180)","(4169.0, 4462.0, 180)"
2319,773,0,x3_x1,0.0,0.0,0.0,"(4145, 3175, 180)","(4145.0, 3175.0, 180)"
2320,773,1,x2_x1,0.0,0.0,0.0,"(287, 2955, 180)","(287.0, 2955.0, 180)"
2321,773,2,x1_x1,-43815.61159194465,42338.0,2183336.016649218,"(4917, 2690, 90)","(4917.0, 1530.0, 90)"
2322,774,0,x1_x1,0.0,0.0,0.0,"(1629, 5623, 90)","(1629.0, 6321.0, 90)"
2323,774,1,x3_x1,0.0,0.0,0.0,"(1035, 4825, 90)","(1035.0, 4825.0, 90)"
2324,774,2,x2_x1,-35872.68975151146,34583.0,1663299.6551537004,"(155, 3726, 90)","(-74.0, 3726.0, 90)"
2325,775,0,x3_x1,0.0,0.0,0.0,"(3405, 1083, 180)","(3405.0, 986.0, 180)"
2326,775,1,x2_x1,0.0,0.0,0.0,"(5817, 5454, 180)","(5817.0, 5454.0, 180)"
2327,775,2,x1_x1,-41804.9662684854,40452.0,1830517.7236593082,"(4010, 2504, 90)","(4010.0, 2504.0, 90)"
2328,776,0,x2_x1,0.0,0.0,0.0,"(3236, 963, 180)","(3236.0, 963.0, 180)"
2329,776,1,x1_x1,0.0,0.0,0.0,"(4873, 4950, 180)","(4873.0, 4950.0, 180)"
2330,776,2,x3_x1,-50052.756021014466,48564.0,2216394.4901068183,"(1114, 3074, 0)","(1114.0, 3074.0, 0)"
2331,777,0,x1_x1,0.0,0.0,0.0,"(5872, 4954, 0)","(6549.0, 4954.0, 0)"
2332,777,1,x2_x1,0.0,0.0,0.0,"(3200, 4761, 270)","(3200.0, 4761.0, 270)"
2333,777,2,x3_x1,-32872.158250641085,31763.0,1230232.0249651861,"(4904, 5970, 90)","(4904.0, 5970.0, 90)"
2334,778,0,x1_x1,0.0,0.0,0.0,"(2064, 3904, 270)","(2064.0, 3148.0, 270)"
2335,778,1,x3_x1,0.0,0.0,0.0,"(2492, 4793, 180)","(2492.0, 4793.0, 180)"
2336,778,2,x2_x1,-30581.768688421424,29419.5,1350868.5040848542,"(3413, 5201, 90)","(3579.0, 5201.0, 90)"
2337,779,0,x3_x1,0.0,0.0,0.0,"(5716, 3125, 270)","(5716.0, 3125.0, 270)"
2338,779,1,x1_x1,0.0,0.0,0.0,"(1202, 2882, 270)","(1202.0, 2882.0, 270)"
2339,779,2,x2_x1,-46050.91188125722,44530.5,2311652.2886681096,"(4595, 5067, 0)","(4595.0, 5067.0, 0)"
2340,780,0,x1_x1,0.0,0.0,0.0,"(1818, 4381, 90)","(1818.0, 4381.0, 90)"
2341,780,1,x3_x1,0.0,0.0,0.0,"(5816, 4143, 0)","(5816.0, 4143.0, 0)"
2342,780,2,x2_x1,-55815.900177918964,54029.5,3191225.5956688942,"(5571, 960, 180)","(5571.0, 960.0, 180)"
2343,781,0,x3_x1,0.0,0.0,0.0,"(2312, 1085, 0)","(2312.0, 1085.0, 0)"
2344,781,1,x1_x1,0.0,0.0,0.0,"(4520, 4393, 180)","(4520.0, 4393.0, 180)"
2345,781,2,x2_x1,-45985.855742760235,44647.5,1791196.0941793045,"(5749, 230, 180)","(5749.0, 230.0, 180)"
2346,782,0,x2_x1,0.0,0.0,0.0,"(3704, 2746, 270)","(3704.0, 2746.0, 270)"
2347,782,1,x3_x1,0.0,0.0,0.0,"(4779, 714, 0)","(4779.0, 714.0, 0)"
2348,782,2,x1_x1,-36381.23357285401,35202.5,1389412.835773194,"(4345, 5006, 90)","(4345.0, 5006.0, 90)"
2349,783,0,x2_x1,0.0,0.0,0.0,"(4261, 2192, 90)","(4261.0, 2192.0, 90)"
2350,783,1,x1_x1,0.0,0.0,0.0,"(1940, 1923, 180)","(1940.0, 1923.0, 180)"
2351,783,2,x3_x1,-29811.71701205355,28771.0,1083091.8991776677,"(5144, 796, 270)","(5144.0, 794.0, 270)"
2352,784,0,x2_x1,0.0,0.0,0.0,"(2466, 1635, 270)","(1449.0, 1635.0, 270)"
2353,784,1,x3_x1,0.0,0.0,0.0,"(1669, 1157, 180)","(1514.0, 342.0, 180)"
2354,784,2,x1_x1,-31819.607657214852,30606.5,1471630.1879933046,"(3845, 1298, 270)","(3845.0, 1298.0, 270)"
2355,785,0,x3_x1,0.0,0.0,0.0,"(704, 800, 270)","(704.0, 800.0, 270)"
2356,785,1,x1_x1,0.0,0.0,0.0,"(5414, 3948, 0)","(5414.0, 3948.0, 0)"
2357,785,2,x2_x1,-51179.340951172584,49560.5,2620646.0251933555,"(2161, 753, 270)","(2161.0, 753.0, 270)"
2358,786,0,x3_x1,0.0,0.0,0.0,"(3099, 1324, 180)","(3099.0, 1324.0, 180)"
2359,786,1,x1_x1,0.0,0.0,0.0,"(3707, 1379, 0)","(4595.0, 1379.0, 0)"
2360,786,2,x2_x1,-43783.75996754807,42281.0,2258287.5200650706,"(1741, 4647, 0)","(1741.0, 4647.0, 0)"
2361,787,0,x3_x1,0.0,0.0,0.0,"(846, 2951, 180)","(846.0, 2951.0, 180)"
2362,787,1,x1_x1,0.0,0.0,0.0,"(5601, 695, 0)","(5601.0, 695.0, 0)"
2363,787,2,x2_x1,-54336.75651195167,52826.5,2280874.73189243,"(5680, 5510, 90)","(5680.0, 5510.0, 90)"
2364,788,0,x1_x1,0.0,0.0,0.0,"(5309, 5305, 180)","(5309.0, 5305.0, 180)"
2365,788,1,x3_x1,0.0,0.0,0.0,"(3559, 509, 180)","(3559.0, 509.0, 180)"
2366,788,2,x2_x1,-43799.549719455,42442.0,1842941.2407923413,"(5496, 1823, 270)","(5496.0, 1823.0, 270)"
2367,789,0,x2_x1,0.0,0.0,0.0,"(5094, 144, 270)","(5094.0, 144.0, 270)"
2368,789,1,x3_x1,0.0,0.0,0.0,"(3066, 4558, 90)","(3066.0, 5436.0, 90)"
2369,789,2,x1_x1,-52730.89367730449,51095.5,2674512.4797675163,"(1896, 3940, 270)","(1896.0, 3940.0, 270)"
2370,790,0,x3_x1,0.0,0.0,0.0,"(2859, 2695, 180)","(2859.0, 2695.0, 180)"
2371,790,1,x1_x1,0.0,0.0,0.0,"(3904, 1358, 180)","(4355.0, 1358.0, 180)"
2372,790,2,x2_x1,-32475.436647625913,31347.5,1272241.0810575862,"(3594, 4235, 90)","(3594.0, 4235.0, 90)"
2373,791,0,x2_x1,0.0,0.0,0.0,"(3838, 1863, 180)","(3237.0, 1863.0, 180)"
2374,791,1,x1_x1,0.0,0.0,0.0,"(4982, 3636, 180)","(4982.0, 3636.0, 180)"
2375,791,2,x3_x1,-32765.83297562957,31558.5,1457652.9140425553,"(3132, 4225, 270)","(3132.0, 4225.0, 270)"
2376,792,0,x3_x1,0.0,0.0,0.0,"(4672, 159, 90)","(4672.0, 159.0, 90)"
2377,792,1,x1_x1,0.0,0.0,0.0,"(1532, 2106, 0)","(979.0, 2106.0, 0)"
2378,792,2,x2_x1,-37835.42686999209,36597.5,1532462.9354484128,"(2851, 2905, 180)","(2851.0, 2905.0, 180)"
2379,793,0,x1_x1,0.0,0.0,0.0,"(4006, 3531, 90)","(4006.0, 3531.0, 90)"
2380,793,1,x2_x1,0.0,0.0,0.0,"(848, 3529, 180)","(848.0, 3529.0, 180)"
2381,793,2,x3_x1,-35118.44206589072,33923.0,1429081.7329010766,"(1850, 1882, 90)","(1850.0, 1882.0, 90)"
2382,794,0,x2_x1,0.0,0.0,0.0,"(1228, 5258, 180)","(1228.0, 5258.0, 180)"
2383,794,1,x3_x1,0.0,0.0,0.0,"(932, 5321, 0)","(-170.0, 5321.0, 0)"
2384,794,2,x1_x1,-47713.445118885465,46193.0,2311753.359542648,"(3863, 1912, 0)","(3863.0, 1912.0, 0)"
2385,795,0,x3_x1,0.0,0.0,0.0,"(2458, 5057, 90)","(2458.0, 5168.0, 90)"
2386,795,1,x1_x1,0.0,0.0,0.0,"(152, 238, 270)","(152.0, 238.0, 270)"
2387,795,2,x2_x1,-52691.31917338406,51014.0,2813399.609401789,"(2855, 3897, 90)","(2855.0, 3897.0, 90)"
2388,796,0,x2_x1,0.0,0.0,0.0,"(4183, 883, 90)","(4183.0, 883.0, 90)"
2389,796,1,x3_x1,0.0,0.0,0.0,"(4196, 4227, 0)","(5399.0, 4227.0, 0)"
2390,796,2,x1_x1,-33417.086218038356,32256.5,1346960.3695005649,"(3903, 3686, 0)","(3903.0, 3686.0, 0)"
2391,797,0,x2_x1,0.0,0.0,0.0,"(1500, 4490, 270)","(1500.0, 4490.0, 270)"
2392,797,1,x1_x1,0.0,0.0,0.0,"(5138, 1081, 90)","(5138.0, 1081.0, 90)"
2393,797,2,x3_x1,-53823.03499498122,52167.5,2740796.119607484,"(5149, 569, 270)","(5149.0, -415.0, 270)"
2394,798,0,x2_x1,0.0,0.0,0.0,"(180, 5589, 0)","(180.0, 5589.0, 0)"
2395,798,1,x1_x1,0.0,0.0,0.0,"(311, 1393, 180)","(311.0, 1393.0, 180)"
2396,798,2,x3_x1,-40464.78931850242,39139.5,1756391.7777366221,"(741, 5783, 0)","(1578.0, 5783.0, 0)"
2397,799,0,x1_x1,0.0,0.0,0.0,"(2726, 224, 0)","(2726.0, 35.0, 0)"
2398,799,1,x2_x1,0.0,0.0,0.0,"(3855, 2431, 0)","(3855.0, 2431.0, 0)"
2399,799,2,x3_x1,-44190.837244410206,42901.0,1663680.1170677124,"(4578, 5838, 90)","(4578.0, 5838.0, 90)"
2400,800,0,x1_x1,0.0,0.0,0.0,"(4681, 5466, 0)","(4681.0, 5466.0, 0)"
2401,800,1,x2_x1,0.0,0.0,0.0,"(1941, 207, 90)","(1941.0, 207.0, 90)"
2402,800,2,x3_x1,-55576.88432471936,53800.0,3157317.9034333806,"(3494, 2331, 90)","(3494.0, 2331.0, 90)"
2403,801,0,x2_x1,0.0,0.0,0.0,"(5061, 1450, 0)","(5061.0, 1450.0, 0)"
2404,801,1,x1_x1,0.0,0.0,0.0,"(1549, 1061, 0)","(1549.0, 1061.0, 0)"
2405,801,2,x3_x1,-47633.451213800116,46366.5,1605165.3781495895,"(4129, 5498, 0)","(4129.0, 5498.0, 0)"
2406,802,0,x3_x1,0.0,0.0,0.0,"(1078, 755, 180)","(1078.0, 755.0, 180)"
2407,802,1,x1_x1,0.0,0.0,0.0,"(4959, 4114, 270)","(4959.0, 4114.0, 270)"
2408,802,2,x2_x1,-42236.922091787994,41076.5,1346579.4311096163,"(5185, 604, 270)","(5185.0, 604.0, 270)"
2409,803,0,x1_x1,0.0,0.0,0.0,"(5696, 5886, 180)","(5696.0, 5886.0, 180)"
2410,803,1,x3_x1,0.0,0.0,0.0,"(2250, 4752, 90)","(2250.0, 4752.0, 90)"
2411,803,2,x2_x1,-68355.6223291913,66338.0,4070799.863251346,"(1633, 545, 90)","(1633.0, 545.0, 90)"
2412,804,0,x3_x1,0.0,0.0,0.0,"(751, 2427, 0)","(751.0, 2427.0, 0)"
2413,804,1,x1_x1,0.0,0.0,0.0,"(5321, 1125, 90)","(5321.0, 1125.0, 90)"
2414,804,2,x2_x1,-43615.91178547751,42167.5,2097896.7003101553,"(2775, 3639, 0)","(2775.0, 3639.0, 0)"
2415,805,0,x3_x1,0.0,0.0,0.0,"(1052, 559, 180)","(1052.0, 559.0, 180)"
2416,805,1,x2_x1,0.0,0.0,0.0,"(3564, 4788, 180)","(3659.0, 4788.0, 180)"
2417,805,2,x1_x1,-33778.25333812671,32825.0,908691.9266497251,"(1787, 4527, 180)","(1787.0, 4527.0, 180)"
2418,806,0,x1_x1,0.0,0.0,0.0,"(2666, 3427, 90)","(2666.0, 3427.0, 90)"
2419,806,1,x2_x1,0.0,0.0,0.0,"(917, 5067, 90)","(917.0, 5299.0, 90)"
2420,806,2,x3_x1,-31960.766708308907,30857.5,1217197.4296627713,"(1493, 2397, 270)","(1493.0, 1931.0, 270)"
2421,807,0,x1_x1,0.0,0.0,0.0,"(3685, 273, 270)","(3685.0, -73.0, 270)"
2422,807,1,x3_x1,0.0,0.0,0.0,"(1354, 5639, 0)","(1354.0, 5639.0, 0)"
2423,807,2,x2_x1,-45606.27114148871,44348.5,1581988.2443618097,"(5283, 1488, 180)","(5283.0, 1488.0, 180)"
2424,808,0,x2_x1,0.0,0.0,0.0,"(4289, 294, 90)","(4289.0, 294.0, 90)"
2425,808,1,x1_x1,0.0,0.0,0.0,"(2510, 5484, 180)","(2510.0, 5484.0, 180)"
2426,808,2,x3_x1,-51764.87483322697,50122.5,2697395.0928173177,"(4737, 4451, 0)","(4737.0, 4451.0, 0)"
2427,809,0,x1_x1,0.0,0.0,0.0,"(4411, 5090, 270)","(4411.0, 5090.0, 270)"
2428,809,1,x2_x1,0.0,0.0,0.0,"(5436, 901, 180)","(5436.0, 901.0, 180)"
2429,809,2,x3_x1,-42258.24742603307,40908.0,1823168.1115089364,"(2742, 3261, 270)","(2742.0, 3261.0, 270)"
2430,810,0,x2_x1,0.0,0.0,0.0,"(2337, 2863, 180)","(3002.0, 2863.0, 180)"
2431,810,1,x3_x1,0.0,0.0,0.0,"(2997, 1890, 0)","(2997.0, 1754.0, 0)"
2432,810,2,x1_x1,-32060.79879758603,30894.5,1360252.8852506184,"(1130, 4327, 180)","(1130.0, 4327.0, 180)"
2433,811,0,x1_x1,0.0,0.0,0.0,"(4891, 1157, 270)","(4891.0, 1157.0, 270)"
2434,811,1,x2_x1,0.0,0.0,0.0,"(5385, 318, 180)","(5385.0, -531.0, 180)"
2435,811,2,x3_x1,-35680.212598827784,34614.0,1136809.305899091,"(1217, 2442, 270)","(1217.0, 2442.0, 270)"
2436,812,0,x2_x1,0.0,0.0,0.0,"(3798, 5503, 270)","(3798.0, 5503.0, 270)"
2437,812,1,x1_x1,0.0,0.0,0.0,"(5401, 1134, 270)","(5401.0, 1134.0, 270)"
2438,812,2,x3_x1,-51984.52615893451,50422.0,2441487.997354626,"(2438, 3345, 270)","(2438.0, 3345.0, 270)"
2439,813,0,x3_x1,0.0,0.0,0.0,"(5704, 3939, 90)","(5704.0, 3939.0, 90)"
2440,813,1,x1_x1,0.0,0.0,0.0,"(1364, 3235, 180)","(1364.0, 3235.0, 180)"
2441,813,2,x2_x1,-34841.03925752444,33695.5,1312260.1905296484,"(3978, 4192, 270)","(3978.0, 4192.0, 270)"
2442,814,0,x2_x1,0.0,0.0,0.0,"(5307, 4818, 180)","(5307.0, 4818.0, 180)"
2443,814,1,x3_x1,0.0,0.0,0.0,"(3093, 2, 180)","(3093.0, 2.0, 180)"
2444,814,2,x1_x1,-50558.928054641285,49111.0,2096495.6514172878,"(1340, 3442, 90)","(1340.0, 3442.0, 90)"
2445,815,0,x2_x1,0.0,0.0,0.0,"(3441, 5326, 90)","(3441.0, 5326.0, 90)"
2446,815,1,x3_x1,0.0,0.0,0.0,"(2676, 1749, 0)","(2676.0, 1749.0, 0)"
2447,815,2,x1_x1,-49987.887328890516,48390.5,2551646.2784999763,"(1924, 48, 180)","(1924.0, -477.0, 180)"
2448,816,0,x1_x1,0.0,0.0,0.0,"(286, 2664, 270)","(286.0, 2664.0, 270)"
2449,816,1,x3_x1,0.0,0.0,0.0,"(1547, 164, 270)","(1547.0, -111.0, 270)"
2450,816,2,x2_x1,-30838.231770914685,29704.0,1286481.7101522624,"(2236, 1149, 180)","(2236.0, 976.0, 180)"
2451,817,0,x2_x1,0.0,0.0,0.0,"(1732, 435, 180)","(1732.0, 435.0, 180)"
2452,817,1,x1_x1,0.0,0.0,0.0,"(5488, 80, 90)","(5488.0, 80.0, 90)"
2453,817,2,x3_x1,-49192.91844024514,47832.0,1852099.0009992775,"(732, 4863, 270)","(732.0, 4863.0, 270)"
2454,818,0,x3_x1,0.0,0.0,0.0,"(4715, 3424, 180)","(4715.0, 3424.0, 180)"
2455,818,1,x2_x1,0.0,0.0,0.0,"(3593, 3096, 90)","(3593.0, 3096.0, 90)"
2456,818,2,x1_x1,-28732.119603573046,27763.0,939192.806029582,"(2845, 2698, 0)","(1905.0, 2698.0, 0)"
2457,819,0,x3_x1,0.0,0.0,0.0,"(2398, 1354, 180)","(3932.0, 1354.0, 180)"
2458,819,1,x1_x1,0.0,0.0,0.0,"(2309, 2114, 180)","(2309.0, 2114.0, 180)"
2459,819,2,x2_x1,-30184.194739051152,29105.0,1164661.284795688,"(1225, 2413, 0)","(564.0, 2413.0, 0)"
2460,820,0,x2_x1,0.0,0.0,0.0,"(5131, 1160, 270)","(5761.0, 1160.0, 270)"
2461,820,1,x1_x1,0.0,0.0,0.0,"(4073, 1204, 180)","(4073.0, 1204.0, 180)"
2462,820,2,x3_x1,-27324.035581501903,26335.5,977202.5958953054,"(4166, 3846, 180)","(4166.0, 3846.0, 180)"
2463,821,0,x3_x1,0.0,0.0,0.0,"(4268, 1264, 180)","(4268.0, 1264.0, 180)"
2464,821,1,x2_x1,0.0,0.0,0.0,"(4740, 5935, 0)","(4740.0, 5935.0, 0)"
2465,821,2,x1_x1,-65212.967989387835,63238.5,3898523.8411172363,"(168, 1528, 270)","(168.0, 1528.0, 270)"
2466,822,0,x3_x1,0.0,0.0,0.0,"(4469, 880, 180)","(4469.0, 880.0, 180)"
2467,822,1,x1_x1,0.0,0.0,0.0,"(4301, 5294, 180)","(4301.0, 5294.0, 180)"
2468,822,2,x2_x1,-38908.65042111275,37739.0,1368082.1076092285,"(2432, 5004, 90)","(2432.0, 5004.0, 90)"
2469,823,0,x2_x1,0.0,0.0,0.0,"(1793, 4994, 270)","(1793.0, 4994.0, 270)"
2470,823,1,x1_x1,0.0,0.0,0.0,"(4281, 4805, 180)","(4281.0, 4805.0, 180)"
2471,823,2,x3_x1,-34482.330897221334,33362.5,1254021.238371537,"(5229, 4294, 180)","(5904.0, 4294.0, 180)"
2472,824,0,x1_x1,0.0,0.0,0.0,"(709, 4560, 270)","(709.0, 4560.0, 270)"
2473,824,1,x3_x1,0.0,0.0,0.0,"(3580, 5163, 270)","(3580.0, 5163.0, 270)"
2474,824,2,x2_x1,-30030.058159280696,29009.0,1042559.7646336801,"(196, 3394, 0)","(196.0, 2872.0, 0)"
2475,825,0,x2_x1,0.0,0.0,0.0,"(3338, 2083, 0)","(3338.0, 2526.0, 0)"
2476,825,1,x1_x1,0.0,0.0,0.0,"(3609, 130, 180)","(3609.0, 130.0, 180)"
2477,825,2,x3_x1,-29498.281904637814,28456.5,1085309.5368307882,"(5407, 1354, 180)","(5407.0, 1354.0, 180)"
2478,826,0,x3_x1,0.0,0.0,0.0,"(3283, 5067, 180)","(3283.0, 5067.0, 180)"
2479,826,1,x2_x1,0.0,0.0,0.0,"(2821, 2625, 180)","(2821.0, 2625.0, 180)"
2480,826,2,x1_x1,-39451.77629289399,38074.5,1896889.9869678146,"(30, 3744, 90)","(30.0, 3744.0, 90)"
2481,827,0,x2_x1,0.0,0.0,0.0,"(5550, 4723, 270)","(5550.0, 4723.0, 270)"
2482,827,1,x3_x1,0.0,0.0,0.0,"(1503, 3605, 180)","(1503.0, 3829.0, 180)"
2483,827,2,x1_x1,-43951.014216802505,42442.0,2277123.9065120863,"(2270, 2184, 90)","(2270.0, 2184.0, 90)"
2484,828,0,x2_x1,0.0,0.0,0.0,"(676, 2276, 180)","(676.0, 2276.0, 180)"
2485,828,1,x1_x1,0.0,0.0,0.0,"(2837, 5083, 180)","(2837.0, 5083.0, 180)"
2486,828,2,x3_x1,-48240.13116844587,46710.5,2339771.511481081,"(5009, 2001, 180)","(5009.0, 2001.0, 180)"
2487,829,0,x2_x1,0.0,0.0,0.0,"(4341, 3658, 270)","(4341.0, 3658.0, 270)"
2488,829,1,x3_x1,0.0,0.0,0.0,"(5892, 3234, 90)","(5892.0, 3234.0, 90)"
2489,829,2,x1_x1,-38201.430851292025,36936.0,1601315.2394016539,"(2516, 1593, 270)","(2516.0, 1593.0, 270)"
2490,830,0,x1_x1,0.0,0.0,0.0,"(5928, 1162, 180)","(5928.0, 1162.0, 180)"
2491,830,1,x3_x1,0.0,0.0,0.0,"(2335, 3034, 180)","(2335.0, 3034.0, 180)"
2492,830,2,x2_x1,-48936.9876020599,47437.0,2249962.8063334012,"(4189, 5060, 180)","(4189.0, 5060.0, 180)"
2493,831,0,x3_x1,0.0,0.0,0.0,"(4458, 4610, 270)","(4458.0, 5373.0, 270)"
2494,831,1,x1_x1,0.0,0.0,0.0,"(3731, 3877, 270)","(3731.0, 3877.0, 270)"
2495,831,2,x2_x1,-44430.4235460465,42993.0,2066186.4507288937,"(2331, 157, 90)","(2331.0, 157.0, 90)"
2496,832,0,x3_x1,0.0,0.0,0.0,"(4030, 834, 180)","(4030.0, 834.0, 180)"
2497,832,1,x2_x1,0.0,0.0,0.0,"(477, 4862, 0)","(477.0, 4862.0, 0)"
2498,832,2,x1_x1,-53126.11908730651,51496.0,2657288.238801022,"(4626, 2876, 270)","(4626.0, 2876.0, 270)"
2499,833,0,x3_x1,0.0,0.0,0.0,"(5147, 4277, 90)","(5147.0, 4277.0, 90)"
2500,833,1,x1_x1,0.0,0.0,0.0,"(4721, 1933, 0)","(4721.0, 1933.0, 0)"
2501,833,2,x2_x1,-35254.02988217395,34055.0,1437672.6583460665,"(4994, 4511, 270)","(4994.0, 5548.0, 270)"
2502,834,0,x3_x1,0.0,0.0,0.0,"(3777, 1498, 180)","(3777.0, 1128.0, 180)"
2503,834,1,x1_x1,0.0,0.0,0.0,"(3334, 3481, 180)","(3334.0, 3481.0, 180)"
2504,834,2,x2_x1,-32607.71004413621,31475.0,1283032.0440870516,"(2326, 4519, 0)","(1589.0, 4519.0, 0)"
2505,835,0,x2_x1,0.0,0.0,0.0,"(4228, 3341, 0)","(5092.0, 3341.0, 0)"
2506,835,1,x3_x1,0.0,0.0,0.0,"(2424, 2024, 90)","(2424.0, 1679.0, 90)"
2507,835,2,x1_x1,-31519.136771308822,30441.0,1162378.8976482137,"(3220, 4010, 180)","(3220.0, 4010.0, 180)"
2508,836,0,x3_x1,0.0,0.0,0.0,"(5474, 2052, 180)","(5474.0, 2052.0, 180)"
2509,836,1,x1_x1,0.0,0.0,0.0,"(2777, 4507, 0)","(2777.0, 4507.0, 0)"
2510,836,2,x2_x1,-49569.811807420745,47928.5,2693904.449178758,"(5093, 466, 90)","(5093.0, 466.0, 90)"
2511,837,0,x1_x1,0.0,0.0,0.0,"(1627, 4102, 270)","(1627.0, 4102.0, 270)"
2512,837,1,x2_x1,0.0,0.0,0.0,"(1379, 5354, 180)","(1379.0, 5663.0, 180)"
2513,837,2,x3_x1,-34268.198436901934,33208.0,1124020.7256093067,"(1279, 764, 270)","(1279.0, 764.0, 270)"
2514,838,0,x3_x1,0.0,0.0,0.0,"(3076, 3632, 270)","(3076.0, 3632.0, 270)"
2515,838,1,x2_x1,0.0,0.0,0.0,"(613, 3310, 270)","(613.0, 3310.0, 270)"
2516,838,2,x1_x1,-47241.81996053406,45743.5,2244962.704134803,"(5479, 1730, 0)","(5479.0, 1730.0, 0)"
2517,839,0,x1_x1,0.0,0.0,0.0,"(4923, 2844, 0)","(4923.0, 2844.0, 0)"
2518,839,1,x2_x1,0.0,0.0,0.0,"(3944, 215, 90)","(3944.0, 215.0, 90)"
2519,839,2,x3_x1,-32129.350890003327,30972.5,1338303.9817014877,"(3920, 4040, 0)","(3300.0, 4040.0, 0)"
2520,840,0,x1_x1,0.0,0.0,0.0,"(4984, 4875, 270)","(4984.0, 4875.0, 270)"
2521,840,1,x2_x1,0.0,0.0,0.0,"(4420, 313, 270)","(4420.0, 313.0, 270)"
2522,840,2,x3_x1,-43156.451059463434,41863.0,1673015.6432270892,"(3048, 664, 90)","(3048.0, 664.0, 90)"
2523,841,0,x1_x1,0.0,0.0,0.0,"(2565, 1479, 0)","(2565.0, 1479.0, 0)"
2524,841,1,x2_x1,0.0,0.0,0.0,"(3377, 478, 270)","(4126.0, 478.0, 270)"
2525,841,2,x3_x1,-39599.36557914526,38443.5,1336025.2370528155,"(5810, 4969, 0)","(5810.0, 4969.0, 0)"
2526,842,0,x1_x1,0.0,0.0,0.0,"(5945, 3123, 0)","(6715.0, 3123.0, 0)"
2527,842,1,x3_x1,0.0,0.0,0.0,"(309, 5742, 90)","(309.0, 5742.0, 90)"
2528,842,2,x2_x1,-40839.01465123119,39723.5,1244372.9371114436,"(5154, 3357, 90)","(5154.0, 3357.0, 90)"
2529,843,0,x3_x1,0.0,0.0,0.0,"(395, 5732, 90)","(395.0, 5732.0, 90)"
2530,843,1,x2_x1,0.0,0.0,0.0,"(193, 2153, 270)","(193.0, 2153.0, 270)"
2531,843,2,x1_x1,-44287.91619287793,42877.0,1990684.5033251464,"(4281, 3559, 0)","(4281.0, 3559.0, 0)"
2532,844,0,x1_x1,0.0,0.0,0.0,"(2245, 1664, 0)","(2245.0, 1664.0, 0)"
2533,844,1,x3_x1,0.0,0.0,0.0,"(5545, 5907, 180)","(5545.0, 5907.0, 180)"
2534,844,2,x2_x1,-41425.82544114026,40250.5,1381389.8925915435,"(3193, 564, 270)","(3806.0, 564.0, 270)"
2535,845,0,x2_x1,0.0,0.0,0.0,"(4516, 1939, 180)","(4516.0, 1939.0, 180)"
2536,845,1,x1_x1,0.0,0.0,0.0,"(4842, 5314, 180)","(4842.0, 5314.0, 180)"
2537,845,2,x3_x1,-45193.3968285618,43934.5,1584821.2249629663,"(545, 2760, 90)","(545.0, 2760.0, 90)"
2538,846,0,x1_x1,0.0,0.0,0.0,"(3360, 5230, 180)","(3360.0, 5230.0, 180)"
2539,846,1,x2_x1,0.0,0.0,0.0,"(2439, 1105, 180)","(2439.0, 1105.0, 180)"
2540,846,2,x3_x1,-47651.08813337191,46255.0,1949062.0761418494,"(761, 535, 90)","(761.0, 535.0, 90)"
2541,847,0,x1_x1,0.0,0.0,0.0,"(5292, 540, 270)","(5292.0, 1867.0, 270)"
2542,847,1,x2_x1,0.0,0.0,0.0,"(4715, 122, 90)","(4715.0, 122.0, 90)"
2543,847,2,x3_x1,-29969.328090028845,28941.5,1056430.5826523395,"(2479, 1343, 270)","(2479.0, 1343.0, 270)"
2544,848,0,x2_x1,0.0,0.0,0.0,"(488, 5894, 180)","(488.0, 5894.0, 180)"
2545,848,1,x3_x1,0.0,0.0,0.0,"(1155, 4050, 0)","(1155.0, 4050.0, 0)"
2546,848,2,x1_x1,-43292.50903451218,41974.0,1738466.0740902312,"(493, 1333, 270)","(493.0, 1333.0, 270)"
2547,849,0,x2_x1,0.0,0.0,0.0,"(716, 5747, 270)","(716.0, 5747.0, 270)"
2548,849,1,x3_x1,0.0,0.0,0.0,"(4928, 231, 180)","(4928.0, 231.0, 180)"
2549,849,2,x1_x1,-46813.44047203702,45511.0,1696351.1832000264,"(1532, 3559, 270)","(1532.0, 3559.0, 270)"
2550,850,0,x2_x1,0.0,0.0,0.0,"(3670, 3374, 180)","(3670.0, 2213.0, 180)"
2551,850,1,x3_x1,0.0,0.0,0.0,"(3159, 4470, 180)","(3159.0, 5419.0, 180)"
2552,850,2,x1_x1,-29385.396539121513,28364.0,1043250.8901294055,"(4019, 3774, 90)","(4019.0, 3774.0, 90)"
2553,851,0,x1_x1,0.0,0.0,0.0,"(3994, 3592, 180)","(3994.0, 3592.0, 180)"
2554,851,1,x3_x1,0.0,0.0,0.0,"(4644, 2896, 270)","(5639.0, 2896.0, 270)"
2555,851,2,x2_x1,-29412.008904842744,28474.5,878922.9466594382,"(2760, 3420, 180)","(2249.0, 3420.0, 180)"
2556,852,0,x2_x1,0.0,0.0,0.0,"(3880, 1685, 270)","(3880.0, 1685.0, 270)"
2557,852,1,x3_x1,0.0,0.0,0.0,"(2369, 1113, 0)","(2369.0, 1113.0, 0)"
2558,852,2,x1_x1,-27049.196689586104,26098.5,903824.1955899738,"(5624, 1726, 0)","(5624.0, 1726.0, 0)"
2559,853,0,x1_x1,0.0,0.0,0.0,"(960, 2799, 180)","(960.0, 2799.0, 180)"
2560,853,1,x3_x1,0.0,0.0,0.0,"(180, 1314, 0)","(-536.0, 1314.0, 0)"
2561,853,2,x2_x1,-48994.69148207308,47460.5,2353743.5036655935,"(4453, 216, 90)","(4453.0, 216.0, 90)"
2562,854,0,x2_x1,0.0,0.0,0.0,"(106, 3651, 180)","(106.0, 3651.0, 180)"
2563,854,1,x3_x1,0.0,0.0,0.0,"(2941, 1124, 180)","(3757.0, 1124.0, 180)"
2564,854,2,x1_x1,-44655.901693481595,43159.5,2239218.028254582,"(2134, 605, 180)","(2134.0, 605.0, 180)"
2565,855,0,x2_x1,0.0,0.0,0.0,"(3320, 2261, 180)","(3320.0, 2261.0, 180)"
2566,855,1,x1_x1,0.0,0.0,0.0,"(624, 5333, 0)","(624.0, 5333.0, 0)"
2567,855,2,x3_x1,-53437.68759614351,51824.0,2603987.6579474197,"(5827, 3261, 90)","(5827.0, 3261.0, 90)"
2568,856,0,x3_x1,0.0,0.0,0.0,"(4695, 2691, 270)","(4695.0, 2691.0, 270)"
2569,856,1,x2_x1,0.0,0.0,0.0,"(5692, 4446, 180)","(5692.0, 4446.0, 180)"
2570,856,2,x1_x1,-58985.86440393065,57161.0,3330130.092733177,"(827, 1259, 0)","(827.0, 1259.0, 0)"
2571,857,0,x3_x1,0.0,0.0,0.0,"(680, 2692, 90)","(-423.0, 2500.0, 90)"
2572,857,1,x2_x1,0.0,0.0,0.0,"(997, 3322, 180)","(997.0, 2435.0, 180)"
2573,857,2,x1_x1,-34334.2317000676,33184.0,1323032.9638403982,"(1796, 4831, 180)","(1796.0, 4831.0, 180)"
2574,858,0,x1_x1,0.0,0.0,0.0,"(1392, 5880, 180)","(1392.0, 5880.0, 180)"
2575,858,1,x3_x1,0.0,0.0,0.0,"(2553, 1747, 180)","(2553.0, 1531.0, 180)"
2576,858,2,x2_x1,-37112.75320709354,35837.5,1626270.742202363,"(2036, 2767, 0)","(2036.0, 2767.0, 0)"
2577,859,0,x3_x1,0.0,0.0,0.0,"(285, 333, 180)","(285.0, 333.0, 180)"
2578,859,1,x2_x1,0.0,0.0,0.0,"(1376, 4285, 270)","(1376.0, 4285.0, 270)"
2579,859,2,x1_x1,-59632.52533212808,57834.5,3232895.094974307,"(5465, 440, 0)","(5465.0, 440.0, 0)"
2580,860,0,x3_x1,0.0,0.0,0.0,"(3173, 64, 270)","(3173.0, 64.0, 270)"
2581,860,1,x1_x1,0.0,0.0,0.0,"(4721, 5307, 270)","(4721.0, 5307.0, 270)"
2582,860,2,x2_x1,-36982.379534154796,35841.5,1301606.1114532654,"(3844, 3212, 90)","(3844.0, 3212.0, 90)"
2583,861,0,x1_x1,0.0,0.0,0.0,"(2833, 4375, 0)","(2833.0, 4375.0, 0)"
2584,861,1,x2_x1,0.0,0.0,0.0,"(670, 1841, 90)","(670.0, 1841.0, 90)"
2585,861,2,x3_x1,-36313.06562353838,34997.0,1732028.7254594653,"(303, 4924, 90)","(303.0, 4924.0, 90)"
2586,862,0,x1_x1,0.0,0.0,0.0,"(1402, 3991, 90)","(1402.0, 3991.0, 90)"
2587,862,1,x3_x1,0.0,0.0,0.0,"(4812, 1510, 0)","(5375.0, 1510.0, 0)"
2588,862,2,x2_x1,-43692.0127134135,42263.0,2042077.3350974012,"(3977, 1837, 0)","(3977.0, 1837.0, 0)"
2589,863,0,x1_x1,0.0,0.0,0.0,"(2685, 3019, 0)","(2685.0, 3019.0, 0)"
2590,863,1,x3_x1,0.0,0.0,0.0,"(1380, 158, 0)","(1380.0, 158.0, 0)"
2591,863,2,x2_x1,-42266.517272126446,40879.0,1925204.1804492222,"(431, 5514, 180)","(431.0, 5514.0, 180)"
2592,864,0,x3_x1,0.0,0.0,0.0,"(3425, 3767, 180)","(3425.0, 3767.0, 180)"
2593,864,1,x2_x1,0.0,0.0,0.0,"(4831, 4787, 0)","(4831.0, 4787.0, 0)"
2594,864,2,x1_x1,-47223.98944332077,45762.0,2137413.1323813573,"(378, 5774, 90)","(378.0, 5774.0, 90)"
2595,865,0,x2_x1,0.0,0.0,0.0,"(5372, 5723, 180)","(5372.0, 5723.0, 180)"
2596,865,1,x3_x1,0.0,0.0,0.0,"(776, 4334, 0)","(776.0, 4334.0, 0)"
2597,865,2,x1_x1,-49451.03756427484,48114.0,1787669.4482820071,"(4990, 1080, 90)","(4990.0, 1080.0, 90)"
2598,866,0,x3_x1,0.0,0.0,0.0,"(3803, 4562, 270)","(3444.0, 3823.0, 270)"
2599,866,1,x2_x1,0.0,0.0,0.0,"(3932, 4910, 180)","(3217.0, 4910.0, 180)"
2600,866,2,x1_x1,-30513.51651754382,29438.5,1155660.512992043,"(4962, 5938, 180)","(4962.0, 5938.0, 180)"
2601,867,0,x1_x1,0.0,0.0,0.0,"(5435, 4394, 180)","(5435.0, 4394.0, 180)"
2602,867,1,x3_x1,0.0,0.0,0.0,"(3773, 1033, 180)","(3773.0, 1033.0, 180)"
2603,867,2,x2_x1,-66842.78743571207,64859.0,3935412.590089084,"(299, 195, 0)","(299.0, 195.0, 0)"
2604,868,0,x3_x1,0.0,0.0,0.0,"(4038, 2358, 270)","(4038.0, 2358.0, 270)"
2605,868,1,x1_x1,0.0,0.0,0.0,"(4425, 4432, 270)","(4425.0, 4432.0, 270)"
2606,868,2,x2_x1,-46856.55975357357,45296.0,2435346.74447362,"(1748, 662, 180)","(1748.0, 662.0, 180)"
2607,869,0,x2_x1,0.0,0.0,0.0,"(2902, 524, 180)","(2752.0, 524.0, 180)"
2608,869,1,x1_x1,0.0,0.0,0.0,"(4624, 1304, 0)","(4624.0, 1304.0, 0)"
2609,869,2,x3_x1,-34103.74709690349,33015.5,1184281.7439188838,"(1958, 4532, 270)","(1958.0, 4532.0, 270)"
2610,870,0,x1_x1,0.0,0.0,0.0,"(430, 5935, 90)","(430.0, 5935.0, 90)"
2611,870,1,x2_x1,0.0,0.0,0.0,"(2012, 565, 0)","(2012.0, 565.0, 0)"
2612,870,2,x3_x1,-53317.805650159586,51701.5,2612443.9547377964,"(933, 2356, 90)","(933.0, 2356.0, 90)"
2613,871,0,x1_x1,0.0,0.0,0.0,"(81, 4116, 270)","(81.0, 4116.0, 270)"
2614,871,1,x2_x1,0.0,0.0,0.0,"(3397, 5640, 0)","(3397.0, 5640.0, 0)"
2615,871,2,x3_x1,-42795.969527257104,41351.5,2086492.2151743588,"(3350, 2524, 270)","(3350.0, 2524.0, 270)"
2616,872,0,x2_x1,0.0,0.0,0.0,"(4625, 2472, 180)","(4625.0, 2472.0, 180)"
2617,872,1,x3_x1,0.0,0.0,0.0,"(3896, 1191, 0)","(3896.0, 1191.0, 0)"
2618,872,2,x1_x1,-27509.55363830488,26579.0,865930.0737624449,"(2203, 2753, 180)","(2203.0, 2753.0, 180)"
2619,873,0,x1_x1,0.0,0.0,0.0,"(2010, 2558, 180)","(2010.0, 2558.0, 180)"
2620,873,1,x2_x1,0.0,0.0,0.0,"(3471, 5326, 180)","(3471.0, 5326.0, 180)"
2621,873,2,x3_x1,-34930.26667628717,33628.5,1694596.4794917381,"(4110, 2263, 180)","(4110.0, 2263.0, 180)"
2622,874,0,x1_x1,0.0,0.0,0.0,"(4967, 5628, 270)","(4967.0, 5628.0, 270)"
2623,874,1,x3_x1,0.0,0.0,0.0,"(299, 2266, 180)","(299.0, 2266.0, 180)"
2624,874,2,x2_x1,-65228.43547512594,63277.0,3808100.4135800055,"(406, 772, 180)","(406.0, 772.0, 180)"
2625,875,0,x2_x1,0.0,0.0,0.0,"(1890, 3624, 0)","(1222.0, 3624.0, 0)"
2626,875,1,x3_x1,0.0,0.0,0.0,"(2642, 3977, 270)","(2642.0, 3977.0, 270)"
2627,875,2,x1_x1,-50984.46509569827,49309.5,2805508.0718075256,"(4413, 84, 180)","(4413.0, 84.0, 180)"
2628,876,0,x1_x1,0.0,0.0,0.0,"(1025, 2015, 0)","(1025.0, 2015.0, 0)"
2629,876,1,x2_x1,0.0,0.0,0.0,"(4421, 3930, 0)","(4421.0, 3930.0, 0)"
2630,876,2,x3_x1,-44593.53097795123,43113.5,2190491.6956952787,"(1977, 4482, 90)","(1977.0, 4482.0, 90)"
2631,877,0,x1_x1,0.0,0.0,0.0,"(2238, 2763, 180)","(2238.0, 2763.0, 180)"
2632,877,1,x2_x1,0.0,0.0,0.0,"(3422, 618, 180)","(3422.0, 367.0, 180)"
2633,877,2,x3_x1,-40177.5629327408,38982.5,1428175.4132110453,"(160, 5317, 270)","(160.0, 5317.0, 270)"
2634,878,0,x3_x1,0.0,0.0,0.0,"(5258, 2298, 90)","(5367.0, 2298.0, 90)"
2635,878,1,x1_x1,0.0,0.0,0.0,"(3014, 935, 90)","(3014.0, 935.0, 90)"
2636,878,2,x2_x1,-46020.279271153406,44585.5,2058591.5569314954,"(1309, 4932, 0)","(1309.0, 4932.0, 0)"
2637,879,0,x3_x1,0.0,0.0,0.0,"(3398, 3355, 180)","(3398.0, 3355.0, 180)"
2638,879,1,x2_x1,0.0,0.0,0.0,"(1145, 4830, 0)","(1145.0, 4830.0, 0)"
2639,879,2,x1_x1,-44461.456069495085,42916.0,2388434.462739202,"(3104, 1587, 180)","(3104.0, 1002.0, 180)"
2640,880,0,x1_x1,0.0,0.0,0.0,"(2573, 1312, 180)","(2573.0, 1312.0, 180)"
2641,880,1,x2_x1,0.0,0.0,0.0,"(4132, 3353, 0)","(4445.0, 3353.0, 0)"
2642,880,2,x3_x1,-38160.480339185735,36912.0,1558703.1573333323,"(179, 3329, 0)","(179.0, 3329.0, 0)"
2643,881,0,x1_x1,0.0,0.0,0.0,"(1620, 3917, 180)","(1620.0, 3917.0, 180)"
2644,881,1,x3_x1,0.0,0.0,0.0,"(2458, 1825, 0)","(2458.0, 1564.0, 0)"
2645,881,2,x2_x1,-30869.160817526546,29766.5,1215860.8785083087,"(1951, 5835, 90)","(1951.0, 6497.0, 90)"
2646,882,0,x3_x1,0.0,0.0,0.0,"(3316, 2778, 180)","(3316.0, 2778.0, 180)"
2647,882,1,x1_x1,0.0,0.0,0.0,"(5674, 3910, 0)","(5674.0, 3910.0, 0)"
2648,882,2,x2_x1,-39416.35879765574,38178.5,1532294.4029337117,"(5798, 168, 180)","(5798.0, 168.0, 180)"
2649,883,0,x1_x1,0.0,0.0,0.0,"(4109, 3662, 180)","(5592.0, 3662.0, 180)"
2650,883,1,x2_x1,0.0,0.0,0.0,"(1641, 3048, 180)","(1641.0, 3048.0, 180)"
2651,883,2,x3_x1,-39691.15240559506,38454.0,1530546.0746696375,"(3947, 3273, 90)","(3947.0, 3273.0, 90)"
2652,884,0,x1_x1,0.0,0.0,0.0,"(310, 3265, 270)","(310.0, 3265.0, 270)"
2653,884,1,x3_x1,0.0,0.0,0.0,"(3375, 3920, 270)","(3375.0, 3920.0, 270)"
2654,884,2,x2_x1,-30753.031134263158,29740.5,1025219.2978522369,"(314, 4719, 90)","(314.0, 5010.0, 90)"
2655,885,0,x1_x1,0.0,0.0,0.0,"(435, 2149, 180)","(68.0, 2149.0, 180)"
2656,885,1,x3_x1,0.0,0.0,0.0,"(5001, 2745, 270)","(5001.0, 2745.0, 270)"
2657,885,2,x2_x1,-35360.42420147491,34254.5,1223068.3394079176,"(1813, 3734, 0)","(1813.0, 3734.0, 0)"
2658,886,0,x2_x1,0.0,0.0,0.0,"(5778, 555, 90)","(5778.0, 555.0, 90)"
2659,886,1,x3_x1,0.0,0.0,0.0,"(3677, 4040, 0)","(3677.0, 4040.0, 0)"
2660,886,2,x1_x1,-39695.0610049026,38573.0,1259020.8987230344,"(5918, 32, 180)","(7339.0, 32.0, 180)"
2661,887,0,x3_x1,0.0,0.0,0.0,"(3179, 4618, 180)","(3179.0, 4618.0, 180)"
2662,887,1,x1_x1,0.0,0.0,0.0,"(1637, 5957, 180)","(1556.0, 5957.0, 180)"
2663,887,2,x2_x1,-40178.63643662344,38771.0,1981440.337709942,"(4712, 3576, 180)","(4712.0, 3576.0, 180)"
2664,888,0,x2_x1,0.0,0.0,0.0,"(1924, 457, 0)","(1924.0, 457.0, 0)"
2665,888,1,x3_x1,0.0,0.0,0.0,"(5568, 5497, 180)","(5568.0, 5497.0, 180)"
2666,888,2,x1_x1,-47927.27146207462,46425.0,2256819.545763806,"(4290, 3317, 90)","(4290.0, 3317.0, 90)"
2667,889,0,x3_x1,0.0,0.0,0.0,"(1431, 4034, 180)","(1431.0, 4263.0, 180)"
2668,889,1,x2_x1,0.0,0.0,0.0,"(886, 2843, 270)","(886.0, 2843.0, 270)"
2669,889,2,x1_x1,-26958.351540656888,25987.5,942552.71399585,"(447, 1917, 180)","(-675.0, 1917.0, 180)"
2670,890,0,x2_x1,0.0,0.0,0.0,"(4457, 4839, 180)","(4457.0, 4839.0, 180)"
2671,890,1,x3_x1,0.0,0.0,0.0,"(1917, 4640, 0)","(1917.0, 4640.0, 0)"
2672,890,2,x1_x1,-37195.41122011255,35994.5,1442187.7585922244,"(3719, 1773, 270)","(3719.0, 1773.0, 270)"
2673,891,0,x2_x1,0.0,0.0,0.0,"(1627, 3470, 270)","(1627.0, 3470.0, 270)"
2674,891,1,x3_x1,0.0,0.0,0.0,"(137, 5790, 0)","(137.0, 5790.0, 0)"
2675,891,2,x1_x1,-36529.92874057739,35423.5,1224184.5579756633,"(2960, 2759, 180)","(3315.0, 2759.0, 180)"
2676,892,0,x2_x1,0.0,0.0,0.0,"(1531, 2710, 270)","(844.0, 2710.0, 270)"
2677,892,1,x1_x1,0.0,0.0,0.0,"(2532, 1924, 0)","(2532.0, 1924.0, 0)"
2678,892,2,x3_x1,-33744.8811726846,32685.5,1122288.4690386036,"(4862, 3827, 90)","(4862.0, 3827.0, 90)"
2679,893,0,x1_x1,0.0,0.0,0.0,"(1533, 5170, 270)","(1533.0, 5170.0, 270)"
2680,893,1,x3_x1,0.0,0.0,0.0,"(5578, 922, 0)","(5578.0, 922.0, 0)"
2681,893,2,x2_x1,-51690.16191993026,50251.5,2069748.1198574177,"(2631, 309, 0)","(2631.0, 309.0, 0)"
2682,894,0,x3_x1,0.0,0.0,0.0,"(268, 1721, 180)","(268.0, 1721.0, 180)"
2683,894,1,x2_x1,0.0,0.0,0.0,"(4062, 1587, 180)","(4062.0, 1587.0, 180)"
2684,894,2,x1_x1,-35383.24671375348,34454.0,863499.4550216313,"(5850, 1723, 180)","(5850.0, 1723.0, 180)"
2685,895,0,x3_x1,0.0,0.0,0.0,"(372, 4635, 180)","(372.0, 4635.0, 180)"
2686,895,1,x1_x1,0.0,0.0,0.0,"(4350, 4044, 0)","(4350.0, 4044.0, 0)"
2687,895,2,x2_x1,-31905.50119164704,30820.0,1178312.8370671454,"(2322, 5019, 180)","(2322.0, 5019.0, 180)"
2688,896,0,x2_x1,0.0,0.0,0.0,"(1733, 725, 90)","(582.0, 725.0, 90)"
2689,896,1,x3_x1,0.0,0.0,0.0,"(3555, 3071, 270)","(3788.0, 3071.0, 270)"
2690,896,2,x1_x1,-32687.000364539133,31565.0,1258884.8180259517,"(2143, 1124, 180)","(2143.0, 1124.0, 180)"
2691,897,0,x3_x1,0.0,0.0,0.0,"(3202, 5943, 180)","(3202.0, 5943.0, 180)"
2692,897,1,x1_x1,0.0,0.0,0.0,"(5375, 4780, 0)","(5375.0, 4780.0, 0)"
2693,897,2,x2_x1,-50628.092826754786,48971.0,2745956.636482172,"(1352, 1844, 90)","(1352.0, 1844.0, 90)"
2694,898,0,x3_x1,0.0,0.0,0.0,"(600, 3678, 180)","(-308.0, 3678.0, 180)"
2695,898,1,x2_x1,0.0,0.0,0.0,"(5081, 4725, 180)","(5081.0, 4725.0, 180)"
2696,898,2,x1_x1,-36630.41327778477,35354.5,1627954.692427469,"(2023, 4327, 270)","(2023.0, 4327.0, 270)"
2697,899,0,x1_x1,0.0,0.0,0.0,"(3260, 3307, 90)","(3260.0, 3307.0, 90)"
2698,899,1,x2_x1,0.0,0.0,0.0,"(5411, 2998, 180)","(5840.0, 2998.0, 180)"
2699,899,2,x3_x1,-32432.68480103418,31326.0,1224751.2488400603,"(2836, 1726, 180)","(2836.0, 1726.0, 180)"
2700,900,0,x3_x1,0.0,0.0,0.0,"(1563, 4553, 270)","(1563.0, 4553.0, 270)"
2701,900,1,x2_x1,0.0,0.0,0.0,"(3396, 4320, 270)","(3396.0, 4320.0, 270)"
2702,900,2,x1_x1,-33041.431100274596,32003.0,1078339.1500175148,"(4178, 5190, 180)","(5084.0, 5190.0, 180)"
2703,901,0,x1_x1,0.0,0.0,0.0,"(2797, 1837, 0)","(3583.0, 1837.0, 0)"
2704,901,1,x3_x1,0.0,0.0,0.0,"(303, 5860, 180)","(303.0, 5860.0, 180)"
2705,901,2,x2_x1,-38214.78904777092,37054.5,1346270.6743771515,"(1838, 3189, 180)","(1838.0, 3189.0, 180)"
2706,902,0,x3_x1,0.0,0.0,0.0,"(2367, 705, 180)","(2367.0, 705.0, 180)"
2707,902,1,x1_x1,0.0,0.0,0.0,"(2349, 430, 180)","(744.0, 430.0, 180)"
2708,902,2,x2_x1,-44544.348134004504,43102.5,2078926.0415322792,"(5685, 1727, 0)","(5685.0, 1727.0, 0)"
2709,903,0,x2_x1,0.0,0.0,0.0,"(1573, 2410, 180)","(1573.0, 2410.0, 180)"
2710,903,1,x1_x1,0.0,0.0,0.0,"(4380, 1581, 0)","(4380.0, 1581.0, 0)"
2711,903,2,x3_x1,-37768.13872713875,36554.5,1472918.960010971,"(4261, 4890, 270)","(4261.0, 4890.0, 270)"
2712,904,0,x1_x1,0.0,0.0,0.0,"(3475, 2065, 90)","(3475.0, 3083.0, 90)"
2713,904,1,x3_x1,0.0,0.0,0.0,"(1135, 2009, 0)","(1135.0, 2009.0, 0)"
2714,904,2,x2_x1,-29212.68704393589,28151.5,1126117.9422173963,"(2565, 1522, 0)","(2565.0, 1522.0, 0)"
2715,905,0,x3_x1,0.0,0.0,0.0,"(1461, 3269, 180)","(1461.0, 3269.0, 180)"
2716,905,1,x1_x1,0.0,0.0,0.0,"(2213, 1599, 270)","(2213.0, 1599.0, 270)"
2717,905,2,x2_x1,-39793.34336977805,38648.0,1311811.4346945419,"(1925, 5722, 270)","(1925.0, 5722.0, 270)"
2718,906,0,x3_x1,0.0,0.0,0.0,"(1532, 5038, 90)","(1532.0, 5038.0, 90)"
2719,906,1,x1_x1,0.0,0.0,0.0,"(4963, 5464, 90)","(4963.0, 5464.0, 90)"
2720,906,2,x2_x1,-46202.51866904522,44667.5,2356282.314317353,"(71, 4344, 180)","(71.0, 4344.0, 180)"
2721,907,0,x3_x1,0.0,0.0,0.0,"(4496, 63, 0)","(4496.0, -725.0, 0)"
2722,907,1,x2_x1,0.0,0.0,0.0,"(3453, 4732, 270)","(3453.0, 4732.0, 270)"
2723,907,2,x1_x1,-42667.4355753205,41258.0,1986508.6409790316,"(5001, 1628, 180)","(5001.0, 1628.0, 180)"
2724,908,0,x2_x1,0.0,0.0,0.0,"(5062, 3989, 0)","(5062.0, 4117.0, 0)"
2725,908,1,x3_x1,0.0,0.0,0.0,"(3614, 1467, 180)","(3614.0, 911.0, 180)"
2726,908,2,x1_x1,-28876.64468473595,27875.5,1002290.679775045,"(4839, 2429, 90)","(4839.0, 2429.0, 90)"
2727,909,0,x2_x1,0.0,0.0,0.0,"(5501, 357, 90)","(5501.0, -670.0, 90)"
2728,909,1,x3_x1,0.0,0.0,0.0,"(4062, 2487, 180)","(3407.0, 2487.0, 180)"
2729,909,2,x1_x1,-32978.201780413365,31798.5,1391696.2907104653,"(5030, 1910, 0)","(5030.0, 1910.0, 0)"
2730,910,0,x3_x1,0.0,0.0,0.0,"(1354, 4692, 270)","(1354.0, 4692.0, 270)"
2731,910,1,x1_x1,0.0,0.0,0.0,"(1914, 404, 90)","(1914.0, 404.0, 90)"
2732,910,2,x2_x1,-35085.27174481845,33917.5,1363690.8479963245,"(3346, 2383, 270)","(3346.0, 2383.0, 270)"
2733,911,0,x2_x1,0.0,0.0,0.0,"(4792, 2459, 180)","(4792.0, 2459.0, 180)"
2734,911,1,x3_x1,0.0,0.0,0.0,"(3982, 1433, 90)","(3982.0, 1372.0, 90)"
2735,911,2,x1_x1,-34874.029115272315,33724.0,1322566.9659740173,"(5205, 5054, 180)","(5205.0, 5054.0, 180)"
2736,912,0,x3_x1,0.0,0.0,0.0,"(4400, 3769, 180)","(4400.0, 3769.0, 180)"
2737,912,1,x1_x1,0.0,0.0,0.0,"(4853, 1969, 270)","(4853.0, 1969.0, 270)"
2738,912,2,x2_x1,-44395.18795873149,43097.5,1683994.0382367112,"(405, 1298, 270)","(405.0, 1298.0, 270)"
2739,913,0,x2_x1,0.0,0.0,0.0,"(3254, 3965, 270)","(3254.0, 3965.0, 270)"
2740,913,1,x3_x1,0.0,0.0,0.0,"(1934, 1729, 180)","(1934.0, 1729.0, 180)"
2741,913,2,x1_x1,-36965.23176718921,35633.0,1774841.4815080918,"(783, 1966, 180)","(311.0, 1966.0, 180)"
2742,914,0,x3_x1,0.0,0.0,0.0,"(1729, 664, 0)","(1729.0, 664.0, 0)"
2743,914,1,x1_x1,0.0,0.0,0.0,"(125, 5599, 270)","(125.0, 5599.0, 270)"
2744,914,2,x2_x1,-34920.31263752619,33798.0,1259585.6563509938,"(995, 3904, 180)","(995.0, 3904.0, 180)"
2745,915,0,x2_x1,0.0,0.0,0.0,"(226, 1800, 0)","(226.0, 1800.0, 0)"
2746,915,1,x1_x1,0.0,0.0,0.0,"(370, 4720, 270)","(370.0, 4720.0, 270)"
2747,915,2,x3_x1,-43564.112951491385,42358.5,1453502.5888037682,"(5497, 994, 270)","(5497.0, 994.0, 270)"
2748,916,0,x1_x1,0.0,0.0,0.0,"(2236, 4474, 270)","(2236.0, 4474.0, 270)"
2749,916,1,x3_x1,0.0,0.0,0.0,"(3570, 5126, 180)","(3570.0, 5992.0, 180)"
2750,916,2,x2_x1,-34532.97617595373,33389.5,1307537.7649737613,"(12, 3640, 180)","(-344.0, 3640.0, 180)"
2751,917,0,x2_x1,0.0,0.0,0.0,"(1426, 4174, 180)","(1426.0, 4174.0, 180)"
2752,917,1,x1_x1,0.0,0.0,0.0,"(2169, 5227, 270)","(2169.0, 5862.0, 270)"
2753,917,2,x3_x1,-35081.16351279846,34002.0,1164593.88735552,"(2028, 468, 270)","(2028.0, 468.0, 270)"
2754,918,0,x1_x1,0.0,0.0,0.0,"(3296, 1617, 270)","(3296.0, 1617.0, 270)"
2755,918,1,x2_x1,0.0,0.0,0.0,"(4334, 4959, 180)","(4334.0, 5041.0, 180)"
2756,918,2,x3_x1,-38452.38821970771,37106.5,1811415.0999479988,"(4569, 3932, 180)","(4569.0, 3932.0, 180)"
2757,919,0,x2_x1,0.0,0.0,0.0,"(5924, 4456, 270)","(5924.0, 4456.0, 270)"
2758,919,1,x3_x1,0.0,0.0,0.0,"(4286, 4554, 180)","(4286.0, 4554.0, 180)"
2759,919,2,x1_x1,-40404.09536120592,38981.0,2025200.4070857961,"(3703, 1344, 90)","(3703.0, 1344.0, 90)"
2760,920,0,x2_x1,0.0,0.0,0.0,"(3126, 4341, 0)","(2115.0, 4341.0, 0)"
2761,920,1,x3_x1,0.0,0.0,0.0,"(1353, 1388, 180)","(1353.0, 1388.0, 180)"
2762,920,2,x1_x1,-34263.43377527157,33086.5,1385173.111374989,"(3860, 3305, 180)","(3860.0, 3305.0, 180)"
2763,921,0,x3_x1,0.0,0.0,0.0,"(2625, 1158, 90)","(2625.0, 1158.0, 90)"
2764,921,1,x1_x1,0.0,0.0,0.0,"(5736, 704, 180)","(5736.0, 704.0, 180)"
2765,921,2,x2_x1,-46786.173426238114,45250.0,2359828.795480151,"(3654, 4185, 270)","(3654.0, 4185.0, 270)"
2766,922,0,x1_x1,0.0,0.0,0.0,"(1063, 1439, 270)","(1063.0, 1439.0, 270)"
2767,922,1,x2_x1,0.0,0.0,0.0,"(4870, 3715, 180)","(4870.0, 3715.0, 180)"
2768,922,2,x3_x1,-50712.25184605857,48998.5,2936945.389869162,"(5334, 689, 0)","(5334.0, 689.0, 0)"
2769,923,0,x2_x1,0.0,0.0,0.0,"(5211, 5577, 180)","(5211.0, 5716.0, 180)"
2770,923,1,x3_x1,0.0,0.0,0.0,"(5193, 4629, 90)","(5193.0, 4629.0, 90)"
2771,923,2,x1_x1,-36785.37172971899,35403.0,1910951.5991262596,"(3404, 2783, 180)","(3404.0, 2783.0, 180)"
2772,924,0,x2_x1,0.0,0.0,0.0,"(4790, 746, 180)","(4790.0, 746.0, 180)"
2773,924,1,x3_x1,0.0,0.0,0.0,"(89, 1172, 90)","(89.0, 1172.0, 90)"
2774,924,2,x1_x1,-60172.53744289825,58328.5,3400474.090810694,"(1519, 5279, 0)","(1519.0, 5279.0, 0)"
2775,925,0,x1_x1,0.0,0.0,0.0,"(3293, 1334, 180)","(3293.0, 1334.0, 180)"
2776,925,1,x2_x1,0.0,0.0,0.0,"(5044, 5395, 0)","(5044.0, 5395.0, 0)"
2777,925,2,x3_x1,-47537.92204279114,46089.5,2097926.414043273,"(1353, 3191, 0)","(1353.0, 3191.0, 0)"
2778,926,0,x2_x1,0.0,0.0,0.0,"(3815, 2707, 180)","(3815.0, 2707.0, 180)"
2779,926,1,x1_x1,0.0,0.0,0.0,"(1122, 3251, 0)","(1122.0, 3251.0, 0)"
2780,926,2,x3_x1,-35638.382706348726,34438.5,1439718.5089947474,"(1679, 1579, 180)","(1679.0, 898.0, 180)"
2781,927,0,x1_x1,0.0,0.0,0.0,"(5666, 1510, 270)","(5666.0, 1510.0, 270)"
2782,927,1,x3_x1,0.0,0.0,0.0,"(2339, 2340, 90)","(2339.0, 2340.0, 90)"
2783,927,2,x2_x1,-42873.08864648492,41488.0,1918470.5586214203,"(1376, 2365, 270)","(1230.0, 2365.0, 270)"
2784,928,0,x3_x1,0.0,0.0,0.0,"(3321, 5118, 0)","(3321.0, 5118.0, 0)"
2785,928,1,x2_x1,0.0,0.0,0.0,"(510, 2813, 270)","(510.0, 2412.0, 270)"
2786,928,2,x1_x1,-35428.270417085776,34231.5,1432259.4312116576,"(1281, 4992, 180)","(1281.0, 4992.0, 180)"
2787,929,0,x1_x1,0.0,0.0,0.0,"(2277, 1554, 180)","(2277.0, 1554.0, 180)"
2788,929,1,x3_x1,0.0,0.0,0.0,"(5936, 4004, 0)","(5936.0, 4004.0, 0)"
2789,929,2,x2_x1,-37974.891060592796,36700.0,1625347.2163794287,"(4628, 3590, 270)","(4628.0, 3590.0, 270)"
2790,930,0,x2_x1,0.0,0.0,0.0,"(2083, 5345, 270)","(2564.0, 5345.0, 270)"
2791,930,1,x1_x1,0.0,0.0,0.0,"(168, 5413, 90)","(168.0, 5413.0, 90)"
2792,930,2,x3_x1,-34577.29830432257,33468.0,1230542.7279729273,"(1133, 2910, 180)","(1133.0, 2910.0, 180)"
2793,931,0,x2_x1,0.0,0.0,0.0,"(495, 5818, 0)","(495.0, 5818.0, 0)"
2794,931,1,x3_x1,0.0,0.0,0.0,"(4855, 3571, 0)","(4855.0, 3571.0, 0)"
2795,931,2,x1_x1,-39280.047298620295,38164.5,1244445.7754590372,"(97, 5876, 270)","(97.0, 7379.0, 270)"
2796,932,0,x3_x1,0.0,0.0,0.0,"(1837, 4657, 0)","(1837.0, 4657.0, 0)"
2797,932,1,x2_x1,0.0,0.0,0.0,"(762, 5722, 270)","(750.0, 5722.0, 270)"
2798,932,2,x1_x1,-43813.10607221367,42342.0,2164153.0757039213,"(4354, 3683, 180)","(4354.0, 3683.0, 180)"
2799,933,0,x3_x1,0.0,0.0,0.0,"(3621, 3442, 180)","(3621.0, 3442.0, 180)"
2800,933,1,x1_x1,0.0,0.0,0.0,"(3085, 3648, 90)","(3085.0, 4960.0, 90)"
2801,933,2,x2_x1,-32932.97457140054,31712.0,1490778.9040067378,"(4895, 3137, 0)","(4895.0, 3137.0, 0)"
2802,934,0,x3_x1,0.0,0.0,0.0,"(3959, 1575, 180)","(3959.0, 1575.0, 180)"
2803,934,1,x2_x1,0.0,0.0,0.0,"(1704, 5015, 0)","(1704.0, 5015.0, 0)"
2804,934,2,x1_x1,-40334.43558623853,39214.5,1254255.7173234315,"(1425, 5887, 90)","(1425.0, 6576.0, 90)"
2805,935,0,x3_x1,0.0,0.0,0.0,"(5201, 179, 0)","(5201.0, 179.0, 0)"
2806,935,1,x2_x1,0.0,0.0,0.0,"(3363, 3792, 0)","(3363.0, 3792.0, 0)"
2807,935,2,x1_x1,-47625.84316360975,46122.0,2261544.2607357944,"(365, 903, 180)","(365.0, 903.0, 180)"
2808,936,0,x2_x1,0.0,0.0,0.0,"(2500, 5838, 90)","(2500.0, 5838.0, 90)"
2809,936,1,x1_x1,0.0,0.0,0.0,"(1896, 3047, 0)","(1896.0, 3047.0, 0)"
2810,936,2,x3_x1,-35852.66451005131,34662.5,1416491.5609856816,"(2991, 1153, 0)","(3392.0, 1153.0, 0)"
2811,937,0,x1_x1,0.0,0.0,0.0,"(1446, 2907, 270)","(88.0, 2907.0, 270)"
2812,937,1,x3_x1,0.0,0.0,0.0,"(2441, 2936, 270)","(2441.0, 2936.0, 270)"
2813,937,2,x2_x1,-51376.308458708336,49687.5,2852074.010204815,"(4922, 538, 0)","(4922.0, 538.0, 0)"
2814,938,0,x2_x1,0.0,0.0,0.0,"(3226, 4343, 270)","(3226.0, 4343.0, 270)"
2815,938,1,x1_x1,0.0,0.0,0.0,"(2197, 334, 180)","(2197.0, 334.0, 180)"
2816,938,2,x3_x1,-45944.4560040448,44575.0,1875409.7470143456,"(5935, 854, 90)","(5935.0, 854.0, 90)"
2817,939,0,x3_x1,0.0,0.0,0.0,"(4397, 2015, 0)","(4733.0, 2015.0, 0)"
2818,939,1,x2_x1,0.0,0.0,0.0,"(3026, 1025, 270)","(1549.0, 1025.0, 270)"
2819,939,2,x1_x1,-28780.071190746727,27813.0,935226.6879722907,"(3110, 1380, 180)","(3110.0, 1380.0, 180)"
2820,940,0,x2_x1,0.0,0.0,0.0,"(2201, 5360, 0)","(1402.0, 5360.0, 0)"
2821,940,1,x3_x1,0.0,0.0,0.0,"(5642, 3352, 180)","(5642.0, 3352.0, 180)"
2822,940,2,x1_x1,-36691.987405633176,35558.0,1285927.4361346564,"(3147, 5647, 180)","(3147.0, 5647.0, 180)"
2823,941,0,x2_x1,0.0,0.0,0.0,"(436, 3573, 0)","(436.0, 3924.0, 0)"
2824,941,1,x3_x1,0.0,0.0,0.0,"(2104, 1629, 180)","(2104.0, 718.0, 180)"
2825,941,2,x1_x1,-31355.569747797053,30286.0,1143979.4454026502,"(1379, 2363, 270)","(1379.0, 2363.0, 270)"
2826,942,0,x2_x1,0.0,0.0,0.0,"(525, 766, 0)","(-1056.0, 766.0, 0)"
2827,942,1,x3_x1,0.0,0.0,0.0,"(5761, 829, 180)","(5761.0, 829.0, 180)"
2828,942,2,x1_x1,-40339.54553967919,39151.0,1412640.4998912958,"(689, 59, 180)","(689.0, 59.0, 180)"
2829,943,0,x3_x1,0.0,0.0,0.0,"(1239, 803, 0)","(1239.0, 803.0, 0)"
2830,943,1,x1_x1,0.0,0.0,0.0,"(3147, 2402, 0)","(4254.0, 2402.0, 0)"
2831,943,2,x2_x1,-27387.512426632242,26465.0,851029.1772909065,"(2382, 2076, 0)","(2382.0, 2076.0, 0)"
2832,944,0,x2_x1,0.0,0.0,0.0,"(1829, 5464, 0)","(817.0, 5464.0, 0)"
2833,944,1,x1_x1,0.0,0.0,0.0,"(3397, 4805, 90)","(3397.0, 4805.0, 90)"
2834,944,2,x3_x1,-28359.61699450996,27290.5,1143011.147950008,"(2271, 5955, 90)","(2271.0, 6428.0, 90)"
2835,945,0,x3_x1,0.0,0.0,0.0,"(195, 4705, 180)","(195.0, 4705.0, 180)"
2836,945,1,x1_x1,0.0,0.0,0.0,"(569, 839, 180)","(569.0, 839.0, 180)"
2837,945,2,x2_x1,-35131.84706906144,33987.5,1309530.214469504,"(1880, 71, 0)","(2441.0, 71.0, 0)"
2838,946,0,x2_x1,0.0,0.0,0.0,"(141, 2212, 270)","(141.0, 2212.0, 270)"
2839,946,1,x1_x1,0.0,0.0,0.0,"(5867, 466, 270)","(6170.0, 466.0, 270)"
2840,946,2,x3_x1,-58006.59485163375,56253.0,3075094.903676412,"(3966, 877, 180)","(3966.0, 877.0, 180)"
2841,947,0,x2_x1,0.0,0.0,0.0,"(3604, 623, 180)","(4231.0, -361.0, 180)"
2842,947,1,x1_x1,0.0,0.0,0.0,"(2359, 2383, 180)","(2359.0, 2383.0, 180)"
2843,947,2,x3_x1,-35082.05777551949,33803.5,1634709.9853413554,"(3337, 875, 180)","(3982.0, 875.0, 180)"
2844,948,0,x3_x1,0.0,0.0,0.0,"(1464, 3642, 180)","(1464.0, 3642.0, 180)"
2845,948,1,x2_x1,0.0,0.0,0.0,"(3705, 639, 0)","(3705.0, 639.0, 0)"
2846,948,2,x1_x1,-54796.35088370483,53178.5,2617441.481904489,"(5042, 5969, 0)","(5042.0, 5969.0, 0)"
2847,949,0,x1_x1,0.0,0.0,0.0,"(5843, 4281, 270)","(5843.0, 4281.0, 270)"
2848,949,1,x3_x1,0.0,0.0,0.0,"(3263, 4445, 90)","(3263.0, 4445.0, 90)"
2849,949,2,x2_x1,-40665.33511461892,39330.5,1781784.7832197212,"(1587, 3186, 180)","(1587.0, 3186.0, 180)"
2850,950,0,x3_x1,0.0,0.0,0.0,"(1688, 868, 90)","(1688.0, 868.0, 90)"
2851,950,1,x1_x1,0.0,0.0,0.0,"(383, 520, 90)","(-538.0, 520.0, 90)"
2852,950,2,x2_x1,-52179.197359694925,50546.0,2667333.6157144713,"(4872, 2375, 270)","(4872.0, 2375.0, 270)"
2853,951,0,x3_x1,0.0,0.0,0.0,"(4045, 3058, 90)","(4045.0, 4069.0, 90)"
2854,951,1,x1_x1,0.0,0.0,0.0,"(5168, 1294, 270)","(5168.0, 1294.0, 270)"
2855,951,2,x2_x1,-31746.711560976746,30642.0,1220387.632955679,"(3791, 2748, 180)","(3791.0, 2855.0, 180)"
2856,952,0,x1_x1,0.0,0.0,0.0,"(2532, 2432, 0)","(2532.0, 2432.0, 0)"
2857,952,1,x3_x1,0.0,0.0,0.0,"(4876, 2719, 0)","(4876.0, 2719.0, 0)"
2858,952,2,x2_x1,-29694.300713748864,28729.5,930840.4172503145,"(1783, 2506, 90)","(844.0, 2506.0, 90)"
2859,953,0,x3_x1,0.0,0.0,0.0,"(2674, 5593, 180)","(2674.0, 5637.0, 180)"
2860,953,1,x2_x1,0.0,0.0,0.0,"(1048, 349, 180)","(1048.0, 349.0, 180)"
2861,953,2,x1_x1,-42975.59262164119,41672.0,1699353.7231973438,"(1454, 3992, 90)","(1454.0, 3992.0, 90)"
2862,954,0,x2_x1,0.0,0.0,0.0,"(5741, 5774, 180)","(5741.0, 5774.0, 180)"
2863,954,1,x3_x1,0.0,0.0,0.0,"(5757, 2443, 90)","(5757.0, 2443.0, 90)"
2864,954,2,x1_x1,-48531.54654252519,46875.0,2744146.4475521534,"(2880, 2211, 90)","(2880.0, 2211.0, 90)"
2865,955,0,x3_x1,0.0,0.0,0.0,"(392, 2673, 90)","(392.0, 2673.0, 90)"
2866,955,1,x1_x1,0.0,0.0,0.0,"(1776, 5253, 270)","(1776.0, 5253.0, 270)"
2867,955,2,x2_x1,-53849.71266475756,52137.0,2933384.672020935,"(4735, 816, 0)","(4735.0, 816.0, 0)"
2868,956,0,x2_x1,0.0,0.0,0.0,"(5939, 3473, 270)","(5939.0, 3473.0, 270)"
2869,956,1,x1_x1,0.0,0.0,0.0,"(5259, 5099, 90)","(5259.0, 5345.0, 90)"
2870,956,2,x3_x1,-44693.837767624565,43404.5,1662391.879023107,"(2211, 365, 180)","(2211.0, 365.0, 180)"
2871,957,0,x2_x1,0.0,0.0,0.0,"(1231, 1170, 0)","(1231.0, -290.0, 0)"
2872,957,1,x3_x1,0.0,0.0,0.0,"(3172, 1180, 90)","(3714.0, 1180.0, 90)"
2873,957,2,x1_x1,-26617.584877847366,25655.0,926569.6470604319,"(1361, 1398, 270)","(1361.0, 1398.0, 270)"
2874,958,0,x1_x1,0.0,0.0,0.0,"(5341, 2479, 0)","(5341.0, 2479.0, 0)"
2875,958,1,x3_x1,0.0,0.0,0.0,"(3580, 3486, 270)","(2487.0, 3486.0, 270)"
2876,958,2,x2_x1,-29378.57589558483,28327.5,1104760.5382794458,"(3596, 3490, 270)","(3596.0, 3490.0, 270)"
2877,959,0,x3_x1,0.0,0.0,0.0,"(2837, 5319, 90)","(2837.0, 5319.0, 90)"
2878,959,1,x1_x1,0.0,0.0,0.0,"(780, 2303, 90)","(780.0, 2303.0, 90)"
2879,959,2,x2_x1,-51341.526486283685,49654.0,2847745.6419089613,"(4900, 5482, 180)","(4900.0, 5482.0, 180)"
2880,960,0,x3_x1,0.0,0.0,0.0,"(3462, 5507, 0)","(3462.0, 5507.0, 0)"
2881,960,1,x2_x1,0.0,0.0,0.0,"(1130, 2162, 270)","(1130.0, 2162.0, 270)"
2882,960,2,x1_x1,-45499.640950971094,44212.5,1656731.8276667737,"(5054, 2272, 270)","(5054.0, 2272.0, 270)"
2883,961,0,x1_x1,0.0,0.0,0.0,"(3292, 991, 270)","(3292.0, 103.0, 270)"
2884,961,1,x2_x1,0.0,0.0,0.0,"(2829, 1791, 0)","(2829.0, 1791.0, 0)"
2885,961,2,x3_x1,-31946.44833967396,30974.0,945655.7733346414,"(3742, 3941, 270)","(3742.0, 3941.0, 270)"
2886,962,0,x1_x1,0.0,0.0,0.0,"(2422, 3101, 270)","(2422.0, 3101.0, 270)"
2887,962,1,x3_x1,0.0,0.0,0.0,"(1869, 1845, 270)","(1869.0, 1478.0, 270)"
2888,962,2,x2_x1,-29380.635275552097,28342.0,1078763.2356211797,"(2372, 3818, 90)","(2372.0, 4846.0, 90)"
2889,963,0,x1_x1,0.0,0.0,0.0,"(3733, 5241, 270)","(3733.0, 5961.0, 270)"
2890,963,1,x2_x1,0.0,0.0,0.0,"(2628, 4273, 180)","(2628.0, 4273.0, 180)"
2891,963,2,x3_x1,-32331.74653791598,31249.0,1172340.0653690423,"(124, 4447, 180)","(124.0, 4447.0, 180)"
2892,964,0,x1_x1,0.0,0.0,0.0,"(4712, 3713, 90)","(4712.0, 4829.0, 90)"
2893,964,1,x3_x1,0.0,0.0,0.0,"(1203, 1191, 180)","(1203.0, 1191.0, 180)"
2894,964,2,x2_x1,-39982.92068821784,38795.5,1409967.8908077336,"(3685, 3268, 0)","(3685.0, 3268.0, 0)"
2895,965,0,x1_x1,0.0,0.0,0.0,"(5480, 876, 180)","(6768.0, 876.0, 180)"
2896,965,1,x2_x1,0.0,0.0,0.0,"(5023, 1591, 180)","(5023.0, 1591.0, 180)"
2897,965,2,x3_x1,-32076.142568102903,31098.0,956762.8835349393,"(2619, 959, 180)","(2619.0, 959.0, 180)"
2898,966,0,x1_x1,0.0,0.0,0.0,"(258, 2241, 270)","(258.0, 2241.0, 270)"
2899,966,1,x3_x1,0.0,0.0,0.0,"(204, 5703, 0)","(204.0, 5703.0, 0)"
2900,966,2,x2_x1,-40299.11031493101,38937.5,1853982.6497265182,"(2345, 4712, 270)","(2345.0, 4712.0, 270)"
2901,967,0,x1_x1,0.0,0.0,0.0,"(2985, 5185, 180)","(2985.0, 5185.0, 180)"
2902,967,1,x3_x1,0.0,0.0,0.0,"(4529, 4367, 180)","(4608.0, 4367.0, 180)"
2903,967,2,x2_x1,-30823.01950880954,29663.5,1344485.491309913,"(4552, 3798, 180)","(4857.0, 3131.0, 180)"
2904,968,0,x3_x1,0.0,0.0,0.0,"(890, 984, 180)","(890.0, 984.0, 180)"
2905,968,1,x1_x1,0.0,0.0,0.0,"(356, 1356, 270)","(356.0, 2502.0, 270)"
2906,968,2,x2_x1,-36040.566901591155,34751.0,1662982.793679421,"(3527, 797, 90)","(3527.0, 797.0, 90)"
2907,969,0,x1_x1,0.0,0.0,0.0,"(691, 1241, 270)","(691.0, 1241.0, 270)"
2908,969,1,x3_x1,0.0,0.0,0.0,"(5112, 1132, 270)","(5112.0, 1132.0, 270)"
2909,969,2,x2_x1,-43475.116880288675,41979.0,2238365.719484718,"(5101, 2211, 0)","(5101.0, 2346.0, 0)"
2910,970,0,x3_x1,0.0,0.0,0.0,"(1676, 1367, 0)","(538.0, 1367.0, 0)"
2911,970,1,x1_x1,0.0,0.0,0.0,"(2161, 617, 0)","(2161.0, 617.0, 0)"
2912,970,2,x2_x1,-31373.322877947976,30242.5,1278760.3812905408,"(3019, 1688, 180)","(3906.0, 1688.0, 180)"
2913,971,0,x3_x1,0.0,0.0,0.0,"(1098, 3982, 90)","(1098.0, 3982.0, 90)"
2914,971,1,x2_x1,0.0,0.0,0.0,"(1820, 5876, 270)","(1820.0, 5876.0, 270)"
2915,971,2,x1_x1,-35789.35554903189,34526.0,1596067.2432696663,"(875, 2670, 90)","(875.0, 2359.0, 90)"
2916,972,0,x2_x1,0.0,0.0,0.0,"(4042, 592, 180)","(4042.0, 592.0, 180)"
2917,972,1,x1_x1,0.0,0.0,0.0,"(3749, 4696, 180)","(3749.0, 4696.0, 180)"
2918,972,2,x3_x1,-47876.78825648055,46561.0,1731298.735892119,"(66, 1146, 270)","(66.0, 1146.0, 270)"
2919,973,0,x2_x1,0.0,0.0,0.0,"(1222, 1379, 180)","(1222.0, 1379.0, 180)"
2920,973,1,x1_x1,0.0,0.0,0.0,"(3626, 3099, 270)","(3626.0, 3099.0, 270)"
2921,973,2,x3_x1,-37554.105189566355,36300.5,1571525.9713076993,"(4112, 4035, 180)","(4112.0, 4617.0, 180)"
2922,974,0,x3_x1,0.0,0.0,0.0,"(2267, 72, 180)","(2267.0, 72.0, 180)"
2923,974,1,x1_x1,0.0,0.0,0.0,"(785, 1311, 0)","(644.0, 1311.0, 0)"
2924,974,2,x2_x1,-38891.24848226035,37630.0,1590747.7340040435,"(4364, 982, 270)","(4364.0, 982.0, 270)"
2925,975,0,x2_x1,0.0,0.0,0.0,"(3993, 2348, 180)","(3993.0, 2348.0, 180)"
2926,975,1,x3_x1,0.0,0.0,0.0,"(1062, 77, 90)","(1062.0, 77.0, 90)"
2927,975,2,x1_x1,-40405.06719836723,39142.5,1594075.9303928758,"(2385, 4407, 90)","(2385.0, 4407.0, 90)"
2928,976,0,x2_x1,0.0,0.0,0.0,"(4590, 4700, 180)","(4590.0, 4700.0, 180)"
2929,976,1,x3_x1,0.0,0.0,0.0,"(5292, 3068, 0)","(5292.0, 3068.0, 0)"
2930,976,2,x1_x1,-37990.57060497822,36687.5,1697993.0015583024,"(5294, 1129, 180)","(5294.0, 842.0, 180)"
2931,977,0,x1_x1,0.0,0.0,0.0,"(4681, 5402, 180)","(4681.0, 5402.0, 180)"
2932,977,1,x3_x1,0.0,0.0,0.0,"(2963, 4688, 180)","(2963.0, 4688.0, 180)"
2933,977,2,x2_x1,-30841.768277861094,29803.5,1078001.0168126437,"(4963, 3515, 180)","(4963.0, 3006.0, 180)"
2934,978,0,x1_x1,0.0,0.0,0.0,"(1129, 4069, 0)","(1129.0, 4069.0, 0)"
2935,978,1,x2_x1,0.0,0.0,0.0,"(3123, 4184, 0)","(3123.0, 4184.0, 0)"
2936,978,2,x3_x1,-33469.67762027028,32450.5,1038723.0216597938,"(116, 1279, 0)","(116.0, 1279.0, 0)"
2937,979,0,x1_x1,0.0,0.0,0.0,"(1412, 2056, 270)","(1412.0, 2056.0, 270)"
2938,979,1,x3_x1,0.0,0.0,0.0,"(2285, 1756, 0)","(2285.0, 411.0, 0)"
2939,979,2,x2_x1,-29590.302702135185,28536.0,1111554.1877295496,"(1621, 3479, 180)","(1621.0, 3617.0, 180)"
2940,980,0,x1_x1,0.0,0.0,0.0,"(771, 4759, 90)","(771.0, 4759.0, 90)"
2941,980,1,x3_x1,0.0,0.0,0.0,"(5117, 2709, 270)","(5117.0, 2709.0, 270)"
2942,980,2,x2_x1,-56479.40582137545,54677.0,3248666.744928098,"(4974, 1948, 180)","(4974.0, 1622.0, 180)"
2943,981,0,x2_x1,0.0,0.0,0.0,"(829, 5032, 270)","(829.0, 5032.0, 270)"
2944,981,1,x3_x1,0.0,0.0,0.0,"(5382, 5177, 90)","(5382.0, 5928.0, 90)"
2945,981,2,x1_x1,-48927.1491472489,47440.0,2211612.586163134,"(5568, 3597, 180)","(5568.0, 3597.0, 180)"
2946,982,0,x3_x1,0.0,0.0,0.0,"(5540, 4467, 180)","(5540.0, 4467.0, 180)"
2947,982,1,x1_x1,0.0,0.0,0.0,"(5117, 1007, 270)","(5117.0, 1007.0, 270)"
2948,982,2,x2_x1,-55930.12281495411,54160.5,3131564.9072061107,"(1007, 4209, 180)","(1007.0, 4209.0, 180)"
2949,983,0,x2_x1,0.0,0.0,0.0,"(2708, 4894, 270)","(2708.0, 4894.0, 270)"
2950,983,1,x3_x1,0.0,0.0,0.0,"(5146, 1091, 180)","(5146.0, 1091.0, 180)"
2951,983,2,x1_x1,-37692.35890096549,36525.0,1362726.8036633525,"(2460, 2410, 90)","(2460.0, 2410.0, 90)"
2952,984,0,x2_x1,0.0,0.0,0.0,"(3948, 1486, 180)","(3948.0, 1486.0, 180)"
2953,984,1,x1_x1,0.0,0.0,0.0,"(591, 4811, 180)","(591.0, 4811.0, 180)"
2954,984,2,x3_x1,-51141.231367005166,49500.0,2693640.4000416556,"(3084, 725, 90)","(3084.0, 399.0, 90)"
2955,985,0,x2_x1,0.0,0.0,0.0,"(2150, 810, 90)","(2150.0, 810.0, 90)"
2956,985,1,x3_x1,0.0,0.0,0.0,"(4037, 5739, 180)","(4037.0, 5739.0, 180)"
2957,985,2,x1_x1,-50059.71438270695,48631.0,2041224.7873537038,"(5878, 2152, 270)","(5878.0, 2152.0, 270)"
2958,986,0,x1_x1,0.0,0.0,0.0,"(4155, 1331, 180)","(4155.0, 1331.0, 180)"
2959,986,1,x2_x1,0.0,0.0,0.0,"(2101, 990, 270)","(2101.0, 990.0, 270)"
2960,986,2,x3_x1,-37116.90145225113,36024.0,1194433.5843326212,"(932, 4207, 270)","(932.0, 4207.0, 270)"
2961,987,0,x2_x1,0.0,0.0,0.0,"(2531, 999, 0)","(2531.0, 255.0, 0)"
2962,987,1,x1_x1,0.0,0.0,0.0,"(2195, 2651, 0)","(2195.0, 2651.0, 0)"
2963,987,2,x3_x1,-35517.241700697676,34423.0,1197364.8995457448,"(5667, 1844, 180)","(5667.0, 1844.0, 180)"
2964,988,0,x1_x1,0.0,0.0,0.0,"(968, 2305, 180)","(968.0, 2305.0, 180)"
2965,988,1,x3_x1,0.0,0.0,0.0,"(367, 5787, 180)","(367.0, 5787.0, 180)"
2966,988,2,x2_x1,-55299.69428455286,53651.5,2716544.3996327203,"(5963, 4585, 180)","(5963.0, 4585.0, 180)"
2967,989,0,x3_x1,0.0,0.0,0.0,"(510, 65, 180)","(510.0, 65.0, 180)"
2968,989,1,x2_x1,0.0,0.0,0.0,"(1636, 2313, 0)","(1636.0, 2313.0, 0)"
2969,989,2,x1_x1,-31581.46963266307,30518.5,1129904.4399638632,"(697, 3263, 180)","(-109.0, 3263.0, 180)"
2970,990,0,x2_x1,0.0,0.0,0.0,"(891, 287, 180)","(891.0, 287.0, 180)"
2971,990,1,x3_x1,0.0,0.0,0.0,"(4131, 3986, 180)","(4131.0, 3986.0, 180)"
2972,990,2,x1_x1,-53354.71919375148,51701.5,2733133.7025883025,"(3329, 5033, 180)","(2508.0, 5033.0, 180)"
2973,991,0,x1_x1,0.0,0.0,0.0,"(49, 2749, 90)","(49.0, 2749.0, 90)"
2974,991,1,x3_x1,0.0,0.0,0.0,"(3064, 3602, 0)","(3064.0, 3602.0, 0)"
2975,991,2,x2_x1,-43334.17448397978,41829.5,2264045.30273983,"(3951, 4414, 180)","(3951.0, 4838.0, 180)"
2976,992,0,x3_x1,0.0,0.0,0.0,"(1000, 1373, 270)","(1000.0, 1498.0, 270)"
2977,992,1,x1_x1,0.0,0.0,0.0,"(1517, 2, 270)","(1517.0, 2.0, 270)"
2978,992,2,x2_x1,-50957.0734683624,49283.0,2802521.9774749377,"(5617, 2705, 180)","(5617.0, 2705.0, 180)"
2979,993,0,x1_x1,0.0,0.0,0.0,"(2371, 5214, 180)","(2371.0, 5214.0, 180)"
2980,993,1,x2_x1,0.0,0.0,0.0,"(2465, 2568, 0)","(2465.0, 2568.0, 0)"
2981,993,2,x3_x1,-41556.20414948563,40341.0,1476721.1249271021,"(5508, 683, 180)","(5508.0, 683.0, 180)"
2982,994,0,x3_x1,0.0,0.0,0.0,"(885, 2771, 0)","(885.0, 2771.0, 0)"
2983,994,1,x1_x1,0.0,0.0,0.0,"(3432, 5298, 180)","(3432.0, 5298.0, 180)"
2984,994,2,x2_x1,-38454.93753634626,37305.0,1322356.3374981137,"(400, 5870, 180)","(400.0, 5870.0, 180)"
2985,995,0,x1_x1,0.0,0.0,0.0,"(3731, 5319, 180)","(3731.0, 5319.0, 180)"
2986,995,1,x3_x1,0.0,0.0,0.0,"(224, 5322, 180)","(224.0, 5322.0, 180)"
2987,995,2,x2_x1,-46181.31839281884,44920.0,1590924.088063094,"(3907, 1297, 90)","(3907.0, 1297.0, 90)"
2988,996,0,x2_x1,0.0,0.0,0.0,"(942, 4006, 180)","(942.0, 3595.0, 180)"
2989,996,1,x3_x1,0.0,0.0,0.0,"(2704, 5539, 180)","(2704.0, 6801.0, 180)"
2990,996,2,x1_x1,-31898.874120716155,30762.5,1291346.142233414,"(2265, 5156, 90)","(2265.0, 5156.0, 90)"
2991,997,0,x1_x1,0.0,0.0,0.0,"(2896, 4282, 180)","(2896.0, 4282.0, 180)"
2992,997,1,x3_x1,0.0,0.0,0.0,"(4774, 770, 90)","(4774.0, 770.0, 90)"
2993,997,2,x2_x1,-39155.05369041709,37981.5,1377228.2642915635,"(2288, 4879, 270)","(1335.0, 4879.0, 270)"
2994,998,0,x2_x1,0.0,0.0,0.0,"(4536, 4319, 0)","(4536.0, 4319.0, 0)"
2995,998,1,x1_x1,0.0,0.0,0.0,"(2884, 792, 90)","(2884.0, 792.0, 90)"
2996,998,2,x3_x1,-39106.081159905094,37758.5,1815974.98253116,"(4547, 2421, 0)","(4547.0, 2421.0, 0)"
2997,999,0,x3_x1,0.0,0.0,0.0,"(579, 3366, 180)","(579.0, 3366.0, 180)"
2998,999,1,x1_x1,0.0,0.0,0.0,"(3111, 2477, 270)","(3111.0, 2018.0, 270)"
2999,999,2,x2_x1,-30494.994299075533,29512.0,966277.7920149963,"(2709, 3763, 270)","(2709.0, 3763.0, 270)"
